{"trialId":"48128_4","taskId":"sort","appEvents":[{"timestamp":"2022-11-09T21:17:08.817Z","name":"search","data":"search-start"},{"timestamp":"2022-11-09T21:17:10.033Z","name":"search","data":"search-done"},{"timestamp":"2022-11-09T21:18:53.389Z","name":"resize","data":{"height":906,"width":568}},{"timestamp":"2022-11-09T21:19:07.863Z","name":"resize","data":{"height":906,"width":502}},{"timestamp":"2022-11-09T21:19:11.845Z","name":"resize","data":{"height":906,"width":466}}],"searches":[{"keywords":["sort","array","of","objects","descending"],"context":{"tokens":[{"kind":"language","value":"javascript"}]},"timestamp":"2022-11-09T21:17:08.817Z","results":[{"signatures":[],"areSignaturesLoading":true,"title":"Sorting an array of objects by property values - Stack Overflow","url":"https://stackoverflow.com/questions/979256/sorting-an-array-of-objects-by-property-values","displayLink":"https://stackoverflow.com › questions › sorting-an-arra...","date":"33 answers","snippet":"Sort homes by price in ascending order: homes.sort(function(a, b) { return parseFloat(a.price) - parseFloat(b.price); });. Or after ES6 version:","snippetHighlightWords":["Sort","ascending","sort"]},{"signatures":[],"areSignaturesLoading":true,"title":"Sorting an array of objects on both ascending and descending ...","url":"https://stackoverflow.com/questions/56809727/sorting-an-array-of-objects-on-both-ascending-and-descending-order-on-same-click","displayLink":"https://stackoverflow.com › questions › sorting-an-arra...","date":"Jun 28, 2019","snippet":"Sorting an array of objects on both ascending and descending order on same click · reverse the > to < and create a variable that can store the ...","snippetHighlightWords":["Sorting","array of objects","ascending","descending","reverse"]},{"signatures":[],"areSignaturesLoading":true,"title":"JavaScript: Sort an array of objects by a numeric property in ...","url":"https://stackoverflow.com/questions/54623130/javascript-sort-an-array-of-objects-by-a-numeric-property-in-each-object","displayLink":"https://stackoverflow.com › questions › javascript-sort-a...","date":"Feb 11, 2019","snippet":"sort() method does two things, it changes the original array so that it is in sorted order, and it also returns a reference to your original ...","snippetHighlightWords":["sort","array","sorted"]},{"signatures":[],"areSignaturesLoading":true,"title":"Sort by object key in descending order on Javascript/underscore","url":"https://stackoverflow.com/questions/31553155/sort-by-object-key-in-descending-order-on-javascript-underscore","displayLink":"https://stackoverflow.com › questions › sort-by-object-...","date":"Jul 22, 2015","snippet":"I want to sort this array object by key in descending order. So the expected output will be following like the latest date will come first.","snippetHighlightWords":["sort","array object","descending"]},{"signatures":[],"areSignaturesLoading":true,"title":"Javascript: Sorting Objects (not arrays) in descending","url":"https://stackoverflow.com/questions/56996782/javascript-sorting-objects-not-arrays-in-descending","displayLink":"https://stackoverflow.com › questions › javascript-sortin...","date":"Jul 11, 2019","snippet":"Get an array of arrays from Object.entries() .reverse() it; Convert it into a Map ( Map() guarantees order according to how it was entered) ...","snippetHighlightWords":["array","arrays","Object","reverse"]},{"signatures":[],"areSignaturesLoading":true,"title":"Sort array of objects by string property value - Stack Overflow","url":"https://stackoverflow.com/questions/1129216/sort-array-of-objects-by-string-property-value","displayLink":"https://stackoverflow.com › questions › sort-array-of-o...","snippet":"Use JavaScript sort method ... The sort method can be modified to sort anything like an array of numbers, strings and even objects using a compare function. A ...","snippetHighlightWords":["JavaScript sort","sort","sort","array","objects"]},{"signatures":[],"areSignaturesLoading":true,"title":"sort array of objects with letters and numbers in descending ...","url":"https://stackoverflow.com/questions/49365109/sort-array-of-objects-with-letters-and-numbers-in-descending-order","displayLink":"https://stackoverflow.com › questions › sort-array-of-o...","snippet":"You can use array#sort with string#localeCompare with numeric property set to true . const data = [{\"map_name\": \"PHX7260.","snippetHighlightWords":["array#sort"],"extensions":["Mar 19, 2018","3 answers"]},{"signatures":[],"areSignaturesLoading":true,"title":"How do I sort array of objects in descending order based on ...","url":"https://stackoverflow.com/questions/72084911/how-do-i-sort-array-of-objects-in-descending-order-based-on-alphanumeric-value-i","displayLink":"https://stackoverflow.com › questions › how-do-i-sort-a...","snippet":"You need a custom comparer function that will use the value property of your objects to make a descending alphabetic sort on your ArrOfObj.","snippetHighlightWords":["objects","descending","sort"],"extensions":["May 2, 2022","1 answer"]},{"signatures":[],"areSignaturesLoading":true,"title":"JS sort array of objets by specific string property (not ...","url":"https://stackoverflow.com/questions/65687818/js-sort-array-of-objets-by-specific-string-property-not-ascending-or-descending","displayLink":"https://stackoverflow.com › questions › js-sort-array-of-...","snippet":"You could take an object with the wanted order and take a large value as default for sorting. const data = [{ name: \"strawberries\", ...","snippetHighlightWords":["object","sorting"],"extensions":["Jan 12, 2021","5 answers"]},{"signatures":[],"areSignaturesLoading":true,"title":"How can I sort a javascript array of objects numerically and ...","url":"https://stackoverflow.com/questions/12900058/how-can-i-sort-a-javascript-array-of-objects-numerically-and-then-alphabetically","displayLink":"https://stackoverflow.com › questions › how-can-i-sort-...","snippet":"items.sort(function(a, b) { return (a.id - b.id); ...","snippetHighlightWords":["sort"]}],"events":[{"timestamp":"2022-11-09T21:17:08.875Z","url":"https://stackoverflow.com/questions/979256/sorting-an-array-of-objects-by-property-values","component":"projection","action":"load","data":{"height":37,"width":527.5166625976562,"wc":19,"lc":1}},{"timestamp":"2022-11-09T21:17:08.875Z","url":"https://stackoverflow.com/questions/56809727/sorting-an-array-of-objects-on-both-ascending-and-descending-order-on-same-click","component":"projection","action":"load","data":{"height":37,"width":556.7333374023438,"wc":29,"lc":1}},{"timestamp":"2022-11-09T21:17:08.875Z","url":"https://stackoverflow.com/questions/54623130/javascript-sort-an-array-of-objects-by-a-numeric-property-in-each-object","component":"projection","action":"load","data":{"height":37,"width":552.6500244140625,"wc":27,"lc":1}},{"timestamp":"2022-11-09T21:17:08.875Z","url":"https://stackoverflow.com/questions/31553155/sort-by-object-key-in-descending-order-on-javascript-underscore","component":"projection","action":"load","data":{"height":37,"width":521.9666748046875,"wc":26,"lc":1}},{"timestamp":"2022-11-09T21:17:08.875Z","url":"https://stackoverflow.com/questions/56996782/javascript-sorting-objects-not-arrays-in-descending","component":"projection","action":"load","data":{"height":37,"width":564.9833374023438,"wc":25,"lc":1}},{"timestamp":"2022-11-09T21:17:08.875Z","url":"https://stackoverflow.com/questions/1129216/sort-array-of-objects-by-string-property-value","component":"projection","action":"load","data":{"height":37,"width":562.63330078125,"wc":29,"lc":1}},{"timestamp":"2022-11-09T21:17:08.875Z","url":"https://stackoverflow.com/questions/49365109/sort-array-of-objects-with-letters-and-numbers-in-descending-order","component":"projection","action":"load","data":{"height":37,"width":537.86669921875,"wc":18,"lc":1}},{"timestamp":"2022-11-09T21:17:08.875Z","url":"https://stackoverflow.com/questions/72084911/how-do-i-sort-array-of-objects-in-descending-order-based-on-alphanumeric-value-i","component":"projection","action":"load","data":{"height":37,"width":551.566650390625,"wc":24,"lc":1}},{"timestamp":"2022-11-09T21:17:08.875Z","url":"https://stackoverflow.com/questions/65687818/js-sort-array-of-objets-by-specific-string-property-not-ascending-or-descending","component":"projection","action":"load","data":{"height":37,"width":526.816650390625,"wc":25,"lc":1}},{"timestamp":"2022-11-09T21:17:08.875Z","url":"https://stackoverflow.com/questions/12900058/how-can-i-sort-a-javascript-array-of-objects-numerically-and-then-alphabetically","component":"projection","action":"load","data":{"height":15,"width":294.1166687011719,"wc":8,"lc":1}},{"timestamp":"2022-11-09T21:17:08.879Z","url":"https://stackoverflow.com/questions/56809727/sorting-an-array-of-objects-on-both-ascending-and-descending-order-on-same-click","component":"projection","action":"mouseenter"},{"timestamp":"2022-11-09T21:17:08.936Z","url":"https://stackoverflow.com/questions/56809727/sorting-an-array-of-objects-on-both-ascending-and-descending-order-on-same-click","component":"projection","action":"mouseleave"},{"timestamp":"2022-11-09T21:17:08.937Z","url":"https://stackoverflow.com/questions/979256/sorting-an-array-of-objects-by-property-values","component":"projection","action":"mouseenter"},{"timestamp":"2022-11-09T21:17:09.502Z","url":"https://stackoverflow.com/questions/979256/sorting-an-array-of-objects-by-property-values","component":"projection","action":"mouseleave"},{"timestamp":"2022-11-09T21:17:09.503Z","url":"https://stackoverflow.com/questions/56809727/sorting-an-array-of-objects-on-both-ascending-and-descending-order-on-same-click","component":"projection","action":"mouseenter"},{"timestamp":"2022-11-09T21:17:09.686Z","url":"https://stackoverflow.com/questions/56809727/sorting-an-array-of-objects-on-both-ascending-and-descending-order-on-same-click","component":"projection","action":"mouseleave"},{"timestamp":"2022-11-09T21:17:10.033Z","url":"https://stackoverflow.com/questions/979256/sorting-an-array-of-objects-by-property-values","component":"projection","action":"loaded","data":"projection 10 of 10"},{"timestamp":"2022-11-09T21:17:10.033Z","url":"https://stackoverflow.com/questions/56809727/sorting-an-array-of-objects-on-both-ascending-and-descending-order-on-same-click","component":"projection","action":"loaded","data":"projection 9 of 10"},{"timestamp":"2022-11-09T21:17:10.033Z","url":"https://stackoverflow.com/questions/54623130/javascript-sort-an-array-of-objects-by-a-numeric-property-in-each-object","component":"projection","action":"loaded","data":"projection 8 of 10"},{"timestamp":"2022-11-09T21:17:10.033Z","url":"https://stackoverflow.com/questions/31553155/sort-by-object-key-in-descending-order-on-javascript-underscore","component":"projection","action":"loaded","data":"projection 7 of 10"},{"timestamp":"2022-11-09T21:17:10.033Z","url":"https://stackoverflow.com/questions/56996782/javascript-sorting-objects-not-arrays-in-descending","component":"projection","action":"loaded","data":"projection 6 of 10"},{"timestamp":"2022-11-09T21:17:10.033Z","url":"https://stackoverflow.com/questions/1129216/sort-array-of-objects-by-string-property-value","component":"projection","action":"loaded","data":"projection 5 of 10"},{"timestamp":"2022-11-09T21:17:10.033Z","url":"https://stackoverflow.com/questions/49365109/sort-array-of-objects-with-letters-and-numbers-in-descending-order","component":"projection","action":"loaded","data":"projection 4 of 10"},{"timestamp":"2022-11-09T21:17:10.033Z","url":"https://stackoverflow.com/questions/72084911/how-do-i-sort-array-of-objects-in-descending-order-based-on-alphanumeric-value-i","component":"projection","action":"loaded","data":"projection 3 of 10"},{"timestamp":"2022-11-09T21:17:10.033Z","url":"https://stackoverflow.com/questions/65687818/js-sort-array-of-objets-by-specific-string-property-not-ascending-or-descending","component":"projection","action":"loaded","data":"projection 2 of 10"},{"timestamp":"2022-11-09T21:17:10.033Z","url":"https://stackoverflow.com/questions/12900058/how-can-i-sort-a-javascript-array-of-objects-numerically-and-then-alphabetically","component":"projection","action":"loaded","data":"projection 1 of 10"},{"timestamp":"2022-11-09T21:17:10.269Z","url":"https://stackoverflow.com/questions/979256/sorting-an-array-of-objects-by-property-values","component":"projection","action":"mouseenter"},{"timestamp":"2022-11-09T21:17:11.707Z","url":"https://stackoverflow.com/questions/979256/sorting-an-array-of-objects-by-property-values","component":"projection","action":"mouseleave"},{"timestamp":"2022-11-09T21:17:12.140Z","url":"https://stackoverflow.com/questions/979256/sorting-an-array-of-objects-by-property-values","component":"projection","action":"mouseenter"},{"timestamp":"2022-11-09T21:17:12.872Z","url":"https://stackoverflow.com/questions/979256/sorting-an-array-of-objects-by-property-values","component":"projection","action":"mouseleave"},{"timestamp":"2022-11-09T21:17:18.350Z","url":"https://stackoverflow.com/questions/56809727/sorting-an-array-of-objects-on-both-ascending-and-descending-order-on-same-click","component":"projection","action":"mouseenter"},{"timestamp":"2022-11-09T21:17:18.417Z","url":"https://stackoverflow.com/questions/56809727/sorting-an-array-of-objects-on-both-ascending-and-descending-order-on-same-click","component":"projection","action":"mouseleave"},{"timestamp":"2022-11-09T21:17:18.419Z","url":"https://stackoverflow.com/questions/979256/sorting-an-array-of-objects-by-property-values","component":"projection","action":"mouseenter"},{"timestamp":"2022-11-09T21:17:18.469Z","url":"https://stackoverflow.com/questions/979256/sorting-an-array-of-objects-by-property-values","component":"projection","action":"mouseleave"},{"timestamp":"2022-11-09T21:17:18.671Z","url":"https://stackoverflow.com/questions/979256/sorting-an-array-of-objects-by-property-values","component":"projection","action":"mouseenter"},{"timestamp":"2022-11-09T21:17:21.456Z","url":"https://stackoverflow.com/questions/979256/sorting-an-array-of-objects-by-property-values","component":"projection","action":"mouseleave"},{"timestamp":"2022-11-09T21:17:21.461Z","url":"https://stackoverflow.com/questions/31553155/sort-by-object-key-in-descending-order-on-javascript-underscore","component":"projection","action":"mouseenter"},{"timestamp":"2022-11-09T21:17:22.069Z","url":"https://stackoverflow.com/questions/31553155/sort-by-object-key-in-descending-order-on-javascript-underscore","component":"projection","action":"mouseleave"},{"timestamp":"2022-11-09T21:17:22.071Z","url":"https://stackoverflow.com/questions/979256/sorting-an-array-of-objects-by-property-values","component":"projection","action":"mouseenter"},{"timestamp":"2022-11-09T21:17:24.472Z","url":"https://stackoverflow.com/questions/979256/sorting-an-array-of-objects-by-property-values","component":"page","action":"open"},{"timestamp":"2022-11-09T21:17:24.587Z","url":"https://stackoverflow.com/questions/979256/sorting-an-array-of-objects-by-property-values","component":"projection","action":"mouseleave"},{"timestamp":"2022-11-09T21:17:25.699Z","url":"https://stackoverflow.com/questions/979256/sorting-an-array-of-objects-by-property-values","component":"page","action":"load"},{"timestamp":"2022-11-09T21:17:27.952Z","url":"https://stackoverflow.com/questions/979256/sorting-an-array-of-objects-by-property-values","component":"page","action":"scroll","data":{"viewport":{"x":0,"y":912,"height":846,"width":569},"document":{"height":29415,"width":569},"question":{"identifier":"979256","top":-801.7666625976562,"bottom":81.41668701171875,"right":553,"left":16,"width":537,"height":883.183349609375},"answers":[{"identifier":"979289","top":198.71665954589844,"bottom":1276.0999603271484,"right":553,"left":16,"width":537,"height":1077.38330078125},{"identifier":"979325","top":1276.0999755859375,"bottom":2443.38330078125,"right":553,"left":16,"width":537,"height":1167.2833251953125},{"identifier":"979278","top":2443.38330078125,"bottom":3056.6666259765625,"right":553,"left":16,"width":537,"height":613.2833251953125},{"identifier":"19970578","top":3056.666748046875,"bottom":3916.550048828125,"right":553,"left":16,"width":537,"height":859.88330078125},{"identifier":"40796335","top":3916.550048828125,"bottom":4917.633361816406,"right":553,"left":16,"width":537,"height":1001.0833129882812},{"identifier":"979295","top":4917.63330078125,"bottom":5405.9166259765625,"right":553,"left":16,"width":537,"height":488.2833251953125},{"identifier":"26762192","top":5405.91650390625,"bottom":7824.349853515625,"right":553,"left":16,"width":537,"height":2418.433349609375},{"identifier":"37440769","top":7824.35009765625,"bottom":8532.333435058594,"right":553,"left":16,"width":537,"height":707.9833374023438},{"identifier":"54346678","top":8532.3330078125,"bottom":8996.216339111328,"right":553,"left":16,"width":537,"height":463.8833312988281},{"identifier":"60641752","top":8996.216796875,"bottom":9481.100158691406,"right":553,"left":16,"width":537,"height":484.88336181640625},{"identifier":"45534960","top":9481.099609375,"bottom":10416.082946777344,"right":553,"left":16,"width":537,"height":934.9833374023438},{"identifier":"56594176","top":10416.0830078125,"bottom":10802.66635131836,"right":553,"left":16,"width":537,"height":386.5833435058594},{"identifier":"50652203","top":10802.6669921875,"bottom":11933.250366210938,"right":553,"left":16,"width":537,"height":1130.5833740234375},{"identifier":"21399152","top":11933.25,"bottom":12959.533325195312,"right":553,"left":16,"width":537,"height":1026.2833251953125},{"identifier":"20421221","top":12959.533203125,"bottom":14179.116577148438,"right":553,"left":16,"width":537,"height":1219.5833740234375},{"identifier":"979296","top":14179.1162109375,"bottom":14635.699523925781,"right":553,"left":16,"width":537,"height":456.58331298828125},{"identifier":"25624937","top":14635.7001953125,"bottom":15498.283569335938,"right":553,"left":16,"width":537,"height":862.5833740234375},{"identifier":"32773923","top":15498.283203125,"bottom":17013.966552734375,"right":553,"left":16,"width":537,"height":1515.683349609375},{"identifier":"38585024","top":17013.966796875,"bottom":17284.05014038086,"right":553,"left":16,"width":537,"height":270.0833435058594},{"identifier":"48662313","top":17284.05078125,"bottom":18180.63409423828,"right":553,"left":16,"width":537,"height":896.5833129882812},{"identifier":"66636162","top":18180.6328125,"bottom":19460.466186523438,"right":553,"left":16,"width":537,"height":1279.8333740234375},{"identifier":"30066050","top":19460.466796875,"bottom":19798.55014038086,"right":553,"left":16,"width":537,"height":338.0833435058594},{"identifier":"42100506","top":19798.55078125,"bottom":21021.834106445312,"right":553,"left":16,"width":537,"height":1223.2833251953125},{"identifier":"55088845","top":21021.833984375,"bottom":21850.917358398438,"right":553,"left":16,"width":537,"height":829.0833740234375},{"identifier":"72601832","top":21850.916015625,"bottom":22390.49932861328,"right":553,"left":16,"width":537,"height":539.5833129882812},{"identifier":"43635307","top":22390.5,"bottom":22824.58331298828,"right":553,"left":16,"width":537,"height":434.08331298828125},{"identifier":"49146133","top":22824.583984375,"bottom":23875.667358398438,"right":553,"left":16,"width":537,"height":1051.0833740234375},{"identifier":"26650562","top":23875.666015625,"bottom":24727.24932861328,"right":553,"left":16,"width":537,"height":851.5833129882812},{"identifier":"28247369","top":24727.25,"bottom":25077.33331298828,"right":553,"left":16,"width":537,"height":350.08331298828125},{"identifier":"36379158","top":25077.333984375,"bottom":26469.917358398438,"right":553,"left":16,"width":537,"height":1392.5833740234375}]}},{"timestamp":"2022-11-09T21:18:51.765Z","url":"https://stackoverflow.com/questions/979256/sorting-an-array-of-objects-by-property-values","component":"page","action":"scroll","data":{"viewport":{"x":0,"y":867.3333129882812,"height":846,"width":523},"document":{"height":29912,"width":523},"question":{"identifier":"979256","top":-757.0999755859375,"bottom":189.28338623046875,"right":507,"left":16,"width":491,"height":946.3833618164062},"answers":[{"identifier":"979289","top":306.58331298828125,"bottom":1420.3666381835938,"right":507,"left":16,"width":491,"height":1113.7833251953125},{"identifier":"979325","top":1420.36669921875,"bottom":2642.25,"right":507,"left":16,"width":491,"height":1221.88330078125},{"identifier":"979278","top":2642.25,"bottom":3273.7333374023438,"right":507,"left":16,"width":491,"height":631.4833374023438},{"identifier":"19970578","top":3273.7333984375,"bottom":4151.816711425781,"right":507,"left":16,"width":491,"height":878.0833129882812},{"identifier":"40796335","top":4151.81689453125,"bottom":5152.900207519531,"right":507,"left":16,"width":491,"height":1001.0833129882812},{"identifier":"979295","top":5152.89990234375,"bottom":5663.6832275390625,"right":507,"left":16,"width":491,"height":510.7833251953125},{"identifier":"26762192","top":5663.68310546875,"bottom":8123.81640625,"right":507,"left":16,"width":491,"height":2460.13330078125},{"identifier":"37440769","top":8123.81689453125,"bottom":8830.800231933594,"right":507,"left":16,"width":491,"height":706.9833374023438},{"identifier":"54346678","top":8830.7998046875,"bottom":9294.683135986328,"right":507,"left":16,"width":491,"height":463.8833312988281},{"identifier":"60641752","top":9294.68359375,"bottom":9820.266906738281,"right":507,"left":16,"width":491,"height":525.5833129882812},{"identifier":"45534960","top":9820.2666015625,"bottom":10755.249938964844,"right":507,"left":16,"width":491,"height":934.9833374023438},{"identifier":"56594176","top":10755.25,"bottom":11141.833312988281,"right":507,"left":16,"width":491,"height":386.58331298828125},{"identifier":"50652203","top":11141.8330078125,"bottom":12317.416381835938,"right":507,"left":16,"width":491,"height":1175.5833740234375},{"identifier":"21399152","top":12317.4169921875,"bottom":13361.900268554688,"right":507,"left":16,"width":491,"height":1044.4832763671875},{"identifier":"20421221","top":13361.900390625,"bottom":14603.983764648438,"right":507,"left":16,"width":491,"height":1242.0833740234375},{"identifier":"979296","top":14603.9833984375,"bottom":15083.066711425781,"right":507,"left":16,"width":491,"height":479.08331298828125},{"identifier":"25624937","top":15083.06640625,"bottom":15945.649719238281,"right":507,"left":16,"width":491,"height":862.5833129882812},{"identifier":"32773923","top":15945.650390625,"bottom":17479.53369140625,"right":507,"left":16,"width":491,"height":1533.88330078125},{"identifier":"38585024","top":17479.533203125,"bottom":17772.11651611328,"right":507,"left":16,"width":491,"height":292.58331298828125},{"identifier":"48662313","top":17772.1171875,"bottom":18668.70050048828,"right":507,"left":16,"width":491,"height":896.5833129882812},{"identifier":"66636162","top":18668.69921875,"bottom":19948.532592773438,"right":507,"left":16,"width":491,"height":1279.8333740234375},{"identifier":"30066050","top":19948.533203125,"bottom":20286.61651611328,"right":507,"left":16,"width":491,"height":338.08331298828125},{"identifier":"42100506","top":20286.6171875,"bottom":21550.6005859375,"right":507,"left":16,"width":491,"height":1263.9833984375},{"identifier":"55088845","top":21550.599609375,"bottom":22379.68292236328,"right":507,"left":16,"width":491,"height":829.0833129882812},{"identifier":"72601832","top":22379.68359375,"bottom":22919.26690673828,"right":507,"left":16,"width":491,"height":539.5833129882812},{"identifier":"43635307","top":22919.267578125,"bottom":23353.35092163086,"right":507,"left":16,"width":491,"height":434.0833435058594},{"identifier":"49146133","top":23353.349609375,"bottom":24404.432983398438,"right":507,"left":16,"width":491,"height":1051.0833740234375},{"identifier":"26650562","top":24404.43359375,"bottom":25256.01690673828,"right":507,"left":16,"width":491,"height":851.5833129882812},{"identifier":"28247369","top":25256.017578125,"bottom":25606.10092163086,"right":507,"left":16,"width":491,"height":350.0833435058594},{"identifier":"36379158","top":25606.099609375,"bottom":26998.682983398438,"right":507,"left":16,"width":491,"height":1392.5833740234375}]}},{"timestamp":"2022-11-09T21:19:10.854Z","url":"https://stackoverflow.com/questions/979256/sorting-an-array-of-objects-by-property-values","component":"page","action":"scroll","data":{"viewport":{"x":0,"y":898.183349609375,"height":846,"width":430},"document":{"height":31284,"width":430},"question":{"identifier":"979256","top":-757.0999755859375,"bottom":207.4833984375,"right":414,"left":16,"width":398,"height":964.5833740234375},"answers":[{"identifier":"979289","top":324.7833251953125,"bottom":1602.36669921875,"right":414,"left":16,"width":398,"height":1277.5833740234375},{"identifier":"979325","top":1602.36669921875,"bottom":2938.75,"right":414,"left":16,"width":398,"height":1336.38330078125},{"identifier":"979278","top":2938.75,"bottom":3606.63330078125,"right":414,"left":16,"width":398,"height":667.88330078125},{"identifier":"19970578","top":3606.63330078125,"bottom":4502.9166259765625,"right":414,"left":16,"width":398,"height":896.2833251953125},{"identifier":"40796335","top":4502.91650390625,"bottom":5548.9998779296875,"right":414,"left":16,"width":398,"height":1046.0833740234375},{"identifier":"979295","top":5549,"bottom":6082.2833251953125,"right":414,"left":16,"width":398,"height":533.2833251953125},{"identifier":"26762192","top":6082.283203125,"bottom":8664.5166015625,"right":414,"left":16,"width":398,"height":2582.2333984375},{"identifier":"37440769","top":8664.5166015625,"bottom":9469.799926757812,"right":414,"left":16,"width":398,"height":805.2833251953125},{"identifier":"54346678","top":9469.7998046875,"bottom":9974.383117675781,"right":414,"left":16,"width":398,"height":504.58331298828125},{"identifier":"60641752","top":9974.3837890625,"bottom":10536.367126464844,"right":414,"left":16,"width":398,"height":561.9833374023438},{"identifier":"45534960","top":10536.3662109375,"bottom":11493.849548339844,"right":414,"left":16,"width":398,"height":957.4833374023438},{"identifier":"56594176","top":11493.849609375,"bottom":11880.432922363281,"right":414,"left":16,"width":398,"height":386.58331298828125},{"identifier":"50652203","top":11880.43359375,"bottom":13213.516967773438,"right":414,"left":16,"width":398,"height":1333.0833740234375},{"identifier":"21399152","top":13213.5166015625,"bottom":14316.89990234375,"right":414,"left":16,"width":398,"height":1103.38330078125},{"identifier":"20421221","top":14316.900390625,"bottom":15603.983764648438,"right":414,"left":16,"width":398,"height":1287.0833740234375},{"identifier":"979296","top":15603.9833984375,"bottom":16083.066711425781,"right":414,"left":16,"width":398,"height":479.08331298828125},{"identifier":"25624937","top":16083.06640625,"bottom":16968.14971923828,"right":414,"left":16,"width":398,"height":885.0833129882812},{"identifier":"32773923","top":16968.150390625,"bottom":18569.53369140625,"right":414,"left":16,"width":398,"height":1601.38330078125},{"identifier":"38585024","top":18569.533203125,"bottom":18862.11651611328,"right":414,"left":16,"width":398,"height":292.58331298828125},{"identifier":"48662313","top":18862.1171875,"bottom":19758.70050048828,"right":414,"left":16,"width":398,"height":896.5833129882812},{"identifier":"66636162","top":19758.69921875,"bottom":21038.532592773438,"right":414,"left":16,"width":398,"height":1279.8333740234375},{"identifier":"30066050","top":21038.533203125,"bottom":21376.61651611328,"right":414,"left":16,"width":398,"height":338.08331298828125},{"identifier":"42100506","top":21376.6171875,"bottom":22703.800537109375,"right":414,"left":16,"width":398,"height":1327.183349609375},{"identifier":"55088845","top":22703.80078125,"bottom":23555.38409423828,"right":414,"left":16,"width":398,"height":851.5833129882812},{"identifier":"72601832","top":23555.3828125,"bottom":24094.96612548828,"right":414,"left":16,"width":398,"height":539.5833129882812},{"identifier":"43635307","top":24094.966796875,"bottom":24551.55014038086,"right":414,"left":16,"width":398,"height":456.5833435058594},{"identifier":"49146133","top":24551.55078125,"bottom":25602.634155273438,"right":414,"left":16,"width":398,"height":1051.0833740234375},{"identifier":"26650562","top":25602.6328125,"bottom":26454.21612548828,"right":414,"left":16,"width":398,"height":851.5833129882812},{"identifier":"28247369","top":26454.216796875,"bottom":26804.30014038086,"right":414,"left":16,"width":398,"height":350.0833435058594},{"identifier":"36379158","top":26804.30078125,"bottom":28241.884155273438,"right":414,"left":16,"width":398,"height":1437.5833740234375}]}},{"timestamp":"2022-11-09T21:19:41.242Z","url":"https://stackoverflow.com/questions/979256/sorting-an-array-of-objects-by-property-values","component":"page","action":"close"},{"timestamp":"2022-11-09T21:19:41.890Z","url":"https://stackoverflow.com/questions/979256/sorting-an-array-of-objects-by-property-values","component":"projection","action":"mouseenter"},{"timestamp":"2022-11-09T21:19:42.600Z","url":"https://stackoverflow.com/questions/979256/sorting-an-array-of-objects-by-property-values","component":"projection","action":"mouseleave"},{"timestamp":"2022-11-09T21:19:43.847Z","url":"https://stackoverflow.com/questions/979256/sorting-an-array-of-objects-by-property-values","component":"projection","action":"mouseenter"},{"timestamp":"2022-11-09T21:19:43.881Z","url":"https://stackoverflow.com/questions/979256/sorting-an-array-of-objects-by-property-values","component":"projection","action":"mouseleave"},{"timestamp":"2022-11-09T21:24:10.556Z","url":"https://stackoverflow.com/questions/54623130/javascript-sort-an-array-of-objects-by-a-numeric-property-in-each-object","component":"projection","action":"mouseenter"},{"timestamp":"2022-11-09T21:24:10.561Z","url":"https://stackoverflow.com/questions/54623130/javascript-sort-an-array-of-objects-by-a-numeric-property-in-each-object","component":"projection","action":"mouseleave"},{"timestamp":"2022-11-09T21:24:10.568Z","url":"https://stackoverflow.com/questions/54623130/javascript-sort-an-array-of-objects-by-a-numeric-property-in-each-object","component":"projection","action":"mouseenter"},{"timestamp":"2022-11-09T21:24:10.743Z","url":"https://stackoverflow.com/questions/54623130/javascript-sort-an-array-of-objects-by-a-numeric-property-in-each-object","component":"projection","action":"mouseleave"}]}]}