{"trialId":"48128_4","taskId":"serve","appEvents":[{"timestamp":"2022-11-09T21:52:03.227Z","name":"search","data":"search-start"},{"timestamp":"2022-11-09T21:52:07.380Z","name":"search","data":"search-done"},{"timestamp":"2022-11-09T21:57:00.076Z","name":"resize","data":{"height":878,"width":463}},{"timestamp":"2022-11-09T21:57:02.781Z","name":"resize","data":{"height":906,"width":463}}],"searches":[{"keywords":["serve","/static","route"],"context":{"tokens":[{"kind":"language","value":"javascript"}]},"timestamp":"2022-11-09T21:52:03.222Z","results":[{"signatures":[],"areSignaturesLoading":true,"title":"How to serve static files to different routes in Express?","snippet":"How to serve static files to different routes in Express? ; Try app.use('/public(/*)?', express.static(__dirname + '/public')) . Does that work?","url":"https://stackoverflow.com/questions/55853857/how-to-serve-static-files-to-different-routes-in-express","displayLink":"https://stackoverflow.com › questions › how-to-serve-st...","snippetHighlightWords":["serve static","routes","Express","express","static"],"date":"Apr 25, 2019"},{"signatures":[],"areSignaturesLoading":true,"title":"How Can I Serve Static Content Alongside Dynamic Routes in ...","snippet":"If you want to serve your static files at a certain root path, change the static middleware so that it checks for the root and then omits that ...","url":"https://stackoverflow.com/questions/65480042/how-can-i-serve-static-content-alongside-dynamic-routes-in-a-deno-oak-server","displayLink":"https://stackoverflow.com › questions › how-can-i-serv...","snippetHighlightWords":["serve","static","static"],"date":"Dec 28, 2020"},{"signatures":[],"areSignaturesLoading":true,"title":"Express serving static files and routing - Stack Overflow","snippet":"I am using express js My root path is ...","url":"https://stackoverflow.com/questions/42977068/express-serving-static-files-and-routing","displayLink":"https://stackoverflow.com › questions › express-serving...","snippetHighlightWords":["express js"],"date":"Mar 23, 2017"},{"signatures":[],"areSignaturesLoading":true,"title":"How to serve static files in ExpressJS on some paths and not ...","snippet":"Just defining the /files route before serving the static files might work: // Define `/files` route first app.use(\"/files\", function (req, ...","url":"https://stackoverflow.com/questions/65115458/how-to-serve-static-files-in-expressjs-on-some-paths-and-not-others","displayLink":"https://stackoverflow.com › questions › how-to-serve-st...","snippetHighlightWords":["route","serving","static","route"],"date":"Dec 2, 2020 2 answers"},{"signatures":[],"areSignaturesLoading":true,"title":"With Node/Express, how can I serve static files from React for ...","snippet":"It does work when I do the same thing through the server.js file with: app.use(express.static(path.join(__dirname,'portfolio ...","url":"https://stackoverflow.com/questions/60606176/with-node-express-how-can-i-serve-static-files-from-react-for-a-specific-route","displayLink":"https://stackoverflow.com › questions › with-node-expr...","snippetHighlightWords":["server","js","express","static"],"date":"Mar 9, 2020"},{"signatures":[],"areSignaturesLoading":true,"title":"Express, how to always serve static directory? - Stack Overflow","snippet":"However the problem for me is that the '/*' route only serves index.html, not any files it pulls in, e.g main.js. I basically need my app to ...","url":"https://stackoverflow.com/questions/61090344/express-how-to-always-serve-static-directory","displayLink":"https://stackoverflow.com › questions › express-how-to...","snippetHighlightWords":["route","serves","js"],"date":"Apr 7, 2020"},{"signatures":[],"areSignaturesLoading":true,"title":"Serve static files for sub routes inside a Express router","snippet":"You should use absolute path instead of relative path : For example, use \"/bundle.js\" instead of \"bundle.js\".","url":"https://stackoverflow.com/questions/42643898/serve-static-files-for-sub-routes-inside-a-express-router","displayLink":"https://stackoverflow.com › questions › serve-static-files...","snippetHighlightWords":["js","js"],"date":"3 answers"},{"signatures":[],"areSignaturesLoading":true,"title":"Serve Static Files on a Dynamic Route using Express","snippet":"Scroll way to the bottom of the middlware's page, and copy and paste the source code into your route. Hopefully from there, you can adapt it to ...","url":"https://stackoverflow.com/questions/11569181/serve-static-files-on-a-dynamic-route-using-express","displayLink":"https://stackoverflow.com › questions › serve-static-files...","snippetHighlightWords":["route"],"date":"Jul 19, 2012"},{"signatures":[],"areSignaturesLoading":true,"title":"Express routes to serve directory of static content","snippet":"yes but a whole directory of it to specific route path. – Ajay. Mar 27, 2020 at 1:59. Add a comment ...","url":"https://stackoverflow.com/questions/60878869/express-routes-to-serve-directory-of-static-content","displayLink":"https://stackoverflow.com › questions › express-routes-t...","snippetHighlightWords":["route"],"date":"Mar 27, 2020"},{"signatures":[],"areSignaturesLoading":true,"title":"Express.js Serving Static Files on Dynamic Route","snippet":"<img src=\"SampleImage.jpg\">. Will try to find the image in current route, which is in your case '/example/SampleImage.jpg', ...","url":"https://stackoverflow.com/questions/61330290/express-js-serving-static-files-on-dynamic-route","displayLink":"https://stackoverflow.com › questions › express-js-servi...","snippetHighlightWords":["route"],"date":"Apr 20, 2020 1 answer"}],"events":[{"timestamp":"2022-11-09T21:52:06.218Z","url":"https://stackoverflow.com/questions/55853857/how-to-serve-static-files-to-different-routes-in-express","component":"projection","action":"load","data":{"height":59,"width":414.6333312988281,"wc":20,"lc":1}},{"timestamp":"2022-11-09T21:52:06.218Z","url":"https://stackoverflow.com/questions/65480042/how-can-i-serve-static-content-alongside-dynamic-routes-in-a-deno-oak-server","component":"projection","action":"load","data":{"height":59,"width":436.6000061035156,"wc":29,"lc":1}},{"timestamp":"2022-11-09T21:52:06.218Z","url":"https://stackoverflow.com/questions/42977068/express-serving-static-files-and-routing","component":"projection","action":"load","data":{"height":15,"width":251.7166748046875,"wc":10,"lc":1}},{"timestamp":"2022-11-09T21:52:06.219Z","url":"https://stackoverflow.com/questions/65115458/how-to-serve-static-files-in-expressjs-on-some-paths-and-not-others","component":"projection","action":"load","data":{"height":59,"width":442.01666259765625,"wc":21,"lc":1}},{"timestamp":"2022-11-09T21:52:06.219Z","url":"https://stackoverflow.com/questions/60606176/with-node-express-how-can-i-serve-static-files-from-react-for-a-specific-route","component":"projection","action":"load","data":{"height":59,"width":412.7166748046875,"wc":16,"lc":1}},{"timestamp":"2022-11-09T21:52:06.219Z","url":"https://stackoverflow.com/questions/61090344/express-how-to-always-serve-static-directory","component":"projection","action":"load","data":{"height":59,"width":440.1000061035156,"wc":28,"lc":1}},{"timestamp":"2022-11-09T21:52:06.219Z","url":"https://stackoverflow.com/questions/42643898/serve-static-files-for-sub-routes-inside-a-express-router","component":"projection","action":"load","data":{"height":37,"width":451.20001220703125,"wc":17,"lc":1}},{"timestamp":"2022-11-09T21:52:06.219Z","url":"https://stackoverflow.com/questions/11569181/serve-static-files-on-a-dynamic-route-using-express","component":"projection","action":"load","data":{"height":59,"width":437.8666687011719,"wc":28,"lc":1}},{"timestamp":"2022-11-09T21:52:06.219Z","url":"https://stackoverflow.com/questions/60878869/express-routes-to-serve-directory-of-static-content","component":"projection","action":"load","data":{"height":37,"width":443.79998779296875,"wc":22,"lc":1}},{"timestamp":"2022-11-09T21:52:06.219Z","url":"https://stackoverflow.com/questions/61330290/express-js-serving-static-files-on-dynamic-route","component":"projection","action":"load","data":{"height":37,"width":431.183349609375,"wc":18,"lc":1}},{"timestamp":"2022-11-09T21:52:06.223Z","url":"https://stackoverflow.com/questions/42977068/express-serving-static-files-and-routing","component":"projection","action":"mouseenter"},{"timestamp":"2022-11-09T21:52:06.737Z","url":"https://stackoverflow.com/questions/42977068/express-serving-static-files-and-routing","component":"projection","action":"mouseleave"},{"timestamp":"2022-11-09T21:52:06.739Z","url":"https://stackoverflow.com/questions/65480042/how-can-i-serve-static-content-alongside-dynamic-routes-in-a-deno-oak-server","component":"projection","action":"mouseenter"},{"timestamp":"2022-11-09T21:52:06.786Z","url":"https://stackoverflow.com/questions/65480042/how-can-i-serve-static-content-alongside-dynamic-routes-in-a-deno-oak-server","component":"projection","action":"mouseleave"},{"timestamp":"2022-11-09T21:52:06.788Z","url":"https://stackoverflow.com/questions/55853857/how-to-serve-static-files-to-different-routes-in-express","component":"projection","action":"mouseenter"},{"timestamp":"2022-11-09T21:52:07.379Z","url":"https://stackoverflow.com/questions/55853857/how-to-serve-static-files-to-different-routes-in-express","component":"projection","action":"loaded","data":"projection 10 of 10"},{"timestamp":"2022-11-09T21:52:07.379Z","url":"https://stackoverflow.com/questions/65480042/how-can-i-serve-static-content-alongside-dynamic-routes-in-a-deno-oak-server","component":"projection","action":"loaded","data":"projection 9 of 10"},{"timestamp":"2022-11-09T21:52:07.380Z","url":"https://stackoverflow.com/questions/42977068/express-serving-static-files-and-routing","component":"projection","action":"loaded","data":"projection 8 of 10"},{"timestamp":"2022-11-09T21:52:07.380Z","url":"https://stackoverflow.com/questions/65115458/how-to-serve-static-files-in-expressjs-on-some-paths-and-not-others","component":"projection","action":"loaded","data":"projection 7 of 10"},{"timestamp":"2022-11-09T21:52:07.380Z","url":"https://stackoverflow.com/questions/60606176/with-node-express-how-can-i-serve-static-files-from-react-for-a-specific-route","component":"projection","action":"loaded","data":"projection 6 of 10"},{"timestamp":"2022-11-09T21:52:07.380Z","url":"https://stackoverflow.com/questions/61090344/express-how-to-always-serve-static-directory","component":"projection","action":"loaded","data":"projection 5 of 10"},{"timestamp":"2022-11-09T21:52:07.380Z","url":"https://stackoverflow.com/questions/42643898/serve-static-files-for-sub-routes-inside-a-express-router","component":"projection","action":"loaded","data":"projection 4 of 10"},{"timestamp":"2022-11-09T21:52:07.380Z","url":"https://stackoverflow.com/questions/11569181/serve-static-files-on-a-dynamic-route-using-express","component":"projection","action":"loaded","data":"projection 3 of 10"},{"timestamp":"2022-11-09T21:52:07.380Z","url":"https://stackoverflow.com/questions/60878869/express-routes-to-serve-directory-of-static-content","component":"projection","action":"loaded","data":"projection 2 of 10"},{"timestamp":"2022-11-09T21:52:07.380Z","url":"https://stackoverflow.com/questions/61330290/express-js-serving-static-files-on-dynamic-route","component":"projection","action":"loaded","data":"projection 1 of 10"},{"timestamp":"2022-11-09T21:52:11.754Z","url":"https://stackoverflow.com/questions/55853857/how-to-serve-static-files-to-different-routes-in-express","component":"page","action":"open"},{"timestamp":"2022-11-09T21:52:11.808Z","url":"https://stackoverflow.com/questions/55853857/how-to-serve-static-files-to-different-routes-in-express","component":"projection","action":"mouseleave"},{"timestamp":"2022-11-09T21:52:12.239Z","url":"https://stackoverflow.com/questions/55853857/how-to-serve-static-files-to-different-routes-in-express","component":"page","action":"load"}]}]}