{"id":"48128_4","conditions":[{"taskId":4,"taskName":"sort","enableFragments":false,"enableContext":true,"showContext":false,"provideSearchTerms":true,"sequence":3},{"taskId":3,"taskName":"clone","enableFragments":false,"enableContext":true,"showContext":false,"provideSearchTerms":true,"sequence":4},{"taskId":2,"taskName":"find","enableFragments":true,"enableContext":true,"showContext":true,"provideSearchTerms":true,"sequence":5},{"taskId":1,"taskName":"currency","enableFragments":true,"enableContext":true,"showContext":true,"provideSearchTerms":true,"sequence":6},{"taskId":5,"taskName":"recent","enableFragments":true,"enableContext":true,"showContext":true,"provideSearchTerms":false,"sequence":7},{"taskId":6,"taskName":"serve","enableFragments":false,"enableContext":false,"showContext":false,"provideSearchTerms":false,"sequence":8}],"activeTaskId":"serve","tasks":[{"id":"pre-study"},{"enableFragments":true,"enableContext":true,"showContext":true,"provideSearchTerms":true,"contextOverride":[{"source":"src/tutorial.js","name":"sumTradedShares","position":{"start":397,"end":545},"variables":[],"parameters":[{"source":"src/tutorial.js","name":"trades","position":{"start":429,"end":435},"type":{"name":"Trade[]"}}],"returnType":"number"}],"id":"tutorial","startTime":"2022-11-09T21:07:58.016Z","duration":479045,"timer":{"startTime":"2022-11-09T21:09:30.697Z","endTime":"2022-11-09T21:16:31.656Z"},"endTime":"2022-11-09T21:16:31.656Z"},{"enableFragments":true,"enableContext":true,"showContext":true,"contextOverride":[{"source":"src/currency.js","name":"printCurrency","position":{"start":593,"end":782},"variables":[],"parameters":[{"source":"src/currency.js","name":"amount","position":{"start":623,"end":629},"type":{"name":"number"}},{"source":"src/currency.js","name":"locale","position":{"start":631,"end":637},"type":{"name":"string"}},{"source":"src/currency.js","name":"currency","position":{"start":639,"end":647},"type":{"name":"string"}}],"returnType":"string"}],"provideSearchTerms":true,"searchTerms":"format currency","id":"currency","startTime":"2022-11-09T21:38:03.824Z","timer":{"startTime":"2022-11-09T21:38:03.824Z","endTime":"2022-11-09T21:44:10.425Z"},"duration":359800,"data":{"Q1":"5","Q2":"Felt close, I blame my inexperience with Javascript as I was sending some parameters as strings instead of the variables, but I was close, I just take a little longer to grasp these concepts and slowly find out how the function works, and then I rarely forget or repeat the same mistake.","Q3":"All good.","Q4":"I did not."},"endTime":"2022-11-09T21:45:50.245Z"},{"enableFragments":true,"enableContext":true,"showContext":true,"contextOverride":[{"source":"src/find.js","name":"getTradeById","position":{"start":286,"end":506},"variables":[],"parameters":[{"source":"src/find.js","name":"trades","position":{"start":315,"end":321},"type":{"name":"Trade[]"}},{"source":"src/find.js","name":"id","position":{"start":323,"end":325},"type":{"name":"number"}}],"returnType":"Trade"}],"provideSearchTerms":true,"searchTerms":"find item in array by value","id":"find","startTime":"2022-11-09T21:29:13.279Z","timer":{"startTime":"2022-11-09T21:29:13.279Z","endTime":"2022-11-09T21:31:14.238Z"},"duration":120098,"data":{"Q1":"5","Q2":"Everything was great. I would like to add that (and might mention this again in a last Feedback box if there's any), personally, I really have like 0 experience with Javascript, I am about to graduate as a Software Engineer, I learned C++, SQL, Python, R and a few others; I have used Javascript, but barely scrapped its surface, I have never really built any software project as a hobby or by myself, nor worked in the field properly yet. I was intimitated by this Prolific task, but right now I am dealing with React (Javascript, HTML and CSS) for a project I have with some teammates whoa re actually using pure Javascript, creating APIs, connecting their back-end with front-end with lines of code and words I've never seen before. However, this tool and pretty much this whole study is doing God's work for me, by giving me a brief introduction to some array functions I've seen them use like filter() and the reducer; I feel like this tool would help me so much to learn as much as they do regarding Back-end, the juice of the project. I feel like a god using this tool, I have learned plenty so far and I know this is pretty basic and a very, very brief introduction to the actual language, but I can feel its inmense potential and future spot as a must-have VS extension. Sorry for my english.","Q3":"It was perfect and smooth.","Q4":"I did not."},"endTime":"2022-11-09T21:37:55.443Z"},{"enableFragments":false,"enableContext":true,"showContext":false,"contextOverride":[{"source":"src/clone.js","name":"cloneTradeLedger","position":{"start":239,"end":406},"variables":[],"parameters":[{"source":"src/clone.js","name":"trades","position":{"start":272,"end":278},"type":{"name":"Trade[]"}}],"returnType":"Trade[]"}],"provideSearchTerms":true,"searchTerms":"clone array","id":"clone","startTime":"2022-11-09T21:24:29.328Z","timer":{"startTime":"2022-11-09T21:24:29.328Z","endTime":"2022-11-09T21:26:11.451Z"},"duration":101086,"data":{"Q1":"5","Q2":"I love that I don't have to switch tabs/windows probably ever again. So far it has been great, probably the best cheat-code sheet ever.","Q3":"Maybe the \"Usage\" and \"Code\" feature being able to grab the first 3 Stack Overflow solutions and present them as \"Non-Signature Possible Solutions\", only because it could save an extra click. By this I mean there would be 6 of those in total, the original 3 with Signatures Found, and 3 Extra Suggestions of possible answers.","Q4":"I did not."},"endTime":"2022-11-09T21:29:04.893Z"},{"enableFragments":false,"enableContext":true,"showContext":false,"contextOverride":[{"source":"src/sort.js","name":"sortTradesByShareCount","position":{"start":285,"end":524},"variables":[],"parameters":[{"source":"src/sort.js","name":"trades","position":{"start":324,"end":330},"type":{"name":"Trade[]"}}],"returnType":"Trade[]"}],"provideSearchTerms":true,"searchTerms":"sort array of objects descending","id":"sort","startTime":"2022-11-09T21:16:37.826Z","timer":{"startTime":"2022-11-09T21:16:37.826Z","endTime":"2022-11-09T21:19:02.972Z"},"duration":144102,"data":{"Q1":"5","Q2":"This very first task, and by using the \"Scout\" hyperlink you provided (with an automatic search that said \"sort array of objects descending\"), the tool returned a Google Search filtered by StackOverflow links only, which is very good to have besides in VS, I find it really useful. The \"Code\" and \"Usage\" feature didn't show up this time, but I can see how powerful it still is and will be. Scout will become a must-have.","Q3":"I found the solution in less than 10 seconds, I think it was still very straight forward. I can see it frustrate some people who might not find very complex solutions (questions with too many layers of problems in them, not just one), but, regarding code snippets and quick solutions it's great.","Q4":"I did not."},"endTime":"2022-11-09T21:24:21.068Z"},{"enableFragments":true,"enableContext":true,"showContext":true,"contextOverride":[{"source":"src/recent.js","name":"moment","position":{"start":7,"end":13},"module":{"name":"moment","position":{"start":19,"end":27}},"references":[{"start":485,"end":491},{"start":753,"end":759},{"start":836,"end":842}]},{"source":"src/recent.js","name":"moment","position":{"start":485,"end":503},"variables":[],"arguments":[{"source":"src/recent.js","name":"","type":"Date","value":"new Date()","position":{"start":492,"end":502}}],"returnType":"any"},{"source":"src/recent.js","name":"moment","position":{"start":753,"end":768},"variables":[],"arguments":[{"source":"src/recent.js","name":"","type":"any","value":"endDate","position":{"start":760,"end":767}}],"returnType":"any"},{"source":"src/recent.js","name":"moment","position":{"start":836,"end":854},"variables":[],"arguments":[{"source":"src/recent.js","name":"","type":"any","value":"trade.date","position":{"start":843,"end":853}}],"returnType":"any"},{"source":"src/recent.js","name":"getPastTradesFrom","position":{"start":400,"end":938},"variables":[{"source":"src/recent.js","name":"endDate","position":{"start":475,"end":503},"type":{"name":"any"}},{"source":"src/recent.js","name":"startDate","position":{"start":741,"end":768},"type":{"name":"any"}}],"parameters":[{"source":"src/recent.js","name":"trades","position":{"start":434,"end":440},"type":{"name":"Trade[]"}},{"source":"src/recent.js","name":"from","position":{"start":442,"end":446},"type":{"name":"number"}},{"source":"src/recent.js","name":"unit","position":{"start":448,"end":461},"type":{"name":"string"}}],"returnType":"Trade[]"}],"provideSearchTerms":false,"searchTerms":"","id":"recent","startTime":"2022-11-09T21:45:58.684Z","timer":{"startTime":"2022-11-09T21:45:58.685Z","endTime":"2022-11-09T21:50:30.378Z"},"duration":270310,"data":{"Q1":"5","Q2":"It was all good, these are the kind of problems I usually get lost badly, but I managed to solve it in time, as a fresh beginner in the language.","Q3":"All good.","Q4":"I did not."},"endTime":"2022-11-09T21:51:20.752Z"},{"enableFragments":false,"enableContext":false,"showContext":false,"contextOverride":[],"provideSearchTerms":false,"searchTerms":"","id":"serve","startTime":"2022-11-09T21:51:29.325Z","timer":{"startTime":"2022-11-09T21:51:29.325Z","endTime":"2022-11-09T21:53:33.012Z"},"duration":122177,"data":{"Q1":"5","Q2":"I've seen my teammates/coworkers use these routes before, but this one was the first one I have written myself and managed to pass it in the first try without being 100% sure it's correct. I am a little familiarized with routes thanks to HTML and the browser's navigation bar, but personally with JS, no. This tool is great.","Q3":"All good, maybe suggestions like Google's \"Did you mean...?\" in case inexperienced users like me don't know some of the technical words (e.x. saying \"local variables\" instead of \"cookies\" if clearly talking about web development or the proper context...).","Q4":"I did not."},"endTime":"2022-11-09T21:57:48.071Z"},{"id":"post-study"}],"activations":["2022-11-09T21:06:34.894Z"]}