{"numFailedTestSuites":0,"numFailedTests":0,"numPassedTestSuites":1,"numPassedTests":3,"numPendingTestSuites":0,"numPendingTests":0,"numRuntimeErrorTestSuites":0,"numTodoTests":0,"numTotalTestSuites":1,"numTotalTests":3,"openHandles":[],"snapshot":{"added":0,"didUpdate":false,"failure":false,"filesAdded":0,"filesRemoved":0,"filesRemovedList":[],"filesUnmatched":0,"filesUpdated":0,"matched":0,"total":0,"unchecked":0,"uncheckedKeysByFile":[],"unmatched":0,"updated":0},"startTime":1668080334445,"success":true,"testResults":[{"assertionResults":[{"ancestorTitles":["getTradeById()"],"failureMessages":[],"fullName":"getTradeById() Should find the specified trade.","location":null,"status":"passed","title":"Should find the specified trade."},{"ancestorTitles":["getTradeById()"],"failureMessages":[],"fullName":"getTradeById() Should return undefined or [] if no trade has id.","location":null,"status":"passed","title":"Should return undefined or [] if no trade has id."},{"ancestorTitles":["getTradeById()"],"failureMessages":[],"fullName":"getTradeById() Should return undefined or [] if there are no trades.","location":null,"status":"passed","title":"Should return undefined or [] if there are no trades."}],"endTime":1668080334891,"message":"","name":"/workspaces/92307_1/test/find.test.js","startTime":1668080334482,"status":"passed","summary":""}],"wasInterrupted":false}