{"trialId":"92307_1","taskId":"serve","appEvents":[{"timestamp":"2022-11-10T11:46:12.511Z","name":"search","data":"search-start"},{"timestamp":"2022-11-10T11:46:20.659Z","name":"search","data":"search-done"}],"searches":[{"keywords":["add","route","to","serve","static","files"],"context":{"tokens":[{"kind":"library","value":"express"},{"kind":"library","value":"path"},{"kind":"language","value":"javascript"}]},"timestamp":"2022-11-10T11:46:12.509Z","results":[{"signatures":[],"areSignaturesLoading":false,"title":"How to serve static files to different routes in Express?","snippet":"It's got to do with relative path. With express it's safer to use absolute path. After your route goes one level deep, the html file which ...","url":"https://stackoverflow.com/questions/55853857/how-to-serve-static-files-to-different-routes-in-express","displayLink":"https://stackoverflow.com › h...","snippetHighlightWords":["path","express","path","route","html"],"date":"25 Apr 2019 1 jawaban"},{"signatures":[{"answerKeywords":["express","static","files","express","static","path","static","serve","files","express","route","static","files","to","express","route","path","static","to","path","to","static","files","to","serve","to"],"answerWordCount":1712,"text":"use(unknown)","parentType":"any","name":"use","arguments":[{"type":"any"}],"returnType":"any","usage":"app.use(express.static(path.join(__dirname, 'public')))","definition":"","source":"app.use(express.static(path.join(__dirname, 'public')));\n","answerId":"60879014","answerUrl":"https://stackoverflow.com/a/60879014","voteCount":1,"isAccepted":false,"lastModified":"2020-03-27T02:12:07.000Z"},{"answerKeywords":["express","static","files","express","static","path","static","serve","files","express","route","static","files","to","express","route","path","static","to","path","to","static","files","to","serve","to"],"answerWordCount":1712,"text":"static(unknown)","parentType":"any","name":"static","arguments":[{"type":"any"}],"returnType":"any","usage":"express.static(path.join(__dirname, 'public'))","definition":"","source":"app.use(express.static(path.join(__dirname, 'public')));\n","answerId":"60879014","answerUrl":"https://stackoverflow.com/a/60879014","voteCount":1,"isAccepted":false,"lastModified":"2020-03-27T02:12:07.000Z"},{"answerKeywords":["express","static","files","express","static","path","static","serve","files","express","route","static","files","to","express","route","path","static","to","path","to","static","files","to","serve","to"],"answerWordCount":1712,"text":"join(unknown, string)","parentType":"any","name":"join","arguments":[{"type":"any"},{"type":"string"}],"returnType":"any","usage":"path.join(__dirname, 'public')","definition":"","source":"app.use(express.static(path.join(__dirname, 'public')));\n","answerId":"60879014","answerUrl":"https://stackoverflow.com/a/60879014","voteCount":1,"isAccepted":false,"lastModified":"2020-03-27T02:12:07.000Z"},{"answerKeywords":["add","path","path","express","static","files","path","path","path","express","static","to","files","path","path","to","to","to","path","to","route","path","static","files","to","to","route","files","to","serve"],"answerWordCount":1665,"text":"use(string, unknown)","parentType":"any","name":"use","arguments":[{"type":"string"},{"type":"any"}],"returnType":"any","usage":"app.use('/path1', express.static(__dirname + '/www'))","definition":"","source":"app.use('/path1', express.static(__dirname + '/www'));            // Serves files as named in the '/path1' url path\napp.use('/path2', express.static(__dirname + '/otherdirectory')); // Serves files as named in the '/path2' url path\n","answerId":"60879319","answerUrl":"https://stackoverflow.com/a/60879319","voteCount":1,"isAccepted":false,"lastModified":"2020-03-27T02:50:33.000Z"},{"answerKeywords":["add","path","path","express","static","files","path","path","path","express","static","to","files","path","path","to","to","to","path","to","route","path","static","files","to","to","route","files","to","serve"],"answerWordCount":1665,"text":"static(string)","parentType":"any","name":"static","arguments":[{"type":"string"}],"returnType":"any","usage":"express.static(__dirname + '/www')","definition":"","source":"app.use('/path1', express.static(__dirname + '/www'));            // Serves files as named in the '/path1' url path\napp.use('/path2', express.static(__dirname + '/otherdirectory')); // Serves files as named in the '/path2' url path\n","answerId":"60879319","answerUrl":"https://stackoverflow.com/a/60879319","voteCount":1,"isAccepted":false,"lastModified":"2020-03-27T02:50:33.000Z"},{"answerKeywords":["add","path","path","express","static","files","path","path","path","express","static","to","files","path","path","to","to","to","path","to","route","path","static","files","to","to","route","files","to","serve"],"answerWordCount":1665,"text":"use(string, unknown)","parentType":"any","name":"use","arguments":[{"type":"string"},{"type":"any"}],"returnType":"any","usage":"app.use('/path2', express.static(__dirname + '/otherdirectory'))","definition":"","source":"app.use('/path1', express.static(__dirname + '/www'));            // Serves files as named in the '/path1' url path\napp.use('/path2', express.static(__dirname + '/otherdirectory')); // Serves files as named in the '/path2' url path\n","answerId":"60879319","answerUrl":"https://stackoverflow.com/a/60879319","voteCount":1,"isAccepted":false,"lastModified":"2020-03-27T02:50:33.000Z"},{"answerKeywords":["add","path","path","express","static","files","path","path","path","express","static","to","files","path","path","to","to","to","path","to","route","path","static","files","to","to","route","files","to","serve"],"answerWordCount":1665,"text":"static(string)","parentType":"any","name":"static","arguments":[{"type":"string"}],"returnType":"any","usage":"express.static(__dirname + '/otherdirectory')","definition":"","source":"app.use('/path1', express.static(__dirname + '/www'));            // Serves files as named in the '/path1' url path\napp.use('/path2', express.static(__dirname + '/otherdirectory')); // Serves files as named in the '/path2' url path\n","answerId":"60879319","answerUrl":"https://stackoverflow.com/a/60879319","voteCount":1,"isAccepted":false,"lastModified":"2020-03-27T02:50:33.000Z"}],"areSignaturesLoading":false,"title":"Express routes to serve directory of static content","snippet":"You can add a mount path: app.use('/path1', express.static(__dirname + '/www')); // Serves files as named in the '/path1' url path ...","url":"https://stackoverflow.com/questions/60878869/express-routes-to-serve-directory-of-static-content","displayLink":"https://stackoverflow.com › ex...","snippetHighlightWords":["add","path","express","static","Serves files","path"],"date":"27 Mar 2020"},{"signatures":[{"answerKeywords":["files","route","static","files","files","route","files","serve","files","to","express","static"],"answerWordCount":927,"text":"use(string, function)","parentType":"any","name":"use","arguments":[{"type":"string"},{"type":"(req: any, res: any) => any"}],"returnType":"any","usage":"app.use(\"/files\", function (req, res) {\n  return res.send(\"I will be served instead of a files directory\");\n})","definition":"","source":"// Define `/files` route first\napp.use(\"/files\", function (req, res) {\n  return res.send(\"I will be served instead of a files directory\");\n});\n\n// Static\napp.use(\"/\", express.static(__dirname));\n","answerId":"65116954","answerUrl":"https://stackoverflow.com/a/65116954","voteCount":2,"isAccepted":true,"lastModified":"2020-12-03T04:19:23.000Z"},{"answerKeywords":["files","route","static","files","files","route","files","serve","files","to","express","static"],"answerWordCount":927,"text":"use(string, unknown)","parentType":"any","name":"use","arguments":[{"type":"string"},{"type":"any"}],"returnType":"any","usage":"app.use(\"/\", express.static(__dirname))","definition":"","source":"// Define `/files` route first\napp.use(\"/files\", function (req, res) {\n  return res.send(\"I will be served instead of a files directory\");\n});\n\n// Static\napp.use(\"/\", express.static(__dirname));\n","answerId":"65116954","answerUrl":"https://stackoverflow.com/a/65116954","voteCount":2,"isAccepted":true,"lastModified":"2020-12-03T04:19:23.000Z"},{"answerKeywords":["files","route","static","files","files","route","files","serve","files","to","express","static"],"answerWordCount":927,"text":"static(unknown)","parentType":"any","name":"static","arguments":[{"type":"any"}],"returnType":"any","usage":"express.static(__dirname)","definition":"","source":"// Define `/files` route first\napp.use(\"/files\", function (req, res) {\n  return res.send(\"I will be served instead of a files directory\");\n});\n\n// Static\napp.use(\"/\", express.static(__dirname));\n","answerId":"65116954","answerUrl":"https://stackoverflow.com/a/65116954","voteCount":2,"isAccepted":true,"lastModified":"2020-12-03T04:19:23.000Z"},{"answerKeywords":["express","express","path","path","express","express","static","path","static","path","static"],"answerWordCount":1057,"text":"express()","name":"express","arguments":[],"returnType":"any","usage":"const app = express();","definition":"","source":"const express = require('express');\nconst path = require('path');\nconst app = express();\napp.use('/public',express.static(path.join(__dirname,'static')));\napp.get('/',(req,res)=> {\n          res.sendFile(path.join(__dirname,'static','index.html');\n         });\napp.listen(3000);\n","answerId":"68244233","answerUrl":"https://stackoverflow.com/a/68244233","voteCount":0,"isAccepted":false,"lastModified":"2021-07-04T11:23:24.000Z"},{"answerKeywords":["express","express","path","path","express","express","static","path","static","path","static"],"answerWordCount":1057,"text":"use(string, unknown)","parentType":"any","name":"use","arguments":[{"type":"string"},{"type":"any"}],"returnType":"any","usage":"app.use('/public',express.static(path.join(__dirname,'static')))","definition":"const app = express();","source":"const express = require('express');\nconst path = require('path');\nconst app = express();\napp.use('/public',express.static(path.join(__dirname,'static')));\napp.get('/',(req,res)=> {\n          res.sendFile(path.join(__dirname,'static','index.html');\n         });\napp.listen(3000);\n","answerId":"68244233","answerUrl":"https://stackoverflow.com/a/68244233","voteCount":0,"isAccepted":false,"lastModified":"2021-07-04T11:23:24.000Z"},{"answerKeywords":["express","express","path","path","express","express","static","path","static","path","static"],"answerWordCount":1057,"text":"static(unknown)","parentType":"any","name":"static","arguments":[{"type":"any"}],"returnType":"any","usage":"express.static(path.join(__dirname,'static'))","definition":"","source":"const express = require('express');\nconst path = require('path');\nconst app = express();\napp.use('/public',express.static(path.join(__dirname,'static')));\napp.get('/',(req,res)=> {\n          res.sendFile(path.join(__dirname,'static','index.html');\n         });\napp.listen(3000);\n","answerId":"68244233","answerUrl":"https://stackoverflow.com/a/68244233","voteCount":0,"isAccepted":false,"lastModified":"2021-07-04T11:23:24.000Z"},{"answerKeywords":["express","express","path","path","express","express","static","path","static","path","static"],"answerWordCount":1057,"text":"join(unknown, string)","parentType":"any","name":"join","arguments":[{"type":"any"},{"type":"string"}],"returnType":"any","usage":"path.join(__dirname,'static')","definition":"","source":"const express = require('express');\nconst path = require('path');\nconst app = express();\napp.use('/public',express.static(path.join(__dirname,'static')));\napp.get('/',(req,res)=> {\n          res.sendFile(path.join(__dirname,'static','index.html');\n         });\napp.listen(3000);\n","answerId":"68244233","answerUrl":"https://stackoverflow.com/a/68244233","voteCount":0,"isAccepted":false,"lastModified":"2021-07-04T11:23:24.000Z"},{"answerKeywords":["express","express","path","path","express","express","static","path","static","path","static"],"answerWordCount":1057,"text":"get(string, function)","parentType":"any","name":"get","arguments":[{"type":"string"},{"type":"(req: any, res: any) => void"}],"returnType":"any","usage":"app.get('/',(req,res)=> {\n          res.sendFile(path.join(__dirname,'static','index.html');\n         })","definition":"const app = express();","source":"const express = require('express');\nconst path = require('path');\nconst app = express();\napp.use('/public',express.static(path.join(__dirname,'static')));\napp.get('/',(req,res)=> {\n          res.sendFile(path.join(__dirname,'static','index.html');\n         });\napp.listen(3000);\n","answerId":"68244233","answerUrl":"https://stackoverflow.com/a/68244233","voteCount":0,"isAccepted":false,"lastModified":"2021-07-04T11:23:24.000Z"},{"answerKeywords":["express","express","path","path","express","express","static","path","static","path","static"],"answerWordCount":1057,"text":"listen(number)","parentType":"any","name":"listen","arguments":[{"type":"number"}],"returnType":"any","usage":"app.listen(3000)","definition":"const app = express();","source":"const express = require('express');\nconst path = require('path');\nconst app = express();\napp.use('/public',express.static(path.join(__dirname,'static')));\napp.get('/',(req,res)=> {\n          res.sendFile(path.join(__dirname,'static','index.html');\n         });\napp.listen(3000);\n","answerId":"68244233","answerUrl":"https://stackoverflow.com/a/68244233","voteCount":0,"isAccepted":false,"lastModified":"2021-07-04T11:23:24.000Z"}],"areSignaturesLoading":false,"title":"How to serve static files in ExpressJS on some paths and not ...","snippet":"Just defining the /files route before serving the static files might work: // Define `/files` route first app.use(\"/files\", function (req, ...","url":"https://stackoverflow.com/questions/65115458/how-to-serve-static-files-in-expressjs-on-some-paths-and-not-others","displayLink":"https://stackoverflow.com › h...","snippetHighlightWords":["route","serving","static files","route"],"date":"2 Des 2020 2 jawaban"},{"signatures":[],"areSignaturesLoading":false,"title":"Express serve static files inside Router - Stack Overflow","snippet":"Use the express.static middleware in your route1.js file instead of simply passing the folder path string to the route.","url":"https://stackoverflow.com/questions/69692368/express-serve-static-files-inside-router","displayLink":"https://stackoverflow.com › ex...","snippetHighlightWords":["express","static","js file","path","route"],"date":"23 Okt 2021 1 jawaban"},{"signatures":[{"answerKeywords":["express","static","path","path","files","serve","express","static","path","static","to","static","express","static","files","to","static","path","static","static","path","to","express","static","to","to","express","to","to","path","to","to","serve","path","path","static","express","static","path"],"answerWordCount":1006,"text":"use(unknown)","parentType":"any","name":"use","arguments":[{"type":"any"}],"returnType":"any","usage":"app.use(express.static('public'))","definition":"","source":"app.use(express.static('public'))\n","answerId":"71015495","answerUrl":"https://stackoverflow.com/a/71015495","voteCount":1,"isAccepted":false,"lastModified":"2022-02-07T08:56:39.000Z"},{"answerKeywords":["express","static","path","path","files","serve","express","static","path","static","to","static","express","static","files","to","static","path","static","static","path","to","express","static","to","to","express","to","to","path","to","to","serve","path","path","static","express","static","path"],"answerWordCount":1006,"text":"static(string)","parentType":"any","name":"static","arguments":[{"type":"string"}],"returnType":"any","usage":"express.static('public')","definition":"","source":"app.use(express.static('public'))\n","answerId":"71015495","answerUrl":"https://stackoverflow.com/a/71015495","voteCount":1,"isAccepted":false,"lastModified":"2022-02-07T08:56:39.000Z"}],"areSignaturesLoading":false,"title":"Express: serving static files in express using app.use() not ...","snippet":"To create a virtual path prefix (where the path does not actually exist in the file system) for files that are served by the express.static ...","url":"https://stackoverflow.com/questions/71015238/express-serving-static-files-in-express-using-app-use-not-working-on-route","displayLink":"https://stackoverflow.com › ex...","snippetHighlightWords":["path","path","file","files","served","express","static"],"date":"7 Feb 2022"},{"signatures":[{"answerKeywords":["to","serve","static","route","static","files","to"],"answerWordCount":940,"text":"get(string, function)","parentType":"any","name":"get","arguments":[{"type":"string"},{"type":"(req: any, res: any) => void"}],"returnType":"any","usage":"app.get('/about', function(req, res) {\n    res.render('about.html');\n})","definition":"","source":"app.get('/about', function(req, res) {\n    res.render('about.html');\n});\n","answerId":"30746847","answerUrl":"https://stackoverflow.com/a/30746847","voteCount":1,"isAccepted":false,"lastModified":"2015-06-10T06:49:04.000Z"},{"answerKeywords":["to","route","static","static","path","add","to","to","to","files","static","path","path","path","serve","files","files","serve","to","to","static","path","path","path","static","route","static","static","path","path","path"],"answerWordCount":1170,"text":"T[].reduce(function, U): U","parentType":"T[]","name":"reduce","arguments":[{"name":"callbackfn:(previousValue:U,currentValue:T,currentIndex:number,array:T[])=>U","type":"(previousValue: U, currentValue: T, currentIndex: number, array: T[]) => U"},{"name":"initialValue:U","type":"U"}],"returnType":"U","usage":"var staticFiles = [\"about\", \"index\", \"home\"].reduce(function(obj, item) {\n    obj[\"/\" + item] = true;\n    return obj;\n}, {});","definition":"","source":"// create static file lookup table for the desired names\nvar staticFiles = [\"about\", \"index\", \"home\"].reduce(function(obj, item) {\n    obj[\"/\" + item] = true;\n    return obj;\n}, {});\n\napp.use(function(req, res, next) {\n    // if the path is found in the lookup table, then\n    // add \".html\" onto the end and get that file from the base directory\n    // of you could use any source directory for those files\n    if (staticFiles[req.path]) {\n        res.sendFile(path.join(__dirname, req.path + \".html\"));\n        return;\n    }\n    next();\n});\n\napp.use(function(req, res, next) {\n    if (staticFiles[req.path]) {\n        res.sendFile(path.join(__dirname, \"html\", req.path + \".html\"));\n        return;\n    }\n    next();\n});\n\nvar staticFiles = new Set([\"/about\", \"/index\", \"/home\"]);\n\napp.use(function(req, res, next) {\n    if (staticFiles.has(req.path)) {\n        res.sendFile(path.join(__dirname, \"html\", req.path + \".html\"));\n        return;\n    }\n    next();\n});\n","answerId":"30747094","answerUrl":"https://stackoverflow.com/a/30747094","voteCount":0,"isAccepted":false,"lastModified":"2015-06-10T07:16:55.000Z"},{"answerKeywords":["to","route","static","static","path","add","to","to","to","files","static","path","path","path","serve","files","files","serve","to","to","static","path","path","path","static","route","static","static","path","path","path"],"answerWordCount":1170,"text":"use(function)","parentType":"any","name":"use","arguments":[{"type":"(req: any, res: any, next: any) => void"}],"returnType":"any","usage":"app.use(function(req, res, next) {\n    // if the path is found in the lookup table, then\n    // add \".html\" onto the end and get that file from the base directory\n    // of you could use any source directory for those files\n    if (staticFiles[req.path]) {\n        res.sendFile(path.join(__dirname, req.path + \".html\"));\n        return;\n    }\n    next();\n})","definition":"","source":"// create static file lookup table for the desired names\nvar staticFiles = [\"about\", \"index\", \"home\"].reduce(function(obj, item) {\n    obj[\"/\" + item] = true;\n    return obj;\n}, {});\n\napp.use(function(req, res, next) {\n    // if the path is found in the lookup table, then\n    // add \".html\" onto the end and get that file from the base directory\n    // of you could use any source directory for those files\n    if (staticFiles[req.path]) {\n        res.sendFile(path.join(__dirname, req.path + \".html\"));\n        return;\n    }\n    next();\n});\n\napp.use(function(req, res, next) {\n    if (staticFiles[req.path]) {\n        res.sendFile(path.join(__dirname, \"html\", req.path + \".html\"));\n        return;\n    }\n    next();\n});\n\nvar staticFiles = new Set([\"/about\", \"/index\", \"/home\"]);\n\napp.use(function(req, res, next) {\n    if (staticFiles.has(req.path)) {\n        res.sendFile(path.join(__dirname, \"html\", req.path + \".html\"));\n        return;\n    }\n    next();\n});\n","answerId":"30747094","answerUrl":"https://stackoverflow.com/a/30747094","voteCount":0,"isAccepted":false,"lastModified":"2015-06-10T07:16:55.000Z"},{"answerKeywords":["to","route","static","static","path","add","to","to","to","files","static","path","path","path","serve","files","files","serve","to","to","static","path","path","path","static","route","static","static","path","path","path"],"answerWordCount":1170,"text":"use(function)","parentType":"any","name":"use","arguments":[{"type":"(req: any, res: any, next: any) => void"}],"returnType":"any","usage":"app.use(function(req, res, next) {\n    if (staticFiles[req.path]) {\n        res.sendFile(path.join(__dirname, \"html\", req.path + \".html\"));\n        return;\n    }\n    next();\n})","definition":"","source":"// create static file lookup table for the desired names\nvar staticFiles = [\"about\", \"index\", \"home\"].reduce(function(obj, item) {\n    obj[\"/\" + item] = true;\n    return obj;\n}, {});\n\napp.use(function(req, res, next) {\n    // if the path is found in the lookup table, then\n    // add \".html\" onto the end and get that file from the base directory\n    // of you could use any source directory for those files\n    if (staticFiles[req.path]) {\n        res.sendFile(path.join(__dirname, req.path + \".html\"));\n        return;\n    }\n    next();\n});\n\napp.use(function(req, res, next) {\n    if (staticFiles[req.path]) {\n        res.sendFile(path.join(__dirname, \"html\", req.path + \".html\"));\n        return;\n    }\n    next();\n});\n\nvar staticFiles = new Set([\"/about\", \"/index\", \"/home\"]);\n\napp.use(function(req, res, next) {\n    if (staticFiles.has(req.path)) {\n        res.sendFile(path.join(__dirname, \"html\", req.path + \".html\"));\n        return;\n    }\n    next();\n});\n","answerId":"30747094","answerUrl":"https://stackoverflow.com/a/30747094","voteCount":0,"isAccepted":false,"lastModified":"2015-06-10T07:16:55.000Z"},{"answerKeywords":["to","route","static","static","path","add","to","to","to","files","static","path","path","path","serve","files","files","serve","to","to","static","path","path","path","static","route","static","static","path","path","path"],"answerWordCount":1170,"text":"use(function)","parentType":"any","name":"use","arguments":[{"type":"(req: any, res: any, next: any) => void"}],"returnType":"any","usage":"app.use(function(req, res, next) {\n    if (staticFiles.has(req.path)) {\n        res.sendFile(path.join(__dirname, \"html\", req.path + \".html\"));\n        return;\n    }\n    next();\n})","definition":"","source":"// create static file lookup table for the desired names\nvar staticFiles = [\"about\", \"index\", \"home\"].reduce(function(obj, item) {\n    obj[\"/\" + item] = true;\n    return obj;\n}, {});\n\napp.use(function(req, res, next) {\n    // if the path is found in the lookup table, then\n    // add \".html\" onto the end and get that file from the base directory\n    // of you could use any source directory for those files\n    if (staticFiles[req.path]) {\n        res.sendFile(path.join(__dirname, req.path + \".html\"));\n        return;\n    }\n    next();\n});\n\napp.use(function(req, res, next) {\n    if (staticFiles[req.path]) {\n        res.sendFile(path.join(__dirname, \"html\", req.path + \".html\"));\n        return;\n    }\n    next();\n});\n\nvar staticFiles = new Set([\"/about\", \"/index\", \"/home\"]);\n\napp.use(function(req, res, next) {\n    if (staticFiles.has(req.path)) {\n        res.sendFile(path.join(__dirname, \"html\", req.path + \".html\"));\n        return;\n    }\n    next();\n});\n","answerId":"30747094","answerUrl":"https://stackoverflow.com/a/30747094","voteCount":0,"isAccepted":false,"lastModified":"2015-06-10T07:16:55.000Z"},{"answerKeywords":["express","static","path","to","static","to","route"],"answerWordCount":1333,"text":"use(unknown)","parentType":"any","name":"use","arguments":[{"type":"any"}],"returnType":"any","usage":"app.use(express.static(path.join(__dirname, 'xyz')))","definition":"","source":"app.use(express.static(path.join(__dirname, 'xyz')));\n","answerId":"30746844","answerUrl":"https://stackoverflow.com/a/30746844","voteCount":-1,"isAccepted":false,"lastModified":"2015-06-10T03:59:13.000Z"},{"answerKeywords":["express","static","path","to","static","to","route"],"answerWordCount":1333,"text":"static(unknown)","parentType":"any","name":"static","arguments":[{"type":"any"}],"returnType":"any","usage":"express.static(path.join(__dirname, 'xyz'))","definition":"","source":"app.use(express.static(path.join(__dirname, 'xyz')));\n","answerId":"30746844","answerUrl":"https://stackoverflow.com/a/30746844","voteCount":-1,"isAccepted":false,"lastModified":"2015-06-10T03:59:13.000Z"},{"answerKeywords":["express","static","path","to","static","to","route"],"answerWordCount":1333,"text":"join(unknown, string)","parentType":"any","name":"join","arguments":[{"type":"any"},{"type":"string"}],"returnType":"any","usage":"path.join(__dirname, 'xyz')","definition":"","source":"app.use(express.static(path.join(__dirname, 'xyz')));\n","answerId":"30746844","answerUrl":"https://stackoverflow.com/a/30746844","voteCount":-1,"isAccepted":false,"lastModified":"2015-06-10T03:59:13.000Z"}],"areSignaturesLoading":false,"title":"Serve static files using routes in express.js - Stack Overflow","snippet":"You need to serve your static file using the router ... res, next) { // if the path is found in the lookup table, then // add \".html\" onto ...","url":"https://stackoverflow.com/questions/30746824/serve-static-files-using-routes-in-express-js","displayLink":"https://stackoverflow.com › se...","snippetHighlightWords":["serve","static file","path","add","html"],"date":"10 Jun 2015 4 jawaban"},{"signatures":[{"answerKeywords":["route","to","static","path","static","path","route"],"answerWordCount":1025,"text":"get(string, unknown)","parentType":"any","name":"get","arguments":[{"type":"string"},{"type":"any"}],"returnType":"any","usage":"app.get('/xyz/api/user', authApi.user)","definition":"","source":"app.get('/xyz/api/user', authApi.user);\napp.use('/xyz/',Express.static(path.join(__dirname,'/app')));\n","answerId":"42977199","answerUrl":"https://stackoverflow.com/a/42977199","voteCount":2,"isAccepted":true,"lastModified":"2017-03-23T13:17:14.000Z"},{"answerKeywords":["route","to","static","path","static","path","route"],"answerWordCount":1025,"text":"use(string, unknown)","parentType":"any","name":"use","arguments":[{"type":"string"},{"type":"any"}],"returnType":"any","usage":"app.use('/xyz/',Express.static(path.join(__dirname,'/app')))","definition":"","source":"app.get('/xyz/api/user', authApi.user);\napp.use('/xyz/',Express.static(path.join(__dirname,'/app')));\n","answerId":"42977199","answerUrl":"https://stackoverflow.com/a/42977199","voteCount":2,"isAccepted":true,"lastModified":"2017-03-23T13:17:14.000Z"},{"answerKeywords":["route","to","static","path","static","path","route"],"answerWordCount":1025,"text":"static(unknown)","parentType":"any","name":"static","arguments":[{"type":"any"}],"returnType":"any","usage":"Express.static(path.join(__dirname,'/app'))","definition":"","source":"app.get('/xyz/api/user', authApi.user);\napp.use('/xyz/',Express.static(path.join(__dirname,'/app')));\n","answerId":"42977199","answerUrl":"https://stackoverflow.com/a/42977199","voteCount":2,"isAccepted":true,"lastModified":"2017-03-23T13:17:14.000Z"},{"answerKeywords":["route","to","static","path","static","path","route"],"answerWordCount":1025,"text":"join(unknown, string)","parentType":"any","name":"join","arguments":[{"type":"any"},{"type":"string"}],"returnType":"any","usage":"path.join(__dirname,'/app')","definition":"","source":"app.get('/xyz/api/user', authApi.user);\napp.use('/xyz/',Express.static(path.join(__dirname,'/app')));\n","answerId":"42977199","answerUrl":"https://stackoverflow.com/a/42977199","voteCount":2,"isAccepted":true,"lastModified":"2017-03-23T13:17:14.000Z"}],"areSignaturesLoading":false,"title":"Express serving static files and routing - Stack Overflow","snippet":"You want the routes to come before serving your static content and you do not need the :path url param app.get('/xyz/api/user', ...","url":"https://stackoverflow.com/questions/42977068/express-serving-static-files-and-routing","displayLink":"https://stackoverflow.com › ex...","snippetHighlightWords":["routes","serving","static content","path"],"date":"23 Mar 2017 1 jawaban"},{"signatures":[{"answerKeywords":["express","static","to","to","route","static","express","static","path","static","to","static","to","to","to","route","static","express","static","path","route","static","static","express","express","path","static","serve","express","static","path","express","static","express","static","files","static","files","express","to"],"answerWordCount":950,"text":"static(unknown)","parentType":"any","name":"static","arguments":[{"type":"any"}],"returnType":"any","usage":"const staticMiddleware = express.static(path.join(__dirname, 'portfolio', 'loanamort', 'build'));","definition":"","source":"const staticMiddleware = express.static(path.join(__dirname, 'portfolio', 'loanamort', 'build'));\n// staticMiddleware holds a reference to a **function**!\napp.use(staticMiddleware);\n\n// Declare the middleware outside of \".use()\", so that you don't re-instantiate\n// it for every request.\nconst staticMiddleware = express.static(path.join(__dirname, 'portfolio', 'loanamort', 'build'));\nrouter.use('/loanamort', (req, res, next) => {\n    staticMiddleware(req, res, next);\n})\n\napp.use('/loanamort', express.static(path.join(__dirname, 'portfolio', 'loanamort', 'build')));\n","answerId":"60606951","answerUrl":"https://stackoverflow.com/a/60606951","voteCount":0,"isAccepted":false,"lastModified":"2020-03-09T19:12:48.000Z"},{"answerKeywords":["express","static","to","to","route","static","express","static","path","static","to","static","to","to","to","route","static","express","static","path","route","static","static","express","express","path","static","serve","express","static","path","express","static","express","static","files","static","files","express","to"],"answerWordCount":950,"text":"join(unknown, string, string, string)","parentType":"any","name":"join","arguments":[{"type":"any"},{"type":"string"},{"type":"string"},{"type":"string"}],"returnType":"any","usage":"path.join(__dirname, 'portfolio', 'loanamort', 'build')","definition":"","source":"const staticMiddleware = express.static(path.join(__dirname, 'portfolio', 'loanamort', 'build'));\n// staticMiddleware holds a reference to a **function**!\napp.use(staticMiddleware);\n\n// Declare the middleware outside of \".use()\", so that you don't re-instantiate\n// it for every request.\nconst staticMiddleware = express.static(path.join(__dirname, 'portfolio', 'loanamort', 'build'));\nrouter.use('/loanamort', (req, res, next) => {\n    staticMiddleware(req, res, next);\n})\n\napp.use('/loanamort', express.static(path.join(__dirname, 'portfolio', 'loanamort', 'build')));\n","answerId":"60606951","answerUrl":"https://stackoverflow.com/a/60606951","voteCount":0,"isAccepted":false,"lastModified":"2020-03-09T19:12:48.000Z"},{"answerKeywords":["express","static","to","to","route","static","express","static","path","static","to","static","to","to","to","route","static","express","static","path","route","static","static","express","express","path","static","serve","express","static","path","express","static","express","static","files","static","files","express","to"],"answerWordCount":950,"text":"use(unknown)","parentType":"any","name":"use","arguments":[{"type":"any"}],"returnType":"any","usage":"app.use(staticMiddleware)","definition":"","source":"const staticMiddleware = express.static(path.join(__dirname, 'portfolio', 'loanamort', 'build'));\n// staticMiddleware holds a reference to a **function**!\napp.use(staticMiddleware);\n\n// Declare the middleware outside of \".use()\", so that you don't re-instantiate\n// it for every request.\nconst staticMiddleware = express.static(path.join(__dirname, 'portfolio', 'loanamort', 'build'));\nrouter.use('/loanamort', (req, res, next) => {\n    staticMiddleware(req, res, next);\n})\n\napp.use('/loanamort', express.static(path.join(__dirname, 'portfolio', 'loanamort', 'build')));\n","answerId":"60606951","answerUrl":"https://stackoverflow.com/a/60606951","voteCount":0,"isAccepted":false,"lastModified":"2020-03-09T19:12:48.000Z"},{"answerKeywords":["express","static","to","to","route","static","express","static","path","static","to","static","to","to","to","route","static","express","static","path","route","static","static","express","express","path","static","serve","express","static","path","express","static","express","static","files","static","files","express","to"],"answerWordCount":950,"text":"static(unknown)","parentType":"any","name":"static","arguments":[{"type":"any"}],"returnType":"any","usage":"const staticMiddleware = express.static(path.join(__dirname, 'portfolio', 'loanamort', 'build'));","definition":"","source":"const staticMiddleware = express.static(path.join(__dirname, 'portfolio', 'loanamort', 'build'));\n// staticMiddleware holds a reference to a **function**!\napp.use(staticMiddleware);\n\n// Declare the middleware outside of \".use()\", so that you don't re-instantiate\n// it for every request.\nconst staticMiddleware = express.static(path.join(__dirname, 'portfolio', 'loanamort', 'build'));\nrouter.use('/loanamort', (req, res, next) => {\n    staticMiddleware(req, res, next);\n})\n\napp.use('/loanamort', express.static(path.join(__dirname, 'portfolio', 'loanamort', 'build')));\n","answerId":"60606951","answerUrl":"https://stackoverflow.com/a/60606951","voteCount":0,"isAccepted":false,"lastModified":"2020-03-09T19:12:48.000Z"},{"answerKeywords":["express","static","to","to","route","static","express","static","path","static","to","static","to","to","to","route","static","express","static","path","route","static","static","express","express","path","static","serve","express","static","path","express","static","express","static","files","static","files","express","to"],"answerWordCount":950,"text":"join(unknown, string, string, string)","parentType":"any","name":"join","arguments":[{"type":"any"},{"type":"string"},{"type":"string"},{"type":"string"}],"returnType":"any","usage":"path.join(__dirname, 'portfolio', 'loanamort', 'build')","definition":"","source":"const staticMiddleware = express.static(path.join(__dirname, 'portfolio', 'loanamort', 'build'));\n// staticMiddleware holds a reference to a **function**!\napp.use(staticMiddleware);\n\n// Declare the middleware outside of \".use()\", so that you don't re-instantiate\n// it for every request.\nconst staticMiddleware = express.static(path.join(__dirname, 'portfolio', 'loanamort', 'build'));\nrouter.use('/loanamort', (req, res, next) => {\n    staticMiddleware(req, res, next);\n})\n\napp.use('/loanamort', express.static(path.join(__dirname, 'portfolio', 'loanamort', 'build')));\n","answerId":"60606951","answerUrl":"https://stackoverflow.com/a/60606951","voteCount":0,"isAccepted":false,"lastModified":"2020-03-09T19:12:48.000Z"},{"answerKeywords":["express","static","to","to","route","static","express","static","path","static","to","static","to","to","to","route","static","express","static","path","route","static","static","express","express","path","static","serve","express","static","path","express","static","express","static","files","static","files","express","to"],"answerWordCount":950,"text":"use(string, function)","parentType":"any","name":"use","arguments":[{"type":"string"},{"type":"(req: any, res: any, next: any) => void"}],"returnType":"any","usage":"router.use('/loanamort', (req, res, next) => {\n    staticMiddleware(req, res, next);\n})","definition":"","source":"const staticMiddleware = express.static(path.join(__dirname, 'portfolio', 'loanamort', 'build'));\n// staticMiddleware holds a reference to a **function**!\napp.use(staticMiddleware);\n\n// Declare the middleware outside of \".use()\", so that you don't re-instantiate\n// it for every request.\nconst staticMiddleware = express.static(path.join(__dirname, 'portfolio', 'loanamort', 'build'));\nrouter.use('/loanamort', (req, res, next) => {\n    staticMiddleware(req, res, next);\n})\n\napp.use('/loanamort', express.static(path.join(__dirname, 'portfolio', 'loanamort', 'build')));\n","answerId":"60606951","answerUrl":"https://stackoverflow.com/a/60606951","voteCount":0,"isAccepted":false,"lastModified":"2020-03-09T19:12:48.000Z"},{"answerKeywords":["express","static","to","to","route","static","express","static","path","static","to","static","to","to","to","route","static","express","static","path","route","static","static","express","express","path","static","serve","express","static","path","express","static","express","static","files","static","files","express","to"],"answerWordCount":950,"text":"use(string, unknown)","parentType":"any","name":"use","arguments":[{"type":"string"},{"type":"any"}],"returnType":"any","usage":"app.use('/loanamort', express.static(path.join(__dirname, 'portfolio', 'loanamort', 'build')))","definition":"","source":"const staticMiddleware = express.static(path.join(__dirname, 'portfolio', 'loanamort', 'build'));\n// staticMiddleware holds a reference to a **function**!\napp.use(staticMiddleware);\n\n// Declare the middleware outside of \".use()\", so that you don't re-instantiate\n// it for every request.\nconst staticMiddleware = express.static(path.join(__dirname, 'portfolio', 'loanamort', 'build'));\nrouter.use('/loanamort', (req, res, next) => {\n    staticMiddleware(req, res, next);\n})\n\napp.use('/loanamort', express.static(path.join(__dirname, 'portfolio', 'loanamort', 'build')));\n","answerId":"60606951","answerUrl":"https://stackoverflow.com/a/60606951","voteCount":0,"isAccepted":false,"lastModified":"2020-03-09T19:12:48.000Z"},{"answerKeywords":["express","static","to","to","route","static","express","static","path","static","to","static","to","to","to","route","static","express","static","path","route","static","static","express","express","path","static","serve","express","static","path","express","static","express","static","files","static","files","express","to"],"answerWordCount":950,"text":"static(unknown)","parentType":"any","name":"static","arguments":[{"type":"any"}],"returnType":"any","usage":"express.static(path.join(__dirname, 'portfolio', 'loanamort', 'build'))","definition":"","source":"const staticMiddleware = express.static(path.join(__dirname, 'portfolio', 'loanamort', 'build'));\n// staticMiddleware holds a reference to a **function**!\napp.use(staticMiddleware);\n\n// Declare the middleware outside of \".use()\", so that you don't re-instantiate\n// it for every request.\nconst staticMiddleware = express.static(path.join(__dirname, 'portfolio', 'loanamort', 'build'));\nrouter.use('/loanamort', (req, res, next) => {\n    staticMiddleware(req, res, next);\n})\n\napp.use('/loanamort', express.static(path.join(__dirname, 'portfolio', 'loanamort', 'build')));\n","answerId":"60606951","answerUrl":"https://stackoverflow.com/a/60606951","voteCount":0,"isAccepted":false,"lastModified":"2020-03-09T19:12:48.000Z"},{"answerKeywords":["express","static","to","to","route","static","express","static","path","static","to","static","to","to","to","route","static","express","static","path","route","static","static","express","express","path","static","serve","express","static","path","express","static","express","static","files","static","files","express","to"],"answerWordCount":950,"text":"join(unknown, string, string, string)","parentType":"any","name":"join","arguments":[{"type":"any"},{"type":"string"},{"type":"string"},{"type":"string"}],"returnType":"any","usage":"path.join(__dirname, 'portfolio', 'loanamort', 'build')","definition":"","source":"const staticMiddleware = express.static(path.join(__dirname, 'portfolio', 'loanamort', 'build'));\n// staticMiddleware holds a reference to a **function**!\napp.use(staticMiddleware);\n\n// Declare the middleware outside of \".use()\", so that you don't re-instantiate\n// it for every request.\nconst staticMiddleware = express.static(path.join(__dirname, 'portfolio', 'loanamort', 'build'));\nrouter.use('/loanamort', (req, res, next) => {\n    staticMiddleware(req, res, next);\n})\n\napp.use('/loanamort', express.static(path.join(__dirname, 'portfolio', 'loanamort', 'build')));\n","answerId":"60606951","answerUrl":"https://stackoverflow.com/a/60606951","voteCount":0,"isAccepted":false,"lastModified":"2020-03-09T19:12:48.000Z"}],"areSignaturesLoading":false,"title":"With Node/Express, how can I serve static files from React for ...","snippet":"It does work when I do the same thing through the server.js file with: app.use(express.static(path.join(__dirname,'portfolio ...","url":"https://stackoverflow.com/questions/60606176/with-node-express-how-can-i-serve-static-files-from-react-for-a-specific-route","displayLink":"https://stackoverflow.com › wi...","snippetHighlightWords":["server","js file","express","static","path"],"date":"9 Mar 2020"},{"signatures":[{"answerKeywords":["to","serve","files","serve","serve","serve","to","serve","files","route","serve","serve","express","static","static","files","to","to","serve","path","to","to","path","add","path","serve","path","to","path","to","path","path","to","to","path","path","to","path","to","serve","path","to","path","path","to","to","path","path","to","path","to","serve","serve","serve","express","static","express","static","path","to","serve","to","to","serve","express","static","express","static","path","to","serve"],"answerWordCount":1683,"text":"use(unknown)","parentType":"any","name":"use","arguments":[{"type":"any"}],"returnType":"any","usage":"app.use(express.static(\"/my-project/public\"))","definition":"","source":"/my-project\n    server\n    public\n        images\n            kitten.jpg\n\napp.use(express.static(\"/my-project/public\"));\n\n<img src=\"/images/kitten.jpg\">\n\napp.use(express.static(\"/my-project/public/images\"));\n\n<img src=\"/kitten.jpg\">\n","answerId":"71670938","answerUrl":"https://stackoverflow.com/a/71670938","voteCount":0,"isAccepted":true,"lastModified":"2022-03-30T02:48:36.000Z"},{"answerKeywords":["to","serve","files","serve","serve","serve","to","serve","files","route","serve","serve","express","static","static","files","to","to","serve","path","to","to","path","add","path","serve","path","to","path","to","path","path","to","to","path","path","to","path","to","serve","path","to","path","path","to","to","path","path","to","path","to","serve","serve","serve","express","static","express","static","path","to","serve","to","to","serve","express","static","express","static","path","to","serve"],"answerWordCount":1683,"text":"static(string)","parentType":"any","name":"static","arguments":[{"type":"string"}],"returnType":"any","usage":"express.static(\"/my-project/public\")","definition":"","source":"/my-project\n    server\n    public\n        images\n            kitten.jpg\n\napp.use(express.static(\"/my-project/public\"));\n\n<img src=\"/images/kitten.jpg\">\n\napp.use(express.static(\"/my-project/public/images\"));\n\n<img src=\"/kitten.jpg\">\n","answerId":"71670938","answerUrl":"https://stackoverflow.com/a/71670938","voteCount":0,"isAccepted":true,"lastModified":"2022-03-30T02:48:36.000Z"},{"answerKeywords":["to","express","static","express","static","files","to","to"],"answerWordCount":910,"text":"use(unknown)","parentType":"any","name":"use","arguments":[{"type":"any"}],"returnType":"any","usage":"app.use(express.static('public'))","definition":"","source":"app.use(express.static('public'));  \n","answerId":"71668774","answerUrl":"https://stackoverflow.com/a/71668774","voteCount":0,"isAccepted":false,"lastModified":"2022-03-30T12:43:57.000Z"},{"answerKeywords":["to","express","static","express","static","files","to","to"],"answerWordCount":910,"text":"static(string)","parentType":"any","name":"static","arguments":[{"type":"string"}],"returnType":"any","usage":"express.static('public')","definition":"","source":"app.use(express.static('public'));  \n","answerId":"71668774","answerUrl":"https://stackoverflow.com/a/71668774","voteCount":0,"isAccepted":false,"lastModified":"2022-03-30T12:43:57.000Z"}],"areSignaturesLoading":false,"title":"Static Files in express - node.js - Stack Overflow","snippet":"First off, you need to make sure you realize that with a nodejs web server, no files from the server file system are served by default.","url":"https://stackoverflow.com/questions/71668735/static-files-in-express","displayLink":"https://stackoverflow.com › st...","snippetHighlightWords":["nodejs","server","files","server file","served"],"date":"29 Mar 2022 2 jawaban"},{"signatures":[{"answerKeywords":["express","static","path","files","files","path","to","to","to","path","to"],"answerWordCount":882,"text":"use(unknown)","parentType":"any","name":"use","arguments":[{"type":"any"}],"returnType":"any","usage":"app.use(express.static(path.join(__dirname, \"public\")))","definition":"","source":"  app.use(express.static(path.join(__dirname, \"public\")));\n\n|__public/   \n    |__ css/\n        |__ css files...\n    |__ js/\n        |__ js files...\n\n//For CSS File\n<link rel=\"stylesheet\" href=\"/css/main.css\" />\n\n//For JS File\n<script src=\"/js/script.js\"></script>\n","answerId":"72412862","answerUrl":"https://stackoverflow.com/a/72412862","voteCount":0,"isAccepted":false,"lastModified":"2022-05-28T04:33:22.000Z"},{"answerKeywords":["express","static","path","files","files","path","to","to","to","path","to"],"answerWordCount":882,"text":"static(unknown)","parentType":"any","name":"static","arguments":[{"type":"any"}],"returnType":"any","usage":"express.static(path.join(__dirname, \"public\"))","definition":"","source":"  app.use(express.static(path.join(__dirname, \"public\")));\n\n|__public/   \n    |__ css/\n        |__ css files...\n    |__ js/\n        |__ js files...\n\n//For CSS File\n<link rel=\"stylesheet\" href=\"/css/main.css\" />\n\n//For JS File\n<script src=\"/js/script.js\"></script>\n","answerId":"72412862","answerUrl":"https://stackoverflow.com/a/72412862","voteCount":0,"isAccepted":false,"lastModified":"2022-05-28T04:33:22.000Z"},{"answerKeywords":["express","static","path","files","files","path","to","to","to","path","to"],"answerWordCount":882,"text":"join(unknown, string)","parentType":"any","name":"join","arguments":[{"type":"any"},{"type":"string"}],"returnType":"any","usage":"path.join(__dirname, \"public\")","definition":"","source":"  app.use(express.static(path.join(__dirname, \"public\")));\n\n|__public/   \n    |__ css/\n        |__ css files...\n    |__ js/\n        |__ js files...\n\n//For CSS File\n<link rel=\"stylesheet\" href=\"/css/main.css\" />\n\n//For JS File\n<script src=\"/js/script.js\"></script>\n","answerId":"72412862","answerUrl":"https://stackoverflow.com/a/72412862","voteCount":0,"isAccepted":false,"lastModified":"2022-05-28T04:33:22.000Z"}],"areSignaturesLoading":false,"title":"nodejs express app serve static files from public/js folder not ...","snippet":"1. Add this middleware in the index.js above you set view engine. app.use(express.static(path.join(__dirname, \"public\"))); ...","url":"https://stackoverflow.com/questions/72411261/nodejs-express-app-serve-static-files-from-public-js-folder-not-work","displayLink":"https://stackoverflow.com › n...","snippetHighlightWords":["Add","js","express","static","path"],"date":"27 Mei 2022 1 jawaban"}],"events":[{"timestamp":"2022-11-10T11:46:14.208Z","url":"https://stackoverflow.com/questions/55853857/how-to-serve-static-files-to-different-routes-in-express","component":"projection","action":"mouseenter"},{"timestamp":"2022-11-10T11:46:15.108Z","url":"https://stackoverflow.com/questions/55853857/how-to-serve-static-files-to-different-routes-in-express","component":"projection","action":"loaded","data":"projection 1 of 10"},{"timestamp":"2022-11-10T11:46:15.837Z","url":"https://stackoverflow.com/questions/55853857/how-to-serve-static-files-to-different-routes-in-express","component":"page","action":"open"},{"timestamp":"2022-11-10T11:46:15.849Z","url":"https://stackoverflow.com/questions/55853857/how-to-serve-static-files-to-different-routes-in-express","component":"projection","action":"mouseleave"},{"timestamp":"2022-11-10T11:46:16.216Z","url":"https://stackoverflow.com/questions/60878869/express-routes-to-serve-directory-of-static-content","component":"projection","action":"loaded","data":"projection 2 of 10"},{"timestamp":"2022-11-10T11:46:16.364Z","url":"https://stackoverflow.com/questions/55853857/how-to-serve-static-files-to-different-routes-in-express","component":"page","action":"load"},{"timestamp":"2022-11-10T11:46:16.976Z","url":"https://stackoverflow.com/questions/65115458/how-to-serve-static-files-in-expressjs-on-some-paths-and-not-others","component":"projection","action":"loaded","data":"projection 3 of 10"},{"timestamp":"2022-11-10T11:46:17.251Z","url":"https://stackoverflow.com/questions/69692368/express-serve-static-files-inside-router","component":"projection","action":"loaded","data":"projection 4 of 10"},{"timestamp":"2022-11-10T11:46:17.656Z","url":"https://stackoverflow.com/questions/71015238/express-serving-static-files-in-express-using-app-use-not-working-on-route","component":"projection","action":"loaded","data":"projection 5 of 10"},{"timestamp":"2022-11-10T11:46:18.765Z","url":"https://stackoverflow.com/questions/30746824/serve-static-files-using-routes-in-express-js","component":"projection","action":"loaded","data":"projection 6 of 10"},{"timestamp":"2022-11-10T11:46:18.941Z","url":"https://stackoverflow.com/questions/55853857/how-to-serve-static-files-to-different-routes-in-express","component":"page","action":"scroll","data":{"viewport":{"x":0,"y":1335,"height":921,"width":511},"document":{"height":3895,"width":511},"question":{"identifier":"55853857","top":-1193.9166259765625,"bottom":224.5167236328125,"right":495,"left":16,"width":479,"height":1418.433349609375},"answers":[{"identifier":"55854598","top":304.816650390625,"bottom":691.1499633789062,"right":495,"left":16,"width":479,"height":386.33331298828125}]}},{"timestamp":"2022-11-10T11:46:19.156Z","url":"https://stackoverflow.com/questions/42977068/express-serving-static-files-and-routing","component":"projection","action":"loaded","data":"projection 7 of 10"},{"timestamp":"2022-11-10T11:46:19.545Z","url":"https://stackoverflow.com/questions/60606176/with-node-express-how-can-i-serve-static-files-from-react-for-a-specific-route","component":"projection","action":"loaded","data":"projection 8 of 10"},{"timestamp":"2022-11-10T11:46:20.209Z","url":"https://stackoverflow.com/questions/71668735/static-files-in-express","component":"projection","action":"loaded","data":"projection 9 of 10"},{"timestamp":"2022-11-10T11:46:20.659Z","url":"https://stackoverflow.com/questions/72411261/nodejs-express-app-serve-static-files-from-public-js-folder-not-work","component":"projection","action":"loaded","data":"projection 10 of 10"},{"timestamp":"2022-11-10T11:46:23.648Z","url":"https://stackoverflow.com/questions/55853857/how-to-serve-static-files-to-different-routes-in-express","component":"page","action":"scroll","data":{"viewport":{"x":0,"y":1592,"height":921,"width":511},"document":{"height":3895,"width":511},"question":{"identifier":"55853857","top":-1450.9166259765625,"bottom":-32.4832763671875,"right":495,"left":16,"width":479,"height":1418.433349609375},"answers":[{"identifier":"55854598","top":47.81666564941406,"bottom":434.1499786376953,"right":495,"left":16,"width":479,"height":386.33331298828125}]}},{"timestamp":"2022-11-10T11:46:24.640Z","url":"https://stackoverflow.com/questions/55853857/how-to-serve-static-files-to-different-routes-in-express","component":"page","action":"scroll","data":{"viewport":{"x":0,"y":2104,"height":921,"width":511},"document":{"height":3895,"width":511},"question":{"identifier":"55853857","top":-1962.9166259765625,"bottom":-544.4832763671875,"right":495,"left":16,"width":479,"height":1418.433349609375},"answers":[{"identifier":"55854598","top":-464.183349609375,"bottom":-77.85003662109375,"right":495,"left":16,"width":479,"height":386.33331298828125}]}},{"timestamp":"2022-11-10T11:46:25.147Z","url":"https://stackoverflow.com/questions/55853857/how-to-serve-static-files-to-different-routes-in-express","component":"page","action":"close"},{"timestamp":"2022-11-10T11:46:25.470Z","url":"https://stackoverflow.com/questions/60878869/express-routes-to-serve-directory-of-static-content","component":"projection","action":"mouseenter"},{"timestamp":"2022-11-10T11:46:25.502Z","url":"","component":"projection","action":"mouseenter","data":"use(unknown)"},{"timestamp":"2022-11-10T11:46:25.536Z","url":"","component":"projection","action":"mouseleave","data":"use(unknown)"},{"timestamp":"2022-11-10T11:46:25.537Z","url":"","component":"projection","action":"mouseenter","data":"static(unknown)"},{"timestamp":"2022-11-10T11:46:25.669Z","url":"","component":"projection","action":"mouseleave","data":"static(unknown)"},{"timestamp":"2022-11-10T11:46:25.671Z","url":"","component":"projection","action":"mouseenter","data":"use(unknown)"},{"timestamp":"2022-11-10T11:46:26.931Z","url":"https://stackoverflow.com/questions/60878869/express-routes-to-serve-directory-of-static-content","component":"projection","action":"expand","data":"use(unknown)"},{"timestamp":"2022-11-10T11:46:27.460Z","url":"https://stackoverflow.com/questions/60878869/express-routes-to-serve-directory-of-static-content","component":"projection","action":"tab","data":{"name":"usage","height":49,"width":483,"wc":2,"lc":1,"sig":"use(unknown)"}},{"timestamp":"2022-11-10T11:46:28.609Z","url":"https://stackoverflow.com/questions/60878869/express-routes-to-serve-directory-of-static-content","component":"projection","action":"tab","data":{"name":"code","height":49,"width":483,"wc":2,"lc":1,"sig":"use(unknown)"}},{"timestamp":"2022-11-10T11:46:30.866Z","url":"https://stackoverflow.com/questions/60878869/express-routes-to-serve-directory-of-static-content","component":"projection","action":"selection","data":{"sig":"use(unknown)","selection":"static"}},{"timestamp":"2022-11-10T11:46:31.020Z","url":"https://stackoverflow.com/questions/60878869/express-routes-to-serve-directory-of-static-content","component":"projection","action":"selection","data":{"sig":"use(unknown)","selection":"app.use(express.static(path.join(__dirname, 'public')));"}},{"timestamp":"2022-11-10T11:46:32.601Z","url":"https://stackoverflow.com/questions/60878869/express-routes-to-serve-directory-of-static-content","component":"projection","action":"copy","data":{"sig":"use(unknown)","selection":"app.use(express.static(path.join(__dirname, 'public')));"}},{"timestamp":"2022-11-10T11:46:32.796Z","url":"","component":"projection","action":"mouseleave","data":"use(unknown)"},{"timestamp":"2022-11-10T11:46:32.799Z","url":"https://stackoverflow.com/questions/60878869/express-routes-to-serve-directory-of-static-content","component":"projection","action":"mouseleave"},{"timestamp":"2022-11-10T11:47:15.097Z","url":"https://stackoverflow.com/questions/55853857/how-to-serve-static-files-to-different-routes-in-express","component":"projection","action":"mouseenter"},{"timestamp":"2022-11-10T11:47:15.105Z","url":"https://stackoverflow.com/questions/55853857/how-to-serve-static-files-to-different-routes-in-express","component":"projection","action":"mouseleave"},{"timestamp":"2022-11-10T11:47:15.108Z","url":"https://stackoverflow.com/questions/60878869/express-routes-to-serve-directory-of-static-content","component":"projection","action":"mouseenter"},{"timestamp":"2022-11-10T11:47:15.113Z","url":"","component":"projection","action":"mouseenter","data":"use(unknown)"},{"timestamp":"2022-11-10T11:47:15.602Z","url":"","component":"projection","action":"mouseleave","data":"use(unknown)"},{"timestamp":"2022-11-10T11:47:15.720Z","url":"","component":"projection","action":"mouseenter","data":"static(unknown)"},{"timestamp":"2022-11-10T11:47:16.074Z","url":"https://stackoverflow.com/questions/60878869/express-routes-to-serve-directory-of-static-content","component":"projection","action":"expand","data":"static(unknown)"},{"timestamp":"2022-11-10T11:47:16.600Z","url":"https://stackoverflow.com/questions/60878869/express-routes-to-serve-directory-of-static-content","component":"projection","action":"tab","data":{"name":"usage","height":49,"width":414.3999938964844,"wc":2,"lc":1,"sig":"static(unknown)"}},{"timestamp":"2022-11-10T11:47:17.946Z","url":"https://stackoverflow.com/questions/60878869/express-routes-to-serve-directory-of-static-content","component":"projection","action":"selection","data":{"sig":"static(unknown)","selection":"express.static(path.join(__dirname, 'public'))"}},{"timestamp":"2022-11-10T11:47:19.369Z","url":"","component":"projection","action":"mouseleave","data":"static(unknown)"},{"timestamp":"2022-11-10T11:47:19.385Z","url":"","component":"projection","action":"mouseenter","data":"join(unknown, string)"},{"timestamp":"2022-11-10T11:47:19.411Z","url":"","component":"projection","action":"mouseleave","data":"join(unknown, string)"},{"timestamp":"2022-11-10T11:47:19.419Z","url":"https://stackoverflow.com/questions/60878869/express-routes-to-serve-directory-of-static-content","component":"projection","action":"mouseleave"},{"timestamp":"2022-11-10T11:47:19.421Z","url":"https://stackoverflow.com/questions/65115458/how-to-serve-static-files-in-expressjs-on-some-paths-and-not-others","component":"projection","action":"mouseenter"},{"timestamp":"2022-11-10T11:47:20.228Z","url":"","component":"projection","action":"mouseenter","data":"use(string, unknown)"},{"timestamp":"2022-11-10T11:47:21.525Z","url":"https://stackoverflow.com/questions/65115458/how-to-serve-static-files-in-expressjs-on-some-paths-and-not-others","component":"projection","action":"expand","data":"use(string, unknown)"},{"timestamp":"2022-11-10T11:47:22.054Z","url":"https://stackoverflow.com/questions/65115458/how-to-serve-static-files-in-expressjs-on-some-paths-and-not-others","component":"projection","action":"tab","data":{"name":"usage","height":49,"width":355.6000061035156,"wc":2,"lc":1,"sig":"use(string, unknown)"}},{"timestamp":"2022-11-10T11:47:22.058Z","url":"https://stackoverflow.com/questions/65115458/how-to-serve-static-files-in-expressjs-on-some-paths-and-not-others","component":"projection","action":"tab","data":{"name":"usage","height":91,"width":483,"wc":4,"lc":2,"sig":"use(string, unknown)"}},{"timestamp":"2022-11-10T11:47:23.886Z","url":"https://stackoverflow.com/questions/65115458/how-to-serve-static-files-in-expressjs-on-some-paths-and-not-others","component":"projection","action":"selection","data":{"sig":"use(string, unknown)","selection":"static"}},{"timestamp":"2022-11-10T11:47:24.069Z","url":"https://stackoverflow.com/questions/65115458/how-to-serve-static-files-in-expressjs-on-some-paths-and-not-others","component":"projection","action":"selection","data":{"sig":"use(string, unknown)","selection":"app.use(\"/\", express.static(__dirname))"}},{"timestamp":"2022-11-10T11:47:25.214Z","url":"https://stackoverflow.com/questions/65115458/how-to-serve-static-files-in-expressjs-on-some-paths-and-not-others","component":"projection","action":"copy","data":{"sig":"use(string, unknown)","selection":"app.use(\"/\", express.static(__dirname))"}},{"timestamp":"2022-11-10T11:47:25.478Z","url":"","component":"projection","action":"mouseleave","data":"use(string, unknown)"},{"timestamp":"2022-11-10T11:47:25.486Z","url":"https://stackoverflow.com/questions/65115458/how-to-serve-static-files-in-expressjs-on-some-paths-and-not-others","component":"projection","action":"mouseleave"}]}]}