{"trialId":"92307_1","taskId":"find","appEvents":[{"timestamp":"2022-11-10T11:37:34.607Z","name":"resize","data":{"height":981,"width":629}},{"timestamp":"2022-11-10T11:37:35.591Z","name":"search","data":"search-start"},{"timestamp":"2022-11-10T11:37:36.802Z","name":"search","data":"search-done"}],"searches":[{"keywords":["find","item","in","array","by","value"],"context":{"tokens":[{"kind":"language","value":"javascript"}]},"timestamp":"2022-11-10T11:37:35.591Z","results":[{"signatures":[],"areSignaturesLoading":true,"title":"Find a value in an array of objects in Javascript - Stack Overflow","url":"https://stackoverflow.com/questions/12462318/find-a-value-in-an-array-of-objects-in-javascript","displayLink":"https://stackoverflow.com › questions › find-a-value-in-...","date":"Sep 17, 2012","snippet":"The find() method returns the first value that matches from the collection. Once it matches the value in findings, it will not check the ...","snippetHighlightWords":["find","value","value","check"]},{"signatures":[],"areSignaturesLoading":true,"title":"How to find if an array contains a specific string in JavaScript ...","url":"https://stackoverflow.com/questions/6116474/how-to-find-if-an-array-contains-a-specific-string-in-javascript-jquery","displayLink":"https://stackoverflow.com › questions › how-to-find-if-...","date":"May 24, 2011","snippet":"var found = categories.includes('specialword');. No comparisons and no confusing -1 results. It does what we want: it returns true ..."},{"signatures":[],"areSignaturesLoading":true,"title":"Find object with specific value in array - Stack Overflow","url":"https://stackoverflow.com/questions/52460473/find-object-with-specific-value-in-array","displayLink":"https://stackoverflow.com › questions › find-object-wit...","date":"Sep 22, 2018","snippet":"Now, I would like to check if my array contains an object with the name \"Mike\". How do I go about this in javascript? I am thinking something ...","snippetHighlightWords":["check","array","object","javascript"]},{"signatures":[],"areSignaturesLoading":true,"title":"Get JavaScript object from array of objects by value of property","url":"https://stackoverflow.com/questions/13964155/get-javascript-object-from-array-of-objects-by-value-of-property","displayLink":"https://stackoverflow.com › questions › get-javascript-o...","date":"Dec 20, 2012","snippet":"The find() method returns a value in the array, if an element in the array satisfies the provided testing function.","snippetHighlightWords":["find","value","array","element","array"]},{"signatures":[],"areSignaturesLoading":true,"title":"Find object by id in an array of JavaScript objects","url":"https://stackoverflow.com/questions/7364150/find-object-by-id-in-an-array-of-javascript-objects","displayLink":"https://stackoverflow.com › questions › find-object-by-i...","snippet":"Use the find() method: myArray.find(x => x.id === '45').foo;. From MDN: The find() method returns the first value in the array, ...","snippetHighlightWords":["find","find","find","value","array"],"extensions":["Sep 9, 2011","36 answers"]},{"signatures":[],"areSignaturesLoading":true,"title":"Find all matching elements with in an array of objects [duplicate]","url":"https://stackoverflow.com/questions/52311150/find-all-matching-elements-with-in-an-array-of-objects","displayLink":"https://stackoverflow.com › questions › find-all-matchi...","snippet":"Two things: first, Array.find() returns the first matching element, undefined if it finds nothing. Array.filter returns a new array ...","snippetHighlightWords":["Array","find","element","Array","array"],"extensions":["Sep 13, 2018","6 answers"]},{"signatures":[],"areSignaturesLoading":true,"title":"How do I check if an array includes a value in JavaScript?","url":"https://stackoverflow.com/questions/237104/how-do-i-check-if-an-array-includes-a-value-in-javascript","displayLink":"https://stackoverflow.com › questions › how-do-i-check...","snippet":"inArray is a terrible name for a function that returns the index of the element, and -1 if it doesn't exist. I would expect a boolean to be returned. – Tim. Jul ...","snippetHighlightWords":["element"]},{"signatures":[],"areSignaturesLoading":true,"title":"How can I find and update values in an array of objects?","url":"https://stackoverflow.com/questions/35206125/how-can-i-find-and-update-values-in-an-array-of-objects","displayLink":"https://stackoverflow.com › questions › how-can-i-find-...","date":"Feb 4, 2016","snippet":"var item = {...} var items = [{id:2}, {id:2}, {id: ...","snippetHighlightWords":["item"]},{"signatures":[],"areSignaturesLoading":true,"title":"Find an item in array and get whats left - Stack Overflow","url":"https://stackoverflow.com/questions/57607836/find-an-item-in-array-and-get-whats-left","displayLink":"https://stackoverflow.com › questions › find-an-item-in...","date":"Aug 22, 2019","snippet":"var fruit = [ \"apples\", \"pears\" ]; var alreadyHave = \"apples\"; for( var i = 0; i < fruit.length; i++){ if (! fruit[i] === alreadyHave) { fruit."},{"signatures":[],"areSignaturesLoading":true,"title":"Best way to find if an item is in a JavaScript array? [duplicate]","url":"https://stackoverflow.com/questions/143847/best-way-to-find-if-an-item-is-in-a-javascript-array","displayLink":"https://stackoverflow.com › questions › best-way-to-fin...","snippet":"Note that \"inArray\" is a misnomer, because it doesn't return boolean value - it returns index of first element found. So if you are checking if ...","extensions":["Sep 27, 2008","8 answers"]}],"events":[{"timestamp":"2022-11-10T11:37:35.617Z","url":"https://stackoverflow.com/questions/12462318/find-a-value-in-an-array-of-objects-in-javascript","component":"projection","action":"load","data":{"height":41.5,"width":615.0999755859375,"wc":25,"lc":1}},{"timestamp":"2022-11-10T11:37:35.617Z","url":"https://stackoverflow.com/questions/6116474/how-to-find-if-an-array-contains-a-specific-string-in-javascript-jquery","component":"projection","action":"load","data":{"height":41.5,"width":565.183349609375,"wc":20,"lc":1}},{"timestamp":"2022-11-10T11:37:35.617Z","url":"https://stackoverflow.com/questions/52460473/find-object-with-specific-value-in-array","component":"projection","action":"load","data":{"height":41.5,"width":617.933349609375,"wc":29,"lc":1}},{"timestamp":"2022-11-10T11:37:35.617Z","url":"https://stackoverflow.com/questions/13964155/get-javascript-object-from-array-of-objects-by-value-of-property","component":"projection","action":"load","data":{"height":41.5,"width":570.2166748046875,"wc":20,"lc":1}},{"timestamp":"2022-11-10T11:37:35.617Z","url":"https://stackoverflow.com/questions/7364150/find-object-by-id-in-an-array-of-javascript-objects","component":"projection","action":"load","data":{"height":41.5,"width":587.88330078125,"wc":22,"lc":1}},{"timestamp":"2022-11-10T11:37:35.617Z","url":"https://stackoverflow.com/questions/52311150/find-all-matching-elements-with-in-an-array-of-objects","component":"projection","action":"load","data":{"height":41.5,"width":595.75,"wc":20,"lc":1}},{"timestamp":"2022-11-10T11:37:35.617Z","url":"https://stackoverflow.com/questions/237104/how-do-i-check-if-an-array-includes-a-value-in-javascript","component":"projection","action":"load","data":{"height":41.5,"width":615.9000244140625,"wc":33,"lc":1}},{"timestamp":"2022-11-10T11:37:35.617Z","url":"https://stackoverflow.com/questions/35206125/how-can-i-find-and-update-values-in-an-array-of-objects","component":"projection","action":"load","data":{"height":19.5,"width":296.01666259765625,"wc":11,"lc":1}},{"timestamp":"2022-11-10T11:37:35.617Z","url":"https://stackoverflow.com/questions/57607836/find-an-item-in-array-and-get-whats-left","component":"projection","action":"load","data":{"height":41.5,"width":599.5166625976562,"wc":27,"lc":1}},{"timestamp":"2022-11-10T11:37:35.617Z","url":"https://stackoverflow.com/questions/143847/best-way-to-find-if-an-item-is-in-a-javascript-array","component":"projection","action":"load","data":{"height":41.5,"width":603.2000122070312,"wc":27,"lc":1}},{"timestamp":"2022-11-10T11:37:35.619Z","url":"https://stackoverflow.com/questions/12462318/find-a-value-in-an-array-of-objects-in-javascript","component":"projection","action":"mouseenter"},{"timestamp":"2022-11-10T11:37:36.801Z","url":"https://stackoverflow.com/questions/12462318/find-a-value-in-an-array-of-objects-in-javascript","component":"projection","action":"loaded","data":"projection 10 of 10"},{"timestamp":"2022-11-10T11:37:36.801Z","url":"https://stackoverflow.com/questions/6116474/how-to-find-if-an-array-contains-a-specific-string-in-javascript-jquery","component":"projection","action":"loaded","data":"projection 9 of 10"},{"timestamp":"2022-11-10T11:37:36.801Z","url":"https://stackoverflow.com/questions/52460473/find-object-with-specific-value-in-array","component":"projection","action":"loaded","data":"projection 8 of 10"},{"timestamp":"2022-11-10T11:37:36.801Z","url":"https://stackoverflow.com/questions/13964155/get-javascript-object-from-array-of-objects-by-value-of-property","component":"projection","action":"loaded","data":"projection 7 of 10"},{"timestamp":"2022-11-10T11:37:36.801Z","url":"https://stackoverflow.com/questions/7364150/find-object-by-id-in-an-array-of-javascript-objects","component":"projection","action":"loaded","data":"projection 6 of 10"},{"timestamp":"2022-11-10T11:37:36.801Z","url":"https://stackoverflow.com/questions/52311150/find-all-matching-elements-with-in-an-array-of-objects","component":"projection","action":"loaded","data":"projection 5 of 10"},{"timestamp":"2022-11-10T11:37:36.801Z","url":"https://stackoverflow.com/questions/237104/how-do-i-check-if-an-array-includes-a-value-in-javascript","component":"projection","action":"loaded","data":"projection 4 of 10"},{"timestamp":"2022-11-10T11:37:36.801Z","url":"https://stackoverflow.com/questions/35206125/how-can-i-find-and-update-values-in-an-array-of-objects","component":"projection","action":"loaded","data":"projection 3 of 10"},{"timestamp":"2022-11-10T11:37:36.801Z","url":"https://stackoverflow.com/questions/57607836/find-an-item-in-array-and-get-whats-left","component":"projection","action":"loaded","data":"projection 2 of 10"},{"timestamp":"2022-11-10T11:37:36.801Z","url":"https://stackoverflow.com/questions/143847/best-way-to-find-if-an-item-is-in-a-javascript-array","component":"projection","action":"loaded","data":"projection 1 of 10"},{"timestamp":"2022-11-10T11:37:38.164Z","url":"https://stackoverflow.com/questions/12462318/find-a-value-in-an-array-of-objects-in-javascript","component":"page","action":"open"},{"timestamp":"2022-11-10T11:37:38.191Z","url":"https://stackoverflow.com/questions/12462318/find-a-value-in-an-array-of-objects-in-javascript","component":"projection","action":"mouseleave"},{"timestamp":"2022-11-10T11:37:38.924Z","url":"https://stackoverflow.com/questions/12462318/find-a-value-in-an-array-of-objects-in-javascript","component":"page","action":"load"},{"timestamp":"2022-11-10T11:37:42.006Z","url":"https://stackoverflow.com/questions/12462318/find-a-value-in-an-array-of-objects-in-javascript","component":"page","action":"scroll","data":{"viewport":{"x":0,"y":458,"height":921,"width":625},"document":{"height":16426,"width":625},"question":{"identifier":"12462318","top":-347.76666259765625,"bottom":328.14996337890625,"right":609,"left":16,"width":593,"height":675.9166259765625},"answers":[{"identifier":"12462414","top":408.45001220703125,"bottom":1539.2666625976562,"right":609,"left":16,"width":593,"height":1130.816650390625},{"identifier":"12462387","top":1539.2666015625,"bottom":2150.7999267578125,"right":609,"left":16,"width":593,"height":611.5333251953125},{"identifier":"38500417","top":2150.800048828125,"bottom":2952.433349609375,"right":609,"left":16,"width":593,"height":801.63330078125},{"identifier":"44048398","top":2952.433349609375,"bottom":3361.1666870117188,"right":609,"left":16,"width":593,"height":408.73333740234375},{"identifier":"48718969","top":3361.166748046875,"bottom":4226.60009765625,"right":609,"left":16,"width":593,"height":865.433349609375},{"identifier":"47790805","top":4226.60009765625,"bottom":4867.7333984375,"right":609,"left":16,"width":593,"height":641.13330078125},{"identifier":"43778799","top":4867.7333984375,"bottom":5511.36669921875,"right":609,"left":16,"width":593,"height":643.63330078125},{"identifier":"12462406","top":5511.36669921875,"bottom":6091.300048828125,"right":609,"left":16,"width":593,"height":579.933349609375},{"identifier":"31748358","top":6091.2998046875,"bottom":6683.233154296875,"right":609,"left":16,"width":593,"height":591.933349609375},{"identifier":"47194061","top":6683.2333984375,"bottom":7012.566711425781,"right":609,"left":16,"width":593,"height":329.33331298828125},{"identifier":"33097318","top":7012.56689453125,"bottom":9644.216796875,"right":609,"left":16,"width":593,"height":2631.64990234375},{"identifier":"12462347","top":9644.216796875,"bottom":10168.450134277344,"right":609,"left":16,"width":593,"height":524.2333374023438},{"identifier":"37735967","top":10168.4501953125,"bottom":10443.28353881836,"right":609,"left":16,"width":593,"height":274.8333435058594},{"identifier":"33825763","top":10443.283203125,"bottom":10846.116516113281,"right":609,"left":16,"width":593,"height":402.83331298828125},{"identifier":"24263355","top":10846.1162109375,"bottom":11183.449523925781,"right":609,"left":16,"width":593,"height":337.33331298828125},{"identifier":"42891511","top":11183.4501953125,"bottom":12192.883544921875,"right":609,"left":16,"width":593,"height":1009.433349609375},{"identifier":"37489965","top":12192.8837890625,"bottom":12406.167129516602,"right":609,"left":16,"width":593,"height":213.28334045410156},{"identifier":"38786112","top":12406.1669921875,"bottom":13206.000305175781,"right":609,"left":16,"width":593,"height":799.8333129882812},{"identifier":"27443358","top":13206,"bottom":13570.083312988281,"right":609,"left":16,"width":593,"height":364.08331298828125},{"identifier":"45355935","top":13570.0830078125,"bottom":14050.41635131836,"right":609,"left":16,"width":593,"height":480.3333435058594}]}},{"timestamp":"2022-11-10T11:37:43.218Z","url":"https://stackoverflow.com/questions/12462318/find-a-value-in-an-array-of-objects-in-javascript","component":"page","action":"scroll","data":{"viewport":{"x":0,"y":489,"height":921,"width":625},"document":{"height":16426,"width":625},"question":{"identifier":"12462318","top":-378.76666259765625,"bottom":297.14996337890625,"right":609,"left":16,"width":593,"height":675.9166259765625},"answers":[{"identifier":"12462414","top":377.45001220703125,"bottom":1508.2666625976562,"right":609,"left":16,"width":593,"height":1130.816650390625},{"identifier":"12462387","top":1508.2666015625,"bottom":2119.7999267578125,"right":609,"left":16,"width":593,"height":611.5333251953125},{"identifier":"38500417","top":2119.800048828125,"bottom":2921.433349609375,"right":609,"left":16,"width":593,"height":801.63330078125},{"identifier":"44048398","top":2921.433349609375,"bottom":3330.1666870117188,"right":609,"left":16,"width":593,"height":408.73333740234375},{"identifier":"48718969","top":3330.166748046875,"bottom":4195.60009765625,"right":609,"left":16,"width":593,"height":865.433349609375},{"identifier":"47790805","top":4195.60009765625,"bottom":4836.7333984375,"right":609,"left":16,"width":593,"height":641.13330078125},{"identifier":"43778799","top":4836.7333984375,"bottom":5480.36669921875,"right":609,"left":16,"width":593,"height":643.63330078125},{"identifier":"12462406","top":5480.36669921875,"bottom":6060.300048828125,"right":609,"left":16,"width":593,"height":579.933349609375},{"identifier":"31748358","top":6060.2998046875,"bottom":6652.233154296875,"right":609,"left":16,"width":593,"height":591.933349609375},{"identifier":"47194061","top":6652.2333984375,"bottom":6981.566711425781,"right":609,"left":16,"width":593,"height":329.33331298828125},{"identifier":"33097318","top":6981.56689453125,"bottom":9613.216796875,"right":609,"left":16,"width":593,"height":2631.64990234375},{"identifier":"12462347","top":9613.216796875,"bottom":10137.450134277344,"right":609,"left":16,"width":593,"height":524.2333374023438},{"identifier":"37735967","top":10137.4501953125,"bottom":10412.28353881836,"right":609,"left":16,"width":593,"height":274.8333435058594},{"identifier":"33825763","top":10412.283203125,"bottom":10815.116516113281,"right":609,"left":16,"width":593,"height":402.83331298828125},{"identifier":"24263355","top":10815.1162109375,"bottom":11152.449523925781,"right":609,"left":16,"width":593,"height":337.33331298828125},{"identifier":"42891511","top":11152.4501953125,"bottom":12161.883544921875,"right":609,"left":16,"width":593,"height":1009.433349609375},{"identifier":"37489965","top":12161.8837890625,"bottom":12375.167129516602,"right":609,"left":16,"width":593,"height":213.28334045410156},{"identifier":"38786112","top":12375.1669921875,"bottom":13175.000305175781,"right":609,"left":16,"width":593,"height":799.8333129882812},{"identifier":"27443358","top":13175,"bottom":13539.083312988281,"right":609,"left":16,"width":593,"height":364.08331298828125},{"identifier":"45355935","top":13539.0830078125,"bottom":14019.41635131836,"right":609,"left":16,"width":593,"height":480.3333435058594}]}},{"timestamp":"2022-11-10T11:37:46.560Z","url":"https://stackoverflow.com/questions/12462318/find-a-value-in-an-array-of-objects-in-javascript","component":"page","action":"selection","data":"let obj = arr.find(o => o.name === 'string 1');"},{"timestamp":"2022-11-10T11:37:46.742Z","url":"https://stackoverflow.com/questions/12462318/find-a-value-in-an-array-of-objects-in-javascript","component":"page","action":"copy","data":"let obj = arr.find(o => o.name === 'string 1');"}]}]}