{"trialId":"92307_1","taskId":"clone","appEvents":[{"timestamp":"2022-11-10T11:36:30.812Z","name":"search","data":"search-start"},{"timestamp":"2022-11-10T11:36:32.024Z","name":"search","data":"search-done"}],"searches":[{"keywords":["clone","array"],"context":{"tokens":[{"kind":"language","value":"javascript"}]},"timestamp":"2022-11-10T11:36:30.812Z","results":[{"signatures":[],"areSignaturesLoading":true,"title":"Fastest way to duplicate an array in JavaScript - slice vs. 'for ...","url":"https://stackoverflow.com/questions/3978492/fastest-way-to-duplicate-an-array-in-javascript-slice-vs-for-loop","displayLink":"https://stackoverflow.com › questions › fastest-way-to-d...","snippet":"There are at least 6 (!) ways to clone an array: loop; slice; Array.from(); concat; spread operator (FASTEST); map A.map(function(e){return ...","snippetHighlightWords":["clone","array","Array"],"extensions":["Oct 20, 2010","25 answers"]},{"signatures":[],"areSignaturesLoading":true,"title":"How to clone a Javascript Array of Objects? - Stack Overflow","url":"https://stackoverflow.com/questions/42523881/how-to-clone-a-javascript-array-of-objects","displayLink":"https://stackoverflow.com › questions › how-to-clone-a...","date":"Mar 1, 2017","snippet":"How to clone a Javascript Array of Objects? · use slice(0) . Example: clonedArray = originalArray.slice(0) it will create a new array. – Gerardo.","snippetHighlightWords":["clone","Javascript Array","clonedArray","originalArray","array"]},{"signatures":[],"areSignaturesLoading":true,"title":"How to clone an array and push new value in a chain?","url":"https://stackoverflow.com/questions/57222470/how-to-clone-an-array-and-push-new-value-in-a-chain","displayLink":"https://stackoverflow.com › questions › how-to-clone-a...","snippet":"If you absolutely want to enforce the chaining, you can create your own function on the array prototype. (You should understand its ...","snippetHighlightWords":["array"],"extensions":["Jul 26, 2019","3 answers"]},{"signatures":[],"areSignaturesLoading":true,"title":"Make clone of array (not copy of reference) and modify the ...","url":"https://stackoverflow.com/questions/62861485/make-clone-of-array-not-copy-of-reference-and-modify-the-new-array","displayLink":"https://stackoverflow.com › questions › make-clone-of-...","date":"Jul 12, 2020","snippet":"in javascript, clonedArray=originalArray just creates a reference == the same array. you can overcome this/\"clone\" a simple array by:","snippetHighlightWords":["javascript","clonedArray","originalArray","array","clone","array"]},{"signatures":[],"areSignaturesLoading":true,"title":"Splice method used on a copy of an array of objects","url":"https://stackoverflow.com/questions/67176299/splice-method-used-on-a-copy-of-an-array-of-objects","displayLink":"https://stackoverflow.com › questions › splice-method-...","date":"Apr 20, 2021","snippet":"Only the cloned array is modified. The spread operator shouldn't make a shallow copy of the initial array, and force me to deep clone all ...","snippetHighlightWords":["cloned array","array","clone"]},{"signatures":[],"areSignaturesLoading":true,"title":"Cloning an array in Javascript/Typescript - Stack Overflow","url":"https://stackoverflow.com/questions/44808882/cloning-an-array-in-javascript-typescript","displayLink":"https://stackoverflow.com › questions › cloning-an-arra...","date":"15 answers","snippet":"Clone an object: const myClonedObject = Object.assign({}, myObject);. Clone an Array: Option 1 if you have an array of primitive types:.","snippetHighlightWords":["Clone","Clone","Array","array"]},{"signatures":[],"areSignaturesLoading":true,"title":"JavaScript deep copy an array containing nested objects ...","url":"https://stackoverflow.com/questions/53273218/javascript-deep-copy-an-array-containing-nested-objects-arrays-functions","displayLink":"https://stackoverflow.com › questions › javascript-deep-...","snippet":"Edit- You can use the solution below or just import Lodash and use this https://lodash.com/docs/#cloneDeep. I'm answering my own question ...","snippetHighlightWords":["cloneDeep"],"extensions":["Nov 13, 2018","3 answers"]},{"signatures":[],"areSignaturesLoading":true,"title":"Why my code to clone an array doesn't work JavaScript","url":"https://stackoverflow.com/questions/68764568/why-my-code-to-clone-an-array-doesnt-work-javascript","displayLink":"https://stackoverflow.com › questions › why-my-code-t...","snippet":"When you start, each row of the array is empty. So initialise it to an empty row of array: for (let x = 0; x < arr.length; ...","snippetHighlightWords":["array","array"],"extensions":["Aug 12, 2021","3 answers"]},{"signatures":[],"areSignaturesLoading":true,"title":"How do you clone an array of objects in JavaScript?","url":"https://stackoverflow.com/questions/597588/how-do-you-clone-an-array-of-objects-in-javascript","displayLink":"https://stackoverflow.com › questions › how-do-you-cl...","snippet":"Creating a deep copy with structuredClone. The modern way to deep copy an array in JavaScript is to use structuredClone:","snippetHighlightWords":["structuredClone","array","JavaScript","structuredClone"],"extensions":["Feb 28, 2009","38 answers"]},{"signatures":[],"areSignaturesLoading":true,"title":"javascript - how to clone Array without reference [duplicate]","url":"https://stackoverflow.com/questions/48219487/javascript-how-to-clone-array-without-reference","displayLink":"https://stackoverflow.com › questions › javascript-how-...","snippet":"By using this method we can create a copy of an array. Please check the below example. Credits to this SO Answer. let original = [ [1, 2], ...","snippetHighlightWords":["array"],"extensions":["Jan 12, 2018","1 answer"]}],"events":[{"timestamp":"2022-11-10T11:36:30.834Z","url":"https://stackoverflow.com/questions/3978492/fastest-way-to-duplicate-an-array-in-javascript-slice-vs-for-loop","component":"projection","action":"load","data":{"height":41.5,"width":713.2333374023438,"wc":21,"lc":1}},{"timestamp":"2022-11-10T11:36:30.834Z","url":"https://stackoverflow.com/questions/42523881/how-to-clone-a-javascript-array-of-objects","component":"projection","action":"load","data":{"height":41.5,"width":632.9000244140625,"wc":24,"lc":1}},{"timestamp":"2022-11-10T11:36:30.834Z","url":"https://stackoverflow.com/questions/57222470/how-to-clone-an-array-and-push-new-value-in-a-chain","component":"projection","action":"load","data":{"height":41.5,"width":743.183349609375,"wc":23,"lc":1}},{"timestamp":"2022-11-10T11:36:30.834Z","url":"https://stackoverflow.com/questions/62861485/make-clone-of-array-not-copy-of-reference-and-modify-the-new-array","component":"projection","action":"load","data":{"height":41.5,"width":694.61669921875,"wc":19,"lc":1}},{"timestamp":"2022-11-10T11:36:30.834Z","url":"https://stackoverflow.com/questions/67176299/splice-method-used-on-a-copy-of-an-array-of-objects","component":"projection","action":"load","data":{"height":41.5,"width":739.816650390625,"wc":26,"lc":1}},{"timestamp":"2022-11-10T11:36:30.834Z","url":"https://stackoverflow.com/questions/44808882/cloning-an-array-in-javascript-typescript","component":"projection","action":"load","data":{"height":41.5,"width":729.9000244140625,"wc":21,"lc":1}},{"timestamp":"2022-11-10T11:36:30.834Z","url":"https://stackoverflow.com/questions/53273218/javascript-deep-copy-an-array-containing-nested-objects-arrays-functions","component":"projection","action":"load","data":{"height":41.5,"width":724,"wc":21,"lc":1}},{"timestamp":"2022-11-10T11:36:30.834Z","url":"https://stackoverflow.com/questions/68764568/why-my-code-to-clone-an-array-doesnt-work-javascript","component":"projection","action":"load","data":{"height":41.5,"width":739.0166625976562,"wc":28,"lc":1}},{"timestamp":"2022-11-10T11:36:30.834Z","url":"https://stackoverflow.com/questions/597588/how-do-you-clone-an-array-of-objects-in-javascript","component":"projection","action":"load","data":{"height":41.5,"width":685.1666870117188,"wc":20,"lc":1}},{"timestamp":"2022-11-10T11:36:30.834Z","url":"https://stackoverflow.com/questions/48219487/javascript-how-to-clone-array-without-reference","component":"projection","action":"load","data":{"height":41.5,"width":737.5,"wc":29,"lc":1}},{"timestamp":"2022-11-10T11:36:32.024Z","url":"https://stackoverflow.com/questions/3978492/fastest-way-to-duplicate-an-array-in-javascript-slice-vs-for-loop","component":"projection","action":"loaded","data":"projection 10 of 10"},{"timestamp":"2022-11-10T11:36:32.024Z","url":"https://stackoverflow.com/questions/42523881/how-to-clone-a-javascript-array-of-objects","component":"projection","action":"loaded","data":"projection 9 of 10"},{"timestamp":"2022-11-10T11:36:32.024Z","url":"https://stackoverflow.com/questions/57222470/how-to-clone-an-array-and-push-new-value-in-a-chain","component":"projection","action":"loaded","data":"projection 8 of 10"},{"timestamp":"2022-11-10T11:36:32.024Z","url":"https://stackoverflow.com/questions/62861485/make-clone-of-array-not-copy-of-reference-and-modify-the-new-array","component":"projection","action":"loaded","data":"projection 7 of 10"},{"timestamp":"2022-11-10T11:36:32.024Z","url":"https://stackoverflow.com/questions/67176299/splice-method-used-on-a-copy-of-an-array-of-objects","component":"projection","action":"loaded","data":"projection 6 of 10"},{"timestamp":"2022-11-10T11:36:32.024Z","url":"https://stackoverflow.com/questions/44808882/cloning-an-array-in-javascript-typescript","component":"projection","action":"loaded","data":"projection 5 of 10"},{"timestamp":"2022-11-10T11:36:32.024Z","url":"https://stackoverflow.com/questions/53273218/javascript-deep-copy-an-array-containing-nested-objects-arrays-functions","component":"projection","action":"loaded","data":"projection 4 of 10"},{"timestamp":"2022-11-10T11:36:32.024Z","url":"https://stackoverflow.com/questions/68764568/why-my-code-to-clone-an-array-doesnt-work-javascript","component":"projection","action":"loaded","data":"projection 3 of 10"},{"timestamp":"2022-11-10T11:36:32.024Z","url":"https://stackoverflow.com/questions/597588/how-do-you-clone-an-array-of-objects-in-javascript","component":"projection","action":"loaded","data":"projection 2 of 10"},{"timestamp":"2022-11-10T11:36:32.024Z","url":"https://stackoverflow.com/questions/48219487/javascript-how-to-clone-array-without-reference","component":"projection","action":"loaded","data":"projection 1 of 10"},{"timestamp":"2022-11-10T11:36:32.227Z","url":"https://stackoverflow.com/questions/42523881/how-to-clone-a-javascript-array-of-objects","component":"projection","action":"mouseenter"},{"timestamp":"2022-11-10T11:36:32.252Z","url":"https://stackoverflow.com/questions/42523881/how-to-clone-a-javascript-array-of-objects","component":"projection","action":"mouseleave"},{"timestamp":"2022-11-10T11:36:32.253Z","url":"https://stackoverflow.com/questions/57222470/how-to-clone-an-array-and-push-new-value-in-a-chain","component":"projection","action":"mouseenter"},{"timestamp":"2022-11-10T11:36:32.714Z","url":"https://stackoverflow.com/questions/57222470/how-to-clone-an-array-and-push-new-value-in-a-chain","component":"projection","action":"mouseleave"},{"timestamp":"2022-11-10T11:36:32.714Z","url":"https://stackoverflow.com/questions/42523881/how-to-clone-a-javascript-array-of-objects","component":"projection","action":"mouseenter"},{"timestamp":"2022-11-10T11:36:32.753Z","url":"https://stackoverflow.com/questions/42523881/how-to-clone-a-javascript-array-of-objects","component":"projection","action":"mouseleave"},{"timestamp":"2022-11-10T11:36:32.753Z","url":"https://stackoverflow.com/questions/3978492/fastest-way-to-duplicate-an-array-in-javascript-slice-vs-for-loop","component":"projection","action":"mouseenter"},{"timestamp":"2022-11-10T11:36:34.840Z","url":"https://stackoverflow.com/questions/3978492/fastest-way-to-duplicate-an-array-in-javascript-slice-vs-for-loop","component":"page","action":"open"},{"timestamp":"2022-11-10T11:36:34.862Z","url":"https://stackoverflow.com/questions/3978492/fastest-way-to-duplicate-an-array-in-javascript-slice-vs-for-loop","component":"projection","action":"mouseleave"},{"timestamp":"2022-11-10T11:36:35.616Z","url":"https://stackoverflow.com/questions/3978492/fastest-way-to-duplicate-an-array-in-javascript-slice-vs-for-loop","component":"page","action":"load"},{"timestamp":"2022-11-10T11:36:38.577Z","url":"https://stackoverflow.com/questions/3978492/fastest-way-to-duplicate-an-array-in-javascript-slice-vs-for-loop","component":"page","action":"scroll","data":{"viewport":{"x":0,"y":869,"height":921,"width":755},"document":{"height":23581,"width":755},"question":{"identifier":"3978492","top":-714.0999755859375,"bottom":161.70001220703125,"right":739,"left":181,"width":558,"height":875.7999877929688},"answers":[{"identifier":"20547803","top":222.3000030517578,"bottom":1848.4999542236328,"right":739,"left":181,"width":558,"height":1626.199951171875},{"identifier":"21514254","top":1848.5,"bottom":2617.7999877929688,"right":739,"left":181,"width":558,"height":769.2999877929688},{"identifier":"31251089","top":2617.800048828125,"bottom":3352.0000610351562,"right":739,"left":181,"width":558,"height":734.2000122070312},{"identifier":"23481165","top":3352,"bottom":4046.9000244140625,"right":739,"left":181,"width":558,"height":694.9000244140625},{"identifier":"52929821","top":4046.89990234375,"bottom":6216.36669921875,"right":739,"left":181,"width":558,"height":2169.466796875},{"identifier":"39873377","top":6216.36669921875,"bottom":6758.433349609375,"right":739,"left":181,"width":558,"height":542.066650390625},{"identifier":"3978716","top":6758.43310546875,"bottom":7185.833099365234,"right":739,"left":181,"width":558,"height":427.3999938964844},{"identifier":"37503916","top":7185.83349609375,"bottom":7886.33349609375,"right":739,"left":181,"width":558,"height":700.5},{"identifier":"66174157","top":7886.33349609375,"bottom":8704.733520507812,"right":739,"left":181,"width":558,"height":818.4000244140625},{"identifier":"3978577","top":8704.7333984375,"bottom":9634.433410644531,"right":739,"left":181,"width":558,"height":929.7000122070312},{"identifier":"47843872","top":9634.43359375,"bottom":10482.716918945312,"right":739,"left":181,"width":558,"height":848.2833251953125},{"identifier":"32253674","top":10482.716796875,"bottom":11219.216796875,"right":739,"left":181,"width":558,"height":736.5},{"identifier":"57709573","top":11219.216796875,"bottom":12821.116821289062,"right":739,"left":181,"width":558,"height":1601.9000244140625},{"identifier":"3978606","top":12821.1162109375,"bottom":14087.649536132812,"right":739,"left":181,"width":558,"height":1266.5333251953125},{"identifier":"23342513","top":14087.650390625,"bottom":14669.450378417969,"right":739,"left":181,"width":558,"height":581.7999877929688},{"identifier":"34924599","top":14669.4501953125,"bottom":15146.9501953125,"right":739,"left":181,"width":558,"height":477.5},{"identifier":"33774224","top":15146.9501953125,"bottom":16330.250244140625,"right":739,"left":181,"width":558,"height":1183.300048828125},{"identifier":"61818827","top":16330.25,"bottom":16785.45001220703,"right":739,"left":181,"width":558,"height":455.20001220703125},{"identifier":"68053929","top":16785.44921875,"bottom":17624.599243164062,"right":739,"left":181,"width":558,"height":839.1500244140625},{"identifier":"45703365","top":17624.599609375,"bottom":17935.499603271484,"right":739,"left":181,"width":558,"height":310.8999938964844},{"identifier":"56498992","top":17935.5,"bottom":18857.400024414062,"right":739,"left":181,"width":558,"height":921.9000244140625},{"identifier":"59485360","top":18857.400390625,"bottom":19261.10040283203,"right":739,"left":181,"width":558,"height":403.70001220703125},{"identifier":"60686878","top":19261.099609375,"bottom":19606.79962158203,"right":739,"left":181,"width":558,"height":345.70001220703125},{"identifier":"63587384","top":19606.80078125,"bottom":20144.700805664062,"right":739,"left":181,"width":558,"height":537.9000244140625},{"identifier":"72240810","top":20144.69921875,"bottom":20533.39923095703,"right":739,"left":181,"width":558,"height":388.70001220703125}]}},{"timestamp":"2022-11-10T11:36:41.266Z","url":"https://stackoverflow.com/questions/3978492/fastest-way-to-duplicate-an-array-in-javascript-slice-vs-for-loop","component":"page","action":"scroll","data":{"viewport":{"x":0,"y":1328,"height":921,"width":755},"document":{"height":23581,"width":755},"question":{"identifier":"3978492","top":-1173.0999755859375,"bottom":-297.29998779296875,"right":739,"left":181,"width":558,"height":875.7999877929688},"answers":[{"identifier":"20547803","top":-236.6999969482422,"bottom":1389.4999542236328,"right":739,"left":181,"width":558,"height":1626.199951171875},{"identifier":"21514254","top":1389.5,"bottom":2158.7999877929688,"right":739,"left":181,"width":558,"height":769.2999877929688},{"identifier":"31251089","top":2158.800048828125,"bottom":2893.0000610351562,"right":739,"left":181,"width":558,"height":734.2000122070312},{"identifier":"23481165","top":2893,"bottom":3587.9000244140625,"right":739,"left":181,"width":558,"height":694.9000244140625},{"identifier":"52929821","top":3587.89990234375,"bottom":5757.36669921875,"right":739,"left":181,"width":558,"height":2169.466796875},{"identifier":"39873377","top":5757.36669921875,"bottom":6299.433349609375,"right":739,"left":181,"width":558,"height":542.066650390625},{"identifier":"3978716","top":6299.43310546875,"bottom":6726.833099365234,"right":739,"left":181,"width":558,"height":427.3999938964844},{"identifier":"37503916","top":6726.83349609375,"bottom":7427.33349609375,"right":739,"left":181,"width":558,"height":700.5},{"identifier":"66174157","top":7427.33349609375,"bottom":8245.733520507812,"right":739,"left":181,"width":558,"height":818.4000244140625},{"identifier":"3978577","top":8245.7333984375,"bottom":9175.433410644531,"right":739,"left":181,"width":558,"height":929.7000122070312},{"identifier":"47843872","top":9175.43359375,"bottom":10023.716918945312,"right":739,"left":181,"width":558,"height":848.2833251953125},{"identifier":"32253674","top":10023.716796875,"bottom":10760.216796875,"right":739,"left":181,"width":558,"height":736.5},{"identifier":"57709573","top":10760.216796875,"bottom":12362.116821289062,"right":739,"left":181,"width":558,"height":1601.9000244140625},{"identifier":"3978606","top":12362.1162109375,"bottom":13628.649536132812,"right":739,"left":181,"width":558,"height":1266.5333251953125},{"identifier":"23342513","top":13628.650390625,"bottom":14210.450378417969,"right":739,"left":181,"width":558,"height":581.7999877929688},{"identifier":"34924599","top":14210.4501953125,"bottom":14687.9501953125,"right":739,"left":181,"width":558,"height":477.5},{"identifier":"33774224","top":14687.9501953125,"bottom":15871.250244140625,"right":739,"left":181,"width":558,"height":1183.300048828125},{"identifier":"61818827","top":15871.25,"bottom":16326.450012207031,"right":739,"left":181,"width":558,"height":455.20001220703125},{"identifier":"68053929","top":16326.4501953125,"bottom":17165.600219726562,"right":739,"left":181,"width":558,"height":839.1500244140625},{"identifier":"45703365","top":17165.599609375,"bottom":17476.499603271484,"right":739,"left":181,"width":558,"height":310.8999938964844},{"identifier":"56498992","top":17476.5,"bottom":18398.400024414062,"right":739,"left":181,"width":558,"height":921.9000244140625},{"identifier":"59485360","top":18398.400390625,"bottom":18802.10040283203,"right":739,"left":181,"width":558,"height":403.70001220703125},{"identifier":"60686878","top":18802.099609375,"bottom":19147.79962158203,"right":739,"left":181,"width":558,"height":345.70001220703125},{"identifier":"63587384","top":19147.80078125,"bottom":19685.700805664062,"right":739,"left":181,"width":558,"height":537.9000244140625},{"identifier":"72240810","top":19685.69921875,"bottom":20074.39923095703,"right":739,"left":181,"width":558,"height":388.70001220703125}]}},{"timestamp":"2022-11-10T11:36:43.235Z","url":"https://stackoverflow.com/questions/3978492/fastest-way-to-duplicate-an-array-in-javascript-slice-vs-for-loop","component":"page","action":"scroll","data":{"viewport":{"x":0,"y":1889,"height":921,"width":755},"document":{"height":23581,"width":755},"question":{"identifier":"3978492","top":-1734.0999755859375,"bottom":-858.2999877929688,"right":739,"left":181,"width":558,"height":875.7999877929688},"answers":[{"identifier":"20547803","top":-797.7000122070312,"bottom":828.4999389648438,"right":739,"left":181,"width":558,"height":1626.199951171875},{"identifier":"21514254","top":828.5,"bottom":1597.7999877929688,"right":739,"left":181,"width":558,"height":769.2999877929688},{"identifier":"31251089","top":1597.800048828125,"bottom":2332.0000610351562,"right":739,"left":181,"width":558,"height":734.2000122070312},{"identifier":"23481165","top":2332,"bottom":3026.9000244140625,"right":739,"left":181,"width":558,"height":694.9000244140625},{"identifier":"52929821","top":3026.89990234375,"bottom":5196.36669921875,"right":739,"left":181,"width":558,"height":2169.466796875},{"identifier":"39873377","top":5196.36669921875,"bottom":5738.433349609375,"right":739,"left":181,"width":558,"height":542.066650390625},{"identifier":"3978716","top":5738.43310546875,"bottom":6165.833099365234,"right":739,"left":181,"width":558,"height":427.3999938964844},{"identifier":"37503916","top":6165.83349609375,"bottom":6866.33349609375,"right":739,"left":181,"width":558,"height":700.5},{"identifier":"66174157","top":6866.33349609375,"bottom":7684.7335205078125,"right":739,"left":181,"width":558,"height":818.4000244140625},{"identifier":"3978577","top":7684.7333984375,"bottom":8614.433410644531,"right":739,"left":181,"width":558,"height":929.7000122070312},{"identifier":"47843872","top":8614.43359375,"bottom":9462.716918945312,"right":739,"left":181,"width":558,"height":848.2833251953125},{"identifier":"32253674","top":9462.716796875,"bottom":10199.216796875,"right":739,"left":181,"width":558,"height":736.5},{"identifier":"57709573","top":10199.216796875,"bottom":11801.116821289062,"right":739,"left":181,"width":558,"height":1601.9000244140625},{"identifier":"3978606","top":11801.1162109375,"bottom":13067.649536132812,"right":739,"left":181,"width":558,"height":1266.5333251953125},{"identifier":"23342513","top":13067.650390625,"bottom":13649.450378417969,"right":739,"left":181,"width":558,"height":581.7999877929688},{"identifier":"34924599","top":13649.4501953125,"bottom":14126.9501953125,"right":739,"left":181,"width":558,"height":477.5},{"identifier":"33774224","top":14126.9501953125,"bottom":15310.250244140625,"right":739,"left":181,"width":558,"height":1183.300048828125},{"identifier":"61818827","top":15310.25,"bottom":15765.450012207031,"right":739,"left":181,"width":558,"height":455.20001220703125},{"identifier":"68053929","top":15765.4501953125,"bottom":16604.600219726562,"right":739,"left":181,"width":558,"height":839.1500244140625},{"identifier":"45703365","top":16604.599609375,"bottom":16915.499603271484,"right":739,"left":181,"width":558,"height":310.8999938964844},{"identifier":"56498992","top":16915.5,"bottom":17837.400024414062,"right":739,"left":181,"width":558,"height":921.9000244140625},{"identifier":"59485360","top":17837.400390625,"bottom":18241.10040283203,"right":739,"left":181,"width":558,"height":403.70001220703125},{"identifier":"60686878","top":18241.099609375,"bottom":18586.79962158203,"right":739,"left":181,"width":558,"height":345.70001220703125},{"identifier":"63587384","top":18586.80078125,"bottom":19124.700805664062,"right":739,"left":181,"width":558,"height":537.9000244140625},{"identifier":"72240810","top":19124.69921875,"bottom":19513.39923095703,"right":739,"left":181,"width":558,"height":388.70001220703125}]}},{"timestamp":"2022-11-10T11:36:44.840Z","url":"https://stackoverflow.com/questions/3978492/fastest-way-to-duplicate-an-array-in-javascript-slice-vs-for-loop","component":"page","action":"scroll","data":{"viewport":{"x":0,"y":2168,"height":921,"width":755},"document":{"height":23581,"width":755},"question":{"identifier":"3978492","top":-2013.0999755859375,"bottom":-1137.2999877929688,"right":739,"left":181,"width":558,"height":875.7999877929688},"answers":[{"identifier":"20547803","top":-1076.699951171875,"bottom":549.5,"right":739,"left":181,"width":558,"height":1626.199951171875},{"identifier":"21514254","top":549.5,"bottom":1318.7999877929688,"right":739,"left":181,"width":558,"height":769.2999877929688},{"identifier":"31251089","top":1318.800048828125,"bottom":2053.0000610351562,"right":739,"left":181,"width":558,"height":734.2000122070312},{"identifier":"23481165","top":2053,"bottom":2747.9000244140625,"right":739,"left":181,"width":558,"height":694.9000244140625},{"identifier":"52929821","top":2747.89990234375,"bottom":4917.36669921875,"right":739,"left":181,"width":558,"height":2169.466796875},{"identifier":"39873377","top":4917.36669921875,"bottom":5459.433349609375,"right":739,"left":181,"width":558,"height":542.066650390625},{"identifier":"3978716","top":5459.43310546875,"bottom":5886.833099365234,"right":739,"left":181,"width":558,"height":427.3999938964844},{"identifier":"37503916","top":5886.83349609375,"bottom":6587.33349609375,"right":739,"left":181,"width":558,"height":700.5},{"identifier":"66174157","top":6587.33349609375,"bottom":7405.7335205078125,"right":739,"left":181,"width":558,"height":818.4000244140625},{"identifier":"3978577","top":7405.7333984375,"bottom":8335.433410644531,"right":739,"left":181,"width":558,"height":929.7000122070312},{"identifier":"47843872","top":8335.43359375,"bottom":9183.716918945312,"right":739,"left":181,"width":558,"height":848.2833251953125},{"identifier":"32253674","top":9183.716796875,"bottom":9920.216796875,"right":739,"left":181,"width":558,"height":736.5},{"identifier":"57709573","top":9920.216796875,"bottom":11522.116821289062,"right":739,"left":181,"width":558,"height":1601.9000244140625},{"identifier":"3978606","top":11522.1162109375,"bottom":12788.649536132812,"right":739,"left":181,"width":558,"height":1266.5333251953125},{"identifier":"23342513","top":12788.650390625,"bottom":13370.450378417969,"right":739,"left":181,"width":558,"height":581.7999877929688},{"identifier":"34924599","top":13370.4501953125,"bottom":13847.9501953125,"right":739,"left":181,"width":558,"height":477.5},{"identifier":"33774224","top":13847.9501953125,"bottom":15031.250244140625,"right":739,"left":181,"width":558,"height":1183.300048828125},{"identifier":"61818827","top":15031.25,"bottom":15486.450012207031,"right":739,"left":181,"width":558,"height":455.20001220703125},{"identifier":"68053929","top":15486.4501953125,"bottom":16325.600219726562,"right":739,"left":181,"width":558,"height":839.1500244140625},{"identifier":"45703365","top":16325.599609375,"bottom":16636.499603271484,"right":739,"left":181,"width":558,"height":310.8999938964844},{"identifier":"56498992","top":16636.5,"bottom":17558.400024414062,"right":739,"left":181,"width":558,"height":921.9000244140625},{"identifier":"59485360","top":17558.400390625,"bottom":17962.10040283203,"right":739,"left":181,"width":558,"height":403.70001220703125},{"identifier":"60686878","top":17962.099609375,"bottom":18307.79962158203,"right":739,"left":181,"width":558,"height":345.70001220703125},{"identifier":"63587384","top":18307.80078125,"bottom":18845.700805664062,"right":739,"left":181,"width":558,"height":537.9000244140625},{"identifier":"72240810","top":18845.69921875,"bottom":19234.39923095703,"right":739,"left":181,"width":558,"height":388.70001220703125}]}},{"timestamp":"2022-11-10T11:36:47.621Z","url":"https://stackoverflow.com/questions/3978492/fastest-way-to-duplicate-an-array-in-javascript-slice-vs-for-loop","component":"page","action":"copy","data":"myArray.slice(0);"},{"timestamp":"2022-11-10T11:36:47.763Z","url":"https://stackoverflow.com/questions/3978492/fastest-way-to-duplicate-an-array-in-javascript-slice-vs-for-loop","component":"page","action":"selection","data":"myArray.slice(0);"}]}]}