{"trialId":"92307_1","taskId":"recent","appEvents":[{"timestamp":"2022-11-10T11:39:45.606Z","name":"resize","data":{"height":981,"width":515}},{"timestamp":"2022-11-10T11:41:35.145Z","name":"search","data":"search-start"},{"timestamp":"2022-11-10T11:41:38.790Z","name":"search","data":"search-done"},{"timestamp":"2022-11-10T11:42:55.963Z","name":"search","data":"search-start"},{"timestamp":"2022-11-10T11:42:59.251Z","name":"search","data":"search-done"}],"searches":[{"keywords":["convert","date","to","days"],"context":{"tokens":[{"kind":"library","value":"moment"},{"kind":"language","value":"javascript"}]},"timestamp":"2022-11-10T11:41:35.144Z","results":[{"signatures":[],"areSignaturesLoading":true,"title":"Moment.js get day name from date - javascript - Stack Overflow","snippet":"Moment.js get day name from date ... I'm using jquery and moment.js for a custom calendar. I have a date object in a variable myDate like : Object ...","url":"https://stackoverflow.com/questions/27669019/moment-js-get-day-name-from-date","displayLink":"https://stackoverflow.com › questions › moment-js-get-...","snippetHighlightWords":["Moment","js","day","date","moment","js","date"],"date":"Dec 27, 2014"},{"signatures":[],"areSignaturesLoading":true,"title":"momentJS convert possibility day into Date() js format","snippet":"The problem is that if I have moment(myDay). toDate(); it converts to the current date, and I want the date from myDay. myDay looks like: \"YYYY ...","url":"https://stackoverflow.com/questions/47336469/momentjs-convert-possibility-day-into-date-js-format","displayLink":"https://stackoverflow.com › questions › momentjs-conv...","snippetHighlightWords":["moment","date","date"],"date":"Nov 16, 2017"},{"signatures":[],"areSignaturesLoading":true,"title":"momentJS date string add 5 days - Stack Overflow","snippet":"i have a start date string \"20.03.2014\" and i want to add 5 days to this with moment.js but i don't get the new date \"25.03.2014\" in the alert window.","url":"https://stackoverflow.com/questions/22547129/momentjs-date-string-add-5-days","displayLink":"https://stackoverflow.com › questions › momentjs-date-...","snippetHighlightWords":["date","days","moment","js","date"]},{"signatures":[],"areSignaturesLoading":true,"title":"Moment.js transform to date object - javascript - Stack Overflow","snippet":"Use this to transform a moment object into a date object: From http://momentjs.com/docs/#/displaying/as-javascript-date/ moment().toDate();. Yields:","url":"https://stackoverflow.com/questions/17987647/moment-js-transform-to-date-object","displayLink":"https://stackoverflow.com › questions › moment-js-tran...","snippetHighlightWords":["moment","date","momentjs","javascript","date","moment"],"date":"11 answers"},{"signatures":[],"areSignaturesLoading":true,"title":"Days/Weeks ago from specific date with Moment.js","snippet":"You can do this with momentjs diff() method, which can return the difference between two dates in days , weeks , months , hours , minutes ...","url":"https://stackoverflow.com/questions/51642623/days-weeks-ago-from-specific-date-with-moment-js","displayLink":"https://stackoverflow.com › questions › days-weeks-ago...","snippetHighlightWords":["momentjs","dates","days"],"date":"Aug 1, 2018 2 answers"},{"signatures":[],"areSignaturesLoading":true,"title":"Format date and Subtract days using Moment.js - Stack Overflow","snippet":"I would like a variable to hold yesterday's date in the format DD-MM-YYYY using Moment.js. So if today is 15-04-2015, I would like to subtract a day and have 14 ...","url":"https://stackoverflow.com/questions/29651815/format-date-and-subtract-days-using-moment-js","displayLink":"https://stackoverflow.com › questions › format-date-an...","snippetHighlightWords":["date","format","Moment","js","day"]},{"signatures":[],"areSignaturesLoading":true,"title":"Moment.js sets dates to 1 day behind - Stack Overflow","snippet":"moment.utc will convert the input to universal time. You are running new Date(...) with an input that's based on GMT +1.","url":"https://stackoverflow.com/questions/50473932/moment-js-sets-dates-to-1-day-behind","displayLink":"https://stackoverflow.com › questions › moment-js-sets-...","snippetHighlightWords":["moment","convert","Date"],"date":"May 22, 2018 2 answers"},{"signatures":[],"areSignaturesLoading":true,"title":"Convert date from Day of Week to Day Name - Stack Overflow","snippet":"Use day(arg) method to retrieve the data object and then use format(\"dddd\") to retrieve the day of week string. var date = moment(); let ...","url":"https://stackoverflow.com/questions/50741816/convert-date-from-day-of-week-to-day-name","displayLink":"https://stackoverflow.com › questions › convert-date-fr...","snippetHighlightWords":["day","format","day","date","moment"],"date":"Jun 7, 2018 2 answers"},{"signatures":[],"areSignaturesLoading":true,"title":"Get the days, hours and minutes in Moment.js - Stack Overflow","snippet":"I tried the following code: const now = moment(); const exp = moment(expire_date); console.log( ...","url":"https://stackoverflow.com/questions/41875679/get-the-days-hours-and-minutes-in-moment-js","displayLink":"https://stackoverflow.com › questions › get-the-days-ho...","snippetHighlightWords":["moment","moment"],"date":"Jan 26, 2017 4 answers"},{"signatures":[],"areSignaturesLoading":true,"title":"convert days into month and remaining days using moment.js","snippet":"Do you need to count months forward or backward starting from the current date-time? – Ihor Sakailiuk. Aug 7, 2019 at 5:59 · 1. why is 250 days 8 ...","url":"https://stackoverflow.com/questions/57387756/convert-days-into-month-and-remaining-days-using-moment-js","displayLink":"https://stackoverflow.com › questions › convert-days-in...","snippetHighlightWords":["date","days"],"date":"Aug 7, 2019"}],"events":[{"timestamp":"2022-11-10T11:41:37.598Z","url":"https://stackoverflow.com/questions/27669019/moment-js-get-day-name-from-date","component":"projection","action":"load","data":{"height":63.5,"width":505.83331298828125,"wc":29,"lc":1}},{"timestamp":"2022-11-10T11:41:37.598Z","url":"https://stackoverflow.com/questions/47336469/momentjs-convert-possibility-day-into-date-js-format","component":"projection","action":"load","data":{"height":63.5,"width":482.58331298828125,"wc":27,"lc":1}},{"timestamp":"2022-11-10T11:41:37.599Z","url":"https://stackoverflow.com/questions/22547129/momentjs-date-string-add-5-days","component":"projection","action":"load","data":{"height":41.5,"width":482.6166687011719,"wc":30,"lc":1}},{"timestamp":"2022-11-10T11:41:37.599Z","url":"https://stackoverflow.com/questions/17987647/moment-js-transform-to-date-object","component":"projection","action":"load","data":{"height":63.5,"width":500.316650390625,"wc":15,"lc":1}},{"timestamp":"2022-11-10T11:41:37.599Z","url":"https://stackoverflow.com/questions/51642623/days-weeks-ago-from-specific-date-with-moment-js","component":"projection","action":"load","data":{"height":63.5,"width":501.20001220703125,"wc":27,"lc":1}},{"timestamp":"2022-11-10T11:41:37.599Z","url":"https://stackoverflow.com/questions/29651815/format-date-and-subtract-days-using-moment-js","component":"projection","action":"load","data":{"height":63.5,"width":496.6333312988281,"wc":31,"lc":1}},{"timestamp":"2022-11-10T11:41:37.599Z","url":"https://stackoverflow.com/questions/50473932/moment-js-sets-dates-to-1-day-behind","component":"projection","action":"load","data":{"height":41.5,"width":473.183349609375,"wc":21,"lc":1}},{"timestamp":"2022-11-10T11:41:37.599Z","url":"https://stackoverflow.com/questions/50741816/convert-date-from-day-of-week-to-day-name","component":"projection","action":"load","data":{"height":63.5,"width":497,"wc":25,"lc":1}},{"timestamp":"2022-11-10T11:41:37.599Z","url":"https://stackoverflow.com/questions/41875679/get-the-days-hours-and-minutes-in-moment-js","component":"projection","action":"load","data":{"height":41.5,"width":488.76666259765625,"wc":15,"lc":1}},{"timestamp":"2022-11-10T11:41:37.599Z","url":"https://stackoverflow.com/questions/57387756/convert-days-into-month-and-remaining-days-using-moment-js","component":"projection","action":"load","data":{"height":63.5,"width":505.66668701171875,"wc":30,"lc":1}},{"timestamp":"2022-11-10T11:41:37.601Z","url":"https://stackoverflow.com/questions/47336469/momentjs-convert-possibility-day-into-date-js-format","component":"projection","action":"mouseenter"},{"timestamp":"2022-11-10T11:41:38.360Z","url":"https://stackoverflow.com/questions/47336469/momentjs-convert-possibility-day-into-date-js-format","component":"projection","action":"mouseleave"},{"timestamp":"2022-11-10T11:41:38.361Z","url":"https://stackoverflow.com/questions/27669019/moment-js-get-day-name-from-date","component":"projection","action":"mouseenter"},{"timestamp":"2022-11-10T11:41:38.790Z","url":"https://stackoverflow.com/questions/27669019/moment-js-get-day-name-from-date","component":"projection","action":"loaded","data":"projection 10 of 10"},{"timestamp":"2022-11-10T11:41:38.790Z","url":"https://stackoverflow.com/questions/47336469/momentjs-convert-possibility-day-into-date-js-format","component":"projection","action":"loaded","data":"projection 9 of 10"},{"timestamp":"2022-11-10T11:41:38.790Z","url":"https://stackoverflow.com/questions/22547129/momentjs-date-string-add-5-days","component":"projection","action":"loaded","data":"projection 8 of 10"},{"timestamp":"2022-11-10T11:41:38.790Z","url":"https://stackoverflow.com/questions/17987647/moment-js-transform-to-date-object","component":"projection","action":"loaded","data":"projection 7 of 10"},{"timestamp":"2022-11-10T11:41:38.790Z","url":"https://stackoverflow.com/questions/51642623/days-weeks-ago-from-specific-date-with-moment-js","component":"projection","action":"loaded","data":"projection 6 of 10"},{"timestamp":"2022-11-10T11:41:38.790Z","url":"https://stackoverflow.com/questions/29651815/format-date-and-subtract-days-using-moment-js","component":"projection","action":"loaded","data":"projection 5 of 10"},{"timestamp":"2022-11-10T11:41:38.790Z","url":"https://stackoverflow.com/questions/50473932/moment-js-sets-dates-to-1-day-behind","component":"projection","action":"loaded","data":"projection 4 of 10"},{"timestamp":"2022-11-10T11:41:38.790Z","url":"https://stackoverflow.com/questions/50741816/convert-date-from-day-of-week-to-day-name","component":"projection","action":"loaded","data":"projection 3 of 10"},{"timestamp":"2022-11-10T11:41:38.790Z","url":"https://stackoverflow.com/questions/41875679/get-the-days-hours-and-minutes-in-moment-js","component":"projection","action":"loaded","data":"projection 2 of 10"},{"timestamp":"2022-11-10T11:41:38.790Z","url":"https://stackoverflow.com/questions/57387756/convert-days-into-month-and-remaining-days-using-moment-js","component":"projection","action":"loaded","data":"projection 1 of 10"},{"timestamp":"2022-11-10T11:41:39.436Z","url":"https://stackoverflow.com/questions/27669019/moment-js-get-day-name-from-date","component":"projection","action":"mouseleave"},{"timestamp":"2022-11-10T11:41:39.439Z","url":"https://stackoverflow.com/questions/47336469/momentjs-convert-possibility-day-into-date-js-format","component":"projection","action":"mouseenter"},{"timestamp":"2022-11-10T11:41:40.189Z","url":"https://stackoverflow.com/questions/47336469/momentjs-convert-possibility-day-into-date-js-format","component":"projection","action":"mouseleave"},{"timestamp":"2022-11-10T11:42:47.720Z","url":"https://stackoverflow.com/questions/27669019/moment-js-get-day-name-from-date","component":"projection","action":"mouseenter"},{"timestamp":"2022-11-10T11:42:47.969Z","url":"https://stackoverflow.com/questions/27669019/moment-js-get-day-name-from-date","component":"projection","action":"mouseleave"}]},{"keywords":["convert","moment","time","to","days"],"context":{"tokens":[{"kind":"library","value":"moment"},{"kind":"language","value":"javascript"}]},"timestamp":"2022-11-10T11:42:55.963Z","results":[{"signatures":[],"areSignaturesLoading":true,"title":"Convert minutes to days, hours and minutes using moment js","snippet":"You can use moment.duration to calculate hours, days, minutes etc from a time duration: var duration = moment.duration(1422, 'minutes');.","url":"https://stackoverflow.com/questions/63772083/convert-minutes-to-days-hours-and-minutes-using-moment-js","displayLink":"https://stackoverflow.com › questions › convert-minute...","snippetHighlightWords":["moment","days","time","moment"],"date":"Sep 7, 2020 1 answer"},{"signatures":[],"areSignaturesLoading":true,"title":"Get the days, hours and minutes in Moment.js - Stack Overflow","snippet":"Get the days, hours and minutes in Moment.js ... I tried the following code: const now = moment(); const exp = moment(expire_date); console.log( ...","url":"https://stackoverflow.com/questions/41875679/get-the-days-hours-and-minutes-in-moment-js","displayLink":"https://stackoverflow.com › questions › get-the-days-ho...","snippetHighlightWords":["days","Moment","js","moment","moment"],"date":"Jan 26, 2017 4 answers"},{"signatures":[],"areSignaturesLoading":true,"title":"Convert days to get hours, minutes and seconds of two dates ...","snippet":"First of all NEVER subtract from the final date while making a countdown timer, instead calculate the difference at each iteration.","url":"https://stackoverflow.com/questions/59100191/convert-days-to-get-hours-minutes-and-seconds-of-two-dates-using-momentjs","displayLink":"https://stackoverflow.com › questions › convert-days-to...","date":"Nov 29, 2019 2 answers"},{"signatures":[],"areSignaturesLoading":true,"title":"MomentJs convert milliseconds to days - Stack Overflow","snippet":"I am new to moment.js. I want to convert milliseconds to days. When I tried in normal converter in google it is showing 377.7613437963 days ...","url":"https://stackoverflow.com/questions/42901048/momentjs-convert-milliseconds-to-days","displayLink":"https://stackoverflow.com › questions › momentjs-conv...","snippetHighlightWords":["moment","js","convert","days","converter","days"],"date":"Mar 20, 2017"},{"signatures":[],"areSignaturesLoading":true,"title":"convert days into month and remaining days using moment.js","snippet":"You can check the difference between year month and days separately and display them together. var start = moment(); var end ...","url":"https://stackoverflow.com/questions/57387756/convert-days-into-month-and-remaining-days-using-moment-js","displayLink":"https://stackoverflow.com › questions › convert-days-in...","snippetHighlightWords":["days","moment"],"date":"Aug 7, 2019 3 answers"},{"signatures":[],"areSignaturesLoading":true,"title":"Using Moment library, what is the correct syntax to convert ...","snippet":"Using Moment library, what is the correct syntax to convert minutes into days hours and minutes that also formats for singular vs plural?","url":"https://stackoverflow.com/questions/65139054/using-moment-library-what-is-the-correct-syntax-to-convert-minutes-into-days-ho","displayLink":"https://stackoverflow.com › questions › using-moment-l...","snippetHighlightWords":["Moment","convert","days"],"date":"Dec 4, 2020"},{"signatures":[],"areSignaturesLoading":true,"title":"Moment.js transform to date object - javascript - Stack Overflow","snippet":"While the moment constructor can take a Date , it is usually best to not use one. For \"now\", don't use moment(new Date()) . Instead, just use moment() . · Time ...","url":"https://stackoverflow.com/questions/17987647/moment-js-transform-to-date-object","displayLink":"https://stackoverflow.com › questions › moment-js-tran...","snippetHighlightWords":["moment","moment","moment","Time"]},{"signatures":[],"areSignaturesLoading":true,"title":"Get days, hour and minutes diff moment js - Stack Overflow","snippet":"I had to change this to get it to work - var days = Math.floor(duration.asDays()); as it was returning days as a fraction, e.g. 0.05. – daveD.","url":"https://stackoverflow.com/questions/49385109/get-days-hour-and-minutes-diff-moment-js","displayLink":"https://stackoverflow.com › questions › get-days-hour-a...","snippetHighlightWords":["days","days"],"date":"Mar 20, 2018"},{"signatures":[],"areSignaturesLoading":true,"title":"Issue getting remaining days,hours/minutes.. to date with ...","snippet":"asDays(); duration.subtract(moment.duration(days,'days')); //Get hours and subtract from duration var ...","url":"https://stackoverflow.com/questions/71529228/issue-getting-remaining-days-hours-minutes-to-date-with-moment","displayLink":"https://stackoverflow.com › questions › issue-getting-re...","snippetHighlightWords":["moment","days","days"],"date":"Mar 18, 2022"},{"signatures":[],"areSignaturesLoading":true,"title":"How can I remove time from date with Moment.js?","snippet":"You can use any of these or change the input passed into moment().format(). For example, for your case you can pass moment.utc(dateTime).format('MMMM D, YYYY') ...","url":"https://stackoverflow.com/questions/15130735/how-can-i-remove-time-from-date-with-moment-js","displayLink":"https://stackoverflow.com › questions › how-can-i-rem...","snippetHighlightWords":["moment","moment"]}],"events":[{"timestamp":"2022-11-10T11:42:58.057Z","url":"https://stackoverflow.com/questions/63772083/convert-minutes-to-days-hours-and-minutes-using-moment-js","component":"projection","action":"load","data":{"height":63.5,"width":503.5333251953125,"wc":19,"lc":1}},{"timestamp":"2022-11-10T11:42:58.057Z","url":"https://stackoverflow.com/questions/41875679/get-the-days-hours-and-minutes-in-moment-js","component":"projection","action":"load","data":{"height":63.5,"width":491.4666748046875,"wc":24,"lc":1}},{"timestamp":"2022-11-10T11:42:58.057Z","url":"https://stackoverflow.com/questions/59100191/convert-days-to-get-hours-minutes-and-seconds-of-two-dates-using-momentjs","component":"projection","action":"load","data":{"height":41.5,"width":501.41668701171875,"wc":21,"lc":1}},{"timestamp":"2022-11-10T11:42:58.057Z","url":"https://stackoverflow.com/questions/42901048/momentjs-convert-milliseconds-to-days","component":"projection","action":"load","data":{"height":63.5,"width":506.1166687011719,"wc":26,"lc":1}},{"timestamp":"2022-11-10T11:42:58.057Z","url":"https://stackoverflow.com/questions/57387756/convert-days-into-month-and-remaining-days-using-moment-js","component":"projection","action":"load","data":{"height":63.5,"width":495.41668701171875,"wc":22,"lc":1}},{"timestamp":"2022-11-10T11:42:58.057Z","url":"https://stackoverflow.com/questions/65139054/using-moment-library-what-is-the-correct-syntax-to-convert-minutes-into-days-ho","component":"projection","action":"load","data":{"height":41.5,"width":485.23333740234375,"wc":23,"lc":1}},{"timestamp":"2022-11-10T11:42:58.057Z","url":"https://stackoverflow.com/questions/17987647/moment-js-transform-to-date-object","component":"projection","action":"load","data":{"height":63.5,"width":500.75,"wc":32,"lc":1}},{"timestamp":"2022-11-10T11:42:58.057Z","url":"https://stackoverflow.com/questions/49385109/get-days-hour-and-minutes-diff-moment-js","component":"projection","action":"load","data":{"height":63.5,"width":504.1000061035156,"wc":27,"lc":1}},{"timestamp":"2022-11-10T11:42:58.057Z","url":"https://stackoverflow.com/questions/71529228/issue-getting-remaining-days-hours-minutes-to-date-with-moment","component":"projection","action":"load","data":{"height":41.5,"width":481.6499938964844,"wc":10,"lc":1}},{"timestamp":"2022-11-10T11:42:58.057Z","url":"https://stackoverflow.com/questions/15130735/how-can-i-remove-time-from-date-with-moment-js","component":"projection","action":"load","data":{"height":63.5,"width":489.5,"wc":25,"lc":1}},{"timestamp":"2022-11-10T11:42:59.251Z","url":"https://stackoverflow.com/questions/63772083/convert-minutes-to-days-hours-and-minutes-using-moment-js","component":"projection","action":"loaded","data":"projection 10 of 10"},{"timestamp":"2022-11-10T11:42:59.251Z","url":"https://stackoverflow.com/questions/41875679/get-the-days-hours-and-minutes-in-moment-js","component":"projection","action":"loaded","data":"projection 9 of 10"},{"timestamp":"2022-11-10T11:42:59.251Z","url":"https://stackoverflow.com/questions/59100191/convert-days-to-get-hours-minutes-and-seconds-of-two-dates-using-momentjs","component":"projection","action":"loaded","data":"projection 8 of 10"},{"timestamp":"2022-11-10T11:42:59.251Z","url":"https://stackoverflow.com/questions/42901048/momentjs-convert-milliseconds-to-days","component":"projection","action":"loaded","data":"projection 7 of 10"},{"timestamp":"2022-11-10T11:42:59.251Z","url":"https://stackoverflow.com/questions/57387756/convert-days-into-month-and-remaining-days-using-moment-js","component":"projection","action":"loaded","data":"projection 6 of 10"},{"timestamp":"2022-11-10T11:42:59.251Z","url":"https://stackoverflow.com/questions/65139054/using-moment-library-what-is-the-correct-syntax-to-convert-minutes-into-days-ho","component":"projection","action":"loaded","data":"projection 5 of 10"},{"timestamp":"2022-11-10T11:42:59.251Z","url":"https://stackoverflow.com/questions/17987647/moment-js-transform-to-date-object","component":"projection","action":"loaded","data":"projection 4 of 10"},{"timestamp":"2022-11-10T11:42:59.251Z","url":"https://stackoverflow.com/questions/49385109/get-days-hour-and-minutes-diff-moment-js","component":"projection","action":"loaded","data":"projection 3 of 10"},{"timestamp":"2022-11-10T11:42:59.251Z","url":"https://stackoverflow.com/questions/71529228/issue-getting-remaining-days-hours-minutes-to-date-with-moment","component":"projection","action":"loaded","data":"projection 2 of 10"},{"timestamp":"2022-11-10T11:42:59.251Z","url":"https://stackoverflow.com/questions/15130735/how-can-i-remove-time-from-date-with-moment-js","component":"projection","action":"loaded","data":"projection 1 of 10"},{"timestamp":"2022-11-10T11:44:14.600Z","url":"https://stackoverflow.com/questions/41875679/get-the-days-hours-and-minutes-in-moment-js","component":"projection","action":"mouseenter"},{"timestamp":"2022-11-10T11:44:14.644Z","url":"https://stackoverflow.com/questions/41875679/get-the-days-hours-and-minutes-in-moment-js","component":"projection","action":"mouseleave"},{"timestamp":"2022-11-10T11:44:14.646Z","url":"https://stackoverflow.com/questions/63772083/convert-minutes-to-days-hours-and-minutes-using-moment-js","component":"projection","action":"mouseenter"},{"timestamp":"2022-11-10T11:44:17.487Z","url":"https://stackoverflow.com/questions/63772083/convert-minutes-to-days-hours-and-minutes-using-moment-js","component":"projection","action":"mouseleave"},{"timestamp":"2022-11-10T11:44:17.489Z","url":"https://stackoverflow.com/questions/41875679/get-the-days-hours-and-minutes-in-moment-js","component":"projection","action":"mouseenter"},{"timestamp":"2022-11-10T11:44:18.373Z","url":"https://stackoverflow.com/questions/41875679/get-the-days-hours-and-minutes-in-moment-js","component":"page","action":"open"},{"timestamp":"2022-11-10T11:44:18.393Z","url":"https://stackoverflow.com/questions/41875679/get-the-days-hours-and-minutes-in-moment-js","component":"projection","action":"mouseleave"},{"timestamp":"2022-11-10T11:44:19.101Z","url":"https://stackoverflow.com/questions/41875679/get-the-days-hours-and-minutes-in-moment-js","component":"page","action":"load"},{"timestamp":"2022-11-10T11:44:22.116Z","url":"https://stackoverflow.com/questions/41875679/get-the-days-hours-and-minutes-in-moment-js","component":"page","action":"scroll","data":{"viewport":{"x":0,"y":885,"height":921,"width":511},"document":{"height":5398,"width":511},"question":{"identifier":"41875679","top":-774.7666625976562,"bottom":14.61663818359375,"right":495,"left":16,"width":479,"height":789.38330078125},"answers":[{"identifier":"41876250","top":94.91667175292969,"bottom":993.9999847412109,"right":495,"left":16,"width":479,"height":899.0833129882812},{"identifier":"41876219","top":994,"bottom":1575.3333129882812,"right":495,"left":16,"width":479,"height":581.3333129882812},{"identifier":"41876336","top":1575.3333740234375,"bottom":1912.6667175292969,"right":495,"left":16,"width":479,"height":337.3333435058594},{"identifier":"41876296","top":1912.6666259765625,"bottom":2341.9999389648438,"right":495,"left":16,"width":479,"height":429.33331298828125}]}},{"timestamp":"2022-11-10T11:44:22.643Z","url":"https://stackoverflow.com/questions/41875679/get-the-days-hours-and-minutes-in-moment-js","component":"page","action":"scroll","data":{"viewport":{"x":0,"y":886,"height":921,"width":511},"document":{"height":5398,"width":511},"question":{"identifier":"41875679","top":-775.7666625976562,"bottom":13.61663818359375,"right":495,"left":16,"width":479,"height":789.38330078125},"answers":[{"identifier":"41876250","top":93.91667175292969,"bottom":992.9999847412109,"right":495,"left":16,"width":479,"height":899.0833129882812},{"identifier":"41876219","top":993,"bottom":1574.3333129882812,"right":495,"left":16,"width":479,"height":581.3333129882812},{"identifier":"41876336","top":1574.3333740234375,"bottom":1911.6667175292969,"right":495,"left":16,"width":479,"height":337.3333435058594},{"identifier":"41876296","top":1911.6666259765625,"bottom":2340.9999389648438,"right":495,"left":16,"width":479,"height":429.33331298828125}]}},{"timestamp":"2022-11-10T11:44:24.401Z","url":"https://stackoverflow.com/questions/41875679/get-the-days-hours-and-minutes-in-moment-js","component":"page","action":"scroll","data":{"viewport":{"x":0,"y":899,"height":921,"width":511},"document":{"height":5398,"width":511},"question":{"identifier":"41875679","top":-788.7666625976562,"bottom":0.61663818359375,"right":495,"left":16,"width":479,"height":789.38330078125},"answers":[{"identifier":"41876250","top":80.91667175292969,"bottom":979.9999847412109,"right":495,"left":16,"width":479,"height":899.0833129882812},{"identifier":"41876219","top":980,"bottom":1561.3333129882812,"right":495,"left":16,"width":479,"height":581.3333129882812},{"identifier":"41876336","top":1561.3333740234375,"bottom":1898.6667175292969,"right":495,"left":16,"width":479,"height":337.3333435058594},{"identifier":"41876296","top":1898.6666259765625,"bottom":2327.9999389648438,"right":495,"left":16,"width":479,"height":429.33331298828125}]}}]}]}