{"id":"92307_1","conditions":[{"taskId":1,"taskName":"currency","enableFragments":true,"enableContext":true,"showContext":true,"provideSearchTerms":true,"sequence":3},{"taskId":4,"taskName":"sort","enableFragments":true,"enableContext":true,"showContext":true,"provideSearchTerms":true,"sequence":4},{"taskId":3,"taskName":"clone","enableFragments":false,"enableContext":true,"showContext":false,"provideSearchTerms":true,"sequence":5},{"taskId":2,"taskName":"find","enableFragments":false,"enableContext":true,"showContext":false,"provideSearchTerms":true,"sequence":6},{"taskId":5,"taskName":"recent","enableFragments":false,"enableContext":false,"showContext":false,"provideSearchTerms":false,"sequence":7},{"taskId":6,"taskName":"serve","enableFragments":true,"enableContext":true,"showContext":true,"provideSearchTerms":false,"sequence":8}],"activeTaskId":"serve","tasks":[{"id":"pre-study"},{"enableFragments":true,"enableContext":true,"showContext":true,"provideSearchTerms":true,"contextOverride":[{"source":"src/tutorial.js","name":"sumTradedShares","position":{"start":397,"end":545},"variables":[],"parameters":[{"source":"src/tutorial.js","name":"trades","position":{"start":429,"end":435},"type":{"name":"Trade[]"}}],"returnType":"number"}],"id":"tutorial","startTime":"2022-11-10T11:19:23.254Z","duration":316065,"timer":{"startTime":"2022-11-10T11:21:59.064Z","endTime":"2022-11-10T11:24:40.830Z"},"endTime":"2022-11-10T11:24:40.830Z"},{"enableFragments":true,"enableContext":true,"showContext":true,"contextOverride":[{"source":"src/currency.js","name":"printCurrency","position":{"start":593,"end":782},"variables":[],"parameters":[{"source":"src/currency.js","name":"amount","position":{"start":623,"end":629},"type":{"name":"number"}},{"source":"src/currency.js","name":"locale","position":{"start":631,"end":637},"type":{"name":"string"}},{"source":"src/currency.js","name":"currency","position":{"start":639,"end":647},"type":{"name":"string"}}],"returnType":"string"}],"provideSearchTerms":true,"searchTerms":"format currency","id":"currency","startTime":"2022-11-10T11:24:47.986Z","timer":{"startTime":"2022-11-10T11:24:47.987Z","endTime":"2022-11-10T11:30:50.803Z"},"duration":359209,"data":{"Q1":"2","Q2":"The extension seems to work well, but the help needed was quite far down.","Q3":"Less clutter","Q4":""},"endTime":"2022-11-10T11:32:00.336Z"},{"enableFragments":false,"enableContext":true,"showContext":false,"contextOverride":[{"source":"src/find.js","name":"getTradeById","position":{"start":286,"end":506},"variables":[],"parameters":[{"source":"src/find.js","name":"trades","position":{"start":315,"end":321},"type":{"name":"Trade[]"}},{"source":"src/find.js","name":"id","position":{"start":323,"end":325},"type":{"name":"number"}}],"returnType":"Trade"}],"provideSearchTerms":true,"searchTerms":"find item in array by value","id":"find","startTime":"2022-11-10T11:37:30.318Z","timer":{"startTime":"2022-11-10T11:37:30.319Z","endTime":"2022-11-10T11:38:55.630Z"},"duration":83561,"data":{"Q1":"5","Q2":"Didn't see the comment about undefined or [] until I clicked submit sorry","Q3":"","Q4":""},"endTime":"2022-11-10T11:39:23.751Z"},{"enableFragments":false,"enableContext":true,"showContext":false,"contextOverride":[{"source":"src/clone.js","name":"cloneTradeLedger","position":{"start":239,"end":406},"variables":[],"parameters":[{"source":"src/clone.js","name":"trades","position":{"start":272,"end":278},"type":{"name":"Trade[]"}}],"returnType":"Trade[]"}],"provideSearchTerms":true,"searchTerms":"clone array","id":"clone","startTime":"2022-11-10T11:36:24.014Z","timer":{"startTime":"2022-11-10T11:36:24.014Z","endTime":"2022-11-10T11:37:07.258Z"},"duration":41761,"data":{"Q1":"5","Q2":"Very helpful that time!","Q3":"","Q4":""},"endTime":"2022-11-10T11:37:19.311Z"},{"enableFragments":true,"enableContext":true,"showContext":true,"contextOverride":[{"source":"src/sort.js","name":"sortTradesByShareCount","position":{"start":285,"end":524},"variables":[],"parameters":[{"source":"src/sort.js","name":"trades","position":{"start":324,"end":330},"type":{"name":"Trade[]"}}],"returnType":"Trade[]"}],"provideSearchTerms":true,"searchTerms":"sort array of objects descending","id":"sort","startTime":"2022-11-10T11:32:10.543Z","timer":{"startTime":"2022-11-10T11:32:10.543Z","endTime":"2022-11-10T11:35:52.610Z"},"duration":220697,"data":{"Q1":"3","Q2":"Seems to include some useless results amongst the helpful ones","Q3":"","Q4":""},"endTime":"2022-11-10T11:36:13.283Z"},{"enableFragments":false,"enableContext":false,"showContext":false,"contextOverride":[],"provideSearchTerms":false,"searchTerms":"","id":"recent","startTime":"2022-11-10T11:39:35.209Z","timer":{"startTime":"2022-11-10T11:39:35.209Z","endTime":"2022-11-10T11:44:34.127Z"},"duration":297598,"data":{"Q1":"4","Q2":"Once I understood the task, then it was quick and easier to find my answer.","Q3":"","Q4":""},"endTime":"2022-11-10T11:45:01.718Z"},{"enableFragments":true,"enableContext":true,"showContext":true,"contextOverride":[{"source":"src/serve.js","name":"express","position":{"start":7,"end":14},"module":{"name":"express","position":{"start":20,"end":29}},"references":[{"start":181,"end":188}]},{"source":"src/serve.js","name":"path","position":{"start":38,"end":42},"module":{"name":"path","position":{"start":48,"end":54}},"references":[]},{"source":"src/serve.js","name":"setup","position":{"start":193,"end":290},"variables":[],"parameters":[],"returnType":"void"}],"provideSearchTerms":false,"searchTerms":"","id":"serve","startTime":"2022-11-10T11:45:13.563Z","timer":{"startTime":"2022-11-10T11:45:13.564Z","endTime":"2022-11-10T11:47:40.979Z"},"duration":146241,"data":{"Q1":"5","Q2":"Again another easy one, extension works fantastic and really helped","Q3":"","Q4":""},"endTime":"2022-11-10T11:48:03.900Z"},{"id":"post-study"}],"activations":["2022-11-10T11:19:04.929Z"]}