{"numFailedTestSuites":0,"numFailedTests":0,"numPassedTestSuites":1,"numPassedTests":4,"numPendingTestSuites":0,"numPendingTests":0,"numRuntimeErrorTestSuites":0,"numTodoTests":0,"numTotalTestSuites":1,"numTotalTests":4,"openHandles":[],"snapshot":{"added":0,"didUpdate":false,"failure":false,"filesAdded":0,"filesRemoved":0,"filesRemovedList":[],"filesUnmatched":0,"filesUpdated":0,"matched":0,"total":0,"unchecked":0,"uncheckedKeysByFile":[],"unmatched":0,"updated":0},"startTime":1668376022352,"success":true,"testResults":[{"assertionResults":[{"ancestorTitles":["getPastTradesFrom()"],"failureMessages":[],"fullName":"getPastTradesFrom() Should filter trades in the past 7 days.","location":null,"status":"passed","title":"Should filter trades in the past 7 days."},{"ancestorTitles":["getPastTradesFrom()"],"failureMessages":[],"fullName":"getPastTradesFrom() Should filter trades in the past 30 days.","location":null,"status":"passed","title":"Should filter trades in the past 30 days."},{"ancestorTitles":["getPastTradesFrom()"],"failureMessages":[],"fullName":"getPastTradesFrom() Should filter trades in the past month.","location":null,"status":"passed","title":"Should filter trades in the past month."},{"ancestorTitles":["getPastTradesFrom()"],"failureMessages":[],"fullName":"getPastTradesFrom() Should fitler trades when from value exceeds unit.","location":null,"status":"passed","title":"Should fitler trades when from value exceeds unit."}],"endTime":1668376022659,"message":"","name":"/workspaces/20964_4/test/recent.test.js","startTime":1668376022378,"status":"passed","summary":""}],"wasInterrupted":false}