{"trialId":"20964_4","taskId":"sort","appEvents":[{"timestamp":"2022-11-13T21:38:21.621Z","name":"search","data":"search-start"},{"timestamp":"2022-11-13T21:38:22.872Z","name":"search","data":"search-done"}],"searches":[{"keywords":["sort","array","of","objects","descending"],"context":{"tokens":[{"kind":"language","value":"javascript"}]},"timestamp":"2022-11-13T21:38:21.620Z","results":[{"signatures":[],"areSignaturesLoading":true,"title":"Sorting an array of objects by property values - Stack Overflow","url":"https://stackoverflow.com/questions/979256/sorting-an-array-of-objects-by-property-values","displayLink":"https://stackoverflow.com › questions › sorting-an-arra...","date":"33 answers","snippet":"Sort homes by price in ascending order: homes.sort(function(a, b) { return parseFloat(a.price) - parseFloat(b.price); });. Or after ES6 version:","snippetHighlightWords":["Sort","ascending","sort"]},{"signatures":[],"areSignaturesLoading":true,"title":"Sorting an array of objects on both ascending and descending ...","url":"https://stackoverflow.com/questions/56809727/sorting-an-array-of-objects-on-both-ascending-and-descending-order-on-same-click","displayLink":"https://stackoverflow.com › questions › sorting-an-arra...","date":"Jun 28, 2019","snippet":"Sorting an array of objects on both ascending and descending order on same click · reverse the > to < and create a variable that can store the ...","snippetHighlightWords":["Sorting","array of objects","ascending","descending","reverse"]},{"signatures":[],"areSignaturesLoading":true,"title":"JavaScript: Sort an array of objects by a numeric property in ...","url":"https://stackoverflow.com/questions/54623130/javascript-sort-an-array-of-objects-by-a-numeric-property-in-each-object","displayLink":"https://stackoverflow.com › questions › javascript-sort-a...","date":"Feb 11, 2019","snippet":"sort() method does two things, it changes the original array so that it is in sorted order, and it also returns a reference to your original ...","snippetHighlightWords":["sort","array","sorted"]},{"signatures":[],"areSignaturesLoading":true,"title":"Sort by object key in descending order on Javascript/underscore","url":"https://stackoverflow.com/questions/31553155/sort-by-object-key-in-descending-order-on-javascript-underscore","displayLink":"https://stackoverflow.com › questions › sort-by-object-...","date":"Jul 22, 2015","snippet":"I want to sort this array object by key in descending order. So the expected output will be following like the latest date will come first.","snippetHighlightWords":["sort","array object","descending"]},{"signatures":[],"areSignaturesLoading":true,"title":"Javascript: Sorting Objects (not arrays) in descending","url":"https://stackoverflow.com/questions/56996782/javascript-sorting-objects-not-arrays-in-descending","displayLink":"https://stackoverflow.com › questions › javascript-sortin...","date":"Jul 11, 2019","snippet":"Get an array of arrays from Object.entries() .reverse() it; Convert it into a Map ( Map() guarantees order according to how it was entered) ...","snippetHighlightWords":["array","arrays","Object","reverse"]},{"signatures":[],"areSignaturesLoading":true,"title":"Sort array of objects by string property value - Stack Overflow","url":"https://stackoverflow.com/questions/1129216/sort-array-of-objects-by-string-property-value","displayLink":"https://stackoverflow.com › questions › sort-array-of-o...","snippet":"Use JavaScript sort method ... The sort method can be modified to sort anything like an array of numbers, strings and even objects using a compare function. A ...","snippetHighlightWords":["JavaScript sort","sort","sort","array","objects"]},{"signatures":[],"areSignaturesLoading":true,"title":"sort array of objects with letters and numbers in descending ...","url":"https://stackoverflow.com/questions/49365109/sort-array-of-objects-with-letters-and-numbers-in-descending-order","displayLink":"https://stackoverflow.com › questions › sort-array-of-o...","snippet":"You can use array#sort with string#localeCompare with numeric property set to true . const data = [{\"map_name\": \"PHX7260.","snippetHighlightWords":["array#sort"],"extensions":["Mar 19, 2018","3 answers"]},{"signatures":[],"areSignaturesLoading":true,"title":"How do I sort array of objects in descending order based on ...","url":"https://stackoverflow.com/questions/72084911/how-do-i-sort-array-of-objects-in-descending-order-based-on-alphanumeric-value-i","displayLink":"https://stackoverflow.com › questions › how-do-i-sort-a...","snippet":"You need a custom comparer function that will use the value property of your objects to make a descending alphabetic sort on your ArrOfObj.","snippetHighlightWords":["objects","descending","sort"],"extensions":["May 2, 2022","1 answer"]},{"signatures":[],"areSignaturesLoading":true,"title":"JS sort array of objets by specific string property (not ...","url":"https://stackoverflow.com/questions/65687818/js-sort-array-of-objets-by-specific-string-property-not-ascending-or-descending","displayLink":"https://stackoverflow.com › questions › js-sort-array-of-...","snippet":"You could take an object with the wanted order and take a large value as default for sorting. const data = [{ name: \"strawberries\", ...","snippetHighlightWords":["object","sorting"],"extensions":["Jan 12, 2021","5 answers"]},{"signatures":[],"areSignaturesLoading":true,"title":"How can I sort a javascript array of objects numerically and ...","url":"https://stackoverflow.com/questions/12900058/how-can-i-sort-a-javascript-array-of-objects-numerically-and-then-alphabetically","displayLink":"https://stackoverflow.com › questions › how-can-i-sort-...","snippet":"items.sort(function(a, b) { return (a.id - b.id); ...","snippetHighlightWords":["sort"]}],"events":[{"timestamp":"2022-11-13T21:38:21.841Z","url":"https://stackoverflow.com/questions/979256/sorting-an-array-of-objects-by-property-values","component":"projection","action":"load","data":{"height":126,"width":241.5,"wc":19,"lc":1}},{"timestamp":"2022-11-13T21:38:21.841Z","url":"https://stackoverflow.com/questions/56809727/sorting-an-array-of-objects-on-both-ascending-and-descending-order-on-same-click","component":"projection","action":"load","data":{"height":104,"width":235.39999389648438,"wc":29,"lc":1}},{"timestamp":"2022-11-13T21:38:21.843Z","url":"https://stackoverflow.com/questions/54623130/javascript-sort-an-array-of-objects-by-a-numeric-property-in-each-object","component":"projection","action":"load","data":{"height":82,"width":253.10000610351562,"wc":27,"lc":1}},{"timestamp":"2022-11-13T21:38:21.845Z","url":"https://stackoverflow.com/questions/31553155/sort-by-object-key-in-descending-order-on-javascript-underscore","component":"projection","action":"load","data":{"height":82,"width":256.70001220703125,"wc":26,"lc":1}},{"timestamp":"2022-11-13T21:38:21.847Z","url":"https://stackoverflow.com/questions/56996782/javascript-sorting-objects-not-arrays-in-descending","component":"projection","action":"load","data":{"height":104,"width":245.6999969482422,"wc":25,"lc":1}},{"timestamp":"2022-11-13T21:38:21.847Z","url":"https://stackoverflow.com/questions/1129216/sort-array-of-objects-by-string-property-value","component":"projection","action":"load","data":{"height":104,"width":236.39999389648438,"wc":29,"lc":1}},{"timestamp":"2022-11-13T21:38:21.851Z","url":"https://stackoverflow.com/questions/49365109/sort-array-of-objects-with-letters-and-numbers-in-descending-order","component":"projection","action":"load","data":{"height":82,"width":223.3000030517578,"wc":18,"lc":1}},{"timestamp":"2022-11-13T21:38:21.852Z","url":"https://stackoverflow.com/questions/72084911/how-do-i-sort-array-of-objects-in-descending-order-based-on-alphanumeric-value-i","component":"projection","action":"load","data":{"height":82,"width":244,"wc":24,"lc":1}},{"timestamp":"2022-11-13T21:38:21.853Z","url":"https://stackoverflow.com/questions/65687818/js-sort-array-of-objets-by-specific-string-property-not-ascending-or-descending","component":"projection","action":"load","data":{"height":82,"width":250.8000030517578,"wc":25,"lc":1}},{"timestamp":"2022-11-13T21:38:21.853Z","url":"https://stackoverflow.com/questions/12900058/how-can-i-sort-a-javascript-array-of-objects-numerically-and-then-alphabetically","component":"projection","action":"load","data":{"height":38,"width":250.1999969482422,"wc":8,"lc":1}},{"timestamp":"2022-11-13T21:38:21.867Z","url":"https://stackoverflow.com/questions/56809727/sorting-an-array-of-objects-on-both-ascending-and-descending-order-on-same-click","component":"projection","action":"mouseenter"},{"timestamp":"2022-11-13T21:38:21.870Z","url":"https://stackoverflow.com/questions/56809727/sorting-an-array-of-objects-on-both-ascending-and-descending-order-on-same-click","component":"projection","action":"mouseleave"},{"timestamp":"2022-11-13T21:38:22.817Z","url":"https://stackoverflow.com/questions/979256/sorting-an-array-of-objects-by-property-values","component":"projection","action":"mouseenter"},{"timestamp":"2022-11-13T21:38:22.871Z","url":"https://stackoverflow.com/questions/979256/sorting-an-array-of-objects-by-property-values","component":"projection","action":"loaded","data":"projection 10 of 10"},{"timestamp":"2022-11-13T21:38:22.871Z","url":"https://stackoverflow.com/questions/56809727/sorting-an-array-of-objects-on-both-ascending-and-descending-order-on-same-click","component":"projection","action":"loaded","data":"projection 9 of 10"},{"timestamp":"2022-11-13T21:38:22.871Z","url":"https://stackoverflow.com/questions/54623130/javascript-sort-an-array-of-objects-by-a-numeric-property-in-each-object","component":"projection","action":"loaded","data":"projection 8 of 10"},{"timestamp":"2022-11-13T21:38:22.871Z","url":"https://stackoverflow.com/questions/31553155/sort-by-object-key-in-descending-order-on-javascript-underscore","component":"projection","action":"loaded","data":"projection 7 of 10"},{"timestamp":"2022-11-13T21:38:22.871Z","url":"https://stackoverflow.com/questions/56996782/javascript-sorting-objects-not-arrays-in-descending","component":"projection","action":"loaded","data":"projection 6 of 10"},{"timestamp":"2022-11-13T21:38:22.871Z","url":"https://stackoverflow.com/questions/1129216/sort-array-of-objects-by-string-property-value","component":"projection","action":"loaded","data":"projection 5 of 10"},{"timestamp":"2022-11-13T21:38:22.871Z","url":"https://stackoverflow.com/questions/49365109/sort-array-of-objects-with-letters-and-numbers-in-descending-order","component":"projection","action":"loaded","data":"projection 4 of 10"},{"timestamp":"2022-11-13T21:38:22.871Z","url":"https://stackoverflow.com/questions/72084911/how-do-i-sort-array-of-objects-in-descending-order-based-on-alphanumeric-value-i","component":"projection","action":"loaded","data":"projection 3 of 10"},{"timestamp":"2022-11-13T21:38:22.871Z","url":"https://stackoverflow.com/questions/65687818/js-sort-array-of-objets-by-specific-string-property-not-ascending-or-descending","component":"projection","action":"loaded","data":"projection 2 of 10"},{"timestamp":"2022-11-13T21:38:22.872Z","url":"https://stackoverflow.com/questions/12900058/how-can-i-sort-a-javascript-array-of-objects-numerically-and-then-alphabetically","component":"projection","action":"loaded","data":"projection 1 of 10"},{"timestamp":"2022-11-13T21:38:23.734Z","url":"https://stackoverflow.com/questions/979256/sorting-an-array-of-objects-by-property-values","component":"page","action":"open"},{"timestamp":"2022-11-13T21:38:23.826Z","url":"https://stackoverflow.com/questions/979256/sorting-an-array-of-objects-by-property-values","component":"projection","action":"mouseleave"},{"timestamp":"2022-11-13T21:38:26.073Z","url":"https://stackoverflow.com/questions/979256/sorting-an-array-of-objects-by-property-values","component":"page","action":"load"},{"timestamp":"2022-11-13T21:38:29.464Z","url":"https://stackoverflow.com/questions/979256/sorting-an-array-of-objects-by-property-values","component":"page","action":"scroll","data":{"viewport":{"x":0,"y":1683,"height":470,"width":295},"document":{"height":39104,"width":278},"question":{"identifier":"979256","top":-1488.683349609375,"bottom":-219.0167236328125,"right":262,"left":16,"width":246,"height":1269.6666259765625},"answers":[{"identifier":"979289","top":-101.71665954589844,"bottom":2023.5499420166016,"right":262,"left":16,"width":246,"height":2125.2666015625},{"identifier":"979325","top":2023.550048828125,"bottom":3876.416748046875,"right":262,"left":16,"width":246,"height":1852.86669921875},{"identifier":"979278","top":3876.416748046875,"bottom":4899.9833984375,"right":262,"left":16,"width":246,"height":1023.566650390625},{"identifier":"19970578","top":4899.9833984375,"bottom":5987.550048828125,"right":262,"left":16,"width":246,"height":1087.566650390625},{"identifier":"40796335","top":5987.5498046875,"bottom":7182.0164794921875,"right":262,"left":16,"width":246,"height":1194.4666748046875},{"identifier":"979295","top":7182.0166015625,"bottom":7931.683288574219,"right":262,"left":16,"width":246,"height":749.6666870117188},{"identifier":"26762192","top":7931.68310546875,"bottom":11137.399658203125,"right":262,"left":16,"width":246,"height":3205.716552734375},{"identifier":"37440769","top":11137.400390625,"bottom":12259.567016601562,"right":262,"left":16,"width":246,"height":1122.1666259765625},{"identifier":"54346678","top":12259.56640625,"bottom":12937.233093261719,"right":262,"left":16,"width":246,"height":677.6666870117188},{"identifier":"60641752","top":12937.2333984375,"bottom":13695.300048828125,"right":262,"left":16,"width":246,"height":758.066650390625},{"identifier":"45534960","top":13695.2998046875,"bottom":14774.06640625,"right":262,"left":16,"width":246,"height":1078.7666015625},{"identifier":"56594176","top":14774.06640625,"bottom":15219.033081054688,"right":262,"left":16,"width":246,"height":444.9666748046875},{"identifier":"50652203","top":15219.033203125,"bottom":17262.999877929688,"right":262,"left":16,"width":246,"height":2043.9666748046875},{"identifier":"21399152","top":17263,"bottom":18599.566650390625,"right":262,"left":16,"width":246,"height":1336.566650390625},{"identifier":"20421221","top":18599.56640625,"bottom":20356.533081054688,"right":262,"left":16,"width":246,"height":1756.9666748046875},{"identifier":"979296","top":20356.533203125,"bottom":20899.499877929688,"right":262,"left":16,"width":246,"height":542.9666748046875},{"identifier":"25624937","top":20899.5,"bottom":21865.466674804688,"right":262,"left":16,"width":246,"height":965.9666748046875},{"identifier":"32773923","top":21865.466796875,"bottom":23767.733520507812,"right":262,"left":16,"width":246,"height":1902.2667236328125},{"identifier":"38585024","top":23767.732421875,"bottom":24124.199096679688,"right":262,"left":16,"width":246,"height":356.4666748046875},{"identifier":"48662313","top":24124.19921875,"bottom":25101.665893554688,"right":262,"left":16,"width":246,"height":977.4666748046875},{"identifier":"66636162","top":25101.666015625,"bottom":26490.382690429688,"right":262,"left":16,"width":246,"height":1388.7166748046875},{"identifier":"30066050","top":26490.3828125,"bottom":26892.349487304688,"right":262,"left":16,"width":246,"height":401.9666748046875},{"identifier":"42100506","top":26892.349609375,"bottom":28630.71630859375,"right":262,"left":16,"width":246,"height":1738.36669921875},{"identifier":"55088845","top":28630.716796875,"bottom":29529.183471679688,"right":262,"left":16,"width":246,"height":898.4666748046875},{"identifier":"72601832","top":29529.18359375,"bottom":30127.150268554688,"right":262,"left":16,"width":246,"height":597.9666748046875},{"identifier":"43635307","top":30127.150390625,"bottom":30715.117065429688,"right":262,"left":16,"width":246,"height":587.9666748046875},{"identifier":"49146133","top":30715.1171875,"bottom":31864.083862304688,"right":262,"left":16,"width":246,"height":1148.9666748046875},{"identifier":"26650562","top":31864.083984375,"bottom":32785.05065917969,"right":262,"left":16,"width":246,"height":920.9666748046875},{"identifier":"28247369","top":32785.05078125,"bottom":33176.51745605469,"right":262,"left":16,"width":246,"height":391.4666748046875},{"identifier":"36379158","top":33176.515625,"bottom":34869.48229980469,"right":262,"left":16,"width":246,"height":1692.9666748046875}]}},{"timestamp":"2022-11-13T21:38:35.737Z","url":"https://stackoverflow.com/questions/979256/sorting-an-array-of-objects-by-property-values","component":"page","action":"copy","data":".sort((a, b) => parseFloat(a.price) - parseFloat(b.price));"},{"timestamp":"2022-11-13T21:38:36.099Z","url":"https://stackoverflow.com/questions/979256/sorting-an-array-of-objects-by-property-values","component":"page","action":"selection","data":".sort((a, b) => parseFloat(a.price) - parseFloat(b.price));"},{"timestamp":"2022-11-13T21:39:00.809Z","url":"https://stackoverflow.com/questions/979256/sorting-an-array-of-objects-by-property-values","component":"page","action":"scroll","data":{"viewport":{"x":0,"y":1581,"height":470,"width":295},"document":{"height":39104,"width":278},"question":{"identifier":"979256","top":-1386.683349609375,"bottom":-117.0167236328125,"right":262,"left":16,"width":246,"height":1269.6666259765625},"answers":[{"identifier":"979289","top":0.2833404541015625,"bottom":2125.5499420166016,"right":262,"left":16,"width":246,"height":2125.2666015625},{"identifier":"979325","top":2125.550048828125,"bottom":3978.416748046875,"right":262,"left":16,"width":246,"height":1852.86669921875},{"identifier":"979278","top":3978.416748046875,"bottom":5001.9833984375,"right":262,"left":16,"width":246,"height":1023.566650390625},{"identifier":"19970578","top":5001.9833984375,"bottom":6089.550048828125,"right":262,"left":16,"width":246,"height":1087.566650390625},{"identifier":"40796335","top":6089.5498046875,"bottom":7284.0164794921875,"right":262,"left":16,"width":246,"height":1194.4666748046875},{"identifier":"979295","top":7284.0166015625,"bottom":8033.683288574219,"right":262,"left":16,"width":246,"height":749.6666870117188},{"identifier":"26762192","top":8033.68310546875,"bottom":11239.399658203125,"right":262,"left":16,"width":246,"height":3205.716552734375},{"identifier":"37440769","top":11239.400390625,"bottom":12361.567016601562,"right":262,"left":16,"width":246,"height":1122.1666259765625},{"identifier":"54346678","top":12361.56640625,"bottom":13039.233093261719,"right":262,"left":16,"width":246,"height":677.6666870117188},{"identifier":"60641752","top":13039.2333984375,"bottom":13797.300048828125,"right":262,"left":16,"width":246,"height":758.066650390625},{"identifier":"45534960","top":13797.2998046875,"bottom":14876.06640625,"right":262,"left":16,"width":246,"height":1078.7666015625},{"identifier":"56594176","top":14876.06640625,"bottom":15321.033081054688,"right":262,"left":16,"width":246,"height":444.9666748046875},{"identifier":"50652203","top":15321.033203125,"bottom":17364.999877929688,"right":262,"left":16,"width":246,"height":2043.9666748046875},{"identifier":"21399152","top":17365,"bottom":18701.566650390625,"right":262,"left":16,"width":246,"height":1336.566650390625},{"identifier":"20421221","top":18701.56640625,"bottom":20458.533081054688,"right":262,"left":16,"width":246,"height":1756.9666748046875},{"identifier":"979296","top":20458.533203125,"bottom":21001.499877929688,"right":262,"left":16,"width":246,"height":542.9666748046875},{"identifier":"25624937","top":21001.5,"bottom":21967.466674804688,"right":262,"left":16,"width":246,"height":965.9666748046875},{"identifier":"32773923","top":21967.466796875,"bottom":23869.733520507812,"right":262,"left":16,"width":246,"height":1902.2667236328125},{"identifier":"38585024","top":23869.732421875,"bottom":24226.199096679688,"right":262,"left":16,"width":246,"height":356.4666748046875},{"identifier":"48662313","top":24226.19921875,"bottom":25203.665893554688,"right":262,"left":16,"width":246,"height":977.4666748046875},{"identifier":"66636162","top":25203.666015625,"bottom":26592.382690429688,"right":262,"left":16,"width":246,"height":1388.7166748046875},{"identifier":"30066050","top":26592.3828125,"bottom":26994.349487304688,"right":262,"left":16,"width":246,"height":401.9666748046875},{"identifier":"42100506","top":26994.349609375,"bottom":28732.71630859375,"right":262,"left":16,"width":246,"height":1738.36669921875},{"identifier":"55088845","top":28732.716796875,"bottom":29631.183471679688,"right":262,"left":16,"width":246,"height":898.4666748046875},{"identifier":"72601832","top":29631.18359375,"bottom":30229.150268554688,"right":262,"left":16,"width":246,"height":597.9666748046875},{"identifier":"43635307","top":30229.150390625,"bottom":30817.117065429688,"right":262,"left":16,"width":246,"height":587.9666748046875},{"identifier":"49146133","top":30817.1171875,"bottom":31966.083862304688,"right":262,"left":16,"width":246,"height":1148.9666748046875},{"identifier":"26650562","top":31966.083984375,"bottom":32887.05065917969,"right":262,"left":16,"width":246,"height":920.9666748046875},{"identifier":"28247369","top":32887.05078125,"bottom":33278.51745605469,"right":262,"left":16,"width":246,"height":391.4666748046875},{"identifier":"36379158","top":33278.515625,"bottom":34971.48229980469,"right":262,"left":16,"width":246,"height":1692.9666748046875}]}},{"timestamp":"2022-11-13T21:39:29.459Z","url":"https://stackoverflow.com/questions/979256/sorting-an-array-of-objects-by-property-values","component":"page","action":"scroll","data":{"viewport":{"x":0,"y":1734,"height":470,"width":295},"document":{"height":39104,"width":278},"question":{"identifier":"979256","top":-1539.683349609375,"bottom":-270.0167236328125,"right":262,"left":16,"width":246,"height":1269.6666259765625},"answers":[{"identifier":"979289","top":-152.71665954589844,"bottom":1972.5499420166016,"right":262,"left":16,"width":246,"height":2125.2666015625},{"identifier":"979325","top":1972.550048828125,"bottom":3825.416748046875,"right":262,"left":16,"width":246,"height":1852.86669921875},{"identifier":"979278","top":3825.416748046875,"bottom":4848.9833984375,"right":262,"left":16,"width":246,"height":1023.566650390625},{"identifier":"19970578","top":4848.9833984375,"bottom":5936.550048828125,"right":262,"left":16,"width":246,"height":1087.566650390625},{"identifier":"40796335","top":5936.5498046875,"bottom":7131.0164794921875,"right":262,"left":16,"width":246,"height":1194.4666748046875},{"identifier":"979295","top":7131.0166015625,"bottom":7880.683288574219,"right":262,"left":16,"width":246,"height":749.6666870117188},{"identifier":"26762192","top":7880.68310546875,"bottom":11086.399658203125,"right":262,"left":16,"width":246,"height":3205.716552734375},{"identifier":"37440769","top":11086.400390625,"bottom":12208.567016601562,"right":262,"left":16,"width":246,"height":1122.1666259765625},{"identifier":"54346678","top":12208.56640625,"bottom":12886.233093261719,"right":262,"left":16,"width":246,"height":677.6666870117188},{"identifier":"60641752","top":12886.2333984375,"bottom":13644.300048828125,"right":262,"left":16,"width":246,"height":758.066650390625},{"identifier":"45534960","top":13644.2998046875,"bottom":14723.06640625,"right":262,"left":16,"width":246,"height":1078.7666015625},{"identifier":"56594176","top":14723.06640625,"bottom":15168.033081054688,"right":262,"left":16,"width":246,"height":444.9666748046875},{"identifier":"50652203","top":15168.033203125,"bottom":17211.999877929688,"right":262,"left":16,"width":246,"height":2043.9666748046875},{"identifier":"21399152","top":17212,"bottom":18548.566650390625,"right":262,"left":16,"width":246,"height":1336.566650390625},{"identifier":"20421221","top":18548.56640625,"bottom":20305.533081054688,"right":262,"left":16,"width":246,"height":1756.9666748046875},{"identifier":"979296","top":20305.533203125,"bottom":20848.499877929688,"right":262,"left":16,"width":246,"height":542.9666748046875},{"identifier":"25624937","top":20848.5,"bottom":21814.466674804688,"right":262,"left":16,"width":246,"height":965.9666748046875},{"identifier":"32773923","top":21814.466796875,"bottom":23716.733520507812,"right":262,"left":16,"width":246,"height":1902.2667236328125},{"identifier":"38585024","top":23716.732421875,"bottom":24073.199096679688,"right":262,"left":16,"width":246,"height":356.4666748046875},{"identifier":"48662313","top":24073.19921875,"bottom":25050.665893554688,"right":262,"left":16,"width":246,"height":977.4666748046875},{"identifier":"66636162","top":25050.666015625,"bottom":26439.382690429688,"right":262,"left":16,"width":246,"height":1388.7166748046875},{"identifier":"30066050","top":26439.3828125,"bottom":26841.349487304688,"right":262,"left":16,"width":246,"height":401.9666748046875},{"identifier":"42100506","top":26841.349609375,"bottom":28579.71630859375,"right":262,"left":16,"width":246,"height":1738.36669921875},{"identifier":"55088845","top":28579.716796875,"bottom":29478.183471679688,"right":262,"left":16,"width":246,"height":898.4666748046875},{"identifier":"72601832","top":29478.18359375,"bottom":30076.150268554688,"right":262,"left":16,"width":246,"height":597.9666748046875},{"identifier":"43635307","top":30076.150390625,"bottom":30664.117065429688,"right":262,"left":16,"width":246,"height":587.9666748046875},{"identifier":"49146133","top":30664.1171875,"bottom":31813.083862304688,"right":262,"left":16,"width":246,"height":1148.9666748046875},{"identifier":"26650562","top":31813.083984375,"bottom":32734.050659179688,"right":262,"left":16,"width":246,"height":920.9666748046875},{"identifier":"28247369","top":32734.05078125,"bottom":33125.51745605469,"right":262,"left":16,"width":246,"height":391.4666748046875},{"identifier":"36379158","top":33125.515625,"bottom":34818.48229980469,"right":262,"left":16,"width":246,"height":1692.9666748046875}]}},{"timestamp":"2022-11-13T21:39:53.099Z","url":"https://stackoverflow.com/questions/979256/sorting-an-array-of-objects-by-property-values","component":"page","action":"selection","data":".sort((a, b) => parseFloat(b.price) - parseFloat(a.price));"},{"timestamp":"2022-11-13T21:39:53.280Z","url":"https://stackoverflow.com/questions/979256/sorting-an-array-of-objects-by-property-values","component":"page","action":"copy","data":".sort((a, b) => parseFloat(b.price) - parseFloat(a.price));"},{"timestamp":"2022-11-13T21:39:53.393Z","url":"https://stackoverflow.com/questions/979256/sorting-an-array-of-objects-by-property-values","component":"page","action":"copy","data":".sort((a, b) => parseFloat(b.price) - parseFloat(a.price));"},{"timestamp":"2022-11-13T21:40:35.326Z","url":"https://stackoverflow.com/questions/979256/sorting-an-array-of-objects-by-property-values","component":"page","action":"scroll","data":{"viewport":{"x":0,"y":102,"height":470,"width":295},"document":{"height":39104,"width":278},"question":{"identifier":"979256","top":92.31666564941406,"bottom":1361.9832916259766,"right":262,"left":16,"width":246,"height":1269.6666259765625},"answers":[{"identifier":"979289","top":1479.2833251953125,"bottom":3604.5499267578125,"right":262,"left":16,"width":246,"height":2125.2666015625},{"identifier":"979325","top":3604.550048828125,"bottom":5457.416748046875,"right":262,"left":16,"width":246,"height":1852.86669921875},{"identifier":"979278","top":5457.41650390625,"bottom":6480.983154296875,"right":262,"left":16,"width":246,"height":1023.566650390625},{"identifier":"19970578","top":6480.9833984375,"bottom":7568.550048828125,"right":262,"left":16,"width":246,"height":1087.566650390625},{"identifier":"40796335","top":7568.5498046875,"bottom":8763.016479492188,"right":262,"left":16,"width":246,"height":1194.4666748046875},{"identifier":"979295","top":8763.0166015625,"bottom":9512.683288574219,"right":262,"left":16,"width":246,"height":749.6666870117188},{"identifier":"26762192","top":9512.68359375,"bottom":12718.400146484375,"right":262,"left":16,"width":246,"height":3205.716552734375},{"identifier":"37440769","top":12718.400390625,"bottom":13840.567016601562,"right":262,"left":16,"width":246,"height":1122.1666259765625},{"identifier":"54346678","top":13840.56640625,"bottom":14518.233093261719,"right":262,"left":16,"width":246,"height":677.6666870117188},{"identifier":"60641752","top":14518.2333984375,"bottom":15276.300048828125,"right":262,"left":16,"width":246,"height":758.066650390625},{"identifier":"45534960","top":15276.2998046875,"bottom":16355.06640625,"right":262,"left":16,"width":246,"height":1078.7666015625},{"identifier":"56594176","top":16355.06640625,"bottom":16800.033081054688,"right":262,"left":16,"width":246,"height":444.9666748046875},{"identifier":"50652203","top":16800.033203125,"bottom":18843.999877929688,"right":262,"left":16,"width":246,"height":2043.9666748046875},{"identifier":"21399152","top":18844,"bottom":20180.566650390625,"right":262,"left":16,"width":246,"height":1336.566650390625},{"identifier":"20421221","top":20180.56640625,"bottom":21937.533081054688,"right":262,"left":16,"width":246,"height":1756.9666748046875},{"identifier":"979296","top":21937.533203125,"bottom":22480.499877929688,"right":262,"left":16,"width":246,"height":542.9666748046875},{"identifier":"25624937","top":22480.5,"bottom":23446.466674804688,"right":262,"left":16,"width":246,"height":965.9666748046875},{"identifier":"32773923","top":23446.466796875,"bottom":25348.733520507812,"right":262,"left":16,"width":246,"height":1902.2667236328125},{"identifier":"38585024","top":25348.732421875,"bottom":25705.199096679688,"right":262,"left":16,"width":246,"height":356.4666748046875},{"identifier":"48662313","top":25705.19921875,"bottom":26682.665893554688,"right":262,"left":16,"width":246,"height":977.4666748046875},{"identifier":"66636162","top":26682.666015625,"bottom":28071.382690429688,"right":262,"left":16,"width":246,"height":1388.7166748046875},{"identifier":"30066050","top":28071.3828125,"bottom":28473.349487304688,"right":262,"left":16,"width":246,"height":401.9666748046875},{"identifier":"42100506","top":28473.349609375,"bottom":30211.71630859375,"right":262,"left":16,"width":246,"height":1738.36669921875},{"identifier":"55088845","top":30211.716796875,"bottom":31110.183471679688,"right":262,"left":16,"width":246,"height":898.4666748046875},{"identifier":"72601832","top":31110.18359375,"bottom":31708.150268554688,"right":262,"left":16,"width":246,"height":597.9666748046875},{"identifier":"43635307","top":31708.150390625,"bottom":32296.117065429688,"right":262,"left":16,"width":246,"height":587.9666748046875},{"identifier":"49146133","top":32296.1171875,"bottom":33445.08386230469,"right":262,"left":16,"width":246,"height":1148.9666748046875},{"identifier":"26650562","top":33445.08203125,"bottom":34366.04870605469,"right":262,"left":16,"width":246,"height":920.9666748046875},{"identifier":"28247369","top":34366.05078125,"bottom":34757.51745605469,"right":262,"left":16,"width":246,"height":391.4666748046875},{"identifier":"36379158","top":34757.515625,"bottom":36450.48229980469,"right":262,"left":16,"width":246,"height":1692.9666748046875}]}},{"timestamp":"2022-11-13T21:40:36.622Z","url":"https://stackoverflow.com/questions/979256/sorting-an-array-of-objects-by-property-values","component":"page","action":"scroll","data":{"viewport":{"x":0,"y":0,"height":470,"width":295},"document":{"height":39104,"width":278},"question":{"identifier":"979256","top":194.31666564941406,"bottom":1463.9832916259766,"right":262,"left":16,"width":246,"height":1269.6666259765625},"answers":[{"identifier":"979289","top":1581.2833251953125,"bottom":3706.5499267578125,"right":262,"left":16,"width":246,"height":2125.2666015625},{"identifier":"979325","top":3706.550048828125,"bottom":5559.416748046875,"right":262,"left":16,"width":246,"height":1852.86669921875},{"identifier":"979278","top":5559.41650390625,"bottom":6582.983154296875,"right":262,"left":16,"width":246,"height":1023.566650390625},{"identifier":"19970578","top":6582.9833984375,"bottom":7670.550048828125,"right":262,"left":16,"width":246,"height":1087.566650390625},{"identifier":"40796335","top":7670.5498046875,"bottom":8865.016479492188,"right":262,"left":16,"width":246,"height":1194.4666748046875},{"identifier":"979295","top":8865.0166015625,"bottom":9614.683288574219,"right":262,"left":16,"width":246,"height":749.6666870117188},{"identifier":"26762192","top":9614.68359375,"bottom":12820.400146484375,"right":262,"left":16,"width":246,"height":3205.716552734375},{"identifier":"37440769","top":12820.400390625,"bottom":13942.567016601562,"right":262,"left":16,"width":246,"height":1122.1666259765625},{"identifier":"54346678","top":13942.56640625,"bottom":14620.233093261719,"right":262,"left":16,"width":246,"height":677.6666870117188},{"identifier":"60641752","top":14620.2333984375,"bottom":15378.300048828125,"right":262,"left":16,"width":246,"height":758.066650390625},{"identifier":"45534960","top":15378.2998046875,"bottom":16457.06640625,"right":262,"left":16,"width":246,"height":1078.7666015625},{"identifier":"56594176","top":16457.06640625,"bottom":16902.033081054688,"right":262,"left":16,"width":246,"height":444.9666748046875},{"identifier":"50652203","top":16902.033203125,"bottom":18945.999877929688,"right":262,"left":16,"width":246,"height":2043.9666748046875},{"identifier":"21399152","top":18946,"bottom":20282.566650390625,"right":262,"left":16,"width":246,"height":1336.566650390625},{"identifier":"20421221","top":20282.56640625,"bottom":22039.533081054688,"right":262,"left":16,"width":246,"height":1756.9666748046875},{"identifier":"979296","top":22039.533203125,"bottom":22582.499877929688,"right":262,"left":16,"width":246,"height":542.9666748046875},{"identifier":"25624937","top":22582.5,"bottom":23548.466674804688,"right":262,"left":16,"width":246,"height":965.9666748046875},{"identifier":"32773923","top":23548.466796875,"bottom":25450.733520507812,"right":262,"left":16,"width":246,"height":1902.2667236328125},{"identifier":"38585024","top":25450.732421875,"bottom":25807.199096679688,"right":262,"left":16,"width":246,"height":356.4666748046875},{"identifier":"48662313","top":25807.19921875,"bottom":26784.665893554688,"right":262,"left":16,"width":246,"height":977.4666748046875},{"identifier":"66636162","top":26784.666015625,"bottom":28173.382690429688,"right":262,"left":16,"width":246,"height":1388.7166748046875},{"identifier":"30066050","top":28173.3828125,"bottom":28575.349487304688,"right":262,"left":16,"width":246,"height":401.9666748046875},{"identifier":"42100506","top":28575.349609375,"bottom":30313.71630859375,"right":262,"left":16,"width":246,"height":1738.36669921875},{"identifier":"55088845","top":30313.716796875,"bottom":31212.183471679688,"right":262,"left":16,"width":246,"height":898.4666748046875},{"identifier":"72601832","top":31212.18359375,"bottom":31810.150268554688,"right":262,"left":16,"width":246,"height":597.9666748046875},{"identifier":"43635307","top":31810.150390625,"bottom":32398.117065429688,"right":262,"left":16,"width":246,"height":587.9666748046875},{"identifier":"49146133","top":32398.1171875,"bottom":33547.08386230469,"right":262,"left":16,"width":246,"height":1148.9666748046875},{"identifier":"26650562","top":33547.08203125,"bottom":34468.04870605469,"right":262,"left":16,"width":246,"height":920.9666748046875},{"identifier":"28247369","top":34468.05078125,"bottom":34859.51745605469,"right":262,"left":16,"width":246,"height":391.4666748046875},{"identifier":"36379158","top":34859.515625,"bottom":36552.48229980469,"right":262,"left":16,"width":246,"height":1692.9666748046875}]}}]}]}