{"trialId":"20964_4","taskId":"serve","appEvents":[{"timestamp":"2022-11-13T21:47:59.756Z","name":"search","data":"search-start"},{"timestamp":"2022-11-13T21:48:05.759Z","name":"search-error","data":{"message":"The operation was aborted. "}},{"timestamp":"2022-11-13T21:48:07.765Z","name":"search","data":"search-start"},{"timestamp":"2022-11-13T21:48:09.614Z","name":"search","data":"search-done"}],"searches":[{"keywords":["expressjs","static","route"],"context":{"tokens":[{"kind":"language","value":"javascript"}]},"timestamp":"2022-11-13T21:48:07.764Z","results":[{"signatures":[],"areSignaturesLoading":true,"title":"node.js - Static routing in node express - Stack Overflow","snippet":"Im using a set of static routes in Node Express and are experiencing a very strange phenomenon. The routing is set up so that '/list/*' and ...","url":"https://stackoverflow.com/questions/36395563/static-routing-in-node-express","displayLink":"https://stackoverflow.com › questions › static-routing-in...","snippetHighlightWords":["static routes","Node"],"date":"Apr 4, 2016"},{"signatures":[],"areSignaturesLoading":true,"title":"Serve out 'static' route with express with redirect and middleware","snippet":"As a concrete example I am using passport and would like to make sure the user is logged in to access that static content. node.js · express · Share.","url":"https://stackoverflow.com/questions/27734164/serve-out-static-route-with-express-with-redirect-and-middleware","displayLink":"https://stackoverflow.com › questions › serve-out-static-...","snippetHighlightWords":["static","node","js"]},{"signatures":[],"areSignaturesLoading":true,"title":"Express.js Serving Static Files on Dynamic Route","snippet":"Will try to find the image in current route, which is in your case '/example/SampleImage.jpg', whereas the image resides inside ...","url":"https://stackoverflow.com/questions/61330290/express-js-serving-static-files-on-dynamic-route","displayLink":"https://stackoverflow.com › questions › express-js-servi...","snippetHighlightWords":["route"],"date":"Apr 20, 2020"},{"signatures":[],"areSignaturesLoading":true,"title":"node.js - `express.static()` keeps routing my files from the route","snippet":"Router object to handle my application routes. In my main app file, I have added a static route for all my static files(css, javascript, html).","url":"https://stackoverflow.com/questions/28143419/express-static-keeps-routing-my-files-from-the-route","displayLink":"https://stackoverflow.com › questions › express-static-k...","snippetHighlightWords":["routes","static route","static","javascript"],"date":"Jan 26, 2015"},{"signatures":[],"areSignaturesLoading":true,"title":"How to serve static files in ExpressJS on some paths and not ...","snippet":"Just defining the /files route before serving the static files might work: // Define `/files` route first app.use(\"/files\", function (req, ...","url":"https://stackoverflow.com/questions/65115458/how-to-serve-static-files-in-expressjs-on-some-paths-and-not-others","displayLink":"https://stackoverflow.com › questions › how-to-serve-st...","snippetHighlightWords":["route","static","route"],"date":"Dec 2, 2020 2 answers"},{"signatures":[],"areSignaturesLoading":true,"title":"Node + Express with static HTML. How to route all requests to ...","snippet":"var express = require('express'); var server = express(); server.use(express.static(__dirname + '/public')); var port = 10001; server.","url":"https://stackoverflow.com/questions/26349497/node-express-with-static-html-how-to-route-all-requests-to-index-html","displayLink":"https://stackoverflow.com › questions › node-express-w...","snippetHighlightWords":["static"]},{"signatures":[],"areSignaturesLoading":true,"title":"Serve static files using routes in express.js - Stack Overflow","snippet":"module.exports = function () { var router = require('express').Router(); var pages = { 'about-us': 'path/to/about-us', 'contact-us': 'path/to/ ...","url":"https://stackoverflow.com/questions/30746824/serve-static-files-using-routes-in-express-js","displayLink":"https://stackoverflow.com › questions › serve-static-files...","date":"Jun 10, 2015"},{"signatures":[],"areSignaturesLoading":true,"title":"Express serving static files and routing - Stack Overflow","snippet":"I am using express js My root path is ...","url":"https://stackoverflow.com/questions/42977068/express-serving-static-files-and-routing","displayLink":"https://stackoverflow.com › questions › express-serving...","snippetHighlightWords":["express js"],"date":"Mar 23, 2017"},{"signatures":[],"areSignaturesLoading":true,"title":"Static Routing in Express.js returning 404 Error - Stack Overflow","snippet":"I'm trying to create routing for different pages of my website, using express.js. When going to 127.0.0.1:8080, it loads the index.html page ...","url":"https://stackoverflow.com/questions/60567047/static-routing-in-express-js-returning-404-error","displayLink":"https://stackoverflow.com › questions › static-routing-in...","snippetHighlightWords":["routing","express.js"],"date":"Mar 6, 2020"},{"signatures":[],"areSignaturesLoading":true,"title":"How to set dynamic route for static files in express","snippet":"log('HTTP Express server listening on port %s', port); });. How can I do this? javascript · node.js · express.","url":"https://stackoverflow.com/questions/32544846/how-to-set-dynamic-route-for-static-files-in-express","displayLink":"https://stackoverflow.com › questions › how-to-set-dyn...","snippetHighlightWords":["javascript","node","js"]}],"events":[{"timestamp":"2022-11-13T21:48:08.457Z","url":"https://stackoverflow.com/questions/36395563/static-routing-in-node-express","component":"projection","action":"load","data":{"height":104,"width":244.8000030517578,"wc":27,"lc":1}},{"timestamp":"2022-11-13T21:48:08.458Z","url":"https://stackoverflow.com/questions/27734164/serve-out-static-route-with-express-with-redirect-and-middleware","component":"projection","action":"load","data":{"height":104,"width":237.60000610351562,"wc":29,"lc":1}},{"timestamp":"2022-11-13T21:48:08.458Z","url":"https://stackoverflow.com/questions/61330290/express-js-serving-static-files-on-dynamic-route","component":"projection","action":"load","data":{"height":82,"width":252,"wc":21,"lc":1}},{"timestamp":"2022-11-13T21:48:08.458Z","url":"https://stackoverflow.com/questions/28143419/express-static-keeps-routing-my-files-from-the-route","component":"projection","action":"load","data":{"height":82.5,"width":255.8000030517578,"wc":25,"lc":1}},{"timestamp":"2022-11-13T21:48:08.458Z","url":"https://stackoverflow.com/questions/65115458/how-to-serve-static-files-in-expressjs-on-some-paths-and-not-others","component":"projection","action":"load","data":{"height":104,"width":249.6999969482422,"wc":21,"lc":1}},{"timestamp":"2022-11-13T21:48:08.458Z","url":"https://stackoverflow.com/questions/26349497/node-express-with-static-html-how-to-route-all-requests-to-index-html","component":"projection","action":"load","data":{"height":82,"width":249.6999969482422,"wc":16,"lc":1}},{"timestamp":"2022-11-13T21:48:08.459Z","url":"https://stackoverflow.com/questions/30746824/serve-static-files-using-routes-in-express-js","component":"projection","action":"load","data":{"height":104,"width":255.3000030517578,"wc":18,"lc":1}},{"timestamp":"2022-11-13T21:48:08.459Z","url":"https://stackoverflow.com/questions/42977068/express-serving-static-files-and-routing","component":"projection","action":"load","data":{"height":38,"width":250.60000610351562,"wc":10,"lc":1}},{"timestamp":"2022-11-13T21:48:08.459Z","url":"https://stackoverflow.com/questions/60567047/static-routing-in-express-js-returning-404-error","component":"projection","action":"load","data":{"height":104,"width":253.6999969482422,"wc":23,"lc":1}},{"timestamp":"2022-11-13T21:48:08.460Z","url":"https://stackoverflow.com/questions/32544846/how-to-set-dynamic-route-for-static-files-in-express","component":"projection","action":"load","data":{"height":60,"width":240.6999969482422,"wc":19,"lc":1}},{"timestamp":"2022-11-13T21:48:08.464Z","url":"https://stackoverflow.com/questions/36395563/static-routing-in-node-express","component":"projection","action":"mouseenter"},{"timestamp":"2022-11-13T21:48:09.613Z","url":"https://stackoverflow.com/questions/36395563/static-routing-in-node-express","component":"projection","action":"loaded","data":"projection 10 of 10"},{"timestamp":"2022-11-13T21:48:09.613Z","url":"https://stackoverflow.com/questions/27734164/serve-out-static-route-with-express-with-redirect-and-middleware","component":"projection","action":"loaded","data":"projection 9 of 10"},{"timestamp":"2022-11-13T21:48:09.613Z","url":"https://stackoverflow.com/questions/61330290/express-js-serving-static-files-on-dynamic-route","component":"projection","action":"loaded","data":"projection 8 of 10"},{"timestamp":"2022-11-13T21:48:09.613Z","url":"https://stackoverflow.com/questions/28143419/express-static-keeps-routing-my-files-from-the-route","component":"projection","action":"loaded","data":"projection 7 of 10"},{"timestamp":"2022-11-13T21:48:09.613Z","url":"https://stackoverflow.com/questions/65115458/how-to-serve-static-files-in-expressjs-on-some-paths-and-not-others","component":"projection","action":"loaded","data":"projection 6 of 10"},{"timestamp":"2022-11-13T21:48:09.613Z","url":"https://stackoverflow.com/questions/26349497/node-express-with-static-html-how-to-route-all-requests-to-index-html","component":"projection","action":"loaded","data":"projection 5 of 10"},{"timestamp":"2022-11-13T21:48:09.613Z","url":"https://stackoverflow.com/questions/30746824/serve-static-files-using-routes-in-express-js","component":"projection","action":"loaded","data":"projection 4 of 10"},{"timestamp":"2022-11-13T21:48:09.613Z","url":"https://stackoverflow.com/questions/42977068/express-serving-static-files-and-routing","component":"projection","action":"loaded","data":"projection 3 of 10"},{"timestamp":"2022-11-13T21:48:09.614Z","url":"https://stackoverflow.com/questions/60567047/static-routing-in-express-js-returning-404-error","component":"projection","action":"loaded","data":"projection 2 of 10"},{"timestamp":"2022-11-13T21:48:09.614Z","url":"https://stackoverflow.com/questions/32544846/how-to-set-dynamic-route-for-static-files-in-express","component":"projection","action":"loaded","data":"projection 1 of 10"},{"timestamp":"2022-11-13T21:48:09.938Z","url":"https://stackoverflow.com/questions/36395563/static-routing-in-node-express","component":"page","action":"open"},{"timestamp":"2022-11-13T21:48:10.034Z","url":"https://stackoverflow.com/questions/36395563/static-routing-in-node-express","component":"projection","action":"mouseleave"},{"timestamp":"2022-11-13T21:48:11.085Z","url":"https://stackoverflow.com/questions/36395563/static-routing-in-node-express","component":"page","action":"load"},{"timestamp":"2022-11-13T21:48:13.492Z","url":"https://stackoverflow.com/questions/36395563/static-routing-in-node-express","component":"page","action":"scroll","data":{"viewport":{"x":0,"y":1173,"height":470,"width":295},"document":{"height":6326,"width":278},"question":{"identifier":"36395563","top":-987.1500244140625,"bottom":1919.9998779296875,"right":262,"left":16,"width":246,"height":2907.14990234375},"answers":[{"identifier":"36403370","top":2000.300048828125,"bottom":2752.6500244140625,"right":262,"left":16,"width":246,"height":752.3499755859375}]}},{"timestamp":"2022-11-13T21:48:18.717Z","url":"https://stackoverflow.com/questions/36395563/static-routing-in-node-express","component":"page","action":"copy","data":"app.use(/assets/, express.static(wwwPath));"},{"timestamp":"2022-11-13T21:48:19.072Z","url":"https://stackoverflow.com/questions/36395563/static-routing-in-node-express","component":"page","action":"selection","data":"app.use(/assets/, express.static(wwwPath));"}]}]}