{"trialId":"20964_4","taskId":"clone","appEvents":[{"timestamp":"2022-11-13T21:41:25.018Z","name":"search","data":"search-start"},{"timestamp":"2022-11-13T21:41:26.307Z","name":"search","data":"search-done"}],"searches":[{"keywords":["clone","array"],"context":{"tokens":[{"kind":"language","value":"javascript"}]},"timestamp":"2022-11-13T21:41:25.016Z","results":[{"signatures":[],"areSignaturesLoading":true,"title":"Fastest way to duplicate an array in JavaScript - slice vs. 'for ...","url":"https://stackoverflow.com/questions/3978492/fastest-way-to-duplicate-an-array-in-javascript-slice-vs-for-loop","displayLink":"https://stackoverflow.com › questions › fastest-way-to-d...","snippet":"There are at least 6 (!) ways to clone an array: loop; slice; Array.from(); concat; spread operator (FASTEST); map A.map(function(e){return ...","snippetHighlightWords":["clone","array","Array"],"extensions":["Oct 20, 2010","25 answers"]},{"signatures":[],"areSignaturesLoading":true,"title":"How to clone a Javascript Array of Objects? - Stack Overflow","url":"https://stackoverflow.com/questions/42523881/how-to-clone-a-javascript-array-of-objects","displayLink":"https://stackoverflow.com › questions › how-to-clone-a...","date":"Mar 1, 2017","snippet":"How to clone a Javascript Array of Objects? · use slice(0) . Example: clonedArray = originalArray.slice(0) it will create a new array. – Gerardo.","snippetHighlightWords":["clone","Javascript Array","clonedArray","originalArray","array"]},{"signatures":[],"areSignaturesLoading":true,"title":"How to clone an array and push new value in a chain?","url":"https://stackoverflow.com/questions/57222470/how-to-clone-an-array-and-push-new-value-in-a-chain","displayLink":"https://stackoverflow.com › questions › how-to-clone-a...","snippet":"If you absolutely want to enforce the chaining, you can create your own function on the array prototype. (You should understand its ...","snippetHighlightWords":["array"],"extensions":["Jul 26, 2019","3 answers"]},{"signatures":[],"areSignaturesLoading":true,"title":"Make clone of array (not copy of reference) and modify the ...","url":"https://stackoverflow.com/questions/62861485/make-clone-of-array-not-copy-of-reference-and-modify-the-new-array","displayLink":"https://stackoverflow.com › questions › make-clone-of-...","date":"Jul 12, 2020","snippet":"in javascript, clonedArray=originalArray just creates a reference == the same array. you can overcome this/\"clone\" a simple array by:","snippetHighlightWords":["javascript","clonedArray","originalArray","array","clone","array"]},{"signatures":[],"areSignaturesLoading":true,"title":"Splice method used on a copy of an array of objects","url":"https://stackoverflow.com/questions/67176299/splice-method-used-on-a-copy-of-an-array-of-objects","displayLink":"https://stackoverflow.com › questions › splice-method-...","date":"Apr 20, 2021","snippet":"Only the cloned array is modified. The spread operator shouldn't make a shallow copy of the initial array, and force me to deep clone all ...","snippetHighlightWords":["cloned array","array","clone"]},{"signatures":[],"areSignaturesLoading":true,"title":"Cloning an array in Javascript/Typescript - Stack Overflow","url":"https://stackoverflow.com/questions/44808882/cloning-an-array-in-javascript-typescript","displayLink":"https://stackoverflow.com › questions › cloning-an-arra...","date":"15 answers","snippet":"Clone an object: const myClonedObject = Object.assign({}, myObject);. Clone an Array: Option 1 if you have an array of primitive types:.","snippetHighlightWords":["Clone","Clone","Array","array"]},{"signatures":[],"areSignaturesLoading":true,"title":"JavaScript deep copy an array containing nested objects ...","url":"https://stackoverflow.com/questions/53273218/javascript-deep-copy-an-array-containing-nested-objects-arrays-functions","displayLink":"https://stackoverflow.com › questions › javascript-deep-...","snippet":"Edit- You can use the solution below or just import Lodash and use this https://lodash.com/docs/#cloneDeep. I'm answering my own question ...","snippetHighlightWords":["cloneDeep"],"extensions":["Nov 13, 2018","3 answers"]},{"signatures":[],"areSignaturesLoading":true,"title":"Why my code to clone an array doesn't work JavaScript","url":"https://stackoverflow.com/questions/68764568/why-my-code-to-clone-an-array-doesnt-work-javascript","displayLink":"https://stackoverflow.com › questions › why-my-code-t...","snippet":"When you start, each row of the array is empty. So initialise it to an empty row of array: for (let x = 0; x < arr.length; ...","snippetHighlightWords":["array","array"],"extensions":["Aug 12, 2021","3 answers"]},{"signatures":[],"areSignaturesLoading":true,"title":"How do you clone an array of objects in JavaScript?","url":"https://stackoverflow.com/questions/597588/how-do-you-clone-an-array-of-objects-in-javascript","displayLink":"https://stackoverflow.com › questions › how-do-you-cl...","snippet":"Creating a deep copy with structuredClone. The modern way to deep copy an array in JavaScript is to use structuredClone:","snippetHighlightWords":["structuredClone","array","JavaScript","structuredClone"],"extensions":["Feb 28, 2009","38 answers"]},{"signatures":[],"areSignaturesLoading":true,"title":"javascript - how to clone Array without reference [duplicate]","url":"https://stackoverflow.com/questions/48219487/javascript-how-to-clone-array-without-reference","displayLink":"https://stackoverflow.com › questions › javascript-how-...","snippet":"By using this method we can create a copy of an array. Please check the below example. Credits to this SO Answer. let original = [ [1, 2], ...","snippetHighlightWords":["array"],"extensions":["Jan 12, 2018","1 answer"]}],"events":[{"timestamp":"2022-11-13T21:41:25.216Z","url":"https://stackoverflow.com/questions/3978492/fastest-way-to-duplicate-an-array-in-javascript-slice-vs-for-loop","component":"projection","action":"load","data":{"height":82,"width":241.8000030517578,"wc":21,"lc":1}},{"timestamp":"2022-11-13T21:41:25.217Z","url":"https://stackoverflow.com/questions/42523881/how-to-clone-a-javascript-array-of-objects","component":"projection","action":"load","data":{"height":104,"width":231.89999389648438,"wc":24,"lc":1}},{"timestamp":"2022-11-13T21:41:25.217Z","url":"https://stackoverflow.com/questions/57222470/how-to-clone-an-array-and-push-new-value-in-a-chain","component":"projection","action":"load","data":{"height":82,"width":237.6999969482422,"wc":23,"lc":1}},{"timestamp":"2022-11-13T21:41:25.217Z","url":"https://stackoverflow.com/questions/62861485/make-clone-of-array-not-copy-of-reference-and-modify-the-new-array","component":"projection","action":"load","data":{"height":104.5,"width":254.8000030517578,"wc":19,"lc":1}},{"timestamp":"2022-11-13T21:41:25.217Z","url":"https://stackoverflow.com/questions/67176299/splice-method-used-on-a-copy-of-an-array-of-objects","component":"projection","action":"load","data":{"height":104.5,"width":253.8000030517578,"wc":26,"lc":1}},{"timestamp":"2022-11-13T21:41:25.218Z","url":"https://stackoverflow.com/questions/44808882/cloning-an-array-in-javascript-typescript","component":"projection","action":"load","data":{"height":82,"width":253.89999389648438,"wc":21,"lc":1}},{"timestamp":"2022-11-13T21:41:25.218Z","url":"https://stackoverflow.com/questions/53273218/javascript-deep-copy-an-array-containing-nested-objects-arrays-functions","component":"projection","action":"load","data":{"height":82,"width":248.89999389648438,"wc":21,"lc":1}},{"timestamp":"2022-11-13T21:41:25.218Z","url":"https://stackoverflow.com/questions/68764568/why-my-code-to-clone-an-array-doesnt-work-javascript","component":"projection","action":"load","data":{"height":60,"width":249.1999969482422,"wc":28,"lc":1}},{"timestamp":"2022-11-13T21:41:25.219Z","url":"https://stackoverflow.com/questions/597588/how-do-you-clone-an-array-of-objects-in-javascript","component":"projection","action":"load","data":{"height":82,"width":251.8000030517578,"wc":20,"lc":1}},{"timestamp":"2022-11-13T21:41:25.219Z","url":"https://stackoverflow.com/questions/48219487/javascript-how-to-clone-array-without-reference","component":"projection","action":"load","data":{"height":82,"width":238.60000610351562,"wc":29,"lc":1}},{"timestamp":"2022-11-13T21:41:25.573Z","url":"https://stackoverflow.com/questions/42523881/how-to-clone-a-javascript-array-of-objects","component":"projection","action":"mouseenter"},{"timestamp":"2022-11-13T21:41:26.140Z","url":"https://stackoverflow.com/questions/42523881/how-to-clone-a-javascript-array-of-objects","component":"projection","action":"mouseleave"},{"timestamp":"2022-11-13T21:41:26.145Z","url":"https://stackoverflow.com/questions/3978492/fastest-way-to-duplicate-an-array-in-javascript-slice-vs-for-loop","component":"projection","action":"mouseenter"},{"timestamp":"2022-11-13T21:41:26.306Z","url":"https://stackoverflow.com/questions/3978492/fastest-way-to-duplicate-an-array-in-javascript-slice-vs-for-loop","component":"projection","action":"loaded","data":"projection 10 of 10"},{"timestamp":"2022-11-13T21:41:26.306Z","url":"https://stackoverflow.com/questions/42523881/how-to-clone-a-javascript-array-of-objects","component":"projection","action":"loaded","data":"projection 9 of 10"},{"timestamp":"2022-11-13T21:41:26.306Z","url":"https://stackoverflow.com/questions/57222470/how-to-clone-an-array-and-push-new-value-in-a-chain","component":"projection","action":"loaded","data":"projection 8 of 10"},{"timestamp":"2022-11-13T21:41:26.306Z","url":"https://stackoverflow.com/questions/62861485/make-clone-of-array-not-copy-of-reference-and-modify-the-new-array","component":"projection","action":"loaded","data":"projection 7 of 10"},{"timestamp":"2022-11-13T21:41:26.306Z","url":"https://stackoverflow.com/questions/67176299/splice-method-used-on-a-copy-of-an-array-of-objects","component":"projection","action":"loaded","data":"projection 6 of 10"},{"timestamp":"2022-11-13T21:41:26.306Z","url":"https://stackoverflow.com/questions/44808882/cloning-an-array-in-javascript-typescript","component":"projection","action":"loaded","data":"projection 5 of 10"},{"timestamp":"2022-11-13T21:41:26.306Z","url":"https://stackoverflow.com/questions/53273218/javascript-deep-copy-an-array-containing-nested-objects-arrays-functions","component":"projection","action":"loaded","data":"projection 4 of 10"},{"timestamp":"2022-11-13T21:41:26.307Z","url":"https://stackoverflow.com/questions/68764568/why-my-code-to-clone-an-array-doesnt-work-javascript","component":"projection","action":"loaded","data":"projection 3 of 10"},{"timestamp":"2022-11-13T21:41:26.307Z","url":"https://stackoverflow.com/questions/597588/how-do-you-clone-an-array-of-objects-in-javascript","component":"projection","action":"loaded","data":"projection 2 of 10"},{"timestamp":"2022-11-13T21:41:26.307Z","url":"https://stackoverflow.com/questions/48219487/javascript-how-to-clone-array-without-reference","component":"projection","action":"loaded","data":"projection 1 of 10"},{"timestamp":"2022-11-13T21:41:27.842Z","url":"https://stackoverflow.com/questions/3978492/fastest-way-to-duplicate-an-array-in-javascript-slice-vs-for-loop","component":"page","action":"open"},{"timestamp":"2022-11-13T21:41:27.919Z","url":"https://stackoverflow.com/questions/3978492/fastest-way-to-duplicate-an-array-in-javascript-slice-vs-for-loop","component":"projection","action":"mouseleave"},{"timestamp":"2022-11-13T21:41:29.819Z","url":"https://stackoverflow.com/questions/3978492/fastest-way-to-duplicate-an-array-in-javascript-slice-vs-for-loop","component":"page","action":"load"},{"timestamp":"2022-11-13T21:41:33.881Z","url":"https://stackoverflow.com/questions/3978492/fastest-way-to-duplicate-an-array-in-javascript-slice-vs-for-loop","component":"page","action":"scroll","data":{"viewport":{"x":0,"y":204,"height":470,"width":295},"document":{"height":34773,"width":278},"question":{"identifier":"3978492","top":-9.683334350585938,"bottom":1333.633316040039,"right":262,"left":16,"width":246,"height":1343.316650390625},"answers":[{"identifier":"20547803","top":1413.933349609375,"bottom":4159.88330078125,"right":262,"left":16,"width":246,"height":2745.949951171875},{"identifier":"21514254","top":4159.88330078125,"bottom":5470.833251953125,"right":262,"left":16,"width":246,"height":1310.949951171875},{"identifier":"31251089","top":5470.83349609375,"bottom":6897.883544921875,"right":262,"left":16,"width":246,"height":1427.050048828125},{"identifier":"23481165","top":6897.88330078125,"bottom":8510.13330078125,"right":262,"left":16,"width":246,"height":1612.25},{"identifier":"52929821","top":8510.1337890625,"bottom":11457.200439453125,"right":262,"left":16,"width":246,"height":2947.066650390625},{"identifier":"39873377","top":11457.2001953125,"bottom":12480.150207519531,"right":262,"left":16,"width":246,"height":1022.9500122070312},{"identifier":"3978716","top":12480.150390625,"bottom":13281.900390625,"right":262,"left":16,"width":246,"height":801.75},{"identifier":"37503916","top":13281.900390625,"bottom":14377.050415039062,"right":262,"left":16,"width":246,"height":1095.1500244140625},{"identifier":"66174157","top":14377.0498046875,"bottom":15662.199829101562,"right":262,"left":16,"width":246,"height":1285.1500244140625},{"identifier":"3978577","top":15662.2001953125,"bottom":17104.350219726562,"right":262,"left":16,"width":246,"height":1442.1500244140625},{"identifier":"47843872","top":17104.349609375,"bottom":18192.73291015625,"right":262,"left":16,"width":246,"height":1088.38330078125},{"identifier":"32253674","top":18192.732421875,"bottom":19434.282470703125,"right":262,"left":16,"width":246,"height":1241.550048828125},{"identifier":"57709573","top":19434.283203125,"bottom":21260.833251953125,"right":262,"left":16,"width":246,"height":1826.550048828125},{"identifier":"3978606","top":21260.833984375,"bottom":22572.767333984375,"right":262,"left":16,"width":246,"height":1311.933349609375},{"identifier":"23342513","top":22572.767578125,"bottom":23599.017578125,"right":262,"left":16,"width":246,"height":1026.25},{"identifier":"34924599","top":23599.017578125,"bottom":24309.367553710938,"right":262,"left":16,"width":246,"height":710.3499755859375},{"identifier":"33774224","top":24309.3671875,"bottom":25923.417236328125,"right":262,"left":16,"width":246,"height":1614.050048828125},{"identifier":"61818827","top":25923.416015625,"bottom":26546.765991210938,"right":262,"left":16,"width":246,"height":623.3499755859375},{"identifier":"68053929","top":26546.767578125,"bottom":27650.567626953125,"right":262,"left":16,"width":246,"height":1103.800048828125},{"identifier":"45703365","top":27650.56640625,"bottom":28022.61639404297,"right":262,"left":16,"width":246,"height":372.04998779296875},{"identifier":"56498992","top":28022.6171875,"bottom":29279.767211914062,"right":262,"left":16,"width":246,"height":1257.1500244140625},{"identifier":"59485360","top":29279.767578125,"bottom":29961.617553710938,"right":262,"left":16,"width":246,"height":681.8499755859375},{"identifier":"60686878","top":29961.6171875,"bottom":30415.467163085938,"right":262,"left":16,"width":246,"height":453.8499755859375},{"identifier":"63587384","top":30415.466796875,"bottom":31329.51678466797,"right":262,"left":16,"width":246,"height":914.0499877929688},{"identifier":"72240810","top":31329.517578125,"bottom":31869.867553710938,"right":262,"left":16,"width":246,"height":540.3499755859375}]}},{"timestamp":"2022-11-13T21:41:35.105Z","url":"https://stackoverflow.com/questions/3978492/fastest-way-to-duplicate-an-array-in-javascript-slice-vs-for-loop","component":"page","action":"scroll","data":{"viewport":{"x":0,"y":255,"height":470,"width":295},"document":{"height":34773,"width":278},"question":{"identifier":"3978492","top":-60.68333435058594,"bottom":1282.633316040039,"right":262,"left":16,"width":246,"height":1343.316650390625},"answers":[{"identifier":"20547803","top":1362.933349609375,"bottom":4108.88330078125,"right":262,"left":16,"width":246,"height":2745.949951171875},{"identifier":"21514254","top":4108.88330078125,"bottom":5419.833251953125,"right":262,"left":16,"width":246,"height":1310.949951171875},{"identifier":"31251089","top":5419.83349609375,"bottom":6846.883544921875,"right":262,"left":16,"width":246,"height":1427.050048828125},{"identifier":"23481165","top":6846.88330078125,"bottom":8459.13330078125,"right":262,"left":16,"width":246,"height":1612.25},{"identifier":"52929821","top":8459.1337890625,"bottom":11406.200439453125,"right":262,"left":16,"width":246,"height":2947.066650390625},{"identifier":"39873377","top":11406.2001953125,"bottom":12429.150207519531,"right":262,"left":16,"width":246,"height":1022.9500122070312},{"identifier":"3978716","top":12429.150390625,"bottom":13230.900390625,"right":262,"left":16,"width":246,"height":801.75},{"identifier":"37503916","top":13230.900390625,"bottom":14326.050415039062,"right":262,"left":16,"width":246,"height":1095.1500244140625},{"identifier":"66174157","top":14326.0498046875,"bottom":15611.199829101562,"right":262,"left":16,"width":246,"height":1285.1500244140625},{"identifier":"3978577","top":15611.2001953125,"bottom":17053.350219726562,"right":262,"left":16,"width":246,"height":1442.1500244140625},{"identifier":"47843872","top":17053.349609375,"bottom":18141.73291015625,"right":262,"left":16,"width":246,"height":1088.38330078125},{"identifier":"32253674","top":18141.732421875,"bottom":19383.282470703125,"right":262,"left":16,"width":246,"height":1241.550048828125},{"identifier":"57709573","top":19383.283203125,"bottom":21209.833251953125,"right":262,"left":16,"width":246,"height":1826.550048828125},{"identifier":"3978606","top":21209.833984375,"bottom":22521.767333984375,"right":262,"left":16,"width":246,"height":1311.933349609375},{"identifier":"23342513","top":22521.767578125,"bottom":23548.017578125,"right":262,"left":16,"width":246,"height":1026.25},{"identifier":"34924599","top":23548.017578125,"bottom":24258.367553710938,"right":262,"left":16,"width":246,"height":710.3499755859375},{"identifier":"33774224","top":24258.3671875,"bottom":25872.417236328125,"right":262,"left":16,"width":246,"height":1614.050048828125},{"identifier":"61818827","top":25872.416015625,"bottom":26495.765991210938,"right":262,"left":16,"width":246,"height":623.3499755859375},{"identifier":"68053929","top":26495.767578125,"bottom":27599.567626953125,"right":262,"left":16,"width":246,"height":1103.800048828125},{"identifier":"45703365","top":27599.56640625,"bottom":27971.61639404297,"right":262,"left":16,"width":246,"height":372.04998779296875},{"identifier":"56498992","top":27971.6171875,"bottom":29228.767211914062,"right":262,"left":16,"width":246,"height":1257.1500244140625},{"identifier":"59485360","top":29228.767578125,"bottom":29910.617553710938,"right":262,"left":16,"width":246,"height":681.8499755859375},{"identifier":"60686878","top":29910.6171875,"bottom":30364.467163085938,"right":262,"left":16,"width":246,"height":453.8499755859375},{"identifier":"63587384","top":30364.466796875,"bottom":31278.51678466797,"right":262,"left":16,"width":246,"height":914.0499877929688},{"identifier":"72240810","top":31278.517578125,"bottom":31818.867553710938,"right":262,"left":16,"width":246,"height":540.3499755859375}]}}]}]}