{"trialId":"20964_4","taskId":"recent","appEvents":[{"timestamp":"2022-11-13T21:46:13.007Z","name":"search","data":"search-start"}],"searches":[{"keywords":["moment","subtract","days"],"context":{"tokens":[{"kind":"library","value":"moment"},{"kind":"language","value":"javascript"}]},"timestamp":"2022-11-13T21:46:13.005Z","results":[{"signatures":[{"answerKeywords":["subtract","subtract","moment","subtract","days","moment","subtract","days","moment","moment","subtract","moment","subtract","moment","subtract"],"answerWordCount":1309,"text":"moment()","name":"moment","arguments":[],"returnType":"any","usage":"var startdate = moment();","definition":"","source":"var startdate = moment();\nstartdate = startdate.subtract(1, \"days\");\nstartdate = startdate.format(\"DD-MM-YYYY\");\n\nvar startdate = moment().subtract(1, \"days\").format(\"DD-MM-YYYY\");\n","answerId":"29652195","answerUrl":"https://stackoverflow.com/a/29652195","voteCount":297,"isAccepted":true,"lastModified":"2016-08-22T18:17:59.000Z"},{"answerKeywords":["subtract","subtract","moment","subtract","days","moment","subtract","days","moment","moment","subtract","moment","subtract","moment","subtract"],"answerWordCount":1309,"text":"subtract(number, string)","parentType":"any","name":"subtract","arguments":[{"type":"number"},{"type":"string"}],"returnType":"any","usage":"startdate.subtract(1, \"days\")","definition":"var startdate = moment();","source":"var startdate = moment();\nstartdate = startdate.subtract(1, \"days\");\nstartdate = startdate.format(\"DD-MM-YYYY\");\n\nvar startdate = moment().subtract(1, \"days\").format(\"DD-MM-YYYY\");\n","answerId":"29652195","answerUrl":"https://stackoverflow.com/a/29652195","voteCount":297,"isAccepted":true,"lastModified":"2016-08-22T18:17:59.000Z"},{"answerKeywords":["subtract","subtract","moment","subtract","days","moment","subtract","days","moment","moment","subtract","moment","subtract","moment","subtract"],"answerWordCount":1309,"text":"format(string)","parentType":"any","name":"format","arguments":[{"type":"string"}],"returnType":"any","usage":"startdate.format(\"DD-MM-YYYY\")","definition":"var startdate = moment();","source":"var startdate = moment();\nstartdate = startdate.subtract(1, \"days\");\nstartdate = startdate.format(\"DD-MM-YYYY\");\n\nvar startdate = moment().subtract(1, \"days\").format(\"DD-MM-YYYY\");\n","answerId":"29652195","answerUrl":"https://stackoverflow.com/a/29652195","voteCount":297,"isAccepted":true,"lastModified":"2016-08-22T18:17:59.000Z"},{"answerKeywords":["subtract","subtract","moment","subtract","days","moment","subtract","days","moment","moment","subtract","moment","subtract","moment","subtract"],"answerWordCount":1309,"text":"format(string)","parentType":"any","name":"format","arguments":[{"type":"string"}],"returnType":"any","usage":"var startdate = moment().subtract(1, \"days\").format(\"DD-MM-YYYY\");","definition":"","source":"var startdate = moment();\nstartdate = startdate.subtract(1, \"days\");\nstartdate = startdate.format(\"DD-MM-YYYY\");\n\nvar startdate = moment().subtract(1, \"days\").format(\"DD-MM-YYYY\");\n","answerId":"29652195","answerUrl":"https://stackoverflow.com/a/29652195","voteCount":297,"isAccepted":true,"lastModified":"2016-08-22T18:17:59.000Z"},{"answerKeywords":["subtract","subtract","moment","subtract","days","moment","subtract","days","moment","moment","subtract","moment","subtract","moment","subtract"],"answerWordCount":1309,"text":"subtract(number, string)","parentType":"any","name":"subtract","arguments":[{"type":"number"},{"type":"string"}],"returnType":"any","usage":"moment().subtract(1, \"days\")","definition":"","source":"var startdate = moment();\nstartdate = startdate.subtract(1, \"days\");\nstartdate = startdate.format(\"DD-MM-YYYY\");\n\nvar startdate = moment().subtract(1, \"days\").format(\"DD-MM-YYYY\");\n","answerId":"29652195","answerUrl":"https://stackoverflow.com/a/29652195","voteCount":297,"isAccepted":true,"lastModified":"2016-08-22T18:17:59.000Z"},{"answerKeywords":["subtract","subtract","moment","subtract","days","moment","subtract","days","moment","moment","subtract","moment","subtract","moment","subtract"],"answerWordCount":1309,"text":"moment()","name":"moment","arguments":[],"returnType":"any","usage":"moment()","definition":"","source":"var startdate = moment();\nstartdate = startdate.subtract(1, \"days\");\nstartdate = startdate.format(\"DD-MM-YYYY\");\n\nvar startdate = moment().subtract(1, \"days\").format(\"DD-MM-YYYY\");\n","answerId":"29652195","answerUrl":"https://stackoverflow.com/a/29652195","voteCount":297,"isAccepted":true,"lastModified":"2016-08-22T18:17:59.000Z"},{"answerKeywords":["moment","subtract"],"answerWordCount":928,"text":"toDate()","parentType":"any","name":"toDate","arguments":[],"returnType":"any","usage":"var targetDate = moment(date).subtract(1, 'day').toDate();","definition":"","source":"var date = new Date();\n\nvar targetDate = moment(date).subtract(1, 'day').toDate(); // date object\n","answerId":"56685858","answerUrl":"https://stackoverflow.com/a/56685858","voteCount":20,"isAccepted":false,"lastModified":"2020-08-17T08:29:09.000Z"},{"answerKeywords":["moment","subtract"],"answerWordCount":928,"text":"subtract(number, string)","parentType":"any","name":"subtract","arguments":[{"type":"number"},{"type":"string"}],"returnType":"any","usage":"moment(date).subtract(1, 'day')","definition":"","source":"var date = new Date();\n\nvar targetDate = moment(date).subtract(1, 'day').toDate(); // date object\n","answerId":"56685858","answerUrl":"https://stackoverflow.com/a/56685858","voteCount":20,"isAccepted":false,"lastModified":"2020-08-17T08:29:09.000Z"},{"answerKeywords":["moment","subtract"],"answerWordCount":928,"text":"moment(Date)","name":"moment","arguments":[{"type":"Date"}],"returnType":"any","usage":"moment(date)","definition":"","source":"var date = new Date();\n\nvar targetDate = moment(date).subtract(1, 'day').toDate(); // date object\n","answerId":"56685858","answerUrl":"https://stackoverflow.com/a/56685858","voteCount":20,"isAccepted":false,"lastModified":"2020-08-17T08:29:09.000Z"},{"answerKeywords":["moment","subtract","days"],"answerWordCount":795,"text":"format(string)","parentType":"any","name":"format","arguments":[{"type":"string"}],"returnType":"any","usage":"moment().subtract(1, 'days').format('DD-MM-YYYY')","definition":"","source":"startdate = moment().subtract(1, 'days').format('DD-MM-YYYY');\n","answerId":"29652077","answerUrl":"https://stackoverflow.com/a/29652077","voteCount":16,"isAccepted":false,"lastModified":"2015-04-15T13:50:17.000Z"},{"answerKeywords":["moment","subtract","days"],"answerWordCount":795,"text":"subtract(number, string)","parentType":"any","name":"subtract","arguments":[{"type":"number"},{"type":"string"}],"returnType":"any","usage":"moment().subtract(1, 'days')","definition":"","source":"startdate = moment().subtract(1, 'days').format('DD-MM-YYYY');\n","answerId":"29652077","answerUrl":"https://stackoverflow.com/a/29652077","voteCount":16,"isAccepted":false,"lastModified":"2015-04-15T13:50:17.000Z"},{"answerKeywords":["moment","subtract","days"],"answerWordCount":795,"text":"moment()","name":"moment","arguments":[],"returnType":"any","usage":"moment()","definition":"","source":"startdate = moment().subtract(1, 'days').format('DD-MM-YYYY');\n","answerId":"29652077","answerUrl":"https://stackoverflow.com/a/29652077","voteCount":16,"isAccepted":false,"lastModified":"2015-04-15T13:50:17.000Z"},{"answerKeywords":["moment","days","moment","subtract","moment","moment","subtract","days","moment","subtract","days"],"answerWordCount":929,"text":"duration(object)","parentType":"any","name":"duration","arguments":[{"type":"{ days: number; }"}],"returnType":"any","usage":"var duration = moment.duration({'days' : 1});","definition":"","source":"var duration = moment.duration({'days' : 1});\nmoment().subtract(duration).format('DD-MM-YYYY');\n\nstartdate = moment().subtract('days', 1).format('DD-MM-YYYY');\n\nstartdate = moment().subtract(1, 'days').format('DD-MM-YYYY');\n","answerId":"29652091","answerUrl":"https://stackoverflow.com/a/29652091","voteCount":7,"isAccepted":false,"lastModified":"2015-04-15T14:27:13.000Z"},{"answerKeywords":["moment","days","moment","subtract","moment","moment","subtract","days","moment","subtract","days"],"answerWordCount":929,"text":"format(string)","parentType":"any","name":"format","arguments":[{"type":"string"}],"returnType":"any","usage":"moment().subtract(duration).format('DD-MM-YYYY')","definition":"","source":"var duration = moment.duration({'days' : 1});\nmoment().subtract(duration).format('DD-MM-YYYY');\n\nstartdate = moment().subtract('days', 1).format('DD-MM-YYYY');\n\nstartdate = moment().subtract(1, 'days').format('DD-MM-YYYY');\n","answerId":"29652091","answerUrl":"https://stackoverflow.com/a/29652091","voteCount":7,"isAccepted":false,"lastModified":"2015-04-15T14:27:13.000Z"},{"answerKeywords":["moment","days","moment","subtract","moment","moment","subtract","days","moment","subtract","days"],"answerWordCount":929,"text":"subtract(unknown)","parentType":"any","name":"subtract","arguments":[{"type":"any"}],"returnType":"any","usage":"moment().subtract(duration)","definition":"","source":"var duration = moment.duration({'days' : 1});\nmoment().subtract(duration).format('DD-MM-YYYY');\n\nstartdate = moment().subtract('days', 1).format('DD-MM-YYYY');\n\nstartdate = moment().subtract(1, 'days').format('DD-MM-YYYY');\n","answerId":"29652091","answerUrl":"https://stackoverflow.com/a/29652091","voteCount":7,"isAccepted":false,"lastModified":"2015-04-15T14:27:13.000Z"},{"answerKeywords":["moment","days","moment","subtract","moment","moment","subtract","days","moment","subtract","days"],"answerWordCount":929,"text":"moment()","name":"moment","arguments":[],"returnType":"any","usage":"moment()","definition":"","source":"var duration = moment.duration({'days' : 1});\nmoment().subtract(duration).format('DD-MM-YYYY');\n\nstartdate = moment().subtract('days', 1).format('DD-MM-YYYY');\n\nstartdate = moment().subtract(1, 'days').format('DD-MM-YYYY');\n","answerId":"29652091","answerUrl":"https://stackoverflow.com/a/29652091","voteCount":7,"isAccepted":false,"lastModified":"2015-04-15T14:27:13.000Z"},{"answerKeywords":["moment","days","moment","subtract","moment","moment","subtract","days","moment","subtract","days"],"answerWordCount":929,"text":"format(string)","parentType":"any","name":"format","arguments":[{"type":"string"}],"returnType":"any","usage":"moment().subtract('days', 1).format('DD-MM-YYYY')","definition":"","source":"var duration = moment.duration({'days' : 1});\nmoment().subtract(duration).format('DD-MM-YYYY');\n\nstartdate = moment().subtract('days', 1).format('DD-MM-YYYY');\n\nstartdate = moment().subtract(1, 'days').format('DD-MM-YYYY');\n","answerId":"29652091","answerUrl":"https://stackoverflow.com/a/29652091","voteCount":7,"isAccepted":false,"lastModified":"2015-04-15T14:27:13.000Z"},{"answerKeywords":["moment","days","moment","subtract","moment","moment","subtract","days","moment","subtract","days"],"answerWordCount":929,"text":"subtract(string, number)","parentType":"any","name":"subtract","arguments":[{"type":"string"},{"type":"number"}],"returnType":"any","usage":"moment().subtract('days', 1)","definition":"","source":"var duration = moment.duration({'days' : 1});\nmoment().subtract(duration).format('DD-MM-YYYY');\n\nstartdate = moment().subtract('days', 1).format('DD-MM-YYYY');\n\nstartdate = moment().subtract(1, 'days').format('DD-MM-YYYY');\n","answerId":"29652091","answerUrl":"https://stackoverflow.com/a/29652091","voteCount":7,"isAccepted":false,"lastModified":"2015-04-15T14:27:13.000Z"},{"answerKeywords":["moment","days","moment","subtract","moment","moment","subtract","days","moment","subtract","days"],"answerWordCount":929,"text":"moment()","name":"moment","arguments":[],"returnType":"any","usage":"moment()","definition":"","source":"var duration = moment.duration({'days' : 1});\nmoment().subtract(duration).format('DD-MM-YYYY');\n\nstartdate = moment().subtract('days', 1).format('DD-MM-YYYY');\n\nstartdate = moment().subtract(1, 'days').format('DD-MM-YYYY');\n","answerId":"29652091","answerUrl":"https://stackoverflow.com/a/29652091","voteCount":7,"isAccepted":false,"lastModified":"2015-04-15T14:27:13.000Z"},{"answerKeywords":["moment","days","moment","subtract","moment","moment","subtract","days","moment","subtract","days"],"answerWordCount":929,"text":"format(string)","parentType":"any","name":"format","arguments":[{"type":"string"}],"returnType":"any","usage":"moment().subtract(1, 'days').format('DD-MM-YYYY')","definition":"","source":"var duration = moment.duration({'days' : 1});\nmoment().subtract(duration).format('DD-MM-YYYY');\n\nstartdate = moment().subtract('days', 1).format('DD-MM-YYYY');\n\nstartdate = moment().subtract(1, 'days').format('DD-MM-YYYY');\n","answerId":"29652091","answerUrl":"https://stackoverflow.com/a/29652091","voteCount":7,"isAccepted":false,"lastModified":"2015-04-15T14:27:13.000Z"},{"answerKeywords":["moment","days","moment","subtract","moment","moment","subtract","days","moment","subtract","days"],"answerWordCount":929,"text":"subtract(number, string)","parentType":"any","name":"subtract","arguments":[{"type":"number"},{"type":"string"}],"returnType":"any","usage":"moment().subtract(1, 'days')","definition":"","source":"var duration = moment.duration({'days' : 1});\nmoment().subtract(duration).format('DD-MM-YYYY');\n\nstartdate = moment().subtract('days', 1).format('DD-MM-YYYY');\n\nstartdate = moment().subtract(1, 'days').format('DD-MM-YYYY');\n","answerId":"29652091","answerUrl":"https://stackoverflow.com/a/29652091","voteCount":7,"isAccepted":false,"lastModified":"2015-04-15T14:27:13.000Z"},{"answerKeywords":["moment","days","moment","subtract","moment","moment","subtract","days","moment","subtract","days"],"answerWordCount":929,"text":"moment()","name":"moment","arguments":[],"returnType":"any","usage":"moment()","definition":"","source":"var duration = moment.duration({'days' : 1});\nmoment().subtract(duration).format('DD-MM-YYYY');\n\nstartdate = moment().subtract('days', 1).format('DD-MM-YYYY');\n\nstartdate = moment().subtract(1, 'days').format('DD-MM-YYYY');\n","answerId":"29652091","answerUrl":"https://stackoverflow.com/a/29652091","voteCount":7,"isAccepted":false,"lastModified":"2015-04-15T14:27:13.000Z"},{"answerKeywords":["moment","moment","subtract","days","moment","days"],"answerWordCount":796,"text":"format()","parentType":"any","name":"format","arguments":[],"returnType":"any","usage":"moment('15-01-1979', 'DD-MM-YYYY').subtract(1,'days').format()","definition":"","source":"moment('15-01-1979', 'DD-MM-YYYY').subtract(1,'days').format(); //14-01-1979\nor\nmoment('15-01-1979', 'DD-MM-YYYY').add(1,'days').format(); //16-01-1979\n``\n\n\n\n","answerId":"54794221","answerUrl":"https://stackoverflow.com/a/54794221","voteCount":4,"isAccepted":false,"lastModified":"2019-02-20T19:50:26.000Z"},{"answerKeywords":["moment","moment","subtract","days","moment","days"],"answerWordCount":796,"text":"subtract(number, string)","parentType":"any","name":"subtract","arguments":[{"type":"number"},{"type":"string"}],"returnType":"any","usage":"moment('15-01-1979', 'DD-MM-YYYY').subtract(1,'days')","definition":"","source":"moment('15-01-1979', 'DD-MM-YYYY').subtract(1,'days').format(); //14-01-1979\nor\nmoment('15-01-1979', 'DD-MM-YYYY').add(1,'days').format(); //16-01-1979\n``\n\n\n\n","answerId":"54794221","answerUrl":"https://stackoverflow.com/a/54794221","voteCount":4,"isAccepted":false,"lastModified":"2019-02-20T19:50:26.000Z"},{"answerKeywords":["moment","moment","subtract","days","moment","days"],"answerWordCount":796,"text":"moment(string, string)","name":"moment","arguments":[{"type":"string"},{"type":"string"}],"returnType":"any","usage":"moment('15-01-1979', 'DD-MM-YYYY')","definition":"","source":"moment('15-01-1979', 'DD-MM-YYYY').subtract(1,'days').format(); //14-01-1979\nor\nmoment('15-01-1979', 'DD-MM-YYYY').add(1,'days').format(); //16-01-1979\n``\n\n\n\n","answerId":"54794221","answerUrl":"https://stackoverflow.com/a/54794221","voteCount":4,"isAccepted":false,"lastModified":"2019-02-20T19:50:26.000Z"},{"answerKeywords":["moment","moment","subtract","days","moment","days"],"answerWordCount":796,"text":"format()","parentType":"any","name":"format","arguments":[],"returnType":"any","usage":"moment('15-01-1979', 'DD-MM-YYYY').add(1,'days').format()","definition":"","source":"moment('15-01-1979', 'DD-MM-YYYY').subtract(1,'days').format(); //14-01-1979\nor\nmoment('15-01-1979', 'DD-MM-YYYY').add(1,'days').format(); //16-01-1979\n``\n\n\n\n","answerId":"54794221","answerUrl":"https://stackoverflow.com/a/54794221","voteCount":4,"isAccepted":false,"lastModified":"2019-02-20T19:50:26.000Z"},{"answerKeywords":["moment","moment","subtract","days","moment","days"],"answerWordCount":796,"text":"add(number, string)","parentType":"any","name":"add","arguments":[{"type":"number"},{"type":"string"}],"returnType":"any","usage":"moment('15-01-1979', 'DD-MM-YYYY').add(1,'days')","definition":"","source":"moment('15-01-1979', 'DD-MM-YYYY').subtract(1,'days').format(); //14-01-1979\nor\nmoment('15-01-1979', 'DD-MM-YYYY').add(1,'days').format(); //16-01-1979\n``\n\n\n\n","answerId":"54794221","answerUrl":"https://stackoverflow.com/a/54794221","voteCount":4,"isAccepted":false,"lastModified":"2019-02-20T19:50:26.000Z"},{"answerKeywords":["moment","moment","subtract","days","moment","days"],"answerWordCount":796,"text":"moment(string, string)","name":"moment","arguments":[{"type":"string"},{"type":"string"}],"returnType":"any","usage":"moment('15-01-1979', 'DD-MM-YYYY')","definition":"","source":"moment('15-01-1979', 'DD-MM-YYYY').subtract(1,'days').format(); //14-01-1979\nor\nmoment('15-01-1979', 'DD-MM-YYYY').add(1,'days').format(); //16-01-1979\n``\n\n\n\n","answerId":"54794221","answerUrl":"https://stackoverflow.com/a/54794221","voteCount":4,"isAccepted":false,"lastModified":"2019-02-20T19:50:26.000Z"},{"answerKeywords":["moment","subtract","moment","subtract"],"answerWordCount":815,"text":"moment()","name":"moment","arguments":[],"returnType":"any","usage":"moment()","definition":"","source":"startdate = moment();\nstartdate.subtract(1, 'd');\nstartdate.format('DD-MM-YYYY');\n\"14-04-2015\"\n\nstartdate = moment();\nstartdate.subtract(1, 'd');\nmyString = startdate.format('DD-MM-YYYY');\n\"14-04-2015\"\nmyString\n\"14-04-2015\"\n","answerId":"29652120","answerUrl":"https://stackoverflow.com/a/29652120","voteCount":3,"isAccepted":false,"lastModified":"2015-04-15T13:51:53.000Z"},{"answerKeywords":["moment","subtract","moment","subtract"],"answerWordCount":815,"text":"subtract(number, string)","parentType":"any","name":"subtract","arguments":[{"type":"number"},{"type":"string"}],"returnType":"any","usage":"startdate.subtract(1, 'd')","definition":"","source":"startdate = moment();\nstartdate.subtract(1, 'd');\nstartdate.format('DD-MM-YYYY');\n\"14-04-2015\"\n\nstartdate = moment();\nstartdate.subtract(1, 'd');\nmyString = startdate.format('DD-MM-YYYY');\n\"14-04-2015\"\nmyString\n\"14-04-2015\"\n","answerId":"29652120","answerUrl":"https://stackoverflow.com/a/29652120","voteCount":3,"isAccepted":false,"lastModified":"2015-04-15T13:51:53.000Z"},{"answerKeywords":["moment","subtract","moment","subtract"],"answerWordCount":815,"text":"format(string)","parentType":"any","name":"format","arguments":[{"type":"string"}],"returnType":"any","usage":"startdate.format('DD-MM-YYYY')","definition":"","source":"startdate = moment();\nstartdate.subtract(1, 'd');\nstartdate.format('DD-MM-YYYY');\n\"14-04-2015\"\n\nstartdate = moment();\nstartdate.subtract(1, 'd');\nmyString = startdate.format('DD-MM-YYYY');\n\"14-04-2015\"\nmyString\n\"14-04-2015\"\n","answerId":"29652120","answerUrl":"https://stackoverflow.com/a/29652120","voteCount":3,"isAccepted":false,"lastModified":"2015-04-15T13:51:53.000Z"},{"answerKeywords":["moment","subtract","moment","subtract"],"answerWordCount":815,"text":"moment()","name":"moment","arguments":[],"returnType":"any","usage":"moment()","definition":"","source":"startdate = moment();\nstartdate.subtract(1, 'd');\nstartdate.format('DD-MM-YYYY');\n\"14-04-2015\"\n\nstartdate = moment();\nstartdate.subtract(1, 'd');\nmyString = startdate.format('DD-MM-YYYY');\n\"14-04-2015\"\nmyString\n\"14-04-2015\"\n","answerId":"29652120","answerUrl":"https://stackoverflow.com/a/29652120","voteCount":3,"isAccepted":false,"lastModified":"2015-04-15T13:51:53.000Z"},{"answerKeywords":["moment","subtract","moment","subtract"],"answerWordCount":815,"text":"subtract(number, string)","parentType":"any","name":"subtract","arguments":[{"type":"number"},{"type":"string"}],"returnType":"any","usage":"startdate.subtract(1, 'd')","definition":"","source":"startdate = moment();\nstartdate.subtract(1, 'd');\nstartdate.format('DD-MM-YYYY');\n\"14-04-2015\"\n\nstartdate = moment();\nstartdate.subtract(1, 'd');\nmyString = startdate.format('DD-MM-YYYY');\n\"14-04-2015\"\nmyString\n\"14-04-2015\"\n","answerId":"29652120","answerUrl":"https://stackoverflow.com/a/29652120","voteCount":3,"isAccepted":false,"lastModified":"2015-04-15T13:51:53.000Z"},{"answerKeywords":["moment","subtract","moment","subtract"],"answerWordCount":815,"text":"format(string)","parentType":"any","name":"format","arguments":[{"type":"string"}],"returnType":"any","usage":"startdate.format('DD-MM-YYYY')","definition":"","source":"startdate = moment();\nstartdate.subtract(1, 'd');\nstartdate.format('DD-MM-YYYY');\n\"14-04-2015\"\n\nstartdate = moment();\nstartdate.subtract(1, 'd');\nmyString = startdate.format('DD-MM-YYYY');\n\"14-04-2015\"\nmyString\n\"14-04-2015\"\n","answerId":"29652120","answerUrl":"https://stackoverflow.com/a/29652120","voteCount":3,"isAccepted":false,"lastModified":"2015-04-15T13:51:53.000Z"}],"areSignaturesLoading":false,"title":"Format date and Subtract days using Moment.js - Stack Overflow","snippet":"I would like a variable to hold yesterday's date in the format DD-MM-YYYY using Moment.js. So if today is 15-04-2015, I would like to subtract a day and have 14 ...","url":"https://stackoverflow.com/questions/29651815/format-date-and-subtract-days-using-moment-js","displayLink":"https://stackoverflow.com › questions › format-date-an...","snippetHighlightWords":["Moment","js","subtract","day"]},{"signatures":[{"answerKeywords":["moment","moment","subtract","moment","subtract","moment","moment"],"answerWordCount":1138,"text":"format(string)","parentType":"any","name":"format","arguments":[{"type":"string"}],"returnType":"any","usage":"moment().format('YYYY-MM-DD')","definition":"","source":"dateTo = moment().format('YYYY-MM-DD');\ndateFrom = moment().subtract(7,'d').format('YYYY-MM-DD');\n","answerId":"25890180","answerUrl":"https://stackoverflow.com/a/25890180","voteCount":162,"isAccepted":true,"lastModified":"2019-01-03T09:59:46.000Z"},{"answerKeywords":["moment","moment","subtract","moment","subtract","moment","moment"],"answerWordCount":1138,"text":"moment()","name":"moment","arguments":[],"returnType":"any","usage":"moment()","definition":"","source":"dateTo = moment().format('YYYY-MM-DD');\ndateFrom = moment().subtract(7,'d').format('YYYY-MM-DD');\n","answerId":"25890180","answerUrl":"https://stackoverflow.com/a/25890180","voteCount":162,"isAccepted":true,"lastModified":"2019-01-03T09:59:46.000Z"},{"answerKeywords":["moment","moment","subtract","moment","subtract","moment","moment"],"answerWordCount":1138,"text":"format(string)","parentType":"any","name":"format","arguments":[{"type":"string"}],"returnType":"any","usage":"moment().subtract(7,'d').format('YYYY-MM-DD')","definition":"","source":"dateTo = moment().format('YYYY-MM-DD');\ndateFrom = moment().subtract(7,'d').format('YYYY-MM-DD');\n","answerId":"25890180","answerUrl":"https://stackoverflow.com/a/25890180","voteCount":162,"isAccepted":true,"lastModified":"2019-01-03T09:59:46.000Z"},{"answerKeywords":["moment","moment","subtract","moment","subtract","moment","moment"],"answerWordCount":1138,"text":"subtract(number, string)","parentType":"any","name":"subtract","arguments":[{"type":"number"},{"type":"string"}],"returnType":"any","usage":"moment().subtract(7,'d')","definition":"","source":"dateTo = moment().format('YYYY-MM-DD');\ndateFrom = moment().subtract(7,'d').format('YYYY-MM-DD');\n","answerId":"25890180","answerUrl":"https://stackoverflow.com/a/25890180","voteCount":162,"isAccepted":true,"lastModified":"2019-01-03T09:59:46.000Z"},{"answerKeywords":["moment","moment","subtract","moment","subtract","moment","moment"],"answerWordCount":1138,"text":"moment()","name":"moment","arguments":[],"returnType":"any","usage":"moment()","definition":"","source":"dateTo = moment().format('YYYY-MM-DD');\ndateFrom = moment().subtract(7,'d').format('YYYY-MM-DD');\n","answerId":"25890180","answerUrl":"https://stackoverflow.com/a/25890180","voteCount":162,"isAccepted":true,"lastModified":"2019-01-03T09:59:46.000Z"},{"answerKeywords":["moment","days"],"answerWordCount":1516,"text":"format(string)","parentType":"any","name":"format","arguments":[{"type":"string"}],"returnType":"any","usage":"moment(Date.now() - 7 * 24 * 3600 * 1000).format('YYYY-MM-DD')","definition":"","source":"dateFrom = moment(Date.now() - 7 * 24 * 3600 * 1000).format('YYYY-MM-DD'); \n","answerId":"25888269","answerUrl":"https://stackoverflow.com/a/25888269","voteCount":6,"isAccepted":false,"lastModified":"2014-09-17T10:32:52.000Z"},{"answerKeywords":["moment","days"],"answerWordCount":1516,"text":"moment(number)","name":"moment","arguments":[{"type":"number"}],"returnType":"any","usage":"moment(Date.now() - 7 * 24 * 3600 * 1000)","definition":"","source":"dateFrom = moment(Date.now() - 7 * 24 * 3600 * 1000).format('YYYY-MM-DD'); \n","answerId":"25888269","answerUrl":"https://stackoverflow.com/a/25888269","voteCount":6,"isAccepted":false,"lastModified":"2014-09-17T10:32:52.000Z"},{"answerKeywords":["moment","days"],"answerWordCount":1516,"text":"DateConstructor.now(): number","parentType":"DateConstructor","name":"now","arguments":[],"returnType":"number","usage":"Date.now()","definition":"declare var Date:DateConstructor;","source":"dateFrom = moment(Date.now() - 7 * 24 * 3600 * 1000).format('YYYY-MM-DD'); \n","answerId":"25888269","answerUrl":"https://stackoverflow.com/a/25888269","voteCount":6,"isAccepted":false,"lastModified":"2014-09-17T10:32:52.000Z"},{"answerKeywords":["moment","subtract","subtract","days","days","moment"],"answerWordCount":1445,"text":"subtract(number, string)","parentType":"any","name":"subtract","arguments":[{"type":"number"},{"type":"string"}],"returnType":"any","usage":"moment().subtract(1,'w')","definition":"","source":"moment().subtract(1,'w')\n\nNOTE:\n1. w for week\n2. d for days\n3. M for month\n4. y for year\n","answerId":"70415040","answerUrl":"https://stackoverflow.com/a/70415040","voteCount":4,"isAccepted":false,"lastModified":"2022-08-17T12:12:50.000Z"},{"answerKeywords":["moment","subtract","subtract","days","days","moment"],"answerWordCount":1445,"text":"moment()","name":"moment","arguments":[],"returnType":"any","usage":"moment()","definition":"","source":"moment().subtract(1,'w')\n\nNOTE:\n1. w for week\n2. d for days\n3. M for month\n4. y for year\n","answerId":"70415040","answerUrl":"https://stackoverflow.com/a/70415040","voteCount":4,"isAccepted":false,"lastModified":"2022-08-17T12:12:50.000Z"},{"answerKeywords":["moment","subtract","moment"],"answerWordCount":826,"text":"toDate()","parentType":"any","name":"toDate","arguments":[],"returnType":"any","usage":"moment()\n    .subtract(5, \"day\")\n    .endOf(\"day\")\n    .toDate()","definition":"","source":" first_day: moment()\n    .subtract(5, \"day\")\n    .endOf(\"day\")\n    .toDate(),\n  last_day: moment()\n    .endOf(\"day\")\n    .toDate(),\n","answerId":"60741919","answerUrl":"https://stackoverflow.com/a/60741919","voteCount":2,"isAccepted":false,"lastModified":"2020-03-18T14:47:16.000Z"},{"answerKeywords":["moment","subtract","moment"],"answerWordCount":826,"text":"endOf(string)","parentType":"any","name":"endOf","arguments":[{"type":"string"}],"returnType":"any","usage":"moment()\n    .subtract(5, \"day\")\n    .endOf(\"day\")","definition":"","source":" first_day: moment()\n    .subtract(5, \"day\")\n    .endOf(\"day\")\n    .toDate(),\n  last_day: moment()\n    .endOf(\"day\")\n    .toDate(),\n","answerId":"60741919","answerUrl":"https://stackoverflow.com/a/60741919","voteCount":2,"isAccepted":false,"lastModified":"2020-03-18T14:47:16.000Z"},{"answerKeywords":["moment","subtract","moment"],"answerWordCount":826,"text":"subtract(number, string)","parentType":"any","name":"subtract","arguments":[{"type":"number"},{"type":"string"}],"returnType":"any","usage":"moment()\n    .subtract(5, \"day\")","definition":"","source":" first_day: moment()\n    .subtract(5, \"day\")\n    .endOf(\"day\")\n    .toDate(),\n  last_day: moment()\n    .endOf(\"day\")\n    .toDate(),\n","answerId":"60741919","answerUrl":"https://stackoverflow.com/a/60741919","voteCount":2,"isAccepted":false,"lastModified":"2020-03-18T14:47:16.000Z"},{"answerKeywords":["moment","subtract","moment"],"answerWordCount":826,"text":"moment()","name":"moment","arguments":[],"returnType":"any","usage":"moment()","definition":"","source":" first_day: moment()\n    .subtract(5, \"day\")\n    .endOf(\"day\")\n    .toDate(),\n  last_day: moment()\n    .endOf(\"day\")\n    .toDate(),\n","answerId":"60741919","answerUrl":"https://stackoverflow.com/a/60741919","voteCount":2,"isAccepted":false,"lastModified":"2020-03-18T14:47:16.000Z"},{"answerKeywords":["moment","subtract","moment"],"answerWordCount":826,"text":"toDate()","parentType":"any","name":"toDate","arguments":[],"returnType":"any","usage":"moment()\n    .endOf(\"day\")\n    .toDate()","definition":"","source":" first_day: moment()\n    .subtract(5, \"day\")\n    .endOf(\"day\")\n    .toDate(),\n  last_day: moment()\n    .endOf(\"day\")\n    .toDate(),\n","answerId":"60741919","answerUrl":"https://stackoverflow.com/a/60741919","voteCount":2,"isAccepted":false,"lastModified":"2020-03-18T14:47:16.000Z"},{"answerKeywords":["moment","subtract","moment"],"answerWordCount":826,"text":"endOf(string)","parentType":"any","name":"endOf","arguments":[{"type":"string"}],"returnType":"any","usage":"moment()\n    .endOf(\"day\")","definition":"","source":" first_day: moment()\n    .subtract(5, \"day\")\n    .endOf(\"day\")\n    .toDate(),\n  last_day: moment()\n    .endOf(\"day\")\n    .toDate(),\n","answerId":"60741919","answerUrl":"https://stackoverflow.com/a/60741919","voteCount":2,"isAccepted":false,"lastModified":"2020-03-18T14:47:16.000Z"},{"answerKeywords":["moment","subtract","moment"],"answerWordCount":826,"text":"moment()","name":"moment","arguments":[],"returnType":"any","usage":"moment()","definition":"","source":" first_day: moment()\n    .subtract(5, \"day\")\n    .endOf(\"day\")\n    .toDate(),\n  last_day: moment()\n    .endOf(\"day\")\n    .toDate(),\n","answerId":"60741919","answerUrl":"https://stackoverflow.com/a/60741919","voteCount":2,"isAccepted":false,"lastModified":"2020-03-18T14:47:16.000Z"},{"answerKeywords":["subtract","days","moment","moment","moment","moment","moment","days","moment"],"answerWordCount":851,"text":"day(number)","parentType":"any","name":"day","arguments":[{"type":"number"}],"returnType":"any","usage":"moment().day(-7)","definition":"","source":"moment().day(-7); // last Sunday (0 - 7)\nmoment().day(0); // this Sunday (0)\nmoment().day(7); // next Sunday (0 + 7)\nmoment().day(10); // next Wednesday (3 + 7)\nmoment().day(24); // 3 Wednesdays from now (3 + 7 + 7 + 7)\n","answerId":"65061290","answerUrl":"https://stackoverflow.com/a/65061290","voteCount":2,"isAccepted":false,"lastModified":"2020-11-29T14:38:03.000Z"},{"answerKeywords":["subtract","days","moment","moment","moment","moment","moment","days","moment"],"answerWordCount":851,"text":"moment()","name":"moment","arguments":[],"returnType":"any","usage":"moment()","definition":"","source":"moment().day(-7); // last Sunday (0 - 7)\nmoment().day(0); // this Sunday (0)\nmoment().day(7); // next Sunday (0 + 7)\nmoment().day(10); // next Wednesday (3 + 7)\nmoment().day(24); // 3 Wednesdays from now (3 + 7 + 7 + 7)\n","answerId":"65061290","answerUrl":"https://stackoverflow.com/a/65061290","voteCount":2,"isAccepted":false,"lastModified":"2020-11-29T14:38:03.000Z"},{"answerKeywords":["subtract","days","moment","moment","moment","moment","moment","days","moment"],"answerWordCount":851,"text":"day(number)","parentType":"any","name":"day","arguments":[{"type":"number"}],"returnType":"any","usage":"moment().day(0)","definition":"","source":"moment().day(-7); // last Sunday (0 - 7)\nmoment().day(0); // this Sunday (0)\nmoment().day(7); // next Sunday (0 + 7)\nmoment().day(10); // next Wednesday (3 + 7)\nmoment().day(24); // 3 Wednesdays from now (3 + 7 + 7 + 7)\n","answerId":"65061290","answerUrl":"https://stackoverflow.com/a/65061290","voteCount":2,"isAccepted":false,"lastModified":"2020-11-29T14:38:03.000Z"},{"answerKeywords":["subtract","days","moment","moment","moment","moment","moment","days","moment"],"answerWordCount":851,"text":"moment()","name":"moment","arguments":[],"returnType":"any","usage":"moment()","definition":"","source":"moment().day(-7); // last Sunday (0 - 7)\nmoment().day(0); // this Sunday (0)\nmoment().day(7); // next Sunday (0 + 7)\nmoment().day(10); // next Wednesday (3 + 7)\nmoment().day(24); // 3 Wednesdays from now (3 + 7 + 7 + 7)\n","answerId":"65061290","answerUrl":"https://stackoverflow.com/a/65061290","voteCount":2,"isAccepted":false,"lastModified":"2020-11-29T14:38:03.000Z"},{"answerKeywords":["subtract","days","moment","moment","moment","moment","moment","days","moment"],"answerWordCount":851,"text":"day(number)","parentType":"any","name":"day","arguments":[{"type":"number"}],"returnType":"any","usage":"moment().day(7)","definition":"","source":"moment().day(-7); // last Sunday (0 - 7)\nmoment().day(0); // this Sunday (0)\nmoment().day(7); // next Sunday (0 + 7)\nmoment().day(10); // next Wednesday (3 + 7)\nmoment().day(24); // 3 Wednesdays from now (3 + 7 + 7 + 7)\n","answerId":"65061290","answerUrl":"https://stackoverflow.com/a/65061290","voteCount":2,"isAccepted":false,"lastModified":"2020-11-29T14:38:03.000Z"},{"answerKeywords":["subtract","days","moment","moment","moment","moment","moment","days","moment"],"answerWordCount":851,"text":"moment()","name":"moment","arguments":[],"returnType":"any","usage":"moment()","definition":"","source":"moment().day(-7); // last Sunday (0 - 7)\nmoment().day(0); // this Sunday (0)\nmoment().day(7); // next Sunday (0 + 7)\nmoment().day(10); // next Wednesday (3 + 7)\nmoment().day(24); // 3 Wednesdays from now (3 + 7 + 7 + 7)\n","answerId":"65061290","answerUrl":"https://stackoverflow.com/a/65061290","voteCount":2,"isAccepted":false,"lastModified":"2020-11-29T14:38:03.000Z"},{"answerKeywords":["subtract","days","moment","moment","moment","moment","moment","days","moment"],"answerWordCount":851,"text":"day(number)","parentType":"any","name":"day","arguments":[{"type":"number"}],"returnType":"any","usage":"moment().day(10)","definition":"","source":"moment().day(-7); // last Sunday (0 - 7)\nmoment().day(0); // this Sunday (0)\nmoment().day(7); // next Sunday (0 + 7)\nmoment().day(10); // next Wednesday (3 + 7)\nmoment().day(24); // 3 Wednesdays from now (3 + 7 + 7 + 7)\n","answerId":"65061290","answerUrl":"https://stackoverflow.com/a/65061290","voteCount":2,"isAccepted":false,"lastModified":"2020-11-29T14:38:03.000Z"},{"answerKeywords":["subtract","days","moment","moment","moment","moment","moment","days","moment"],"answerWordCount":851,"text":"moment()","name":"moment","arguments":[],"returnType":"any","usage":"moment()","definition":"","source":"moment().day(-7); // last Sunday (0 - 7)\nmoment().day(0); // this Sunday (0)\nmoment().day(7); // next Sunday (0 + 7)\nmoment().day(10); // next Wednesday (3 + 7)\nmoment().day(24); // 3 Wednesdays from now (3 + 7 + 7 + 7)\n","answerId":"65061290","answerUrl":"https://stackoverflow.com/a/65061290","voteCount":2,"isAccepted":false,"lastModified":"2020-11-29T14:38:03.000Z"},{"answerKeywords":["subtract","days","moment","moment","moment","moment","moment","days","moment"],"answerWordCount":851,"text":"day(number)","parentType":"any","name":"day","arguments":[{"type":"number"}],"returnType":"any","usage":"moment().day(24)","definition":"","source":"moment().day(-7); // last Sunday (0 - 7)\nmoment().day(0); // this Sunday (0)\nmoment().day(7); // next Sunday (0 + 7)\nmoment().day(10); // next Wednesday (3 + 7)\nmoment().day(24); // 3 Wednesdays from now (3 + 7 + 7 + 7)\n","answerId":"65061290","answerUrl":"https://stackoverflow.com/a/65061290","voteCount":2,"isAccepted":false,"lastModified":"2020-11-29T14:38:03.000Z"},{"answerKeywords":["subtract","days","moment","moment","moment","moment","moment","days","moment"],"answerWordCount":851,"text":"moment()","name":"moment","arguments":[],"returnType":"any","usage":"moment()","definition":"","source":"moment().day(-7); // last Sunday (0 - 7)\nmoment().day(0); // this Sunday (0)\nmoment().day(7); // next Sunday (0 + 7)\nmoment().day(10); // next Wednesday (3 + 7)\nmoment().day(24); // 3 Wednesdays from now (3 + 7 + 7 + 7)\n","answerId":"65061290","answerUrl":"https://stackoverflow.com/a/65061290","voteCount":2,"isAccepted":false,"lastModified":"2020-11-29T14:38:03.000Z"},{"answerKeywords":["moment","subtract","days"],"answerWordCount":798,"text":"format(string)","parentType":"any","name":"format","arguments":[{"type":"string"}],"returnType":"any","usage":"moment().subtract(7, 'days').startOf('day').format('YYYY-MM-DD HH:mm:ss')","definition":"","source":"moment().subtract(7, 'days').startOf('day').format('YYYY-MM-DD HH:mm:ss')\n","answerId":"55780341","answerUrl":"https://stackoverflow.com/a/55780341","voteCount":0,"isAccepted":false,"lastModified":"2019-04-21T06:10:18.000Z"},{"answerKeywords":["moment","subtract","days"],"answerWordCount":798,"text":"startOf(string)","parentType":"any","name":"startOf","arguments":[{"type":"string"}],"returnType":"any","usage":"moment().subtract(7, 'days').startOf('day')","definition":"","source":"moment().subtract(7, 'days').startOf('day').format('YYYY-MM-DD HH:mm:ss')\n","answerId":"55780341","answerUrl":"https://stackoverflow.com/a/55780341","voteCount":0,"isAccepted":false,"lastModified":"2019-04-21T06:10:18.000Z"},{"answerKeywords":["moment","subtract","days"],"answerWordCount":798,"text":"subtract(number, string)","parentType":"any","name":"subtract","arguments":[{"type":"number"},{"type":"string"}],"returnType":"any","usage":"moment().subtract(7, 'days')","definition":"","source":"moment().subtract(7, 'days').startOf('day').format('YYYY-MM-DD HH:mm:ss')\n","answerId":"55780341","answerUrl":"https://stackoverflow.com/a/55780341","voteCount":0,"isAccepted":false,"lastModified":"2019-04-21T06:10:18.000Z"},{"answerKeywords":["moment","subtract","days"],"answerWordCount":798,"text":"moment()","name":"moment","arguments":[],"returnType":"any","usage":"moment()","definition":"","source":"moment().subtract(7, 'days').startOf('day').format('YYYY-MM-DD HH:mm:ss')\n","answerId":"55780341","answerUrl":"https://stackoverflow.com/a/55780341","voteCount":0,"isAccepted":false,"lastModified":"2019-04-21T06:10:18.000Z"}],"areSignaturesLoading":false,"title":"Moment JS - how to subtract 7 days from current date?","snippet":"You can use: moment().subtract(1,'w'). to subtract one week (7 days) from the current date. NOTE: 1. w for week 2. d for days 3. M for month 4. y for year.","url":"https://stackoverflow.com/questions/25888182/moment-js-how-to-subtract-7-days-from-current-date","displayLink":"https://stackoverflow.com › questions › moment-js-how...","snippetHighlightWords":["moment","subtract","subtract","days","days"]},{"signatures":[{"answerKeywords":["subtract","moment","moment","days","moment","subtract","days","moment","moment"],"answerWordCount":1406,"text":"moment(number)","name":"moment","arguments":[{"type":"number"}],"returnType":"any","usage":"var selectedDate = moment(1628312400000);","definition":"","source":"var selectedDate = moment(1628312400000);\n\nlet next = \"Next Day :: \" + moment(selectedDate, \"America/Chicago\").add(2, 'days').format('DD-MM-YYYY') + \" \" + \"23:00:00\"; // getting invalid date\nlet yest = \"Yesterday :: \" + moment(selectedDate, \"America/Chicago\").subtract(1, 'days').format('DD-MM-YYYY') + \" \" + \"00:00:00\"; // getting invalid date\n\nconsole.log(yest)\nconsole.log(next)\n<script src=\"https://ajax.googleapis.com/ajax/libs/jquery/2.2.0/jquery.min.js\"></script>\n<script src=\"https://cdnjs.cloudflare.com/ajax/libs/moment.js/2.11.2/moment.min.js\"></script>","answerId":"68757386","answerUrl":"https://stackoverflow.com/a/68757386","voteCount":0,"isAccepted":false,"lastModified":"2021-08-12T12:59:11.000Z"},{"answerKeywords":["subtract","moment","moment","days","moment","subtract","days","moment","moment"],"answerWordCount":1406,"text":"format(string)","parentType":"any","name":"format","arguments":[{"type":"string"}],"returnType":"any","usage":"moment(selectedDate, \"America/Chicago\").add(2, 'days').format('DD-MM-YYYY')","definition":"","source":"var selectedDate = moment(1628312400000);\n\nlet next = \"Next Day :: \" + moment(selectedDate, \"America/Chicago\").add(2, 'days').format('DD-MM-YYYY') + \" \" + \"23:00:00\"; // getting invalid date\nlet yest = \"Yesterday :: \" + moment(selectedDate, \"America/Chicago\").subtract(1, 'days').format('DD-MM-YYYY') + \" \" + \"00:00:00\"; // getting invalid date\n\nconsole.log(yest)\nconsole.log(next)\n<script src=\"https://ajax.googleapis.com/ajax/libs/jquery/2.2.0/jquery.min.js\"></script>\n<script src=\"https://cdnjs.cloudflare.com/ajax/libs/moment.js/2.11.2/moment.min.js\"></script>","answerId":"68757386","answerUrl":"https://stackoverflow.com/a/68757386","voteCount":0,"isAccepted":false,"lastModified":"2021-08-12T12:59:11.000Z"},{"answerKeywords":["subtract","moment","moment","days","moment","subtract","days","moment","moment"],"answerWordCount":1406,"text":"add(number, string)","parentType":"any","name":"add","arguments":[{"type":"number"},{"type":"string"}],"returnType":"any","usage":"moment(selectedDate, \"America/Chicago\").add(2, 'days')","definition":"","source":"var selectedDate = moment(1628312400000);\n\nlet next = \"Next Day :: \" + moment(selectedDate, \"America/Chicago\").add(2, 'days').format('DD-MM-YYYY') + \" \" + \"23:00:00\"; // getting invalid date\nlet yest = \"Yesterday :: \" + moment(selectedDate, \"America/Chicago\").subtract(1, 'days').format('DD-MM-YYYY') + \" \" + \"00:00:00\"; // getting invalid date\n\nconsole.log(yest)\nconsole.log(next)\n<script src=\"https://ajax.googleapis.com/ajax/libs/jquery/2.2.0/jquery.min.js\"></script>\n<script src=\"https://cdnjs.cloudflare.com/ajax/libs/moment.js/2.11.2/moment.min.js\"></script>","answerId":"68757386","answerUrl":"https://stackoverflow.com/a/68757386","voteCount":0,"isAccepted":false,"lastModified":"2021-08-12T12:59:11.000Z"},{"answerKeywords":["subtract","moment","moment","days","moment","subtract","days","moment","moment"],"answerWordCount":1406,"text":"moment(unknown, string)","name":"moment","arguments":[{"type":"any"},{"type":"string"}],"returnType":"any","usage":"moment(selectedDate, \"America/Chicago\")","definition":"","source":"var selectedDate = moment(1628312400000);\n\nlet next = \"Next Day :: \" + moment(selectedDate, \"America/Chicago\").add(2, 'days').format('DD-MM-YYYY') + \" \" + \"23:00:00\"; // getting invalid date\nlet yest = \"Yesterday :: \" + moment(selectedDate, \"America/Chicago\").subtract(1, 'days').format('DD-MM-YYYY') + \" \" + \"00:00:00\"; // getting invalid date\n\nconsole.log(yest)\nconsole.log(next)\n<script src=\"https://ajax.googleapis.com/ajax/libs/jquery/2.2.0/jquery.min.js\"></script>\n<script src=\"https://cdnjs.cloudflare.com/ajax/libs/moment.js/2.11.2/moment.min.js\"></script>","answerId":"68757386","answerUrl":"https://stackoverflow.com/a/68757386","voteCount":0,"isAccepted":false,"lastModified":"2021-08-12T12:59:11.000Z"},{"answerKeywords":["subtract","moment","moment","days","moment","subtract","days","moment","moment"],"answerWordCount":1406,"text":"format(string)","parentType":"any","name":"format","arguments":[{"type":"string"}],"returnType":"any","usage":"moment(selectedDate, \"America/Chicago\").subtract(1, 'days').format('DD-MM-YYYY')","definition":"","source":"var selectedDate = moment(1628312400000);\n\nlet next = \"Next Day :: \" + moment(selectedDate, \"America/Chicago\").add(2, 'days').format('DD-MM-YYYY') + \" \" + \"23:00:00\"; // getting invalid date\nlet yest = \"Yesterday :: \" + moment(selectedDate, \"America/Chicago\").subtract(1, 'days').format('DD-MM-YYYY') + \" \" + \"00:00:00\"; // getting invalid date\n\nconsole.log(yest)\nconsole.log(next)\n<script src=\"https://ajax.googleapis.com/ajax/libs/jquery/2.2.0/jquery.min.js\"></script>\n<script src=\"https://cdnjs.cloudflare.com/ajax/libs/moment.js/2.11.2/moment.min.js\"></script>","answerId":"68757386","answerUrl":"https://stackoverflow.com/a/68757386","voteCount":0,"isAccepted":false,"lastModified":"2021-08-12T12:59:11.000Z"},{"answerKeywords":["subtract","moment","moment","days","moment","subtract","days","moment","moment"],"answerWordCount":1406,"text":"subtract(number, string)","parentType":"any","name":"subtract","arguments":[{"type":"number"},{"type":"string"}],"returnType":"any","usage":"moment(selectedDate, \"America/Chicago\").subtract(1, 'days')","definition":"","source":"var selectedDate = moment(1628312400000);\n\nlet next = \"Next Day :: \" + moment(selectedDate, \"America/Chicago\").add(2, 'days').format('DD-MM-YYYY') + \" \" + \"23:00:00\"; // getting invalid date\nlet yest = \"Yesterday :: \" + moment(selectedDate, \"America/Chicago\").subtract(1, 'days').format('DD-MM-YYYY') + \" \" + \"00:00:00\"; // getting invalid date\n\nconsole.log(yest)\nconsole.log(next)\n<script src=\"https://ajax.googleapis.com/ajax/libs/jquery/2.2.0/jquery.min.js\"></script>\n<script src=\"https://cdnjs.cloudflare.com/ajax/libs/moment.js/2.11.2/moment.min.js\"></script>","answerId":"68757386","answerUrl":"https://stackoverflow.com/a/68757386","voteCount":0,"isAccepted":false,"lastModified":"2021-08-12T12:59:11.000Z"},{"answerKeywords":["subtract","moment","moment","days","moment","subtract","days","moment","moment"],"answerWordCount":1406,"text":"moment(unknown, string)","name":"moment","arguments":[{"type":"any"},{"type":"string"}],"returnType":"any","usage":"moment(selectedDate, \"America/Chicago\")","definition":"","source":"var selectedDate = moment(1628312400000);\n\nlet next = \"Next Day :: \" + moment(selectedDate, \"America/Chicago\").add(2, 'days').format('DD-MM-YYYY') + \" \" + \"23:00:00\"; // getting invalid date\nlet yest = \"Yesterday :: \" + moment(selectedDate, \"America/Chicago\").subtract(1, 'days').format('DD-MM-YYYY') + \" \" + \"00:00:00\"; // getting invalid date\n\nconsole.log(yest)\nconsole.log(next)\n<script src=\"https://ajax.googleapis.com/ajax/libs/jquery/2.2.0/jquery.min.js\"></script>\n<script src=\"https://cdnjs.cloudflare.com/ajax/libs/moment.js/2.11.2/moment.min.js\"></script>","answerId":"68757386","answerUrl":"https://stackoverflow.com/a/68757386","voteCount":0,"isAccepted":false,"lastModified":"2021-08-12T12:59:11.000Z"},{"answerKeywords":["subtract","moment","moment","days","moment","subtract","days","moment","moment"],"answerWordCount":820,"text":"moment(number)","name":"moment","arguments":[{"type":"number"}],"returnType":"any","usage":"moment(1628312400000)","definition":"","source":"var selectedDate = new Date(moment(1628312400000));\nconsole.log(moment(selectedDate).add(2, 'days').format('DD-MM-YYYY hh:mm:ss'));\nconsole.log(moment(selectedDate).subtract(1, 'days').format('DD-MM-YYYY hh:mm:ss'));\n<script src=\"https://cdnjs.cloudflare.com/ajax/libs/moment.js/2.17.1/moment.min.js\"></script>","answerId":"68758156","answerUrl":"https://stackoverflow.com/a/68758156","voteCount":0,"isAccepted":false,"lastModified":"2021-08-12T13:11:01.000Z"},{"answerKeywords":["subtract","moment","moment","days","moment","subtract","days","moment","moment"],"answerWordCount":820,"text":"format(string)","parentType":"any","name":"format","arguments":[{"type":"string"}],"returnType":"any","usage":"moment(selectedDate).add(2, 'days').format('DD-MM-YYYY hh:mm:ss')","definition":"","source":"var selectedDate = new Date(moment(1628312400000));\nconsole.log(moment(selectedDate).add(2, 'days').format('DD-MM-YYYY hh:mm:ss'));\nconsole.log(moment(selectedDate).subtract(1, 'days').format('DD-MM-YYYY hh:mm:ss'));\n<script src=\"https://cdnjs.cloudflare.com/ajax/libs/moment.js/2.17.1/moment.min.js\"></script>","answerId":"68758156","answerUrl":"https://stackoverflow.com/a/68758156","voteCount":0,"isAccepted":false,"lastModified":"2021-08-12T13:11:01.000Z"},{"answerKeywords":["subtract","moment","moment","days","moment","subtract","days","moment","moment"],"answerWordCount":820,"text":"add(number, string)","parentType":"any","name":"add","arguments":[{"type":"number"},{"type":"string"}],"returnType":"any","usage":"moment(selectedDate).add(2, 'days')","definition":"","source":"var selectedDate = new Date(moment(1628312400000));\nconsole.log(moment(selectedDate).add(2, 'days').format('DD-MM-YYYY hh:mm:ss'));\nconsole.log(moment(selectedDate).subtract(1, 'days').format('DD-MM-YYYY hh:mm:ss'));\n<script src=\"https://cdnjs.cloudflare.com/ajax/libs/moment.js/2.17.1/moment.min.js\"></script>","answerId":"68758156","answerUrl":"https://stackoverflow.com/a/68758156","voteCount":0,"isAccepted":false,"lastModified":"2021-08-12T13:11:01.000Z"},{"answerKeywords":["subtract","moment","moment","days","moment","subtract","days","moment","moment"],"answerWordCount":820,"text":"moment(Date)","name":"moment","arguments":[{"type":"Date"}],"returnType":"any","usage":"moment(selectedDate)","definition":"","source":"var selectedDate = new Date(moment(1628312400000));\nconsole.log(moment(selectedDate).add(2, 'days').format('DD-MM-YYYY hh:mm:ss'));\nconsole.log(moment(selectedDate).subtract(1, 'days').format('DD-MM-YYYY hh:mm:ss'));\n<script src=\"https://cdnjs.cloudflare.com/ajax/libs/moment.js/2.17.1/moment.min.js\"></script>","answerId":"68758156","answerUrl":"https://stackoverflow.com/a/68758156","voteCount":0,"isAccepted":false,"lastModified":"2021-08-12T13:11:01.000Z"},{"answerKeywords":["subtract","moment","moment","days","moment","subtract","days","moment","moment"],"answerWordCount":820,"text":"format(string)","parentType":"any","name":"format","arguments":[{"type":"string"}],"returnType":"any","usage":"moment(selectedDate).subtract(1, 'days').format('DD-MM-YYYY hh:mm:ss')","definition":"","source":"var selectedDate = new Date(moment(1628312400000));\nconsole.log(moment(selectedDate).add(2, 'days').format('DD-MM-YYYY hh:mm:ss'));\nconsole.log(moment(selectedDate).subtract(1, 'days').format('DD-MM-YYYY hh:mm:ss'));\n<script src=\"https://cdnjs.cloudflare.com/ajax/libs/moment.js/2.17.1/moment.min.js\"></script>","answerId":"68758156","answerUrl":"https://stackoverflow.com/a/68758156","voteCount":0,"isAccepted":false,"lastModified":"2021-08-12T13:11:01.000Z"},{"answerKeywords":["subtract","moment","moment","days","moment","subtract","days","moment","moment"],"answerWordCount":820,"text":"subtract(number, string)","parentType":"any","name":"subtract","arguments":[{"type":"number"},{"type":"string"}],"returnType":"any","usage":"moment(selectedDate).subtract(1, 'days')","definition":"","source":"var selectedDate = new Date(moment(1628312400000));\nconsole.log(moment(selectedDate).add(2, 'days').format('DD-MM-YYYY hh:mm:ss'));\nconsole.log(moment(selectedDate).subtract(1, 'days').format('DD-MM-YYYY hh:mm:ss'));\n<script src=\"https://cdnjs.cloudflare.com/ajax/libs/moment.js/2.17.1/moment.min.js\"></script>","answerId":"68758156","answerUrl":"https://stackoverflow.com/a/68758156","voteCount":0,"isAccepted":false,"lastModified":"2021-08-12T13:11:01.000Z"},{"answerKeywords":["subtract","moment","moment","days","moment","subtract","days","moment","moment"],"answerWordCount":820,"text":"moment(Date)","name":"moment","arguments":[{"type":"Date"}],"returnType":"any","usage":"moment(selectedDate)","definition":"","source":"var selectedDate = new Date(moment(1628312400000));\nconsole.log(moment(selectedDate).add(2, 'days').format('DD-MM-YYYY hh:mm:ss'));\nconsole.log(moment(selectedDate).subtract(1, 'days').format('DD-MM-YYYY hh:mm:ss'));\n<script src=\"https://cdnjs.cloudflare.com/ajax/libs/moment.js/2.17.1/moment.min.js\"></script>","answerId":"68758156","answerUrl":"https://stackoverflow.com/a/68758156","voteCount":0,"isAccepted":false,"lastModified":"2021-08-12T13:11:01.000Z"},{"answerKeywords":["moment","moment","moment","days","moment","subtract","days","moment","moment","moment","moment"],"answerWordCount":951,"text":"moment(number)","name":"moment","arguments":[{"type":"number"}],"returnType":"any","usage":"let selectedDate = moment(1628312400000);","definition":"","source":"let selectedDate = moment(1628312400000);\nlet formattedDate = moment.tz(selectedDate, \"America/Chicago\").format(\"DD-MM-YYYY hh:mm:ss\");\nlet nextDay = moment.tz(selectedDate, \"America/Chicago\")\n  .add(1, \"days\")\n  .format(\"DD-MM-YYYY hh:mm:ss\");\nlet yesterDay = moment\n  .tz(selectedDate, \"America/Chicago\")\n  .subtract(1, \"days\")\n  .format(\"DD-MM-YYYY hh:mm:ss\");\nconsole.log(\"Previous\", yesterDay);\nconsole.log(\"Current\", formattedDate);\nconsole.log(\"Next\", nextDay);\n   <script src=\"https://cdnjs.cloudflare.com/ajax/libs/moment.js/2.10.6/moment.min.js\"></script>\n<script src=\"https://cdnjs.cloudflare.com/ajax/libs/moment-timezone/0.5.23/moment-timezone-with-data-2012-2022.min.js\"></script>","answerId":"68770908","answerUrl":"https://stackoverflow.com/a/68770908","voteCount":0,"isAccepted":false,"lastModified":"2021-08-13T10:50:43.000Z"},{"answerKeywords":["moment","moment","moment","days","moment","subtract","days","moment","moment","moment","moment"],"answerWordCount":951,"text":"format(string)","parentType":"any","name":"format","arguments":[{"type":"string"}],"returnType":"any","usage":"let formattedDate = moment.tz(selectedDate, \"America/Chicago\").format(\"DD-MM-YYYY hh:mm:ss\");","definition":"","source":"let selectedDate = moment(1628312400000);\nlet formattedDate = moment.tz(selectedDate, \"America/Chicago\").format(\"DD-MM-YYYY hh:mm:ss\");\nlet nextDay = moment.tz(selectedDate, \"America/Chicago\")\n  .add(1, \"days\")\n  .format(\"DD-MM-YYYY hh:mm:ss\");\nlet yesterDay = moment\n  .tz(selectedDate, \"America/Chicago\")\n  .subtract(1, \"days\")\n  .format(\"DD-MM-YYYY hh:mm:ss\");\nconsole.log(\"Previous\", yesterDay);\nconsole.log(\"Current\", formattedDate);\nconsole.log(\"Next\", nextDay);\n   <script src=\"https://cdnjs.cloudflare.com/ajax/libs/moment.js/2.10.6/moment.min.js\"></script>\n<script src=\"https://cdnjs.cloudflare.com/ajax/libs/moment-timezone/0.5.23/moment-timezone-with-data-2012-2022.min.js\"></script>","answerId":"68770908","answerUrl":"https://stackoverflow.com/a/68770908","voteCount":0,"isAccepted":false,"lastModified":"2021-08-13T10:50:43.000Z"},{"answerKeywords":["moment","moment","moment","days","moment","subtract","days","moment","moment","moment","moment"],"answerWordCount":951,"text":"tz(unknown, string)","parentType":"any","name":"tz","arguments":[{"type":"any"},{"type":"string"}],"returnType":"any","usage":"moment.tz(selectedDate, \"America/Chicago\")","definition":"","source":"let selectedDate = moment(1628312400000);\nlet formattedDate = moment.tz(selectedDate, \"America/Chicago\").format(\"DD-MM-YYYY hh:mm:ss\");\nlet nextDay = moment.tz(selectedDate, \"America/Chicago\")\n  .add(1, \"days\")\n  .format(\"DD-MM-YYYY hh:mm:ss\");\nlet yesterDay = moment\n  .tz(selectedDate, \"America/Chicago\")\n  .subtract(1, \"days\")\n  .format(\"DD-MM-YYYY hh:mm:ss\");\nconsole.log(\"Previous\", yesterDay);\nconsole.log(\"Current\", formattedDate);\nconsole.log(\"Next\", nextDay);\n   <script src=\"https://cdnjs.cloudflare.com/ajax/libs/moment.js/2.10.6/moment.min.js\"></script>\n<script src=\"https://cdnjs.cloudflare.com/ajax/libs/moment-timezone/0.5.23/moment-timezone-with-data-2012-2022.min.js\"></script>","answerId":"68770908","answerUrl":"https://stackoverflow.com/a/68770908","voteCount":0,"isAccepted":false,"lastModified":"2021-08-13T10:50:43.000Z"},{"answerKeywords":["moment","moment","moment","days","moment","subtract","days","moment","moment","moment","moment"],"answerWordCount":951,"text":"format(string)","parentType":"any","name":"format","arguments":[{"type":"string"}],"returnType":"any","usage":"let nextDay = moment.tz(selectedDate, \"America/Chicago\")\n  .add(1, \"days\")\n  .format(\"DD-MM-YYYY hh:mm:ss\");","definition":"","source":"let selectedDate = moment(1628312400000);\nlet formattedDate = moment.tz(selectedDate, \"America/Chicago\").format(\"DD-MM-YYYY hh:mm:ss\");\nlet nextDay = moment.tz(selectedDate, \"America/Chicago\")\n  .add(1, \"days\")\n  .format(\"DD-MM-YYYY hh:mm:ss\");\nlet yesterDay = moment\n  .tz(selectedDate, \"America/Chicago\")\n  .subtract(1, \"days\")\n  .format(\"DD-MM-YYYY hh:mm:ss\");\nconsole.log(\"Previous\", yesterDay);\nconsole.log(\"Current\", formattedDate);\nconsole.log(\"Next\", nextDay);\n   <script src=\"https://cdnjs.cloudflare.com/ajax/libs/moment.js/2.10.6/moment.min.js\"></script>\n<script src=\"https://cdnjs.cloudflare.com/ajax/libs/moment-timezone/0.5.23/moment-timezone-with-data-2012-2022.min.js\"></script>","answerId":"68770908","answerUrl":"https://stackoverflow.com/a/68770908","voteCount":0,"isAccepted":false,"lastModified":"2021-08-13T10:50:43.000Z"},{"answerKeywords":["moment","moment","moment","days","moment","subtract","days","moment","moment","moment","moment"],"answerWordCount":951,"text":"add(number, string)","parentType":"any","name":"add","arguments":[{"type":"number"},{"type":"string"}],"returnType":"any","usage":"moment.tz(selectedDate, \"America/Chicago\")\n  .add(1, \"days\")","definition":"","source":"let selectedDate = moment(1628312400000);\nlet formattedDate = moment.tz(selectedDate, \"America/Chicago\").format(\"DD-MM-YYYY hh:mm:ss\");\nlet nextDay = moment.tz(selectedDate, \"America/Chicago\")\n  .add(1, \"days\")\n  .format(\"DD-MM-YYYY hh:mm:ss\");\nlet yesterDay = moment\n  .tz(selectedDate, \"America/Chicago\")\n  .subtract(1, \"days\")\n  .format(\"DD-MM-YYYY hh:mm:ss\");\nconsole.log(\"Previous\", yesterDay);\nconsole.log(\"Current\", formattedDate);\nconsole.log(\"Next\", nextDay);\n   <script src=\"https://cdnjs.cloudflare.com/ajax/libs/moment.js/2.10.6/moment.min.js\"></script>\n<script src=\"https://cdnjs.cloudflare.com/ajax/libs/moment-timezone/0.5.23/moment-timezone-with-data-2012-2022.min.js\"></script>","answerId":"68770908","answerUrl":"https://stackoverflow.com/a/68770908","voteCount":0,"isAccepted":false,"lastModified":"2021-08-13T10:50:43.000Z"},{"answerKeywords":["moment","moment","moment","days","moment","subtract","days","moment","moment","moment","moment"],"answerWordCount":951,"text":"tz(unknown, string)","parentType":"any","name":"tz","arguments":[{"type":"any"},{"type":"string"}],"returnType":"any","usage":"moment.tz(selectedDate, \"America/Chicago\")","definition":"","source":"let selectedDate = moment(1628312400000);\nlet formattedDate = moment.tz(selectedDate, \"America/Chicago\").format(\"DD-MM-YYYY hh:mm:ss\");\nlet nextDay = moment.tz(selectedDate, \"America/Chicago\")\n  .add(1, \"days\")\n  .format(\"DD-MM-YYYY hh:mm:ss\");\nlet yesterDay = moment\n  .tz(selectedDate, \"America/Chicago\")\n  .subtract(1, \"days\")\n  .format(\"DD-MM-YYYY hh:mm:ss\");\nconsole.log(\"Previous\", yesterDay);\nconsole.log(\"Current\", formattedDate);\nconsole.log(\"Next\", nextDay);\n   <script src=\"https://cdnjs.cloudflare.com/ajax/libs/moment.js/2.10.6/moment.min.js\"></script>\n<script src=\"https://cdnjs.cloudflare.com/ajax/libs/moment-timezone/0.5.23/moment-timezone-with-data-2012-2022.min.js\"></script>","answerId":"68770908","answerUrl":"https://stackoverflow.com/a/68770908","voteCount":0,"isAccepted":false,"lastModified":"2021-08-13T10:50:43.000Z"},{"answerKeywords":["moment","moment","moment","days","moment","subtract","days","moment","moment","moment","moment"],"answerWordCount":951,"text":"format(string)","parentType":"any","name":"format","arguments":[{"type":"string"}],"returnType":"any","usage":"let yesterDay = moment\n  .tz(selectedDate, \"America/Chicago\")\n  .subtract(1, \"days\")\n  .format(\"DD-MM-YYYY hh:mm:ss\");","definition":"","source":"let selectedDate = moment(1628312400000);\nlet formattedDate = moment.tz(selectedDate, \"America/Chicago\").format(\"DD-MM-YYYY hh:mm:ss\");\nlet nextDay = moment.tz(selectedDate, \"America/Chicago\")\n  .add(1, \"days\")\n  .format(\"DD-MM-YYYY hh:mm:ss\");\nlet yesterDay = moment\n  .tz(selectedDate, \"America/Chicago\")\n  .subtract(1, \"days\")\n  .format(\"DD-MM-YYYY hh:mm:ss\");\nconsole.log(\"Previous\", yesterDay);\nconsole.log(\"Current\", formattedDate);\nconsole.log(\"Next\", nextDay);\n   <script src=\"https://cdnjs.cloudflare.com/ajax/libs/moment.js/2.10.6/moment.min.js\"></script>\n<script src=\"https://cdnjs.cloudflare.com/ajax/libs/moment-timezone/0.5.23/moment-timezone-with-data-2012-2022.min.js\"></script>","answerId":"68770908","answerUrl":"https://stackoverflow.com/a/68770908","voteCount":0,"isAccepted":false,"lastModified":"2021-08-13T10:50:43.000Z"},{"answerKeywords":["moment","moment","moment","days","moment","subtract","days","moment","moment","moment","moment"],"answerWordCount":951,"text":"subtract(number, string)","parentType":"any","name":"subtract","arguments":[{"type":"number"},{"type":"string"}],"returnType":"any","usage":"moment\n  .tz(selectedDate, \"America/Chicago\")\n  .subtract(1, \"days\")","definition":"","source":"let selectedDate = moment(1628312400000);\nlet formattedDate = moment.tz(selectedDate, \"America/Chicago\").format(\"DD-MM-YYYY hh:mm:ss\");\nlet nextDay = moment.tz(selectedDate, \"America/Chicago\")\n  .add(1, \"days\")\n  .format(\"DD-MM-YYYY hh:mm:ss\");\nlet yesterDay = moment\n  .tz(selectedDate, \"America/Chicago\")\n  .subtract(1, \"days\")\n  .format(\"DD-MM-YYYY hh:mm:ss\");\nconsole.log(\"Previous\", yesterDay);\nconsole.log(\"Current\", formattedDate);\nconsole.log(\"Next\", nextDay);\n   <script src=\"https://cdnjs.cloudflare.com/ajax/libs/moment.js/2.10.6/moment.min.js\"></script>\n<script src=\"https://cdnjs.cloudflare.com/ajax/libs/moment-timezone/0.5.23/moment-timezone-with-data-2012-2022.min.js\"></script>","answerId":"68770908","answerUrl":"https://stackoverflow.com/a/68770908","voteCount":0,"isAccepted":false,"lastModified":"2021-08-13T10:50:43.000Z"},{"answerKeywords":["moment","moment","moment","days","moment","subtract","days","moment","moment","moment","moment"],"answerWordCount":951,"text":"tz(unknown, string)","parentType":"any","name":"tz","arguments":[{"type":"any"},{"type":"string"}],"returnType":"any","usage":"moment\n  .tz(selectedDate, \"America/Chicago\")","definition":"","source":"let selectedDate = moment(1628312400000);\nlet formattedDate = moment.tz(selectedDate, \"America/Chicago\").format(\"DD-MM-YYYY hh:mm:ss\");\nlet nextDay = moment.tz(selectedDate, \"America/Chicago\")\n  .add(1, \"days\")\n  .format(\"DD-MM-YYYY hh:mm:ss\");\nlet yesterDay = moment\n  .tz(selectedDate, \"America/Chicago\")\n  .subtract(1, \"days\")\n  .format(\"DD-MM-YYYY hh:mm:ss\");\nconsole.log(\"Previous\", yesterDay);\nconsole.log(\"Current\", formattedDate);\nconsole.log(\"Next\", nextDay);\n   <script src=\"https://cdnjs.cloudflare.com/ajax/libs/moment.js/2.10.6/moment.min.js\"></script>\n<script src=\"https://cdnjs.cloudflare.com/ajax/libs/moment-timezone/0.5.23/moment-timezone-with-data-2012-2022.min.js\"></script>","answerId":"68770908","answerUrl":"https://stackoverflow.com/a/68770908","voteCount":0,"isAccepted":false,"lastModified":"2021-08-13T10:50:43.000Z"},{"answerKeywords":["days","days","days","days","days","days","days","days","moment","moment","moment","days","moment","subtract","days"],"answerWordCount":1497,"text":"Date.Nextday(number)","parentType":"Date","name":"Nextday","arguments":[{"type":"number"}],"returnType":"any","usage":"date.Nextday(1)","definition":"var date = new Date(PropsDataSelected);","source":"var PropsDataSelected = '2021-08-01' // this will be the user data selected\n\nvar date = new Date(PropsDataSelected); // this will set the selected date\n\nDate.prototype.Nextday = function(days) { // this will add days to the selected data\n    var date = new Date(this.valueOf());\n    date.setDate(date.getDate() + days);\n    return date;\n}\nDate.prototype.PrevDay = function(days) { // this will remove days from data selected\n    var date = new Date(this.valueOf());\n    date.setDate(date.getDate() - days);\n    return date;\n}\nconsole.log('curr date: ', date); // this is the curr date selected\nconsole.log('next date: ', date.Nextday(1)); // this is the number of days you want to add\nconsole.log('prev date: ', date.PrevDay(1)); // this is the number of days you want to remove\ndocument.getElementById(\"dateDisplay\").innerHTML = moment().format('YYYY-MM-DD');\nvar nowPlusOneDay = moment().add('days', 1);\nvar nowPrevOneDay = moment().subtract('days', 1);\nvar nowPlusOneDayStr = nowPlusOneDay.format('YYYY-MM-DD');\nvar nowPlusPrevDayStr = nowPrevOneDay.format('YYYY-MM-DD');\n\nconsole.log('Next: '+nowPlusOneDayStr);\nconsole.log('Prev: '+ nowPlusPrevDayStr);\n<div id=\"dateDisplay\"></div>","answerId":"68757253","answerUrl":"https://stackoverflow.com/a/68757253","voteCount":0,"isAccepted":false,"lastModified":"2021-10-04T21:19:13.000Z"},{"answerKeywords":["days","days","days","days","days","days","days","days","moment","moment","moment","days","moment","subtract","days"],"answerWordCount":1497,"text":"Date.PrevDay(number)","parentType":"Date","name":"PrevDay","arguments":[{"type":"number"}],"returnType":"any","usage":"date.PrevDay(1)","definition":"var date = new Date(PropsDataSelected);","source":"var PropsDataSelected = '2021-08-01' // this will be the user data selected\n\nvar date = new Date(PropsDataSelected); // this will set the selected date\n\nDate.prototype.Nextday = function(days) { // this will add days to the selected data\n    var date = new Date(this.valueOf());\n    date.setDate(date.getDate() + days);\n    return date;\n}\nDate.prototype.PrevDay = function(days) { // this will remove days from data selected\n    var date = new Date(this.valueOf());\n    date.setDate(date.getDate() - days);\n    return date;\n}\nconsole.log('curr date: ', date); // this is the curr date selected\nconsole.log('next date: ', date.Nextday(1)); // this is the number of days you want to add\nconsole.log('prev date: ', date.PrevDay(1)); // this is the number of days you want to remove\ndocument.getElementById(\"dateDisplay\").innerHTML = moment().format('YYYY-MM-DD');\nvar nowPlusOneDay = moment().add('days', 1);\nvar nowPrevOneDay = moment().subtract('days', 1);\nvar nowPlusOneDayStr = nowPlusOneDay.format('YYYY-MM-DD');\nvar nowPlusPrevDayStr = nowPrevOneDay.format('YYYY-MM-DD');\n\nconsole.log('Next: '+nowPlusOneDayStr);\nconsole.log('Prev: '+ nowPlusPrevDayStr);\n<div id=\"dateDisplay\"></div>","answerId":"68757253","answerUrl":"https://stackoverflow.com/a/68757253","voteCount":0,"isAccepted":false,"lastModified":"2021-10-04T21:19:13.000Z"},{"answerKeywords":["days","days","days","days","days","days","days","days","moment","moment","moment","days","moment","subtract","days"],"answerWordCount":1497,"text":"Document.getElementById(string): HTMLElement","parentType":"Document","name":"getElementById","arguments":[{"name":"elementId:string","type":"string"}],"returnType":"HTMLElement","usage":"document.getElementById(\"dateDisplay\")","definition":"declare var document:Document;","source":"var PropsDataSelected = '2021-08-01' // this will be the user data selected\n\nvar date = new Date(PropsDataSelected); // this will set the selected date\n\nDate.prototype.Nextday = function(days) { // this will add days to the selected data\n    var date = new Date(this.valueOf());\n    date.setDate(date.getDate() + days);\n    return date;\n}\nDate.prototype.PrevDay = function(days) { // this will remove days from data selected\n    var date = new Date(this.valueOf());\n    date.setDate(date.getDate() - days);\n    return date;\n}\nconsole.log('curr date: ', date); // this is the curr date selected\nconsole.log('next date: ', date.Nextday(1)); // this is the number of days you want to add\nconsole.log('prev date: ', date.PrevDay(1)); // this is the number of days you want to remove\ndocument.getElementById(\"dateDisplay\").innerHTML = moment().format('YYYY-MM-DD');\nvar nowPlusOneDay = moment().add('days', 1);\nvar nowPrevOneDay = moment().subtract('days', 1);\nvar nowPlusOneDayStr = nowPlusOneDay.format('YYYY-MM-DD');\nvar nowPlusPrevDayStr = nowPrevOneDay.format('YYYY-MM-DD');\n\nconsole.log('Next: '+nowPlusOneDayStr);\nconsole.log('Prev: '+ nowPlusPrevDayStr);\n<div id=\"dateDisplay\"></div>","answerId":"68757253","answerUrl":"https://stackoverflow.com/a/68757253","voteCount":0,"isAccepted":false,"lastModified":"2021-10-04T21:19:13.000Z"},{"answerKeywords":["days","days","days","days","days","days","days","days","moment","moment","moment","days","moment","subtract","days"],"answerWordCount":1497,"text":"format(string)","parentType":"any","name":"format","arguments":[{"type":"string"}],"returnType":"any","usage":"moment().format('YYYY-MM-DD')","definition":"","source":"var PropsDataSelected = '2021-08-01' // this will be the user data selected\n\nvar date = new Date(PropsDataSelected); // this will set the selected date\n\nDate.prototype.Nextday = function(days) { // this will add days to the selected data\n    var date = new Date(this.valueOf());\n    date.setDate(date.getDate() + days);\n    return date;\n}\nDate.prototype.PrevDay = function(days) { // this will remove days from data selected\n    var date = new Date(this.valueOf());\n    date.setDate(date.getDate() - days);\n    return date;\n}\nconsole.log('curr date: ', date); // this is the curr date selected\nconsole.log('next date: ', date.Nextday(1)); // this is the number of days you want to add\nconsole.log('prev date: ', date.PrevDay(1)); // this is the number of days you want to remove\ndocument.getElementById(\"dateDisplay\").innerHTML = moment().format('YYYY-MM-DD');\nvar nowPlusOneDay = moment().add('days', 1);\nvar nowPrevOneDay = moment().subtract('days', 1);\nvar nowPlusOneDayStr = nowPlusOneDay.format('YYYY-MM-DD');\nvar nowPlusPrevDayStr = nowPrevOneDay.format('YYYY-MM-DD');\n\nconsole.log('Next: '+nowPlusOneDayStr);\nconsole.log('Prev: '+ nowPlusPrevDayStr);\n<div id=\"dateDisplay\"></div>","answerId":"68757253","answerUrl":"https://stackoverflow.com/a/68757253","voteCount":0,"isAccepted":false,"lastModified":"2021-10-04T21:19:13.000Z"},{"answerKeywords":["days","days","days","days","days","days","days","days","moment","moment","moment","days","moment","subtract","days"],"answerWordCount":1497,"text":"moment()","name":"moment","arguments":[],"returnType":"any","usage":"moment()","definition":"","source":"var PropsDataSelected = '2021-08-01' // this will be the user data selected\n\nvar date = new Date(PropsDataSelected); // this will set the selected date\n\nDate.prototype.Nextday = function(days) { // this will add days to the selected data\n    var date = new Date(this.valueOf());\n    date.setDate(date.getDate() + days);\n    return date;\n}\nDate.prototype.PrevDay = function(days) { // this will remove days from data selected\n    var date = new Date(this.valueOf());\n    date.setDate(date.getDate() - days);\n    return date;\n}\nconsole.log('curr date: ', date); // this is the curr date selected\nconsole.log('next date: ', date.Nextday(1)); // this is the number of days you want to add\nconsole.log('prev date: ', date.PrevDay(1)); // this is the number of days you want to remove\ndocument.getElementById(\"dateDisplay\").innerHTML = moment().format('YYYY-MM-DD');\nvar nowPlusOneDay = moment().add('days', 1);\nvar nowPrevOneDay = moment().subtract('days', 1);\nvar nowPlusOneDayStr = nowPlusOneDay.format('YYYY-MM-DD');\nvar nowPlusPrevDayStr = nowPrevOneDay.format('YYYY-MM-DD');\n\nconsole.log('Next: '+nowPlusOneDayStr);\nconsole.log('Prev: '+ nowPlusPrevDayStr);\n<div id=\"dateDisplay\"></div>","answerId":"68757253","answerUrl":"https://stackoverflow.com/a/68757253","voteCount":0,"isAccepted":false,"lastModified":"2021-10-04T21:19:13.000Z"},{"answerKeywords":["days","days","days","days","days","days","days","days","moment","moment","moment","days","moment","subtract","days"],"answerWordCount":1497,"text":"add(string, number)","parentType":"any","name":"add","arguments":[{"type":"string"},{"type":"number"}],"returnType":"any","usage":"var nowPlusOneDay = moment().add('days', 1);","definition":"","source":"var PropsDataSelected = '2021-08-01' // this will be the user data selected\n\nvar date = new Date(PropsDataSelected); // this will set the selected date\n\nDate.prototype.Nextday = function(days) { // this will add days to the selected data\n    var date = new Date(this.valueOf());\n    date.setDate(date.getDate() + days);\n    return date;\n}\nDate.prototype.PrevDay = function(days) { // this will remove days from data selected\n    var date = new Date(this.valueOf());\n    date.setDate(date.getDate() - days);\n    return date;\n}\nconsole.log('curr date: ', date); // this is the curr date selected\nconsole.log('next date: ', date.Nextday(1)); // this is the number of days you want to add\nconsole.log('prev date: ', date.PrevDay(1)); // this is the number of days you want to remove\ndocument.getElementById(\"dateDisplay\").innerHTML = moment().format('YYYY-MM-DD');\nvar nowPlusOneDay = moment().add('days', 1);\nvar nowPrevOneDay = moment().subtract('days', 1);\nvar nowPlusOneDayStr = nowPlusOneDay.format('YYYY-MM-DD');\nvar nowPlusPrevDayStr = nowPrevOneDay.format('YYYY-MM-DD');\n\nconsole.log('Next: '+nowPlusOneDayStr);\nconsole.log('Prev: '+ nowPlusPrevDayStr);\n<div id=\"dateDisplay\"></div>","answerId":"68757253","answerUrl":"https://stackoverflow.com/a/68757253","voteCount":0,"isAccepted":false,"lastModified":"2021-10-04T21:19:13.000Z"},{"answerKeywords":["days","days","days","days","days","days","days","days","moment","moment","moment","days","moment","subtract","days"],"answerWordCount":1497,"text":"moment()","name":"moment","arguments":[],"returnType":"any","usage":"moment()","definition":"","source":"var PropsDataSelected = '2021-08-01' // this will be the user data selected\n\nvar date = new Date(PropsDataSelected); // this will set the selected date\n\nDate.prototype.Nextday = function(days) { // this will add days to the selected data\n    var date = new Date(this.valueOf());\n    date.setDate(date.getDate() + days);\n    return date;\n}\nDate.prototype.PrevDay = function(days) { // this will remove days from data selected\n    var date = new Date(this.valueOf());\n    date.setDate(date.getDate() - days);\n    return date;\n}\nconsole.log('curr date: ', date); // this is the curr date selected\nconsole.log('next date: ', date.Nextday(1)); // this is the number of days you want to add\nconsole.log('prev date: ', date.PrevDay(1)); // this is the number of days you want to remove\ndocument.getElementById(\"dateDisplay\").innerHTML = moment().format('YYYY-MM-DD');\nvar nowPlusOneDay = moment().add('days', 1);\nvar nowPrevOneDay = moment().subtract('days', 1);\nvar nowPlusOneDayStr = nowPlusOneDay.format('YYYY-MM-DD');\nvar nowPlusPrevDayStr = nowPrevOneDay.format('YYYY-MM-DD');\n\nconsole.log('Next: '+nowPlusOneDayStr);\nconsole.log('Prev: '+ nowPlusPrevDayStr);\n<div id=\"dateDisplay\"></div>","answerId":"68757253","answerUrl":"https://stackoverflow.com/a/68757253","voteCount":0,"isAccepted":false,"lastModified":"2021-10-04T21:19:13.000Z"},{"answerKeywords":["days","days","days","days","days","days","days","days","moment","moment","moment","days","moment","subtract","days"],"answerWordCount":1497,"text":"subtract(string, number)","parentType":"any","name":"subtract","arguments":[{"type":"string"},{"type":"number"}],"returnType":"any","usage":"var nowPrevOneDay = moment().subtract('days', 1);","definition":"","source":"var PropsDataSelected = '2021-08-01' // this will be the user data selected\n\nvar date = new Date(PropsDataSelected); // this will set the selected date\n\nDate.prototype.Nextday = function(days) { // this will add days to the selected data\n    var date = new Date(this.valueOf());\n    date.setDate(date.getDate() + days);\n    return date;\n}\nDate.prototype.PrevDay = function(days) { // this will remove days from data selected\n    var date = new Date(this.valueOf());\n    date.setDate(date.getDate() - days);\n    return date;\n}\nconsole.log('curr date: ', date); // this is the curr date selected\nconsole.log('next date: ', date.Nextday(1)); // this is the number of days you want to add\nconsole.log('prev date: ', date.PrevDay(1)); // this is the number of days you want to remove\ndocument.getElementById(\"dateDisplay\").innerHTML = moment().format('YYYY-MM-DD');\nvar nowPlusOneDay = moment().add('days', 1);\nvar nowPrevOneDay = moment().subtract('days', 1);\nvar nowPlusOneDayStr = nowPlusOneDay.format('YYYY-MM-DD');\nvar nowPlusPrevDayStr = nowPrevOneDay.format('YYYY-MM-DD');\n\nconsole.log('Next: '+nowPlusOneDayStr);\nconsole.log('Prev: '+ nowPlusPrevDayStr);\n<div id=\"dateDisplay\"></div>","answerId":"68757253","answerUrl":"https://stackoverflow.com/a/68757253","voteCount":0,"isAccepted":false,"lastModified":"2021-10-04T21:19:13.000Z"},{"answerKeywords":["days","days","days","days","days","days","days","days","moment","moment","moment","days","moment","subtract","days"],"answerWordCount":1497,"text":"moment()","name":"moment","arguments":[],"returnType":"any","usage":"moment()","definition":"","source":"var PropsDataSelected = '2021-08-01' // this will be the user data selected\n\nvar date = new Date(PropsDataSelected); // this will set the selected date\n\nDate.prototype.Nextday = function(days) { // this will add days to the selected data\n    var date = new Date(this.valueOf());\n    date.setDate(date.getDate() + days);\n    return date;\n}\nDate.prototype.PrevDay = function(days) { // this will remove days from data selected\n    var date = new Date(this.valueOf());\n    date.setDate(date.getDate() - days);\n    return date;\n}\nconsole.log('curr date: ', date); // this is the curr date selected\nconsole.log('next date: ', date.Nextday(1)); // this is the number of days you want to add\nconsole.log('prev date: ', date.PrevDay(1)); // this is the number of days you want to remove\ndocument.getElementById(\"dateDisplay\").innerHTML = moment().format('YYYY-MM-DD');\nvar nowPlusOneDay = moment().add('days', 1);\nvar nowPrevOneDay = moment().subtract('days', 1);\nvar nowPlusOneDayStr = nowPlusOneDay.format('YYYY-MM-DD');\nvar nowPlusPrevDayStr = nowPrevOneDay.format('YYYY-MM-DD');\n\nconsole.log('Next: '+nowPlusOneDayStr);\nconsole.log('Prev: '+ nowPlusPrevDayStr);\n<div id=\"dateDisplay\"></div>","answerId":"68757253","answerUrl":"https://stackoverflow.com/a/68757253","voteCount":0,"isAccepted":false,"lastModified":"2021-10-04T21:19:13.000Z"},{"answerKeywords":["days","days","days","days","days","days","days","days","moment","moment","moment","days","moment","subtract","days"],"answerWordCount":1497,"text":"format(string)","parentType":"any","name":"format","arguments":[{"type":"string"}],"returnType":"any","usage":"var nowPlusOneDayStr = nowPlusOneDay.format('YYYY-MM-DD');","definition":"var nowPlusOneDay = moment().add('days', 1);","source":"var PropsDataSelected = '2021-08-01' // this will be the user data selected\n\nvar date = new Date(PropsDataSelected); // this will set the selected date\n\nDate.prototype.Nextday = function(days) { // this will add days to the selected data\n    var date = new Date(this.valueOf());\n    date.setDate(date.getDate() + days);\n    return date;\n}\nDate.prototype.PrevDay = function(days) { // this will remove days from data selected\n    var date = new Date(this.valueOf());\n    date.setDate(date.getDate() - days);\n    return date;\n}\nconsole.log('curr date: ', date); // this is the curr date selected\nconsole.log('next date: ', date.Nextday(1)); // this is the number of days you want to add\nconsole.log('prev date: ', date.PrevDay(1)); // this is the number of days you want to remove\ndocument.getElementById(\"dateDisplay\").innerHTML = moment().format('YYYY-MM-DD');\nvar nowPlusOneDay = moment().add('days', 1);\nvar nowPrevOneDay = moment().subtract('days', 1);\nvar nowPlusOneDayStr = nowPlusOneDay.format('YYYY-MM-DD');\nvar nowPlusPrevDayStr = nowPrevOneDay.format('YYYY-MM-DD');\n\nconsole.log('Next: '+nowPlusOneDayStr);\nconsole.log('Prev: '+ nowPlusPrevDayStr);\n<div id=\"dateDisplay\"></div>","answerId":"68757253","answerUrl":"https://stackoverflow.com/a/68757253","voteCount":0,"isAccepted":false,"lastModified":"2021-10-04T21:19:13.000Z"},{"answerKeywords":["days","days","days","days","days","days","days","days","moment","moment","moment","days","moment","subtract","days"],"answerWordCount":1497,"text":"format(string)","parentType":"any","name":"format","arguments":[{"type":"string"}],"returnType":"any","usage":"var nowPlusPrevDayStr = nowPrevOneDay.format('YYYY-MM-DD');","definition":"var nowPrevOneDay = moment().subtract('days', 1);","source":"var PropsDataSelected = '2021-08-01' // this will be the user data selected\n\nvar date = new Date(PropsDataSelected); // this will set the selected date\n\nDate.prototype.Nextday = function(days) { // this will add days to the selected data\n    var date = new Date(this.valueOf());\n    date.setDate(date.getDate() + days);\n    return date;\n}\nDate.prototype.PrevDay = function(days) { // this will remove days from data selected\n    var date = new Date(this.valueOf());\n    date.setDate(date.getDate() - days);\n    return date;\n}\nconsole.log('curr date: ', date); // this is the curr date selected\nconsole.log('next date: ', date.Nextday(1)); // this is the number of days you want to add\nconsole.log('prev date: ', date.PrevDay(1)); // this is the number of days you want to remove\ndocument.getElementById(\"dateDisplay\").innerHTML = moment().format('YYYY-MM-DD');\nvar nowPlusOneDay = moment().add('days', 1);\nvar nowPrevOneDay = moment().subtract('days', 1);\nvar nowPlusOneDayStr = nowPlusOneDay.format('YYYY-MM-DD');\nvar nowPlusPrevDayStr = nowPrevOneDay.format('YYYY-MM-DD');\n\nconsole.log('Next: '+nowPlusOneDayStr);\nconsole.log('Prev: '+ nowPlusPrevDayStr);\n<div id=\"dateDisplay\"></div>","answerId":"68757253","answerUrl":"https://stackoverflow.com/a/68757253","voteCount":0,"isAccepted":false,"lastModified":"2021-10-04T21:19:13.000Z"}],"areSignaturesLoading":false,"title":"How add and subtract days using Moment JS for the given ...","snippet":"Here's how, just add and subtract directly using your selectedDate. var selectedDate = moment(1628312400000); let next = \"Next Day :: \" + ...","url":"https://stackoverflow.com/questions/68756983/how-add-and-subtract-days-using-moment-js-for-the-given-timestamp-value","displayLink":"https://stackoverflow.com › questions › how-add-and-s...","snippetHighlightWords":["subtract","moment","Day"],"date":"4 answers"},{"signatures":[],"areSignaturesLoading":true,"title":"subtract days after the current date moment js - Stack Overflow","snippet":"I have a code bulog like this. works as I want. It cannot be selected 5 days before the current ...","url":"https://stackoverflow.com/questions/58626988/subtract-days-after-the-current-date-moment-js","displayLink":"https://stackoverflow.com › questions › subtract-days-af...","snippetHighlightWords":["days"],"date":"Oct 30, 2019"},{"signatures":[],"areSignaturesLoading":true,"title":"How to subtract days from a plain Date? - Stack Overflow","snippet":"You can use d.setDate(d.getDate() + days) with both positive and negative values for days to add and subtract days respectively. And it should work on ...","url":"https://stackoverflow.com/questions/1296358/how-to-subtract-days-from-a-plain-date","displayLink":"https://stackoverflow.com › questions › how-to-subtract...","snippetHighlightWords":["days","days","subtract days"]},{"signatures":[],"areSignaturesLoading":true,"title":"Subtracting 30 days from an ISODate using MomentJS","snippet":"cosnt deceasedDate = '2021-12-23T23:00:00.000Z'; const thirtyDaysAgo = moment(deceasedDate) .subtract(30, 'days') .startOf('day'); try { ...","url":"https://stackoverflow.com/questions/67533168/subtracting-30-days-from-an-isodate-using-momentjs","displayLink":"https://stackoverflow.com › questions › subtracting-30-...","snippetHighlightWords":["moment","subtract","days","day"],"date":"May 14, 2021"},{"signatures":[],"areSignaturesLoading":true,"title":"Subtract one day from a particular date using MomentJs","snippet":"Use moment substract method: .subtract(1, 'days');.","url":"https://stackoverflow.com/questions/54019837/subtract-one-day-from-a-particular-date-using-momentjs","displayLink":"https://stackoverflow.com › questions › subtract-one-da...","snippetHighlightWords":["moment","subtract","days"],"date":"Jan 3, 2019 1 answer"},{"signatures":[],"areSignaturesLoading":true,"title":"How to subtract one month using moment.js? - Stack Overflow","snippet":"Before version 2.8.0, the moment#subtract(String, Number) syntax was also supported. It has been deprecated in favor of moment#subtract(Number, String) ...","url":"https://stackoverflow.com/questions/41505492/how-to-subtract-one-month-using-moment-js","displayLink":"https://stackoverflow.com › questions › how-to-subtract...","snippetHighlightWords":["moment","subtract","moment","subtract"]},{"signatures":[],"areSignaturesLoading":true,"title":"moment.js - subtract 1 day from Sunday not working as expected","snippet":"var timeFormat = 'dddd h:mma'; var originalDate = moment(\"sunday 12:00:00pm\", timeFormat); var previousDay = moment(originalDate).subtract(1, ' ...","url":"https://stackoverflow.com/questions/51428671/moment-js-subtract-1-day-from-sunday-not-working-as-expected","displayLink":"https://stackoverflow.com › questions › moment-js-subt...","snippetHighlightWords":["moment","moment","subtract"],"date":"Jul 19, 2018"},{"signatures":[],"areSignaturesLoading":true,"title":"moment.js add/subtract days without affecting the original date","snippet":"moment.js add/subtract days without affecting the original date · try this moment().add(7, 'days'); .Also go through this. – Raviteja. Mar 4, 2016 at 5:37 · this ...","url":"https://stackoverflow.com/questions/35788718/moment-js-add-subtract-days-without-affecting-the-original-date","displayLink":"https://stackoverflow.com › questions › moment-js-add-...","snippetHighlightWords":["moment","js","subtract days","moment","days"]}],"events":[{"timestamp":"2022-11-13T21:46:16.789Z","url":"https://stackoverflow.com/questions/29651815/format-date-and-subtract-days-using-moment-js","component":"projection","action":"mouseenter"},{"timestamp":"2022-11-13T21:46:20.152Z","url":"https://stackoverflow.com/questions/29651815/format-date-and-subtract-days-using-moment-js","component":"page","action":"open"},{"timestamp":"2022-11-13T21:46:20.293Z","url":"https://stackoverflow.com/questions/29651815/format-date-and-subtract-days-using-moment-js","component":"projection","action":"mouseleave"},{"timestamp":"2022-11-13T21:46:23.881Z","url":"https://stackoverflow.com/questions/29651815/format-date-and-subtract-days-using-moment-js","component":"page","action":"close"},{"timestamp":"2022-11-13T21:46:24.320Z","url":"https://stackoverflow.com/questions/29651815/format-date-and-subtract-days-using-moment-js","component":"projection","action":"mouseenter"},{"timestamp":"2022-11-13T21:46:24.549Z","url":"https://stackoverflow.com/questions/29651815/format-date-and-subtract-days-using-moment-js","component":"projection","action":"loaded","data":"projection 1 of 10"},{"timestamp":"2022-11-13T21:46:24.704Z","url":"https://stackoverflow.com/questions/29651815/format-date-and-subtract-days-using-moment-js","component":"projection","action":"mouseenter"},{"timestamp":"2022-11-13T21:46:24.713Z","url":"","component":"projection","action":"mouseenter","data":"subtract(number, string)"},{"timestamp":"2022-11-13T21:46:25.664Z","url":"https://stackoverflow.com/questions/29651815/format-date-and-subtract-days-using-moment-js","component":"projection","action":"expand","data":"subtract(number, string)"},{"timestamp":"2022-11-13T21:46:26.337Z","url":"https://stackoverflow.com/questions/29651815/format-date-and-subtract-days-using-moment-js","component":"projection","action":"tab","data":{"name":"usage","height":108,"width":233,"wc":5,"lc":2,"sig":"subtract(number, string)"}},{"timestamp":"2022-11-13T21:46:26.341Z","url":"https://stackoverflow.com/questions/29651815/format-date-and-subtract-days-using-moment-js","component":"projection","action":"tab","data":{"name":"usage","height":66,"width":233,"wc":2,"lc":1,"sig":"subtract(number, string)"}},{"timestamp":"2022-11-13T21:46:26.376Z","url":"https://stackoverflow.com/questions/29651815/format-date-and-subtract-days-using-moment-js","component":"projection","action":"tab","data":{"name":"usage","height":66,"width":233,"wc":2,"lc":1,"sig":"subtract(number, string)"}},{"timestamp":"2022-11-13T21:46:26.384Z","url":"https://stackoverflow.com/questions/29651815/format-date-and-subtract-days-using-moment-js","component":"projection","action":"tab","data":{"name":"usage","height":66,"width":233,"wc":2,"lc":1,"sig":"subtract(number, string)"}},{"timestamp":"2022-11-13T21:46:26.389Z","url":"https://stackoverflow.com/questions/29651815/format-date-and-subtract-days-using-moment-js","component":"projection","action":"tab","data":{"name":"usage","height":66,"width":233,"wc":2,"lc":1,"sig":"subtract(number, string)"}},{"timestamp":"2022-11-13T21:46:29.380Z","url":"https://stackoverflow.com/questions/29651815/format-date-and-subtract-days-using-moment-js","component":"projection","action":"selection","data":{"sig":"subtract(number, string)","selection":"startdate.subtract(1, \"days\")"}},{"timestamp":"2022-11-13T21:46:29.445Z","url":"","component":"projection","action":"mouseleave","data":"subtract(number, string)"},{"timestamp":"2022-11-13T21:46:29.452Z","url":"https://stackoverflow.com/questions/29651815/format-date-and-subtract-days-using-moment-js","component":"projection","action":"mouseleave"},{"timestamp":"2022-11-13T21:46:29.658Z","url":"https://stackoverflow.com/questions/29651815/format-date-and-subtract-days-using-moment-js","component":"projection","action":"copy","data":{"sig":"subtract(number, string)","selection":"startdate.subtract(1, \"days\")"}},{"timestamp":"2022-11-13T21:46:30.872Z","url":"https://stackoverflow.com/questions/25888182/moment-js-how-to-subtract-7-days-from-current-date","component":"projection","action":"loaded","data":"projection 11 of 10"},{"timestamp":"2022-11-13T21:46:35.028Z","url":"https://stackoverflow.com/questions/68756983/how-add-and-subtract-days-using-moment-js-for-the-given-timestamp-value","component":"projection","action":"loaded","data":"projection 12 of 10"}]}]}