{"id":"20964_4","conditions":[{"taskId":4,"taskName":"sort","enableFragments":false,"enableContext":true,"showContext":false,"provideSearchTerms":true,"sequence":3},{"taskId":3,"taskName":"clone","enableFragments":false,"enableContext":true,"showContext":false,"provideSearchTerms":true,"sequence":4},{"taskId":2,"taskName":"find","enableFragments":true,"enableContext":true,"showContext":true,"provideSearchTerms":true,"sequence":5},{"taskId":1,"taskName":"currency","enableFragments":true,"enableContext":true,"showContext":true,"provideSearchTerms":true,"sequence":6},{"taskId":5,"taskName":"recent","enableFragments":true,"enableContext":true,"showContext":true,"provideSearchTerms":false,"sequence":7},{"taskId":6,"taskName":"serve","enableFragments":false,"enableContext":false,"showContext":false,"provideSearchTerms":false,"sequence":8}],"activeTaskId":"serve","tasks":[{"id":"pre-study"},{"enableFragments":true,"enableContext":true,"showContext":true,"provideSearchTerms":true,"contextOverride":[{"source":"src/tutorial.js","name":"sumTradedShares","position":{"start":397,"end":545},"variables":[],"parameters":[{"source":"src/tutorial.js","name":"trades","position":{"start":429,"end":435},"type":{"name":"Trade[]"}}],"returnType":"number"}],"id":"tutorial","startTime":"2022-11-13T21:37:09.967Z","duration":53646,"timer":{"startTime":"2022-11-13T21:37:12.525Z","endTime":"2022-11-13T21:38:05.518Z"},"endTime":"2022-11-13T21:38:05.518Z"},{"enableFragments":true,"enableContext":true,"showContext":true,"contextOverride":[{"source":"src/currency.js","name":"printCurrency","position":{"start":593,"end":782},"variables":[],"parameters":[{"source":"src/currency.js","name":"amount","position":{"start":623,"end":629},"type":{"name":"number"}},{"source":"src/currency.js","name":"locale","position":{"start":631,"end":637},"type":{"name":"string"}},{"source":"src/currency.js","name":"currency","position":{"start":639,"end":647},"type":{"name":"string"}}],"returnType":"string"}],"provideSearchTerms":true,"searchTerms":"format currency","id":"currency","startTime":"2022-11-13T21:44:09.435Z","timer":{"startTime":"2022-11-13T21:44:09.435Z","endTime":"2022-11-13T21:45:05.884Z"},"duration":55070,"data":{"Q1":"4","Q2":"I used the original view from SO so I could understand the topic more","Q3":"","Q4":""},"endTime":"2022-11-13T21:45:45.614Z"},{"enableFragments":true,"enableContext":true,"showContext":true,"contextOverride":[{"source":"src/find.js","name":"getTradeById","position":{"start":286,"end":506},"variables":[],"parameters":[{"source":"src/find.js","name":"trades","position":{"start":315,"end":321},"type":{"name":"Trade[]"}},{"source":"src/find.js","name":"id","position":{"start":323,"end":325},"type":{"name":"number"}}],"returnType":"Trade"}],"provideSearchTerms":true,"searchTerms":"find item in array by value","id":"find","startTime":"2022-11-13T21:42:41.762Z","timer":{"startTime":"2022-11-13T21:42:41.763Z","endTime":"2022-11-13T21:43:32.730Z"},"duration":49072,"data":{"Q1":"4","Q2":"The code tab was easy to use I quicly found the answer.","Q3":"","Q4":""},"endTime":"2022-11-13T21:43:59.667Z"},{"enableFragments":false,"enableContext":true,"showContext":false,"contextOverride":[{"source":"src/clone.js","name":"cloneTradeLedger","position":{"start":239,"end":406},"variables":[],"parameters":[{"source":"src/clone.js","name":"trades","position":{"start":272,"end":278},"type":{"name":"Trade[]"}}],"returnType":"Trade[]"}],"provideSearchTerms":true,"searchTerms":"clone array","id":"clone","startTime":"2022-11-13T21:41:17.262Z","timer":{"startTime":"2022-11-13T21:41:17.263Z","endTime":"2022-11-13T21:41:46.205Z"},"duration":27009,"data":{"Q1":"4","Q2":"It didn't show me the quick usages. No signatures available: using Google results. ","Q3":"","Q4":""},"endTime":"2022-11-13T21:42:31.683Z"},{"enableFragments":false,"enableContext":true,"showContext":false,"contextOverride":[{"source":"src/sort.js","name":"sortTradesByShareCount","position":{"start":285,"end":524},"variables":[],"parameters":[{"source":"src/sort.js","name":"trades","position":{"start":324,"end":330},"type":{"name":"Trade[]"}}],"returnType":"Trade[]"}],"provideSearchTerms":true,"searchTerms":"sort array of objects descending","id":"sort","startTime":"2022-11-13T21:38:13.514Z","timer":{"startTime":"2022-11-13T21:38:13.514Z","endTime":"2022-11-13T21:40:08.309Z"},"duration":113078,"data":{"Q1":"4","Q2":"It was quite easy to use. I like the speed of searching in stack overflow in it.","Q3":"","Q4":""},"endTime":"2022-11-13T21:41:07.359Z"},{"enableFragments":true,"enableContext":true,"showContext":true,"contextOverride":[{"source":"src/recent.js","name":"moment","position":{"start":7,"end":13},"module":{"name":"moment","position":{"start":19,"end":27}},"references":[{"start":485,"end":491},{"start":753,"end":759},{"start":836,"end":842}]},{"source":"src/recent.js","name":"moment","position":{"start":485,"end":503},"variables":[],"arguments":[{"source":"src/recent.js","name":"","type":"Date","value":"new Date()","position":{"start":492,"end":502}}],"returnType":"any"},{"source":"src/recent.js","name":"moment","position":{"start":753,"end":768},"variables":[],"arguments":[{"source":"src/recent.js","name":"","type":"any","value":"endDate","position":{"start":760,"end":767}}],"returnType":"any"},{"source":"src/recent.js","name":"moment","position":{"start":836,"end":854},"variables":[],"arguments":[{"source":"src/recent.js","name":"","type":"any","value":"trade.date","position":{"start":843,"end":853}}],"returnType":"any"},{"source":"src/recent.js","name":"getPastTradesFrom","position":{"start":400,"end":938},"variables":[{"source":"src/recent.js","name":"endDate","position":{"start":475,"end":503},"type":{"name":"any"}},{"source":"src/recent.js","name":"startDate","position":{"start":741,"end":768},"type":{"name":"any"}}],"parameters":[{"source":"src/recent.js","name":"trades","position":{"start":434,"end":440},"type":{"name":"Trade[]"}},{"source":"src/recent.js","name":"from","position":{"start":442,"end":446},"type":{"name":"number"}},{"source":"src/recent.js","name":"unit","position":{"start":448,"end":461},"type":{"name":"string"}}],"returnType":"Trade[]"}],"provideSearchTerms":false,"searchTerms":"","id":"recent","startTime":"2022-11-13T21:45:55.622Z","timer":{"startTime":"2022-11-13T21:45:55.622Z","endTime":"2022-11-13T21:47:03.528Z"},"duration":66124,"data":{"Q1":"4","Q2":"Quite easy to find the solution in usage tab.","Q3":"","Q4":""},"endTime":"2022-11-13T21:47:23.224Z"},{"enableFragments":false,"enableContext":false,"showContext":false,"contextOverride":[],"provideSearchTerms":false,"searchTerms":"","id":"serve","startTime":"2022-11-13T21:47:32.979Z","timer":{"startTime":"2022-11-13T21:47:32.979Z","endTime":"2022-11-13T21:49:00.962Z"},"duration":86036,"data":{"Q1":"3","Q2":"The window was too narrow to efficiently read the code and understand it.","Q3":"","Q4":""},"endTime":"2022-11-13T21:49:43.459Z"},{"id":"post-study"}],"activations":["2022-11-13T21:36:53.840Z"]}