{"trialId":"20014_1","taskId":"clone","appEvents":[{"timestamp":"2022-11-21T20:41:58.655Z","name":"search","data":"search-start"},{"timestamp":"2022-11-21T20:41:59.880Z","name":"search","data":"search-done"},{"timestamp":"2022-11-21T20:42:16.952Z","name":"resize","data":{"height":912,"width":606}},{"timestamp":"2022-11-21T20:43:50.856Z","name":"resize","data":{"height":912,"width":364}},{"timestamp":"2022-11-21T20:43:54.542Z","name":"resize","data":{"height":0,"width":0}},{"timestamp":"2022-11-21T20:44:24.560Z","name":"resize","data":{"height":912,"width":364}}],"searches":[{"keywords":["clone","array"],"context":{"tokens":[{"kind":"language","value":"javascript"}]},"timestamp":"2022-11-21T20:41:58.654Z","results":[{"signatures":[],"areSignaturesLoading":true,"title":"Fastest way to duplicate an array in JavaScript - slice vs. 'for ...","url":"https://stackoverflow.com/questions/3978492/fastest-way-to-duplicate-an-array-in-javascript-slice-vs-for-loop","displayLink":"https://stackoverflow.com › questions › fastest-way-to-d...","snippet":"There are at least 6 (!) ways to clone an array: loop; slice; Array.from(); concat; spread operator (FASTEST); map A.map(function(e){return ...","snippetHighlightWords":["clone","array","Array"],"extensions":["Oct 20, 2010","25 answers"]},{"signatures":[],"areSignaturesLoading":true,"title":"How to clone a Javascript Array of Objects? - Stack Overflow","url":"https://stackoverflow.com/questions/42523881/how-to-clone-a-javascript-array-of-objects","displayLink":"https://stackoverflow.com › questions › how-to-clone-a...","date":"Mar 1, 2017","snippet":"How to clone a Javascript Array of Objects? · use slice(0) . Example: clonedArray = originalArray.slice(0) it will create a new array. – Gerardo.","snippetHighlightWords":["clone","Javascript Array","clonedArray","originalArray","array"]},{"signatures":[],"areSignaturesLoading":true,"title":"How to clone an array and push new value in a chain?","url":"https://stackoverflow.com/questions/57222470/how-to-clone-an-array-and-push-new-value-in-a-chain","displayLink":"https://stackoverflow.com › questions › how-to-clone-a...","snippet":"If you absolutely want to enforce the chaining, you can create your own function on the array prototype. (You should understand its ...","snippetHighlightWords":["array"],"extensions":["Jul 26, 2019","3 answers"]},{"signatures":[],"areSignaturesLoading":true,"title":"Make clone of array (not copy of reference) and modify the ...","url":"https://stackoverflow.com/questions/62861485/make-clone-of-array-not-copy-of-reference-and-modify-the-new-array","displayLink":"https://stackoverflow.com › questions › make-clone-of-...","date":"Jul 12, 2020","snippet":"in javascript, clonedArray=originalArray just creates a reference == the same array. you can overcome this/\"clone\" a simple array by:","snippetHighlightWords":["javascript","clonedArray","originalArray","array","clone","array"]},{"signatures":[],"areSignaturesLoading":true,"title":"Splice method used on a copy of an array of objects","url":"https://stackoverflow.com/questions/67176299/splice-method-used-on-a-copy-of-an-array-of-objects","displayLink":"https://stackoverflow.com › questions › splice-method-...","date":"Apr 20, 2021","snippet":"Only the cloned array is modified. The spread operator shouldn't make a shallow copy of the initial array, and force me to deep clone all ...","snippetHighlightWords":["cloned array","array","clone"]},{"signatures":[],"areSignaturesLoading":true,"title":"Cloning an array in Javascript/Typescript - Stack Overflow","url":"https://stackoverflow.com/questions/44808882/cloning-an-array-in-javascript-typescript","displayLink":"https://stackoverflow.com › questions › cloning-an-arra...","date":"15 answers","snippet":"Clone an object: const myClonedObject = Object.assign({}, myObject);. Clone an Array: Option 1 if you have an array of primitive types:.","snippetHighlightWords":["Clone","Clone","Array","array"]},{"signatures":[],"areSignaturesLoading":true,"title":"JavaScript deep copy an array containing nested objects ...","url":"https://stackoverflow.com/questions/53273218/javascript-deep-copy-an-array-containing-nested-objects-arrays-functions","displayLink":"https://stackoverflow.com › questions › javascript-deep-...","snippet":"Edit- You can use the solution below or just import Lodash and use this https://lodash.com/docs/#cloneDeep. I'm answering my own question ...","snippetHighlightWords":["cloneDeep"],"extensions":["Nov 13, 2018","3 answers"]},{"signatures":[],"areSignaturesLoading":true,"title":"Why my code to clone an array doesn't work JavaScript","url":"https://stackoverflow.com/questions/68764568/why-my-code-to-clone-an-array-doesnt-work-javascript","displayLink":"https://stackoverflow.com › questions › why-my-code-t...","snippet":"When you start, each row of the array is empty. So initialise it to an empty row of array: for (let x = 0; x < arr.length; ...","snippetHighlightWords":["array","array"],"extensions":["Aug 12, 2021","3 answers"]},{"signatures":[],"areSignaturesLoading":true,"title":"How do you clone an array of objects in JavaScript?","url":"https://stackoverflow.com/questions/597588/how-do-you-clone-an-array-of-objects-in-javascript","displayLink":"https://stackoverflow.com › questions › how-do-you-cl...","snippet":"Creating a deep copy with structuredClone. The modern way to deep copy an array in JavaScript is to use structuredClone:","snippetHighlightWords":["structuredClone","array","JavaScript","structuredClone"],"extensions":["Feb 28, 2009","38 answers"]},{"signatures":[],"areSignaturesLoading":true,"title":"javascript - how to clone Array without reference [duplicate]","url":"https://stackoverflow.com/questions/48219487/javascript-how-to-clone-array-without-reference","displayLink":"https://stackoverflow.com › questions › javascript-how-...","snippet":"By using this method we can create a copy of an array. Please check the below example. Credits to this SO Answer. let original = [ [1, 2], ...","snippetHighlightWords":["array"],"extensions":["Jan 12, 2018","1 answer"]}],"events":[{"timestamp":"2022-11-21T20:41:58.721Z","url":"https://stackoverflow.com/questions/3978492/fastest-way-to-duplicate-an-array-in-javascript-slice-vs-for-loop","component":"projection","action":"load","data":{"height":82,"width":253.890625,"wc":21,"lc":1}},{"timestamp":"2022-11-21T20:41:58.721Z","url":"https://stackoverflow.com/questions/42523881/how-to-clone-a-javascript-array-of-objects","component":"projection","action":"load","data":{"height":82,"width":269.65625,"wc":24,"lc":1}},{"timestamp":"2022-11-21T20:41:58.722Z","url":"https://stackoverflow.com/questions/57222470/how-to-clone-an-array-and-push-new-value-in-a-chain","component":"projection","action":"load","data":{"height":82,"width":269.59375,"wc":23,"lc":1}},{"timestamp":"2022-11-21T20:41:58.722Z","url":"https://stackoverflow.com/questions/62861485/make-clone-of-array-not-copy-of-reference-and-modify-the-new-array","component":"projection","action":"load","data":{"height":82,"width":261.40625,"wc":19,"lc":1}},{"timestamp":"2022-11-21T20:41:58.722Z","url":"https://stackoverflow.com/questions/67176299/splice-method-used-on-a-copy-of-an-array-of-objects","component":"projection","action":"load","data":{"height":82,"width":270.5,"wc":26,"lc":1}},{"timestamp":"2022-11-21T20:41:58.722Z","url":"https://stackoverflow.com/questions/44808882/cloning-an-array-in-javascript-typescript","component":"projection","action":"load","data":{"height":82,"width":249.8125,"wc":21,"lc":1}},{"timestamp":"2022-11-21T20:41:58.722Z","url":"https://stackoverflow.com/questions/53273218/javascript-deep-copy-an-array-containing-nested-objects-arrays-functions","component":"projection","action":"load","data":{"height":82,"width":271.359375,"wc":21,"lc":1}},{"timestamp":"2022-11-21T20:41:58.722Z","url":"https://stackoverflow.com/questions/68764568/why-my-code-to-clone-an-array-doesnt-work-javascript","component":"projection","action":"load","data":{"height":60,"width":253.828125,"wc":28,"lc":1}},{"timestamp":"2022-11-21T20:41:58.722Z","url":"https://stackoverflow.com/questions/597588/how-do-you-clone-an-array-of-objects-in-javascript","component":"projection","action":"load","data":{"height":82,"width":271.96875,"wc":20,"lc":1}},{"timestamp":"2022-11-21T20:41:58.722Z","url":"https://stackoverflow.com/questions/48219487/javascript-how-to-clone-array-without-reference","component":"projection","action":"load","data":{"height":82,"width":270.25,"wc":29,"lc":1}},{"timestamp":"2022-11-21T20:41:59.880Z","url":"https://stackoverflow.com/questions/3978492/fastest-way-to-duplicate-an-array-in-javascript-slice-vs-for-loop","component":"projection","action":"loaded","data":"projection 10 of 10"},{"timestamp":"2022-11-21T20:41:59.880Z","url":"https://stackoverflow.com/questions/42523881/how-to-clone-a-javascript-array-of-objects","component":"projection","action":"loaded","data":"projection 9 of 10"},{"timestamp":"2022-11-21T20:41:59.880Z","url":"https://stackoverflow.com/questions/57222470/how-to-clone-an-array-and-push-new-value-in-a-chain","component":"projection","action":"loaded","data":"projection 8 of 10"},{"timestamp":"2022-11-21T20:41:59.880Z","url":"https://stackoverflow.com/questions/62861485/make-clone-of-array-not-copy-of-reference-and-modify-the-new-array","component":"projection","action":"loaded","data":"projection 7 of 10"},{"timestamp":"2022-11-21T20:41:59.880Z","url":"https://stackoverflow.com/questions/67176299/splice-method-used-on-a-copy-of-an-array-of-objects","component":"projection","action":"loaded","data":"projection 6 of 10"},{"timestamp":"2022-11-21T20:41:59.880Z","url":"https://stackoverflow.com/questions/44808882/cloning-an-array-in-javascript-typescript","component":"projection","action":"loaded","data":"projection 5 of 10"},{"timestamp":"2022-11-21T20:41:59.880Z","url":"https://stackoverflow.com/questions/53273218/javascript-deep-copy-an-array-containing-nested-objects-arrays-functions","component":"projection","action":"loaded","data":"projection 4 of 10"},{"timestamp":"2022-11-21T20:41:59.880Z","url":"https://stackoverflow.com/questions/68764568/why-my-code-to-clone-an-array-doesnt-work-javascript","component":"projection","action":"loaded","data":"projection 3 of 10"},{"timestamp":"2022-11-21T20:41:59.880Z","url":"https://stackoverflow.com/questions/597588/how-do-you-clone-an-array-of-objects-in-javascript","component":"projection","action":"loaded","data":"projection 2 of 10"},{"timestamp":"2022-11-21T20:41:59.880Z","url":"https://stackoverflow.com/questions/48219487/javascript-how-to-clone-array-without-reference","component":"projection","action":"loaded","data":"projection 1 of 10"},{"timestamp":"2022-11-21T20:42:03.283Z","url":"https://stackoverflow.com/questions/3978492/fastest-way-to-duplicate-an-array-in-javascript-slice-vs-for-loop","component":"projection","action":"mouseenter"},{"timestamp":"2022-11-21T20:42:10.232Z","url":"https://stackoverflow.com/questions/3978492/fastest-way-to-duplicate-an-array-in-javascript-slice-vs-for-loop","component":"projection","action":"mouseleave"},{"timestamp":"2022-11-21T20:42:10.233Z","url":"https://stackoverflow.com/questions/42523881/how-to-clone-a-javascript-array-of-objects","component":"projection","action":"mouseenter"},{"timestamp":"2022-11-21T20:42:10.918Z","url":"https://stackoverflow.com/questions/42523881/how-to-clone-a-javascript-array-of-objects","component":"projection","action":"mouseleave"},{"timestamp":"2022-11-21T20:42:10.919Z","url":"https://stackoverflow.com/questions/3978492/fastest-way-to-duplicate-an-array-in-javascript-slice-vs-for-loop","component":"projection","action":"mouseenter"},{"timestamp":"2022-11-21T20:42:13.035Z","url":"https://stackoverflow.com/questions/3978492/fastest-way-to-duplicate-an-array-in-javascript-slice-vs-for-loop","component":"page","action":"open"},{"timestamp":"2022-11-21T20:42:13.082Z","url":"https://stackoverflow.com/questions/3978492/fastest-way-to-duplicate-an-array-in-javascript-slice-vs-for-loop","component":"projection","action":"mouseleave"},{"timestamp":"2022-11-21T20:42:14.637Z","url":"https://stackoverflow.com/questions/3978492/fastest-way-to-duplicate-an-array-in-javascript-slice-vs-for-loop","component":"page","action":"load"},{"timestamp":"2022-11-21T20:42:23.681Z","url":"https://stackoverflow.com/questions/3978492/fastest-way-to-duplicate-an-array-in-javascript-slice-vs-for-loop","component":"page","action":"scroll","data":{"viewport":{"x":0,"y":800,"height":852,"width":602},"document":{"height":22273,"width":585},"question":{"identifier":"3978492","top":-658.96875,"bottom":168.03125,"right":569,"left":16,"width":553,"height":827},"answers":[{"identifier":"20547803","top":248.3125,"bottom":1823.1875,"right":569,"left":16,"width":553,"height":1574.875},{"identifier":"21514254","top":1823.1875,"bottom":2568,"right":569,"left":16,"width":553,"height":744.8125},{"identifier":"31251089","top":2568,"bottom":3255.9375,"right":569,"left":16,"width":553,"height":687.9375},{"identifier":"23481165","top":3255.9375,"bottom":3943.9375,"right":569,"left":16,"width":553,"height":688},{"identifier":"52929821","top":3943.9375,"bottom":5296.828125,"right":569,"left":16,"width":553,"height":1352.890625},{"identifier":"39873377","top":5296.828125,"bottom":5816.328125,"right":569,"left":16,"width":553,"height":519.5},{"identifier":"3978716","top":5816.328125,"bottom":6240.015625,"right":569,"left":16,"width":553,"height":423.6875},{"identifier":"37503916","top":6240.015625,"bottom":6914.328125,"right":569,"left":16,"width":553,"height":674.3125},{"identifier":"66174157","top":6914.328125,"bottom":7694.515625,"right":569,"left":16,"width":553,"height":780.1875},{"identifier":"3978577","top":7694.515625,"bottom":8620.515625,"right":569,"left":16,"width":553,"height":926},{"identifier":"47843872","top":8620.515625,"bottom":9436.125,"right":569,"left":16,"width":553,"height":815.609375},{"identifier":"32253674","top":9436.125,"bottom":10169.375,"right":569,"left":16,"width":553,"height":733.25},{"identifier":"57709573","top":10169.375,"bottom":11778.125,"right":569,"left":16,"width":553,"height":1608.75},{"identifier":"3978606","top":11778.125,"bottom":13035.828125,"right":569,"left":16,"width":553,"height":1257.703125},{"identifier":"23342513","top":13035.828125,"bottom":13622.390625,"right":569,"left":16,"width":553,"height":586.5625},{"identifier":"34924599","top":13622.390625,"bottom":14096.203125,"right":569,"left":16,"width":553,"height":473.8125},{"identifier":"33774224","top":14096.203125,"bottom":15252.828125,"right":569,"left":16,"width":553,"height":1156.625},{"identifier":"61818827","top":15252.828125,"bottom":15704.890625,"right":569,"left":16,"width":553,"height":452.0625},{"identifier":"68053929","top":15704.890625,"bottom":16550.890625,"right":569,"left":16,"width":553,"height":846},{"identifier":"45703365","top":16550.890625,"bottom":16858.640625,"right":569,"left":16,"width":553,"height":307.75},{"identifier":"56498992","top":16858.640625,"bottom":17785.328125,"right":569,"left":16,"width":553,"height":926.6875},{"identifier":"59485360","top":17785.328125,"bottom":18163.390625,"right":569,"left":16,"width":553,"height":378.0625},{"identifier":"60686878","top":18163.390625,"bottom":18505.953125,"right":569,"left":16,"width":553,"height":342.5625},{"identifier":"63587384","top":18505.953125,"bottom":19040.703125,"right":569,"left":16,"width":553,"height":534.75},{"identifier":"72240810","top":19040.703125,"bottom":19436.265625,"right":569,"left":16,"width":553,"height":395.5625}]}},{"timestamp":"2022-11-21T20:42:28.542Z","url":"https://stackoverflow.com/questions/3978492/fastest-way-to-duplicate-an-array-in-javascript-slice-vs-for-loop","component":"page","action":"scroll","data":{"viewport":{"x":0,"y":900,"height":852,"width":602},"document":{"height":22273,"width":585},"question":{"identifier":"3978492","top":-758.96875,"bottom":68.03125,"right":569,"left":16,"width":553,"height":827},"answers":[{"identifier":"20547803","top":148.3125,"bottom":1723.1875,"right":569,"left":16,"width":553,"height":1574.875},{"identifier":"21514254","top":1723.1875,"bottom":2468,"right":569,"left":16,"width":553,"height":744.8125},{"identifier":"31251089","top":2468,"bottom":3155.9375,"right":569,"left":16,"width":553,"height":687.9375},{"identifier":"23481165","top":3155.9375,"bottom":3843.9375,"right":569,"left":16,"width":553,"height":688},{"identifier":"52929821","top":3843.9375,"bottom":5196.828125,"right":569,"left":16,"width":553,"height":1352.890625},{"identifier":"39873377","top":5196.828125,"bottom":5716.328125,"right":569,"left":16,"width":553,"height":519.5},{"identifier":"3978716","top":5716.328125,"bottom":6140.015625,"right":569,"left":16,"width":553,"height":423.6875},{"identifier":"37503916","top":6140.015625,"bottom":6814.328125,"right":569,"left":16,"width":553,"height":674.3125},{"identifier":"66174157","top":6814.328125,"bottom":7594.515625,"right":569,"left":16,"width":553,"height":780.1875},{"identifier":"3978577","top":7594.515625,"bottom":8520.515625,"right":569,"left":16,"width":553,"height":926},{"identifier":"47843872","top":8520.515625,"bottom":9336.125,"right":569,"left":16,"width":553,"height":815.609375},{"identifier":"32253674","top":9336.125,"bottom":10069.375,"right":569,"left":16,"width":553,"height":733.25},{"identifier":"57709573","top":10069.375,"bottom":11678.125,"right":569,"left":16,"width":553,"height":1608.75},{"identifier":"3978606","top":11678.125,"bottom":12935.828125,"right":569,"left":16,"width":553,"height":1257.703125},{"identifier":"23342513","top":12935.828125,"bottom":13522.390625,"right":569,"left":16,"width":553,"height":586.5625},{"identifier":"34924599","top":13522.390625,"bottom":13996.203125,"right":569,"left":16,"width":553,"height":473.8125},{"identifier":"33774224","top":13996.203125,"bottom":15152.828125,"right":569,"left":16,"width":553,"height":1156.625},{"identifier":"61818827","top":15152.828125,"bottom":15604.890625,"right":569,"left":16,"width":553,"height":452.0625},{"identifier":"68053929","top":15604.890625,"bottom":16450.890625,"right":569,"left":16,"width":553,"height":846},{"identifier":"45703365","top":16450.890625,"bottom":16758.640625,"right":569,"left":16,"width":553,"height":307.75},{"identifier":"56498992","top":16758.640625,"bottom":17685.328125,"right":569,"left":16,"width":553,"height":926.6875},{"identifier":"59485360","top":17685.328125,"bottom":18063.390625,"right":569,"left":16,"width":553,"height":378.0625},{"identifier":"60686878","top":18063.390625,"bottom":18405.953125,"right":569,"left":16,"width":553,"height":342.5625},{"identifier":"63587384","top":18405.953125,"bottom":18940.703125,"right":569,"left":16,"width":553,"height":534.75},{"identifier":"72240810","top":18940.703125,"bottom":19336.265625,"right":569,"left":16,"width":553,"height":395.5625}]}},{"timestamp":"2022-11-21T20:42:34.631Z","url":"https://stackoverflow.com/questions/3978492/fastest-way-to-duplicate-an-array-in-javascript-slice-vs-for-loop","component":"page","action":"scroll","data":{"viewport":{"x":0,"y":1100,"height":852,"width":602},"document":{"height":22273,"width":585},"question":{"identifier":"3978492","top":-958.96875,"bottom":-131.96875,"right":569,"left":16,"width":553,"height":827},"answers":[{"identifier":"20547803","top":-51.6875,"bottom":1523.1875,"right":569,"left":16,"width":553,"height":1574.875},{"identifier":"21514254","top":1523.1875,"bottom":2268,"right":569,"left":16,"width":553,"height":744.8125},{"identifier":"31251089","top":2268,"bottom":2955.9375,"right":569,"left":16,"width":553,"height":687.9375},{"identifier":"23481165","top":2955.9375,"bottom":3643.9375,"right":569,"left":16,"width":553,"height":688},{"identifier":"52929821","top":3643.9375,"bottom":4996.828125,"right":569,"left":16,"width":553,"height":1352.890625},{"identifier":"39873377","top":4996.828125,"bottom":5516.328125,"right":569,"left":16,"width":553,"height":519.5},{"identifier":"3978716","top":5516.328125,"bottom":5940.015625,"right":569,"left":16,"width":553,"height":423.6875},{"identifier":"37503916","top":5940.015625,"bottom":6614.328125,"right":569,"left":16,"width":553,"height":674.3125},{"identifier":"66174157","top":6614.328125,"bottom":7394.515625,"right":569,"left":16,"width":553,"height":780.1875},{"identifier":"3978577","top":7394.515625,"bottom":8320.515625,"right":569,"left":16,"width":553,"height":926},{"identifier":"47843872","top":8320.515625,"bottom":9136.125,"right":569,"left":16,"width":553,"height":815.609375},{"identifier":"32253674","top":9136.125,"bottom":9869.375,"right":569,"left":16,"width":553,"height":733.25},{"identifier":"57709573","top":9869.375,"bottom":11478.125,"right":569,"left":16,"width":553,"height":1608.75},{"identifier":"3978606","top":11478.125,"bottom":12735.828125,"right":569,"left":16,"width":553,"height":1257.703125},{"identifier":"23342513","top":12735.828125,"bottom":13322.390625,"right":569,"left":16,"width":553,"height":586.5625},{"identifier":"34924599","top":13322.390625,"bottom":13796.203125,"right":569,"left":16,"width":553,"height":473.8125},{"identifier":"33774224","top":13796.203125,"bottom":14952.828125,"right":569,"left":16,"width":553,"height":1156.625},{"identifier":"61818827","top":14952.828125,"bottom":15404.890625,"right":569,"left":16,"width":553,"height":452.0625},{"identifier":"68053929","top":15404.890625,"bottom":16250.890625,"right":569,"left":16,"width":553,"height":846},{"identifier":"45703365","top":16250.890625,"bottom":16558.640625,"right":569,"left":16,"width":553,"height":307.75},{"identifier":"56498992","top":16558.640625,"bottom":17485.328125,"right":569,"left":16,"width":553,"height":926.6875},{"identifier":"59485360","top":17485.328125,"bottom":17863.390625,"right":569,"left":16,"width":553,"height":378.0625},{"identifier":"60686878","top":17863.390625,"bottom":18205.953125,"right":569,"left":16,"width":553,"height":342.5625},{"identifier":"63587384","top":18205.953125,"bottom":18740.703125,"right":569,"left":16,"width":553,"height":534.75},{"identifier":"72240810","top":18740.703125,"bottom":19136.265625,"right":569,"left":16,"width":553,"height":395.5625}]}},{"timestamp":"2022-11-21T20:42:36.542Z","url":"https://stackoverflow.com/questions/3978492/fastest-way-to-duplicate-an-array-in-javascript-slice-vs-for-loop","component":"page","action":"scroll","data":{"viewport":{"x":0,"y":1500,"height":852,"width":602},"document":{"height":22273,"width":585},"question":{"identifier":"3978492","top":-1358.96875,"bottom":-531.96875,"right":569,"left":16,"width":553,"height":827},"answers":[{"identifier":"20547803","top":-451.6875,"bottom":1123.1875,"right":569,"left":16,"width":553,"height":1574.875},{"identifier":"21514254","top":1123.1875,"bottom":1868,"right":569,"left":16,"width":553,"height":744.8125},{"identifier":"31251089","top":1868,"bottom":2555.9375,"right":569,"left":16,"width":553,"height":687.9375},{"identifier":"23481165","top":2555.9375,"bottom":3243.9375,"right":569,"left":16,"width":553,"height":688},{"identifier":"52929821","top":3243.9375,"bottom":4596.828125,"right":569,"left":16,"width":553,"height":1352.890625},{"identifier":"39873377","top":4596.828125,"bottom":5116.328125,"right":569,"left":16,"width":553,"height":519.5},{"identifier":"3978716","top":5116.328125,"bottom":5540.015625,"right":569,"left":16,"width":553,"height":423.6875},{"identifier":"37503916","top":5540.015625,"bottom":6214.328125,"right":569,"left":16,"width":553,"height":674.3125},{"identifier":"66174157","top":6214.328125,"bottom":6994.515625,"right":569,"left":16,"width":553,"height":780.1875},{"identifier":"3978577","top":6994.515625,"bottom":7920.515625,"right":569,"left":16,"width":553,"height":926},{"identifier":"47843872","top":7920.515625,"bottom":8736.125,"right":569,"left":16,"width":553,"height":815.609375},{"identifier":"32253674","top":8736.125,"bottom":9469.375,"right":569,"left":16,"width":553,"height":733.25},{"identifier":"57709573","top":9469.375,"bottom":11078.125,"right":569,"left":16,"width":553,"height":1608.75},{"identifier":"3978606","top":11078.125,"bottom":12335.828125,"right":569,"left":16,"width":553,"height":1257.703125},{"identifier":"23342513","top":12335.828125,"bottom":12922.390625,"right":569,"left":16,"width":553,"height":586.5625},{"identifier":"34924599","top":12922.390625,"bottom":13396.203125,"right":569,"left":16,"width":553,"height":473.8125},{"identifier":"33774224","top":13396.203125,"bottom":14552.828125,"right":569,"left":16,"width":553,"height":1156.625},{"identifier":"61818827","top":14552.828125,"bottom":15004.890625,"right":569,"left":16,"width":553,"height":452.0625},{"identifier":"68053929","top":15004.890625,"bottom":15850.890625,"right":569,"left":16,"width":553,"height":846},{"identifier":"45703365","top":15850.890625,"bottom":16158.640625,"right":569,"left":16,"width":553,"height":307.75},{"identifier":"56498992","top":16158.640625,"bottom":17085.328125,"right":569,"left":16,"width":553,"height":926.6875},{"identifier":"59485360","top":17085.328125,"bottom":17463.390625,"right":569,"left":16,"width":553,"height":378.0625},{"identifier":"60686878","top":17463.390625,"bottom":17805.953125,"right":569,"left":16,"width":553,"height":342.5625},{"identifier":"63587384","top":17805.953125,"bottom":18340.703125,"right":569,"left":16,"width":553,"height":534.75},{"identifier":"72240810","top":18340.703125,"bottom":18736.265625,"right":569,"left":16,"width":553,"height":395.5625}]}},{"timestamp":"2022-11-21T20:42:45.796Z","url":"https://stackoverflow.com/questions/3978492/fastest-way-to-duplicate-an-array-in-javascript-slice-vs-for-loop","component":"page","action":"scroll","data":{"viewport":{"x":0,"y":800,"height":852,"width":602},"document":{"height":22273,"width":585},"question":{"identifier":"3978492","top":-658.96875,"bottom":168.03125,"right":569,"left":16,"width":553,"height":827},"answers":[{"identifier":"20547803","top":248.3125,"bottom":1823.1875,"right":569,"left":16,"width":553,"height":1574.875},{"identifier":"21514254","top":1823.1875,"bottom":2568,"right":569,"left":16,"width":553,"height":744.8125},{"identifier":"31251089","top":2568,"bottom":3255.9375,"right":569,"left":16,"width":553,"height":687.9375},{"identifier":"23481165","top":3255.9375,"bottom":3943.9375,"right":569,"left":16,"width":553,"height":688},{"identifier":"52929821","top":3943.9375,"bottom":5296.828125,"right":569,"left":16,"width":553,"height":1352.890625},{"identifier":"39873377","top":5296.828125,"bottom":5816.328125,"right":569,"left":16,"width":553,"height":519.5},{"identifier":"3978716","top":5816.328125,"bottom":6240.015625,"right":569,"left":16,"width":553,"height":423.6875},{"identifier":"37503916","top":6240.015625,"bottom":6914.328125,"right":569,"left":16,"width":553,"height":674.3125},{"identifier":"66174157","top":6914.328125,"bottom":7694.515625,"right":569,"left":16,"width":553,"height":780.1875},{"identifier":"3978577","top":7694.515625,"bottom":8620.515625,"right":569,"left":16,"width":553,"height":926},{"identifier":"47843872","top":8620.515625,"bottom":9436.125,"right":569,"left":16,"width":553,"height":815.609375},{"identifier":"32253674","top":9436.125,"bottom":10169.375,"right":569,"left":16,"width":553,"height":733.25},{"identifier":"57709573","top":10169.375,"bottom":11778.125,"right":569,"left":16,"width":553,"height":1608.75},{"identifier":"3978606","top":11778.125,"bottom":13035.828125,"right":569,"left":16,"width":553,"height":1257.703125},{"identifier":"23342513","top":13035.828125,"bottom":13622.390625,"right":569,"left":16,"width":553,"height":586.5625},{"identifier":"34924599","top":13622.390625,"bottom":14096.203125,"right":569,"left":16,"width":553,"height":473.8125},{"identifier":"33774224","top":14096.203125,"bottom":15252.828125,"right":569,"left":16,"width":553,"height":1156.625},{"identifier":"61818827","top":15252.828125,"bottom":15704.890625,"right":569,"left":16,"width":553,"height":452.0625},{"identifier":"68053929","top":15704.890625,"bottom":16550.890625,"right":569,"left":16,"width":553,"height":846},{"identifier":"45703365","top":16550.890625,"bottom":16858.640625,"right":569,"left":16,"width":553,"height":307.75},{"identifier":"56498992","top":16858.640625,"bottom":17785.328125,"right":569,"left":16,"width":553,"height":926.6875},{"identifier":"59485360","top":17785.328125,"bottom":18163.390625,"right":569,"left":16,"width":553,"height":378.0625},{"identifier":"60686878","top":18163.390625,"bottom":18505.953125,"right":569,"left":16,"width":553,"height":342.5625},{"identifier":"63587384","top":18505.953125,"bottom":19040.703125,"right":569,"left":16,"width":553,"height":534.75},{"identifier":"72240810","top":19040.703125,"bottom":19436.265625,"right":569,"left":16,"width":553,"height":395.5625}]}},{"timestamp":"2022-11-21T20:42:51.959Z","url":"https://stackoverflow.com/questions/3978492/fastest-way-to-duplicate-an-array-in-javascript-slice-vs-for-loop","component":"page","action":"scroll","data":{"viewport":{"x":0,"y":0,"height":852,"width":602},"document":{"height":22273,"width":585},"question":{"identifier":"3978492","top":141.03125,"bottom":968.03125,"right":569,"left":16,"width":553,"height":827},"answers":[{"identifier":"20547803","top":1048.3125,"bottom":2623.1875,"right":569,"left":16,"width":553,"height":1574.875},{"identifier":"21514254","top":2623.1875,"bottom":3368,"right":569,"left":16,"width":553,"height":744.8125},{"identifier":"31251089","top":3368,"bottom":4055.9375,"right":569,"left":16,"width":553,"height":687.9375},{"identifier":"23481165","top":4055.9375,"bottom":4743.9375,"right":569,"left":16,"width":553,"height":688},{"identifier":"52929821","top":4743.9375,"bottom":6096.828125,"right":569,"left":16,"width":553,"height":1352.890625},{"identifier":"39873377","top":6096.828125,"bottom":6616.328125,"right":569,"left":16,"width":553,"height":519.5},{"identifier":"3978716","top":6616.328125,"bottom":7040.015625,"right":569,"left":16,"width":553,"height":423.6875},{"identifier":"37503916","top":7040.015625,"bottom":7714.328125,"right":569,"left":16,"width":553,"height":674.3125},{"identifier":"66174157","top":7714.328125,"bottom":8494.515625,"right":569,"left":16,"width":553,"height":780.1875},{"identifier":"3978577","top":8494.515625,"bottom":9420.515625,"right":569,"left":16,"width":553,"height":926},{"identifier":"47843872","top":9420.515625,"bottom":10236.125,"right":569,"left":16,"width":553,"height":815.609375},{"identifier":"32253674","top":10236.125,"bottom":10969.375,"right":569,"left":16,"width":553,"height":733.25},{"identifier":"57709573","top":10969.375,"bottom":12578.125,"right":569,"left":16,"width":553,"height":1608.75},{"identifier":"3978606","top":12578.125,"bottom":13835.828125,"right":569,"left":16,"width":553,"height":1257.703125},{"identifier":"23342513","top":13835.828125,"bottom":14422.390625,"right":569,"left":16,"width":553,"height":586.5625},{"identifier":"34924599","top":14422.390625,"bottom":14896.203125,"right":569,"left":16,"width":553,"height":473.8125},{"identifier":"33774224","top":14896.203125,"bottom":16052.828125,"right":569,"left":16,"width":553,"height":1156.625},{"identifier":"61818827","top":16052.828125,"bottom":16504.890625,"right":569,"left":16,"width":553,"height":452.0625},{"identifier":"68053929","top":16504.890625,"bottom":17350.890625,"right":569,"left":16,"width":553,"height":846},{"identifier":"45703365","top":17350.890625,"bottom":17658.640625,"right":569,"left":16,"width":553,"height":307.75},{"identifier":"56498992","top":17658.640625,"bottom":18585.328125,"right":569,"left":16,"width":553,"height":926.6875},{"identifier":"59485360","top":18585.328125,"bottom":18963.390625,"right":569,"left":16,"width":553,"height":378.0625},{"identifier":"60686878","top":18963.390625,"bottom":19305.953125,"right":569,"left":16,"width":553,"height":342.5625},{"identifier":"63587384","top":19305.953125,"bottom":19840.703125,"right":569,"left":16,"width":553,"height":534.75},{"identifier":"72240810","top":19840.703125,"bottom":20236.265625,"right":569,"left":16,"width":553,"height":395.5625}]}}]}]}