{"trialId":"20014_1","taskId":"find","appEvents":[{"timestamp":"2022-11-21T20:44:25.654Z","name":"search","data":"search-start"},{"timestamp":"2022-11-21T20:44:26.864Z","name":"search","data":"search-done"},{"timestamp":"2022-11-21T20:44:33.911Z","name":"resize","data":{"height":912,"width":651}},{"timestamp":"2022-11-21T20:45:31.817Z","name":"resize","data":{"height":912,"width":208}},{"timestamp":"2022-11-21T20:46:03.138Z","name":"resize","data":{"height":0,"width":0}},{"timestamp":"2022-11-21T20:46:41.287Z","name":"resize","data":{"height":912,"width":208}}],"searches":[{"keywords":["find","item","in","array","by","value"],"context":{"tokens":[{"kind":"language","value":"javascript"}]},"timestamp":"2022-11-21T20:44:25.653Z","results":[{"signatures":[],"areSignaturesLoading":true,"title":"Find a value in an array of objects in Javascript - Stack Overflow","url":"https://stackoverflow.com/questions/12462318/find-a-value-in-an-array-of-objects-in-javascript","displayLink":"https://stackoverflow.com › questions › find-a-value-in-...","date":"Sep 17, 2012","snippet":"The find() method returns the first value that matches from the collection. Once it matches the value in findings, it will not check the ...","snippetHighlightWords":["find","value","value","check"]},{"signatures":[],"areSignaturesLoading":true,"title":"How to find if an array contains a specific string in JavaScript ...","url":"https://stackoverflow.com/questions/6116474/how-to-find-if-an-array-contains-a-specific-string-in-javascript-jquery","displayLink":"https://stackoverflow.com › questions › how-to-find-if-...","date":"May 24, 2011","snippet":"var found = categories.includes('specialword');. No comparisons and no confusing -1 results. It does what we want: it returns true ..."},{"signatures":[],"areSignaturesLoading":true,"title":"Find object with specific value in array - Stack Overflow","url":"https://stackoverflow.com/questions/52460473/find-object-with-specific-value-in-array","displayLink":"https://stackoverflow.com › questions › find-object-wit...","date":"Sep 22, 2018","snippet":"Now, I would like to check if my array contains an object with the name \"Mike\". How do I go about this in javascript? I am thinking something ...","snippetHighlightWords":["check","array","object","javascript"]},{"signatures":[],"areSignaturesLoading":true,"title":"Get JavaScript object from array of objects by value of property","url":"https://stackoverflow.com/questions/13964155/get-javascript-object-from-array-of-objects-by-value-of-property","displayLink":"https://stackoverflow.com › questions › get-javascript-o...","date":"Dec 20, 2012","snippet":"The find() method returns a value in the array, if an element in the array satisfies the provided testing function.","snippetHighlightWords":["find","value","array","element","array"]},{"signatures":[],"areSignaturesLoading":true,"title":"Find object by id in an array of JavaScript objects","url":"https://stackoverflow.com/questions/7364150/find-object-by-id-in-an-array-of-javascript-objects","displayLink":"https://stackoverflow.com › questions › find-object-by-i...","snippet":"Use the find() method: myArray.find(x => x.id === '45').foo;. From MDN: The find() method returns the first value in the array, ...","snippetHighlightWords":["find","find","find","value","array"],"extensions":["Sep 9, 2011","36 answers"]},{"signatures":[],"areSignaturesLoading":true,"title":"Find all matching elements with in an array of objects [duplicate]","url":"https://stackoverflow.com/questions/52311150/find-all-matching-elements-with-in-an-array-of-objects","displayLink":"https://stackoverflow.com › questions › find-all-matchi...","snippet":"Two things: first, Array.find() returns the first matching element, undefined if it finds nothing. Array.filter returns a new array ...","snippetHighlightWords":["Array","find","element","Array","array"],"extensions":["Sep 13, 2018","6 answers"]},{"signatures":[],"areSignaturesLoading":true,"title":"How do I check if an array includes a value in JavaScript?","url":"https://stackoverflow.com/questions/237104/how-do-i-check-if-an-array-includes-a-value-in-javascript","displayLink":"https://stackoverflow.com › questions › how-do-i-check...","snippet":"inArray is a terrible name for a function that returns the index of the element, and -1 if it doesn't exist. I would expect a boolean to be returned. – Tim. Jul ...","snippetHighlightWords":["element"]},{"signatures":[],"areSignaturesLoading":true,"title":"How can I find and update values in an array of objects?","url":"https://stackoverflow.com/questions/35206125/how-can-i-find-and-update-values-in-an-array-of-objects","displayLink":"https://stackoverflow.com › questions › how-can-i-find-...","date":"Feb 4, 2016","snippet":"var item = {...} var items = [{id:2}, {id:2}, {id: ...","snippetHighlightWords":["item"]},{"signatures":[],"areSignaturesLoading":true,"title":"Find an item in array and get whats left - Stack Overflow","url":"https://stackoverflow.com/questions/57607836/find-an-item-in-array-and-get-whats-left","displayLink":"https://stackoverflow.com › questions › find-an-item-in...","date":"Aug 22, 2019","snippet":"var fruit = [ \"apples\", \"pears\" ]; var alreadyHave = \"apples\"; for( var i = 0; i < fruit.length; i++){ if (! fruit[i] === alreadyHave) { fruit."},{"signatures":[],"areSignaturesLoading":true,"title":"Best way to find if an item is in a JavaScript array? [duplicate]","url":"https://stackoverflow.com/questions/143847/best-way-to-find-if-an-item-is-in-a-javascript-array","displayLink":"https://stackoverflow.com › questions › best-way-to-fin...","snippet":"Note that \"inArray\" is a misnomer, because it doesn't return boolean value - it returns index of first element found. So if you are checking if ...","extensions":["Sep 27, 2008","8 answers"]}],"events":[{"timestamp":"2022-11-21T20:44:25.687Z","url":"https://stackoverflow.com/questions/12462318/find-a-value-in-an-array-of-objects-in-javascript","component":"projection","action":"load","data":{"height":60,"width":335.578125,"wc":25,"lc":1}},{"timestamp":"2022-11-21T20:44:25.687Z","url":"https://stackoverflow.com/questions/6116474/how-to-find-if-an-array-contains-a-specific-string-in-javascript-jquery","component":"projection","action":"load","data":{"height":82,"width":326.703125,"wc":20,"lc":1}},{"timestamp":"2022-11-21T20:44:25.687Z","url":"https://stackoverflow.com/questions/52460473/find-object-with-specific-value-in-array","component":"projection","action":"load","data":{"height":82,"width":330.109375,"wc":29,"lc":1}},{"timestamp":"2022-11-21T20:44:25.687Z","url":"https://stackoverflow.com/questions/13964155/get-javascript-object-from-array-of-objects-by-value-of-property","component":"projection","action":"load","data":{"height":60,"width":322.984375,"wc":20,"lc":1}},{"timestamp":"2022-11-21T20:44:25.687Z","url":"https://stackoverflow.com/questions/7364150/find-object-by-id-in-an-array-of-javascript-objects","component":"projection","action":"load","data":{"height":60,"width":326.078125,"wc":22,"lc":1}},{"timestamp":"2022-11-21T20:44:25.687Z","url":"https://stackoverflow.com/questions/52311150/find-all-matching-elements-with-in-an-array-of-objects","component":"projection","action":"load","data":{"height":60,"width":299.78125,"wc":20,"lc":1}},{"timestamp":"2022-11-21T20:44:25.688Z","url":"https://stackoverflow.com/questions/237104/how-do-i-check-if-an-array-includes-a-value-in-javascript","component":"projection","action":"load","data":{"height":60,"width":326.71875,"wc":33,"lc":1}},{"timestamp":"2022-11-21T20:44:25.688Z","url":"https://stackoverflow.com/questions/35206125/how-can-i-find-and-update-values-in-an-array-of-objects","component":"projection","action":"load","data":{"height":38,"width":309.40625,"wc":11,"lc":1}},{"timestamp":"2022-11-21T20:44:25.688Z","url":"https://stackoverflow.com/questions/57607836/find-an-item-in-array-and-get-whats-left","component":"projection","action":"load","data":{"height":60,"width":330.421875,"wc":27,"lc":1}},{"timestamp":"2022-11-21T20:44:25.688Z","url":"https://stackoverflow.com/questions/143847/best-way-to-find-if-an-item-is-in-a-javascript-array","component":"projection","action":"load","data":{"height":60,"width":333.21875,"wc":27,"lc":1}},{"timestamp":"2022-11-21T20:44:26.864Z","url":"https://stackoverflow.com/questions/12462318/find-a-value-in-an-array-of-objects-in-javascript","component":"projection","action":"loaded","data":"projection 10 of 10"},{"timestamp":"2022-11-21T20:44:26.864Z","url":"https://stackoverflow.com/questions/6116474/how-to-find-if-an-array-contains-a-specific-string-in-javascript-jquery","component":"projection","action":"loaded","data":"projection 9 of 10"},{"timestamp":"2022-11-21T20:44:26.864Z","url":"https://stackoverflow.com/questions/52460473/find-object-with-specific-value-in-array","component":"projection","action":"loaded","data":"projection 8 of 10"},{"timestamp":"2022-11-21T20:44:26.864Z","url":"https://stackoverflow.com/questions/13964155/get-javascript-object-from-array-of-objects-by-value-of-property","component":"projection","action":"loaded","data":"projection 7 of 10"},{"timestamp":"2022-11-21T20:44:26.864Z","url":"https://stackoverflow.com/questions/7364150/find-object-by-id-in-an-array-of-javascript-objects","component":"projection","action":"loaded","data":"projection 6 of 10"},{"timestamp":"2022-11-21T20:44:26.864Z","url":"https://stackoverflow.com/questions/52311150/find-all-matching-elements-with-in-an-array-of-objects","component":"projection","action":"loaded","data":"projection 5 of 10"},{"timestamp":"2022-11-21T20:44:26.864Z","url":"https://stackoverflow.com/questions/237104/how-do-i-check-if-an-array-includes-a-value-in-javascript","component":"projection","action":"loaded","data":"projection 4 of 10"},{"timestamp":"2022-11-21T20:44:26.864Z","url":"https://stackoverflow.com/questions/35206125/how-can-i-find-and-update-values-in-an-array-of-objects","component":"projection","action":"loaded","data":"projection 3 of 10"},{"timestamp":"2022-11-21T20:44:26.864Z","url":"https://stackoverflow.com/questions/57607836/find-an-item-in-array-and-get-whats-left","component":"projection","action":"loaded","data":"projection 2 of 10"},{"timestamp":"2022-11-21T20:44:26.864Z","url":"https://stackoverflow.com/questions/143847/best-way-to-find-if-an-item-is-in-a-javascript-array","component":"projection","action":"loaded","data":"projection 1 of 10"},{"timestamp":"2022-11-21T20:44:27.397Z","url":"https://stackoverflow.com/questions/12462318/find-a-value-in-an-array-of-objects-in-javascript","component":"projection","action":"mouseenter"},{"timestamp":"2022-11-21T20:44:27.513Z","url":"https://stackoverflow.com/questions/12462318/find-a-value-in-an-array-of-objects-in-javascript","component":"projection","action":"mouseleave"},{"timestamp":"2022-11-21T20:44:27.514Z","url":"https://stackoverflow.com/questions/6116474/how-to-find-if-an-array-contains-a-specific-string-in-javascript-jquery","component":"projection","action":"mouseenter"},{"timestamp":"2022-11-21T20:44:29.547Z","url":"https://stackoverflow.com/questions/6116474/how-to-find-if-an-array-contains-a-specific-string-in-javascript-jquery","component":"projection","action":"mouseleave"},{"timestamp":"2022-11-21T20:44:29.547Z","url":"https://stackoverflow.com/questions/12462318/find-a-value-in-an-array-of-objects-in-javascript","component":"projection","action":"mouseenter"},{"timestamp":"2022-11-21T20:44:30.723Z","url":"https://stackoverflow.com/questions/12462318/find-a-value-in-an-array-of-objects-in-javascript","component":"page","action":"open"},{"timestamp":"2022-11-21T20:44:30.751Z","url":"https://stackoverflow.com/questions/12462318/find-a-value-in-an-array-of-objects-in-javascript","component":"projection","action":"mouseleave"},{"timestamp":"2022-11-21T20:44:32.059Z","url":"https://stackoverflow.com/questions/12462318/find-a-value-in-an-array-of-objects-in-javascript","component":"page","action":"load"},{"timestamp":"2022-11-21T20:44:36.900Z","url":"https://stackoverflow.com/questions/12462318/find-a-value-in-an-array-of-objects-in-javascript","component":"page","action":"scroll","data":{"viewport":{"x":0,"y":1000,"height":852,"width":647},"document":{"height":18471,"width":630},"question":{"identifier":"12462318","top":-820.125,"bottom":-42.78125,"right":614,"left":181,"width":433,"height":777.34375},"answers":[{"identifier":"12462414","top":17.8125,"bottom":1331.875,"right":614,"left":181,"width":433,"height":1314.0625},{"identifier":"12462387","top":1331.875,"bottom":2085.9375,"right":614,"left":181,"width":433,"height":754.0625},{"identifier":"38500417","top":2085.9375,"bottom":2999.8125,"right":614,"left":181,"width":433,"height":913.875},{"identifier":"44048398","top":2999.8125,"bottom":3555.375,"right":614,"left":181,"width":433,"height":555.5625},{"identifier":"48718969","top":3555.375,"bottom":4485,"right":614,"left":181,"width":433,"height":929.625},{"identifier":"47790805","top":4485,"bottom":5193.875,"right":614,"left":181,"width":433,"height":708.875},{"identifier":"43778799","top":5193.875,"bottom":5949.875,"right":614,"left":181,"width":433,"height":756},{"identifier":"12462406","top":5949.875,"bottom":6551.3125,"right":614,"left":181,"width":433,"height":601.4375},{"identifier":"31748358","top":6551.3125,"bottom":7191.875,"right":614,"left":181,"width":433,"height":640.5625},{"identifier":"47194061","top":7191.875,"bottom":7557.0625,"right":614,"left":181,"width":433,"height":365.1875},{"identifier":"33097318","top":7557.0625,"bottom":10482.578125,"right":614,"left":181,"width":433,"height":2925.515625},{"identifier":"12462347","top":10482.578125,"bottom":11099.453125,"right":614,"left":181,"width":433,"height":616.875},{"identifier":"37735967","top":11099.453125,"bottom":11410.140625,"right":614,"left":181,"width":433,"height":310.6875},{"identifier":"33825763","top":11410.140625,"bottom":11902.015625,"right":614,"left":181,"width":433,"height":491.875},{"identifier":"24263355","top":11902.015625,"bottom":12242.703125,"right":614,"left":181,"width":433,"height":340.6875},{"identifier":"42891511","top":12242.703125,"bottom":13378.828125,"right":614,"left":181,"width":433,"height":1136.125},{"identifier":"37489965","top":13378.828125,"bottom":13596.28125,"right":614,"left":181,"width":433,"height":217.453125},{"identifier":"38786112","top":13596.28125,"bottom":14399.46875,"right":614,"left":181,"width":433,"height":803.1875},{"identifier":"27443358","top":14399.46875,"bottom":14766.15625,"right":614,"left":181,"width":433,"height":366.6875},{"identifier":"45355935","top":14766.15625,"bottom":15317.34375,"right":614,"left":181,"width":433,"height":551.1875}]}},{"timestamp":"2022-11-21T20:44:39.389Z","url":"https://stackoverflow.com/questions/12462318/find-a-value-in-an-array-of-objects-in-javascript","component":"page","action":"scroll","data":{"viewport":{"x":0,"y":900,"height":852,"width":647},"document":{"height":18471,"width":630},"question":{"identifier":"12462318","top":-720.125,"bottom":57.21875,"right":614,"left":181,"width":433,"height":777.34375},"answers":[{"identifier":"12462414","top":117.8125,"bottom":1431.875,"right":614,"left":181,"width":433,"height":1314.0625},{"identifier":"12462387","top":1431.875,"bottom":2185.9375,"right":614,"left":181,"width":433,"height":754.0625},{"identifier":"38500417","top":2185.9375,"bottom":3099.8125,"right":614,"left":181,"width":433,"height":913.875},{"identifier":"44048398","top":3099.8125,"bottom":3655.375,"right":614,"left":181,"width":433,"height":555.5625},{"identifier":"48718969","top":3655.375,"bottom":4585,"right":614,"left":181,"width":433,"height":929.625},{"identifier":"47790805","top":4585,"bottom":5293.875,"right":614,"left":181,"width":433,"height":708.875},{"identifier":"43778799","top":5293.875,"bottom":6049.875,"right":614,"left":181,"width":433,"height":756},{"identifier":"12462406","top":6049.875,"bottom":6651.3125,"right":614,"left":181,"width":433,"height":601.4375},{"identifier":"31748358","top":6651.3125,"bottom":7291.875,"right":614,"left":181,"width":433,"height":640.5625},{"identifier":"47194061","top":7291.875,"bottom":7657.0625,"right":614,"left":181,"width":433,"height":365.1875},{"identifier":"33097318","top":7657.0625,"bottom":10582.578125,"right":614,"left":181,"width":433,"height":2925.515625},{"identifier":"12462347","top":10582.578125,"bottom":11199.453125,"right":614,"left":181,"width":433,"height":616.875},{"identifier":"37735967","top":11199.453125,"bottom":11510.140625,"right":614,"left":181,"width":433,"height":310.6875},{"identifier":"33825763","top":11510.140625,"bottom":12002.015625,"right":614,"left":181,"width":433,"height":491.875},{"identifier":"24263355","top":12002.015625,"bottom":12342.703125,"right":614,"left":181,"width":433,"height":340.6875},{"identifier":"42891511","top":12342.703125,"bottom":13478.828125,"right":614,"left":181,"width":433,"height":1136.125},{"identifier":"37489965","top":13478.828125,"bottom":13696.28125,"right":614,"left":181,"width":433,"height":217.453125},{"identifier":"38786112","top":13696.28125,"bottom":14499.46875,"right":614,"left":181,"width":433,"height":803.1875},{"identifier":"27443358","top":14499.46875,"bottom":14866.15625,"right":614,"left":181,"width":433,"height":366.6875},{"identifier":"45355935","top":14866.15625,"bottom":15417.34375,"right":614,"left":181,"width":433,"height":551.1875}]}},{"timestamp":"2022-11-21T20:44:44.014Z","url":"https://stackoverflow.com/questions/12462318/find-a-value-in-an-array-of-objects-in-javascript","component":"page","action":"scroll","data":{"viewport":{"x":0,"y":1645,"height":852,"width":647},"document":{"height":18471,"width":630},"question":{"identifier":"12462318","top":-1465.125,"bottom":-687.78125,"right":614,"left":181,"width":433,"height":777.34375},"answers":[{"identifier":"12462414","top":-627.1875,"bottom":686.875,"right":614,"left":181,"width":433,"height":1314.0625},{"identifier":"12462387","top":686.875,"bottom":1440.9375,"right":614,"left":181,"width":433,"height":754.0625},{"identifier":"38500417","top":1440.9375,"bottom":2354.8125,"right":614,"left":181,"width":433,"height":913.875},{"identifier":"44048398","top":2354.8125,"bottom":2910.375,"right":614,"left":181,"width":433,"height":555.5625},{"identifier":"48718969","top":2910.375,"bottom":3840,"right":614,"left":181,"width":433,"height":929.625},{"identifier":"47790805","top":3840,"bottom":4548.875,"right":614,"left":181,"width":433,"height":708.875},{"identifier":"43778799","top":4548.875,"bottom":5304.875,"right":614,"left":181,"width":433,"height":756},{"identifier":"12462406","top":5304.875,"bottom":5906.3125,"right":614,"left":181,"width":433,"height":601.4375},{"identifier":"31748358","top":5906.3125,"bottom":6546.875,"right":614,"left":181,"width":433,"height":640.5625},{"identifier":"47194061","top":6546.875,"bottom":6912.0625,"right":614,"left":181,"width":433,"height":365.1875},{"identifier":"33097318","top":6912.0625,"bottom":9837.578125,"right":614,"left":181,"width":433,"height":2925.515625},{"identifier":"12462347","top":9837.578125,"bottom":10454.453125,"right":614,"left":181,"width":433,"height":616.875},{"identifier":"37735967","top":10454.453125,"bottom":10765.140625,"right":614,"left":181,"width":433,"height":310.6875},{"identifier":"33825763","top":10765.140625,"bottom":11257.015625,"right":614,"left":181,"width":433,"height":491.875},{"identifier":"24263355","top":11257.015625,"bottom":11597.703125,"right":614,"left":181,"width":433,"height":340.6875},{"identifier":"42891511","top":11597.703125,"bottom":12733.828125,"right":614,"left":181,"width":433,"height":1136.125},{"identifier":"37489965","top":12733.828125,"bottom":12951.28125,"right":614,"left":181,"width":433,"height":217.453125},{"identifier":"38786112","top":12951.28125,"bottom":13754.46875,"right":614,"left":181,"width":433,"height":803.1875},{"identifier":"27443358","top":13754.46875,"bottom":14121.15625,"right":614,"left":181,"width":433,"height":366.6875},{"identifier":"45355935","top":14121.15625,"bottom":14672.34375,"right":614,"left":181,"width":433,"height":551.1875}]}},{"timestamp":"2022-11-21T20:44:45.148Z","url":"https://stackoverflow.com/questions/12462318/find-a-value-in-an-array-of-objects-in-javascript","component":"page","action":"scroll","data":{"viewport":{"x":0,"y":945,"height":852,"width":647},"document":{"height":18471,"width":630},"question":{"identifier":"12462318","top":-765.125,"bottom":12.21875,"right":614,"left":181,"width":433,"height":777.34375},"answers":[{"identifier":"12462414","top":72.8125,"bottom":1386.875,"right":614,"left":181,"width":433,"height":1314.0625},{"identifier":"12462387","top":1386.875,"bottom":2140.9375,"right":614,"left":181,"width":433,"height":754.0625},{"identifier":"38500417","top":2140.9375,"bottom":3054.8125,"right":614,"left":181,"width":433,"height":913.875},{"identifier":"44048398","top":3054.8125,"bottom":3610.375,"right":614,"left":181,"width":433,"height":555.5625},{"identifier":"48718969","top":3610.375,"bottom":4540,"right":614,"left":181,"width":433,"height":929.625},{"identifier":"47790805","top":4540,"bottom":5248.875,"right":614,"left":181,"width":433,"height":708.875},{"identifier":"43778799","top":5248.875,"bottom":6004.875,"right":614,"left":181,"width":433,"height":756},{"identifier":"12462406","top":6004.875,"bottom":6606.3125,"right":614,"left":181,"width":433,"height":601.4375},{"identifier":"31748358","top":6606.3125,"bottom":7246.875,"right":614,"left":181,"width":433,"height":640.5625},{"identifier":"47194061","top":7246.875,"bottom":7612.0625,"right":614,"left":181,"width":433,"height":365.1875},{"identifier":"33097318","top":7612.0625,"bottom":10537.578125,"right":614,"left":181,"width":433,"height":2925.515625},{"identifier":"12462347","top":10537.578125,"bottom":11154.453125,"right":614,"left":181,"width":433,"height":616.875},{"identifier":"37735967","top":11154.453125,"bottom":11465.140625,"right":614,"left":181,"width":433,"height":310.6875},{"identifier":"33825763","top":11465.140625,"bottom":11957.015625,"right":614,"left":181,"width":433,"height":491.875},{"identifier":"24263355","top":11957.015625,"bottom":12297.703125,"right":614,"left":181,"width":433,"height":340.6875},{"identifier":"42891511","top":12297.703125,"bottom":13433.828125,"right":614,"left":181,"width":433,"height":1136.125},{"identifier":"37489965","top":13433.828125,"bottom":13651.28125,"right":614,"left":181,"width":433,"height":217.453125},{"identifier":"38786112","top":13651.28125,"bottom":14454.46875,"right":614,"left":181,"width":433,"height":803.1875},{"identifier":"27443358","top":14454.46875,"bottom":14821.15625,"right":614,"left":181,"width":433,"height":366.6875},{"identifier":"45355935","top":14821.15625,"bottom":15372.34375,"right":614,"left":181,"width":433,"height":551.1875}]}},{"timestamp":"2022-11-21T20:44:47.675Z","url":"https://stackoverflow.com/questions/12462318/find-a-value-in-an-array-of-objects-in-javascript","component":"page","action":"selection","data":"arr.find(o => o.name === 'string 1');"},{"timestamp":"2022-11-21T20:44:48.378Z","url":"https://stackoverflow.com/questions/12462318/find-a-value-in-an-array-of-objects-in-javascript","component":"page","action":"copy","data":"arr.find(o => o.name === 'string 1');"},{"timestamp":"2022-11-21T20:45:30.363Z","url":"https://stackoverflow.com/questions/12462318/find-a-value-in-an-array-of-objects-in-javascript","component":"page","action":"scroll","data":{"viewport":{"x":0,"y":1690,"height":852,"width":647},"document":{"height":18471,"width":630},"question":{"identifier":"12462318","top":-1510.125,"bottom":-732.78125,"right":614,"left":181,"width":433,"height":777.34375},"answers":[{"identifier":"12462414","top":-672.1875,"bottom":641.875,"right":614,"left":181,"width":433,"height":1314.0625},{"identifier":"12462387","top":641.875,"bottom":1395.9375,"right":614,"left":181,"width":433,"height":754.0625},{"identifier":"38500417","top":1395.9375,"bottom":2309.8125,"right":614,"left":181,"width":433,"height":913.875},{"identifier":"44048398","top":2309.8125,"bottom":2865.375,"right":614,"left":181,"width":433,"height":555.5625},{"identifier":"48718969","top":2865.375,"bottom":3795,"right":614,"left":181,"width":433,"height":929.625},{"identifier":"47790805","top":3795,"bottom":4503.875,"right":614,"left":181,"width":433,"height":708.875},{"identifier":"43778799","top":4503.875,"bottom":5259.875,"right":614,"left":181,"width":433,"height":756},{"identifier":"12462406","top":5259.875,"bottom":5861.3125,"right":614,"left":181,"width":433,"height":601.4375},{"identifier":"31748358","top":5861.3125,"bottom":6501.875,"right":614,"left":181,"width":433,"height":640.5625},{"identifier":"47194061","top":6501.875,"bottom":6867.0625,"right":614,"left":181,"width":433,"height":365.1875},{"identifier":"33097318","top":6867.0625,"bottom":9792.578125,"right":614,"left":181,"width":433,"height":2925.515625},{"identifier":"12462347","top":9792.578125,"bottom":10409.453125,"right":614,"left":181,"width":433,"height":616.875},{"identifier":"37735967","top":10409.453125,"bottom":10720.140625,"right":614,"left":181,"width":433,"height":310.6875},{"identifier":"33825763","top":10720.140625,"bottom":11212.015625,"right":614,"left":181,"width":433,"height":491.875},{"identifier":"24263355","top":11212.015625,"bottom":11552.703125,"right":614,"left":181,"width":433,"height":340.6875},{"identifier":"42891511","top":11552.703125,"bottom":12688.828125,"right":614,"left":181,"width":433,"height":1136.125},{"identifier":"37489965","top":12688.828125,"bottom":12906.28125,"right":614,"left":181,"width":433,"height":217.453125},{"identifier":"38786112","top":12906.28125,"bottom":13709.46875,"right":614,"left":181,"width":433,"height":803.1875},{"identifier":"27443358","top":13709.46875,"bottom":14076.15625,"right":614,"left":181,"width":433,"height":366.6875},{"identifier":"45355935","top":14076.15625,"bottom":14627.34375,"right":614,"left":181,"width":433,"height":551.1875}]}},{"timestamp":"2022-11-21T20:45:31.820Z","url":"https://stackoverflow.com/questions/12462318/find-a-value-in-an-array-of-objects-in-javascript","component":"page","action":"scroll","data":{"viewport":{"x":0,"y":4097,"height":852,"width":204},"document":{"height":42078,"width":254},"question":{"identifier":"12462318","top":-3818.734375,"bottom":-1614.046875,"right":171,"left":16,"width":155,"height":2204.6875},"answers":[{"identifier":"12462414","top":-1533.765625,"bottom":2693.828125,"right":171,"left":16,"width":155,"height":4227.59375},{"identifier":"12462387","top":2693.828125,"bottom":4573.640625,"right":171,"left":16,"width":155,"height":1879.8125},{"identifier":"38500417","top":4573.640625,"bottom":7827.765625,"right":171,"left":16,"width":155,"height":3254.125},{"identifier":"44048398","top":7827.765625,"bottom":9528.453125,"right":171,"left":16,"width":155,"height":1700.6875},{"identifier":"48718969","top":9528.453125,"bottom":12109.453125,"right":171,"left":16,"width":155,"height":2581},{"identifier":"47790805","top":12109.453125,"bottom":14703.828125,"right":171,"left":16,"width":155,"height":2594.375},{"identifier":"43778799","top":14703.828125,"bottom":16246.953125,"right":171,"left":16,"width":155,"height":1543.125},{"identifier":"12462406","top":16246.953125,"bottom":17552.390625,"right":171,"left":16,"width":155,"height":1305.4375},{"identifier":"31748358","top":17552.390625,"bottom":19424.703125,"right":171,"left":16,"width":155,"height":1872.3125},{"identifier":"47194061","top":19424.703125,"bottom":19994.515625,"right":171,"left":16,"width":155,"height":569.8125},{"identifier":"33097318","top":19994.515625,"bottom":25326.703125,"right":171,"left":16,"width":155,"height":5332.1875},{"identifier":"12462347","top":25326.703125,"bottom":26967.328125,"right":171,"left":16,"width":155,"height":1640.625},{"identifier":"37735967","top":26967.328125,"bottom":27566.640625,"right":171,"left":16,"width":155,"height":599.3125},{"identifier":"33825763","top":27566.640625,"bottom":28411.015625,"right":171,"left":16,"width":155,"height":844.375},{"identifier":"24263355","top":28411.015625,"bottom":28915.328125,"right":171,"left":16,"width":155,"height":504.3125},{"identifier":"42891511","top":28915.328125,"bottom":30841.75,"right":171,"left":16,"width":155,"height":1926.421875},{"identifier":"37489965","top":30841.75,"bottom":31221.0625,"right":171,"left":16,"width":155,"height":379.3125},{"identifier":"38786112","top":31221.0625,"bottom":32313.375,"right":171,"left":16,"width":155,"height":1092.3125},{"identifier":"27443358","top":32313.375,"bottom":32745.1875,"right":171,"left":16,"width":155,"height":431.8125},{"identifier":"45355935","top":32745.1875,"bottom":34553,"right":171,"left":16,"width":155,"height":1807.8125}]}},{"timestamp":"2022-11-21T20:46:41.364Z","url":"https://stackoverflow.com/questions/12462318/find-a-value-in-an-array-of-objects-in-javascript","component":"page","action":"scroll","data":{"viewport":{"x":0,"y":4097,"height":852,"width":204},"document":{"height":42078,"width":254},"question":{"identifier":"12462318","top":-3818.734375,"bottom":-1614.046875,"right":171,"left":16,"width":155,"height":2204.6875},"answers":[{"identifier":"12462414","top":-1533.765625,"bottom":2693.828125,"right":171,"left":16,"width":155,"height":4227.59375},{"identifier":"12462387","top":2693.828125,"bottom":4573.640625,"right":171,"left":16,"width":155,"height":1879.8125},{"identifier":"38500417","top":4573.640625,"bottom":7827.765625,"right":171,"left":16,"width":155,"height":3254.125},{"identifier":"44048398","top":7827.765625,"bottom":9528.453125,"right":171,"left":16,"width":155,"height":1700.6875},{"identifier":"48718969","top":9528.453125,"bottom":12109.453125,"right":171,"left":16,"width":155,"height":2581},{"identifier":"47790805","top":12109.453125,"bottom":14703.828125,"right":171,"left":16,"width":155,"height":2594.375},{"identifier":"43778799","top":14703.828125,"bottom":16246.953125,"right":171,"left":16,"width":155,"height":1543.125},{"identifier":"12462406","top":16246.953125,"bottom":17552.390625,"right":171,"left":16,"width":155,"height":1305.4375},{"identifier":"31748358","top":17552.390625,"bottom":19424.703125,"right":171,"left":16,"width":155,"height":1872.3125},{"identifier":"47194061","top":19424.703125,"bottom":19994.515625,"right":171,"left":16,"width":155,"height":569.8125},{"identifier":"33097318","top":19994.515625,"bottom":25326.703125,"right":171,"left":16,"width":155,"height":5332.1875},{"identifier":"12462347","top":25326.703125,"bottom":26967.328125,"right":171,"left":16,"width":155,"height":1640.625},{"identifier":"37735967","top":26967.328125,"bottom":27566.640625,"right":171,"left":16,"width":155,"height":599.3125},{"identifier":"33825763","top":27566.640625,"bottom":28411.015625,"right":171,"left":16,"width":155,"height":844.375},{"identifier":"24263355","top":28411.015625,"bottom":28915.328125,"right":171,"left":16,"width":155,"height":504.3125},{"identifier":"42891511","top":28915.328125,"bottom":30841.75,"right":171,"left":16,"width":155,"height":1926.421875},{"identifier":"37489965","top":30841.75,"bottom":31221.0625,"right":171,"left":16,"width":155,"height":379.3125},{"identifier":"38786112","top":31221.0625,"bottom":32313.375,"right":171,"left":16,"width":155,"height":1092.3125},{"identifier":"27443358","top":32313.375,"bottom":32745.1875,"right":171,"left":16,"width":155,"height":431.8125},{"identifier":"45355935","top":32745.1875,"bottom":34553,"right":171,"left":16,"width":155,"height":1807.8125}]}}]}]}