{"trialId":"20014_1","taskId":"serve","appEvents":[{"timestamp":"2022-11-21T20:51:08.182Z","name":"search","data":"search-start"},{"timestamp":"2022-11-21T20:51:14.095Z","name":"search","data":"search-done"}],"searches":[{"keywords":["add","a","route","to","serve","files"],"context":{"tokens":[{"kind":"library","value":"express"},{"kind":"library","value":"path"},{"kind":"language","value":"javascript"}]},"timestamp":"2022-11-21T20:51:08.181Z","results":[{"signatures":[{"answerKeywords":["a","a","express","a","a","files","a","express","a","path","a","a","a","a","serve","a","files","a","a","a","a","a","a","a","a","a","express","route","a","a","a","a","a","a","a","files","a","a","a","to","express","route","path","a","to","path","to","a","files","a","to","a","a","a","a","serve","a","to","a","a","a","a"],"answerWordCount":1646,"text":"use(unknown)","parentType":"any","name":"use","arguments":[{"type":"any"}],"returnType":"any","usage":"app.use(express.static(path.join(__dirname, 'public')))","definition":"","source":"app.use(express.static(path.join(__dirname, 'public')));\n","answerId":"60879014","answerUrl":"https://stackoverflow.com/a/60879014","voteCount":1,"isAccepted":false,"lastModified":"2020-03-27T02:12:07.000Z"},{"answerKeywords":["a","a","express","a","a","files","a","express","a","path","a","a","a","a","serve","a","files","a","a","a","a","a","a","a","a","a","express","route","a","a","a","a","a","a","a","files","a","a","a","to","express","route","path","a","to","path","to","a","files","a","to","a","a","a","a","serve","a","to","a","a","a","a"],"answerWordCount":1646,"text":"static(unknown)","parentType":"any","name":"static","arguments":[{"type":"any"}],"returnType":"any","usage":"express.static(path.join(__dirname, 'public'))","definition":"","source":"app.use(express.static(path.join(__dirname, 'public')));\n","answerId":"60879014","answerUrl":"https://stackoverflow.com/a/60879014","voteCount":1,"isAccepted":false,"lastModified":"2020-03-27T02:12:07.000Z"},{"answerKeywords":["a","a","express","a","a","files","a","express","a","path","a","a","a","a","serve","a","files","a","a","a","a","a","a","a","a","a","express","route","a","a","a","a","a","a","a","files","a","a","a","to","express","route","path","a","to","path","to","a","files","a","to","a","a","a","a","serve","a","to","a","a","a","a"],"answerWordCount":1646,"text":"join(unknown, string)","parentType":"any","name":"join","arguments":[{"type":"any"},{"type":"string"}],"returnType":"any","usage":"path.join(__dirname, 'public')","definition":"","source":"app.use(express.static(path.join(__dirname, 'public')));\n","answerId":"60879014","answerUrl":"https://stackoverflow.com/a/60879014","voteCount":1,"isAccepted":false,"lastModified":"2020-03-27T02:12:07.000Z"},{"answerKeywords":["a","add","a","path","a","path","express","a","a","files","a","a","path","path","a","path","express","a","a","to","files","a","a","path","path","a","a","to","a","to","to","a","a","a","a","path","a","a","a","a","a","to","a","route","path","a","a","files","to","a","a","a","a","a","a","a","a","a","a","a","a","to","a","a","route","a","a","a","a","a","a","a","a","a","a","files","to","serve","a","a","a","a"],"answerWordCount":1599,"text":"use(string, unknown)","parentType":"any","name":"use","arguments":[{"type":"string"},{"type":"any"}],"returnType":"any","usage":"app.use('/path1', express.static(__dirname + '/www'))","definition":"","source":"app.use('/path1', express.static(__dirname + '/www'));            // Serves files as named in the '/path1' url path\napp.use('/path2', express.static(__dirname + '/otherdirectory')); // Serves files as named in the '/path2' url path\n","answerId":"60879319","answerUrl":"https://stackoverflow.com/a/60879319","voteCount":1,"isAccepted":false,"lastModified":"2020-03-27T02:50:33.000Z"},{"answerKeywords":["a","add","a","path","a","path","express","a","a","files","a","a","path","path","a","path","express","a","a","to","files","a","a","path","path","a","a","to","a","to","to","a","a","a","a","path","a","a","a","a","a","to","a","route","path","a","a","files","to","a","a","a","a","a","a","a","a","a","a","a","a","to","a","a","route","a","a","a","a","a","a","a","a","a","a","files","to","serve","a","a","a","a"],"answerWordCount":1599,"text":"static(string)","parentType":"any","name":"static","arguments":[{"type":"string"}],"returnType":"any","usage":"express.static(__dirname + '/www')","definition":"","source":"app.use('/path1', express.static(__dirname + '/www'));            // Serves files as named in the '/path1' url path\napp.use('/path2', express.static(__dirname + '/otherdirectory')); // Serves files as named in the '/path2' url path\n","answerId":"60879319","answerUrl":"https://stackoverflow.com/a/60879319","voteCount":1,"isAccepted":false,"lastModified":"2020-03-27T02:50:33.000Z"},{"answerKeywords":["a","add","a","path","a","path","express","a","a","files","a","a","path","path","a","path","express","a","a","to","files","a","a","path","path","a","a","to","a","to","to","a","a","a","a","path","a","a","a","a","a","to","a","route","path","a","a","files","to","a","a","a","a","a","a","a","a","a","a","a","a","to","a","a","route","a","a","a","a","a","a","a","a","a","a","files","to","serve","a","a","a","a"],"answerWordCount":1599,"text":"use(string, unknown)","parentType":"any","name":"use","arguments":[{"type":"string"},{"type":"any"}],"returnType":"any","usage":"app.use('/path2', express.static(__dirname + '/otherdirectory'))","definition":"","source":"app.use('/path1', express.static(__dirname + '/www'));            // Serves files as named in the '/path1' url path\napp.use('/path2', express.static(__dirname + '/otherdirectory')); // Serves files as named in the '/path2' url path\n","answerId":"60879319","answerUrl":"https://stackoverflow.com/a/60879319","voteCount":1,"isAccepted":false,"lastModified":"2020-03-27T02:50:33.000Z"},{"answerKeywords":["a","add","a","path","a","path","express","a","a","files","a","a","path","path","a","path","express","a","a","to","files","a","a","path","path","a","a","to","a","to","to","a","a","a","a","path","a","a","a","a","a","to","a","route","path","a","a","files","to","a","a","a","a","a","a","a","a","a","a","a","a","to","a","a","route","a","a","a","a","a","a","a","a","a","a","files","to","serve","a","a","a","a"],"answerWordCount":1599,"text":"static(string)","parentType":"any","name":"static","arguments":[{"type":"string"}],"returnType":"any","usage":"express.static(__dirname + '/otherdirectory')","definition":"","source":"app.use('/path1', express.static(__dirname + '/www'));            // Serves files as named in the '/path1' url path\napp.use('/path2', express.static(__dirname + '/otherdirectory')); // Serves files as named in the '/path2' url path\n","answerId":"60879319","answerUrl":"https://stackoverflow.com/a/60879319","voteCount":1,"isAccepted":false,"lastModified":"2020-03-27T02:50:33.000Z"}],"areSignaturesLoading":false,"title":"Express routes to serve directory of static content","snippet":"I am trying to create an express route using app.get to load the contents of the 'www' directory but dynamically I used res.sendFile: app.get(\"/ ...","url":"https://stackoverflow.com/questions/60878869/express-routes-to-serve-directory-of-static-content","displayLink":"https://stackoverflow.com › questions › express-routes-t...","snippetHighlightWords":["create","express route","directory"],"date":"Mar 27, 2020"},{"signatures":[],"areSignaturesLoading":false,"title":"How to serve static files to different routes in Express?","snippet":"How to serve static files to different routes in Express? ; Try app.use('/public(/*)?', express.static(__dirname + '/public')) . Does that work?","url":"https://stackoverflow.com/questions/55853857/how-to-serve-static-files-to-different-routes-in-express","displayLink":"https://stackoverflow.com › questions › how-to-serve-st...","snippetHighlightWords":["serve static files","routes","Express","express","static"],"date":"Apr 25, 2019"},{"signatures":[{"answerKeywords":["files","route","a","files","files","route","a","files","serve","a","a","files","to","a","a","express","a","a","a","a","a","a","a","a","a","a","a","a"],"answerWordCount":861,"text":"use(string, function)","parentType":"any","name":"use","arguments":[{"type":"string"},{"type":"(req: any, res: any) => any"}],"returnType":"any","usage":"app.use(\"/files\", function (req, res) {\n  return res.send(\"I will be served instead of a files directory\");\n})","definition":"","source":"// Define `/files` route first\napp.use(\"/files\", function (req, res) {\n  return res.send(\"I will be served instead of a files directory\");\n});\n\n// Static\napp.use(\"/\", express.static(__dirname));\n","answerId":"65116954","answerUrl":"https://stackoverflow.com/a/65116954","voteCount":2,"isAccepted":true,"lastModified":"2020-12-03T04:19:23.000Z"},{"answerKeywords":["files","route","a","files","files","route","a","files","serve","a","a","files","to","a","a","express","a","a","a","a","a","a","a","a","a","a","a","a"],"answerWordCount":861,"text":"use(string, unknown)","parentType":"any","name":"use","arguments":[{"type":"string"},{"type":"any"}],"returnType":"any","usage":"app.use(\"/\", express.static(__dirname))","definition":"","source":"// Define `/files` route first\napp.use(\"/files\", function (req, res) {\n  return res.send(\"I will be served instead of a files directory\");\n});\n\n// Static\napp.use(\"/\", express.static(__dirname));\n","answerId":"65116954","answerUrl":"https://stackoverflow.com/a/65116954","voteCount":2,"isAccepted":true,"lastModified":"2020-12-03T04:19:23.000Z"},{"answerKeywords":["files","route","a","files","files","route","a","files","serve","a","a","files","to","a","a","express","a","a","a","a","a","a","a","a","a","a","a","a"],"answerWordCount":861,"text":"static(unknown)","parentType":"any","name":"static","arguments":[{"type":"any"}],"returnType":"any","usage":"express.static(__dirname)","definition":"","source":"// Define `/files` route first\napp.use(\"/files\", function (req, res) {\n  return res.send(\"I will be served instead of a files directory\");\n});\n\n// Static\napp.use(\"/\", express.static(__dirname));\n","answerId":"65116954","answerUrl":"https://stackoverflow.com/a/65116954","voteCount":2,"isAccepted":true,"lastModified":"2020-12-03T04:19:23.000Z"},{"answerKeywords":["express","express","path","path","a","express","a","express","a","path","a","a","a","path","a","a","a","a","a","a","a","a","a","a","a","a","a","a","a","a","a","a","a"],"answerWordCount":991,"text":"express()","name":"express","arguments":[],"returnType":"any","usage":"const app = express();","definition":"","source":"const express = require('express');\nconst path = require('path');\nconst app = express();\napp.use('/public',express.static(path.join(__dirname,'static')));\napp.get('/',(req,res)=> {\n          res.sendFile(path.join(__dirname,'static','index.html');\n         });\napp.listen(3000);\n","answerId":"68244233","answerUrl":"https://stackoverflow.com/a/68244233","voteCount":0,"isAccepted":false,"lastModified":"2021-07-04T11:23:24.000Z"},{"answerKeywords":["express","express","path","path","a","express","a","express","a","path","a","a","a","path","a","a","a","a","a","a","a","a","a","a","a","a","a","a","a","a","a","a","a"],"answerWordCount":991,"text":"use(string, unknown)","parentType":"any","name":"use","arguments":[{"type":"string"},{"type":"any"}],"returnType":"any","usage":"app.use('/public',express.static(path.join(__dirname,'static')))","definition":"const app = express();","source":"const express = require('express');\nconst path = require('path');\nconst app = express();\napp.use('/public',express.static(path.join(__dirname,'static')));\napp.get('/',(req,res)=> {\n          res.sendFile(path.join(__dirname,'static','index.html');\n         });\napp.listen(3000);\n","answerId":"68244233","answerUrl":"https://stackoverflow.com/a/68244233","voteCount":0,"isAccepted":false,"lastModified":"2021-07-04T11:23:24.000Z"},{"answerKeywords":["express","express","path","path","a","express","a","express","a","path","a","a","a","path","a","a","a","a","a","a","a","a","a","a","a","a","a","a","a","a","a","a","a"],"answerWordCount":991,"text":"static(unknown)","parentType":"any","name":"static","arguments":[{"type":"any"}],"returnType":"any","usage":"express.static(path.join(__dirname,'static'))","definition":"","source":"const express = require('express');\nconst path = require('path');\nconst app = express();\napp.use('/public',express.static(path.join(__dirname,'static')));\napp.get('/',(req,res)=> {\n          res.sendFile(path.join(__dirname,'static','index.html');\n         });\napp.listen(3000);\n","answerId":"68244233","answerUrl":"https://stackoverflow.com/a/68244233","voteCount":0,"isAccepted":false,"lastModified":"2021-07-04T11:23:24.000Z"},{"answerKeywords":["express","express","path","path","a","express","a","express","a","path","a","a","a","path","a","a","a","a","a","a","a","a","a","a","a","a","a","a","a","a","a","a","a"],"answerWordCount":991,"text":"join(unknown, string)","parentType":"any","name":"join","arguments":[{"type":"any"},{"type":"string"}],"returnType":"any","usage":"path.join(__dirname,'static')","definition":"","source":"const express = require('express');\nconst path = require('path');\nconst app = express();\napp.use('/public',express.static(path.join(__dirname,'static')));\napp.get('/',(req,res)=> {\n          res.sendFile(path.join(__dirname,'static','index.html');\n         });\napp.listen(3000);\n","answerId":"68244233","answerUrl":"https://stackoverflow.com/a/68244233","voteCount":0,"isAccepted":false,"lastModified":"2021-07-04T11:23:24.000Z"},{"answerKeywords":["express","express","path","path","a","express","a","express","a","path","a","a","a","path","a","a","a","a","a","a","a","a","a","a","a","a","a","a","a","a","a","a","a"],"answerWordCount":991,"text":"get(string, function)","parentType":"any","name":"get","arguments":[{"type":"string"},{"type":"(req: any, res: any) => void"}],"returnType":"any","usage":"app.get('/',(req,res)=> {\n          res.sendFile(path.join(__dirname,'static','index.html');\n         })","definition":"const app = express();","source":"const express = require('express');\nconst path = require('path');\nconst app = express();\napp.use('/public',express.static(path.join(__dirname,'static')));\napp.get('/',(req,res)=> {\n          res.sendFile(path.join(__dirname,'static','index.html');\n         });\napp.listen(3000);\n","answerId":"68244233","answerUrl":"https://stackoverflow.com/a/68244233","voteCount":0,"isAccepted":false,"lastModified":"2021-07-04T11:23:24.000Z"},{"answerKeywords":["express","express","path","path","a","express","a","express","a","path","a","a","a","path","a","a","a","a","a","a","a","a","a","a","a","a","a","a","a","a","a","a","a"],"answerWordCount":991,"text":"listen(number)","parentType":"any","name":"listen","arguments":[{"type":"number"}],"returnType":"any","usage":"app.listen(3000)","definition":"const app = express();","source":"const express = require('express');\nconst path = require('path');\nconst app = express();\napp.use('/public',express.static(path.join(__dirname,'static')));\napp.get('/',(req,res)=> {\n          res.sendFile(path.join(__dirname,'static','index.html');\n         });\napp.listen(3000);\n","answerId":"68244233","answerUrl":"https://stackoverflow.com/a/68244233","voteCount":0,"isAccepted":false,"lastModified":"2021-07-04T11:23:24.000Z"}],"areSignaturesLoading":false,"title":"How to serve static files in ExpressJS on some paths and not ...","snippet":"I have this piece of code: var express = require('express'); var app = express(); express. static(__dirname); app.","url":"https://stackoverflow.com/questions/65115458/how-to-serve-static-files-in-expressjs-on-some-paths-and-not-others","displayLink":"https://stackoverflow.com › questions › how-to-serve-st...","snippetHighlightWords":["express","express","express","express","static"],"date":"Dec 2, 2020"},{"signatures":[],"areSignaturesLoading":false,"title":"How to force Express JS to serve files from the same directory ...","snippet":"Since you use express.static to serve files in the root directory, try changing the image paths to absolute paths (starting with an / ):","url":"https://stackoverflow.com/questions/64659708/how-to-force-express-js-to-serve-files-from-the-same-directory-regardless-of-rou","displayLink":"https://stackoverflow.com › questions › how-to-force-e...","snippetHighlightWords":["express","static","serve files","directory","paths","paths"],"date":"Nov 3, 2020"},{"signatures":[{"answerKeywords":["a","route","to","a","a","path","a","a","a","a","a","a","a","path","a","a","a","a","a","a","a","a","a","a","route","a","a","a","a","a","a","a"],"answerWordCount":959,"text":"get(string, unknown)","parentType":"any","name":"get","arguments":[{"type":"string"},{"type":"any"}],"returnType":"any","usage":"app.get('/xyz/api/user', authApi.user)","definition":"","source":"app.get('/xyz/api/user', authApi.user);\napp.use('/xyz/',Express.static(path.join(__dirname,'/app')));\n","answerId":"42977199","answerUrl":"https://stackoverflow.com/a/42977199","voteCount":2,"isAccepted":true,"lastModified":"2017-03-23T13:17:14.000Z"},{"answerKeywords":["a","route","to","a","a","path","a","a","a","a","a","a","a","path","a","a","a","a","a","a","a","a","a","a","route","a","a","a","a","a","a","a"],"answerWordCount":959,"text":"use(string, unknown)","parentType":"any","name":"use","arguments":[{"type":"string"},{"type":"any"}],"returnType":"any","usage":"app.use('/xyz/',Express.static(path.join(__dirname,'/app')))","definition":"","source":"app.get('/xyz/api/user', authApi.user);\napp.use('/xyz/',Express.static(path.join(__dirname,'/app')));\n","answerId":"42977199","answerUrl":"https://stackoverflow.com/a/42977199","voteCount":2,"isAccepted":true,"lastModified":"2017-03-23T13:17:14.000Z"},{"answerKeywords":["a","route","to","a","a","path","a","a","a","a","a","a","a","path","a","a","a","a","a","a","a","a","a","a","route","a","a","a","a","a","a","a"],"answerWordCount":959,"text":"static(unknown)","parentType":"any","name":"static","arguments":[{"type":"any"}],"returnType":"any","usage":"Express.static(path.join(__dirname,'/app'))","definition":"","source":"app.get('/xyz/api/user', authApi.user);\napp.use('/xyz/',Express.static(path.join(__dirname,'/app')));\n","answerId":"42977199","answerUrl":"https://stackoverflow.com/a/42977199","voteCount":2,"isAccepted":true,"lastModified":"2017-03-23T13:17:14.000Z"},{"answerKeywords":["a","route","to","a","a","path","a","a","a","a","a","a","a","path","a","a","a","a","a","a","a","a","a","a","route","a","a","a","a","a","a","a"],"answerWordCount":959,"text":"join(unknown, string)","parentType":"any","name":"join","arguments":[{"type":"any"},{"type":"string"}],"returnType":"any","usage":"path.join(__dirname,'/app')","definition":"","source":"app.get('/xyz/api/user', authApi.user);\napp.use('/xyz/',Express.static(path.join(__dirname,'/app')));\n","answerId":"42977199","answerUrl":"https://stackoverflow.com/a/42977199","voteCount":2,"isAccepted":true,"lastModified":"2017-03-23T13:17:14.000Z"}],"areSignaturesLoading":false,"title":"Express serving static files and routing - Stack Overflow","snippet":"I am using express js My root path is ...","url":"https://stackoverflow.com/questions/42977068/express-serving-static-files-and-routing","displayLink":"https://stackoverflow.com › questions › express-serving...","snippetHighlightWords":["express js","path"],"date":"Mar 23, 2017"},{"signatures":[{"answerKeywords":["to","serve","a","route","a","a","a","a","a","a","a","a","a","files","a","a","to","a","a","a","a","a","a","a","a","a","a","a"],"answerWordCount":874,"text":"get(string, function)","parentType":"any","name":"get","arguments":[{"type":"string"},{"type":"(req: any, res: any) => void"}],"returnType":"any","usage":"app.get('/about', function(req, res) {\n    res.render('about.html');\n})","definition":"","source":"app.get('/about', function(req, res) {\n    res.render('about.html');\n});\n","answerId":"30746847","answerUrl":"https://stackoverflow.com/a/30746847","voteCount":1,"isAccepted":false,"lastModified":"2015-06-10T06:49:04.000Z"},{"answerKeywords":["a","a","a","a","a","a","a","to","a","route","a","a","a","a","a","a","a","a","path","a","add","to","a","a","a","to","a","to","files","a","path","path","a","path","a","serve","files","a","a","a","a","files","a","serve","a","to","a","to","a","a","a","path","path","a","path","a","a","route","a","a","a","a","a","a","path","path","a","path","a","a","a","a","a","a","a","a"],"answerWordCount":1104,"text":"T[].reduce(function, U): U","parentType":"T[]","name":"reduce","arguments":[{"name":"callbackfn:(previousValue:U,currentValue:T,currentIndex:number,array:T[])=>U","type":"(previousValue: U, currentValue: T, currentIndex: number, array: T[]) => U"},{"name":"initialValue:U","type":"U"}],"returnType":"U","usage":"var staticFiles = [\"about\", \"index\", \"home\"].reduce(function(obj, item) {\n    obj[\"/\" + item] = true;\n    return obj;\n}, {});","definition":"","source":"// create static file lookup table for the desired names\nvar staticFiles = [\"about\", \"index\", \"home\"].reduce(function(obj, item) {\n    obj[\"/\" + item] = true;\n    return obj;\n}, {});\n\napp.use(function(req, res, next) {\n    // if the path is found in the lookup table, then\n    // add \".html\" onto the end and get that file from the base directory\n    // of you could use any source directory for those files\n    if (staticFiles[req.path]) {\n        res.sendFile(path.join(__dirname, req.path + \".html\"));\n        return;\n    }\n    next();\n});\n\napp.use(function(req, res, next) {\n    if (staticFiles[req.path]) {\n        res.sendFile(path.join(__dirname, \"html\", req.path + \".html\"));\n        return;\n    }\n    next();\n});\n\nvar staticFiles = new Set([\"/about\", \"/index\", \"/home\"]);\n\napp.use(function(req, res, next) {\n    if (staticFiles.has(req.path)) {\n        res.sendFile(path.join(__dirname, \"html\", req.path + \".html\"));\n        return;\n    }\n    next();\n});\n","answerId":"30747094","answerUrl":"https://stackoverflow.com/a/30747094","voteCount":0,"isAccepted":false,"lastModified":"2015-06-10T07:16:55.000Z"},{"answerKeywords":["a","a","a","a","a","a","a","to","a","route","a","a","a","a","a","a","a","a","path","a","add","to","a","a","a","to","a","to","files","a","path","path","a","path","a","serve","files","a","a","a","a","files","a","serve","a","to","a","to","a","a","a","path","path","a","path","a","a","route","a","a","a","a","a","a","path","path","a","path","a","a","a","a","a","a","a","a"],"answerWordCount":1104,"text":"use(function)","parentType":"any","name":"use","arguments":[{"type":"(req: any, res: any, next: any) => void"}],"returnType":"any","usage":"app.use(function(req, res, next) {\n    // if the path is found in the lookup table, then\n    // add \".html\" onto the end and get that file from the base directory\n    // of you could use any source directory for those files\n    if (staticFiles[req.path]) {\n        res.sendFile(path.join(__dirname, req.path + \".html\"));\n        return;\n    }\n    next();\n})","definition":"","source":"// create static file lookup table for the desired names\nvar staticFiles = [\"about\", \"index\", \"home\"].reduce(function(obj, item) {\n    obj[\"/\" + item] = true;\n    return obj;\n}, {});\n\napp.use(function(req, res, next) {\n    // if the path is found in the lookup table, then\n    // add \".html\" onto the end and get that file from the base directory\n    // of you could use any source directory for those files\n    if (staticFiles[req.path]) {\n        res.sendFile(path.join(__dirname, req.path + \".html\"));\n        return;\n    }\n    next();\n});\n\napp.use(function(req, res, next) {\n    if (staticFiles[req.path]) {\n        res.sendFile(path.join(__dirname, \"html\", req.path + \".html\"));\n        return;\n    }\n    next();\n});\n\nvar staticFiles = new Set([\"/about\", \"/index\", \"/home\"]);\n\napp.use(function(req, res, next) {\n    if (staticFiles.has(req.path)) {\n        res.sendFile(path.join(__dirname, \"html\", req.path + \".html\"));\n        return;\n    }\n    next();\n});\n","answerId":"30747094","answerUrl":"https://stackoverflow.com/a/30747094","voteCount":0,"isAccepted":false,"lastModified":"2015-06-10T07:16:55.000Z"},{"answerKeywords":["a","a","a","a","a","a","a","to","a","route","a","a","a","a","a","a","a","a","path","a","add","to","a","a","a","to","a","to","files","a","path","path","a","path","a","serve","files","a","a","a","a","files","a","serve","a","to","a","to","a","a","a","path","path","a","path","a","a","route","a","a","a","a","a","a","path","path","a","path","a","a","a","a","a","a","a","a"],"answerWordCount":1104,"text":"use(function)","parentType":"any","name":"use","arguments":[{"type":"(req: any, res: any, next: any) => void"}],"returnType":"any","usage":"app.use(function(req, res, next) {\n    if (staticFiles[req.path]) {\n        res.sendFile(path.join(__dirname, \"html\", req.path + \".html\"));\n        return;\n    }\n    next();\n})","definition":"","source":"// create static file lookup table for the desired names\nvar staticFiles = [\"about\", \"index\", \"home\"].reduce(function(obj, item) {\n    obj[\"/\" + item] = true;\n    return obj;\n}, {});\n\napp.use(function(req, res, next) {\n    // if the path is found in the lookup table, then\n    // add \".html\" onto the end and get that file from the base directory\n    // of you could use any source directory for those files\n    if (staticFiles[req.path]) {\n        res.sendFile(path.join(__dirname, req.path + \".html\"));\n        return;\n    }\n    next();\n});\n\napp.use(function(req, res, next) {\n    if (staticFiles[req.path]) {\n        res.sendFile(path.join(__dirname, \"html\", req.path + \".html\"));\n        return;\n    }\n    next();\n});\n\nvar staticFiles = new Set([\"/about\", \"/index\", \"/home\"]);\n\napp.use(function(req, res, next) {\n    if (staticFiles.has(req.path)) {\n        res.sendFile(path.join(__dirname, \"html\", req.path + \".html\"));\n        return;\n    }\n    next();\n});\n","answerId":"30747094","answerUrl":"https://stackoverflow.com/a/30747094","voteCount":0,"isAccepted":false,"lastModified":"2015-06-10T07:16:55.000Z"},{"answerKeywords":["a","a","a","a","a","a","a","to","a","route","a","a","a","a","a","a","a","a","path","a","add","to","a","a","a","to","a","to","files","a","path","path","a","path","a","serve","files","a","a","a","a","files","a","serve","a","to","a","to","a","a","a","path","path","a","path","a","a","route","a","a","a","a","a","a","path","path","a","path","a","a","a","a","a","a","a","a"],"answerWordCount":1104,"text":"use(function)","parentType":"any","name":"use","arguments":[{"type":"(req: any, res: any, next: any) => void"}],"returnType":"any","usage":"app.use(function(req, res, next) {\n    if (staticFiles.has(req.path)) {\n        res.sendFile(path.join(__dirname, \"html\", req.path + \".html\"));\n        return;\n    }\n    next();\n})","definition":"","source":"// create static file lookup table for the desired names\nvar staticFiles = [\"about\", \"index\", \"home\"].reduce(function(obj, item) {\n    obj[\"/\" + item] = true;\n    return obj;\n}, {});\n\napp.use(function(req, res, next) {\n    // if the path is found in the lookup table, then\n    // add \".html\" onto the end and get that file from the base directory\n    // of you could use any source directory for those files\n    if (staticFiles[req.path]) {\n        res.sendFile(path.join(__dirname, req.path + \".html\"));\n        return;\n    }\n    next();\n});\n\napp.use(function(req, res, next) {\n    if (staticFiles[req.path]) {\n        res.sendFile(path.join(__dirname, \"html\", req.path + \".html\"));\n        return;\n    }\n    next();\n});\n\nvar staticFiles = new Set([\"/about\", \"/index\", \"/home\"]);\n\napp.use(function(req, res, next) {\n    if (staticFiles.has(req.path)) {\n        res.sendFile(path.join(__dirname, \"html\", req.path + \".html\"));\n        return;\n    }\n    next();\n});\n","answerId":"30747094","answerUrl":"https://stackoverflow.com/a/30747094","voteCount":0,"isAccepted":false,"lastModified":"2015-06-10T07:16:55.000Z"},{"answerKeywords":["a","express","a","path","a","a","to","a","a","a","a","a","a","a","a","to","a","a","a","a","a","a","a","a","route","a","a","a","a","a","a","a","a","a","a"],"answerWordCount":1267,"text":"use(unknown)","parentType":"any","name":"use","arguments":[{"type":"any"}],"returnType":"any","usage":"app.use(express.static(path.join(__dirname, 'xyz')))","definition":"","source":"app.use(express.static(path.join(__dirname, 'xyz')));\n","answerId":"30746844","answerUrl":"https://stackoverflow.com/a/30746844","voteCount":-1,"isAccepted":false,"lastModified":"2015-06-10T03:59:13.000Z"},{"answerKeywords":["a","express","a","path","a","a","to","a","a","a","a","a","a","a","a","to","a","a","a","a","a","a","a","a","route","a","a","a","a","a","a","a","a","a","a"],"answerWordCount":1267,"text":"static(unknown)","parentType":"any","name":"static","arguments":[{"type":"any"}],"returnType":"any","usage":"express.static(path.join(__dirname, 'xyz'))","definition":"","source":"app.use(express.static(path.join(__dirname, 'xyz')));\n","answerId":"30746844","answerUrl":"https://stackoverflow.com/a/30746844","voteCount":-1,"isAccepted":false,"lastModified":"2015-06-10T03:59:13.000Z"},{"answerKeywords":["a","express","a","path","a","a","to","a","a","a","a","a","a","a","a","to","a","a","a","a","a","a","a","a","route","a","a","a","a","a","a","a","a","a","a"],"answerWordCount":1267,"text":"join(unknown, string)","parentType":"any","name":"join","arguments":[{"type":"any"},{"type":"string"}],"returnType":"any","usage":"path.join(__dirname, 'xyz')","definition":"","source":"app.use(express.static(path.join(__dirname, 'xyz')));\n","answerId":"30746844","answerUrl":"https://stackoverflow.com/a/30746844","voteCount":-1,"isAccepted":false,"lastModified":"2015-06-10T03:59:13.000Z"}],"areSignaturesLoading":false,"title":"Serve static files using routes in express.js - Stack Overflow","snippet":"reduce(function(obj, item) { obj[\"/\" + item] = true; return obj; }, {}); app.use(function(req, res, next) { // if the path is found in the ...","url":"https://stackoverflow.com/questions/30746824/serve-static-files-using-routes-in-express-js","displayLink":"https://stackoverflow.com › questions › serve-static-files...","snippetHighlightWords":["path"],"date":"Jun 10, 2015"},{"signatures":[],"areSignaturesLoading":false,"title":"Express serve static files inside Router - Stack Overflow","snippet":"Use the express.static middleware in your route1.js file instead of simply passing the folder path string to the route.","url":"https://stackoverflow.com/questions/69692368/express-serve-static-files-inside-router","displayLink":"https://stackoverflow.com › questions › express-serve-st...","snippetHighlightWords":["express","static","js file","path","route"],"date":"Oct 23, 2021 1 answer"},{"signatures":[{"answerKeywords":["a","a","to","a","route","to","a","a","path","a","route","a","a","a","path","a","to","a","to","a","path","a","a","path","a","a","path","a","express","a","a","express","a","a","express","a","a","a","express","a","javascript","a","a","a","a","a","a","a","a","path","a","a","a","path","serve","a","a","files","a","a","a","a","a"],"answerWordCount":1009,"text":"use(unknown)","parentType":"any","name":"use","arguments":[{"type":"any"}],"returnType":"any","usage":"app.use(express.static('public'))","definition":"","source":"app.use(express.static('public')); app.use(express.static('/public/stylesheets')); app.use(express.static('/public/images')); app.use(express.static('/public/javascript\n","answerId":"36387588","answerUrl":"https://stackoverflow.com/a/36387588","voteCount":0,"isAccepted":false,"lastModified":"2016-04-03T15:50:16.000Z"},{"answerKeywords":["a","a","to","a","route","to","a","a","path","a","route","a","a","a","path","a","to","a","to","a","path","a","a","path","a","a","path","a","express","a","a","express","a","a","express","a","a","a","express","a","javascript","a","a","a","a","a","a","a","a","path","a","a","a","path","serve","a","a","files","a","a","a","a","a"],"answerWordCount":1009,"text":"static(string)","parentType":"any","name":"static","arguments":[{"type":"string"}],"returnType":"any","usage":"express.static('public')","definition":"","source":"app.use(express.static('public')); app.use(express.static('/public/stylesheets')); app.use(express.static('/public/images')); app.use(express.static('/public/javascript\n","answerId":"36387588","answerUrl":"https://stackoverflow.com/a/36387588","voteCount":0,"isAccepted":false,"lastModified":"2016-04-03T15:50:16.000Z"},{"answerKeywords":["a","a","to","a","route","to","a","a","path","a","route","a","a","a","path","a","to","a","to","a","path","a","a","path","a","a","path","a","express","a","a","express","a","a","express","a","a","a","express","a","javascript","a","a","a","a","a","a","a","a","path","a","a","a","path","serve","a","a","files","a","a","a","a","a"],"answerWordCount":1009,"text":"use(unknown)","parentType":"any","name":"use","arguments":[{"type":"any"}],"returnType":"any","usage":"app.use(express.static('/public/stylesheets'))","definition":"","source":"app.use(express.static('public')); app.use(express.static('/public/stylesheets')); app.use(express.static('/public/images')); app.use(express.static('/public/javascript\n","answerId":"36387588","answerUrl":"https://stackoverflow.com/a/36387588","voteCount":0,"isAccepted":false,"lastModified":"2016-04-03T15:50:16.000Z"},{"answerKeywords":["a","a","to","a","route","to","a","a","path","a","route","a","a","a","path","a","to","a","to","a","path","a","a","path","a","a","path","a","express","a","a","express","a","a","express","a","a","a","express","a","javascript","a","a","a","a","a","a","a","a","path","a","a","a","path","serve","a","a","files","a","a","a","a","a"],"answerWordCount":1009,"text":"static(string)","parentType":"any","name":"static","arguments":[{"type":"string"}],"returnType":"any","usage":"express.static('/public/stylesheets')","definition":"","source":"app.use(express.static('public')); app.use(express.static('/public/stylesheets')); app.use(express.static('/public/images')); app.use(express.static('/public/javascript\n","answerId":"36387588","answerUrl":"https://stackoverflow.com/a/36387588","voteCount":0,"isAccepted":false,"lastModified":"2016-04-03T15:50:16.000Z"},{"answerKeywords":["a","a","to","a","route","to","a","a","path","a","route","a","a","a","path","a","to","a","to","a","path","a","a","path","a","a","path","a","express","a","a","express","a","a","express","a","a","a","express","a","javascript","a","a","a","a","a","a","a","a","path","a","a","a","path","serve","a","a","files","a","a","a","a","a"],"answerWordCount":1009,"text":"use(unknown)","parentType":"any","name":"use","arguments":[{"type":"any"}],"returnType":"any","usage":"app.use(express.static('/public/images'))","definition":"","source":"app.use(express.static('public')); app.use(express.static('/public/stylesheets')); app.use(express.static('/public/images')); app.use(express.static('/public/javascript\n","answerId":"36387588","answerUrl":"https://stackoverflow.com/a/36387588","voteCount":0,"isAccepted":false,"lastModified":"2016-04-03T15:50:16.000Z"},{"answerKeywords":["a","a","to","a","route","to","a","a","path","a","route","a","a","a","path","a","to","a","to","a","path","a","a","path","a","a","path","a","express","a","a","express","a","a","express","a","a","a","express","a","javascript","a","a","a","a","a","a","a","a","path","a","a","a","path","serve","a","a","files","a","a","a","a","a"],"answerWordCount":1009,"text":"static(string)","parentType":"any","name":"static","arguments":[{"type":"string"}],"returnType":"any","usage":"express.static('/public/images')","definition":"","source":"app.use(express.static('public')); app.use(express.static('/public/stylesheets')); app.use(express.static('/public/images')); app.use(express.static('/public/javascript\n","answerId":"36387588","answerUrl":"https://stackoverflow.com/a/36387588","voteCount":0,"isAccepted":false,"lastModified":"2016-04-03T15:50:16.000Z"},{"answerKeywords":["a","a","to","a","route","to","a","a","path","a","route","a","a","a","path","a","to","a","to","a","path","a","a","path","a","a","path","a","express","a","a","express","a","a","express","a","a","a","express","a","javascript","a","a","a","a","a","a","a","a","path","a","a","a","path","serve","a","a","files","a","a","a","a","a"],"answerWordCount":1009,"text":"use(unknown)","parentType":"any","name":"use","arguments":[{"type":"any"}],"returnType":"any","usage":"app.use(express.static('/public/javascript","definition":"","source":"app.use(express.static('public')); app.use(express.static('/public/stylesheets')); app.use(express.static('/public/images')); app.use(express.static('/public/javascript\n","answerId":"36387588","answerUrl":"https://stackoverflow.com/a/36387588","voteCount":0,"isAccepted":false,"lastModified":"2016-04-03T15:50:16.000Z"},{"answerKeywords":["a","a","to","a","route","to","a","a","path","a","route","a","a","a","path","a","to","a","to","a","path","a","a","path","a","a","path","a","express","a","a","express","a","a","express","a","a","a","express","a","javascript","a","a","a","a","a","a","a","a","path","a","a","a","path","serve","a","a","files","a","a","a","a","a"],"answerWordCount":1009,"text":"static(string)","parentType":"any","name":"static","arguments":[{"type":"string"}],"returnType":"any","usage":"express.static('/public/javascript","definition":"","source":"app.use(express.static('public')); app.use(express.static('/public/stylesheets')); app.use(express.static('/public/images')); app.use(express.static('/public/javascript\n","answerId":"36387588","answerUrl":"https://stackoverflow.com/a/36387588","voteCount":0,"isAccepted":false,"lastModified":"2016-04-03T15:50:16.000Z"}],"areSignaturesLoading":false,"title":"how to serve static files with nodejs in multiple routing","snippet":"Its seems that when you make request to any route then it try to fetch that file from that URL path i.e - when you call /route1 then it will ...","url":"https://stackoverflow.com/questions/36383137/how-to-serve-static-files-with-nodejs-in-multiple-routing","displayLink":"https://stackoverflow.com › questions › how-to-serve-st...","snippetHighlightWords":["route","file","path"],"date":"Apr 3, 2016 1 answer"},{"signatures":[],"areSignaturesLoading":false,"title":"Express, how to always serve static directory? - Stack Overflow","snippet":"app.use(express.static(path.join(__dirname, 'build'))); app.","url":"https://stackoverflow.com/questions/61090344/express-how-to-always-serve-static-directory","displayLink":"https://stackoverflow.com › questions › express-how-to...","snippetHighlightWords":["express","static","path"],"date":"Apr 7, 2020"},{"signatures":[],"areSignaturesLoading":false,"title":"How to serve file with static resources on all routes in Express ...","snippet":"html file to be /main.js , not just main.js . Without the leading / , then the browser adds the path of the HTML file to the request and that ...","url":"https://stackoverflow.com/questions/66882846/how-to-serve-file-with-static-resources-on-all-routes-in-express-js","displayLink":"https://stackoverflow.com › questions › how-to-serve-fi...","snippetHighlightWords":["file","js","js","adds","path","file"],"date":"Mar 31, 2021"}],"events":[{"timestamp":"2022-11-21T20:51:12.068Z","url":"https://stackoverflow.com/questions/64659708/how-to-force-express-js-to-serve-files-from-the-same-directory-regardless-of-rou","component":"projection","action":"loaded","data":"projection 1 of 10"},{"timestamp":"2022-11-21T20:51:12.115Z","url":"https://stackoverflow.com/questions/55853857/how-to-serve-static-files-to-different-routes-in-express","component":"projection","action":"loaded","data":"projection 2 of 10"},{"timestamp":"2022-11-21T20:51:12.396Z","url":"https://stackoverflow.com/questions/69692368/express-serve-static-files-inside-router","component":"projection","action":"loaded","data":"projection 3 of 10"},{"timestamp":"2022-11-21T20:51:13.085Z","url":"https://stackoverflow.com/questions/42977068/express-serving-static-files-and-routing","component":"projection","action":"loaded","data":"projection 4 of 10"},{"timestamp":"2022-11-21T20:51:13.446Z","url":"https://stackoverflow.com/questions/65115458/how-to-serve-static-files-in-expressjs-on-some-paths-and-not-others","component":"projection","action":"loaded","data":"projection 5 of 10"},{"timestamp":"2022-11-21T20:51:13.493Z","url":"https://stackoverflow.com/questions/61090344/express-how-to-always-serve-static-directory","component":"projection","action":"loaded","data":"projection 6 of 10"},{"timestamp":"2022-11-21T20:51:13.614Z","url":"https://stackoverflow.com/questions/60878869/express-routes-to-serve-directory-of-static-content","component":"projection","action":"loaded","data":"projection 7 of 10"},{"timestamp":"2022-11-21T20:51:13.657Z","url":"https://stackoverflow.com/questions/36383137/how-to-serve-static-files-with-nodejs-in-multiple-routing","component":"projection","action":"loaded","data":"projection 8 of 10"},{"timestamp":"2022-11-21T20:51:13.725Z","url":"https://stackoverflow.com/questions/66882846/how-to-serve-file-with-static-resources-on-all-routes-in-express-js","component":"projection","action":"loaded","data":"projection 9 of 10"},{"timestamp":"2022-11-21T20:51:14.095Z","url":"https://stackoverflow.com/questions/30746824/serve-static-files-using-routes-in-express-js","component":"projection","action":"loaded","data":"projection 10 of 10"},{"timestamp":"2022-11-21T20:51:14.328Z","url":"https://stackoverflow.com/questions/65115458/how-to-serve-static-files-in-expressjs-on-some-paths-and-not-others","component":"projection","action":"mouseenter"},{"timestamp":"2022-11-21T20:51:15.008Z","url":"https://stackoverflow.com/questions/65115458/how-to-serve-static-files-in-expressjs-on-some-paths-and-not-others","component":"projection","action":"mouseleave"},{"timestamp":"2022-11-21T20:51:15.010Z","url":"https://stackoverflow.com/questions/55853857/how-to-serve-static-files-to-different-routes-in-express","component":"projection","action":"mouseenter"},{"timestamp":"2022-11-21T20:51:15.095Z","url":"https://stackoverflow.com/questions/55853857/how-to-serve-static-files-to-different-routes-in-express","component":"projection","action":"mouseleave"},{"timestamp":"2022-11-21T20:51:15.098Z","url":"https://stackoverflow.com/questions/60878869/express-routes-to-serve-directory-of-static-content","component":"projection","action":"mouseenter"},{"timestamp":"2022-11-21T20:51:15.108Z","url":"","component":"projection","action":"mouseenter","data":"join(unknown, string)"},{"timestamp":"2022-11-21T20:51:15.125Z","url":"","component":"projection","action":"mouseleave","data":"join(unknown, string)"},{"timestamp":"2022-11-21T20:51:15.126Z","url":"","component":"projection","action":"mouseenter","data":"use(string, unknown)"},{"timestamp":"2022-11-21T20:51:15.174Z","url":"","component":"projection","action":"mouseleave","data":"use(string, unknown)"},{"timestamp":"2022-11-21T20:51:15.176Z","url":"","component":"projection","action":"mouseenter","data":"static(string)"},{"timestamp":"2022-11-21T20:51:16.230Z","url":"https://stackoverflow.com/questions/60878869/express-routes-to-serve-directory-of-static-content","component":"projection","action":"expand","data":"static(string)"},{"timestamp":"2022-11-21T20:51:16.760Z","url":"https://stackoverflow.com/questions/60878869/express-routes-to-serve-directory-of-static-content","component":"projection","action":"tab","data":{"name":"usage","height":49,"width":289.765625,"wc":3,"lc":1,"sig":"static(string)"}},{"timestamp":"2022-11-21T20:51:30.108Z","url":"","component":"projection","action":"mouseleave","data":"static(string)"},{"timestamp":"2022-11-21T20:51:33.477Z","url":"https://stackoverflow.com/questions/60878869/express-routes-to-serve-directory-of-static-content","component":"page","action":"open"},{"timestamp":"2022-11-21T20:51:33.525Z","url":"https://stackoverflow.com/questions/60878869/express-routes-to-serve-directory-of-static-content","component":"projection","action":"mouseleave"},{"timestamp":"2022-11-21T20:51:34.098Z","url":"https://stackoverflow.com/questions/60878869/express-routes-to-serve-directory-of-static-content","component":"page","action":"load"},{"timestamp":"2022-11-21T20:51:36.006Z","url":"https://stackoverflow.com/questions/60878869/express-routes-to-serve-directory-of-static-content","component":"page","action":"scroll","data":{"viewport":{"x":0,"y":1000,"height":852,"width":471},"document":{"height":4319,"width":454},"question":{"identifier":"60878869","top":-858.96875,"bottom":93.4375,"right":438,"left":16,"width":422,"height":952.40625},"answers":[{"identifier":"60879014","top":173.71875,"bottom":788.03125,"right":438,"left":16,"width":422,"height":614.3125},{"identifier":"60879319","top":788.03125,"bottom":1390.46875,"right":438,"left":16,"width":422,"height":602.4375}]}},{"timestamp":"2022-11-21T20:51:43.096Z","url":"https://stackoverflow.com/questions/60878869/express-routes-to-serve-directory-of-static-content","component":"page","action":"selection","data":"express.static(path.join(__dirname, 'public'))"},{"timestamp":"2022-11-21T20:51:44.315Z","url":"https://stackoverflow.com/questions/60878869/express-routes-to-serve-directory-of-static-content","component":"page","action":"copy","data":"express.static(path.join(__dirname, 'public'))"},{"timestamp":"2022-11-21T20:52:23.357Z","url":"https://stackoverflow.com/questions/60878869/express-routes-to-serve-directory-of-static-content","component":"page","action":"scroll","data":{"viewport":{"x":0,"y":0,"height":852,"width":471},"document":{"height":4319,"width":454},"question":{"identifier":"60878869","top":141.03125,"bottom":1093.4375,"right":438,"left":16,"width":422,"height":952.40625},"answers":[{"identifier":"60879014","top":1173.71875,"bottom":1788.03125,"right":438,"left":16,"width":422,"height":614.3125},{"identifier":"60879319","top":1788.03125,"bottom":2390.46875,"right":438,"left":16,"width":422,"height":602.4375}]}},{"timestamp":"2022-11-21T20:52:30.615Z","url":"https://stackoverflow.com/questions/60878869/express-routes-to-serve-directory-of-static-content","component":"page","action":"selection","data":"app.get(\"/mypath\""},{"timestamp":"2022-11-21T20:52:33.231Z","url":"https://stackoverflow.com/questions/60878869/express-routes-to-serve-directory-of-static-content","component":"page","action":"copy","data":"app.get(\"/mypath\""},{"timestamp":"2022-11-21T20:52:36.908Z","url":"https://stackoverflow.com/questions/60878869/express-routes-to-serve-directory-of-static-content","component":"page","action":"scroll","data":{"viewport":{"x":0,"y":900,"height":852,"width":471},"document":{"height":4319,"width":454},"question":{"identifier":"60878869","top":-758.96875,"bottom":193.4375,"right":438,"left":16,"width":422,"height":952.40625},"answers":[{"identifier":"60879014","top":273.71875,"bottom":888.03125,"right":438,"left":16,"width":422,"height":614.3125},{"identifier":"60879319","top":888.03125,"bottom":1490.46875,"right":438,"left":16,"width":422,"height":602.4375}]}},{"timestamp":"2022-11-21T20:52:56.181Z","url":"https://stackoverflow.com/questions/60878869/express-routes-to-serve-directory-of-static-content","component":"page","action":"close"},{"timestamp":"2022-11-21T20:52:56.542Z","url":"https://stackoverflow.com/questions/60878869/express-routes-to-serve-directory-of-static-content","component":"projection","action":"mouseenter"},{"timestamp":"2022-11-21T20:52:56.545Z","url":"","component":"projection","action":"mouseenter","data":"static(string)"},{"timestamp":"2022-11-21T20:52:56.789Z","url":"","component":"projection","action":"mouseleave","data":"static(string)"},{"timestamp":"2022-11-21T20:52:56.806Z","url":"","component":"projection","action":"mouseenter","data":"use(string, unknown)"},{"timestamp":"2022-11-21T20:52:56.823Z","url":"","component":"projection","action":"mouseleave","data":"use(string, unknown)"},{"timestamp":"2022-11-21T20:52:56.825Z","url":"","component":"projection","action":"mouseenter","data":"join(unknown, string)"},{"timestamp":"2022-11-21T20:52:56.856Z","url":"","component":"projection","action":"mouseleave","data":"join(unknown, string)"},{"timestamp":"2022-11-21T20:52:56.873Z","url":"https://stackoverflow.com/questions/60878869/express-routes-to-serve-directory-of-static-content","component":"projection","action":"mouseleave"},{"timestamp":"2022-11-21T20:52:56.875Z","url":"https://stackoverflow.com/questions/55853857/how-to-serve-static-files-to-different-routes-in-express","component":"projection","action":"mouseenter"},{"timestamp":"2022-11-21T20:52:58.589Z","url":"https://stackoverflow.com/questions/55853857/how-to-serve-static-files-to-different-routes-in-express","component":"projection","action":"mouseleave"},{"timestamp":"2022-11-21T20:52:58.592Z","url":"https://stackoverflow.com/questions/65115458/how-to-serve-static-files-in-expressjs-on-some-paths-and-not-others","component":"projection","action":"mouseenter"},{"timestamp":"2022-11-21T20:52:58.889Z","url":"","component":"projection","action":"mouseenter","data":"static(unknown)"},{"timestamp":"2022-11-21T20:53:00.790Z","url":"","component":"projection","action":"mouseleave","data":"static(unknown)"},{"timestamp":"2022-11-21T20:53:01.098Z","url":"https://stackoverflow.com/questions/65115458/how-to-serve-static-files-in-expressjs-on-some-paths-and-not-others","component":"page","action":"open"},{"timestamp":"2022-11-21T20:53:01.140Z","url":"https://stackoverflow.com/questions/65115458/how-to-serve-static-files-in-expressjs-on-some-paths-and-not-others","component":"projection","action":"mouseleave"},{"timestamp":"2022-11-21T20:53:02.080Z","url":"https://stackoverflow.com/questions/65115458/how-to-serve-static-files-in-expressjs-on-some-paths-and-not-others","component":"page","action":"load"},{"timestamp":"2022-11-21T20:53:03.473Z","url":"https://stackoverflow.com/questions/65115458/how-to-serve-static-files-in-expressjs-on-some-paths-and-not-others","component":"page","action":"scroll","data":{"viewport":{"x":0,"y":500,"height":852,"width":471},"document":{"height":3772,"width":454},"question":{"identifier":"65115458","top":-358.96875,"bottom":558.3125,"right":438,"left":16,"width":422,"height":917.28125},"answers":[{"identifier":"65116954","top":638.59375,"bottom":1063.84375,"right":438,"left":16,"width":422,"height":425.25},{"identifier":"68244233","top":1063.84375,"bottom":1444.28125,"right":438,"left":16,"width":422,"height":380.4375}]}},{"timestamp":"2022-11-21T20:53:04.358Z","url":"https://stackoverflow.com/questions/65115458/how-to-serve-static-files-in-expressjs-on-some-paths-and-not-others","component":"page","action":"scroll","data":{"viewport":{"x":0,"y":1100,"height":852,"width":471},"document":{"height":3772,"width":454},"question":{"identifier":"65115458","top":-958.96875,"bottom":-41.6875,"right":438,"left":16,"width":422,"height":917.28125},"answers":[{"identifier":"65116954","top":38.59375,"bottom":463.84375,"right":438,"left":16,"width":422,"height":425.25},{"identifier":"68244233","top":463.84375,"bottom":844.28125,"right":438,"left":16,"width":422,"height":380.4375}]}},{"timestamp":"2022-11-21T20:53:05.587Z","url":"https://stackoverflow.com/questions/65115458/how-to-serve-static-files-in-expressjs-on-some-paths-and-not-others","component":"page","action":"scroll","data":{"viewport":{"x":0,"y":900,"height":852,"width":471},"document":{"height":3772,"width":454},"question":{"identifier":"65115458","top":-758.96875,"bottom":158.3125,"right":438,"left":16,"width":422,"height":917.28125},"answers":[{"identifier":"65116954","top":238.59375,"bottom":663.84375,"right":438,"left":16,"width":422,"height":425.25},{"identifier":"68244233","top":663.84375,"bottom":1044.28125,"right":438,"left":16,"width":422,"height":380.4375}]}}]}]}