{"trialId":"20014_1","taskId":"recent","appEvents":[{"timestamp":"2022-11-21T20:46:50.080Z","name":"resize","data":{"height":912,"width":475}},{"timestamp":"2022-11-21T20:47:08.081Z","name":"search","data":"search-start"},{"timestamp":"2022-11-21T20:47:11.023Z","name":"search","data":"search-done"},{"timestamp":"2022-11-21T20:48:58.892Z","name":"search","data":"search-start"},{"timestamp":"2022-11-21T20:49:00.119Z","name":"search","data":"search-done"},{"timestamp":"2022-11-21T20:49:11.049Z","name":"search","data":"search-start"},{"timestamp":"2022-11-21T20:49:14.975Z","name":"search","data":"search-done"},{"timestamp":"2022-11-21T20:50:40.364Z","name":"resize","data":{"height":0,"width":0}},{"timestamp":"2022-11-21T20:50:54.614Z","name":"resize","data":{"height":912,"width":475}}],"searches":[{"keywords":["subtract","time","from","date"],"context":{"tokens":[{"kind":"library","value":"moment"},{"kind":"language","value":"javascript"}]},"timestamp":"2022-11-21T20:47:08.079Z","results":[{"signatures":[],"areSignaturesLoading":true,"title":"javascript - subtract time from date - moment js - Stack Overflow","snippet":"There is a simple function subtract which moment library gives us to subtract time from some time. Using it ...","url":"https://stackoverflow.com/questions/24428656/subtract-time-from-date-moment-js","displayLink":"https://stackoverflow.com › questions › subtract-time-fr...","snippetHighlightWords":["subtract","moment","subtract time","time"],"date":"Jun 26, 2014"},{"signatures":[],"areSignaturesLoading":true,"title":"How to subtract 2 dates on momentjs - Stack Overflow","snippet":"1 Answer 1 ... You are correct, you can use moment's diff function to subtract two dates (see my example on Plunker): var date1 = moment('2016-10- ...","url":"https://stackoverflow.com/questions/40459932/how-to-subtract-2-dates-on-momentjs","displayLink":"https://stackoverflow.com › questions › how-to-subtract...","snippetHighlightWords":["moment's","subtract","dates","moment"],"date":"Nov 7, 2016 1 answer"},{"signatures":[],"areSignaturesLoading":true,"title":"How to subtract Time from current Time momentjs","snippet":"You can use endTime.subtract(duration, 'ms'). But for that endTime has to be a moment ...","url":"https://stackoverflow.com/questions/49169562/how-to-subtract-time-from-current-time-momentjs","displayLink":"https://stackoverflow.com › questions › how-to-subtract...","snippetHighlightWords":["subtract","moment"],"date":"Mar 8, 2018"},{"signatures":[],"areSignaturesLoading":true,"title":"React Moment subtract time format - Stack Overflow","snippet":"Here is the working code : const calculateTime = () => { if (this.state.start !== \"\" && this.state.end !==","url":"https://stackoverflow.com/questions/70643603/react-moment-subtract-time-format","displayLink":"https://stackoverflow.com › questions › react-moment-s...","date":"Jan 9, 2022 1 answer"},{"signatures":[],"areSignaturesLoading":true,"title":"How to deduct time in 24 hours using moment - Stack Overflow","snippet":"Yes you should use moment.js take a look here. Moment from method. In fact you can deduct time passed between to dates like this","url":"https://stackoverflow.com/questions/41533546/how-to-deduct-time-in-24-hours-using-moment","displayLink":"https://stackoverflow.com › questions › how-to-deduct-...","snippetHighlightWords":["moment","js","Moment","time","dates"],"date":"Jan 8, 2017"},{"signatures":[],"areSignaturesLoading":true,"title":"How to subtract time using moment - javascript - Stack Overflow","snippet":"Why don't you just return both dates ( startDate and endDate ) minus 1 day ? · this should answer your question · 1 · @BJRINT startDate and endDate ...","url":"https://stackoverflow.com/questions/56683364/how-to-subtract-time-using-moment","displayLink":"https://stackoverflow.com › questions › how-to-subtract...","snippetHighlightWords":["dates","minus"],"date":"Jun 20, 2019"},{"signatures":[],"areSignaturesLoading":true,"title":"How to subtract 2 times with moment.js, then ... - Stack Overflow","snippet":"// parse time using 24-hour clock and use UTC to prevent DST issues var start = moment.utc(startTime, \"HH:mm\"); var end = moment.utc(endTime ...","url":"https://stackoverflow.com/questions/34247283/how-to-subtract-2-times-with-moment-js-then-subtract-some-minutes","displayLink":"https://stackoverflow.com › questions › how-to-subtract...","snippetHighlightWords":["time","moment","moment"],"date":"Dec 13, 2015 2 answers"},{"signatures":[],"areSignaturesLoading":true,"title":"JavaScript subtract time in moment used in reactJS","snippet":"You can simply use .subtract function to do get the results you are after. You do not need to use split or anything like that!","url":"https://stackoverflow.com/questions/63543715/javascript-subtract-time-in-moment-used-in-reactjs","displayLink":"https://stackoverflow.com › questions › javascript-subtr...","snippetHighlightWords":["subtract"],"date":"Aug 23, 2020 4 answers"},{"signatures":[],"areSignaturesLoading":true,"title":"How to get the total Hours by Subtracting two dates using ...","snippet":"The format function returns a string. So, in your code, date1 and date2 are strings, not momentjs datetime values. Remove the call to format() .","url":"https://stackoverflow.com/questions/52326850/how-to-get-the-total-hours-by-subtracting-two-dates-using-moment","displayLink":"https://stackoverflow.com › questions › how-to-get-the-...","snippetHighlightWords":["momentjs datetime"],"date":"Sep 14, 2018"},{"signatures":[],"areSignaturesLoading":true,"title":"Format date and Subtract days using Moment.js - Stack Overflow","snippet":"I would like a variable to hold yesterday's date in the format DD-MM-YYYY using Moment.js. So if today is 15-04-2015, I would like to subtract a day and have 14 ...","url":"https://stackoverflow.com/questions/29651815/format-date-and-subtract-days-using-moment-js","displayLink":"https://stackoverflow.com › questions › format-date-an...","snippetHighlightWords":["date","Moment","js","subtract"]}],"events":[{"timestamp":"2022-11-21T20:47:09.840Z","url":"https://stackoverflow.com/questions/24428656/subtract-time-from-date-moment-js","component":"projection","action":"load","data":{"height":38,"width":425.484375,"wc":20,"lc":1}},{"timestamp":"2022-11-21T20:47:09.841Z","url":"https://stackoverflow.com/questions/40459932/how-to-subtract-2-dates-on-momentjs","component":"projection","action":"load","data":{"height":60,"width":430.75,"wc":27,"lc":1}},{"timestamp":"2022-11-21T20:47:09.841Z","url":"https://stackoverflow.com/questions/49169562/how-to-subtract-time-from-current-time-momentjs","component":"projection","action":"load","data":{"height":38,"width":437.203125,"wc":15,"lc":1}},{"timestamp":"2022-11-21T20:47:09.841Z","url":"https://stackoverflow.com/questions/70643603/react-moment-subtract-time-format","component":"projection","action":"load","data":{"height":38,"width":425.640625,"wc":19,"lc":1}},{"timestamp":"2022-11-21T20:47:09.841Z","url":"https://stackoverflow.com/questions/41533546/how-to-deduct-time-in-24-hours-using-moment","component":"projection","action":"load","data":{"height":60,"width":441.515625,"wc":24,"lc":1}},{"timestamp":"2022-11-21T20:47:09.841Z","url":"https://stackoverflow.com/questions/56683364/how-to-subtract-time-using-moment","component":"projection","action":"load","data":{"height":60,"width":431.96875,"wc":30,"lc":1}},{"timestamp":"2022-11-21T20:47:09.841Z","url":"https://stackoverflow.com/questions/34247283/how-to-subtract-2-times-with-moment-js-then-subtract-some-minutes","component":"projection","action":"load","data":{"height":60,"width":437.75,"wc":23,"lc":1}},{"timestamp":"2022-11-21T20:47:09.841Z","url":"https://stackoverflow.com/questions/63543715/javascript-subtract-time-in-moment-used-in-reactjs","component":"projection","action":"load","data":{"height":60,"width":430.671875,"wc":25,"lc":1}},{"timestamp":"2022-11-21T20:47:09.841Z","url":"https://stackoverflow.com/questions/52326850/how-to-get-the-total-hours-by-subtracting-two-dates-using-moment","component":"projection","action":"load","data":{"height":60,"width":442.546875,"wc":25,"lc":1}},{"timestamp":"2022-11-21T20:47:09.841Z","url":"https://stackoverflow.com/questions/29651815/format-date-and-subtract-days-using-moment-js","component":"projection","action":"load","data":{"height":60,"width":432.078125,"wc":31,"lc":1}},{"timestamp":"2022-11-21T20:47:09.846Z","url":"https://stackoverflow.com/questions/24428656/subtract-time-from-date-moment-js","component":"projection","action":"mouseenter"},{"timestamp":"2022-11-21T20:47:09.878Z","url":"https://stackoverflow.com/questions/24428656/subtract-time-from-date-moment-js","component":"projection","action":"mouseleave"},{"timestamp":"2022-11-21T20:47:09.879Z","url":"https://stackoverflow.com/questions/40459932/how-to-subtract-2-dates-on-momentjs","component":"projection","action":"mouseenter"},{"timestamp":"2022-11-21T20:47:09.924Z","url":"https://stackoverflow.com/questions/40459932/how-to-subtract-2-dates-on-momentjs","component":"projection","action":"mouseleave"},{"timestamp":"2022-11-21T20:47:11.023Z","url":"https://stackoverflow.com/questions/24428656/subtract-time-from-date-moment-js","component":"projection","action":"loaded","data":"projection 10 of 10"},{"timestamp":"2022-11-21T20:47:11.023Z","url":"https://stackoverflow.com/questions/40459932/how-to-subtract-2-dates-on-momentjs","component":"projection","action":"loaded","data":"projection 9 of 10"},{"timestamp":"2022-11-21T20:47:11.023Z","url":"https://stackoverflow.com/questions/49169562/how-to-subtract-time-from-current-time-momentjs","component":"projection","action":"loaded","data":"projection 8 of 10"},{"timestamp":"2022-11-21T20:47:11.023Z","url":"https://stackoverflow.com/questions/70643603/react-moment-subtract-time-format","component":"projection","action":"loaded","data":"projection 7 of 10"},{"timestamp":"2022-11-21T20:47:11.023Z","url":"https://stackoverflow.com/questions/41533546/how-to-deduct-time-in-24-hours-using-moment","component":"projection","action":"loaded","data":"projection 6 of 10"},{"timestamp":"2022-11-21T20:47:11.023Z","url":"https://stackoverflow.com/questions/56683364/how-to-subtract-time-using-moment","component":"projection","action":"loaded","data":"projection 5 of 10"},{"timestamp":"2022-11-21T20:47:11.023Z","url":"https://stackoverflow.com/questions/34247283/how-to-subtract-2-times-with-moment-js-then-subtract-some-minutes","component":"projection","action":"loaded","data":"projection 4 of 10"},{"timestamp":"2022-11-21T20:47:11.023Z","url":"https://stackoverflow.com/questions/63543715/javascript-subtract-time-in-moment-used-in-reactjs","component":"projection","action":"loaded","data":"projection 3 of 10"},{"timestamp":"2022-11-21T20:47:11.023Z","url":"https://stackoverflow.com/questions/52326850/how-to-get-the-total-hours-by-subtracting-two-dates-using-moment","component":"projection","action":"loaded","data":"projection 2 of 10"},{"timestamp":"2022-11-21T20:47:11.023Z","url":"https://stackoverflow.com/questions/29651815/format-date-and-subtract-days-using-moment-js","component":"projection","action":"loaded","data":"projection 1 of 10"},{"timestamp":"2022-11-21T20:47:11.661Z","url":"https://stackoverflow.com/questions/40459932/how-to-subtract-2-dates-on-momentjs","component":"projection","action":"mouseenter"},{"timestamp":"2022-11-21T20:47:15.833Z","url":"https://stackoverflow.com/questions/40459932/how-to-subtract-2-dates-on-momentjs","component":"page","action":"open"},{"timestamp":"2022-11-21T20:47:15.859Z","url":"https://stackoverflow.com/questions/40459932/how-to-subtract-2-dates-on-momentjs","component":"projection","action":"mouseleave"},{"timestamp":"2022-11-21T20:47:16.422Z","url":"https://stackoverflow.com/questions/40459932/how-to-subtract-2-dates-on-momentjs","component":"page","action":"load"},{"timestamp":"2022-11-21T20:47:18.655Z","url":"https://stackoverflow.com/questions/40459932/how-to-subtract-2-dates-on-momentjs","component":"page","action":"scroll","data":{"viewport":{"x":0,"y":700,"height":852,"width":471},"document":{"height":3886,"width":454},"question":{"identifier":"40459932","top":-589.796875,"bottom":18.546875,"right":438,"left":16,"width":422,"height":608.34375},"answers":[{"identifier":"40460820","top":98.828125,"bottom":1270.015625,"right":438,"left":16,"width":422,"height":1171.1875}]}},{"timestamp":"2022-11-21T20:47:19.787Z","url":"https://stackoverflow.com/questions/40459932/how-to-subtract-2-dates-on-momentjs","component":"page","action":"scroll","data":{"viewport":{"x":0,"y":600,"height":852,"width":471},"document":{"height":3886,"width":454},"question":{"identifier":"40459932","top":-489.796875,"bottom":118.546875,"right":438,"left":16,"width":422,"height":608.34375},"answers":[{"identifier":"40460820","top":198.828125,"bottom":1370.015625,"right":438,"left":16,"width":422,"height":1171.1875}]}},{"timestamp":"2022-11-21T20:47:26.262Z","url":"https://stackoverflow.com/questions/40459932/how-to-subtract-2-dates-on-momentjs","component":"page","action":"scroll","data":{"viewport":{"x":0,"y":700,"height":852,"width":471},"document":{"height":3886,"width":454},"question":{"identifier":"40459932","top":-589.796875,"bottom":18.546875,"right":438,"left":16,"width":422,"height":608.34375},"answers":[{"identifier":"40460820","top":98.828125,"bottom":1270.015625,"right":438,"left":16,"width":422,"height":1171.1875}]}},{"timestamp":"2022-11-21T20:48:08.242Z","url":"https://stackoverflow.com/questions/40459932/how-to-subtract-2-dates-on-momentjs","component":"page","action":"scroll","data":{"viewport":{"x":0,"y":300,"height":852,"width":471},"document":{"height":3886,"width":454},"question":{"identifier":"40459932","top":-189.796875,"bottom":418.546875,"right":438,"left":16,"width":422,"height":608.34375},"answers":[{"identifier":"40460820","top":498.828125,"bottom":1670.015625,"right":438,"left":16,"width":422,"height":1171.1875}]}},{"timestamp":"2022-11-21T20:48:09.988Z","url":"https://stackoverflow.com/questions/40459932/how-to-subtract-2-dates-on-momentjs","component":"page","action":"scroll","data":{"viewport":{"x":0,"y":500,"height":852,"width":471},"document":{"height":3886,"width":454},"question":{"identifier":"40459932","top":-389.796875,"bottom":218.546875,"right":438,"left":16,"width":422,"height":608.34375},"answers":[{"identifier":"40460820","top":298.828125,"bottom":1470.015625,"right":438,"left":16,"width":422,"height":1171.1875}]}},{"timestamp":"2022-11-21T20:48:14.194Z","url":"https://stackoverflow.com/questions/40459932/how-to-subtract-2-dates-on-momentjs","component":"page","action":"scroll","data":{"viewport":{"x":0,"y":700,"height":852,"width":471},"document":{"height":3886,"width":454},"question":{"identifier":"40459932","top":-589.796875,"bottom":18.546875,"right":438,"left":16,"width":422,"height":608.34375},"answers":[{"identifier":"40460820","top":98.828125,"bottom":1270.015625,"right":438,"left":16,"width":422,"height":1171.1875}]}},{"timestamp":"2022-11-21T20:48:57.029Z","url":"https://stackoverflow.com/questions/40459932/how-to-subtract-2-dates-on-momentjs","component":"page","action":"scroll","data":{"viewport":{"x":0,"y":600,"height":852,"width":471},"document":{"height":3886,"width":454},"question":{"identifier":"40459932","top":-489.796875,"bottom":118.546875,"right":438,"left":16,"width":422,"height":608.34375},"answers":[{"identifier":"40460820","top":198.828125,"bottom":1370.015625,"right":438,"left":16,"width":422,"height":1171.1875}]}},{"timestamp":"2022-11-21T20:48:57.290Z","url":"https://stackoverflow.com/questions/40459932/how-to-subtract-2-dates-on-momentjs","component":"page","action":"close"},{"timestamp":"2022-11-21T20:48:58.709Z","url":"https://stackoverflow.com/questions/24428656/subtract-time-from-date-moment-js","component":"projection","action":"mouseenter"},{"timestamp":"2022-11-21T20:48:58.743Z","url":"https://stackoverflow.com/questions/24428656/subtract-time-from-date-moment-js","component":"projection","action":"mouseleave"}]},{"keywords":["subtract","time","from","date"],"context":{"tokens":[{"kind":"library","value":"moment"},{"kind":"language","value":"javascript"}]},"timestamp":"2022-11-21T20:48:58.891Z","results":[{"signatures":[],"areSignaturesLoading":true,"title":"javascript - subtract time from date - moment js - Stack Overflow","snippet":"There is a simple function subtract which moment library gives us to subtract time from some time. Using it ...","url":"https://stackoverflow.com/questions/24428656/subtract-time-from-date-moment-js","displayLink":"https://stackoverflow.com › questions › subtract-time-fr...","snippetHighlightWords":["subtract","moment","subtract time","time"],"date":"Jun 26, 2014"},{"signatures":[],"areSignaturesLoading":true,"title":"How to subtract 2 dates on momentjs - Stack Overflow","snippet":"1 Answer 1 ... You are correct, you can use moment's diff function to subtract two dates (see my example on Plunker): var date1 = moment('2016-10- ...","url":"https://stackoverflow.com/questions/40459932/how-to-subtract-2-dates-on-momentjs","displayLink":"https://stackoverflow.com › questions › how-to-subtract...","snippetHighlightWords":["moment's","subtract","dates","moment"],"date":"Nov 7, 2016 1 answer"},{"signatures":[],"areSignaturesLoading":true,"title":"How to subtract Time from current Time momentjs","snippet":"You can use endTime.subtract(duration, 'ms'). But for that endTime has to be a moment ...","url":"https://stackoverflow.com/questions/49169562/how-to-subtract-time-from-current-time-momentjs","displayLink":"https://stackoverflow.com › questions › how-to-subtract...","snippetHighlightWords":["subtract","moment"],"date":"Mar 8, 2018"},{"signatures":[],"areSignaturesLoading":true,"title":"React Moment subtract time format - Stack Overflow","snippet":"Here is the working code : const calculateTime = () => { if (this.state.start !== \"\" && this.state.end !==","url":"https://stackoverflow.com/questions/70643603/react-moment-subtract-time-format","displayLink":"https://stackoverflow.com › questions › react-moment-s...","date":"Jan 9, 2022 1 answer"},{"signatures":[],"areSignaturesLoading":true,"title":"How to deduct time in 24 hours using moment - Stack Overflow","snippet":"Yes you should use moment.js take a look here. Moment from method. In fact you can deduct time passed between to dates like this","url":"https://stackoverflow.com/questions/41533546/how-to-deduct-time-in-24-hours-using-moment","displayLink":"https://stackoverflow.com › questions › how-to-deduct-...","snippetHighlightWords":["moment","js","Moment","time","dates"],"date":"Jan 8, 2017"},{"signatures":[],"areSignaturesLoading":true,"title":"How to subtract time using moment - javascript - Stack Overflow","snippet":"Why don't you just return both dates ( startDate and endDate ) minus 1 day ? · this should answer your question · 1 · @BJRINT startDate and endDate ...","url":"https://stackoverflow.com/questions/56683364/how-to-subtract-time-using-moment","displayLink":"https://stackoverflow.com › questions › how-to-subtract...","snippetHighlightWords":["dates","minus"],"date":"Jun 20, 2019"},{"signatures":[],"areSignaturesLoading":true,"title":"How to subtract 2 times with moment.js, then ... - Stack Overflow","snippet":"// parse time using 24-hour clock and use UTC to prevent DST issues var start = moment.utc(startTime, \"HH:mm\"); var end = moment.utc(endTime ...","url":"https://stackoverflow.com/questions/34247283/how-to-subtract-2-times-with-moment-js-then-subtract-some-minutes","displayLink":"https://stackoverflow.com › questions › how-to-subtract...","snippetHighlightWords":["time","moment","moment"],"date":"Dec 13, 2015 2 answers"},{"signatures":[],"areSignaturesLoading":true,"title":"JavaScript subtract time in moment used in reactJS","snippet":"You can simply use .subtract function to do get the results you are after. You do not need to use split or anything like that!","url":"https://stackoverflow.com/questions/63543715/javascript-subtract-time-in-moment-used-in-reactjs","displayLink":"https://stackoverflow.com › questions › javascript-subtr...","snippetHighlightWords":["subtract"],"date":"Aug 23, 2020 4 answers"},{"signatures":[],"areSignaturesLoading":true,"title":"How to get the total Hours by Subtracting two dates using ...","snippet":"The format function returns a string. So, in your code, date1 and date2 are strings, not momentjs datetime values. Remove the call to format() .","url":"https://stackoverflow.com/questions/52326850/how-to-get-the-total-hours-by-subtracting-two-dates-using-moment","displayLink":"https://stackoverflow.com › questions › how-to-get-the-...","snippetHighlightWords":["momentjs datetime"],"date":"Sep 14, 2018"},{"signatures":[],"areSignaturesLoading":true,"title":"Format date and Subtract days using Moment.js - Stack Overflow","snippet":"I would like a variable to hold yesterday's date in the format DD-MM-YYYY using Moment.js. So if today is 15-04-2015, I would like to subtract a day and have 14 ...","url":"https://stackoverflow.com/questions/29651815/format-date-and-subtract-days-using-moment-js","displayLink":"https://stackoverflow.com › questions › format-date-an...","snippetHighlightWords":["date","Moment","js","subtract"]}],"events":[{"timestamp":"2022-11-21T20:48:58.941Z","url":"https://stackoverflow.com/questions/24428656/subtract-time-from-date-moment-js","component":"projection","action":"load","data":{"height":38,"width":425.484375,"wc":20,"lc":1}},{"timestamp":"2022-11-21T20:48:58.941Z","url":"https://stackoverflow.com/questions/40459932/how-to-subtract-2-dates-on-momentjs","component":"projection","action":"load","data":{"height":60,"width":430.75,"wc":27,"lc":1}},{"timestamp":"2022-11-21T20:48:58.941Z","url":"https://stackoverflow.com/questions/49169562/how-to-subtract-time-from-current-time-momentjs","component":"projection","action":"load","data":{"height":38,"width":437.203125,"wc":15,"lc":1}},{"timestamp":"2022-11-21T20:48:58.941Z","url":"https://stackoverflow.com/questions/70643603/react-moment-subtract-time-format","component":"projection","action":"load","data":{"height":38,"width":425.640625,"wc":19,"lc":1}},{"timestamp":"2022-11-21T20:48:58.941Z","url":"https://stackoverflow.com/questions/41533546/how-to-deduct-time-in-24-hours-using-moment","component":"projection","action":"load","data":{"height":60,"width":441.515625,"wc":24,"lc":1}},{"timestamp":"2022-11-21T20:48:58.941Z","url":"https://stackoverflow.com/questions/56683364/how-to-subtract-time-using-moment","component":"projection","action":"load","data":{"height":60,"width":431.96875,"wc":30,"lc":1}},{"timestamp":"2022-11-21T20:48:58.941Z","url":"https://stackoverflow.com/questions/34247283/how-to-subtract-2-times-with-moment-js-then-subtract-some-minutes","component":"projection","action":"load","data":{"height":60,"width":437.75,"wc":23,"lc":1}},{"timestamp":"2022-11-21T20:48:58.941Z","url":"https://stackoverflow.com/questions/63543715/javascript-subtract-time-in-moment-used-in-reactjs","component":"projection","action":"load","data":{"height":60,"width":430.671875,"wc":25,"lc":1}},{"timestamp":"2022-11-21T20:48:58.941Z","url":"https://stackoverflow.com/questions/52326850/how-to-get-the-total-hours-by-subtracting-two-dates-using-moment","component":"projection","action":"load","data":{"height":60,"width":442.546875,"wc":25,"lc":1}},{"timestamp":"2022-11-21T20:48:58.942Z","url":"https://stackoverflow.com/questions/29651815/format-date-and-subtract-days-using-moment-js","component":"projection","action":"load","data":{"height":60,"width":432.078125,"wc":31,"lc":1}},{"timestamp":"2022-11-21T20:49:00.119Z","url":"https://stackoverflow.com/questions/24428656/subtract-time-from-date-moment-js","component":"projection","action":"loaded","data":"projection 10 of 10"},{"timestamp":"2022-11-21T20:49:00.119Z","url":"https://stackoverflow.com/questions/40459932/how-to-subtract-2-dates-on-momentjs","component":"projection","action":"loaded","data":"projection 9 of 10"},{"timestamp":"2022-11-21T20:49:00.119Z","url":"https://stackoverflow.com/questions/49169562/how-to-subtract-time-from-current-time-momentjs","component":"projection","action":"loaded","data":"projection 8 of 10"},{"timestamp":"2022-11-21T20:49:00.119Z","url":"https://stackoverflow.com/questions/70643603/react-moment-subtract-time-format","component":"projection","action":"loaded","data":"projection 7 of 10"},{"timestamp":"2022-11-21T20:49:00.119Z","url":"https://stackoverflow.com/questions/41533546/how-to-deduct-time-in-24-hours-using-moment","component":"projection","action":"loaded","data":"projection 6 of 10"},{"timestamp":"2022-11-21T20:49:00.119Z","url":"https://stackoverflow.com/questions/56683364/how-to-subtract-time-using-moment","component":"projection","action":"loaded","data":"projection 5 of 10"},{"timestamp":"2022-11-21T20:49:00.119Z","url":"https://stackoverflow.com/questions/34247283/how-to-subtract-2-times-with-moment-js-then-subtract-some-minutes","component":"projection","action":"loaded","data":"projection 4 of 10"},{"timestamp":"2022-11-21T20:49:00.119Z","url":"https://stackoverflow.com/questions/63543715/javascript-subtract-time-in-moment-used-in-reactjs","component":"projection","action":"loaded","data":"projection 3 of 10"},{"timestamp":"2022-11-21T20:49:00.119Z","url":"https://stackoverflow.com/questions/52326850/how-to-get-the-total-hours-by-subtracting-two-dates-using-moment","component":"projection","action":"loaded","data":"projection 2 of 10"},{"timestamp":"2022-11-21T20:49:00.119Z","url":"https://stackoverflow.com/questions/29651815/format-date-and-subtract-days-using-moment-js","component":"projection","action":"loaded","data":"projection 1 of 10"}]},{"keywords":["momentjs","dubtract","days","months","years"],"context":{"tokens":[{"kind":"library","value":"moment"},{"kind":"language","value":"javascript"}]},"timestamp":"2022-11-21T20:49:11.047Z","results":[{"signatures":[],"areSignaturesLoading":true,"title":"How to subtract one month using moment.js? - Stack Overflow","snippet":"Weeks, quarters, and years are converted to days or months, and then rounded to the nearest integer. moment().subtract(1.5, 'months') == moment().subtract(2 ...","url":"https://stackoverflow.com/questions/41505492/how-to-subtract-one-month-using-moment-js","displayLink":"https://stackoverflow.com › questions › how-to-subtract...","snippetHighlightWords":["years","days","months","moment","subtract","months","moment","subtract"]},{"signatures":[],"areSignaturesLoading":true,"title":"How can I subtract 1 month using moment.js? - Stack Overflow","snippet":"var startOfMonth = moment().clone().startOf('month').format('DD/MM/YYYY'); leftArrow.on('click', function(){ var start = moment(startOfMonth).","url":"https://stackoverflow.com/questions/67649925/how-can-i-subtract-1-month-using-moment-js","displayLink":"https://stackoverflow.com › questions › how-can-i-subtr...","snippetHighlightWords":["moment","month","format","moment"],"date":"May 22, 2021"},{"signatures":[],"areSignaturesLoading":true,"title":"Format date and Subtract days using Moment.js - Stack Overflow","snippet":"I would like a variable to hold yesterday's date in the format DD-MM-YYYY using Moment.js. So if today is 15-04-2015, I would like to subtract a day and have 14 ...","url":"https://stackoverflow.com/questions/29651815/format-date-and-subtract-days-using-moment-js","displayLink":"https://stackoverflow.com › questions › format-date-an...","snippetHighlightWords":["Moment","js","subtract","day"]},{"signatures":[],"areSignaturesLoading":true,"title":"How add and subtract days using Moment JS for the given ...","snippet":"Here's how, just add and subtract directly using your selectedDate. var selectedDate = moment(1628312400000); let next = \"Next Day :: \" + ...","url":"https://stackoverflow.com/questions/68756983/how-add-and-subtract-days-using-moment-js-for-the-given-timestamp-value","displayLink":"https://stackoverflow.com › questions › how-add-and-s...","snippetHighlightWords":["subtract","moment","Day"],"date":"Aug 12, 2021 4 answers"},{"signatures":[],"areSignaturesLoading":true,"title":"How does momentjs handle addition or subtraction in terms of ...","snippet":"No, it uses proper date time handling. If each month has different days, it will have different days. eg. adding 1 month to 31st March, will ...","url":"https://stackoverflow.com/questions/58283755/how-does-momentjs-handle-addition-or-subtraction-in-terms-of-months-or-year","displayLink":"https://stackoverflow.com › questions › how-does-mom...","snippetHighlightWords":["uses proper date time handling"],"date":"Oct 8, 2019"},{"signatures":[],"areSignaturesLoading":true,"title":"Moment JS - how to subtract 7 days from current date?","snippet":"dateTo = moment(new Date()).format('YYYY-MM-DD'); dateFrom = moment(new Date() - 7) ...","url":"https://stackoverflow.com/questions/25888182/moment-js-how-to-subtract-7-days-from-current-date","displayLink":"https://stackoverflow.com › questions › moment-js-how...","snippetHighlightWords":["moment","format","moment"]},{"signatures":[],"areSignaturesLoading":true,"title":"Subtract one day from a particular date using MomentJs","snippet":"Use moment substract method: .subtract(1, 'days');.","url":"https://stackoverflow.com/questions/54019837/subtract-one-day-from-a-particular-date-using-momentjs","displayLink":"https://stackoverflow.com › questions › subtract-one-da...","snippetHighlightWords":["moment","subtract","days"],"date":"Jan 3, 2019 1 answer"},{"signatures":[],"areSignaturesLoading":true,"title":"Javascript: Subtract months from a string date using moment ...","snippet":"Adding .format() at the end of the function; var result = moment(dateMoment).subtract(12, 'months').format();.","url":"https://stackoverflow.com/questions/70794840/javascript-subtract-months-from-a-string-date-using-moment-library","displayLink":"https://stackoverflow.com › questions › javascript-subtr...","snippetHighlightWords":["format","moment","subtract","months","format"],"date":"Jan 20, 2022"},{"signatures":[],"areSignaturesLoading":true,"title":"subtract days after the current date moment js - Stack Overflow","snippet":"const day = 5; const checkedDate = Datetime.moment().subtract(day, 'day');. javascript · momentjs.","url":"https://stackoverflow.com/questions/58626988/subtract-days-after-the-current-date-moment-js","displayLink":"https://stackoverflow.com › questions › subtract-days-af...","snippetHighlightWords":["day","moment","subtract","day","day","javascript","momentjs"],"date":"Oct 30, 2019"},{"signatures":[],"areSignaturesLoading":true,"title":"Subtract Months with Moment.js Correctly Even After ...","snippet":"... I found a workaround though I completely removed the lines of 'Moment.js' and started using just a bit 'Date.js' and normal JavaScript.","url":"https://stackoverflow.com/questions/45065987/subtract-months-with-moment-js-correctly-even-after-surpassing-february","displayLink":"https://stackoverflow.com › questions › subtract-months...","snippetHighlightWords":["Moment","js","JavaScript"],"date":"Jul 12, 2017"}],"events":[{"timestamp":"2022-11-21T20:49:13.795Z","url":"https://stackoverflow.com/questions/41505492/how-to-subtract-one-month-using-moment-js","component":"projection","action":"load","data":{"height":60,"width":422.421875,"wc":22,"lc":1}},{"timestamp":"2022-11-21T20:49:13.795Z","url":"https://stackoverflow.com/questions/67649925/how-can-i-subtract-1-month-using-moment-js","component":"projection","action":"load","data":{"height":60,"width":407.6875,"wc":10,"lc":1}},{"timestamp":"2022-11-21T20:49:13.795Z","url":"https://stackoverflow.com/questions/29651815/format-date-and-subtract-days-using-moment-js","component":"projection","action":"load","data":{"height":60,"width":432.109375,"wc":31,"lc":1}},{"timestamp":"2022-11-21T20:49:13.795Z","url":"https://stackoverflow.com/questions/68756983/how-add-and-subtract-days-using-moment-js-for-the-given-timestamp-value","component":"projection","action":"load","data":{"height":60,"width":439.75,"wc":23,"lc":1}},{"timestamp":"2022-11-21T20:49:13.795Z","url":"https://stackoverflow.com/questions/58283755/how-does-momentjs-handle-addition-or-subtraction-in-terms-of-months-or-year","component":"projection","action":"load","data":{"height":60,"width":437.640625,"wc":27,"lc":1}},{"timestamp":"2022-11-21T20:49:13.795Z","url":"https://stackoverflow.com/questions/25888182/moment-js-how-to-subtract-7-days-from-current-date","component":"projection","action":"load","data":{"height":38,"width":427.078125,"wc":11,"lc":1}},{"timestamp":"2022-11-21T20:49:13.795Z","url":"https://stackoverflow.com/questions/54019837/subtract-one-day-from-a-particular-date-using-momentjs","component":"projection","action":"load","data":{"height":38,"width":439.84375,"wc":6,"lc":1}},{"timestamp":"2022-11-21T20:49:13.795Z","url":"https://stackoverflow.com/questions/70794840/javascript-subtract-months-from-a-string-date-using-moment-library","component":"projection","action":"load","data":{"height":38,"width":436.625,"wc":13,"lc":1}},{"timestamp":"2022-11-21T20:49:13.795Z","url":"https://stackoverflow.com/questions/58626988/subtract-days-after-the-current-date-moment-js","component":"projection","action":"load","data":{"height":38,"width":417.859375,"wc":12,"lc":1}},{"timestamp":"2022-11-21T20:49:13.795Z","url":"https://stackoverflow.com/questions/45065987/subtract-months-with-moment-js-correctly-even-after-surpassing-february","component":"projection","action":"load","data":{"height":60,"width":435.515625,"wc":23,"lc":1}},{"timestamp":"2022-11-21T20:49:13.801Z","url":"https://stackoverflow.com/questions/41505492/how-to-subtract-one-month-using-moment-js","component":"projection","action":"mouseenter"},{"timestamp":"2022-11-21T20:49:14.144Z","url":"https://stackoverflow.com/questions/41505492/how-to-subtract-one-month-using-moment-js","component":"projection","action":"mouseleave"},{"timestamp":"2022-11-21T20:49:14.759Z","url":"https://stackoverflow.com/questions/41505492/how-to-subtract-one-month-using-moment-js","component":"projection","action":"mouseenter"},{"timestamp":"2022-11-21T20:49:14.975Z","url":"https://stackoverflow.com/questions/41505492/how-to-subtract-one-month-using-moment-js","component":"projection","action":"loaded","data":"projection 10 of 10"},{"timestamp":"2022-11-21T20:49:14.975Z","url":"https://stackoverflow.com/questions/67649925/how-can-i-subtract-1-month-using-moment-js","component":"projection","action":"loaded","data":"projection 9 of 10"},{"timestamp":"2022-11-21T20:49:14.975Z","url":"https://stackoverflow.com/questions/29651815/format-date-and-subtract-days-using-moment-js","component":"projection","action":"loaded","data":"projection 8 of 10"},{"timestamp":"2022-11-21T20:49:14.975Z","url":"https://stackoverflow.com/questions/68756983/how-add-and-subtract-days-using-moment-js-for-the-given-timestamp-value","component":"projection","action":"loaded","data":"projection 7 of 10"},{"timestamp":"2022-11-21T20:49:14.975Z","url":"https://stackoverflow.com/questions/58283755/how-does-momentjs-handle-addition-or-subtraction-in-terms-of-months-or-year","component":"projection","action":"loaded","data":"projection 6 of 10"},{"timestamp":"2022-11-21T20:49:14.975Z","url":"https://stackoverflow.com/questions/25888182/moment-js-how-to-subtract-7-days-from-current-date","component":"projection","action":"loaded","data":"projection 5 of 10"},{"timestamp":"2022-11-21T20:49:14.975Z","url":"https://stackoverflow.com/questions/54019837/subtract-one-day-from-a-particular-date-using-momentjs","component":"projection","action":"loaded","data":"projection 4 of 10"},{"timestamp":"2022-11-21T20:49:14.975Z","url":"https://stackoverflow.com/questions/70794840/javascript-subtract-months-from-a-string-date-using-moment-library","component":"projection","action":"loaded","data":"projection 3 of 10"},{"timestamp":"2022-11-21T20:49:14.975Z","url":"https://stackoverflow.com/questions/58626988/subtract-days-after-the-current-date-moment-js","component":"projection","action":"loaded","data":"projection 2 of 10"},{"timestamp":"2022-11-21T20:49:14.975Z","url":"https://stackoverflow.com/questions/45065987/subtract-months-with-moment-js-correctly-even-after-surpassing-february","component":"projection","action":"loaded","data":"projection 1 of 10"},{"timestamp":"2022-11-21T20:49:16.529Z","url":"https://stackoverflow.com/questions/41505492/how-to-subtract-one-month-using-moment-js","component":"page","action":"open"},{"timestamp":"2022-11-21T20:49:16.558Z","url":"https://stackoverflow.com/questions/41505492/how-to-subtract-one-month-using-moment-js","component":"projection","action":"mouseleave"},{"timestamp":"2022-11-21T20:49:17.099Z","url":"https://stackoverflow.com/questions/41505492/how-to-subtract-one-month-using-moment-js","component":"page","action":"load"},{"timestamp":"2022-11-21T20:49:18.921Z","url":"https://stackoverflow.com/questions/41505492/how-to-subtract-one-month-using-moment-js","component":"page","action":"scroll","data":{"viewport":{"x":0,"y":100,"height":852,"width":471},"document":{"height":3821,"width":454},"question":{"identifier":"41505492","top":63.40625,"bottom":781.25,"right":438,"left":16,"width":422,"height":717.84375},"answers":[{"identifier":"41505553","top":861.53125,"bottom":2120.46875,"right":438,"left":16,"width":422,"height":1258.9375}]}},{"timestamp":"2022-11-21T20:49:20.118Z","url":"https://stackoverflow.com/questions/41505492/how-to-subtract-one-month-using-moment-js","component":"page","action":"scroll","data":{"viewport":{"x":0,"y":200,"height":852,"width":471},"document":{"height":3821,"width":454},"question":{"identifier":"41505492","top":-36.59375,"bottom":681.25,"right":438,"left":16,"width":422,"height":717.84375},"answers":[{"identifier":"41505553","top":761.53125,"bottom":2020.46875,"right":438,"left":16,"width":422,"height":1258.9375}]}},{"timestamp":"2022-11-21T20:49:24.927Z","url":"https://stackoverflow.com/questions/41505492/how-to-subtract-one-month-using-moment-js","component":"page","action":"scroll","data":{"viewport":{"x":0,"y":500,"height":852,"width":471},"document":{"height":3821,"width":454},"question":{"identifier":"41505492","top":-336.59375,"bottom":381.25,"right":438,"left":16,"width":422,"height":717.84375},"answers":[{"identifier":"41505553","top":461.53125,"bottom":1720.46875,"right":438,"left":16,"width":422,"height":1258.9375}]}},{"timestamp":"2022-11-21T20:49:26.415Z","url":"https://stackoverflow.com/questions/41505492/how-to-subtract-one-month-using-moment-js","component":"page","action":"scroll","data":{"viewport":{"x":0,"y":600,"height":852,"width":471},"document":{"height":3821,"width":454},"question":{"identifier":"41505492","top":-436.59375,"bottom":281.25,"right":438,"left":16,"width":422,"height":717.84375},"answers":[{"identifier":"41505553","top":361.53125,"bottom":1620.46875,"right":438,"left":16,"width":422,"height":1258.9375}]}},{"timestamp":"2022-11-21T20:49:31.449Z","url":"https://stackoverflow.com/questions/41505492/how-to-subtract-one-month-using-moment-js","component":"page","action":"scroll","data":{"viewport":{"x":0,"y":800,"height":852,"width":471},"document":{"height":3821,"width":454},"question":{"identifier":"41505492","top":-636.59375,"bottom":81.25,"right":438,"left":16,"width":422,"height":717.84375},"answers":[{"identifier":"41505553","top":161.53125,"bottom":1420.46875,"right":438,"left":16,"width":422,"height":1258.9375}]}},{"timestamp":"2022-11-21T20:49:32.850Z","url":"https://stackoverflow.com/questions/41505492/how-to-subtract-one-month-using-moment-js","component":"page","action":"scroll","data":{"viewport":{"x":0,"y":1100,"height":852,"width":471},"document":{"height":3821,"width":454},"question":{"identifier":"41505492","top":-936.59375,"bottom":-218.75,"right":438,"left":16,"width":422,"height":717.84375},"answers":[{"identifier":"41505553","top":-138.46875,"bottom":1120.46875,"right":438,"left":16,"width":422,"height":1258.9375}]}},{"timestamp":"2022-11-21T20:49:41.142Z","url":"https://stackoverflow.com/questions/41505492/how-to-subtract-one-month-using-moment-js","component":"page","action":"scroll","data":{"viewport":{"x":0,"y":1000,"height":852,"width":471},"document":{"height":3821,"width":454},"question":{"identifier":"41505492","top":-836.59375,"bottom":-118.75,"right":438,"left":16,"width":422,"height":717.84375},"answers":[{"identifier":"41505553","top":-38.46875,"bottom":1220.46875,"right":438,"left":16,"width":422,"height":1258.9375}]}}]}]}