{"id":"20014_1","conditions":[{"taskId":1,"taskName":"currency","enableFragments":true,"enableContext":true,"showContext":true,"provideSearchTerms":true,"sequence":3},{"taskId":4,"taskName":"sort","enableFragments":true,"enableContext":true,"showContext":true,"provideSearchTerms":true,"sequence":4},{"taskId":3,"taskName":"clone","enableFragments":false,"enableContext":true,"showContext":false,"provideSearchTerms":true,"sequence":5},{"taskId":2,"taskName":"find","enableFragments":false,"enableContext":true,"showContext":false,"provideSearchTerms":true,"sequence":6},{"taskId":5,"taskName":"recent","enableFragments":false,"enableContext":false,"showContext":false,"provideSearchTerms":false,"sequence":7},{"taskId":6,"taskName":"serve","enableFragments":true,"enableContext":true,"showContext":true,"provideSearchTerms":false,"sequence":8}],"activeTaskId":"serve","tasks":[{"id":"pre-study"},{"enableFragments":true,"enableContext":true,"showContext":true,"provideSearchTerms":true,"contextOverride":[{"source":"src/tutorial.js","name":"sumTradedShares","position":{"start":397,"end":545},"variables":[],"parameters":[{"source":"src/tutorial.js","name":"trades","position":{"start":429,"end":435},"type":{"name":"Trade[]"}}],"returnType":"number"}],"id":"tutorial","startTime":"2022-11-21T19:52:58.751Z","duration":479730,"timer":{"startTime":"2022-11-21T19:59:21.077Z","endTime":"2022-11-21T20:03:20.630Z"},"endTime":"2022-11-21T20:03:20.630Z"},{"enableFragments":true,"enableContext":true,"showContext":true,"contextOverride":[{"source":"src/currency.js","name":"printCurrency","position":{"start":593,"end":782},"variables":[],"parameters":[{"source":"src/currency.js","name":"amount","position":{"start":623,"end":629},"type":{"name":"number"}},{"source":"src/currency.js","name":"locale","position":{"start":631,"end":637},"type":{"name":"string"}},{"source":"src/currency.js","name":"currency","position":{"start":639,"end":647},"type":{"name":"string"}}],"returnType":"string"}],"provideSearchTerms":true,"searchTerms":"format currency","id":"currency","startTime":"2022-11-21T20:03:28.579Z","timer":{"startTime":"2022-11-21T20:03:28.579Z","endTime":"2022-11-21T20:09:35.011Z"},"duration":359204,"data":{"Q1":"5","Q2":"So far I think Scout is helpful at finding answers, but I think I need to practise using it a bit more.","Q3":"","Q4":""},"endTime":"2022-11-21T20:12:37.696Z"},{"enableFragments":false,"enableContext":true,"showContext":false,"contextOverride":[{"source":"src/find.js","name":"getTradeById","position":{"start":286,"end":506},"variables":[],"parameters":[{"source":"src/find.js","name":"trades","position":{"start":315,"end":321},"type":{"name":"Trade[]"}},{"source":"src/find.js","name":"id","position":{"start":323,"end":325},"type":{"name":"number"}}],"returnType":"Trade"}],"provideSearchTerms":true,"searchTerms":"find item in array by value","id":"find","startTime":"2022-11-21T20:43:54.615Z","timer":{"startTime":"2022-11-21T20:43:54.615Z","endTime":"2022-11-21T20:45:26.601Z"},"duration":90187,"data":{"Q1":"5","Q2":"This time it worked really well, I quickly found the solution.","Q3":"","Q4":""},"endTime":"2022-11-21T20:45:54.766Z"},{"enableFragments":false,"enableContext":true,"showContext":false,"contextOverride":[{"source":"src/clone.js","name":"cloneTradeLedger","position":{"start":239,"end":406},"variables":[],"parameters":[{"source":"src/clone.js","name":"trades","position":{"start":272,"end":278},"type":{"name":"Trade[]"}}],"returnType":"Trade[]"}],"provideSearchTerms":true,"searchTerms":"clone array","id":"clone","startTime":"2022-11-21T20:41:42.052Z","timer":{"startTime":"2022-11-21T20:41:42.052Z","endTime":"2022-11-21T20:43:13.523Z"},"duration":90018,"data":{"Q1":"4","Q2":"I tried typing something and realized it typed for me something else. But in the end I found the solution.","Q3":"","Q4":""},"endTime":"2022-11-21T20:43:44.804Z"},{"enableFragments":true,"enableContext":true,"showContext":true,"contextOverride":[{"source":"src/sort.js","name":"sortTradesByShareCount","position":{"start":285,"end":524},"variables":[],"parameters":[{"source":"src/sort.js","name":"trades","position":{"start":324,"end":330},"type":{"name":"Trade[]"}}],"returnType":"Trade[]"}],"provideSearchTerms":true,"searchTerms":"sort array of objects descending","id":"sort","startTime":"2022-11-21T20:12:50.013Z","timer":{"startTime":"2022-11-21T20:12:50.013Z","endTime":"2022-11-21T20:40:12.716Z"},"duration":359233,"data":{"Q1":"3","Q2":"I needed a bit longer documentation, because the case I found with Scout was the opposite. Searching took really long each time I tried to look for something.","Q3":"","Q4":""},"endTime":"2022-11-21T20:41:32.540Z"},{"enableFragments":false,"enableContext":false,"showContext":false,"contextOverride":[],"provideSearchTerms":false,"searchTerms":"","id":"recent","startTime":"2022-11-21T20:46:04.554Z","timer":{"startTime":"2022-11-21T20:46:04.554Z","endTime":"2022-11-21T20:50:10.382Z"},"duration":244552,"data":{"Q1":"5","Q2":"I needed some searching, but it worked very well.","Q3":"","Q4":""},"endTime":"2022-11-21T20:50:30.446Z"},{"enableFragments":true,"enableContext":true,"showContext":true,"contextOverride":[{"source":"src/serve.js","name":"express","position":{"start":7,"end":14},"module":{"name":"express","position":{"start":20,"end":29}},"references":[{"start":181,"end":188}]},{"source":"src/serve.js","name":"path","position":{"start":38,"end":42},"module":{"name":"path","position":{"start":48,"end":54}},"references":[]},{"source":"src/serve.js","name":"setup","position":{"start":193,"end":290},"variables":[],"parameters":[],"returnType":"void"}],"provideSearchTerms":false,"searchTerms":"","id":"serve","startTime":"2022-11-21T20:50:40.756Z","timer":{"startTime":"2022-11-21T20:50:40.757Z","endTime":"2022-11-21T20:53:40.853Z"},"duration":178349,"data":{"Q1":"5","Q2":"This was a bit harder to find because there were lots of answers different than what I needed.","Q3":"","Q4":""},"endTime":"2022-11-21T20:54:16.741Z"},{"id":"post-study"}],"activations":["2022-11-21T19:39:07.965Z","2022-11-21T20:40:00.741Z"]}