{"numFailedTestSuites":0,"numFailedTests":0,"numPassedTestSuites":1,"numPassedTests":2,"numPendingTestSuites":0,"numPendingTests":0,"numRuntimeErrorTestSuites":0,"numTodoTests":0,"numTotalTestSuites":1,"numTotalTests":2,"openHandles":[],"snapshot":{"added":0,"didUpdate":false,"failure":false,"filesAdded":0,"filesRemoved":0,"filesRemovedList":[],"filesUnmatched":0,"filesUpdated":0,"matched":0,"total":0,"unchecked":0,"uncheckedKeysByFile":[],"unmatched":0,"updated":0},"startTime":1669349302900,"success":true,"testResults":[{"assertionResults":[{"ancestorTitles":["cloneTradeLedger()"],"failureMessages":[],"fullName":"cloneTradeLedger() Should create a copy of the trades","location":null,"status":"passed","title":"Should create a copy of the trades"},{"ancestorTitles":["cloneTradeLedger()"],"failureMessages":[],"fullName":"cloneTradeLedger() Should create a copy of an empty list of the trades ledger","location":null,"status":"passed","title":"Should create a copy of an empty list of the trades ledger"}],"endTime":1669349303196,"message":"","name":"/workspaces/39681_2/test/clone.test.js","startTime":1669349302925,"status":"passed","summary":""}],"wasInterrupted":false}