{"trialId":"39681_2","taskId":"recent","appEvents":[{"timestamp":"2022-11-25T04:18:20.445Z","name":"resize","data":{"height":918,"width":300}},{"timestamp":"2022-11-25T04:18:40.326Z","name":"search","data":"search-start"},{"timestamp":"2022-11-25T04:18:46.334Z","name":"search-error","data":{"message":"The user aborted a request."}},{"timestamp":"2022-11-25T04:19:02.322Z","name":"search","data":"search-start"},{"timestamp":"2022-11-25T04:19:06.591Z","name":"search","data":"search-done"},{"timestamp":"2022-11-25T04:20:02.935Z","name":"search","data":"search-start"},{"timestamp":"2022-11-25T04:20:06.419Z","name":"search","data":"search-done"},{"timestamp":"2022-11-25T04:20:22.369Z","name":"search","data":"search-start"},{"timestamp":"2022-11-25T04:20:25.636Z","name":"search","data":"search-done"}],"searches":[{"keywords":["subtract","time","from","a","date","js"],"context":{"tokens":[{"kind":"language","value":"javascript"}]},"timestamp":"2022-11-25T04:19:02.321Z","results":[{"signatures":[],"areSignaturesLoading":true,"title":"How to subtract days from a plain Date? - Stack Overflow","snippet":"You can use d.setDate(d.getDate() + days) with both positive and negative values for days to add and subtract days respectively. And it should work on ...","url":"https://stackoverflow.com/questions/1296358/how-to-subtract-days-from-a-plain-date","displayLink":"https://stackoverflow.com › questions › how-to-subtract...","snippetHighlightWords":["use d.setDate(d.getDate() + days"]},{"signatures":[],"areSignaturesLoading":true,"title":"How to subtract date/time in JavaScript? - Stack Overflow","snippet":"This will give you the difference between two dates, in milliseconds var diff = Math.abs(date1 - date2);. In your example, it'd be","url":"https://stackoverflow.com/questions/4944750/how-to-subtract-date-time-in-javascript","displayLink":"https://stackoverflow.com › questions › how-to-subtract...","snippetHighlightWords":["var diff = Math.abs(date1 - date2"],"date":"Feb 9, 2011 5 answers"},{"signatures":[],"areSignaturesLoading":true,"title":"Subtract hours from date and time - javascript - Stack Overflow","snippet":"Try var dt = new Date(); dt.setHours(dt.getHours() - 2); document.getElementById(\"datetime\").innerHTML = dt.toLocaleString();.","url":"https://stackoverflow.com/questions/63524823/subtract-hours-from-date-and-time","displayLink":"https://stackoverflow.com › questions › subtract-hours-f...","snippetHighlightWords":["Date","datetime"],"date":"Aug 21, 2020 2 answers"},{"signatures":[],"areSignaturesLoading":true,"title":"How do I subtract minutes from a date in JavaScript?","snippet":"The .subtract method, allows you to subtract a certain amount of time units from a date, by providing the amount and a timeunit string.","url":"https://stackoverflow.com/questions/674721/how-do-i-subtract-minutes-from-a-date-in-javascript","displayLink":"https://stackoverflow.com › questions › how-do-i-subtr...","snippetHighlightWords":["The .subtract method"],"date":"Mar 23, 2009"},{"signatures":[],"areSignaturesLoading":true,"title":"Subtract days, months, years from a date in JavaScript","snippet":"You are simply reducing the values from a number. So substracting 6 from 3 (date) will return -3 only. ... getMonth() is zero based. Meaning it ...","url":"https://stackoverflow.com/questions/37002681/subtract-days-months-years-from-a-date-in-javascript","displayLink":"https://stackoverflow.com › questions › subtract-days-m...","snippetHighlightWords":["date"],"date":"May 3, 2016 10 answers"},{"signatures":[],"areSignaturesLoading":true,"title":"How to subtract 2 hours from user's local time? - Stack Overflow","snippet":"var d = new Date(); d. ... setHours(d. ... getHours() - 2); ... I can confirm (via running in Chrome's Javascript console) that it works with a ...","url":"https://stackoverflow.com/questions/4943088/how-to-subtract-2-hours-from-users-local-time","displayLink":"https://stackoverflow.com › questions › how-to-subtract...","snippetHighlightWords":["Date","Javascript"],"date":"Feb 9, 2011"},{"signatures":[],"areSignaturesLoading":true,"title":"How do i subtract time from a datetime-local input?","snippet":"You have to make use of the Date Object. Pass the input as a Date object; Set the new date by subtracting hours and minutes as necessary.","url":"https://stackoverflow.com/questions/67832565/how-do-i-subtract-time-from-a-datetime-local-input","displayLink":"https://stackoverflow.com › questions › how-do-i-subtr...","snippetHighlightWords":["have to make use of the Date Object"],"date":"Jun 4, 2021 3 answers"},{"signatures":[],"areSignaturesLoading":true,"title":"How to get the hours difference between two date objects?","snippet":"The simplest way would be to directly subtract the date objects from one another. For example: var hours = Math.abs(date1 - date2) / 36e5;.","url":"https://stackoverflow.com/questions/19225414/how-to-get-the-hours-difference-between-two-date-objects","displayLink":"https://stackoverflow.com › questions › how-to-get-the-...","snippetHighlightWords":["var hours = Math.abs(date1 - date2"],"date":"Oct 7, 2013 3 answers"},{"signatures":[],"areSignaturesLoading":true,"title":"javascript - subtract time from date - moment js - Stack Overflow","snippet":"There is a simple function subtract which moment library gives us to subtract time from some time. Using it ...","url":"https://stackoverflow.com/questions/24428656/subtract-time-from-date-moment-js","displayLink":"https://stackoverflow.com › questions › subtract-time-fr...","snippetHighlightWords":["function subtract"],"date":"Jun 26, 2014"},{"signatures":[],"areSignaturesLoading":true,"title":"Subtracting time from current time - javascript - Stack Overflow","snippet":"Is this what you are looking for? let minute = \"55\" let hour = \"14\" let today = new Date(); //var time = today.getMinutes(), today.","url":"https://stackoverflow.com/questions/69815152/subtracting-time-from-current-time","displayLink":"https://stackoverflow.com › questions › subtracting-tim...","snippetHighlightWords":["hour","Date","time"],"date":"Nov 2, 2021 1 answer"}],"events":[{"timestamp":"2022-11-25T04:19:05.399Z","url":"https://stackoverflow.com/questions/1296358/how-to-subtract-days-from-a-plain-date","component":"projection","action":"load","data":{"height":82,"width":255.375,"wc":26,"lc":1}},{"timestamp":"2022-11-25T04:19:05.399Z","url":"https://stackoverflow.com/questions/4944750/how-to-subtract-date-time-in-javascript","component":"projection","action":"load","data":{"height":82,"width":257.25,"wc":22,"lc":1}},{"timestamp":"2022-11-25T04:19:05.399Z","url":"https://stackoverflow.com/questions/63524823/subtract-hours-from-date-and-time","component":"projection","action":"load","data":{"height":82,"width":268.0625,"wc":12,"lc":1}},{"timestamp":"2022-11-25T04:19:05.399Z","url":"https://stackoverflow.com/questions/674721/how-do-i-subtract-minutes-from-a-date-in-javascript","component":"projection","action":"load","data":{"height":82,"width":262.5625,"wc":24,"lc":1}},{"timestamp":"2022-11-25T04:19:05.400Z","url":"https://stackoverflow.com/questions/37002681/subtract-days-months-years-from-a-date-in-javascript","component":"projection","action":"load","data":{"height":104,"width":269.28125,"wc":27,"lc":1}},{"timestamp":"2022-11-25T04:19:05.400Z","url":"https://stackoverflow.com/questions/4943088/how-to-subtract-2-hours-from-users-local-time","component":"projection","action":"load","data":{"height":82,"width":265.09375,"wc":28,"lc":1}},{"timestamp":"2022-11-25T04:19:05.400Z","url":"https://stackoverflow.com/questions/67832565/how-do-i-subtract-time-from-a-datetime-local-input","component":"projection","action":"load","data":{"height":104,"width":271.265625,"wc":27,"lc":1}},{"timestamp":"2022-11-25T04:19:05.400Z","url":"https://stackoverflow.com/questions/19225414/how-to-get-the-hours-difference-between-two-date-objects","component":"projection","action":"load","data":{"height":104,"width":261.015625,"wc":24,"lc":1}},{"timestamp":"2022-11-25T04:19:05.400Z","url":"https://stackoverflow.com/questions/24428656/subtract-time-from-date-moment-js","component":"projection","action":"load","data":{"height":82,"width":259.296875,"wc":20,"lc":1}},{"timestamp":"2022-11-25T04:19:05.400Z","url":"https://stackoverflow.com/questions/69815152/subtracting-time-from-current-time","component":"projection","action":"load","data":{"height":82,"width":263.65625,"wc":25,"lc":1}},{"timestamp":"2022-11-25T04:19:05.440Z","url":"https://stackoverflow.com/questions/1296358/how-to-subtract-days-from-a-plain-date","component":"projection","action":"mouseenter"},{"timestamp":"2022-11-25T04:19:05.443Z","url":"https://stackoverflow.com/questions/1296358/how-to-subtract-days-from-a-plain-date","component":"projection","action":"mouseleave"},{"timestamp":"2022-11-25T04:19:06.008Z","url":"https://stackoverflow.com/questions/4944750/how-to-subtract-date-time-in-javascript","component":"projection","action":"mouseenter"},{"timestamp":"2022-11-25T04:19:06.275Z","url":"https://stackoverflow.com/questions/4944750/how-to-subtract-date-time-in-javascript","component":"projection","action":"mouseleave"},{"timestamp":"2022-11-25T04:19:06.275Z","url":"https://stackoverflow.com/questions/1296358/how-to-subtract-days-from-a-plain-date","component":"projection","action":"mouseenter"},{"timestamp":"2022-11-25T04:19:06.591Z","url":"https://stackoverflow.com/questions/1296358/how-to-subtract-days-from-a-plain-date","component":"projection","action":"loaded","data":"projection 10 of 10"},{"timestamp":"2022-11-25T04:19:06.591Z","url":"https://stackoverflow.com/questions/4944750/how-to-subtract-date-time-in-javascript","component":"projection","action":"loaded","data":"projection 9 of 10"},{"timestamp":"2022-11-25T04:19:06.591Z","url":"https://stackoverflow.com/questions/63524823/subtract-hours-from-date-and-time","component":"projection","action":"loaded","data":"projection 8 of 10"},{"timestamp":"2022-11-25T04:19:06.591Z","url":"https://stackoverflow.com/questions/674721/how-do-i-subtract-minutes-from-a-date-in-javascript","component":"projection","action":"loaded","data":"projection 7 of 10"},{"timestamp":"2022-11-25T04:19:06.591Z","url":"https://stackoverflow.com/questions/37002681/subtract-days-months-years-from-a-date-in-javascript","component":"projection","action":"loaded","data":"projection 6 of 10"},{"timestamp":"2022-11-25T04:19:06.591Z","url":"https://stackoverflow.com/questions/4943088/how-to-subtract-2-hours-from-users-local-time","component":"projection","action":"loaded","data":"projection 5 of 10"},{"timestamp":"2022-11-25T04:19:06.591Z","url":"https://stackoverflow.com/questions/67832565/how-do-i-subtract-time-from-a-datetime-local-input","component":"projection","action":"loaded","data":"projection 4 of 10"},{"timestamp":"2022-11-25T04:19:06.591Z","url":"https://stackoverflow.com/questions/19225414/how-to-get-the-hours-difference-between-two-date-objects","component":"projection","action":"loaded","data":"projection 3 of 10"},{"timestamp":"2022-11-25T04:19:06.591Z","url":"https://stackoverflow.com/questions/24428656/subtract-time-from-date-moment-js","component":"projection","action":"loaded","data":"projection 2 of 10"},{"timestamp":"2022-11-25T04:19:06.591Z","url":"https://stackoverflow.com/questions/69815152/subtracting-time-from-current-time","component":"projection","action":"loaded","data":"projection 1 of 10"},{"timestamp":"2022-11-25T04:19:07.066Z","url":"https://stackoverflow.com/questions/1296358/how-to-subtract-days-from-a-plain-date","component":"page","action":"open"},{"timestamp":"2022-11-25T04:19:07.078Z","url":"https://stackoverflow.com/questions/1296358/how-to-subtract-days-from-a-plain-date","component":"projection","action":"mouseleave"},{"timestamp":"2022-11-25T04:19:07.425Z","url":"https://stackoverflow.com/questions/1296358/how-to-subtract-days-from-a-plain-date","component":"page","action":"load"},{"timestamp":"2022-11-25T04:19:15.204Z","url":"https://stackoverflow.com/questions/1296358/how-to-subtract-days-from-a-plain-date","component":"page","action":"scroll","data":{"viewport":{"x":0,"y":400,"height":858,"width":296},"document":{"height":29521,"width":279},"question":{"identifier":"1296358","top":-236.59375,"bottom":524.125,"right":263,"left":16,"width":247,"height":760.71875},"answers":[{"identifier":"1296374","top":641.40625,"bottom":2284.21875,"right":263,"left":16,"width":247,"height":1642.8125},{"identifier":"1296398","top":2284.21875,"bottom":3650.40625,"right":263,"left":16,"width":247,"height":1366.1875},{"identifier":"1296376","top":3650.40625,"bottom":4936.90625,"right":263,"left":16,"width":247,"height":1286.5},{"identifier":"24370402","top":4936.90625,"bottom":6388.96875,"right":263,"left":16,"width":247,"height":1452.0625},{"identifier":"58828267","top":6388.96875,"bottom":8094.53125,"right":263,"left":16,"width":247,"height":1705.5625},{"identifier":"40915816","top":8094.53125,"bottom":9179.40625,"right":263,"left":16,"width":247,"height":1084.875},{"identifier":"35629926","top":9179.40625,"bottom":10270.46875,"right":263,"left":16,"width":247,"height":1091.0625},{"identifier":"30282090","top":10270.46875,"bottom":11167.90625,"right":263,"left":16,"width":247,"height":897.4375},{"identifier":"18596234","top":11167.90625,"bottom":12480.46875,"right":263,"left":16,"width":247,"height":1312.5625},{"identifier":"47579664","top":12480.46875,"bottom":13084.96875,"right":263,"left":16,"width":247,"height":604.5},{"identifier":"29673430","top":13084.96875,"bottom":15034.234375,"right":263,"left":16,"width":247,"height":1949.265625},{"identifier":"1296400","top":15034.234375,"bottom":16346.609375,"right":263,"left":16,"width":247,"height":1312.375},{"identifier":"66971962","top":16346.609375,"bottom":17161.046875,"right":263,"left":16,"width":247,"height":814.4375},{"identifier":"44650916","top":17161.046875,"bottom":17569.984375,"right":263,"left":16,"width":247,"height":408.9375},{"identifier":"56240034","top":17569.984375,"bottom":18286.296875,"right":263,"left":16,"width":247,"height":716.3125},{"identifier":"51306020","top":18286.296875,"bottom":19087.921875,"right":263,"left":16,"width":247,"height":801.625},{"identifier":"51382161","top":19087.921875,"bottom":19579.859375,"right":263,"left":16,"width":247,"height":491.9375},{"identifier":"37750175","top":19579.859375,"bottom":19978.796875,"right":263,"left":16,"width":247,"height":398.9375},{"identifier":"43130430","top":19978.796875,"bottom":20393.921875,"right":263,"left":16,"width":247,"height":415.125},{"identifier":"53553804","top":20393.921875,"bottom":20728.859375,"right":263,"left":16,"width":247,"height":334.9375},{"identifier":"37792122","top":20728.859375,"bottom":21180.796875,"right":263,"left":16,"width":247,"height":451.9375},{"identifier":"43106584","top":21180.796875,"bottom":21806.921875,"right":263,"left":16,"width":247,"height":626.125},{"identifier":"49176291","top":21806.921875,"bottom":22371.859375,"right":263,"left":16,"width":247,"height":564.9375},{"identifier":"49847731","top":22371.859375,"bottom":23293.484375,"right":263,"left":16,"width":247,"height":921.625},{"identifier":"65796991","top":23293.484375,"bottom":24242.609375,"right":263,"left":16,"width":247,"height":949.125},{"identifier":"70655058","top":24242.609375,"bottom":24592.046875,"right":263,"left":16,"width":247,"height":349.4375},{"identifier":"34762075","top":24592.046875,"bottom":25120.484375,"right":263,"left":16,"width":247,"height":528.4375},{"identifier":"37224717","top":25120.484375,"bottom":25592.421875,"right":263,"left":16,"width":247,"height":471.9375},{"identifier":"49361355","top":25592.421875,"bottom":26089.046875,"right":263,"left":16,"width":247,"height":496.625},{"identifier":"51381824","top":26089.046875,"bottom":26695.296875,"right":263,"left":16,"width":247,"height":606.25}]}},{"timestamp":"2022-11-25T04:19:16.557Z","url":"https://stackoverflow.com/questions/1296358/how-to-subtract-days-from-a-plain-date","component":"page","action":"scroll","data":{"viewport":{"x":0,"y":700,"height":858,"width":296},"document":{"height":29521,"width":279},"question":{"identifier":"1296358","top":-536.59375,"bottom":224.125,"right":263,"left":16,"width":247,"height":760.71875},"answers":[{"identifier":"1296374","top":341.40625,"bottom":1984.21875,"right":263,"left":16,"width":247,"height":1642.8125},{"identifier":"1296398","top":1984.21875,"bottom":3350.40625,"right":263,"left":16,"width":247,"height":1366.1875},{"identifier":"1296376","top":3350.40625,"bottom":4636.90625,"right":263,"left":16,"width":247,"height":1286.5},{"identifier":"24370402","top":4636.90625,"bottom":6088.96875,"right":263,"left":16,"width":247,"height":1452.0625},{"identifier":"58828267","top":6088.96875,"bottom":7794.53125,"right":263,"left":16,"width":247,"height":1705.5625},{"identifier":"40915816","top":7794.53125,"bottom":8879.40625,"right":263,"left":16,"width":247,"height":1084.875},{"identifier":"35629926","top":8879.40625,"bottom":9970.46875,"right":263,"left":16,"width":247,"height":1091.0625},{"identifier":"30282090","top":9970.46875,"bottom":10867.90625,"right":263,"left":16,"width":247,"height":897.4375},{"identifier":"18596234","top":10867.90625,"bottom":12180.46875,"right":263,"left":16,"width":247,"height":1312.5625},{"identifier":"47579664","top":12180.46875,"bottom":12784.96875,"right":263,"left":16,"width":247,"height":604.5},{"identifier":"29673430","top":12784.96875,"bottom":14734.234375,"right":263,"left":16,"width":247,"height":1949.265625},{"identifier":"1296400","top":14734.234375,"bottom":16046.609375,"right":263,"left":16,"width":247,"height":1312.375},{"identifier":"66971962","top":16046.609375,"bottom":16861.046875,"right":263,"left":16,"width":247,"height":814.4375},{"identifier":"44650916","top":16861.046875,"bottom":17269.984375,"right":263,"left":16,"width":247,"height":408.9375},{"identifier":"56240034","top":17269.984375,"bottom":17986.296875,"right":263,"left":16,"width":247,"height":716.3125},{"identifier":"51306020","top":17986.296875,"bottom":18787.921875,"right":263,"left":16,"width":247,"height":801.625},{"identifier":"51382161","top":18787.921875,"bottom":19279.859375,"right":263,"left":16,"width":247,"height":491.9375},{"identifier":"37750175","top":19279.859375,"bottom":19678.796875,"right":263,"left":16,"width":247,"height":398.9375},{"identifier":"43130430","top":19678.796875,"bottom":20093.921875,"right":263,"left":16,"width":247,"height":415.125},{"identifier":"53553804","top":20093.921875,"bottom":20428.859375,"right":263,"left":16,"width":247,"height":334.9375},{"identifier":"37792122","top":20428.859375,"bottom":20880.796875,"right":263,"left":16,"width":247,"height":451.9375},{"identifier":"43106584","top":20880.796875,"bottom":21506.921875,"right":263,"left":16,"width":247,"height":626.125},{"identifier":"49176291","top":21506.921875,"bottom":22071.859375,"right":263,"left":16,"width":247,"height":564.9375},{"identifier":"49847731","top":22071.859375,"bottom":22993.484375,"right":263,"left":16,"width":247,"height":921.625},{"identifier":"65796991","top":22993.484375,"bottom":23942.609375,"right":263,"left":16,"width":247,"height":949.125},{"identifier":"70655058","top":23942.609375,"bottom":24292.046875,"right":263,"left":16,"width":247,"height":349.4375},{"identifier":"34762075","top":24292.046875,"bottom":24820.484375,"right":263,"left":16,"width":247,"height":528.4375},{"identifier":"37224717","top":24820.484375,"bottom":25292.421875,"right":263,"left":16,"width":247,"height":471.9375},{"identifier":"49361355","top":25292.421875,"bottom":25789.046875,"right":263,"left":16,"width":247,"height":496.625},{"identifier":"51381824","top":25789.046875,"bottom":26395.296875,"right":263,"left":16,"width":247,"height":606.25}]}},{"timestamp":"2022-11-25T04:19:19.780Z","url":"https://stackoverflow.com/questions/1296358/how-to-subtract-days-from-a-plain-date","component":"page","action":"scroll","data":{"viewport":{"x":0,"y":800,"height":858,"width":296},"document":{"height":29521,"width":279},"question":{"identifier":"1296358","top":-636.59375,"bottom":124.125,"right":263,"left":16,"width":247,"height":760.71875},"answers":[{"identifier":"1296374","top":241.40625,"bottom":1884.21875,"right":263,"left":16,"width":247,"height":1642.8125},{"identifier":"1296398","top":1884.21875,"bottom":3250.40625,"right":263,"left":16,"width":247,"height":1366.1875},{"identifier":"1296376","top":3250.40625,"bottom":4536.90625,"right":263,"left":16,"width":247,"height":1286.5},{"identifier":"24370402","top":4536.90625,"bottom":5988.96875,"right":263,"left":16,"width":247,"height":1452.0625},{"identifier":"58828267","top":5988.96875,"bottom":7694.53125,"right":263,"left":16,"width":247,"height":1705.5625},{"identifier":"40915816","top":7694.53125,"bottom":8779.40625,"right":263,"left":16,"width":247,"height":1084.875},{"identifier":"35629926","top":8779.40625,"bottom":9870.46875,"right":263,"left":16,"width":247,"height":1091.0625},{"identifier":"30282090","top":9870.46875,"bottom":10767.90625,"right":263,"left":16,"width":247,"height":897.4375},{"identifier":"18596234","top":10767.90625,"bottom":12080.46875,"right":263,"left":16,"width":247,"height":1312.5625},{"identifier":"47579664","top":12080.46875,"bottom":12684.96875,"right":263,"left":16,"width":247,"height":604.5},{"identifier":"29673430","top":12684.96875,"bottom":14634.234375,"right":263,"left":16,"width":247,"height":1949.265625},{"identifier":"1296400","top":14634.234375,"bottom":15946.609375,"right":263,"left":16,"width":247,"height":1312.375},{"identifier":"66971962","top":15946.609375,"bottom":16761.046875,"right":263,"left":16,"width":247,"height":814.4375},{"identifier":"44650916","top":16761.046875,"bottom":17169.984375,"right":263,"left":16,"width":247,"height":408.9375},{"identifier":"56240034","top":17169.984375,"bottom":17886.296875,"right":263,"left":16,"width":247,"height":716.3125},{"identifier":"51306020","top":17886.296875,"bottom":18687.921875,"right":263,"left":16,"width":247,"height":801.625},{"identifier":"51382161","top":18687.921875,"bottom":19179.859375,"right":263,"left":16,"width":247,"height":491.9375},{"identifier":"37750175","top":19179.859375,"bottom":19578.796875,"right":263,"left":16,"width":247,"height":398.9375},{"identifier":"43130430","top":19578.796875,"bottom":19993.921875,"right":263,"left":16,"width":247,"height":415.125},{"identifier":"53553804","top":19993.921875,"bottom":20328.859375,"right":263,"left":16,"width":247,"height":334.9375},{"identifier":"37792122","top":20328.859375,"bottom":20780.796875,"right":263,"left":16,"width":247,"height":451.9375},{"identifier":"43106584","top":20780.796875,"bottom":21406.921875,"right":263,"left":16,"width":247,"height":626.125},{"identifier":"49176291","top":21406.921875,"bottom":21971.859375,"right":263,"left":16,"width":247,"height":564.9375},{"identifier":"49847731","top":21971.859375,"bottom":22893.484375,"right":263,"left":16,"width":247,"height":921.625},{"identifier":"65796991","top":22893.484375,"bottom":23842.609375,"right":263,"left":16,"width":247,"height":949.125},{"identifier":"70655058","top":23842.609375,"bottom":24192.046875,"right":263,"left":16,"width":247,"height":349.4375},{"identifier":"34762075","top":24192.046875,"bottom":24720.484375,"right":263,"left":16,"width":247,"height":528.4375},{"identifier":"37224717","top":24720.484375,"bottom":25192.421875,"right":263,"left":16,"width":247,"height":471.9375},{"identifier":"49361355","top":25192.421875,"bottom":25689.046875,"right":263,"left":16,"width":247,"height":496.625},{"identifier":"51381824","top":25689.046875,"bottom":26295.296875,"right":263,"left":16,"width":247,"height":606.25}]}},{"timestamp":"2022-11-25T04:19:48.939Z","url":"https://stackoverflow.com/questions/1296358/how-to-subtract-days-from-a-plain-date","component":"page","action":"selection","data":"t."},{"timestamp":"2022-11-25T04:20:01.475Z","url":"https://stackoverflow.com/questions/1296358/how-to-subtract-days-from-a-plain-date","component":"page","action":"close"},{"timestamp":"2022-11-25T04:20:01.813Z","url":"https://stackoverflow.com/questions/1296358/how-to-subtract-days-from-a-plain-date","component":"projection","action":"mouseenter"},{"timestamp":"2022-11-25T04:20:01.897Z","url":"https://stackoverflow.com/questions/1296358/how-to-subtract-days-from-a-plain-date","component":"projection","action":"mouseleave"},{"timestamp":"2022-11-25T04:20:01.898Z","url":"https://stackoverflow.com/questions/4944750/how-to-subtract-date-time-in-javascript","component":"projection","action":"mouseenter"},{"timestamp":"2022-11-25T04:20:02.371Z","url":"https://stackoverflow.com/questions/4944750/how-to-subtract-date-time-in-javascript","component":"page","action":"open"},{"timestamp":"2022-11-25T04:20:02.383Z","url":"https://stackoverflow.com/questions/4944750/how-to-subtract-date-time-in-javascript","component":"projection","action":"mouseleave"},{"timestamp":"2022-11-25T04:20:02.562Z","url":"https://stackoverflow.com/questions/4944750/how-to-subtract-date-time-in-javascript","component":"page","action":"load"},{"timestamp":"2022-11-25T04:20:04.434Z","url":"https://stackoverflow.com/questions/4944750/how-to-subtract-date-time-in-javascript","component":"page","action":"scroll","data":{"viewport":{"x":0,"y":500,"height":858,"width":296},"document":{"height":8396,"width":279},"question":{"identifier":"4944750","top":-283.390625,"bottom":726.265625,"right":263,"left":16,"width":247,"height":1009.65625},"answers":[{"identifier":"4944782","top":806.546875,"bottom":2402.609375,"right":263,"left":16,"width":247,"height":1596.0625},{"identifier":"4944807","top":2402.609375,"bottom":3266.546875,"right":263,"left":16,"width":247,"height":863.9375},{"identifier":"23147044","top":3266.546875,"bottom":4059.546875,"right":263,"left":16,"width":247,"height":793},{"identifier":"14779469","top":4059.546875,"bottom":5028.296875,"right":263,"left":16,"width":247,"height":968.75},{"identifier":"4944942","top":5028.296875,"bottom":5529.921875,"right":263,"left":16,"width":247,"height":501.625}]}}]},{"keywords":["subtract","time","from","a","date","js"],"context":{"tokens":[{"kind":"library","value":"moment"},{"kind":"language","value":"javascript"}]},"timestamp":"2022-11-25T04:20:02.934Z","results":[{"signatures":[],"areSignaturesLoading":true,"title":"javascript - subtract time from date - moment js - Stack Overflow","snippet":"There is a simple function subtract which moment library gives us to subtract time from some time. Using it ...","url":"https://stackoverflow.com/questions/24428656/subtract-time-from-date-moment-js","displayLink":"https://stackoverflow.com › questions › subtract-time-fr...","snippetHighlightWords":["function subtract"],"date":"Jun 26, 2014"},{"signatures":[],"areSignaturesLoading":true,"title":"How to subtract Time from current Time momentjs","snippet":"You can use endTime.subtract(duration, 'ms'). But for that endTime has to be a moment ...","url":"https://stackoverflow.com/questions/49169562/how-to-subtract-time-from-current-time-momentjs","displayLink":"https://stackoverflow.com › questions › how-to-subtract...","snippetHighlightWords":["use endTime.subtract(duration, 'ms"],"date":"Mar 8, 2018"},{"signatures":[],"areSignaturesLoading":true,"title":"React Moment subtract time format - Stack Overflow","snippet":"1 Answer 1 ... Here is the working code : const calculateTime = () => { if (this.state.start !== \"\" && this.state.end !== \"\") { let time1 = moment ...","url":"https://stackoverflow.com/questions/70643603/react-moment-subtract-time-format","displayLink":"https://stackoverflow.com › questions › react-moment-s...","snippetHighlightWords":["moment"],"date":"Jan 9, 2022 1 answer"},{"signatures":[],"areSignaturesLoading":true,"title":"JavaScript subtract time in moment used in reactJS","snippet":"I am using React Js and I would like to perform a subtract time in JavaScript with moment library. ... May I know where is my syntax error?","url":"https://stackoverflow.com/questions/63543715/javascript-subtract-time-in-moment-used-in-reactjs","displayLink":"https://stackoverflow.com › questions › javascript-subtr...","snippetHighlightWords":["Js","subtract time","JavaScript","moment"],"date":"Aug 23, 2020"},{"signatures":[],"areSignaturesLoading":true,"title":"How to deduct time in 24 hours using moment - Stack Overflow","snippet":"You can add -24 hours. See moment.add moment(date).add(-24, 'hours');. And to display relative time you can use moment.fromNow.","url":"https://stackoverflow.com/questions/41533546/how-to-deduct-time-in-24-hours-using-moment","displayLink":"https://stackoverflow.com › questions › how-to-deduct-...","snippetHighlightWords":["24 hours"],"date":"Jan 8, 2017 4 answers"},{"signatures":[],"areSignaturesLoading":true,"title":"How to subtract 2 times with moment.js, then ... - Stack Overflow","snippet":"// parse time using 24-hour clock and use UTC to prevent DST issues var start = moment.utc(startTime, \"HH:mm\"); var end = moment.utc(endTime ...","url":"https://stackoverflow.com/questions/34247283/how-to-subtract-2-times-with-moment-js-then-subtract-some-minutes","displayLink":"https://stackoverflow.com › questions › how-to-subtract...","snippetHighlightWords":["time","hour","moment","moment"],"date":"Dec 13, 2015 2 answers"},{"signatures":[],"areSignaturesLoading":true,"title":"Trying to subtract moment.js time values - Stack Overflow","snippet":"You can use new Date() to convert your time string to date: const time1 ...","url":"https://stackoverflow.com/questions/57885958/trying-to-subtract-moment-js-time-values","displayLink":"https://stackoverflow.com › questions › trying-to-subtra...","snippetHighlightWords":["new Date"],"date":"Sep 11, 2019"},{"signatures":[],"areSignaturesLoading":true,"title":"How to subtract 2 dates on momentjs - Stack Overflow","snippet":"You are correct, you can use moment's diff function to subtract two dates (see my example on Plunker): var date1 = moment('2016-10-08 ...","url":"https://stackoverflow.com/questions/40459932/how-to-subtract-2-dates-on-momentjs","displayLink":"https://stackoverflow.com › questions › how-to-subtract...","snippetHighlightWords":["use moment's diff function to subtract"],"date":"Nov 7, 2016 1 answer"},{"signatures":[],"areSignaturesLoading":true,"title":"How to get the total Hours by Subtracting two dates using ...","snippet":"The format function returns a string. So, in your code, date1 and date2 are strings, not momentjs datetime values. Remove the call to format() .","url":"https://stackoverflow.com/questions/52326850/how-to-get-the-total-hours-by-subtracting-two-dates-using-moment","displayLink":"https://stackoverflow.com › questions › how-to-get-the-...","snippetHighlightWords":["momentjs datetime"],"date":"Sep 14, 2018"},{"signatures":[],"areSignaturesLoading":true,"title":"How to subtract time using moment - javascript - Stack Overflow","snippet":"Why don't you just return both dates ( startDate and endDate ) minus 1 day ? · this should answer your question · 1 · @BJRINT startDate and endDate ...","url":"https://stackoverflow.com/questions/56683364/how-to-subtract-time-using-moment","displayLink":"https://stackoverflow.com › questions › how-to-subtract...","snippetHighlightWords":["dates","minus"],"date":"Jun 20, 2019"}],"events":[{"timestamp":"2022-11-25T04:20:05.224Z","url":"https://stackoverflow.com/questions/24428656/subtract-time-from-date-moment-js","component":"projection","action":"load","data":{"height":60,"width":272.296875,"wc":20,"lc":1}},{"timestamp":"2022-11-25T04:20:05.224Z","url":"https://stackoverflow.com/questions/49169562/how-to-subtract-time-from-current-time-momentjs","component":"projection","action":"load","data":{"height":60,"width":268.90625,"wc":15,"lc":1}},{"timestamp":"2022-11-25T04:20:05.224Z","url":"https://stackoverflow.com/questions/70643603/react-moment-subtract-time-format","component":"projection","action":"load","data":{"height":82,"width":281.953125,"wc":30,"lc":1}},{"timestamp":"2022-11-25T04:20:05.224Z","url":"https://stackoverflow.com/questions/63543715/javascript-subtract-time-in-moment-used-in-reactjs","component":"projection","action":"load","data":{"height":82,"width":268.640625,"wc":28,"lc":1}},{"timestamp":"2022-11-25T04:20:05.224Z","url":"https://stackoverflow.com/questions/41533546/how-to-deduct-time-in-24-hours-using-moment","component":"projection","action":"load","data":{"height":104,"width":267.765625,"wc":18,"lc":1}},{"timestamp":"2022-11-25T04:20:05.224Z","url":"https://stackoverflow.com/questions/34247283/how-to-subtract-2-times-with-moment-js-then-subtract-some-minutes","component":"projection","action":"load","data":{"height":104,"width":281.234375,"wc":23,"lc":1}},{"timestamp":"2022-11-25T04:20:05.224Z","url":"https://stackoverflow.com/questions/57885958/trying-to-subtract-moment-js-time-values","component":"projection","action":"load","data":{"height":60,"width":276.078125,"wc":15,"lc":1}},{"timestamp":"2022-11-25T04:20:05.224Z","url":"https://stackoverflow.com/questions/40459932/how-to-subtract-2-dates-on-momentjs","component":"projection","action":"load","data":{"height":104,"width":267.765625,"wc":23,"lc":1}},{"timestamp":"2022-11-25T04:20:05.224Z","url":"https://stackoverflow.com/questions/52326850/how-to-get-the-total-hours-by-subtracting-two-dates-using-moment","component":"projection","action":"load","data":{"height":82,"width":277.109375,"wc":25,"lc":1}},{"timestamp":"2022-11-25T04:20:05.224Z","url":"https://stackoverflow.com/questions/56683364/how-to-subtract-time-using-moment","component":"projection","action":"load","data":{"height":82,"width":278.90625,"wc":30,"lc":1}},{"timestamp":"2022-11-25T04:20:05.285Z","url":"https://stackoverflow.com/questions/4944750/how-to-subtract-date-time-in-javascript","component":"page","action":"scroll","data":{"viewport":{"x":0,"y":900,"height":858,"width":296},"document":{"height":8396,"width":279},"question":{"identifier":"4944750","top":-683.390625,"bottom":326.265625,"right":263,"left":16,"width":247,"height":1009.65625},"answers":[{"identifier":"4944782","top":406.546875,"bottom":2002.609375,"right":263,"left":16,"width":247,"height":1596.0625},{"identifier":"4944807","top":2002.609375,"bottom":2866.546875,"right":263,"left":16,"width":247,"height":863.9375},{"identifier":"23147044","top":2866.546875,"bottom":3659.546875,"right":263,"left":16,"width":247,"height":793},{"identifier":"14779469","top":3659.546875,"bottom":4628.296875,"right":263,"left":16,"width":247,"height":968.75},{"identifier":"4944942","top":4628.296875,"bottom":5129.921875,"right":263,"left":16,"width":247,"height":501.625}]}},{"timestamp":"2022-11-25T04:20:06.119Z","url":"https://stackoverflow.com/questions/4944750/how-to-subtract-date-time-in-javascript","component":"page","action":"scroll","data":{"viewport":{"x":0,"y":1000,"height":858,"width":296},"document":{"height":8396,"width":279},"question":{"identifier":"4944750","top":-783.390625,"bottom":226.265625,"right":263,"left":16,"width":247,"height":1009.65625},"answers":[{"identifier":"4944782","top":306.546875,"bottom":1902.609375,"right":263,"left":16,"width":247,"height":1596.0625},{"identifier":"4944807","top":1902.609375,"bottom":2766.546875,"right":263,"left":16,"width":247,"height":863.9375},{"identifier":"23147044","top":2766.546875,"bottom":3559.546875,"right":263,"left":16,"width":247,"height":793},{"identifier":"14779469","top":3559.546875,"bottom":4528.296875,"right":263,"left":16,"width":247,"height":968.75},{"identifier":"4944942","top":4528.296875,"bottom":5029.921875,"right":263,"left":16,"width":247,"height":501.625}]}},{"timestamp":"2022-11-25T04:20:06.419Z","url":"https://stackoverflow.com/questions/24428656/subtract-time-from-date-moment-js","component":"projection","action":"loaded","data":"projection 10 of 10"},{"timestamp":"2022-11-25T04:20:06.419Z","url":"https://stackoverflow.com/questions/49169562/how-to-subtract-time-from-current-time-momentjs","component":"projection","action":"loaded","data":"projection 9 of 10"},{"timestamp":"2022-11-25T04:20:06.419Z","url":"https://stackoverflow.com/questions/70643603/react-moment-subtract-time-format","component":"projection","action":"loaded","data":"projection 8 of 10"},{"timestamp":"2022-11-25T04:20:06.419Z","url":"https://stackoverflow.com/questions/63543715/javascript-subtract-time-in-moment-used-in-reactjs","component":"projection","action":"loaded","data":"projection 7 of 10"},{"timestamp":"2022-11-25T04:20:06.419Z","url":"https://stackoverflow.com/questions/41533546/how-to-deduct-time-in-24-hours-using-moment","component":"projection","action":"loaded","data":"projection 6 of 10"},{"timestamp":"2022-11-25T04:20:06.419Z","url":"https://stackoverflow.com/questions/34247283/how-to-subtract-2-times-with-moment-js-then-subtract-some-minutes","component":"projection","action":"loaded","data":"projection 5 of 10"},{"timestamp":"2022-11-25T04:20:06.419Z","url":"https://stackoverflow.com/questions/57885958/trying-to-subtract-moment-js-time-values","component":"projection","action":"loaded","data":"projection 4 of 10"},{"timestamp":"2022-11-25T04:20:06.419Z","url":"https://stackoverflow.com/questions/40459932/how-to-subtract-2-dates-on-momentjs","component":"projection","action":"loaded","data":"projection 3 of 10"},{"timestamp":"2022-11-25T04:20:06.419Z","url":"https://stackoverflow.com/questions/52326850/how-to-get-the-total-hours-by-subtracting-two-dates-using-moment","component":"projection","action":"loaded","data":"projection 2 of 10"},{"timestamp":"2022-11-25T04:20:06.419Z","url":"https://stackoverflow.com/questions/56683364/how-to-subtract-time-using-moment","component":"projection","action":"loaded","data":"projection 1 of 10"},{"timestamp":"2022-11-25T04:20:07.212Z","url":"https://stackoverflow.com/questions/4944750/how-to-subtract-date-time-in-javascript","component":"page","action":"selection","data":"le, it'd "},{"timestamp":"2022-11-25T04:20:08.688Z","url":"https://stackoverflow.com/questions/4944750/how-to-subtract-date-time-in-javascript","component":"page","action":"scroll","data":{"viewport":{"x":0,"y":1200,"height":858,"width":296},"document":{"height":8396,"width":279},"question":{"identifier":"4944750","top":-983.390625,"bottom":26.265625,"right":263,"left":16,"width":247,"height":1009.65625},"answers":[{"identifier":"4944782","top":106.546875,"bottom":1702.609375,"right":263,"left":16,"width":247,"height":1596.0625},{"identifier":"4944807","top":1702.609375,"bottom":2566.546875,"right":263,"left":16,"width":247,"height":863.9375},{"identifier":"23147044","top":2566.546875,"bottom":3359.546875,"right":263,"left":16,"width":247,"height":793},{"identifier":"14779469","top":3359.546875,"bottom":4328.296875,"right":263,"left":16,"width":247,"height":968.75},{"identifier":"4944942","top":4328.296875,"bottom":4829.921875,"right":263,"left":16,"width":247,"height":501.625}]}},{"timestamp":"2022-11-25T04:20:14.539Z","url":"https://stackoverflow.com/questions/4944750/how-to-subtract-date-time-in-javascript","component":"page","action":"close"}]},{"keywords":["subtract","time","from","a","date","using","an","interval","js"],"context":{"tokens":[{"kind":"library","value":"moment"},{"kind":"language","value":"javascript"}]},"timestamp":"2022-11-25T04:20:22.368Z","results":[{"signatures":[],"areSignaturesLoading":true,"title":"javascript - subtract time from date - moment js - Stack Overflow","snippet":"There is a simple function subtract which moment library gives us to subtract time from some time. Using it is also very simple.","url":"https://stackoverflow.com/questions/24428656/subtract-time-from-date-moment-js","displayLink":"https://stackoverflow.com › questions › subtract-time-fr...","snippetHighlightWords":["subtract","moment","subtract time","time","Using"],"date":"Jun 26, 2014"},{"signatures":[],"areSignaturesLoading":true,"title":"Format date and Subtract days using Moment.js - Stack Overflow","snippet":"I would like a variable to hold yesterday's date in the format DD-MM-YYYY using Moment.js. So if today is 15-04-2015, I would like to subtract a day and ...","url":"https://stackoverflow.com/questions/29651815/format-date-and-subtract-days-using-moment-js","displayLink":"https://stackoverflow.com › questions › format-date-an...","snippetHighlightWords":["date","using Moment","js","subtract"]},{"signatures":[],"areSignaturesLoading":true,"title":"How do I subtract minutes from a date in JavaScript?","snippet":"var date=new Date(); //here I am using \"-30\" to subtract 30 minutes from the current time. var minute=date.setMinutes(date.","url":"https://stackoverflow.com/questions/674721/how-do-i-subtract-minutes-from-a-date-in-javascript","displayLink":"https://stackoverflow.com › questions › how-do-i-subtr...","snippetHighlightWords":["date","Date","using","subtract","time","date","date"],"date":"Mar 23, 2009"},{"signatures":[],"areSignaturesLoading":true,"title":"How to subtract 2 times with moment.js, then ... - Stack Overflow","snippet":"You can use the diff method to calculate the difference between two dates and the subtract method to subtract time. In your case:","url":"https://stackoverflow.com/questions/34247283/how-to-subtract-2-times-with-moment-js-then-subtract-some-minutes","displayLink":"https://stackoverflow.com › questions › how-to-subtract...","snippetHighlightWords":["use","dates","subtract","subtract time"],"date":"Dec 13, 2015"},{"signatures":[],"areSignaturesLoading":true,"title":"How to subtract date/time in JavaScript? - Stack Overflow","snippet":"This will give you the difference between two dates, in milliseconds var diff = Math.abs(date1 - date2);. In your example, it'd be","url":"https://stackoverflow.com/questions/4944750/how-to-subtract-date-time-in-javascript","displayLink":"https://stackoverflow.com › questions › how-to-subtract...","snippetHighlightWords":["dates"],"date":"Feb 9, 2011 5 answers"},{"signatures":[],"areSignaturesLoading":true,"title":"Display time duration based on start and end date with interval ...","snippet":"Here is another option to generate intervals using moment.js. ... You are just pushing the current time value and not the entire interval. Just a ...","url":"https://stackoverflow.com/questions/48276306/display-time-duration-based-on-start-and-end-date-with-interval-using-moment-js","displayLink":"https://stackoverflow.com › questions › display-time-du...","snippetHighlightWords":["intervals using moment","js","time","interval"],"date":"Jan 16, 2018 2 answers"},{"signatures":[],"areSignaturesLoading":true,"title":"Subtracting hours from date string - javascript - Stack Overflow","snippet":"the docs of moment.js (they're same both client / server side) tells how to subtract 9940 hours (that's a lot ...) Moment.js ...","url":"https://stackoverflow.com/questions/43322526/subtracting-hours-from-date-string","displayLink":"https://stackoverflow.com › questions › subtracting-hou...","snippetHighlightWords":["moment","js","subtract","hours","Moment","js"],"date":"Apr 10, 2017"},{"signatures":[],"areSignaturesLoading":true,"title":"Get hours difference between two dates in Moment Js","snippet":"You were close. You just need to use the duration.asHours() method (see the docs). var duration = moment.duration(end.diff(startTime)); var hours = duration ...","url":"https://stackoverflow.com/questions/25150570/get-hours-difference-between-two-dates-in-moment-js","displayLink":"https://stackoverflow.com › questions › get-hours-differ...","snippetHighlightWords":["use","moment","hours"],"date":"17 answers"},{"signatures":[],"areSignaturesLoading":true,"title":"Moment JS - how to subtract 7 days from current date?","snippet":"dateTo = moment(new Date()).format('YYYY-MM-DD'); dateFrom = moment(new Date() - 7) ...","url":"https://stackoverflow.com/questions/25888182/moment-js-how-to-subtract-7-days-from-current-date","displayLink":"https://stackoverflow.com › questions › moment-js-how...","snippetHighlightWords":["moment","Date","moment","Date"]},{"signatures":[],"areSignaturesLoading":true,"title":"Get the time difference between two datetimes - Stack Overflow","snippet":"js calculates the difference in milliseconds. If the milliseconds is passed to duration , it is used to calculate duration which is correct.","url":"https://stackoverflow.com/questions/18623783/get-the-time-difference-between-two-datetimes","displayLink":"https://stackoverflow.com › questions › get-the-time-dif...","snippetHighlightWords":["js"],"date":"Sep 4, 2013"}],"events":[{"timestamp":"2022-11-25T04:20:24.443Z","url":"https://stackoverflow.com/questions/24428656/subtract-time-from-date-moment-js","component":"projection","action":"load","data":{"height":82,"width":270.21875,"wc":23,"lc":1}},{"timestamp":"2022-11-25T04:20:24.443Z","url":"https://stackoverflow.com/questions/29651815/format-date-and-subtract-days-using-moment-js","component":"projection","action":"load","data":{"height":82,"width":258.34375,"wc":29,"lc":1}},{"timestamp":"2022-11-25T04:20:24.443Z","url":"https://stackoverflow.com/questions/674721/how-do-i-subtract-minutes-from-a-date-in-javascript","component":"projection","action":"load","data":{"height":82,"width":241.234375,"wc":18,"lc":1}},{"timestamp":"2022-11-25T04:20:24.443Z","url":"https://stackoverflow.com/questions/34247283/how-to-subtract-2-times-with-moment-js-then-subtract-some-minutes","component":"projection","action":"load","data":{"height":82,"width":270.90625,"wc":23,"lc":1}},{"timestamp":"2022-11-25T04:20:24.444Z","url":"https://stackoverflow.com/questions/4944750/how-to-subtract-date-time-in-javascript","component":"projection","action":"load","data":{"height":82,"width":256.6875,"wc":22,"lc":1}},{"timestamp":"2022-11-25T04:20:24.444Z","url":"https://stackoverflow.com/questions/48276306/display-time-duration-based-on-start-and-end-date-with-interval-using-moment-js","component":"projection","action":"load","data":{"height":104,"width":270.15625,"wc":26,"lc":1}},{"timestamp":"2022-11-25T04:20:24.444Z","url":"https://stackoverflow.com/questions/43322526/subtracting-hours-from-date-string","component":"projection","action":"load","data":{"height":82,"width":270.265625,"wc":23,"lc":1}},{"timestamp":"2022-11-25T04:20:24.444Z","url":"https://stackoverflow.com/questions/25150570/get-hours-difference-between-two-dates-in-moment-js","component":"projection","action":"load","data":{"height":104,"width":262.421875,"wc":23,"lc":1}},{"timestamp":"2022-11-25T04:20:24.444Z","url":"https://stackoverflow.com/questions/25888182/moment-js-how-to-subtract-7-days-from-current-date","component":"projection","action":"load","data":{"height":60,"width":263,"wc":11,"lc":1}},{"timestamp":"2022-11-25T04:20:24.444Z","url":"https://stackoverflow.com/questions/18623783/get-the-time-difference-between-two-datetimes","component":"projection","action":"load","data":{"height":82,"width":267.8125,"wc":23,"lc":1}},{"timestamp":"2022-11-25T04:20:25.636Z","url":"https://stackoverflow.com/questions/24428656/subtract-time-from-date-moment-js","component":"projection","action":"loaded","data":"projection 10 of 10"},{"timestamp":"2022-11-25T04:20:25.636Z","url":"https://stackoverflow.com/questions/29651815/format-date-and-subtract-days-using-moment-js","component":"projection","action":"loaded","data":"projection 9 of 10"},{"timestamp":"2022-11-25T04:20:25.636Z","url":"https://stackoverflow.com/questions/674721/how-do-i-subtract-minutes-from-a-date-in-javascript","component":"projection","action":"loaded","data":"projection 8 of 10"},{"timestamp":"2022-11-25T04:20:25.636Z","url":"https://stackoverflow.com/questions/34247283/how-to-subtract-2-times-with-moment-js-then-subtract-some-minutes","component":"projection","action":"loaded","data":"projection 7 of 10"},{"timestamp":"2022-11-25T04:20:25.636Z","url":"https://stackoverflow.com/questions/4944750/how-to-subtract-date-time-in-javascript","component":"projection","action":"loaded","data":"projection 6 of 10"},{"timestamp":"2022-11-25T04:20:25.636Z","url":"https://stackoverflow.com/questions/48276306/display-time-duration-based-on-start-and-end-date-with-interval-using-moment-js","component":"projection","action":"loaded","data":"projection 5 of 10"},{"timestamp":"2022-11-25T04:20:25.636Z","url":"https://stackoverflow.com/questions/43322526/subtracting-hours-from-date-string","component":"projection","action":"loaded","data":"projection 4 of 10"},{"timestamp":"2022-11-25T04:20:25.636Z","url":"https://stackoverflow.com/questions/25150570/get-hours-difference-between-two-dates-in-moment-js","component":"projection","action":"loaded","data":"projection 3 of 10"},{"timestamp":"2022-11-25T04:20:25.636Z","url":"https://stackoverflow.com/questions/25888182/moment-js-how-to-subtract-7-days-from-current-date","component":"projection","action":"loaded","data":"projection 2 of 10"},{"timestamp":"2022-11-25T04:20:25.636Z","url":"https://stackoverflow.com/questions/18623783/get-the-time-difference-between-two-datetimes","component":"projection","action":"loaded","data":"projection 1 of 10"},{"timestamp":"2022-11-25T04:20:26.188Z","url":"https://stackoverflow.com/questions/24428656/subtract-time-from-date-moment-js","component":"projection","action":"mouseenter"},{"timestamp":"2022-11-25T04:20:26.779Z","url":"https://stackoverflow.com/questions/24428656/subtract-time-from-date-moment-js","component":"page","action":"open"},{"timestamp":"2022-11-25T04:20:26.794Z","url":"https://stackoverflow.com/questions/24428656/subtract-time-from-date-moment-js","component":"projection","action":"mouseleave"},{"timestamp":"2022-11-25T04:20:27.009Z","url":"https://stackoverflow.com/questions/24428656/subtract-time-from-date-moment-js","component":"page","action":"load"},{"timestamp":"2022-11-25T04:20:30.195Z","url":"https://stackoverflow.com/questions/24428656/subtract-time-from-date-moment-js","component":"page","action":"scroll","data":{"viewport":{"x":0,"y":600,"height":858,"width":296},"document":{"height":8627,"width":279},"question":{"identifier":"24428656","top":-414.21875,"bottom":545.5,"right":263,"left":16,"width":247,"height":959.71875},"answers":[{"identifier":"24428984","top":625.78125,"bottom":1626.78125,"right":263,"left":16,"width":247,"height":1001},{"identifier":"27492540","top":1626.78125,"bottom":2239.09375,"right":263,"left":16,"width":247,"height":612.3125},{"identifier":"57287372","top":2239.09375,"bottom":3047.78125,"right":263,"left":16,"width":247,"height":808.6875},{"identifier":"24428908","top":3047.78125,"bottom":3999.34375,"right":263,"left":16,"width":247,"height":951.5625},{"identifier":"37895245","top":3999.34375,"bottom":4471.78125,"right":263,"left":16,"width":247,"height":472.4375},{"identifier":"37872591","top":4471.78125,"bottom":4814.71875,"right":263,"left":16,"width":247,"height":342.9375},{"identifier":"68172062","top":4814.71875,"bottom":5436.15625,"right":263,"left":16,"width":247,"height":621.4375}]}},{"timestamp":"2022-11-25T04:20:31.027Z","url":"https://stackoverflow.com/questions/24428656/subtract-time-from-date-moment-js","component":"page","action":"scroll","data":{"viewport":{"x":0,"y":1000,"height":858,"width":296},"document":{"height":8627,"width":279},"question":{"identifier":"24428656","top":-814.21875,"bottom":145.5,"right":263,"left":16,"width":247,"height":959.71875},"answers":[{"identifier":"24428984","top":225.78125,"bottom":1226.78125,"right":263,"left":16,"width":247,"height":1001},{"identifier":"27492540","top":1226.78125,"bottom":1839.09375,"right":263,"left":16,"width":247,"height":612.3125},{"identifier":"57287372","top":1839.09375,"bottom":2647.78125,"right":263,"left":16,"width":247,"height":808.6875},{"identifier":"24428908","top":2647.78125,"bottom":3599.34375,"right":263,"left":16,"width":247,"height":951.5625},{"identifier":"37895245","top":3599.34375,"bottom":4071.78125,"right":263,"left":16,"width":247,"height":472.4375},{"identifier":"37872591","top":4071.78125,"bottom":4414.71875,"right":263,"left":16,"width":247,"height":342.9375},{"identifier":"68172062","top":4414.71875,"bottom":5036.15625,"right":263,"left":16,"width":247,"height":621.4375}]}},{"timestamp":"2022-11-25T04:20:34.482Z","url":"https://stackoverflow.com/questions/24428656/subtract-time-from-date-moment-js","component":"page","action":"selection","data":"ment"},{"timestamp":"2022-11-25T04:20:39.568Z","url":"https://stackoverflow.com/questions/24428656/subtract-time-from-date-moment-js","component":"page","action":"scroll","data":{"viewport":{"x":0,"y":1800,"height":858,"width":296},"document":{"height":8627,"width":279},"question":{"identifier":"24428656","top":-1614.21875,"bottom":-654.5,"right":263,"left":16,"width":247,"height":959.71875},"answers":[{"identifier":"24428984","top":-574.21875,"bottom":426.78125,"right":263,"left":16,"width":247,"height":1001},{"identifier":"27492540","top":426.78125,"bottom":1039.09375,"right":263,"left":16,"width":247,"height":612.3125},{"identifier":"57287372","top":1039.09375,"bottom":1847.78125,"right":263,"left":16,"width":247,"height":808.6875},{"identifier":"24428908","top":1847.78125,"bottom":2799.34375,"right":263,"left":16,"width":247,"height":951.5625},{"identifier":"37895245","top":2799.34375,"bottom":3271.78125,"right":263,"left":16,"width":247,"height":472.4375},{"identifier":"37872591","top":3271.78125,"bottom":3614.71875,"right":263,"left":16,"width":247,"height":342.9375},{"identifier":"68172062","top":3614.71875,"bottom":4236.15625,"right":263,"left":16,"width":247,"height":621.4375}]}},{"timestamp":"2022-11-25T04:20:40.899Z","url":"https://stackoverflow.com/questions/24428656/subtract-time-from-date-moment-js","component":"page","action":"close"},{"timestamp":"2022-11-25T04:20:41.320Z","url":"https://stackoverflow.com/questions/24428656/subtract-time-from-date-moment-js","component":"projection","action":"mouseenter"},{"timestamp":"2022-11-25T04:20:41.437Z","url":"https://stackoverflow.com/questions/24428656/subtract-time-from-date-moment-js","component":"projection","action":"mouseleave"},{"timestamp":"2022-11-25T04:20:41.438Z","url":"https://stackoverflow.com/questions/29651815/format-date-and-subtract-days-using-moment-js","component":"projection","action":"mouseenter"},{"timestamp":"2022-11-25T04:20:42.187Z","url":"https://stackoverflow.com/questions/29651815/format-date-and-subtract-days-using-moment-js","component":"page","action":"open"},{"timestamp":"2022-11-25T04:20:42.202Z","url":"https://stackoverflow.com/questions/29651815/format-date-and-subtract-days-using-moment-js","component":"projection","action":"mouseleave"},{"timestamp":"2022-11-25T04:20:42.407Z","url":"https://stackoverflow.com/questions/29651815/format-date-and-subtract-days-using-moment-js","component":"page","action":"load"},{"timestamp":"2022-11-25T04:20:57.320Z","url":"https://stackoverflow.com/questions/29651815/format-date-and-subtract-days-using-moment-js","component":"page","action":"scroll","data":{"viewport":{"x":0,"y":1600,"height":858,"width":296},"document":{"height":7945,"width":279},"question":{"identifier":"29651815","top":-1383.390625,"bottom":148.859375,"right":263,"left":16,"width":247,"height":1532.25},"answers":[{"identifier":"29652195","top":229.140625,"bottom":1438.953125,"right":263,"left":16,"width":247,"height":1209.8125},{"identifier":"56685858","top":1438.953125,"bottom":1930.078125,"right":263,"left":16,"width":247,"height":491.125},{"identifier":"29652077","top":1930.078125,"bottom":2143.515625,"right":263,"left":16,"width":247,"height":213.4375},{"identifier":"29652091","top":2143.515625,"bottom":2833.640625,"right":263,"left":16,"width":247,"height":690.125},{"identifier":"54794221","top":2833.640625,"bottom":3226.265625,"right":263,"left":16,"width":247,"height":392.625},{"identifier":"29652120","top":3226.265625,"bottom":3716.203125,"right":263,"left":16,"width":247,"height":489.9375},{"identifier":"37411397","top":3716.203125,"bottom":3961.828125,"right":263,"left":16,"width":247,"height":245.625}]}},{"timestamp":"2022-11-25T04:22:07.472Z","url":"https://stackoverflow.com/questions/29651815/format-date-and-subtract-days-using-moment-js","component":"page","action":"scroll","data":{"viewport":{"x":0,"y":1900,"height":858,"width":296},"document":{"height":7945,"width":279},"question":{"identifier":"29651815","top":-1683.390625,"bottom":-151.140625,"right":263,"left":16,"width":247,"height":1532.25},"answers":[{"identifier":"29652195","top":-70.859375,"bottom":1138.953125,"right":263,"left":16,"width":247,"height":1209.8125},{"identifier":"56685858","top":1138.953125,"bottom":1630.078125,"right":263,"left":16,"width":247,"height":491.125},{"identifier":"29652077","top":1630.078125,"bottom":1843.515625,"right":263,"left":16,"width":247,"height":213.4375},{"identifier":"29652091","top":1843.515625,"bottom":2533.640625,"right":263,"left":16,"width":247,"height":690.125},{"identifier":"54794221","top":2533.640625,"bottom":2926.265625,"right":263,"left":16,"width":247,"height":392.625},{"identifier":"29652120","top":2926.265625,"bottom":3416.203125,"right":263,"left":16,"width":247,"height":489.9375},{"identifier":"37411397","top":3416.203125,"bottom":3661.828125,"right":263,"left":16,"width":247,"height":245.625}]}},{"timestamp":"2022-11-25T04:22:15.402Z","url":"https://stackoverflow.com/questions/29651815/format-date-and-subtract-days-using-moment-js","component":"page","action":"selection","data":"start"},{"timestamp":"2022-11-25T04:22:17.954Z","url":"https://stackoverflow.com/questions/29651815/format-date-and-subtract-days-using-moment-js","component":"page","action":"selection","data":"startdate = startdate.format(\"DD-MM-YYYY\");"},{"timestamp":"2022-11-25T04:22:18.017Z","url":"https://stackoverflow.com/questions/29651815/format-date-and-subtract-days-using-moment-js","component":"page","action":"copy","data":"startdate = startdate.format(\"DD-MM-YYYY\");"},{"timestamp":"2022-11-25T04:23:06.476Z","url":"https://stackoverflow.com/questions/29651815/format-date-and-subtract-days-using-moment-js","component":"page","action":"selection","data":"mat(\"DD-MM-Y"}]}]}