{"trialId":"39681_2","taskId":"currency","appEvents":[{"timestamp":"2022-11-25T03:56:04.457Z","name":"resize","data":{"height":918,"width":300}},{"timestamp":"2022-11-25T03:56:05.152Z","name":"search","data":"search-start"},{"timestamp":"2022-11-25T03:56:06.359Z","name":"search","data":"search-done"},{"timestamp":"2022-11-25T03:57:13.007Z","name":"search","data":"search-start"},{"timestamp":"2022-11-25T03:57:14.219Z","name":"search","data":"search-done"},{"timestamp":"2022-11-25T04:02:51.386Z","name":"resize","data":{"height":0,"width":0}}],"searches":[{"keywords":["format","currency"],"context":{"tokens":[{"kind":"language","value":"javascript"}]},"timestamp":"2022-11-25T03:56:05.152Z","results":[{"signatures":[],"areSignaturesLoading":true,"title":"How to format numbers as currency strings - Stack Overflow","url":"https://stackoverflow.com/questions/149055/how-to-format-numbers-as-currency-strings","displayLink":"https://stackoverflow.com › questions › how-to-format-...","date":"Sep 29, 2008","snippet":"All you need is to add the currency symbol (e.g. \"$\" + profits.toFixed(2) ) and you will have your amount in dollars. Custom function. If you ...","snippetHighlightWords":["currency"]},{"signatures":[],"areSignaturesLoading":true,"title":"How to format numbers as currency strings - Stack Overflow","url":"https://stackoverflow.com/questions/149055/how-to-format-numbers-as-currency-strings/5681208","displayLink":"https://stackoverflow.com › questions › how-to-format-...","date":"66 answers","snippet":"I found this from: accounting.js. It's very easy and perfectly fits my need. // Default usage: accounting.formatMoney(12345678); // $12,345,678.00 ...","snippetHighlightWords":["js"]},{"signatures":[],"areSignaturesLoading":true,"title":"How do I print currency format in JavaScript - Stack Overflow","url":"https://stackoverflow.com/questions/4022171/how-do-i-print-currency-format-in-javascript","displayLink":"https://stackoverflow.com › questions › how-do-i-print-...","snippet":"I am writing a function that takes the float price and returns the formatted currency value with currency code too. like fnPrice( 1001.01 ) should print $ ...","snippetHighlightWords":["currency","currency"]},{"signatures":[],"areSignaturesLoading":true,"title":"How to format currency in JavaScript? - Stack Overflow","url":"https://stackoverflow.com/questions/64297528/how-to-format-currency-in-javascript","displayLink":"https://stackoverflow.com › questions › how-to-format-...","date":"Oct 10, 2020","snippet":"I'm beginner in JavaScript and I'm rendering a list that contains some products. The product price format comes as follows: 3800 , 4000 , 11000 ...","snippetHighlightWords":["JavaScript","format"]},{"signatures":[],"areSignaturesLoading":true,"title":"How to format currency and time in javascript - Stack Overflow","url":"https://stackoverflow.com/questions/60689698/how-to-format-currency-and-time-in-javascript","displayLink":"https://stackoverflow.com › questions › how-to-format-...","date":"Mar 15, 2020","snippet":"To format as currency, you can use Intl.NumberFormat either with or without the currency symbol. It can be used via toLocaleString:.","snippetHighlightWords":["format","currency","currency"]},{"signatures":[],"areSignaturesLoading":true,"title":"Proper JS currency format with commas and decimals","url":"https://stackoverflow.com/questions/19664926/proper-js-currency-format-with-commas-and-decimals","displayLink":"https://stackoverflow.com › questions › proper-js-curre...","date":"Oct 29, 2013","snippet":"The value that you get from text fields is of type 'string'. When you do math on simple strings Javascript will automatically coerce them to ...","snippetHighlightWords":["Javascript"]},{"signatures":[],"areSignaturesLoading":true,"title":"Currency format in euro - javascript - Stack Overflow","url":"https://stackoverflow.com/questions/69668216/currency-format-in-euro","displayLink":"https://stackoverflow.com › questions › currency-forma...","snippet":"For your onChange event on the euro currency, you want to remove the . the same way you are removing the , for the dollars, ...","snippetHighlightWords":["currency"],"extensions":["Oct 21, 2021","1 answer"]},{"signatures":[],"areSignaturesLoading":true,"title":"Javascript Function to Format as Money - Stack Overflow","url":"https://stackoverflow.com/questions/40426965/javascript-function-to-format-as-money","displayLink":"https://stackoverflow.com › questions › javascript-funct...","date":"Nov 4, 2016","snippet":"String.prototype.formatMoney = function(places, symbol, thousand, decimal) { if((this).match(/^$/) && (this).indexOf(',') != -1 && (this)."},{"signatures":[],"areSignaturesLoading":true,"title":"Format currency in JavaScript removing .00 - Stack Overflow","url":"https://stackoverflow.com/questions/46235907/format-currency-in-javascript-removing-00","displayLink":"https://stackoverflow.com › questions › format-currenc...","date":"Sep 15, 2017","snippet":"NumberFormat has the more sensible behavior of rounding away from zero as opposed to other JavaScript methods like Math.round . For example, ...","snippetHighlightWords":["JavaScript"]},{"signatures":[],"areSignaturesLoading":true,"title":"Currency formatting using Intl.NumberFormat without currency ...","url":"https://stackoverflow.com/questions/68549027/currency-formatting-using-intl-numberformat-without-currency-symbol","displayLink":"https://stackoverflow.com › questions › currency-forma...","date":"Jul 27, 2021","snippet":"I am trying to use Intl as a default currency formatter and it is almost perfect. ... I find it bizarre that I spend over an hour looking for a ...","snippetHighlightWords":["currency formatter"]}],"events":[{"timestamp":"2022-11-25T03:56:05.167Z","url":"https://stackoverflow.com/questions/149055/how-to-format-numbers-as-currency-strings","component":"projection","action":"load","data":{"height":104,"width":265.640625,"wc":27,"lc":1}},{"timestamp":"2022-11-25T03:56:05.167Z","url":"https://stackoverflow.com/questions/149055/how-to-format-numbers-as-currency-strings/5681208","component":"projection","action":"load","data":{"height":104,"width":260.703125,"wc":20,"lc":1}},{"timestamp":"2022-11-25T03:56:05.167Z","url":"https://stackoverflow.com/questions/4022171/how-do-i-print-currency-format-in-javascript","component":"projection","action":"load","data":{"height":82,"width":268.125,"wc":28,"lc":1}},{"timestamp":"2022-11-25T03:56:05.167Z","url":"https://stackoverflow.com/questions/64297528/how-to-format-currency-in-javascript","component":"projection","action":"load","data":{"height":104,"width":268.4375,"wc":26,"lc":1}},{"timestamp":"2022-11-25T03:56:05.167Z","url":"https://stackoverflow.com/questions/60689698/how-to-format-currency-and-time-in-javascript","component":"projection","action":"load","data":{"height":82,"width":267.890625,"wc":21,"lc":1}},{"timestamp":"2022-11-25T03:56:05.167Z","url":"https://stackoverflow.com/questions/19664926/proper-js-currency-format-with-commas-and-decimals","component":"projection","action":"load","data":{"height":82,"width":269.828125,"wc":26,"lc":1}},{"timestamp":"2022-11-25T03:56:05.168Z","url":"https://stackoverflow.com/questions/69668216/currency-format-in-euro","component":"projection","action":"load","data":{"height":82,"width":253.6875,"wc":26,"lc":1}},{"timestamp":"2022-11-25T03:56:05.168Z","url":"https://stackoverflow.com/questions/40426965/javascript-function-to-format-as-money","component":"projection","action":"load","data":{"height":82,"width":218.96875,"wc":14,"lc":1}},{"timestamp":"2022-11-25T03:56:05.168Z","url":"https://stackoverflow.com/questions/46235907/format-currency-in-javascript-removing-00","component":"projection","action":"load","data":{"height":82,"width":266.4375,"wc":23,"lc":1}},{"timestamp":"2022-11-25T03:56:05.168Z","url":"https://stackoverflow.com/questions/68549027/currency-formatting-using-intl-numberformat-without-currency-symbol","component":"projection","action":"load","data":{"height":82,"width":272,"wc":31,"lc":1}},{"timestamp":"2022-11-25T03:56:05.169Z","url":"https://stackoverflow.com/questions/149055/how-to-format-numbers-as-currency-strings","component":"projection","action":"mouseenter"},{"timestamp":"2022-11-25T03:56:05.220Z","url":"https://stackoverflow.com/questions/149055/how-to-format-numbers-as-currency-strings","component":"projection","action":"mouseleave"},{"timestamp":"2022-11-25T03:56:06.359Z","url":"https://stackoverflow.com/questions/149055/how-to-format-numbers-as-currency-strings","component":"projection","action":"loaded","data":"projection 10 of 10"},{"timestamp":"2022-11-25T03:56:06.359Z","url":"https://stackoverflow.com/questions/149055/how-to-format-numbers-as-currency-strings/5681208","component":"projection","action":"loaded","data":"projection 9 of 10"},{"timestamp":"2022-11-25T03:56:06.359Z","url":"https://stackoverflow.com/questions/4022171/how-do-i-print-currency-format-in-javascript","component":"projection","action":"loaded","data":"projection 8 of 10"},{"timestamp":"2022-11-25T03:56:06.359Z","url":"https://stackoverflow.com/questions/64297528/how-to-format-currency-in-javascript","component":"projection","action":"loaded","data":"projection 7 of 10"},{"timestamp":"2022-11-25T03:56:06.359Z","url":"https://stackoverflow.com/questions/60689698/how-to-format-currency-and-time-in-javascript","component":"projection","action":"loaded","data":"projection 6 of 10"},{"timestamp":"2022-11-25T03:56:06.359Z","url":"https://stackoverflow.com/questions/19664926/proper-js-currency-format-with-commas-and-decimals","component":"projection","action":"loaded","data":"projection 5 of 10"},{"timestamp":"2022-11-25T03:56:06.359Z","url":"https://stackoverflow.com/questions/69668216/currency-format-in-euro","component":"projection","action":"loaded","data":"projection 4 of 10"},{"timestamp":"2022-11-25T03:56:06.359Z","url":"https://stackoverflow.com/questions/40426965/javascript-function-to-format-as-money","component":"projection","action":"loaded","data":"projection 3 of 10"},{"timestamp":"2022-11-25T03:56:06.359Z","url":"https://stackoverflow.com/questions/46235907/format-currency-in-javascript-removing-00","component":"projection","action":"loaded","data":"projection 2 of 10"},{"timestamp":"2022-11-25T03:56:06.359Z","url":"https://stackoverflow.com/questions/68549027/currency-formatting-using-intl-numberformat-without-currency-symbol","component":"projection","action":"loaded","data":"projection 1 of 10"},{"timestamp":"2022-11-25T03:56:07.327Z","url":"https://stackoverflow.com/questions/149055/how-to-format-numbers-as-currency-strings","component":"projection","action":"mouseenter"},{"timestamp":"2022-11-25T03:56:07.393Z","url":"https://stackoverflow.com/questions/149055/how-to-format-numbers-as-currency-strings","component":"projection","action":"mouseleave"},{"timestamp":"2022-11-25T03:56:07.844Z","url":"https://stackoverflow.com/questions/149055/how-to-format-numbers-as-currency-strings","component":"projection","action":"mouseenter"},{"timestamp":"2022-11-25T03:56:08.787Z","url":"https://stackoverflow.com/questions/149055/how-to-format-numbers-as-currency-strings","component":"projection","action":"mouseleave"},{"timestamp":"2022-11-25T03:56:16.153Z","url":"https://stackoverflow.com/questions/149055/how-to-format-numbers-as-currency-strings","component":"projection","action":"mouseenter"},{"timestamp":"2022-11-25T03:56:17.275Z","url":"https://stackoverflow.com/questions/149055/how-to-format-numbers-as-currency-strings","component":"page","action":"open"},{"timestamp":"2022-11-25T03:56:17.289Z","url":"https://stackoverflow.com/questions/149055/how-to-format-numbers-as-currency-strings","component":"projection","action":"mouseleave"},{"timestamp":"2022-11-25T03:56:17.713Z","url":"https://stackoverflow.com/questions/149055/how-to-format-numbers-as-currency-strings","component":"page","action":"load"},{"timestamp":"2022-11-25T03:56:22.158Z","url":"https://stackoverflow.com/questions/149055/how-to-format-numbers-as-currency-strings","component":"page","action":"scroll","data":{"viewport":{"x":0,"y":2000,"height":858,"width":296},"document":{"height":50678,"width":287},"question":{"identifier":"149055","top":-1836.59375,"bottom":-71.65625,"right":263,"left":16,"width":247,"height":1764.9375},"answers":[{"identifier":"16233919","top":45.625,"bottom":3332.328125,"right":263,"left":16,"width":247,"height":3286.703125},{"identifier":"149099","top":3332.328125,"bottom":7199.078125,"right":263,"left":16,"width":247,"height":3866.75},{"identifier":"14428340","top":7199.078125,"bottom":10576.734375,"right":263,"left":16,"width":247,"height":3377.65625},{"identifier":"149107","top":10576.734375,"bottom":12831.21875,"right":263,"left":16,"width":247,"height":2254.484375},{"identifier":"2866613","top":12831.21875,"bottom":15679.09375,"right":263,"left":16,"width":247,"height":2847.875},{"identifier":"26745078","top":15679.09375,"bottom":16877.78125,"right":263,"left":16,"width":247,"height":1198.6875},{"identifier":"7266497","top":16877.78125,"bottom":17909.78125,"right":263,"left":16,"width":247,"height":1032},{"identifier":"9318724","top":17909.78125,"bottom":19224.59375,"right":263,"left":16,"width":247,"height":1314.8125},{"identifier":"5342097","top":19224.59375,"bottom":20557.40625,"right":263,"left":16,"width":247,"height":1332.8125},{"identifier":"18994850","top":20557.40625,"bottom":22063.34375,"right":263,"left":16,"width":247,"height":1505.9375},{"identifier":"9318723","top":22063.34375,"bottom":22741.96875,"right":263,"left":16,"width":247,"height":678.625},{"identifier":"68536579","top":22741.96875,"bottom":23411.578125,"right":263,"left":16,"width":247,"height":669.609375},{"identifier":"149150","top":23411.578125,"bottom":24526.453125,"right":263,"left":16,"width":247,"height":1114.875},{"identifier":"12698339","top":24526.453125,"bottom":25436.265625,"right":263,"left":16,"width":247,"height":909.8125},{"identifier":"40079019","top":25436.265625,"bottom":27580.765625,"right":263,"left":16,"width":247,"height":2144.5},{"identifier":"6787083","top":27580.765625,"bottom":28650.703125,"right":263,"left":16,"width":247,"height":1069.9375},{"identifier":"6715476","top":28650.703125,"bottom":29782.765625,"right":263,"left":16,"width":247,"height":1132.0625},{"identifier":"8726353","top":29782.765625,"bottom":30387.828125,"right":263,"left":16,"width":247,"height":605.0625},{"identifier":"11270819","top":30387.828125,"bottom":32265.015625,"right":263,"left":16,"width":247,"height":1877.1875},{"identifier":"149080","top":32265.015625,"bottom":33177.265625,"right":263,"left":16,"width":247,"height":912.25},{"identifier":"60877747","top":33177.265625,"bottom":33700.75,"right":263,"left":16,"width":247,"height":523.484375},{"identifier":"1323064","top":33700.75,"bottom":35616.1875,"right":263,"left":16,"width":247,"height":1915.4375},{"identifier":"10168573","top":35616.1875,"bottom":36535.8125,"right":263,"left":16,"width":247,"height":919.625},{"identifier":"9327950","top":36535.8125,"bottom":37222.75,"right":263,"left":16,"width":247,"height":686.9375},{"identifier":"149120","top":37222.75,"bottom":37964.375,"right":263,"left":16,"width":247,"height":741.625},{"identifier":"12698442","top":37964.375,"bottom":38499.6875,"right":263,"left":16,"width":247,"height":535.3125},{"identifier":"3284302","top":38499.6875,"bottom":39958.125,"right":263,"left":16,"width":247,"height":1458.4375},{"identifier":"14735423","top":39958.125,"bottom":41148.9375,"right":263,"left":16,"width":247,"height":1190.8125},{"identifier":"54274936","top":41148.9375,"bottom":41712.9375,"right":263,"left":16,"width":247,"height":564},{"identifier":"23717185","top":41712.9375,"bottom":46035.015625,"right":263,"left":16,"width":247,"height":4322.078125}]}},{"timestamp":"2022-11-25T03:56:27.196Z","url":"https://stackoverflow.com/questions/149055/how-to-format-numbers-as-currency-strings","component":"page","action":"scroll","data":{"viewport":{"x":8,"y":2000,"height":858,"width":296},"document":{"height":50678,"width":287},"question":{"identifier":"149055","top":-1836.59375,"bottom":-71.65625,"right":255,"left":8,"width":247,"height":1764.9375},"answers":[{"identifier":"16233919","top":45.625,"bottom":3332.328125,"right":255,"left":8,"width":247,"height":3286.703125},{"identifier":"149099","top":3332.328125,"bottom":7199.078125,"right":255,"left":8,"width":247,"height":3866.75},{"identifier":"14428340","top":7199.078125,"bottom":10576.734375,"right":255,"left":8,"width":247,"height":3377.65625},{"identifier":"149107","top":10576.734375,"bottom":12831.21875,"right":255,"left":8,"width":247,"height":2254.484375},{"identifier":"2866613","top":12831.21875,"bottom":15679.09375,"right":255,"left":8,"width":247,"height":2847.875},{"identifier":"26745078","top":15679.09375,"bottom":16877.78125,"right":255,"left":8,"width":247,"height":1198.6875},{"identifier":"7266497","top":16877.78125,"bottom":17909.78125,"right":255,"left":8,"width":247,"height":1032},{"identifier":"9318724","top":17909.78125,"bottom":19224.59375,"right":255,"left":8,"width":247,"height":1314.8125},{"identifier":"5342097","top":19224.59375,"bottom":20557.40625,"right":255,"left":8,"width":247,"height":1332.8125},{"identifier":"18994850","top":20557.40625,"bottom":22063.34375,"right":255,"left":8,"width":247,"height":1505.9375},{"identifier":"9318723","top":22063.34375,"bottom":22741.96875,"right":255,"left":8,"width":247,"height":678.625},{"identifier":"68536579","top":22741.96875,"bottom":23411.578125,"right":255,"left":8,"width":247,"height":669.609375},{"identifier":"149150","top":23411.578125,"bottom":24526.453125,"right":255,"left":8,"width":247,"height":1114.875},{"identifier":"12698339","top":24526.453125,"bottom":25436.265625,"right":255,"left":8,"width":247,"height":909.8125},{"identifier":"40079019","top":25436.265625,"bottom":27580.765625,"right":255,"left":8,"width":247,"height":2144.5},{"identifier":"6787083","top":27580.765625,"bottom":28650.703125,"right":255,"left":8,"width":247,"height":1069.9375},{"identifier":"6715476","top":28650.703125,"bottom":29782.765625,"right":255,"left":8,"width":247,"height":1132.0625},{"identifier":"8726353","top":29782.765625,"bottom":30387.828125,"right":255,"left":8,"width":247,"height":605.0625},{"identifier":"11270819","top":30387.828125,"bottom":32265.015625,"right":255,"left":8,"width":247,"height":1877.1875},{"identifier":"149080","top":32265.015625,"bottom":33177.265625,"right":255,"left":8,"width":247,"height":912.25},{"identifier":"60877747","top":33177.265625,"bottom":33700.75,"right":255,"left":8,"width":247,"height":523.484375},{"identifier":"1323064","top":33700.75,"bottom":35616.1875,"right":255,"left":8,"width":247,"height":1915.4375},{"identifier":"10168573","top":35616.1875,"bottom":36535.8125,"right":255,"left":8,"width":247,"height":919.625},{"identifier":"9327950","top":36535.8125,"bottom":37222.75,"right":255,"left":8,"width":247,"height":686.9375},{"identifier":"149120","top":37222.75,"bottom":37964.375,"right":255,"left":8,"width":247,"height":741.625},{"identifier":"12698442","top":37964.375,"bottom":38499.6875,"right":255,"left":8,"width":247,"height":535.3125},{"identifier":"3284302","top":38499.6875,"bottom":39958.125,"right":255,"left":8,"width":247,"height":1458.4375},{"identifier":"14735423","top":39958.125,"bottom":41148.9375,"right":255,"left":8,"width":247,"height":1190.8125},{"identifier":"54274936","top":41148.9375,"bottom":41712.9375,"right":255,"left":8,"width":247,"height":564},{"identifier":"23717185","top":41712.9375,"bottom":46035.015625,"right":255,"left":8,"width":247,"height":4322.078125}]}},{"timestamp":"2022-11-25T03:56:27.435Z","url":"https://stackoverflow.com/questions/149055/how-to-format-numbers-as-currency-strings","component":"page","action":"selection","data":"// Create our number formatter.\nconst formatter = new Intl.NumberFormat('en-US', {\n  style: 'currency',\n  currency: 'USD',\n\n  // These options are needed to round to whole numbers if that's what you want.\n  //minimumFractionDigits: 0, // (this suffices for whole numbers, but will print 2500.10 as $2,500.1)\n  //maximumFractionDigits: 0, // (causes 2500.99 to be printed as $2,501)\n});\n\nconsole.log(formatter.format(2500)); /* $2,500.00 */"},{"timestamp":"2022-11-25T03:56:28.166Z","url":"https://stackoverflow.com/questions/149055/how-to-format-numbers-as-currency-strings","component":"page","action":"copy","data":"// Create our number formatter.\nconst formatter = new Intl.NumberFormat('en-US', {\n  style: 'currency',\n  currency: 'USD',\n\n  // These options are needed to round to whole numbers if that's what you want.\n  //minimumFractionDigits: 0, // (this suffices for whole numbers, but will print 2500.10 as $2,500.1)\n  //maximumFractionDigits: 0, // (causes 2500.99 to be printed as $2,501)\n});\n\nconsole.log(formatter.format(2500)); /* $2,500.00 */"},{"timestamp":"2022-11-25T03:57:08.838Z","url":"https://stackoverflow.com/questions/149055/how-to-format-numbers-as-currency-strings","component":"page","action":"scroll","data":{"viewport":{"x":8,"y":0,"height":858,"width":296},"document":{"height":50678,"width":287},"question":{"identifier":"149055","top":163.40625,"bottom":1928.34375,"right":255,"left":8,"width":247,"height":1764.9375},"answers":[{"identifier":"16233919","top":2045.625,"bottom":5332.328125,"right":255,"left":8,"width":247,"height":3286.703125},{"identifier":"149099","top":5332.328125,"bottom":9199.078125,"right":255,"left":8,"width":247,"height":3866.75},{"identifier":"14428340","top":9199.078125,"bottom":12576.734375,"right":255,"left":8,"width":247,"height":3377.65625},{"identifier":"149107","top":12576.734375,"bottom":14831.21875,"right":255,"left":8,"width":247,"height":2254.484375},{"identifier":"2866613","top":14831.21875,"bottom":17679.09375,"right":255,"left":8,"width":247,"height":2847.875},{"identifier":"26745078","top":17679.09375,"bottom":18877.78125,"right":255,"left":8,"width":247,"height":1198.6875},{"identifier":"7266497","top":18877.78125,"bottom":19909.78125,"right":255,"left":8,"width":247,"height":1032},{"identifier":"9318724","top":19909.78125,"bottom":21224.59375,"right":255,"left":8,"width":247,"height":1314.8125},{"identifier":"5342097","top":21224.59375,"bottom":22557.40625,"right":255,"left":8,"width":247,"height":1332.8125},{"identifier":"18994850","top":22557.40625,"bottom":24063.34375,"right":255,"left":8,"width":247,"height":1505.9375},{"identifier":"9318723","top":24063.34375,"bottom":24741.96875,"right":255,"left":8,"width":247,"height":678.625},{"identifier":"68536579","top":24741.96875,"bottom":25411.578125,"right":255,"left":8,"width":247,"height":669.609375},{"identifier":"149150","top":25411.578125,"bottom":26526.453125,"right":255,"left":8,"width":247,"height":1114.875},{"identifier":"12698339","top":26526.453125,"bottom":27436.265625,"right":255,"left":8,"width":247,"height":909.8125},{"identifier":"40079019","top":27436.265625,"bottom":29580.765625,"right":255,"left":8,"width":247,"height":2144.5},{"identifier":"6787083","top":29580.765625,"bottom":30650.703125,"right":255,"left":8,"width":247,"height":1069.9375},{"identifier":"6715476","top":30650.703125,"bottom":31782.765625,"right":255,"left":8,"width":247,"height":1132.0625},{"identifier":"8726353","top":31782.765625,"bottom":32387.828125,"right":255,"left":8,"width":247,"height":605.0625},{"identifier":"11270819","top":32387.828125,"bottom":34265.015625,"right":255,"left":8,"width":247,"height":1877.1875},{"identifier":"149080","top":34265.015625,"bottom":35177.265625,"right":255,"left":8,"width":247,"height":912.25},{"identifier":"60877747","top":35177.265625,"bottom":35700.75,"right":255,"left":8,"width":247,"height":523.484375},{"identifier":"1323064","top":35700.75,"bottom":37616.1875,"right":255,"left":8,"width":247,"height":1915.4375},{"identifier":"10168573","top":37616.1875,"bottom":38535.8125,"right":255,"left":8,"width":247,"height":919.625},{"identifier":"9327950","top":38535.8125,"bottom":39222.75,"right":255,"left":8,"width":247,"height":686.9375},{"identifier":"149120","top":39222.75,"bottom":39964.375,"right":255,"left":8,"width":247,"height":741.625},{"identifier":"12698442","top":39964.375,"bottom":40499.6875,"right":255,"left":8,"width":247,"height":535.3125},{"identifier":"3284302","top":40499.6875,"bottom":41958.125,"right":255,"left":8,"width":247,"height":1458.4375},{"identifier":"14735423","top":41958.125,"bottom":43148.9375,"right":255,"left":8,"width":247,"height":1190.8125},{"identifier":"54274936","top":43148.9375,"bottom":43712.9375,"right":255,"left":8,"width":247,"height":564},{"identifier":"23717185","top":43712.9375,"bottom":48035.015625,"right":255,"left":8,"width":247,"height":4322.078125}]}},{"timestamp":"2022-11-25T03:57:10.492Z","url":"https://stackoverflow.com/questions/149055/how-to-format-numbers-as-currency-strings","component":"page","action":"close"},{"timestamp":"2022-11-25T03:57:10.840Z","url":"https://stackoverflow.com/questions/149055/how-to-format-numbers-as-currency-strings","component":"projection","action":"mouseenter"},{"timestamp":"2022-11-25T03:57:10.856Z","url":"https://stackoverflow.com/questions/149055/how-to-format-numbers-as-currency-strings","component":"projection","action":"mouseleave"},{"timestamp":"2022-11-25T03:57:10.857Z","url":"https://stackoverflow.com/questions/149055/how-to-format-numbers-as-currency-strings/5681208","component":"projection","action":"mouseenter"},{"timestamp":"2022-11-25T03:57:11.240Z","url":"https://stackoverflow.com/questions/149055/how-to-format-numbers-as-currency-strings/5681208","component":"projection","action":"mouseleave"},{"timestamp":"2022-11-25T03:57:11.241Z","url":"https://stackoverflow.com/questions/149055/how-to-format-numbers-as-currency-strings","component":"projection","action":"mouseenter"},{"timestamp":"2022-11-25T03:57:11.691Z","url":"https://stackoverflow.com/questions/149055/how-to-format-numbers-as-currency-strings","component":"projection","action":"mouseleave"}]},{"keywords":["format","currency"],"context":{"tokens":[{"kind":"language","value":"javascript"}]},"timestamp":"2022-11-25T03:57:13.007Z","results":[{"signatures":[],"areSignaturesLoading":true,"title":"How to format numbers as currency strings - Stack Overflow","url":"https://stackoverflow.com/questions/149055/how-to-format-numbers-as-currency-strings","displayLink":"https://stackoverflow.com › questions › how-to-format-...","date":"Sep 29, 2008","snippet":"All you need is to add the currency symbol (e.g. \"$\" + profits.toFixed(2) ) and you will have your amount in dollars. Custom function. If you ...","snippetHighlightWords":["currency"]},{"signatures":[],"areSignaturesLoading":true,"title":"How to format numbers as currency strings - Stack Overflow","url":"https://stackoverflow.com/questions/149055/how-to-format-numbers-as-currency-strings/5681208","displayLink":"https://stackoverflow.com › questions › how-to-format-...","date":"66 answers","snippet":"I found this from: accounting.js. It's very easy and perfectly fits my need. // Default usage: accounting.formatMoney(12345678); // $12,345,678.00 ...","snippetHighlightWords":["js"]},{"signatures":[],"areSignaturesLoading":true,"title":"How do I print currency format in JavaScript - Stack Overflow","url":"https://stackoverflow.com/questions/4022171/how-do-i-print-currency-format-in-javascript","displayLink":"https://stackoverflow.com › questions › how-do-i-print-...","snippet":"I am writing a function that takes the float price and returns the formatted currency value with currency code too. like fnPrice( 1001.01 ) should print $ ...","snippetHighlightWords":["currency","currency"]},{"signatures":[],"areSignaturesLoading":true,"title":"How to format currency in JavaScript? - Stack Overflow","url":"https://stackoverflow.com/questions/64297528/how-to-format-currency-in-javascript","displayLink":"https://stackoverflow.com › questions › how-to-format-...","date":"Oct 10, 2020","snippet":"I'm beginner in JavaScript and I'm rendering a list that contains some products. The product price format comes as follows: 3800 , 4000 , 11000 ...","snippetHighlightWords":["JavaScript","format"]},{"signatures":[],"areSignaturesLoading":true,"title":"How to format currency and time in javascript - Stack Overflow","url":"https://stackoverflow.com/questions/60689698/how-to-format-currency-and-time-in-javascript","displayLink":"https://stackoverflow.com › questions › how-to-format-...","date":"Mar 15, 2020","snippet":"To format as currency, you can use Intl.NumberFormat either with or without the currency symbol. It can be used via toLocaleString:.","snippetHighlightWords":["format","currency","currency"]},{"signatures":[],"areSignaturesLoading":true,"title":"Proper JS currency format with commas and decimals","url":"https://stackoverflow.com/questions/19664926/proper-js-currency-format-with-commas-and-decimals","displayLink":"https://stackoverflow.com › questions › proper-js-curre...","date":"Oct 29, 2013","snippet":"The value that you get from text fields is of type 'string'. When you do math on simple strings Javascript will automatically coerce them to ...","snippetHighlightWords":["Javascript"]},{"signatures":[],"areSignaturesLoading":true,"title":"Currency format in euro - javascript - Stack Overflow","url":"https://stackoverflow.com/questions/69668216/currency-format-in-euro","displayLink":"https://stackoverflow.com › questions › currency-forma...","snippet":"For your onChange event on the euro currency, you want to remove the . the same way you are removing the , for the dollars, ...","snippetHighlightWords":["currency"],"extensions":["Oct 21, 2021","1 answer"]},{"signatures":[],"areSignaturesLoading":true,"title":"Javascript Function to Format as Money - Stack Overflow","url":"https://stackoverflow.com/questions/40426965/javascript-function-to-format-as-money","displayLink":"https://stackoverflow.com › questions › javascript-funct...","date":"Nov 4, 2016","snippet":"String.prototype.formatMoney = function(places, symbol, thousand, decimal) { if((this).match(/^$/) && (this).indexOf(',') != -1 && (this)."},{"signatures":[],"areSignaturesLoading":true,"title":"Format currency in JavaScript removing .00 - Stack Overflow","url":"https://stackoverflow.com/questions/46235907/format-currency-in-javascript-removing-00","displayLink":"https://stackoverflow.com › questions › format-currenc...","date":"Sep 15, 2017","snippet":"NumberFormat has the more sensible behavior of rounding away from zero as opposed to other JavaScript methods like Math.round . For example, ...","snippetHighlightWords":["JavaScript"]},{"signatures":[],"areSignaturesLoading":true,"title":"Currency formatting using Intl.NumberFormat without currency ...","url":"https://stackoverflow.com/questions/68549027/currency-formatting-using-intl-numberformat-without-currency-symbol","displayLink":"https://stackoverflow.com › questions › currency-forma...","date":"Jul 27, 2021","snippet":"I am trying to use Intl as a default currency formatter and it is almost perfect. ... I find it bizarre that I spend over an hour looking for a ...","snippetHighlightWords":["currency formatter"]}],"events":[{"timestamp":"2022-11-25T03:57:13.022Z","url":"https://stackoverflow.com/questions/149055/how-to-format-numbers-as-currency-strings","component":"projection","action":"load","data":{"height":104,"width":265.640625,"wc":27,"lc":1}},{"timestamp":"2022-11-25T03:57:13.022Z","url":"https://stackoverflow.com/questions/149055/how-to-format-numbers-as-currency-strings/5681208","component":"projection","action":"load","data":{"height":104,"width":260.703125,"wc":20,"lc":1}},{"timestamp":"2022-11-25T03:57:13.022Z","url":"https://stackoverflow.com/questions/4022171/how-do-i-print-currency-format-in-javascript","component":"projection","action":"load","data":{"height":82,"width":268.125,"wc":28,"lc":1}},{"timestamp":"2022-11-25T03:57:13.022Z","url":"https://stackoverflow.com/questions/64297528/how-to-format-currency-in-javascript","component":"projection","action":"load","data":{"height":104,"width":268.4375,"wc":26,"lc":1}},{"timestamp":"2022-11-25T03:57:13.022Z","url":"https://stackoverflow.com/questions/60689698/how-to-format-currency-and-time-in-javascript","component":"projection","action":"load","data":{"height":82,"width":267.890625,"wc":21,"lc":1}},{"timestamp":"2022-11-25T03:57:13.023Z","url":"https://stackoverflow.com/questions/19664926/proper-js-currency-format-with-commas-and-decimals","component":"projection","action":"load","data":{"height":82,"width":269.828125,"wc":26,"lc":1}},{"timestamp":"2022-11-25T03:57:13.023Z","url":"https://stackoverflow.com/questions/69668216/currency-format-in-euro","component":"projection","action":"load","data":{"height":82,"width":253.6875,"wc":26,"lc":1}},{"timestamp":"2022-11-25T03:57:13.023Z","url":"https://stackoverflow.com/questions/40426965/javascript-function-to-format-as-money","component":"projection","action":"load","data":{"height":82,"width":218.96875,"wc":14,"lc":1}},{"timestamp":"2022-11-25T03:57:13.023Z","url":"https://stackoverflow.com/questions/46235907/format-currency-in-javascript-removing-00","component":"projection","action":"load","data":{"height":82,"width":266.4375,"wc":23,"lc":1}},{"timestamp":"2022-11-25T03:57:13.023Z","url":"https://stackoverflow.com/questions/68549027/currency-formatting-using-intl-numberformat-without-currency-symbol","component":"projection","action":"load","data":{"height":82,"width":272,"wc":31,"lc":1}},{"timestamp":"2022-11-25T03:57:13.826Z","url":"https://stackoverflow.com/questions/149055/how-to-format-numbers-as-currency-strings","component":"projection","action":"mouseenter"},{"timestamp":"2022-11-25T03:57:13.876Z","url":"https://stackoverflow.com/questions/149055/how-to-format-numbers-as-currency-strings","component":"projection","action":"mouseleave"},{"timestamp":"2022-11-25T03:57:13.877Z","url":"https://stackoverflow.com/questions/149055/how-to-format-numbers-as-currency-strings/5681208","component":"projection","action":"mouseenter"},{"timestamp":"2022-11-25T03:57:13.910Z","url":"https://stackoverflow.com/questions/149055/how-to-format-numbers-as-currency-strings/5681208","component":"projection","action":"mouseleave"},{"timestamp":"2022-11-25T03:57:13.911Z","url":"https://stackoverflow.com/questions/4022171/how-do-i-print-currency-format-in-javascript","component":"projection","action":"mouseenter"},{"timestamp":"2022-11-25T03:57:14.219Z","url":"https://stackoverflow.com/questions/149055/how-to-format-numbers-as-currency-strings","component":"projection","action":"loaded","data":"projection 10 of 10"},{"timestamp":"2022-11-25T03:57:14.219Z","url":"https://stackoverflow.com/questions/149055/how-to-format-numbers-as-currency-strings/5681208","component":"projection","action":"loaded","data":"projection 9 of 10"},{"timestamp":"2022-11-25T03:57:14.219Z","url":"https://stackoverflow.com/questions/4022171/how-do-i-print-currency-format-in-javascript","component":"projection","action":"loaded","data":"projection 8 of 10"},{"timestamp":"2022-11-25T03:57:14.219Z","url":"https://stackoverflow.com/questions/64297528/how-to-format-currency-in-javascript","component":"projection","action":"loaded","data":"projection 7 of 10"},{"timestamp":"2022-11-25T03:57:14.219Z","url":"https://stackoverflow.com/questions/60689698/how-to-format-currency-and-time-in-javascript","component":"projection","action":"loaded","data":"projection 6 of 10"},{"timestamp":"2022-11-25T03:57:14.219Z","url":"https://stackoverflow.com/questions/19664926/proper-js-currency-format-with-commas-and-decimals","component":"projection","action":"loaded","data":"projection 5 of 10"},{"timestamp":"2022-11-25T03:57:14.219Z","url":"https://stackoverflow.com/questions/69668216/currency-format-in-euro","component":"projection","action":"loaded","data":"projection 4 of 10"},{"timestamp":"2022-11-25T03:57:14.219Z","url":"https://stackoverflow.com/questions/40426965/javascript-function-to-format-as-money","component":"projection","action":"loaded","data":"projection 3 of 10"},{"timestamp":"2022-11-25T03:57:14.219Z","url":"https://stackoverflow.com/questions/46235907/format-currency-in-javascript-removing-00","component":"projection","action":"loaded","data":"projection 2 of 10"},{"timestamp":"2022-11-25T03:57:14.219Z","url":"https://stackoverflow.com/questions/68549027/currency-formatting-using-intl-numberformat-without-currency-symbol","component":"projection","action":"loaded","data":"projection 1 of 10"},{"timestamp":"2022-11-25T03:57:15.603Z","url":"https://stackoverflow.com/questions/4022171/how-do-i-print-currency-format-in-javascript","component":"page","action":"open"},{"timestamp":"2022-11-25T03:57:15.618Z","url":"https://stackoverflow.com/questions/4022171/how-do-i-print-currency-format-in-javascript","component":"projection","action":"mouseleave"},{"timestamp":"2022-11-25T03:57:15.782Z","url":"https://stackoverflow.com/questions/4022171/how-do-i-print-currency-format-in-javascript","component":"page","action":"load"},{"timestamp":"2022-11-25T03:57:18.030Z","url":"https://stackoverflow.com/questions/4022171/how-do-i-print-currency-format-in-javascript","component":"page","action":"scroll","data":{"viewport":{"x":0,"y":900,"height":858,"width":296},"document":{"height":4682,"width":279},"question":{"identifier":"4022171","top":-714.21875,"bottom":72.90625,"right":263,"left":16,"width":247,"height":787.125},"answers":[{"identifier":"52453070","top":153.1875,"bottom":740.5,"right":263,"left":16,"width":247,"height":587.3125},{"identifier":"4022212","top":740.5,"bottom":1303.125,"right":263,"left":16,"width":247,"height":562.625}]}},{"timestamp":"2022-11-25T03:57:25.811Z","url":"https://stackoverflow.com/questions/4022171/how-do-i-print-currency-format-in-javascript","component":"page","action":"selection","data":"function formatMoney(number) {\n  return number.toLocaleString('en-US', { style: 'currency', currency: 'USD' });\n}"},{"timestamp":"2022-11-25T03:57:26.141Z","url":"https://stackoverflow.com/questions/4022171/how-do-i-print-currency-format-in-javascript","component":"page","action":"copy","data":"function formatMoney(number) {\n  return number.toLocaleString('en-US', { style: 'currency', currency: 'USD' });\n}"},{"timestamp":"2022-11-25T03:59:48.348Z","url":"https://stackoverflow.com/questions/4022171/how-do-i-print-currency-format-in-javascript","component":"page","action":"scroll","data":{"viewport":{"x":0,"y":1300,"height":858,"width":296},"document":{"height":4682,"width":279},"question":{"identifier":"4022171","top":-1114.21875,"bottom":-327.09375,"right":263,"left":16,"width":247,"height":787.125},"answers":[{"identifier":"52453070","top":-246.8125,"bottom":340.5,"right":263,"left":16,"width":247,"height":587.3125},{"identifier":"4022212","top":340.5,"bottom":903.125,"right":263,"left":16,"width":247,"height":562.625}]}},{"timestamp":"2022-11-25T04:00:30.390Z","url":"https://stackoverflow.com/questions/4022171/how-do-i-print-currency-format-in-javascript","component":"page","action":"scroll","data":{"viewport":{"x":0,"y":1700,"height":858,"width":296},"document":{"height":4682,"width":279},"question":{"identifier":"4022171","top":-1514.21875,"bottom":-727.09375,"right":263,"left":16,"width":247,"height":787.125},"answers":[{"identifier":"52453070","top":-646.8125,"bottom":-59.5,"right":263,"left":16,"width":247,"height":587.3125},{"identifier":"4022212","top":-59.5,"bottom":503.125,"right":263,"left":16,"width":247,"height":562.625}]}},{"timestamp":"2022-11-25T04:00:30.548Z","url":"https://stackoverflow.com/questions/4022171/how-do-i-print-currency-format-in-javascript","component":"page","action":"close"},{"timestamp":"2022-11-25T04:00:36.604Z","url":"https://stackoverflow.com/questions/149055/how-to-format-numbers-as-currency-strings","component":"projection","action":"mouseenter"},{"timestamp":"2022-11-25T04:00:36.780Z","url":"https://stackoverflow.com/questions/149055/how-to-format-numbers-as-currency-strings","component":"projection","action":"mouseleave"},{"timestamp":"2022-11-25T04:00:36.781Z","url":"https://stackoverflow.com/questions/149055/how-to-format-numbers-as-currency-strings/5681208","component":"projection","action":"mouseenter"},{"timestamp":"2022-11-25T04:00:37.013Z","url":"https://stackoverflow.com/questions/149055/how-to-format-numbers-as-currency-strings/5681208","component":"projection","action":"mouseleave"},{"timestamp":"2022-11-25T04:00:37.015Z","url":"https://stackoverflow.com/questions/4022171/how-do-i-print-currency-format-in-javascript","component":"projection","action":"mouseenter"},{"timestamp":"2022-11-25T04:00:38.364Z","url":"https://stackoverflow.com/questions/4022171/how-do-i-print-currency-format-in-javascript","component":"projection","action":"mouseleave"},{"timestamp":"2022-11-25T04:00:49.716Z","url":"https://stackoverflow.com/questions/4022171/how-do-i-print-currency-format-in-javascript","component":"projection","action":"mouseenter"},{"timestamp":"2022-11-25T04:00:49.742Z","url":"https://stackoverflow.com/questions/4022171/how-do-i-print-currency-format-in-javascript","component":"projection","action":"mouseleave"},{"timestamp":"2022-11-25T04:00:49.744Z","url":"https://stackoverflow.com/questions/149055/how-to-format-numbers-as-currency-strings/5681208","component":"projection","action":"mouseenter"},{"timestamp":"2022-11-25T04:00:49.747Z","url":"https://stackoverflow.com/questions/149055/how-to-format-numbers-as-currency-strings/5681208","component":"projection","action":"mouseleave"},{"timestamp":"2022-11-25T04:00:50.012Z","url":"https://stackoverflow.com/questions/149055/how-to-format-numbers-as-currency-strings","component":"projection","action":"mouseenter"},{"timestamp":"2022-11-25T04:00:50.210Z","url":"https://stackoverflow.com/questions/149055/how-to-format-numbers-as-currency-strings","component":"projection","action":"mouseleave"},{"timestamp":"2022-11-25T04:00:50.211Z","url":"https://stackoverflow.com/questions/149055/how-to-format-numbers-as-currency-strings/5681208","component":"projection","action":"mouseenter"},{"timestamp":"2022-11-25T04:00:50.577Z","url":"https://stackoverflow.com/questions/149055/how-to-format-numbers-as-currency-strings/5681208","component":"projection","action":"mouseleave"},{"timestamp":"2022-11-25T04:00:50.578Z","url":"https://stackoverflow.com/questions/149055/how-to-format-numbers-as-currency-strings","component":"projection","action":"mouseenter"},{"timestamp":"2022-11-25T04:00:53.355Z","url":"https://stackoverflow.com/questions/149055/how-to-format-numbers-as-currency-strings","component":"page","action":"open"},{"timestamp":"2022-11-25T04:00:53.372Z","url":"https://stackoverflow.com/questions/149055/how-to-format-numbers-as-currency-strings","component":"projection","action":"mouseleave"},{"timestamp":"2022-11-25T04:00:53.778Z","url":"https://stackoverflow.com/questions/149055/how-to-format-numbers-as-currency-strings","component":"page","action":"load"},{"timestamp":"2022-11-25T04:00:55.484Z","url":"https://stackoverflow.com/questions/149055/how-to-format-numbers-as-currency-strings","component":"page","action":"scroll","data":{"viewport":{"x":0,"y":500,"height":858,"width":296},"document":{"height":49937,"width":287},"question":{"identifier":"149055","top":-336.59375,"bottom":1405.96875,"right":263,"left":16,"width":247,"height":1742.5625},"answers":[{"identifier":"16233919","top":1523.25,"bottom":4787.578125,"right":263,"left":16,"width":247,"height":3264.328125},{"identifier":"149099","top":4787.578125,"bottom":8631.953125,"right":263,"left":16,"width":247,"height":3844.375},{"identifier":"14428340","top":8631.953125,"bottom":11987.234375,"right":263,"left":16,"width":247,"height":3355.28125},{"identifier":"149107","top":11987.234375,"bottom":14219.34375,"right":263,"left":16,"width":247,"height":2232.109375},{"identifier":"2866613","top":14219.34375,"bottom":17044.84375,"right":263,"left":16,"width":247,"height":2825.5},{"identifier":"26745078","top":17044.84375,"bottom":18221.15625,"right":263,"left":16,"width":247,"height":1176.3125},{"identifier":"7266497","top":18221.15625,"bottom":19230.78125,"right":263,"left":16,"width":247,"height":1009.625},{"identifier":"9318724","top":19230.78125,"bottom":20523.21875,"right":263,"left":16,"width":247,"height":1292.4375},{"identifier":"5342097","top":20523.21875,"bottom":21833.65625,"right":263,"left":16,"width":247,"height":1310.4375},{"identifier":"18994850","top":21833.65625,"bottom":23317.21875,"right":263,"left":16,"width":247,"height":1483.5625},{"identifier":"9318723","top":23317.21875,"bottom":23973.46875,"right":263,"left":16,"width":247,"height":656.25},{"identifier":"68536579","top":23973.46875,"bottom":24620.703125,"right":263,"left":16,"width":247,"height":647.234375},{"identifier":"149150","top":24620.703125,"bottom":25713.203125,"right":263,"left":16,"width":247,"height":1092.5},{"identifier":"12698339","top":25713.203125,"bottom":26600.640625,"right":263,"left":16,"width":247,"height":887.4375},{"identifier":"40079019","top":26600.640625,"bottom":28722.765625,"right":263,"left":16,"width":247,"height":2122.125},{"identifier":"6787083","top":28722.765625,"bottom":29770.328125,"right":263,"left":16,"width":247,"height":1047.5625},{"identifier":"6715476","top":29770.328125,"bottom":30880.015625,"right":263,"left":16,"width":247,"height":1109.6875},{"identifier":"8726353","top":30880.015625,"bottom":31462.703125,"right":263,"left":16,"width":247,"height":582.6875},{"identifier":"11270819","top":31462.703125,"bottom":33317.515625,"right":263,"left":16,"width":247,"height":1854.8125},{"identifier":"149080","top":33317.515625,"bottom":34207.390625,"right":263,"left":16,"width":247,"height":889.875},{"identifier":"60877747","top":34207.390625,"bottom":34708.5,"right":263,"left":16,"width":247,"height":501.109375},{"identifier":"1323064","top":34708.5,"bottom":36601.5625,"right":263,"left":16,"width":247,"height":1893.0625},{"identifier":"10168573","top":36601.5625,"bottom":37498.8125,"right":263,"left":16,"width":247,"height":897.25},{"identifier":"9327950","top":37498.8125,"bottom":38163.375,"right":263,"left":16,"width":247,"height":664.5625},{"identifier":"149120","top":38163.375,"bottom":38882.625,"right":263,"left":16,"width":247,"height":719.25},{"identifier":"12698442","top":38882.625,"bottom":39395.5625,"right":263,"left":16,"width":247,"height":512.9375},{"identifier":"3284302","top":39395.5625,"bottom":40831.625,"right":263,"left":16,"width":247,"height":1436.0625},{"identifier":"14735423","top":40831.625,"bottom":42000.0625,"right":263,"left":16,"width":247,"height":1168.4375},{"identifier":"54274936","top":42000.0625,"bottom":42541.6875,"right":263,"left":16,"width":247,"height":541.625},{"identifier":"23717185","top":42541.6875,"bottom":46841.390625,"right":263,"left":16,"width":247,"height":4299.703125}]}},{"timestamp":"2022-11-25T04:00:57.972Z","url":"https://stackoverflow.com/questions/149055/how-to-format-numbers-as-currency-strings","component":"page","action":"scroll","data":{"viewport":{"x":0,"y":1900,"height":858,"width":296},"document":{"height":49937,"width":287},"question":{"identifier":"149055","top":-1736.59375,"bottom":5.96875,"right":263,"left":16,"width":247,"height":1742.5625},"answers":[{"identifier":"16233919","top":123.25,"bottom":3387.578125,"right":263,"left":16,"width":247,"height":3264.328125},{"identifier":"149099","top":3387.578125,"bottom":7231.953125,"right":263,"left":16,"width":247,"height":3844.375},{"identifier":"14428340","top":7231.953125,"bottom":10587.234375,"right":263,"left":16,"width":247,"height":3355.28125},{"identifier":"149107","top":10587.234375,"bottom":12819.34375,"right":263,"left":16,"width":247,"height":2232.109375},{"identifier":"2866613","top":12819.34375,"bottom":15644.84375,"right":263,"left":16,"width":247,"height":2825.5},{"identifier":"26745078","top":15644.84375,"bottom":16821.15625,"right":263,"left":16,"width":247,"height":1176.3125},{"identifier":"7266497","top":16821.15625,"bottom":17830.78125,"right":263,"left":16,"width":247,"height":1009.625},{"identifier":"9318724","top":17830.78125,"bottom":19123.21875,"right":263,"left":16,"width":247,"height":1292.4375},{"identifier":"5342097","top":19123.21875,"bottom":20433.65625,"right":263,"left":16,"width":247,"height":1310.4375},{"identifier":"18994850","top":20433.65625,"bottom":21917.21875,"right":263,"left":16,"width":247,"height":1483.5625},{"identifier":"9318723","top":21917.21875,"bottom":22573.46875,"right":263,"left":16,"width":247,"height":656.25},{"identifier":"68536579","top":22573.46875,"bottom":23220.703125,"right":263,"left":16,"width":247,"height":647.234375},{"identifier":"149150","top":23220.703125,"bottom":24313.203125,"right":263,"left":16,"width":247,"height":1092.5},{"identifier":"12698339","top":24313.203125,"bottom":25200.640625,"right":263,"left":16,"width":247,"height":887.4375},{"identifier":"40079019","top":25200.640625,"bottom":27322.765625,"right":263,"left":16,"width":247,"height":2122.125},{"identifier":"6787083","top":27322.765625,"bottom":28370.328125,"right":263,"left":16,"width":247,"height":1047.5625},{"identifier":"6715476","top":28370.328125,"bottom":29480.015625,"right":263,"left":16,"width":247,"height":1109.6875},{"identifier":"8726353","top":29480.015625,"bottom":30062.703125,"right":263,"left":16,"width":247,"height":582.6875},{"identifier":"11270819","top":30062.703125,"bottom":31917.515625,"right":263,"left":16,"width":247,"height":1854.8125},{"identifier":"149080","top":31917.515625,"bottom":32807.390625,"right":263,"left":16,"width":247,"height":889.875},{"identifier":"60877747","top":32807.390625,"bottom":33308.5,"right":263,"left":16,"width":247,"height":501.109375},{"identifier":"1323064","top":33308.5,"bottom":35201.5625,"right":263,"left":16,"width":247,"height":1893.0625},{"identifier":"10168573","top":35201.5625,"bottom":36098.8125,"right":263,"left":16,"width":247,"height":897.25},{"identifier":"9327950","top":36098.8125,"bottom":36763.375,"right":263,"left":16,"width":247,"height":664.5625},{"identifier":"149120","top":36763.375,"bottom":37482.625,"right":263,"left":16,"width":247,"height":719.25},{"identifier":"12698442","top":37482.625,"bottom":37995.5625,"right":263,"left":16,"width":247,"height":512.9375},{"identifier":"3284302","top":37995.5625,"bottom":39431.625,"right":263,"left":16,"width":247,"height":1436.0625},{"identifier":"14735423","top":39431.625,"bottom":40600.0625,"right":263,"left":16,"width":247,"height":1168.4375},{"identifier":"54274936","top":40600.0625,"bottom":41141.6875,"right":263,"left":16,"width":247,"height":541.625},{"identifier":"23717185","top":41141.6875,"bottom":45441.390625,"right":263,"left":16,"width":247,"height":4299.703125}]}},{"timestamp":"2022-11-25T04:01:00.788Z","url":"https://stackoverflow.com/questions/149055/how-to-format-numbers-as-currency-strings","component":"page","action":"scroll","data":{"viewport":{"x":0,"y":2000,"height":858,"width":296},"document":{"height":49937,"width":287},"question":{"identifier":"149055","top":-1836.59375,"bottom":-94.03125,"right":263,"left":16,"width":247,"height":1742.5625},"answers":[{"identifier":"16233919","top":23.25,"bottom":3287.578125,"right":263,"left":16,"width":247,"height":3264.328125},{"identifier":"149099","top":3287.578125,"bottom":7131.953125,"right":263,"left":16,"width":247,"height":3844.375},{"identifier":"14428340","top":7131.953125,"bottom":10487.234375,"right":263,"left":16,"width":247,"height":3355.28125},{"identifier":"149107","top":10487.234375,"bottom":12719.34375,"right":263,"left":16,"width":247,"height":2232.109375},{"identifier":"2866613","top":12719.34375,"bottom":15544.84375,"right":263,"left":16,"width":247,"height":2825.5},{"identifier":"26745078","top":15544.84375,"bottom":16721.15625,"right":263,"left":16,"width":247,"height":1176.3125},{"identifier":"7266497","top":16721.15625,"bottom":17730.78125,"right":263,"left":16,"width":247,"height":1009.625},{"identifier":"9318724","top":17730.78125,"bottom":19023.21875,"right":263,"left":16,"width":247,"height":1292.4375},{"identifier":"5342097","top":19023.21875,"bottom":20333.65625,"right":263,"left":16,"width":247,"height":1310.4375},{"identifier":"18994850","top":20333.65625,"bottom":21817.21875,"right":263,"left":16,"width":247,"height":1483.5625},{"identifier":"9318723","top":21817.21875,"bottom":22473.46875,"right":263,"left":16,"width":247,"height":656.25},{"identifier":"68536579","top":22473.46875,"bottom":23120.703125,"right":263,"left":16,"width":247,"height":647.234375},{"identifier":"149150","top":23120.703125,"bottom":24213.203125,"right":263,"left":16,"width":247,"height":1092.5},{"identifier":"12698339","top":24213.203125,"bottom":25100.640625,"right":263,"left":16,"width":247,"height":887.4375},{"identifier":"40079019","top":25100.640625,"bottom":27222.765625,"right":263,"left":16,"width":247,"height":2122.125},{"identifier":"6787083","top":27222.765625,"bottom":28270.328125,"right":263,"left":16,"width":247,"height":1047.5625},{"identifier":"6715476","top":28270.328125,"bottom":29380.015625,"right":263,"left":16,"width":247,"height":1109.6875},{"identifier":"8726353","top":29380.015625,"bottom":29962.703125,"right":263,"left":16,"width":247,"height":582.6875},{"identifier":"11270819","top":29962.703125,"bottom":31817.515625,"right":263,"left":16,"width":247,"height":1854.8125},{"identifier":"149080","top":31817.515625,"bottom":32707.390625,"right":263,"left":16,"width":247,"height":889.875},{"identifier":"60877747","top":32707.390625,"bottom":33208.5,"right":263,"left":16,"width":247,"height":501.109375},{"identifier":"1323064","top":33208.5,"bottom":35101.5625,"right":263,"left":16,"width":247,"height":1893.0625},{"identifier":"10168573","top":35101.5625,"bottom":35998.8125,"right":263,"left":16,"width":247,"height":897.25},{"identifier":"9327950","top":35998.8125,"bottom":36663.375,"right":263,"left":16,"width":247,"height":664.5625},{"identifier":"149120","top":36663.375,"bottom":37382.625,"right":263,"left":16,"width":247,"height":719.25},{"identifier":"12698442","top":37382.625,"bottom":37895.5625,"right":263,"left":16,"width":247,"height":512.9375},{"identifier":"3284302","top":37895.5625,"bottom":39331.625,"right":263,"left":16,"width":247,"height":1436.0625},{"identifier":"14735423","top":39331.625,"bottom":40500.0625,"right":263,"left":16,"width":247,"height":1168.4375},{"identifier":"54274936","top":40500.0625,"bottom":41041.6875,"right":263,"left":16,"width":247,"height":541.625},{"identifier":"23717185","top":41041.6875,"bottom":45341.390625,"right":263,"left":16,"width":247,"height":4299.703125}]}},{"timestamp":"2022-11-25T04:01:02.348Z","url":"https://stackoverflow.com/questions/149055/how-to-format-numbers-as-currency-strings","component":"page","action":"selection","data":"console"},{"timestamp":"2022-11-25T04:01:13.651Z","url":"https://stackoverflow.com/questions/149055/how-to-format-numbers-as-currency-strings","component":"page","action":"selection","data":"// Create our number formatter.\nconst formatter = new Intl.NumberFormat('en-US', {\n  style: 'currency',\n  currency: 'USD',\n\n  // These options are needed to round to whole numbers if that's what you want.\n  //minimumFractionDigits: 0, // (this suffices for whole numbers, but will print 2500.10 as $2,500.1)\n  //maximumFractionDigits: 0, // (causes 2500.99 to be printed as $2,501)\n});\n"},{"timestamp":"2022-11-25T04:01:13.749Z","url":"https://stackoverflow.com/questions/149055/how-to-format-numbers-as-currency-strings","component":"page","action":"copy","data":"// Create our number formatter.\nconst formatter = new Intl.NumberFormat('en-US', {\n  style: 'currency',\n  currency: 'USD',\n\n  // These options are needed to round to whole numbers if that's what you want.\n  //minimumFractionDigits: 0, // (this suffices for whole numbers, but will print 2500.10 as $2,500.1)\n  //maximumFractionDigits: 0, // (causes 2500.99 to be printed as $2,501)\n});\n"}]}]}