{"trialId":"39681_2","taskId":"find","appEvents":[{"timestamp":"2022-11-25T03:51:50.652Z","name":"resize","data":{"height":918,"width":300}},{"timestamp":"2022-11-25T03:51:51.420Z","name":"search","data":"search-start"},{"timestamp":"2022-11-25T03:51:52.627Z","name":"search","data":"search-done"},{"timestamp":"2022-11-25T03:56:00.682Z","name":"resize","data":{"height":0,"width":0}}],"searches":[{"keywords":["find","item","in","array","by","value"],"context":{"tokens":[{"kind":"language","value":"javascript"}]},"timestamp":"2022-11-25T03:51:51.420Z","results":[{"signatures":[],"areSignaturesLoading":true,"title":"Find a value in an array of objects in Javascript - Stack Overflow","url":"https://stackoverflow.com/questions/12462318/find-a-value-in-an-array-of-objects-in-javascript","displayLink":"https://stackoverflow.com › questions › find-a-value-in-...","date":"Sep 17, 2012","snippet":"The find() method returns the first value that matches from the collection. Once it matches the value in findings, it will not check the ...","snippetHighlightWords":["find","value","value","check"]},{"signatures":[],"areSignaturesLoading":true,"title":"How to find if an array contains a specific string in JavaScript ...","url":"https://stackoverflow.com/questions/6116474/how-to-find-if-an-array-contains-a-specific-string-in-javascript-jquery","displayLink":"https://stackoverflow.com › questions › how-to-find-if-...","date":"May 24, 2011","snippet":"var found = categories.includes('specialword');. No comparisons and no confusing -1 results. It does what we want: it returns true ..."},{"signatures":[],"areSignaturesLoading":true,"title":"Find object with specific value in array - Stack Overflow","url":"https://stackoverflow.com/questions/52460473/find-object-with-specific-value-in-array","displayLink":"https://stackoverflow.com › questions › find-object-wit...","date":"Sep 22, 2018","snippet":"Now, I would like to check if my array contains an object with the name \"Mike\". How do I go about this in javascript? I am thinking something ...","snippetHighlightWords":["check","array","object","javascript"]},{"signatures":[],"areSignaturesLoading":true,"title":"Get JavaScript object from array of objects by value of property","url":"https://stackoverflow.com/questions/13964155/get-javascript-object-from-array-of-objects-by-value-of-property","displayLink":"https://stackoverflow.com › questions › get-javascript-o...","date":"Dec 20, 2012","snippet":"The find() method returns a value in the array, if an element in the array satisfies the provided testing function.","snippetHighlightWords":["find","value","array","element","array"]},{"signatures":[],"areSignaturesLoading":true,"title":"Find object by id in an array of JavaScript objects","url":"https://stackoverflow.com/questions/7364150/find-object-by-id-in-an-array-of-javascript-objects","displayLink":"https://stackoverflow.com › questions › find-object-by-i...","snippet":"Use the find() method: myArray.find(x => x.id === '45').foo;. From MDN: The find() method returns the first value in the array, ...","snippetHighlightWords":["find","find","find","value","array"],"extensions":["Sep 9, 2011","36 answers"]},{"signatures":[],"areSignaturesLoading":true,"title":"Find all matching elements with in an array of objects [duplicate]","url":"https://stackoverflow.com/questions/52311150/find-all-matching-elements-with-in-an-array-of-objects","displayLink":"https://stackoverflow.com › questions › find-all-matchi...","snippet":"Two things: first, Array.find() returns the first matching element, undefined if it finds nothing. Array.filter returns a new array ...","snippetHighlightWords":["Array","find","element","Array","array"],"extensions":["Sep 13, 2018","6 answers"]},{"signatures":[],"areSignaturesLoading":true,"title":"How do I check if an array includes a value in JavaScript?","url":"https://stackoverflow.com/questions/237104/how-do-i-check-if-an-array-includes-a-value-in-javascript","displayLink":"https://stackoverflow.com › questions › how-do-i-check...","snippet":"inArray is a terrible name for a function that returns the index of the element, and -1 if it doesn't exist. I would expect a boolean to be returned. – Tim. Jul ...","snippetHighlightWords":["element"]},{"signatures":[],"areSignaturesLoading":true,"title":"How can I find and update values in an array of objects?","url":"https://stackoverflow.com/questions/35206125/how-can-i-find-and-update-values-in-an-array-of-objects","displayLink":"https://stackoverflow.com › questions › how-can-i-find-...","date":"Feb 4, 2016","snippet":"var item = {...} var items = [{id:2}, {id:2}, {id: ...","snippetHighlightWords":["item"]},{"signatures":[],"areSignaturesLoading":true,"title":"Find an item in array and get whats left - Stack Overflow","url":"https://stackoverflow.com/questions/57607836/find-an-item-in-array-and-get-whats-left","displayLink":"https://stackoverflow.com › questions › find-an-item-in...","date":"Aug 22, 2019","snippet":"var fruit = [ \"apples\", \"pears\" ]; var alreadyHave = \"apples\"; for( var i = 0; i < fruit.length; i++){ if (! fruit[i] === alreadyHave) { fruit."},{"signatures":[],"areSignaturesLoading":true,"title":"Best way to find if an item is in a JavaScript array? [duplicate]","url":"https://stackoverflow.com/questions/143847/best-way-to-find-if-an-item-is-in-a-javascript-array","displayLink":"https://stackoverflow.com › questions › best-way-to-fin...","snippet":"Note that \"inArray\" is a misnomer, because it doesn't return boolean value - it returns index of first element found. So if you are checking if ...","extensions":["Sep 27, 2008","8 answers"]}],"events":[{"timestamp":"2022-11-25T03:51:51.440Z","url":"https://stackoverflow.com/questions/12462318/find-a-value-in-an-array-of-objects-in-javascript","component":"projection","action":"load","data":{"height":82,"width":269.890625,"wc":25,"lc":1}},{"timestamp":"2022-11-25T03:51:51.440Z","url":"https://stackoverflow.com/questions/6116474/how-to-find-if-an-array-contains-a-specific-string-in-javascript-jquery","component":"projection","action":"load","data":{"height":82,"width":271.21875,"wc":20,"lc":1}},{"timestamp":"2022-11-25T03:51:51.440Z","url":"https://stackoverflow.com/questions/52460473/find-object-with-specific-value-in-array","component":"projection","action":"load","data":{"height":82,"width":267.84375,"wc":29,"lc":1}},{"timestamp":"2022-11-25T03:51:51.440Z","url":"https://stackoverflow.com/questions/13964155/get-javascript-object-from-array-of-objects-by-value-of-property","component":"projection","action":"load","data":{"height":82,"width":269.875,"wc":20,"lc":1}},{"timestamp":"2022-11-25T03:51:51.440Z","url":"https://stackoverflow.com/questions/7364150/find-object-by-id-in-an-array-of-javascript-objects","component":"projection","action":"load","data":{"height":82,"width":268.25,"wc":22,"lc":1}},{"timestamp":"2022-11-25T03:51:51.440Z","url":"https://stackoverflow.com/questions/52311150/find-all-matching-elements-with-in-an-array-of-objects","component":"projection","action":"load","data":{"height":82,"width":255.640625,"wc":20,"lc":1}},{"timestamp":"2022-11-25T03:51:51.440Z","url":"https://stackoverflow.com/questions/237104/how-do-i-check-if-an-array-includes-a-value-in-javascript","component":"projection","action":"load","data":{"height":82,"width":262.609375,"wc":33,"lc":1}},{"timestamp":"2022-11-25T03:51:51.440Z","url":"https://stackoverflow.com/questions/35206125/how-can-i-find-and-update-values-in-an-array-of-objects","component":"projection","action":"load","data":{"height":38,"width":264.921875,"wc":11,"lc":1}},{"timestamp":"2022-11-25T03:51:51.440Z","url":"https://stackoverflow.com/questions/57607836/find-an-item-in-array-and-get-whats-left","component":"projection","action":"load","data":{"height":82,"width":262.6875,"wc":27,"lc":1}},{"timestamp":"2022-11-25T03:51:51.440Z","url":"https://stackoverflow.com/questions/143847/best-way-to-find-if-an-item-is-in-a-javascript-array","component":"projection","action":"load","data":{"height":82,"width":270.15625,"wc":27,"lc":1}},{"timestamp":"2022-11-25T03:51:52.627Z","url":"https://stackoverflow.com/questions/12462318/find-a-value-in-an-array-of-objects-in-javascript","component":"projection","action":"loaded","data":"projection 10 of 10"},{"timestamp":"2022-11-25T03:51:52.627Z","url":"https://stackoverflow.com/questions/6116474/how-to-find-if-an-array-contains-a-specific-string-in-javascript-jquery","component":"projection","action":"loaded","data":"projection 9 of 10"},{"timestamp":"2022-11-25T03:51:52.627Z","url":"https://stackoverflow.com/questions/52460473/find-object-with-specific-value-in-array","component":"projection","action":"loaded","data":"projection 8 of 10"},{"timestamp":"2022-11-25T03:51:52.627Z","url":"https://stackoverflow.com/questions/13964155/get-javascript-object-from-array-of-objects-by-value-of-property","component":"projection","action":"loaded","data":"projection 7 of 10"},{"timestamp":"2022-11-25T03:51:52.627Z","url":"https://stackoverflow.com/questions/7364150/find-object-by-id-in-an-array-of-javascript-objects","component":"projection","action":"loaded","data":"projection 6 of 10"},{"timestamp":"2022-11-25T03:51:52.627Z","url":"https://stackoverflow.com/questions/52311150/find-all-matching-elements-with-in-an-array-of-objects","component":"projection","action":"loaded","data":"projection 5 of 10"},{"timestamp":"2022-11-25T03:51:52.627Z","url":"https://stackoverflow.com/questions/237104/how-do-i-check-if-an-array-includes-a-value-in-javascript","component":"projection","action":"loaded","data":"projection 4 of 10"},{"timestamp":"2022-11-25T03:51:52.627Z","url":"https://stackoverflow.com/questions/35206125/how-can-i-find-and-update-values-in-an-array-of-objects","component":"projection","action":"loaded","data":"projection 3 of 10"},{"timestamp":"2022-11-25T03:51:52.627Z","url":"https://stackoverflow.com/questions/57607836/find-an-item-in-array-and-get-whats-left","component":"projection","action":"loaded","data":"projection 2 of 10"},{"timestamp":"2022-11-25T03:51:52.627Z","url":"https://stackoverflow.com/questions/143847/best-way-to-find-if-an-item-is-in-a-javascript-array","component":"projection","action":"loaded","data":"projection 1 of 10"},{"timestamp":"2022-11-25T03:51:52.906Z","url":"https://stackoverflow.com/questions/12462318/find-a-value-in-an-array-of-objects-in-javascript","component":"projection","action":"mouseenter"},{"timestamp":"2022-11-25T03:51:52.939Z","url":"https://stackoverflow.com/questions/12462318/find-a-value-in-an-array-of-objects-in-javascript","component":"projection","action":"mouseleave"},{"timestamp":"2022-11-25T03:51:52.940Z","url":"https://stackoverflow.com/questions/6116474/how-to-find-if-an-array-contains-a-specific-string-in-javascript-jquery","component":"projection","action":"mouseenter"},{"timestamp":"2022-11-25T03:51:53.005Z","url":"https://stackoverflow.com/questions/6116474/how-to-find-if-an-array-contains-a-specific-string-in-javascript-jquery","component":"projection","action":"mouseleave"},{"timestamp":"2022-11-25T03:51:53.005Z","url":"https://stackoverflow.com/questions/12462318/find-a-value-in-an-array-of-objects-in-javascript","component":"projection","action":"mouseenter"},{"timestamp":"2022-11-25T03:51:53.020Z","url":"https://stackoverflow.com/questions/12462318/find-a-value-in-an-array-of-objects-in-javascript","component":"projection","action":"mouseleave"},{"timestamp":"2022-11-25T03:51:55.124Z","url":"https://stackoverflow.com/questions/12462318/find-a-value-in-an-array-of-objects-in-javascript","component":"projection","action":"mouseenter"},{"timestamp":"2022-11-25T03:51:55.474Z","url":"https://stackoverflow.com/questions/12462318/find-a-value-in-an-array-of-objects-in-javascript","component":"projection","action":"mouseleave"},{"timestamp":"2022-11-25T03:51:57.926Z","url":"https://stackoverflow.com/questions/12462318/find-a-value-in-an-array-of-objects-in-javascript","component":"projection","action":"mouseenter"},{"timestamp":"2022-11-25T03:51:57.977Z","url":"https://stackoverflow.com/questions/12462318/find-a-value-in-an-array-of-objects-in-javascript","component":"projection","action":"mouseleave"},{"timestamp":"2022-11-25T03:51:57.977Z","url":"https://stackoverflow.com/questions/6116474/how-to-find-if-an-array-contains-a-specific-string-in-javascript-jquery","component":"projection","action":"mouseenter"},{"timestamp":"2022-11-25T03:51:57.993Z","url":"https://stackoverflow.com/questions/6116474/how-to-find-if-an-array-contains-a-specific-string-in-javascript-jquery","component":"projection","action":"mouseleave"},{"timestamp":"2022-11-25T03:51:57.994Z","url":"https://stackoverflow.com/questions/52460473/find-object-with-specific-value-in-array","component":"projection","action":"mouseenter"},{"timestamp":"2022-11-25T03:51:58.027Z","url":"https://stackoverflow.com/questions/52460473/find-object-with-specific-value-in-array","component":"projection","action":"mouseleave"},{"timestamp":"2022-11-25T03:51:58.027Z","url":"https://stackoverflow.com/questions/13964155/get-javascript-object-from-array-of-objects-by-value-of-property","component":"projection","action":"mouseenter"},{"timestamp":"2022-11-25T03:51:58.043Z","url":"https://stackoverflow.com/questions/13964155/get-javascript-object-from-array-of-objects-by-value-of-property","component":"projection","action":"mouseleave"},{"timestamp":"2022-11-25T03:51:58.044Z","url":"https://stackoverflow.com/questions/7364150/find-object-by-id-in-an-array-of-javascript-objects","component":"projection","action":"mouseenter"},{"timestamp":"2022-11-25T03:51:58.060Z","url":"https://stackoverflow.com/questions/7364150/find-object-by-id-in-an-array-of-javascript-objects","component":"projection","action":"mouseleave"},{"timestamp":"2022-11-25T03:51:58.260Z","url":"https://stackoverflow.com/questions/7364150/find-object-by-id-in-an-array-of-javascript-objects","component":"projection","action":"mouseenter"},{"timestamp":"2022-11-25T03:51:58.294Z","url":"https://stackoverflow.com/questions/7364150/find-object-by-id-in-an-array-of-javascript-objects","component":"projection","action":"mouseleave"},{"timestamp":"2022-11-25T03:51:58.294Z","url":"https://stackoverflow.com/questions/13964155/get-javascript-object-from-array-of-objects-by-value-of-property","component":"projection","action":"mouseenter"},{"timestamp":"2022-11-25T03:51:58.344Z","url":"https://stackoverflow.com/questions/13964155/get-javascript-object-from-array-of-objects-by-value-of-property","component":"projection","action":"mouseleave"},{"timestamp":"2022-11-25T03:51:58.345Z","url":"https://stackoverflow.com/questions/52460473/find-object-with-specific-value-in-array","component":"projection","action":"mouseenter"},{"timestamp":"2022-11-25T03:51:58.460Z","url":"https://stackoverflow.com/questions/52460473/find-object-with-specific-value-in-array","component":"projection","action":"mouseleave"},{"timestamp":"2022-11-25T03:51:58.461Z","url":"https://stackoverflow.com/questions/6116474/how-to-find-if-an-array-contains-a-specific-string-in-javascript-jquery","component":"projection","action":"mouseenter"},{"timestamp":"2022-11-25T03:51:58.527Z","url":"https://stackoverflow.com/questions/6116474/how-to-find-if-an-array-contains-a-specific-string-in-javascript-jquery","component":"projection","action":"mouseleave"},{"timestamp":"2022-11-25T03:51:58.527Z","url":"https://stackoverflow.com/questions/12462318/find-a-value-in-an-array-of-objects-in-javascript","component":"projection","action":"mouseenter"},{"timestamp":"2022-11-25T03:51:59.292Z","url":"https://stackoverflow.com/questions/12462318/find-a-value-in-an-array-of-objects-in-javascript","component":"page","action":"open"},{"timestamp":"2022-11-25T03:51:59.306Z","url":"https://stackoverflow.com/questions/12462318/find-a-value-in-an-array-of-objects-in-javascript","component":"projection","action":"mouseleave"},{"timestamp":"2022-11-25T03:51:59.653Z","url":"https://stackoverflow.com/questions/12462318/find-a-value-in-an-array-of-objects-in-javascript","component":"page","action":"load"},{"timestamp":"2022-11-25T03:52:03.449Z","url":"https://stackoverflow.com/questions/12462318/find-a-value-in-an-array-of-objects-in-javascript","component":"page","action":"scroll","data":{"viewport":{"x":0,"y":0,"height":858,"width":296},"document":{"height":24679,"width":279},"question":{"identifier":"12462318","top":194.234375,"bottom":1284.765625,"right":263,"left":16,"width":247,"height":1090.53125},"answers":[{"identifier":"12462414","top":1365.046875,"bottom":3352.921875,"right":263,"left":16,"width":247,"height":1987.875},{"identifier":"12462387","top":3352.921875,"bottom":4398.296875,"right":263,"left":16,"width":247,"height":1045.375},{"identifier":"38500417","top":4398.296875,"bottom":5959.296875,"right":263,"left":16,"width":247,"height":1561},{"identifier":"44048398","top":5959.296875,"bottom":6795.234375,"right":263,"left":16,"width":247,"height":835.9375},{"identifier":"48718969","top":6795.234375,"bottom":8181.484375,"right":263,"left":16,"width":247,"height":1386.25},{"identifier":"47790805","top":8181.484375,"bottom":9385.671875,"right":263,"left":16,"width":247,"height":1204.1875},{"identifier":"43778799","top":9385.671875,"bottom":10350.296875,"right":263,"left":16,"width":247,"height":964.625},{"identifier":"12462406","top":10350.296875,"bottom":11309.921875,"right":263,"left":16,"width":247,"height":959.625},{"identifier":"31748358","top":11309.921875,"bottom":12252.546875,"right":263,"left":16,"width":247,"height":942.625},{"identifier":"47194061","top":12252.546875,"bottom":12683.359375,"right":263,"left":16,"width":247,"height":430.8125},{"identifier":"33097318","top":12683.359375,"bottom":16116.234375,"right":263,"left":16,"width":247,"height":3432.875},{"identifier":"12462347","top":16116.234375,"bottom":17005.109375,"right":263,"left":16,"width":247,"height":888.875},{"identifier":"37735967","top":17005.109375,"bottom":17426.421875,"right":263,"left":16,"width":247,"height":421.3125},{"identifier":"33825763","top":17426.421875,"bottom":18031.109375,"right":263,"left":16,"width":247,"height":604.6875},{"identifier":"24263355","top":18031.109375,"bottom":18447.421875,"right":263,"left":16,"width":247,"height":416.3125},{"identifier":"42891511","top":18447.421875,"bottom":19673.5,"right":263,"left":16,"width":247,"height":1226.078125},{"identifier":"37489965","top":19673.5,"bottom":19980.5,"right":263,"left":16,"width":247,"height":307},{"identifier":"38786112","top":19980.5,"bottom":20871.8125,"right":263,"left":16,"width":247,"height":891.3125},{"identifier":"27443358","top":20871.8125,"bottom":21308.3125,"right":263,"left":16,"width":247,"height":436.5},{"identifier":"45355935","top":21308.3125,"bottom":22307.625,"right":263,"left":16,"width":247,"height":999.3125}]}},{"timestamp":"2022-11-25T03:52:04.012Z","url":"https://stackoverflow.com/questions/12462318/find-a-value-in-an-array-of-objects-in-javascript","component":"page","action":"close"},{"timestamp":"2022-11-25T03:52:04.350Z","url":"https://stackoverflow.com/questions/12462318/find-a-value-in-an-array-of-objects-in-javascript","component":"projection","action":"mouseenter"},{"timestamp":"2022-11-25T03:52:04.783Z","url":"https://stackoverflow.com/questions/12462318/find-a-value-in-an-array-of-objects-in-javascript","component":"projection","action":"mouseleave"},{"timestamp":"2022-11-25T03:52:04.784Z","url":"https://stackoverflow.com/questions/6116474/how-to-find-if-an-array-contains-a-specific-string-in-javascript-jquery","component":"projection","action":"mouseenter"},{"timestamp":"2022-11-25T03:52:06.235Z","url":"https://stackoverflow.com/questions/6116474/how-to-find-if-an-array-contains-a-specific-string-in-javascript-jquery","component":"projection","action":"mouseleave"},{"timestamp":"2022-11-25T03:52:06.235Z","url":"https://stackoverflow.com/questions/12462318/find-a-value-in-an-array-of-objects-in-javascript","component":"projection","action":"mouseenter"},{"timestamp":"2022-11-25T03:52:06.602Z","url":"https://stackoverflow.com/questions/12462318/find-a-value-in-an-array-of-objects-in-javascript","component":"projection","action":"mouseleave"},{"timestamp":"2022-11-25T03:52:07.753Z","url":"https://stackoverflow.com/questions/12462318/find-a-value-in-an-array-of-objects-in-javascript","component":"projection","action":"mouseenter"},{"timestamp":"2022-11-25T03:52:08.587Z","url":"https://stackoverflow.com/questions/12462318/find-a-value-in-an-array-of-objects-in-javascript","component":"projection","action":"mouseleave"},{"timestamp":"2022-11-25T03:53:50.425Z","url":"https://stackoverflow.com/questions/12462318/find-a-value-in-an-array-of-objects-in-javascript","component":"projection","action":"mouseenter"},{"timestamp":"2022-11-25T03:53:50.453Z","url":"https://stackoverflow.com/questions/12462318/find-a-value-in-an-array-of-objects-in-javascript","component":"projection","action":"mouseleave"}]}]}