{"id":"39681_2","conditions":[{"taskId":2,"taskName":"find","enableFragments":false,"enableContext":true,"showContext":false,"provideSearchTerms":true,"sequence":3},{"taskId":1,"taskName":"currency","enableFragments":false,"enableContext":true,"showContext":false,"provideSearchTerms":true,"sequence":4},{"taskId":4,"taskName":"sort","enableFragments":true,"enableContext":true,"showContext":true,"provideSearchTerms":true,"sequence":5},{"taskId":3,"taskName":"clone","enableFragments":true,"enableContext":true,"showContext":true,"provideSearchTerms":true,"sequence":6},{"taskId":6,"taskName":"serve","enableFragments":true,"enableContext":true,"showContext":true,"provideSearchTerms":false,"sequence":7},{"taskId":5,"taskName":"recent","enableFragments":false,"enableContext":false,"showContext":false,"provideSearchTerms":false,"sequence":8}],"activeTaskId":"recent","tasks":[{"id":"pre-study"},{"enableFragments":true,"enableContext":true,"showContext":true,"provideSearchTerms":true,"contextOverride":[{"source":"src/tutorial.js","name":"sumTradedShares","position":{"start":397,"end":545},"variables":[],"parameters":[{"source":"src/tutorial.js","name":"trades","position":{"start":429,"end":435},"type":{"name":"Trade[]"}}],"returnType":"number"}],"id":"tutorial","startTime":"2022-11-25T03:36:16.105Z","duration":479294,"timer":{"startTime":"2022-11-25T03:37:49.993Z","endTime":"2022-11-25T03:50:33.918Z"},"endTime":"2022-11-25T03:50:33.918Z"},{"enableFragments":false,"enableContext":true,"showContext":false,"contextOverride":[{"source":"src/currency.js","name":"printCurrency","position":{"start":593,"end":782},"variables":[],"parameters":[{"source":"src/currency.js","name":"amount","position":{"start":623,"end":629},"type":{"name":"number"}},{"source":"src/currency.js","name":"locale","position":{"start":631,"end":637},"type":{"name":"string"}},{"source":"src/currency.js","name":"currency","position":{"start":639,"end":647},"type":{"name":"string"}}],"returnType":"string"}],"provideSearchTerms":true,"searchTerms":"format currency","id":"currency","startTime":"2022-11-25T03:56:01.109Z","timer":{"startTime":"2022-11-25T03:56:01.110Z","endTime":"2022-11-25T04:02:10.349Z"},"duration":359582,"data":{"Q1":"2","Q2":"It didnt show me the code either and it was also kind of a smal window, I think the view should be more optimized","Q3":"the code snippets on the main page","Q4":""},"endTime":"2022-11-25T04:02:42.721Z"},{"enableFragments":false,"enableContext":true,"showContext":false,"contextOverride":[{"source":"src/find.js","name":"getTradeById","position":{"start":286,"end":506},"variables":[],"parameters":[{"source":"src/find.js","name":"trades","position":{"start":315,"end":321},"type":{"name":"Trade[]"}},{"source":"src/find.js","name":"id","position":{"start":323,"end":325},"type":{"name":"number"}}],"returnType":"Trade"}],"provideSearchTerms":true,"searchTerms":"find item in array by value","id":"find","startTime":"2022-11-25T03:50:40.774Z","timer":{"startTime":"2022-11-25T03:50:40.774Z","endTime":"2022-11-25T03:55:13.059Z"},"duration":271387,"data":{"Q1":"1","Q2":"The feedback was pretty useless, maybe because it was a simple problem, but I felt that way with the tutorial as well","Q3":"I didn't get the quick view code snippets that *may* have helped","Q4":"Did not"},"endTime":"2022-11-25T03:55:52.785Z"},{"enableFragments":true,"enableContext":true,"showContext":true,"contextOverride":[{"source":"src/clone.js","name":"cloneTradeLedger","position":{"start":239,"end":406},"variables":[],"parameters":[{"source":"src/clone.js","name":"trades","position":{"start":272,"end":278},"type":{"name":"Trade[]"}}],"returnType":"Trade[]"}],"provideSearchTerms":true,"searchTerms":"clone array","id":"clone","startTime":"2022-11-25T04:07:04.099Z","timer":{"startTime":"2022-11-25T04:07:04.099Z","endTime":"2022-11-25T04:08:23.625Z"},"duration":78337,"data":{"Q1":"5","Q2":"Again, gave me the exact code I needed.","Q3":"Maybe have it highlight or otheriwise say what is a variable and what is a default function, so it is swifter to replace the example on stack overflow","Q4":""},"endTime":"2022-11-25T04:08:59.196Z"},{"enableFragments":true,"enableContext":true,"showContext":true,"contextOverride":[{"source":"src/sort.js","name":"sortTradesByShareCount","position":{"start":285,"end":524},"variables":[],"parameters":[{"source":"src/sort.js","name":"trades","position":{"start":324,"end":330},"type":{"name":"Trade[]"}}],"returnType":"Trade[]"}],"provideSearchTerms":true,"searchTerms":"sort array of objects descending","id":"sort","startTime":"2022-11-25T04:02:52.461Z","timer":{"startTime":"2022-11-25T04:02:52.461Z","endTime":"2022-11-25T04:06:36.815Z"},"duration":223420,"data":{"Q1":"5","Q2":"It gave exactly what I needed at a glance, amazing actually","Q3":"Not really","Q4":""},"endTime":"2022-11-25T04:06:51.837Z"},{"enableFragments":false,"enableContext":false,"showContext":false,"contextOverride":[],"provideSearchTerms":false,"searchTerms":"","id":"recent","startTime":"2022-11-25T04:17:41.353Z","timer":{"startTime":"2022-11-25T04:17:41.353Z","endTime":"2022-11-25T04:25:51.696Z"},"duration":419956,"data":{"Q1":"4","Q2":"Code was actually helpful im just dumb","Q3":"","Q4":""},"endTime":"2022-11-25T04:26:02.248Z"},{"enableFragments":true,"enableContext":true,"showContext":true,"contextOverride":[{"source":"src/serve.js","name":"express","position":{"start":7,"end":14},"module":{"name":"express","position":{"start":20,"end":29}},"references":[{"start":181,"end":188}]},{"source":"src/serve.js","name":"path","position":{"start":38,"end":42},"module":{"name":"path","position":{"start":48,"end":54}},"references":[]},{"source":"src/serve.js","name":"setup","position":{"start":193,"end":290},"variables":[],"parameters":[],"returnType":"void"}],"provideSearchTerms":false,"searchTerms":"","id":"serve","startTime":"2022-11-25T04:09:09.802Z","timer":{"startTime":"2022-11-25T04:09:09.802Z","endTime":"2022-11-25T04:16:32.728Z"},"duration":419014,"data":{"Q1":"3","Q2":"I cant really comment the question was very confusing to me","Q3":"Not really, maybe if it knew what I was supposed to do hahahaha","Q4":""},"endTime":"2022-11-25T04:17:28.904Z"},{"id":"post-study"}],"activations":["2022-11-25T03:32:01.436Z"]}