{"trialId":"99907_4","taskId":"sort","appEvents":[{"timestamp":"2022-10-25T22:56:39.017Z","name":"search","data":"search-start"},{"timestamp":"2022-10-25T22:56:39.017Z","name":"search","data":"search-start"},{"timestamp":"2022-10-25T22:56:40.223Z","name":"search","data":"search-done"},{"timestamp":"2022-10-25T22:56:42.759Z","name":"search","data":"search-done"},{"timestamp":"2022-10-25T22:59:32.036Z","name":"resize","data":{"height":0,"width":0}}],"searches":[{"keywords":["sort","array","of","objects","descending"],"context":{"tokens":[{"kind":"language","value":"javascript"}]},"timestamp":"2022-10-25T22:56:39.017Z","results":[{"signatures":[],"areSignaturesLoading":true,"title":"Sorting an array of objects by property values - Stack Overflow","url":"https://stackoverflow.com/questions/979256/sorting-an-array-of-objects-by-property-values","displayLink":"https://stackoverflow.com › questions › sorting-an-arra...","date":"33 answers","snippet":"Sort homes by price in ascending order: homes.sort(function(a, b) { return parseFloat(a.price) - parseFloat(b.price); });. Or after ES6 version:","snippetHighlightWords":["Sort","ascending","sort"]},{"signatures":[],"areSignaturesLoading":true,"title":"Sorting an array of objects on both ascending and descending ...","url":"https://stackoverflow.com/questions/56809727/sorting-an-array-of-objects-on-both-ascending-and-descending-order-on-same-click","displayLink":"https://stackoverflow.com › questions › sorting-an-arra...","date":"Jun 28, 2019","snippet":"Sorting an array of objects on both ascending and descending order on same click · reverse the > to < and create a variable that can store the ...","snippetHighlightWords":["Sorting","array of objects","ascending","descending","reverse"]},{"signatures":[],"areSignaturesLoading":true,"title":"JavaScript: Sort an array of objects by a numeric property in ...","url":"https://stackoverflow.com/questions/54623130/javascript-sort-an-array-of-objects-by-a-numeric-property-in-each-object","displayLink":"https://stackoverflow.com › questions › javascript-sort-a...","date":"Feb 11, 2019","snippet":"sort() method does two things, it changes the original array so that it is in sorted order, and it also returns a reference to your original ...","snippetHighlightWords":["sort","array","sorted"]},{"signatures":[],"areSignaturesLoading":true,"title":"Sort by object key in descending order on Javascript/underscore","url":"https://stackoverflow.com/questions/31553155/sort-by-object-key-in-descending-order-on-javascript-underscore","displayLink":"https://stackoverflow.com › questions › sort-by-object-...","date":"Jul 22, 2015","snippet":"I want to sort this array object by key in descending order. So the expected output will be following like the latest date will come first.","snippetHighlightWords":["sort","array object","descending"]},{"signatures":[],"areSignaturesLoading":true,"title":"Javascript: Sorting Objects (not arrays) in descending","url":"https://stackoverflow.com/questions/56996782/javascript-sorting-objects-not-arrays-in-descending","displayLink":"https://stackoverflow.com › questions › javascript-sortin...","date":"Jul 11, 2019","snippet":"Get an array of arrays from Object.entries() .reverse() it; Convert it into a Map ( Map() guarantees order according to how it was entered) ...","snippetHighlightWords":["array","arrays","Object","reverse"]},{"signatures":[],"areSignaturesLoading":true,"title":"Sort array of objects by string property value - Stack Overflow","url":"https://stackoverflow.com/questions/1129216/sort-array-of-objects-by-string-property-value","displayLink":"https://stackoverflow.com › questions › sort-array-of-o...","snippet":"Use JavaScript sort method ... The sort method can be modified to sort anything like an array of numbers, strings and even objects using a compare function. A ...","snippetHighlightWords":["JavaScript sort","sort","sort","array","objects"]},{"signatures":[],"areSignaturesLoading":true,"title":"sort array of objects with letters and numbers in descending ...","url":"https://stackoverflow.com/questions/49365109/sort-array-of-objects-with-letters-and-numbers-in-descending-order","displayLink":"https://stackoverflow.com › questions › sort-array-of-o...","snippet":"You can use array#sort with string#localeCompare with numeric property set to true . const data = [{\"map_name\": \"PHX7260.","snippetHighlightWords":["array#sort"],"extensions":["Mar 19, 2018","3 answers"]},{"signatures":[],"areSignaturesLoading":true,"title":"How do I sort array of objects in descending order based on ...","url":"https://stackoverflow.com/questions/72084911/how-do-i-sort-array-of-objects-in-descending-order-based-on-alphanumeric-value-i","displayLink":"https://stackoverflow.com › questions › how-do-i-sort-a...","snippet":"You need a custom comparer function that will use the value property of your objects to make a descending alphabetic sort on your ArrOfObj.","snippetHighlightWords":["objects","descending","sort"],"extensions":["May 2, 2022","1 answer"]},{"signatures":[],"areSignaturesLoading":true,"title":"JS sort array of objets by specific string property (not ...","url":"https://stackoverflow.com/questions/65687818/js-sort-array-of-objets-by-specific-string-property-not-ascending-or-descending","displayLink":"https://stackoverflow.com › questions › js-sort-array-of-...","snippet":"You could take an object with the wanted order and take a large value as default for sorting. const data = [{ name: \"strawberries\", ...","snippetHighlightWords":["object","sorting"],"extensions":["Jan 12, 2021","5 answers"]},{"signatures":[],"areSignaturesLoading":true,"title":"How can I sort a javascript array of objects numerically and ...","url":"https://stackoverflow.com/questions/12900058/how-can-i-sort-a-javascript-array-of-objects-numerically-and-then-alphabetically","displayLink":"https://stackoverflow.com › questions › how-can-i-sort-...","snippet":"items.sort(function(a, b) { return (a.id - b.id); ...","snippetHighlightWords":["sort"]}],"events":[{"timestamp":"2022-10-25T22:56:39.034Z","url":"https://stackoverflow.com/questions/979256/sorting-an-array-of-objects-by-property-values","component":"projection","action":"load","data":{"height":60,"width":353.828125,"wc":19,"lc":1}},{"timestamp":"2022-10-25T22:56:39.034Z","url":"https://stackoverflow.com/questions/56809727/sorting-an-array-of-objects-on-both-ascending-and-descending-order-on-same-click","component":"projection","action":"load","data":{"height":60,"width":436.796875,"wc":29,"lc":1}},{"timestamp":"2022-10-25T22:56:39.034Z","url":"https://stackoverflow.com/questions/54623130/javascript-sort-an-array-of-objects-by-a-numeric-property-in-each-object","component":"projection","action":"load","data":{"height":60,"width":449.65625,"wc":27,"lc":1}},{"timestamp":"2022-10-25T22:56:39.034Z","url":"https://stackoverflow.com/questions/31553155/sort-by-object-key-in-descending-order-on-javascript-underscore","component":"projection","action":"load","data":{"height":60,"width":437.921875,"wc":26,"lc":1}},{"timestamp":"2022-10-25T22:56:39.034Z","url":"https://stackoverflow.com/questions/56996782/javascript-sorting-objects-not-arrays-in-descending","component":"projection","action":"load","data":{"height":60,"width":446.484375,"wc":25,"lc":1}},{"timestamp":"2022-10-25T22:56:39.034Z","url":"https://stackoverflow.com/questions/1129216/sort-array-of-objects-by-string-property-value","component":"projection","action":"load","data":{"height":60,"width":447.515625,"wc":29,"lc":1}},{"timestamp":"2022-10-25T22:56:39.034Z","url":"https://stackoverflow.com/questions/49365109/sort-array-of-objects-with-letters-and-numbers-in-descending-order","component":"projection","action":"load","data":{"height":38,"width":406.375,"wc":18,"lc":1}},{"timestamp":"2022-10-25T22:56:39.034Z","url":"https://stackoverflow.com/questions/72084911/how-do-i-sort-array-of-objects-in-descending-order-based-on-alphanumeric-value-i","component":"projection","action":"load","data":{"height":38,"width":450.953125,"wc":24,"lc":1}},{"timestamp":"2022-10-25T22:56:39.034Z","url":"https://stackoverflow.com/questions/65687818/js-sort-array-of-objets-by-specific-string-property-not-ascending-or-descending","component":"projection","action":"load","data":{"height":38,"width":442.234375,"wc":25,"lc":1}},{"timestamp":"2022-10-25T22:56:39.034Z","url":"https://stackoverflow.com/questions/12900058/how-can-i-sort-a-javascript-array-of-objects-numerically-and-then-alphabetically","component":"projection","action":"load","data":{"height":16,"width":294.765625,"wc":8,"lc":1}},{"timestamp":"2022-10-25T22:56:40.223Z","url":"https://stackoverflow.com/questions/979256/sorting-an-array-of-objects-by-property-values","component":"projection","action":"loaded","data":"projection 10 of 10"},{"timestamp":"2022-10-25T22:56:40.223Z","url":"https://stackoverflow.com/questions/56809727/sorting-an-array-of-objects-on-both-ascending-and-descending-order-on-same-click","component":"projection","action":"loaded","data":"projection 9 of 10"},{"timestamp":"2022-10-25T22:56:40.223Z","url":"https://stackoverflow.com/questions/54623130/javascript-sort-an-array-of-objects-by-a-numeric-property-in-each-object","component":"projection","action":"loaded","data":"projection 8 of 10"},{"timestamp":"2022-10-25T22:56:40.223Z","url":"https://stackoverflow.com/questions/31553155/sort-by-object-key-in-descending-order-on-javascript-underscore","component":"projection","action":"loaded","data":"projection 7 of 10"},{"timestamp":"2022-10-25T22:56:40.223Z","url":"https://stackoverflow.com/questions/56996782/javascript-sorting-objects-not-arrays-in-descending","component":"projection","action":"loaded","data":"projection 6 of 10"},{"timestamp":"2022-10-25T22:56:40.223Z","url":"https://stackoverflow.com/questions/1129216/sort-array-of-objects-by-string-property-value","component":"projection","action":"loaded","data":"projection 5 of 10"},{"timestamp":"2022-10-25T22:56:40.223Z","url":"https://stackoverflow.com/questions/49365109/sort-array-of-objects-with-letters-and-numbers-in-descending-order","component":"projection","action":"loaded","data":"projection 4 of 10"},{"timestamp":"2022-10-25T22:56:40.223Z","url":"https://stackoverflow.com/questions/72084911/how-do-i-sort-array-of-objects-in-descending-order-based-on-alphanumeric-value-i","component":"projection","action":"loaded","data":"projection 3 of 10"},{"timestamp":"2022-10-25T22:56:40.223Z","url":"https://stackoverflow.com/questions/65687818/js-sort-array-of-objets-by-specific-string-property-not-ascending-or-descending","component":"projection","action":"loaded","data":"projection 2 of 10"},{"timestamp":"2022-10-25T22:56:40.223Z","url":"https://stackoverflow.com/questions/12900058/how-can-i-sort-a-javascript-array-of-objects-numerically-and-then-alphabetically","component":"projection","action":"loaded","data":"projection 1 of 10"}]},{"keywords":["sort","in","descending","o"],"context":{"tokens":[{"kind":"language","value":"javascript"}]},"timestamp":"2022-10-25T22:56:39.016Z","results":[{"signatures":[],"areSignaturesLoading":true,"title":"Sorting an array of objects by property values - Stack Overflow","snippet":"The difference between ascending and descending sort order is the sign of the value returned by your compare function: var ascending = homes.sort((a, ...","url":"https://stackoverflow.com/questions/979256/sorting-an-array-of-objects-by-property-values","displayLink":"https://stackoverflow.com › questions › sorting-an-arra...","snippetHighlightWords":["ascending","descending sort","ascending","sort"]},{"signatures":[],"areSignaturesLoading":true,"title":"How to sort an array of integers correctly - Stack Overflow","snippet":"Descending = Ascending + Reverse arr.sort((a, b) => a - b).reverse(); ... In JavaScript the sort() method's default behaviour is to sort values in an array ...","url":"https://stackoverflow.com/questions/1063007/how-to-sort-an-array-of-integers-correctly","displayLink":"https://stackoverflow.com › questions › how-to-sort-an-...","snippetHighlightWords":["Descending","Ascending","Reverse","sort","reverse","JavaScript","sort","sort"]},{"signatures":[],"areSignaturesLoading":true,"title":"Sorting numbers in descending order but with `0`s at the start","snippet":"You could sort by the delta of b and a (for descending sorting) and take Number.MAX_VALUE , for falsy values like zero. This: Number.","url":"https://stackoverflow.com/questions/58933996/sorting-numbers-in-descending-order-but-with-0s-at-the-start","displayLink":"https://stackoverflow.com › questions › sorting-number...","snippetHighlightWords":["sort","descending sorting"],"date":"Nov 19, 2019 9 answers"},{"signatures":[],"areSignaturesLoading":true,"title":"Sort Multidimensional array in descending order","snippet":"First, you're going to want to take a look at Array.prototype.sort() You'll need to write a comparison function that compares the second ...","url":"https://stackoverflow.com/questions/38733049/sort-multidimensional-array-in-descending-order","displayLink":"https://stackoverflow.com › questions › sort-multidimen...","snippetHighlightWords":["sort"],"date":"Aug 3, 2016"},{"signatures":[],"areSignaturesLoading":true,"title":"Sorting an array of objects on both ascending and descending ...","snippet":"This JavaScript function is currently sorting it in ascending order only based on title. How do I write a logic that sorts it on either ...","url":"https://stackoverflow.com/questions/56809727/sorting-an-array-of-objects-on-both-ascending-and-descending-order-on-same-click","displayLink":"https://stackoverflow.com › questions › sorting-an-arra...","snippetHighlightWords":["JavaScript","sorting","ascending"],"date":"Jun 28, 2019"},{"signatures":[],"areSignaturesLoading":true,"title":"What is Array.prototype.sort() time complexity? - Stack Overflow","snippet":"Is it at least safe to assume that it's not O(n^2) ? Is there anywhere more detailed data about how it's implemented ? Thanks. javascript.","url":"https://stackoverflow.com/questions/57763205/what-is-array-prototype-sort-time-complexity","displayLink":"https://stackoverflow.com › questions › what-is-array-p...","snippetHighlightWords":["O","javascript"],"date":"Sept 2, 2019"},{"signatures":[],"areSignaturesLoading":true,"title":"javascript - How to sort an array of objects by multiple fields?","snippet":"asc creates a comparator function. · desc is super simple, since it just calls asc but swaps the a and b arguments, resulting in descending order ...","url":"https://stackoverflow.com/questions/6913512/how-to-sort-an-array-of-objects-by-multiple-fields","displayLink":"https://stackoverflow.com › questions › how-to-sort-an-...","snippetHighlightWords":["desc","descending"],"date":"Aug 2, 2011"},{"signatures":[],"areSignaturesLoading":true,"title":"How to sort in descending order with ramda's sortBy function?","snippet":"A more elegant way to achieve what? You already showed that you have a reasonable way to create a descending sorter: sort(descend(prop(0)) . Are ...","url":"https://stackoverflow.com/questions/60030175/how-to-sort-in-descending-order-with-ramdas-sortby-function","displayLink":"https://stackoverflow.com › questions › how-to-sort-in-...","snippetHighlightWords":["descending","sort","descend"],"date":"Feb 2, 2020"},{"signatures":[],"areSignaturesLoading":true,"title":"How to sort an object array by date property? - Stack Overflow","snippet":"Array.prototype.sortBy) Array.prototype.sortBy = sb; function sb(f){ for (var i=this.length;i;){ var o = this[--i]; this[i] = [].concat(f.","url":"https://stackoverflow.com/questions/10123953/how-to-sort-an-object-array-by-date-property","displayLink":"https://stackoverflow.com › questions › how-to-sort-an-...","snippetHighlightWords":["o"],"date":"Apr 12, 2012"},{"signatures":[],"areSignaturesLoading":true,"title":"Sort array of objects by string property value - Stack Overflow","snippet":"-1 : 0)). Or simplified for numeric (c/o Andre Figueiredo): objs.sort((a,b) => a.last_nom - b.last_nom); // b - a for reverse sort ... underscore.js.","url":"https://stackoverflow.com/questions/1129216/sort-array-of-objects-by-string-property-value","displayLink":"https://stackoverflow.com › questions › sort-array-of-o...","snippetHighlightWords":["o","sort","reverse sort","js"]}],"events":[{"timestamp":"2022-10-25T22:56:41.567Z","url":"https://stackoverflow.com/questions/1063007/how-to-sort-an-array-of-integers-correctly","component":"projection","action":"load","data":{"height":60,"width":441.03125,"wc":27,"lc":1}},{"timestamp":"2022-10-25T22:56:41.567Z","url":"https://stackoverflow.com/questions/58933996/sorting-numbers-in-descending-order-but-with-0s-at-the-start","component":"projection","action":"load","data":{"height":60,"width":437.984375,"wc":24,"lc":1}},{"timestamp":"2022-10-25T22:56:41.567Z","url":"https://stackoverflow.com/questions/38733049/sort-multidimensional-array-in-descending-order","component":"projection","action":"load","data":{"height":60,"width":429.65625,"wc":23,"lc":1}},{"timestamp":"2022-10-25T22:56:41.567Z","url":"https://stackoverflow.com/questions/57763205/what-is-array-prototype-sort-time-complexity","component":"projection","action":"load","data":{"height":60,"width":421.703125,"wc":25,"lc":1}},{"timestamp":"2022-10-25T22:56:41.567Z","url":"https://stackoverflow.com/questions/6913512/how-to-sort-an-array-of-objects-by-multiple-fields","component":"projection","action":"load","data":{"height":60,"width":454.0625,"wc":27,"lc":1}},{"timestamp":"2022-10-25T22:56:41.567Z","url":"https://stackoverflow.com/questions/60030175/how-to-sort-in-descending-order-with-ramdas-sortby-function","component":"projection","action":"load","data":{"height":60,"width":415.34375,"wc":25,"lc":1}},{"timestamp":"2022-10-25T22:56:41.567Z","url":"https://stackoverflow.com/questions/10123953/how-to-sort-an-object-array-by-date-property","component":"projection","action":"load","data":{"height":60,"width":431.453125,"wc":16,"lc":1}},{"timestamp":"2022-10-25T22:56:42.759Z","url":"https://stackoverflow.com/questions/979256/sorting-an-array-of-objects-by-property-values","component":"projection","action":"loaded","data":"projection 10 of 10"},{"timestamp":"2022-10-25T22:56:42.759Z","url":"https://stackoverflow.com/questions/1063007/how-to-sort-an-array-of-integers-correctly","component":"projection","action":"loaded","data":"projection 9 of 10"},{"timestamp":"2022-10-25T22:56:42.759Z","url":"https://stackoverflow.com/questions/58933996/sorting-numbers-in-descending-order-but-with-0s-at-the-start","component":"projection","action":"loaded","data":"projection 8 of 10"},{"timestamp":"2022-10-25T22:56:42.759Z","url":"https://stackoverflow.com/questions/38733049/sort-multidimensional-array-in-descending-order","component":"projection","action":"loaded","data":"projection 7 of 10"},{"timestamp":"2022-10-25T22:56:42.759Z","url":"https://stackoverflow.com/questions/56809727/sorting-an-array-of-objects-on-both-ascending-and-descending-order-on-same-click","component":"projection","action":"loaded","data":"projection 6 of 10"},{"timestamp":"2022-10-25T22:56:42.759Z","url":"https://stackoverflow.com/questions/57763205/what-is-array-prototype-sort-time-complexity","component":"projection","action":"loaded","data":"projection 5 of 10"},{"timestamp":"2022-10-25T22:56:42.759Z","url":"https://stackoverflow.com/questions/6913512/how-to-sort-an-array-of-objects-by-multiple-fields","component":"projection","action":"loaded","data":"projection 4 of 10"},{"timestamp":"2022-10-25T22:56:42.759Z","url":"https://stackoverflow.com/questions/60030175/how-to-sort-in-descending-order-with-ramdas-sortby-function","component":"projection","action":"loaded","data":"projection 3 of 10"},{"timestamp":"2022-10-25T22:56:42.759Z","url":"https://stackoverflow.com/questions/10123953/how-to-sort-an-object-array-by-date-property","component":"projection","action":"loaded","data":"projection 2 of 10"},{"timestamp":"2022-10-25T22:56:42.759Z","url":"https://stackoverflow.com/questions/1129216/sort-array-of-objects-by-string-property-value","component":"projection","action":"loaded","data":"projection 1 of 10"},{"timestamp":"2022-10-25T22:56:43.130Z","url":"https://stackoverflow.com/questions/979256/sorting-an-array-of-objects-by-property-values","component":"projection","action":"mouseenter"},{"timestamp":"2022-10-25T22:56:43.780Z","url":"https://stackoverflow.com/questions/979256/sorting-an-array-of-objects-by-property-values","component":"page","action":"open"},{"timestamp":"2022-10-25T22:56:43.794Z","url":"https://stackoverflow.com/questions/979256/sorting-an-array-of-objects-by-property-values","component":"projection","action":"mouseleave"},{"timestamp":"2022-10-25T22:56:44.361Z","url":"https://stackoverflow.com/questions/979256/sorting-an-array-of-objects-by-property-values","component":"page","action":"load"},{"timestamp":"2022-10-25T22:56:46.205Z","url":"https://stackoverflow.com/questions/979256/sorting-an-array-of-objects-by-property-values","component":"page","action":"scroll","data":{"viewport":{"x":0,"y":100,"height":820,"width":479},"document":{"height":31090,"width":462},"question":{"identifier":"979256","top":41.03125,"bottom":987.3125,"right":446,"left":16,"width":430,"height":946.28125},"answers":[{"identifier":"979289","top":1104.59375,"bottom":2351.15625,"right":446,"left":16,"width":430,"height":1246.5625},{"identifier":"979325","top":2351.15625,"bottom":3613.15625,"right":446,"left":16,"width":430,"height":1262},{"identifier":"979278","top":3613.15625,"bottom":4287.90625,"right":446,"left":16,"width":430,"height":674.75},{"identifier":"19970578","top":4287.90625,"bottom":5165.90625,"right":446,"left":16,"width":430,"height":878},{"identifier":"40796335","top":5165.90625,"bottom":6207.96875,"right":446,"left":16,"width":430,"height":1042.0625},{"identifier":"979295","top":6207.96875,"bottom":6750.21875,"right":446,"left":16,"width":430,"height":542.25},{"identifier":"26762192","top":6750.21875,"bottom":9309.390625,"right":446,"left":16,"width":430,"height":2559.171875},{"identifier":"37440769","top":9309.390625,"bottom":10090.140625,"right":446,"left":16,"width":430,"height":780.75},{"identifier":"54346678","top":10090.140625,"bottom":10604.640625,"right":446,"left":16,"width":430,"height":514.5},{"identifier":"60641752","top":10604.640625,"bottom":11158.328125,"right":446,"left":16,"width":430,"height":553.6875},{"identifier":"45534960","top":11158.328125,"bottom":12125.765625,"right":446,"left":16,"width":430,"height":967.4375},{"identifier":"56594176","top":12125.765625,"bottom":12532.328125,"right":446,"left":16,"width":430,"height":406.5625},{"identifier":"50652203","top":12532.328125,"bottom":13861.390625,"right":446,"left":16,"width":430,"height":1329.0625},{"identifier":"21399152","top":13861.390625,"bottom":14905.765625,"right":446,"left":16,"width":430,"height":1044.375},{"identifier":"20421221","top":14905.765625,"bottom":16210.328125,"right":446,"left":16,"width":430,"height":1304.5625},{"identifier":"979296","top":16210.328125,"bottom":16698.890625,"right":446,"left":16,"width":430,"height":488.5625},{"identifier":"25624937","top":16698.890625,"bottom":17593.953125,"right":446,"left":16,"width":430,"height":895.0625},{"identifier":"32773923","top":17593.953125,"bottom":19201.765625,"right":446,"left":16,"width":430,"height":1607.8125},{"identifier":"38585024","top":19201.765625,"bottom":19494.328125,"right":446,"left":16,"width":430,"height":292.5625},{"identifier":"48662313","top":19494.328125,"bottom":20410.890625,"right":446,"left":16,"width":430,"height":916.5625},{"identifier":"66636162","top":20410.890625,"bottom":21698.703125,"right":446,"left":16,"width":430,"height":1287.8125},{"identifier":"30066050","top":21698.703125,"bottom":22046.765625,"right":446,"left":16,"width":430,"height":348.0625},{"identifier":"42100506","top":22046.765625,"bottom":23370.828125,"right":446,"left":16,"width":430,"height":1324.0625},{"identifier":"55088845","top":23370.828125,"bottom":24222.390625,"right":446,"left":16,"width":430,"height":851.5625},{"identifier":"72601832","top":24222.390625,"bottom":24771.953125,"right":446,"left":16,"width":430,"height":549.5625},{"identifier":"43635307","top":24771.953125,"bottom":25238.515625,"right":446,"left":16,"width":430,"height":466.5625},{"identifier":"49146133","top":25238.515625,"bottom":26319.578125,"right":446,"left":16,"width":430,"height":1081.0625},{"identifier":"26650562","top":26319.578125,"bottom":27171.140625,"right":446,"left":16,"width":430,"height":851.5625},{"identifier":"28247369","top":27171.140625,"bottom":27531.203125,"right":446,"left":16,"width":430,"height":360.0625},{"identifier":"36379158","top":27531.203125,"bottom":28978.765625,"right":446,"left":16,"width":430,"height":1447.5625}]}},{"timestamp":"2022-10-25T22:56:48.603Z","url":"https://stackoverflow.com/questions/979256/sorting-an-array-of-objects-by-property-values","component":"page","action":"scroll","data":{"viewport":{"x":0,"y":0,"height":820,"width":479},"document":{"height":31090,"width":462},"question":{"identifier":"979256","top":141.03125,"bottom":1087.3125,"right":446,"left":16,"width":430,"height":946.28125},"answers":[{"identifier":"979289","top":1204.59375,"bottom":2451.15625,"right":446,"left":16,"width":430,"height":1246.5625},{"identifier":"979325","top":2451.15625,"bottom":3713.15625,"right":446,"left":16,"width":430,"height":1262},{"identifier":"979278","top":3713.15625,"bottom":4387.90625,"right":446,"left":16,"width":430,"height":674.75},{"identifier":"19970578","top":4387.90625,"bottom":5265.90625,"right":446,"left":16,"width":430,"height":878},{"identifier":"40796335","top":5265.90625,"bottom":6307.96875,"right":446,"left":16,"width":430,"height":1042.0625},{"identifier":"979295","top":6307.96875,"bottom":6850.21875,"right":446,"left":16,"width":430,"height":542.25},{"identifier":"26762192","top":6850.21875,"bottom":9409.390625,"right":446,"left":16,"width":430,"height":2559.171875},{"identifier":"37440769","top":9409.390625,"bottom":10190.140625,"right":446,"left":16,"width":430,"height":780.75},{"identifier":"54346678","top":10190.140625,"bottom":10704.640625,"right":446,"left":16,"width":430,"height":514.5},{"identifier":"60641752","top":10704.640625,"bottom":11258.328125,"right":446,"left":16,"width":430,"height":553.6875},{"identifier":"45534960","top":11258.328125,"bottom":12225.765625,"right":446,"left":16,"width":430,"height":967.4375},{"identifier":"56594176","top":12225.765625,"bottom":12632.328125,"right":446,"left":16,"width":430,"height":406.5625},{"identifier":"50652203","top":12632.328125,"bottom":13961.390625,"right":446,"left":16,"width":430,"height":1329.0625},{"identifier":"21399152","top":13961.390625,"bottom":15005.765625,"right":446,"left":16,"width":430,"height":1044.375},{"identifier":"20421221","top":15005.765625,"bottom":16310.328125,"right":446,"left":16,"width":430,"height":1304.5625},{"identifier":"979296","top":16310.328125,"bottom":16798.890625,"right":446,"left":16,"width":430,"height":488.5625},{"identifier":"25624937","top":16798.890625,"bottom":17693.953125,"right":446,"left":16,"width":430,"height":895.0625},{"identifier":"32773923","top":17693.953125,"bottom":19301.765625,"right":446,"left":16,"width":430,"height":1607.8125},{"identifier":"38585024","top":19301.765625,"bottom":19594.328125,"right":446,"left":16,"width":430,"height":292.5625},{"identifier":"48662313","top":19594.328125,"bottom":20510.890625,"right":446,"left":16,"width":430,"height":916.5625},{"identifier":"66636162","top":20510.890625,"bottom":21798.703125,"right":446,"left":16,"width":430,"height":1287.8125},{"identifier":"30066050","top":21798.703125,"bottom":22146.765625,"right":446,"left":16,"width":430,"height":348.0625},{"identifier":"42100506","top":22146.765625,"bottom":23470.828125,"right":446,"left":16,"width":430,"height":1324.0625},{"identifier":"55088845","top":23470.828125,"bottom":24322.390625,"right":446,"left":16,"width":430,"height":851.5625},{"identifier":"72601832","top":24322.390625,"bottom":24871.953125,"right":446,"left":16,"width":430,"height":549.5625},{"identifier":"43635307","top":24871.953125,"bottom":25338.515625,"right":446,"left":16,"width":430,"height":466.5625},{"identifier":"49146133","top":25338.515625,"bottom":26419.578125,"right":446,"left":16,"width":430,"height":1081.0625},{"identifier":"26650562","top":26419.578125,"bottom":27271.140625,"right":446,"left":16,"width":430,"height":851.5625},{"identifier":"28247369","top":27271.140625,"bottom":27631.203125,"right":446,"left":16,"width":430,"height":360.0625},{"identifier":"36379158","top":27631.203125,"bottom":29078.765625,"right":446,"left":16,"width":430,"height":1447.5625}]}},{"timestamp":"2022-10-25T22:56:54.997Z","url":"https://stackoverflow.com/questions/979256/sorting-an-array-of-objects-by-property-values","component":"page","action":"scroll","data":{"viewport":{"x":0,"y":1000,"height":820,"width":479},"document":{"height":31090,"width":462},"question":{"identifier":"979256","top":-858.96875,"bottom":87.3125,"right":446,"left":16,"width":430,"height":946.28125},"answers":[{"identifier":"979289","top":204.59375,"bottom":1451.15625,"right":446,"left":16,"width":430,"height":1246.5625},{"identifier":"979325","top":1451.15625,"bottom":2713.15625,"right":446,"left":16,"width":430,"height":1262},{"identifier":"979278","top":2713.15625,"bottom":3387.90625,"right":446,"left":16,"width":430,"height":674.75},{"identifier":"19970578","top":3387.90625,"bottom":4265.90625,"right":446,"left":16,"width":430,"height":878},{"identifier":"40796335","top":4265.90625,"bottom":5307.96875,"right":446,"left":16,"width":430,"height":1042.0625},{"identifier":"979295","top":5307.96875,"bottom":5850.21875,"right":446,"left":16,"width":430,"height":542.25},{"identifier":"26762192","top":5850.21875,"bottom":8409.390625,"right":446,"left":16,"width":430,"height":2559.171875},{"identifier":"37440769","top":8409.390625,"bottom":9190.140625,"right":446,"left":16,"width":430,"height":780.75},{"identifier":"54346678","top":9190.140625,"bottom":9704.640625,"right":446,"left":16,"width":430,"height":514.5},{"identifier":"60641752","top":9704.640625,"bottom":10258.328125,"right":446,"left":16,"width":430,"height":553.6875},{"identifier":"45534960","top":10258.328125,"bottom":11225.765625,"right":446,"left":16,"width":430,"height":967.4375},{"identifier":"56594176","top":11225.765625,"bottom":11632.328125,"right":446,"left":16,"width":430,"height":406.5625},{"identifier":"50652203","top":11632.328125,"bottom":12961.390625,"right":446,"left":16,"width":430,"height":1329.0625},{"identifier":"21399152","top":12961.390625,"bottom":14005.765625,"right":446,"left":16,"width":430,"height":1044.375},{"identifier":"20421221","top":14005.765625,"bottom":15310.328125,"right":446,"left":16,"width":430,"height":1304.5625},{"identifier":"979296","top":15310.328125,"bottom":15798.890625,"right":446,"left":16,"width":430,"height":488.5625},{"identifier":"25624937","top":15798.890625,"bottom":16693.953125,"right":446,"left":16,"width":430,"height":895.0625},{"identifier":"32773923","top":16693.953125,"bottom":18301.765625,"right":446,"left":16,"width":430,"height":1607.8125},{"identifier":"38585024","top":18301.765625,"bottom":18594.328125,"right":446,"left":16,"width":430,"height":292.5625},{"identifier":"48662313","top":18594.328125,"bottom":19510.890625,"right":446,"left":16,"width":430,"height":916.5625},{"identifier":"66636162","top":19510.890625,"bottom":20798.703125,"right":446,"left":16,"width":430,"height":1287.8125},{"identifier":"30066050","top":20798.703125,"bottom":21146.765625,"right":446,"left":16,"width":430,"height":348.0625},{"identifier":"42100506","top":21146.765625,"bottom":22470.828125,"right":446,"left":16,"width":430,"height":1324.0625},{"identifier":"55088845","top":22470.828125,"bottom":23322.390625,"right":446,"left":16,"width":430,"height":851.5625},{"identifier":"72601832","top":23322.390625,"bottom":23871.953125,"right":446,"left":16,"width":430,"height":549.5625},{"identifier":"43635307","top":23871.953125,"bottom":24338.515625,"right":446,"left":16,"width":430,"height":466.5625},{"identifier":"49146133","top":24338.515625,"bottom":25419.578125,"right":446,"left":16,"width":430,"height":1081.0625},{"identifier":"26650562","top":25419.578125,"bottom":26271.140625,"right":446,"left":16,"width":430,"height":851.5625},{"identifier":"28247369","top":26271.140625,"bottom":26631.203125,"right":446,"left":16,"width":430,"height":360.0625},{"identifier":"36379158","top":26631.203125,"bottom":28078.765625,"right":446,"left":16,"width":430,"height":1447.5625}]}},{"timestamp":"2022-10-25T22:56:56.065Z","url":"https://stackoverflow.com/questions/979256/sorting-an-array-of-objects-by-property-values","component":"page","action":"close"},{"timestamp":"2022-10-25T22:56:56.393Z","url":"https://stackoverflow.com/questions/979256/sorting-an-array-of-objects-by-property-values","component":"projection","action":"mouseenter"},{"timestamp":"2022-10-25T22:56:57.607Z","url":"https://stackoverflow.com/questions/979256/sorting-an-array-of-objects-by-property-values","component":"projection","action":"mouseleave"},{"timestamp":"2022-10-25T22:56:58.083Z","url":"https://stackoverflow.com/questions/979256/sorting-an-array-of-objects-by-property-values","component":"projection","action":"mouseenter"},{"timestamp":"2022-10-25T22:56:58.359Z","url":"https://stackoverflow.com/questions/979256/sorting-an-array-of-objects-by-property-values","component":"page","action":"open"},{"timestamp":"2022-10-25T22:56:58.370Z","url":"https://stackoverflow.com/questions/979256/sorting-an-array-of-objects-by-property-values","component":"projection","action":"mouseleave"},{"timestamp":"2022-10-25T22:56:58.822Z","url":"https://stackoverflow.com/questions/979256/sorting-an-array-of-objects-by-property-values","component":"page","action":"load"},{"timestamp":"2022-10-25T22:57:01.983Z","url":"https://stackoverflow.com/questions/979256/sorting-an-array-of-objects-by-property-values","component":"page","action":"scroll","data":{"viewport":{"x":0,"y":1000,"height":820,"width":479},"document":{"height":31090,"width":462},"question":{"identifier":"979256","top":-858.96875,"bottom":87.3125,"right":446,"left":16,"width":430,"height":946.28125},"answers":[{"identifier":"979289","top":204.59375,"bottom":1451.15625,"right":446,"left":16,"width":430,"height":1246.5625},{"identifier":"979325","top":1451.15625,"bottom":2713.15625,"right":446,"left":16,"width":430,"height":1262},{"identifier":"979278","top":2713.15625,"bottom":3387.90625,"right":446,"left":16,"width":430,"height":674.75},{"identifier":"19970578","top":3387.90625,"bottom":4265.90625,"right":446,"left":16,"width":430,"height":878},{"identifier":"40796335","top":4265.90625,"bottom":5307.96875,"right":446,"left":16,"width":430,"height":1042.0625},{"identifier":"979295","top":5307.96875,"bottom":5850.21875,"right":446,"left":16,"width":430,"height":542.25},{"identifier":"26762192","top":5850.21875,"bottom":8409.390625,"right":446,"left":16,"width":430,"height":2559.171875},{"identifier":"37440769","top":8409.390625,"bottom":9190.140625,"right":446,"left":16,"width":430,"height":780.75},{"identifier":"54346678","top":9190.140625,"bottom":9704.640625,"right":446,"left":16,"width":430,"height":514.5},{"identifier":"60641752","top":9704.640625,"bottom":10258.328125,"right":446,"left":16,"width":430,"height":553.6875},{"identifier":"45534960","top":10258.328125,"bottom":11225.765625,"right":446,"left":16,"width":430,"height":967.4375},{"identifier":"56594176","top":11225.765625,"bottom":11632.328125,"right":446,"left":16,"width":430,"height":406.5625},{"identifier":"50652203","top":11632.328125,"bottom":12961.390625,"right":446,"left":16,"width":430,"height":1329.0625},{"identifier":"21399152","top":12961.390625,"bottom":14005.765625,"right":446,"left":16,"width":430,"height":1044.375},{"identifier":"20421221","top":14005.765625,"bottom":15310.328125,"right":446,"left":16,"width":430,"height":1304.5625},{"identifier":"979296","top":15310.328125,"bottom":15798.890625,"right":446,"left":16,"width":430,"height":488.5625},{"identifier":"25624937","top":15798.890625,"bottom":16693.953125,"right":446,"left":16,"width":430,"height":895.0625},{"identifier":"32773923","top":16693.953125,"bottom":18301.765625,"right":446,"left":16,"width":430,"height":1607.8125},{"identifier":"38585024","top":18301.765625,"bottom":18594.328125,"right":446,"left":16,"width":430,"height":292.5625},{"identifier":"48662313","top":18594.328125,"bottom":19510.890625,"right":446,"left":16,"width":430,"height":916.5625},{"identifier":"66636162","top":19510.890625,"bottom":20798.703125,"right":446,"left":16,"width":430,"height":1287.8125},{"identifier":"30066050","top":20798.703125,"bottom":21146.765625,"right":446,"left":16,"width":430,"height":348.0625},{"identifier":"42100506","top":21146.765625,"bottom":22470.828125,"right":446,"left":16,"width":430,"height":1324.0625},{"identifier":"55088845","top":22470.828125,"bottom":23322.390625,"right":446,"left":16,"width":430,"height":851.5625},{"identifier":"72601832","top":23322.390625,"bottom":23871.953125,"right":446,"left":16,"width":430,"height":549.5625},{"identifier":"43635307","top":23871.953125,"bottom":24338.515625,"right":446,"left":16,"width":430,"height":466.5625},{"identifier":"49146133","top":24338.515625,"bottom":25419.578125,"right":446,"left":16,"width":430,"height":1081.0625},{"identifier":"26650562","top":25419.578125,"bottom":26271.140625,"right":446,"left":16,"width":430,"height":851.5625},{"identifier":"28247369","top":26271.140625,"bottom":26631.203125,"right":446,"left":16,"width":430,"height":360.0625},{"identifier":"36379158","top":26631.203125,"bottom":28078.765625,"right":446,"left":16,"width":430,"height":1447.5625}]}}]}]}