{"trialId":"99907_4","taskId":"clone","appEvents":[{"timestamp":"2022-10-25T23:02:23.134Z","name":"resize","data":{"height":880,"width":483}},{"timestamp":"2022-10-25T23:02:23.738Z","name":"search","data":"search-start"},{"timestamp":"2022-10-25T23:02:24.946Z","name":"search","data":"search-done"},{"timestamp":"2022-10-25T23:03:15.829Z","name":"resize","data":{"height":0,"width":0}}],"searches":[{"keywords":["clone","array"],"context":{"tokens":[{"kind":"language","value":"javascript"}]},"timestamp":"2022-10-25T23:02:23.738Z","results":[{"signatures":[],"areSignaturesLoading":true,"title":"Fastest way to duplicate an array in JavaScript - slice vs. 'for ...","url":"https://stackoverflow.com/questions/3978492/fastest-way-to-duplicate-an-array-in-javascript-slice-vs-for-loop","displayLink":"https://stackoverflow.com › questions › fastest-way-to-d...","snippet":"There are at least 6 (!) ways to clone an array: loop; slice; Array.from(); concat; spread operator (FASTEST); map A.map(function(e){return ...","snippetHighlightWords":["clone","array","Array"],"extensions":["Oct 20, 2010","25 answers"]},{"signatures":[],"areSignaturesLoading":true,"title":"How to clone a Javascript Array of Objects? - Stack Overflow","url":"https://stackoverflow.com/questions/42523881/how-to-clone-a-javascript-array-of-objects","displayLink":"https://stackoverflow.com › questions › how-to-clone-a...","date":"Mar 1, 2017","snippet":"How to clone a Javascript Array of Objects? · use slice(0) . Example: clonedArray = originalArray.slice(0) it will create a new array. – Gerardo.","snippetHighlightWords":["clone","Javascript Array","clonedArray","originalArray","array"]},{"signatures":[],"areSignaturesLoading":true,"title":"How to clone an array and push new value in a chain?","url":"https://stackoverflow.com/questions/57222470/how-to-clone-an-array-and-push-new-value-in-a-chain","displayLink":"https://stackoverflow.com › questions › how-to-clone-a...","snippet":"If you absolutely want to enforce the chaining, you can create your own function on the array prototype. (You should understand its ...","snippetHighlightWords":["array"],"extensions":["Jul 26, 2019","3 answers"]},{"signatures":[],"areSignaturesLoading":true,"title":"Make clone of array (not copy of reference) and modify the ...","url":"https://stackoverflow.com/questions/62861485/make-clone-of-array-not-copy-of-reference-and-modify-the-new-array","displayLink":"https://stackoverflow.com › questions › make-clone-of-...","date":"Jul 12, 2020","snippet":"in javascript, clonedArray=originalArray just creates a reference == the same array. you can overcome this/\"clone\" a simple array by:","snippetHighlightWords":["javascript","clonedArray","originalArray","array","clone","array"]},{"signatures":[],"areSignaturesLoading":true,"title":"Splice method used on a copy of an array of objects","url":"https://stackoverflow.com/questions/67176299/splice-method-used-on-a-copy-of-an-array-of-objects","displayLink":"https://stackoverflow.com › questions › splice-method-...","date":"Apr 20, 2021","snippet":"Only the cloned array is modified. The spread operator shouldn't make a shallow copy of the initial array, and force me to deep clone all ...","snippetHighlightWords":["cloned array","array","clone"]},{"signatures":[],"areSignaturesLoading":true,"title":"Cloning an array in Javascript/Typescript - Stack Overflow","url":"https://stackoverflow.com/questions/44808882/cloning-an-array-in-javascript-typescript","displayLink":"https://stackoverflow.com › questions › cloning-an-arra...","date":"15 answers","snippet":"Clone an object: const myClonedObject = Object.assign({}, myObject);. Clone an Array: Option 1 if you have an array of primitive types:.","snippetHighlightWords":["Clone","Clone","Array","array"]},{"signatures":[],"areSignaturesLoading":true,"title":"JavaScript deep copy an array containing nested objects ...","url":"https://stackoverflow.com/questions/53273218/javascript-deep-copy-an-array-containing-nested-objects-arrays-functions","displayLink":"https://stackoverflow.com › questions › javascript-deep-...","snippet":"Edit- You can use the solution below or just import Lodash and use this https://lodash.com/docs/#cloneDeep. I'm answering my own question ...","snippetHighlightWords":["cloneDeep"],"extensions":["Nov 13, 2018","3 answers"]},{"signatures":[],"areSignaturesLoading":true,"title":"Why my code to clone an array doesn't work JavaScript","url":"https://stackoverflow.com/questions/68764568/why-my-code-to-clone-an-array-doesnt-work-javascript","displayLink":"https://stackoverflow.com › questions › why-my-code-t...","snippet":"When you start, each row of the array is empty. So initialise it to an empty row of array: for (let x = 0; x < arr.length; ...","snippetHighlightWords":["array","array"],"extensions":["Aug 12, 2021","3 answers"]},{"signatures":[],"areSignaturesLoading":true,"title":"How do you clone an array of objects in JavaScript?","url":"https://stackoverflow.com/questions/597588/how-do-you-clone-an-array-of-objects-in-javascript","displayLink":"https://stackoverflow.com › questions › how-do-you-cl...","snippet":"Creating a deep copy with structuredClone. The modern way to deep copy an array in JavaScript is to use structuredClone:","snippetHighlightWords":["structuredClone","array","JavaScript","structuredClone"],"extensions":["Feb 28, 2009","38 answers"]},{"signatures":[],"areSignaturesLoading":true,"title":"javascript - how to clone Array without reference [duplicate]","url":"https://stackoverflow.com/questions/48219487/javascript-how-to-clone-array-without-reference","displayLink":"https://stackoverflow.com › questions › javascript-how-...","snippet":"By using this method we can create a copy of an array. Please check the below example. Credits to this SO Answer. let original = [ [1, 2], ...","snippetHighlightWords":["array"],"extensions":["Jan 12, 2018","1 answer"]}],"events":[{"timestamp":"2022-10-25T23:02:23.754Z","url":"https://stackoverflow.com/questions/3978492/fastest-way-to-duplicate-an-array-in-javascript-slice-vs-for-loop","component":"projection","action":"load","data":{"height":38,"width":454.984375,"wc":21,"lc":1}},{"timestamp":"2022-10-25T23:02:23.754Z","url":"https://stackoverflow.com/questions/42523881/how-to-clone-a-javascript-array-of-objects","component":"projection","action":"load","data":{"height":60,"width":444.984375,"wc":24,"lc":1}},{"timestamp":"2022-10-25T23:02:23.754Z","url":"https://stackoverflow.com/questions/57222470/how-to-clone-an-array-and-push-new-value-in-a-chain","component":"projection","action":"load","data":{"height":38,"width":447.59375,"wc":23,"lc":1}},{"timestamp":"2022-10-25T23:02:23.754Z","url":"https://stackoverflow.com/questions/62861485/make-clone-of-array-not-copy-of-reference-and-modify-the-new-array","component":"projection","action":"load","data":{"height":60,"width":451.890625,"wc":19,"lc":1}},{"timestamp":"2022-10-25T23:02:23.754Z","url":"https://stackoverflow.com/questions/67176299/splice-method-used-on-a-copy-of-an-array-of-objects","component":"projection","action":"load","data":{"height":60,"width":431.515625,"wc":26,"lc":1}},{"timestamp":"2022-10-25T23:02:23.754Z","url":"https://stackoverflow.com/questions/44808882/cloning-an-array-in-javascript-typescript","component":"projection","action":"load","data":{"height":60,"width":439.59375,"wc":21,"lc":1}},{"timestamp":"2022-10-25T23:02:23.754Z","url":"https://stackoverflow.com/questions/53273218/javascript-deep-copy-an-array-containing-nested-objects-arrays-functions","component":"projection","action":"load","data":{"height":38,"width":454.6875,"wc":21,"lc":1}},{"timestamp":"2022-10-25T23:02:23.754Z","url":"https://stackoverflow.com/questions/68764568/why-my-code-to-clone-an-array-doesnt-work-javascript","component":"projection","action":"load","data":{"height":38,"width":422.3125,"wc":28,"lc":1}},{"timestamp":"2022-10-25T23:02:23.754Z","url":"https://stackoverflow.com/questions/597588/how-do-you-clone-an-array-of-objects-in-javascript","component":"projection","action":"load","data":{"height":38,"width":442.796875,"wc":20,"lc":1}},{"timestamp":"2022-10-25T23:02:23.754Z","url":"https://stackoverflow.com/questions/48219487/javascript-how-to-clone-array-without-reference","component":"projection","action":"load","data":{"height":38,"width":437.09375,"wc":29,"lc":1}},{"timestamp":"2022-10-25T23:02:24.945Z","url":"https://stackoverflow.com/questions/3978492/fastest-way-to-duplicate-an-array-in-javascript-slice-vs-for-loop","component":"projection","action":"loaded","data":"projection 10 of 10"},{"timestamp":"2022-10-25T23:02:24.946Z","url":"https://stackoverflow.com/questions/42523881/how-to-clone-a-javascript-array-of-objects","component":"projection","action":"loaded","data":"projection 9 of 10"},{"timestamp":"2022-10-25T23:02:24.946Z","url":"https://stackoverflow.com/questions/57222470/how-to-clone-an-array-and-push-new-value-in-a-chain","component":"projection","action":"loaded","data":"projection 8 of 10"},{"timestamp":"2022-10-25T23:02:24.946Z","url":"https://stackoverflow.com/questions/62861485/make-clone-of-array-not-copy-of-reference-and-modify-the-new-array","component":"projection","action":"loaded","data":"projection 7 of 10"},{"timestamp":"2022-10-25T23:02:24.946Z","url":"https://stackoverflow.com/questions/67176299/splice-method-used-on-a-copy-of-an-array-of-objects","component":"projection","action":"loaded","data":"projection 6 of 10"},{"timestamp":"2022-10-25T23:02:24.946Z","url":"https://stackoverflow.com/questions/44808882/cloning-an-array-in-javascript-typescript","component":"projection","action":"loaded","data":"projection 5 of 10"},{"timestamp":"2022-10-25T23:02:24.946Z","url":"https://stackoverflow.com/questions/53273218/javascript-deep-copy-an-array-containing-nested-objects-arrays-functions","component":"projection","action":"loaded","data":"projection 4 of 10"},{"timestamp":"2022-10-25T23:02:24.946Z","url":"https://stackoverflow.com/questions/68764568/why-my-code-to-clone-an-array-doesnt-work-javascript","component":"projection","action":"loaded","data":"projection 3 of 10"},{"timestamp":"2022-10-25T23:02:24.946Z","url":"https://stackoverflow.com/questions/597588/how-do-you-clone-an-array-of-objects-in-javascript","component":"projection","action":"loaded","data":"projection 2 of 10"},{"timestamp":"2022-10-25T23:02:24.946Z","url":"https://stackoverflow.com/questions/48219487/javascript-how-to-clone-array-without-reference","component":"projection","action":"loaded","data":"projection 1 of 10"},{"timestamp":"2022-10-25T23:02:26.356Z","url":"https://stackoverflow.com/questions/3978492/fastest-way-to-duplicate-an-array-in-javascript-slice-vs-for-loop","component":"projection","action":"mouseenter"},{"timestamp":"2022-10-25T23:02:29.632Z","url":"https://stackoverflow.com/questions/3978492/fastest-way-to-duplicate-an-array-in-javascript-slice-vs-for-loop","component":"page","action":"open"},{"timestamp":"2022-10-25T23:02:29.643Z","url":"https://stackoverflow.com/questions/3978492/fastest-way-to-duplicate-an-array-in-javascript-slice-vs-for-loop","component":"projection","action":"mouseleave"},{"timestamp":"2022-10-25T23:02:30.414Z","url":"https://stackoverflow.com/questions/3978492/fastest-way-to-duplicate-an-array-in-javascript-slice-vs-for-loop","component":"page","action":"load"},{"timestamp":"2022-10-25T23:02:32.810Z","url":"https://stackoverflow.com/questions/3978492/fastest-way-to-duplicate-an-array-in-javascript-slice-vs-for-loop","component":"page","action":"scroll","data":{"viewport":{"x":0,"y":1000,"height":820,"width":479},"document":{"height":24700,"width":462},"question":{"identifier":"3978492","top":-858.96875,"bottom":41.21875,"right":446,"left":16,"width":430,"height":900.1875},"answers":[{"identifier":"20547803","top":121.5,"bottom":1836.625,"right":446,"left":16,"width":430,"height":1715.125},{"identifier":"21514254","top":1836.625,"bottom":2672.375,"right":446,"left":16,"width":430,"height":835.75},{"identifier":"31251089","top":2672.375,"bottom":3487.625,"right":446,"left":16,"width":430,"height":815.25},{"identifier":"23481165","top":3487.625,"bottom":4331.125,"right":446,"left":16,"width":430,"height":843.5},{"identifier":"52929821","top":4331.125,"bottom":6487.734375,"right":446,"left":16,"width":430,"height":2156.609375},{"identifier":"39873377","top":6487.734375,"bottom":7098.171875,"right":446,"left":16,"width":430,"height":610.4375},{"identifier":"3978716","top":7098.171875,"bottom":7603.234375,"right":446,"left":16,"width":430,"height":505.0625},{"identifier":"37503916","top":7603.234375,"bottom":8350.734375,"right":446,"left":16,"width":430,"height":747.5},{"identifier":"66174157","top":8350.734375,"bottom":9259.109375,"right":446,"left":16,"width":430,"height":908.375},{"identifier":"3978577","top":9259.109375,"bottom":10290.796875,"right":446,"left":16,"width":430,"height":1031.6875},{"identifier":"47843872","top":10290.796875,"bottom":11144.59375,"right":446,"left":16,"width":430,"height":853.796875},{"identifier":"32253674","top":11144.59375,"bottom":11954.90625,"right":446,"left":16,"width":430,"height":810.3125},{"identifier":"57709573","top":11954.90625,"bottom":13606.15625,"right":446,"left":16,"width":430,"height":1651.25},{"identifier":"3978606","top":13606.15625,"bottom":14787.984375,"right":446,"left":16,"width":430,"height":1181.828125},{"identifier":"23342513","top":14787.984375,"bottom":15469.796875,"right":446,"left":16,"width":430,"height":681.8125},{"identifier":"34924599","top":15469.796875,"bottom":15961.796875,"right":446,"left":16,"width":430,"height":492},{"identifier":"33774224","top":15961.796875,"bottom":17208.421875,"right":446,"left":16,"width":430,"height":1246.625},{"identifier":"61818827","top":17208.421875,"bottom":17692.984375,"right":446,"left":16,"width":430,"height":484.5625},{"identifier":"68053929","top":17692.984375,"bottom":18561.484375,"right":446,"left":16,"width":430,"height":868.5},{"identifier":"45703365","top":18561.484375,"bottom":18869.234375,"right":446,"left":16,"width":430,"height":307.75},{"identifier":"56498992","top":18869.234375,"bottom":19832.296875,"right":446,"left":16,"width":430,"height":963.0625},{"identifier":"59485360","top":19832.296875,"bottom":20277.859375,"right":446,"left":16,"width":430,"height":445.5625},{"identifier":"60686878","top":20277.859375,"bottom":20620.421875,"right":446,"left":16,"width":430,"height":342.5625},{"identifier":"63587384","top":20620.421875,"bottom":21200.171875,"right":446,"left":16,"width":430,"height":579.75},{"identifier":"72240810","top":21200.171875,"bottom":21618.234375,"right":446,"left":16,"width":430,"height":418.0625}]}},{"timestamp":"2022-10-25T23:02:34.547Z","url":"https://stackoverflow.com/questions/3978492/fastest-way-to-duplicate-an-array-in-javascript-slice-vs-for-loop","component":"page","action":"scroll","data":{"viewport":{"x":0,"y":1600,"height":820,"width":479},"document":{"height":24700,"width":462},"question":{"identifier":"3978492","top":-1458.96875,"bottom":-558.78125,"right":446,"left":16,"width":430,"height":900.1875},"answers":[{"identifier":"20547803","top":-478.5,"bottom":1236.625,"right":446,"left":16,"width":430,"height":1715.125},{"identifier":"21514254","top":1236.625,"bottom":2072.375,"right":446,"left":16,"width":430,"height":835.75},{"identifier":"31251089","top":2072.375,"bottom":2887.625,"right":446,"left":16,"width":430,"height":815.25},{"identifier":"23481165","top":2887.625,"bottom":3731.125,"right":446,"left":16,"width":430,"height":843.5},{"identifier":"52929821","top":3731.125,"bottom":5887.734375,"right":446,"left":16,"width":430,"height":2156.609375},{"identifier":"39873377","top":5887.734375,"bottom":6498.171875,"right":446,"left":16,"width":430,"height":610.4375},{"identifier":"3978716","top":6498.171875,"bottom":7003.234375,"right":446,"left":16,"width":430,"height":505.0625},{"identifier":"37503916","top":7003.234375,"bottom":7750.734375,"right":446,"left":16,"width":430,"height":747.5},{"identifier":"66174157","top":7750.734375,"bottom":8659.109375,"right":446,"left":16,"width":430,"height":908.375},{"identifier":"3978577","top":8659.109375,"bottom":9690.796875,"right":446,"left":16,"width":430,"height":1031.6875},{"identifier":"47843872","top":9690.796875,"bottom":10544.59375,"right":446,"left":16,"width":430,"height":853.796875},{"identifier":"32253674","top":10544.59375,"bottom":11354.90625,"right":446,"left":16,"width":430,"height":810.3125},{"identifier":"57709573","top":11354.90625,"bottom":13006.15625,"right":446,"left":16,"width":430,"height":1651.25},{"identifier":"3978606","top":13006.15625,"bottom":14187.984375,"right":446,"left":16,"width":430,"height":1181.828125},{"identifier":"23342513","top":14187.984375,"bottom":14869.796875,"right":446,"left":16,"width":430,"height":681.8125},{"identifier":"34924599","top":14869.796875,"bottom":15361.796875,"right":446,"left":16,"width":430,"height":492},{"identifier":"33774224","top":15361.796875,"bottom":16608.421875,"right":446,"left":16,"width":430,"height":1246.625},{"identifier":"61818827","top":16608.421875,"bottom":17092.984375,"right":446,"left":16,"width":430,"height":484.5625},{"identifier":"68053929","top":17092.984375,"bottom":17961.484375,"right":446,"left":16,"width":430,"height":868.5},{"identifier":"45703365","top":17961.484375,"bottom":18269.234375,"right":446,"left":16,"width":430,"height":307.75},{"identifier":"56498992","top":18269.234375,"bottom":19232.296875,"right":446,"left":16,"width":430,"height":963.0625},{"identifier":"59485360","top":19232.296875,"bottom":19677.859375,"right":446,"left":16,"width":430,"height":445.5625},{"identifier":"60686878","top":19677.859375,"bottom":20020.421875,"right":446,"left":16,"width":430,"height":342.5625},{"identifier":"63587384","top":20020.421875,"bottom":20600.171875,"right":446,"left":16,"width":430,"height":579.75},{"identifier":"72240810","top":20600.171875,"bottom":21018.234375,"right":446,"left":16,"width":430,"height":418.0625}]}},{"timestamp":"2022-10-25T23:02:38.399Z","url":"https://stackoverflow.com/questions/3978492/fastest-way-to-duplicate-an-array-in-javascript-slice-vs-for-loop","component":"page","action":"scroll","data":{"viewport":{"x":0,"y":2700,"height":820,"width":479},"document":{"height":24700,"width":462},"question":{"identifier":"3978492","top":-2558.96875,"bottom":-1658.78125,"right":446,"left":16,"width":430,"height":900.1875},"answers":[{"identifier":"20547803","top":-1578.5,"bottom":136.625,"right":446,"left":16,"width":430,"height":1715.125},{"identifier":"21514254","top":136.625,"bottom":972.375,"right":446,"left":16,"width":430,"height":835.75},{"identifier":"31251089","top":972.375,"bottom":1787.625,"right":446,"left":16,"width":430,"height":815.25},{"identifier":"23481165","top":1787.625,"bottom":2631.125,"right":446,"left":16,"width":430,"height":843.5},{"identifier":"52929821","top":2631.125,"bottom":4787.734375,"right":446,"left":16,"width":430,"height":2156.609375},{"identifier":"39873377","top":4787.734375,"bottom":5398.171875,"right":446,"left":16,"width":430,"height":610.4375},{"identifier":"3978716","top":5398.171875,"bottom":5903.234375,"right":446,"left":16,"width":430,"height":505.0625},{"identifier":"37503916","top":5903.234375,"bottom":6650.734375,"right":446,"left":16,"width":430,"height":747.5},{"identifier":"66174157","top":6650.734375,"bottom":7559.109375,"right":446,"left":16,"width":430,"height":908.375},{"identifier":"3978577","top":7559.109375,"bottom":8590.796875,"right":446,"left":16,"width":430,"height":1031.6875},{"identifier":"47843872","top":8590.796875,"bottom":9444.59375,"right":446,"left":16,"width":430,"height":853.796875},{"identifier":"32253674","top":9444.59375,"bottom":10254.90625,"right":446,"left":16,"width":430,"height":810.3125},{"identifier":"57709573","top":10254.90625,"bottom":11906.15625,"right":446,"left":16,"width":430,"height":1651.25},{"identifier":"3978606","top":11906.15625,"bottom":13087.984375,"right":446,"left":16,"width":430,"height":1181.828125},{"identifier":"23342513","top":13087.984375,"bottom":13769.796875,"right":446,"left":16,"width":430,"height":681.8125},{"identifier":"34924599","top":13769.796875,"bottom":14261.796875,"right":446,"left":16,"width":430,"height":492},{"identifier":"33774224","top":14261.796875,"bottom":15508.421875,"right":446,"left":16,"width":430,"height":1246.625},{"identifier":"61818827","top":15508.421875,"bottom":15992.984375,"right":446,"left":16,"width":430,"height":484.5625},{"identifier":"68053929","top":15992.984375,"bottom":16861.484375,"right":446,"left":16,"width":430,"height":868.5},{"identifier":"45703365","top":16861.484375,"bottom":17169.234375,"right":446,"left":16,"width":430,"height":307.75},{"identifier":"56498992","top":17169.234375,"bottom":18132.296875,"right":446,"left":16,"width":430,"height":963.0625},{"identifier":"59485360","top":18132.296875,"bottom":18577.859375,"right":446,"left":16,"width":430,"height":445.5625},{"identifier":"60686878","top":18577.859375,"bottom":18920.421875,"right":446,"left":16,"width":430,"height":342.5625},{"identifier":"63587384","top":18920.421875,"bottom":19500.171875,"right":446,"left":16,"width":430,"height":579.75},{"identifier":"72240810","top":19500.171875,"bottom":19918.234375,"right":446,"left":16,"width":430,"height":418.0625}]}},{"timestamp":"2022-10-25T23:02:40.637Z","url":"https://stackoverflow.com/questions/3978492/fastest-way-to-duplicate-an-array-in-javascript-slice-vs-for-loop","component":"page","action":"scroll","data":{"viewport":{"x":0,"y":3300,"height":820,"width":479},"document":{"height":24700,"width":462},"question":{"identifier":"3978492","top":-3158.96875,"bottom":-2258.78125,"right":446,"left":16,"width":430,"height":900.1875},"answers":[{"identifier":"20547803","top":-2178.5,"bottom":-463.375,"right":446,"left":16,"width":430,"height":1715.125},{"identifier":"21514254","top":-463.375,"bottom":372.375,"right":446,"left":16,"width":430,"height":835.75},{"identifier":"31251089","top":372.375,"bottom":1187.625,"right":446,"left":16,"width":430,"height":815.25},{"identifier":"23481165","top":1187.625,"bottom":2031.125,"right":446,"left":16,"width":430,"height":843.5},{"identifier":"52929821","top":2031.125,"bottom":4187.734375,"right":446,"left":16,"width":430,"height":2156.609375},{"identifier":"39873377","top":4187.734375,"bottom":4798.171875,"right":446,"left":16,"width":430,"height":610.4375},{"identifier":"3978716","top":4798.171875,"bottom":5303.234375,"right":446,"left":16,"width":430,"height":505.0625},{"identifier":"37503916","top":5303.234375,"bottom":6050.734375,"right":446,"left":16,"width":430,"height":747.5},{"identifier":"66174157","top":6050.734375,"bottom":6959.109375,"right":446,"left":16,"width":430,"height":908.375},{"identifier":"3978577","top":6959.109375,"bottom":7990.796875,"right":446,"left":16,"width":430,"height":1031.6875},{"identifier":"47843872","top":7990.796875,"bottom":8844.59375,"right":446,"left":16,"width":430,"height":853.796875},{"identifier":"32253674","top":8844.59375,"bottom":9654.90625,"right":446,"left":16,"width":430,"height":810.3125},{"identifier":"57709573","top":9654.90625,"bottom":11306.15625,"right":446,"left":16,"width":430,"height":1651.25},{"identifier":"3978606","top":11306.15625,"bottom":12487.984375,"right":446,"left":16,"width":430,"height":1181.828125},{"identifier":"23342513","top":12487.984375,"bottom":13169.796875,"right":446,"left":16,"width":430,"height":681.8125},{"identifier":"34924599","top":13169.796875,"bottom":13661.796875,"right":446,"left":16,"width":430,"height":492},{"identifier":"33774224","top":13661.796875,"bottom":14908.421875,"right":446,"left":16,"width":430,"height":1246.625},{"identifier":"61818827","top":14908.421875,"bottom":15392.984375,"right":446,"left":16,"width":430,"height":484.5625},{"identifier":"68053929","top":15392.984375,"bottom":16261.484375,"right":446,"left":16,"width":430,"height":868.5},{"identifier":"45703365","top":16261.484375,"bottom":16569.234375,"right":446,"left":16,"width":430,"height":307.75},{"identifier":"56498992","top":16569.234375,"bottom":17532.296875,"right":446,"left":16,"width":430,"height":963.0625},{"identifier":"59485360","top":17532.296875,"bottom":17977.859375,"right":446,"left":16,"width":430,"height":445.5625},{"identifier":"60686878","top":17977.859375,"bottom":18320.421875,"right":446,"left":16,"width":430,"height":342.5625},{"identifier":"63587384","top":18320.421875,"bottom":18900.171875,"right":446,"left":16,"width":430,"height":579.75},{"identifier":"72240810","top":18900.171875,"bottom":19318.234375,"right":446,"left":16,"width":430,"height":418.0625}]}},{"timestamp":"2022-10-25T23:02:41.385Z","url":"https://stackoverflow.com/questions/3978492/fastest-way-to-duplicate-an-array-in-javascript-slice-vs-for-loop","component":"page","action":"scroll","data":{"viewport":{"x":0,"y":3500,"height":820,"width":479},"document":{"height":24700,"width":462},"question":{"identifier":"3978492","top":-3358.96875,"bottom":-2458.78125,"right":446,"left":16,"width":430,"height":900.1875},"answers":[{"identifier":"20547803","top":-2378.5,"bottom":-663.375,"right":446,"left":16,"width":430,"height":1715.125},{"identifier":"21514254","top":-663.375,"bottom":172.375,"right":446,"left":16,"width":430,"height":835.75},{"identifier":"31251089","top":172.375,"bottom":987.625,"right":446,"left":16,"width":430,"height":815.25},{"identifier":"23481165","top":987.625,"bottom":1831.125,"right":446,"left":16,"width":430,"height":843.5},{"identifier":"52929821","top":1831.125,"bottom":3987.734375,"right":446,"left":16,"width":430,"height":2156.609375},{"identifier":"39873377","top":3987.734375,"bottom":4598.171875,"right":446,"left":16,"width":430,"height":610.4375},{"identifier":"3978716","top":4598.171875,"bottom":5103.234375,"right":446,"left":16,"width":430,"height":505.0625},{"identifier":"37503916","top":5103.234375,"bottom":5850.734375,"right":446,"left":16,"width":430,"height":747.5},{"identifier":"66174157","top":5850.734375,"bottom":6759.109375,"right":446,"left":16,"width":430,"height":908.375},{"identifier":"3978577","top":6759.109375,"bottom":7790.796875,"right":446,"left":16,"width":430,"height":1031.6875},{"identifier":"47843872","top":7790.796875,"bottom":8644.59375,"right":446,"left":16,"width":430,"height":853.796875},{"identifier":"32253674","top":8644.59375,"bottom":9454.90625,"right":446,"left":16,"width":430,"height":810.3125},{"identifier":"57709573","top":9454.90625,"bottom":11106.15625,"right":446,"left":16,"width":430,"height":1651.25},{"identifier":"3978606","top":11106.15625,"bottom":12287.984375,"right":446,"left":16,"width":430,"height":1181.828125},{"identifier":"23342513","top":12287.984375,"bottom":12969.796875,"right":446,"left":16,"width":430,"height":681.8125},{"identifier":"34924599","top":12969.796875,"bottom":13461.796875,"right":446,"left":16,"width":430,"height":492},{"identifier":"33774224","top":13461.796875,"bottom":14708.421875,"right":446,"left":16,"width":430,"height":1246.625},{"identifier":"61818827","top":14708.421875,"bottom":15192.984375,"right":446,"left":16,"width":430,"height":484.5625},{"identifier":"68053929","top":15192.984375,"bottom":16061.484375,"right":446,"left":16,"width":430,"height":868.5},{"identifier":"45703365","top":16061.484375,"bottom":16369.234375,"right":446,"left":16,"width":430,"height":307.75},{"identifier":"56498992","top":16369.234375,"bottom":17332.296875,"right":446,"left":16,"width":430,"height":963.0625},{"identifier":"59485360","top":17332.296875,"bottom":17777.859375,"right":446,"left":16,"width":430,"height":445.5625},{"identifier":"60686878","top":17777.859375,"bottom":18120.421875,"right":446,"left":16,"width":430,"height":342.5625},{"identifier":"63587384","top":18120.421875,"bottom":18700.171875,"right":446,"left":16,"width":430,"height":579.75},{"identifier":"72240810","top":18700.171875,"bottom":19118.234375,"right":446,"left":16,"width":430,"height":418.0625}]}}]}]}