{"numFailedTestSuites":1,"numFailedTests":0,"numPassedTestSuites":0,"numPassedTests":0,"numPendingTestSuites":0,"numPendingTests":0,"numRuntimeErrorTestSuites":1,"numTodoTests":0,"numTotalTestSuites":1,"numTotalTests":0,"openHandles":[],"snapshot":{"added":0,"didUpdate":false,"failure":false,"filesAdded":0,"filesRemoved":0,"filesRemovedList":[],"filesUnmatched":0,"filesUpdated":0,"matched":0,"total":0,"unchecked":0,"uncheckedKeysByFile":[],"unmatched":0,"updated":0},"startTime":1666740023671,"success":false,"testResults":[{"assertionResults":[],"coverage":{},"endTime":1666740024238,"message":"  \u001b[1m● \u001b[22mTest suite failed to run\n\n    TypeError: Object prototype may only be an Object or null: /src/public/\n        at Function.create (<anonymous>)\n\n    \u001b[0m \u001b[90m 12 |\u001b[39m     \u001b[90m// TODO: Add a '/static' route which serves files from\u001b[39m\u001b[0m\n    \u001b[0m \u001b[90m 13 |\u001b[39m     \u001b[90m// src/public/\u001b[39m\u001b[0m\n    \u001b[0m\u001b[31m\u001b[1m>\u001b[22m\u001b[39m\u001b[90m 14 |\u001b[39m     app\u001b[33m.\u001b[39muse(\u001b[32m'/static'\u001b[39m\u001b[33m,\u001b[39m express\u001b[33m.\u001b[39m\u001b[36mstatic\u001b[39m(__dirname\u001b[33m,\u001b[39m \u001b[32m'/src/public/'\u001b[39m))\u001b[33m;\u001b[39m\u001b[0m\n    \u001b[0m \u001b[90m    |\u001b[39m                                \u001b[31m\u001b[1m^\u001b[22m\u001b[39m\u001b[0m\n    \u001b[0m \u001b[90m 15 |\u001b[39m }\u001b[0m\n    \u001b[0m \u001b[90m 16 |\u001b[39m\u001b[0m\n    \u001b[0m \u001b[90m 17 |\u001b[39m setup()\u001b[33m;\u001b[39m\u001b[0m\n\n      \u001b[2mat Function.static (\u001b[22mnode_modules/serve-static/index.js\u001b[2m:48:21)\u001b[22m\n      \u001b[2mat setup (\u001b[22msrc/serve.js\u001b[2m:14:32)\u001b[22m\n      \u001b[2mat Object.<anonymous> (\u001b[22msrc/serve.js\u001b[2m:17:1)\u001b[22m\n      \u001b[2mat Object.<anonymous> (\u001b[22m\u001b[0m\u001b[36mtest/serve.test.js\u001b[39m\u001b[0m\u001b[2m:2:1)\u001b[22m\n","name":"/workspaces/99907_4/test/serve.test.js","startTime":1666740024238,"status":"failed","summary":""}],"wasInterrupted":false}