{"id":"99907_4","conditions":[{"taskId":4,"taskName":"sort","enableFragments":false,"enableContext":true,"showContext":false,"provideSearchTerms":true,"sequence":3},{"taskId":3,"taskName":"clone","enableFragments":false,"enableContext":true,"showContext":false,"provideSearchTerms":true,"sequence":4},{"taskId":2,"taskName":"find","enableFragments":true,"enableContext":true,"showContext":true,"provideSearchTerms":true,"sequence":5},{"taskId":1,"taskName":"currency","enableFragments":true,"enableContext":true,"showContext":true,"provideSearchTerms":true,"sequence":6},{"taskId":5,"taskName":"recent","enableFragments":true,"enableContext":true,"showContext":true,"provideSearchTerms":false,"sequence":7},{"taskId":6,"taskName":"serve","enableFragments":false,"enableContext":false,"showContext":false,"provideSearchTerms":false,"sequence":8}],"activeTaskId":"serve","tasks":[{"id":"pre-study"},{"enableFragments":true,"enableContext":true,"showContext":true,"provideSearchTerms":true,"contextOverride":[{"source":"src/tutorial.js","name":"sumTradedShares","position":{"start":397,"end":545},"variables":[],"parameters":[{"source":"src/tutorial.js","name":"trades","position":{"start":429,"end":435},"type":{"name":"Trade[]"}}],"returnType":"number"}],"id":"tutorial","startTime":"2022-10-25T22:48:21.170Z","duration":395115,"timer":{"startTime":"2022-10-25T22:50:21.079Z","endTime":"2022-10-25T22:54:56.850Z"},"endTime":"2022-10-25T22:54:56.850Z"},{"enableFragments":true,"enableContext":true,"showContext":true,"contextOverride":[{"source":"src/currency.js","name":"printCurrency","position":{"start":593,"end":782},"variables":[],"parameters":[{"source":"src/currency.js","name":"amount","position":{"start":623,"end":629},"type":{"name":"number"}},{"source":"src/currency.js","name":"locale","position":{"start":631,"end":637},"type":{"name":"string"}},{"source":"src/currency.js","name":"currency","position":{"start":639,"end":647},"type":{"name":"string"}}],"returnType":"string"}],"provideSearchTerms":true,"searchTerms":"format currency","id":"currency","startTime":"2022-10-25T23:06:50.715Z","timer":{"startTime":"2022-10-25T23:06:50.715Z","endTime":"2022-10-25T23:09:03.445Z"},"duration":132198,"data":{"Q1":"5","Q2":"","Q3":"","Q4":""},"endTime":"2022-10-25T23:09:07.042Z"},{"enableFragments":true,"enableContext":true,"showContext":true,"contextOverride":[{"source":"src/find.js","name":"getTradeById","position":{"start":286,"end":506},"variables":[],"parameters":[{"source":"src/find.js","name":"trades","position":{"start":315,"end":321},"type":{"name":"Trade[]"}},{"source":"src/find.js","name":"id","position":{"start":323,"end":325},"type":{"name":"number"}}],"returnType":"Trade"}],"provideSearchTerms":true,"searchTerms":"find item in array by value","id":"find","startTime":"2022-10-25T23:03:15.967Z","timer":{"startTime":"2022-10-25T23:03:15.967Z","endTime":"2022-10-25T23:05:09.438Z"},"duration":113140,"data":{"Q1":"5","Q2":"Good that it extracts the code out, that's very handy. Confused on what the Usage vs Code does...","Q3":"","Q4":""},"endTime":"2022-10-25T23:06:43.760Z"},{"enableFragments":false,"enableContext":true,"showContext":false,"contextOverride":[{"source":"src/clone.js","name":"cloneTradeLedger","position":{"start":239,"end":406},"variables":[],"parameters":[{"source":"src/clone.js","name":"trades","position":{"start":272,"end":278},"type":{"name":"Trade[]"}}],"returnType":"Trade[]"}],"provideSearchTerms":true,"searchTerms":"clone array","id":"clone","startTime":"2022-10-25T22:59:32.149Z","timer":{"startTime":"2022-10-25T22:59:32.149Z","endTime":"2022-10-25T23:02:58.122Z"},"duration":205183,"data":{"Q1":"5","Q2":"","Q3":"","Q4":""},"endTime":"2022-10-25T23:03:09.300Z"},{"enableFragments":false,"enableContext":true,"showContext":false,"contextOverride":[{"source":"src/sort.js","name":"sortTradesByShareCount","position":{"start":285,"end":524},"variables":[],"parameters":[{"source":"src/sort.js","name":"trades","position":{"start":324,"end":330},"type":{"name":"Trade[]"}}],"returnType":"Trade[]"}],"provideSearchTerms":true,"searchTerms":"sort array of objects descending","id":"sort","startTime":"2022-10-25T22:55:01.319Z","timer":{"startTime":"2022-10-25T22:55:01.319Z","endTime":"2022-10-25T22:57:59.388Z"},"duration":177133,"data":{"Q1":"4","Q2":"For this task it was just stackoverflow in a window in the IDE.","Q3":"No it was good","Q4":""},"endTime":"2022-10-25T22:59:25.515Z"},{"enableFragments":true,"enableContext":true,"showContext":true,"contextOverride":[{"source":"src/recent.js","name":"moment","position":{"start":7,"end":13},"module":{"name":"moment","position":{"start":19,"end":27}},"references":[{"start":485,"end":491},{"start":753,"end":759},{"start":836,"end":842}]},{"source":"src/recent.js","name":"moment","position":{"start":485,"end":503},"variables":[],"arguments":[{"source":"src/recent.js","name":"","type":"Date","value":"new Date()","position":{"start":492,"end":502}}],"returnType":"any"},{"source":"src/recent.js","name":"moment","position":{"start":753,"end":768},"variables":[],"arguments":[{"source":"src/recent.js","name":"","type":"any","value":"endDate","position":{"start":760,"end":767}}],"returnType":"any"},{"source":"src/recent.js","name":"moment","position":{"start":836,"end":854},"variables":[],"arguments":[{"source":"src/recent.js","name":"","type":"any","value":"trade.date","position":{"start":843,"end":853}}],"returnType":"any"},{"source":"src/recent.js","name":"getPastTradesFrom","position":{"start":400,"end":938},"variables":[{"source":"src/recent.js","name":"endDate","position":{"start":475,"end":503},"type":{"name":"any"}},{"source":"src/recent.js","name":"startDate","position":{"start":741,"end":768},"type":{"name":"any"}}],"parameters":[{"source":"src/recent.js","name":"trades","position":{"start":434,"end":440},"type":{"name":"Trade[]"}},{"source":"src/recent.js","name":"from","position":{"start":442,"end":446},"type":{"name":"number"}},{"source":"src/recent.js","name":"unit","position":{"start":448,"end":461},"type":{"name":"string"}}],"returnType":"Trade[]"}],"provideSearchTerms":false,"searchTerms":"","id":"recent","startTime":"2022-10-25T23:09:16.696Z","timer":{"startTime":"2022-10-25T23:09:16.696Z","endTime":"2022-10-25T23:16:24.915Z"},"duration":419550,"data":{"Q1":"5","Q2":"The search bar deletes some of my text the first time I use it.","Q3":"","Q4":""},"endTime":"2022-10-25T23:16:44.987Z"},{"enableFragments":false,"enableContext":false,"showContext":false,"contextOverride":[],"provideSearchTerms":false,"searchTerms":"","id":"serve","startTime":"2022-10-25T23:16:52.372Z","timer":{"startTime":"2022-10-25T23:16:52.372Z","endTime":"2022-10-25T23:23:56.677Z"},"duration":419335,"data":{"Q1":"2","Q2":"Didn't get any search previews","Q3":"","Q4":""},"endTime":"2022-10-25T23:24:17.428Z"},{"id":"post-study"}],"activations":["2022-10-25T22:46:55.167Z"]}