{"trialId":"27362_3","taskId":"tutorial","appEvents":[{"timestamp":"2022-11-25T23:03:55.536Z","name":"search","data":"search-start"},{"timestamp":"2022-11-25T23:04:00.900Z","name":"search","data":"search-done"},{"timestamp":"2022-11-25T23:06:03.148Z","name":"resize","data":{"height":0,"width":0}}],"searches":[{"keywords":["sum","object","property","array"],"context":{"tokens":[{"kind":"language","value":"javascript"}]},"timestamp":"2022-11-25T23:03:55.532Z","results":[{"signatures":[{"answerKeywords":["array","array","array","sum","object","object","array"],"answerWordCount":2397,"text":"T[].reduce(function): T","parentType":"T[]","name":"reduce","arguments":[{"name":"callbackfn:(previousValue:T,currentValue:T,currentIndex:number,array:T[])=>T","type":"(previousValue: T, currentValue: T, currentIndex: number, array: T[]) => T"}],"returnType":"T","usage":"var val = array.reduce(function(previousValue, currentValue) {\n  return {\n    adults: previousValue.adults + currentValue.adults,\n    children: previousValue.children + currentValue.children\n  }\n});","definition":"var array = [{\n  \"adults\": 2,\n  \"children\": 3\n}, {\n  \"adults\": 2,\n  \"children\": 1\n}];","source":"var array = [{\n  \"adults\": 2,\n  \"children\": 3\n}, {\n  \"adults\": 2,\n  \"children\": 1\n}];\n\nvar val = array.reduce(function(previousValue, currentValue) {\n  return {\n    adults: previousValue.adults + currentValue.adults,\n    children: previousValue.children + currentValue.children\n  }\n});\nconsole.log(val);","answerId":"35480841","answerUrl":"https://stackoverflow.com/a/35480841","voteCount":31,"isAccepted":false,"lastModified":"2019-07-23T07:21:10.000Z"},{"answerKeywords":["array","array"],"answerWordCount":848,"text":"T[].reduce(function, U): U","parentType":"T[]","name":"reduce","arguments":[{"name":"callbackfn:(previousValue:U,currentValue:T,currentIndex:number,array:T[])=>U","type":"(previousValue: U, currentValue: T, currentIndex: number, array: T[]) => U"},{"name":"initialValue:U","type":"U"}],"returnType":"U","usage":"var totalChild = array.reduce((accum,item) => accum + item.children, 0)","definition":"var array = [{\"adults\":2,\"children\":3},{\"adults\":2,\"children\":1}];","source":" \n\nvar array = [{\"adults\":2,\"children\":3},{\"adults\":2,\"children\":1}];\n\nvar totalChild = array.reduce((accum,item) => accum + item.children, 0)\n\nconsole.log(totalChild) //output 4","answerId":"59730051","answerUrl":"https://stackoverflow.com/a/59730051","voteCount":24,"isAccepted":false,"lastModified":"2022-01-27T11:37:17.000Z"},{"answerKeywords":["property","sum","sum"],"answerWordCount":1004,"text":"reduce(function, number)","name":"reduce","arguments":[{"type":"(acc: any, curr: any) => any"},{"type":"number"}],"returnType":"any","usage":"reduce((acc, curr) => acc + curr.property, 0)","definition":"","source":".reduce((acc, curr) => acc + curr.property, 0)\n\narr = [{x:1, y:-1}, {x:2, y:-2}, {x:3, y:-3}];\n\nx_sum = arr.reduce((acc, curr) => acc + curr.x, 0); // 6\ny_sum = arr.reduce((acc, curr) => acc + curr.y, 0); // -6\n","answerId":"60381611","answerUrl":"https://stackoverflow.com/a/60381611","voteCount":7,"isAccepted":false,"lastModified":"2020-02-24T18:04:11.000Z"},{"answerKeywords":["property","sum","sum"],"answerWordCount":1004,"text":"reduce(function, number)","parentType":"any","name":"reduce","arguments":[{"type":"(acc: any, curr: any) => any"},{"type":"number"}],"returnType":"any","usage":"arr.reduce((acc, curr) => acc + curr.x, 0)","definition":"","source":".reduce((acc, curr) => acc + curr.property, 0)\n\narr = [{x:1, y:-1}, {x:2, y:-2}, {x:3, y:-3}];\n\nx_sum = arr.reduce((acc, curr) => acc + curr.x, 0); // 6\ny_sum = arr.reduce((acc, curr) => acc + curr.y, 0); // -6\n","answerId":"60381611","answerUrl":"https://stackoverflow.com/a/60381611","voteCount":7,"isAccepted":false,"lastModified":"2020-02-24T18:04:11.000Z"},{"answerKeywords":["property","sum","sum"],"answerWordCount":1004,"text":"reduce(function, number)","parentType":"any","name":"reduce","arguments":[{"type":"(acc: any, curr: any) => any"},{"type":"number"}],"returnType":"any","usage":"arr.reduce((acc, curr) => acc + curr.y, 0)","definition":"","source":".reduce((acc, curr) => acc + curr.property, 0)\n\narr = [{x:1, y:-1}, {x:2, y:-2}, {x:3, y:-3}];\n\nx_sum = arr.reduce((acc, curr) => acc + curr.x, 0); // 6\ny_sum = arr.reduce((acc, curr) => acc + curr.y, 0); // -6\n","answerId":"60381611","answerUrl":"https://stackoverflow.com/a/60381611","voteCount":7,"isAccepted":false,"lastModified":"2020-02-24T18:04:11.000Z"},{"answerKeywords":["array","property","property","property","array","array","array","array","array"],"answerWordCount":836,"text":"count(object[], string)","parentType":"any","name":"count","arguments":[{"name":"array","type":"{ adults: number; children: number; }[]"},{"name":"key","type":"string"}],"returnType":"any","usage":"var array = [{ \"adults\": 2, \"children\": 3 }, { \"adults\": 2, \"children\": 2 }],\n    adults = count(array, 'adults'),\n    children = count(array, 'children');","definition":"function count(array, key) {\n    return array.reduce(function (r, a) {\n        return r + a[key];\n    }, 0);\n}","source":"function count(array, key) {\n    return array.reduce(function (r, a) {\n        return r + a[key];\n    }, 0);\n}\n\nvar array = [{ \"adults\": 2, \"children\": 3 }, { \"adults\": 2, \"children\": 2 }],\n    adults = count(array, 'adults'),\n    children = count(array, 'children');\n\ndocument.write('Adults: ' + adults + '<br>');\ndocument.write('Children: ' + children + '<br>');","answerId":"35480989","answerUrl":"https://stackoverflow.com/a/35480989","voteCount":2,"isAccepted":false,"lastModified":"2016-02-18T12:03:51.000Z"},{"answerKeywords":["array","property","property","property","array","array","array","array","array"],"answerWordCount":836,"text":"count(object[], string)","parentType":"any","name":"count","arguments":[{"name":"array","type":"{ adults: number; children: number; }[]"},{"name":"key","type":"string"}],"returnType":"any","usage":"var array = [{ \"adults\": 2, \"children\": 3 }, { \"adults\": 2, \"children\": 2 }],\n    adults = count(array, 'adults'),\n    children = count(array, 'children');","definition":"function count(array, key) {\n    return array.reduce(function (r, a) {\n        return r + a[key];\n    }, 0);\n}","source":"function count(array, key) {\n    return array.reduce(function (r, a) {\n        return r + a[key];\n    }, 0);\n}\n\nvar array = [{ \"adults\": 2, \"children\": 3 }, { \"adults\": 2, \"children\": 2 }],\n    adults = count(array, 'adults'),\n    children = count(array, 'children');\n\ndocument.write('Adults: ' + adults + '<br>');\ndocument.write('Children: ' + children + '<br>');","answerId":"35480989","answerUrl":"https://stackoverflow.com/a/35480989","voteCount":2,"isAccepted":false,"lastModified":"2016-02-18T12:03:51.000Z"},{"answerKeywords":["array","property","property","property","array","array","array","array","array"],"answerWordCount":836,"text":"Document.write(string[]): void","parentType":"Document","name":"write","arguments":[{"name":"...text:string[]","type":"string[]"}],"returnType":"void","usage":"document.write('Adults: ' + adults + '<br>')","definition":"declare var document:Document;","source":"function count(array, key) {\n    return array.reduce(function (r, a) {\n        return r + a[key];\n    }, 0);\n}\n\nvar array = [{ \"adults\": 2, \"children\": 3 }, { \"adults\": 2, \"children\": 2 }],\n    adults = count(array, 'adults'),\n    children = count(array, 'children');\n\ndocument.write('Adults: ' + adults + '<br>');\ndocument.write('Children: ' + children + '<br>');","answerId":"35480989","answerUrl":"https://stackoverflow.com/a/35480989","voteCount":2,"isAccepted":false,"lastModified":"2016-02-18T12:03:51.000Z"},{"answerKeywords":["array","property","property","property","array","array","array","array","array"],"answerWordCount":836,"text":"Document.write(string[]): void","parentType":"Document","name":"write","arguments":[{"name":"...text:string[]","type":"string[]"}],"returnType":"void","usage":"document.write('Children: ' + children + '<br>')","definition":"declare var document:Document;","source":"function count(array, key) {\n    return array.reduce(function (r, a) {\n        return r + a[key];\n    }, 0);\n}\n\nvar array = [{ \"adults\": 2, \"children\": 3 }, { \"adults\": 2, \"children\": 2 }],\n    adults = count(array, 'adults'),\n    children = count(array, 'children');\n\ndocument.write('Adults: ' + adults + '<br>');\ndocument.write('Children: ' + children + '<br>');","answerId":"35480989","answerUrl":"https://stackoverflow.com/a/35480989","voteCount":2,"isAccepted":false,"lastModified":"2016-02-18T12:03:51.000Z"},{"answerKeywords":["array","sum","sum","sum","array","sum","array","sum"],"answerWordCount":743,"text":"T[].reduce(function): T","parentType":"T[]","name":"reduce","arguments":[{"name":"callbackfn:(previousValue:T,currentValue:T,currentIndex:number,array:T[])=>T","type":"(previousValue: T, currentValue: T, currentIndex: number, array: T[]) => T"}],"returnType":"T","usage":"var adultsCount = array.reduce( sumProps('adults'));","definition":"var array = [{\"adults\":2,\"children\":3},{\"adults\":2,\"children\":1}];","source":"var array = [{\"adults\":2,\"children\":3},{\"adults\":2,\"children\":1}];\nvar sumProps = prop => (sum, obj) => sum += obj[prop];\nvar adultsCount = array.reduce( sumProps('adults'));\nvar childrenCount = array.reduce( sumProps('children'));\n","answerId":"35480862","answerUrl":"https://stackoverflow.com/a/35480862","voteCount":1,"isAccepted":false,"lastModified":"2016-02-18T11:58:58.000Z"},{"answerKeywords":["array","sum","sum","sum","array","sum","array","sum"],"answerWordCount":743,"text":"function.sumProps(string): function","parentType":"(prop: any) => (sum: any, obj: any) => any","name":"sumProps","arguments":[{"name":"prop","type":"string"}],"returnType":"(sum: any, obj: any) => any","usage":"sumProps('adults')","definition":"var sumProps = prop => (sum, obj) => sum += obj[prop];","source":"var array = [{\"adults\":2,\"children\":3},{\"adults\":2,\"children\":1}];\nvar sumProps = prop => (sum, obj) => sum += obj[prop];\nvar adultsCount = array.reduce( sumProps('adults'));\nvar childrenCount = array.reduce( sumProps('children'));\n","answerId":"35480862","answerUrl":"https://stackoverflow.com/a/35480862","voteCount":1,"isAccepted":false,"lastModified":"2016-02-18T11:58:58.000Z"},{"answerKeywords":["array","sum","sum","sum","array","sum","array","sum"],"answerWordCount":743,"text":"T[].reduce(function): T","parentType":"T[]","name":"reduce","arguments":[{"name":"callbackfn:(previousValue:T,currentValue:T,currentIndex:number,array:T[])=>T","type":"(previousValue: T, currentValue: T, currentIndex: number, array: T[]) => T"}],"returnType":"T","usage":"var childrenCount = array.reduce( sumProps('children'));","definition":"var array = [{\"adults\":2,\"children\":3},{\"adults\":2,\"children\":1}];","source":"var array = [{\"adults\":2,\"children\":3},{\"adults\":2,\"children\":1}];\nvar sumProps = prop => (sum, obj) => sum += obj[prop];\nvar adultsCount = array.reduce( sumProps('adults'));\nvar childrenCount = array.reduce( sumProps('children'));\n","answerId":"35480862","answerUrl":"https://stackoverflow.com/a/35480862","voteCount":1,"isAccepted":false,"lastModified":"2016-02-18T11:58:58.000Z"},{"answerKeywords":["array","sum","sum","sum","array","sum","array","sum"],"answerWordCount":743,"text":"function.sumProps(string): function","parentType":"(prop: any) => (sum: any, obj: any) => any","name":"sumProps","arguments":[{"name":"prop","type":"string"}],"returnType":"(sum: any, obj: any) => any","usage":"sumProps('children')","definition":"var sumProps = prop => (sum, obj) => sum += obj[prop];","source":"var array = [{\"adults\":2,\"children\":3},{\"adults\":2,\"children\":1}];\nvar sumProps = prop => (sum, obj) => sum += obj[prop];\nvar adultsCount = array.reduce( sumProps('adults'));\nvar childrenCount = array.reduce( sumProps('children'));\n","answerId":"35480862","answerUrl":"https://stackoverflow.com/a/35480862","voteCount":1,"isAccepted":false,"lastModified":"2016-02-18T11:58:58.000Z"},{"answerKeywords":["sum","array","sum","sum","array","sum","sum","sum","sum"],"answerWordCount":758,"text":"T[].forEach(function): void","parentType":"T[]","name":"forEach","arguments":[{"name":"callbackfn:(value:T,index:number,array:T[])=>void","type":"(value: T, index: number, array: T[]) => void"}],"returnType":"void","usage":"array.forEach(function(obj){\n    adults_sum += obj[\"adults\"];\n    children_sum += obj[\"children\"];\n})","definition":"var array = [{\"adults\":2,\"children\":3},{\"adults\":2,\"children\":1}];","source":"var array = [{\"adults\":2,\"children\":3},{\"adults\":2,\"children\":1}];\nvar adults_sum = 0, children_sum = 0;\n\narray.forEach(function(obj){\n    adults_sum += obj[\"adults\"];\n    children_sum += obj[\"children\"];\n});\n\nconsole.log(adults_sum, children_sum); // 4 4\n","answerId":"35481022","answerUrl":"https://stackoverflow.com/a/35481022","voteCount":0,"isAccepted":false,"lastModified":"2016-02-18T12:05:17.000Z"},{"answerKeywords":["array","sum","sum","sum"],"answerWordCount":879,"text":"reduce(function)","parentType":"any","name":"reduce","arguments":[{"type":"(sum: any, tuple: any) => { adults: any; children: any; }"}],"returnType":"any","usage":"var val = array.reduce(function (sum, tuple) {\n    return { adults: sum.adults + tuple.adults,\n             children: sum.children + tuple.children };\n});","definition":"","source":"var val = array.reduce(function (sum, tuple) {\n    return { adults: sum.adults + tuple.adults,\n             children: sum.children + tuple.children };\n});\n","answerId":"35480887","answerUrl":"https://stackoverflow.com/a/35480887","voteCount":0,"isAccepted":false,"lastModified":"2016-02-18T12:10:02.000Z"}],"areSignaturesLoading":false,"title":"Sum values of objects in array - javascript - Stack Overflow","url":"https://stackoverflow.com/questions/35480773/sum-values-of-objects-in-array","displayLink":"https://stackoverflow.com › questions › sum-values-of-...","snippet":"The key feature of the function is the Array#reduce methode and a property which returns the actual count calue and the actual property value. Show activity on ...","snippetHighlightWords":["Array","property","property value"]},{"signatures":[{"answerKeywords":["array","sum","array","sum","sum","sum","sum","object","array"],"answerWordCount":1895,"text":"function.sum(unknown, string)","parentType":"(items: any, prop: any) => any","name":"sum","arguments":[{"name":"items","type":"any"},{"name":"prop","type":"string"}],"returnType":"any","usage":"$scope.sum($scope.traveler, 'Amount')","definition":"$scope","source":"$scope.sum = function(items, prop){\n    return items.reduce( function(a, b){\n        return a + b[prop];\n    }, 0);\n};\n\n$scope.travelerTotal = $scope.sum($scope.traveler, 'Amount');\n","answerId":"23249575","answerUrl":"https://stackoverflow.com/a/23249575","voteCount":291,"isAccepted":false,"lastModified":"2014-04-23T16:03:56.000Z"},{"answerKeywords":["sum","sum","array","array","sum","array","array"],"answerWordCount":2118,"text":"T[].reduce(function): T","parentType":"T[]","name":"reduce","arguments":[{"name":"callbackfn:(previousValue:T,currentValue:T,currentIndex:number,array:T[])=>T","type":"(previousValue: T, currentValue: T, currentIndex: number, array: T[]) => T"}],"returnType":"T","usage":"traveler.map(amount).reduce(sum)","definition":"","source":"var traveler = [{description: 'Senior', Amount: 50},\n                {description: 'Senior', Amount: 50},\n                {description: 'Adult', Amount: 75},\n                {description: 'Child', Amount: 35},\n                {description: 'Infant', Amount: 25}];\n\nfunction amount(item){\n  return item.Amount;\n}\n\nfunction sum(prev, next){\n  return prev + next;\n}\n\ntraveler.map(amount).reduce(sum);\n// => 235;\n\n// or use arrow functions\ntraveler.map(item => item.Amount).reduce((prev, next) => prev + next);\n\n// Example of reuse.\n// Get only Amounts greater than 0;\n\n// Also, while using Javascript, stick with camelCase.\n// If you do decide to go against the standards, \n// then maintain your decision with all keys as in...\n\n// { description: 'Senior', Amount: 50 }\n\n// would be\n\n// { Description: 'Senior', Amount: 50 };\n\nvar travelers = [{description: 'Senior', amount: 50},\n                {description: 'Senior', amount: 50},\n                {description: 'Adult', amount: 75},\n                {description: 'Child', amount: 35},\n                {description: 'Infant', amount: 0 }];\n\n// Directly above Travelers array I changed \"Amount\" to \"amount\" to match standards.\n\nfunction amount(item){\n  return item.amount;\n}\n\ntravelers.filter(amount);\n// => [{description: 'Senior', amount: 50},\n//     {description: 'Senior', amount: 50},\n//     {description: 'Adult', amount: 75},\n//     {description: 'Child', amount: 35}];\n//     Does not include \"Infant\" as 0 is falsey.\n","answerId":"43281805","answerUrl":"https://stackoverflow.com/a/43281805","voteCount":207,"isAccepted":false,"lastModified":"2019-12-09T15:43:11.000Z"},{"answerKeywords":["sum","sum","array","array","sum","array","array"],"answerWordCount":2118,"text":"T[].map(function): U[]","parentType":"T[]","name":"map","arguments":[{"name":"callbackfn:(value:T,index:number,array:T[])=>U","type":"(value: T, index: number, array: T[]) => U"}],"returnType":"U[]","usage":"traveler.map(amount)","definition":"var traveler = [{description: 'Senior', Amount: 50},\n                {description: 'Senior', Amount: 50},\n                {description: 'Adult', Amount: 75},\n                {description: 'Child', Amount: 35},\n                {description: 'Infant', Amount: 25}];","source":"var traveler = [{description: 'Senior', Amount: 50},\n                {description: 'Senior', Amount: 50},\n                {description: 'Adult', Amount: 75},\n                {description: 'Child', Amount: 35},\n                {description: 'Infant', Amount: 25}];\n\nfunction amount(item){\n  return item.Amount;\n}\n\nfunction sum(prev, next){\n  return prev + next;\n}\n\ntraveler.map(amount).reduce(sum);\n// => 235;\n\n// or use arrow functions\ntraveler.map(item => item.Amount).reduce((prev, next) => prev + next);\n\n// Example of reuse.\n// Get only Amounts greater than 0;\n\n// Also, while using Javascript, stick with camelCase.\n// If you do decide to go against the standards, \n// then maintain your decision with all keys as in...\n\n// { description: 'Senior', Amount: 50 }\n\n// would be\n\n// { Description: 'Senior', Amount: 50 };\n\nvar travelers = [{description: 'Senior', amount: 50},\n                {description: 'Senior', amount: 50},\n                {description: 'Adult', amount: 75},\n                {description: 'Child', amount: 35},\n                {description: 'Infant', amount: 0 }];\n\n// Directly above Travelers array I changed \"Amount\" to \"amount\" to match standards.\n\nfunction amount(item){\n  return item.amount;\n}\n\ntravelers.filter(amount);\n// => [{description: 'Senior', amount: 50},\n//     {description: 'Senior', amount: 50},\n//     {description: 'Adult', amount: 75},\n//     {description: 'Child', amount: 35}];\n//     Does not include \"Infant\" as 0 is falsey.\n","answerId":"43281805","answerUrl":"https://stackoverflow.com/a/43281805","voteCount":207,"isAccepted":false,"lastModified":"2019-12-09T15:43:11.000Z"},{"answerKeywords":["sum","sum","array","array","sum","array","array"],"answerWordCount":2118,"text":"T[].reduce(function): T","parentType":"T[]","name":"reduce","arguments":[{"name":"callbackfn:(previousValue:T,currentValue:T,currentIndex:number,array:T[])=>T","type":"(previousValue: T, currentValue: T, currentIndex: number, array: T[]) => T"}],"returnType":"T","usage":"traveler.map(item => item.Amount).reduce((prev, next) => prev + next)","definition":"","source":"var traveler = [{description: 'Senior', Amount: 50},\n                {description: 'Senior', Amount: 50},\n                {description: 'Adult', Amount: 75},\n                {description: 'Child', Amount: 35},\n                {description: 'Infant', Amount: 25}];\n\nfunction amount(item){\n  return item.Amount;\n}\n\nfunction sum(prev, next){\n  return prev + next;\n}\n\ntraveler.map(amount).reduce(sum);\n// => 235;\n\n// or use arrow functions\ntraveler.map(item => item.Amount).reduce((prev, next) => prev + next);\n\n// Example of reuse.\n// Get only Amounts greater than 0;\n\n// Also, while using Javascript, stick with camelCase.\n// If you do decide to go against the standards, \n// then maintain your decision with all keys as in...\n\n// { description: 'Senior', Amount: 50 }\n\n// would be\n\n// { Description: 'Senior', Amount: 50 };\n\nvar travelers = [{description: 'Senior', amount: 50},\n                {description: 'Senior', amount: 50},\n                {description: 'Adult', amount: 75},\n                {description: 'Child', amount: 35},\n                {description: 'Infant', amount: 0 }];\n\n// Directly above Travelers array I changed \"Amount\" to \"amount\" to match standards.\n\nfunction amount(item){\n  return item.amount;\n}\n\ntravelers.filter(amount);\n// => [{description: 'Senior', amount: 50},\n//     {description: 'Senior', amount: 50},\n//     {description: 'Adult', amount: 75},\n//     {description: 'Child', amount: 35}];\n//     Does not include \"Infant\" as 0 is falsey.\n","answerId":"43281805","answerUrl":"https://stackoverflow.com/a/43281805","voteCount":207,"isAccepted":false,"lastModified":"2019-12-09T15:43:11.000Z"},{"answerKeywords":["sum","sum","array","array","sum","array","array"],"answerWordCount":2118,"text":"T[].map(function): U[]","parentType":"T[]","name":"map","arguments":[{"name":"callbackfn:(value:T,index:number,array:T[])=>U","type":"(value: T, index: number, array: T[]) => U"}],"returnType":"U[]","usage":"traveler.map(item => item.Amount)","definition":"var traveler = [{description: 'Senior', Amount: 50},\n                {description: 'Senior', Amount: 50},\n                {description: 'Adult', Amount: 75},\n                {description: 'Child', Amount: 35},\n                {description: 'Infant', Amount: 25}];","source":"var traveler = [{description: 'Senior', Amount: 50},\n                {description: 'Senior', Amount: 50},\n                {description: 'Adult', Amount: 75},\n                {description: 'Child', Amount: 35},\n                {description: 'Infant', Amount: 25}];\n\nfunction amount(item){\n  return item.Amount;\n}\n\nfunction sum(prev, next){\n  return prev + next;\n}\n\ntraveler.map(amount).reduce(sum);\n// => 235;\n\n// or use arrow functions\ntraveler.map(item => item.Amount).reduce((prev, next) => prev + next);\n\n// Example of reuse.\n// Get only Amounts greater than 0;\n\n// Also, while using Javascript, stick with camelCase.\n// If you do decide to go against the standards, \n// then maintain your decision with all keys as in...\n\n// { description: 'Senior', Amount: 50 }\n\n// would be\n\n// { Description: 'Senior', Amount: 50 };\n\nvar travelers = [{description: 'Senior', amount: 50},\n                {description: 'Senior', amount: 50},\n                {description: 'Adult', amount: 75},\n                {description: 'Child', amount: 35},\n                {description: 'Infant', amount: 0 }];\n\n// Directly above Travelers array I changed \"Amount\" to \"amount\" to match standards.\n\nfunction amount(item){\n  return item.amount;\n}\n\ntravelers.filter(amount);\n// => [{description: 'Senior', amount: 50},\n//     {description: 'Senior', amount: 50},\n//     {description: 'Adult', amount: 75},\n//     {description: 'Child', amount: 35}];\n//     Does not include \"Infant\" as 0 is falsey.\n","answerId":"43281805","answerUrl":"https://stackoverflow.com/a/43281805","voteCount":207,"isAccepted":false,"lastModified":"2019-12-09T15:43:11.000Z"},{"answerKeywords":["sum","sum","array","array","sum","array","array"],"answerWordCount":2118,"text":"T[].filter(function): T[]","parentType":"T[]","name":"filter","arguments":[{"name":"predicate:(value:T,index:number,array:T[])=>unknown","type":"(value: T, index: number, array: T[]) => unknown"}],"returnType":"T[]","usage":"travelers.filter(amount)","definition":"var travelers = [{description: 'Senior', amount: 50},\n                {description: 'Senior', amount: 50},\n                {description: 'Adult', amount: 75},\n                {description: 'Child', amount: 35},\n                {description: 'Infant', amount: 0 }];","source":"var traveler = [{description: 'Senior', Amount: 50},\n                {description: 'Senior', Amount: 50},\n                {description: 'Adult', Amount: 75},\n                {description: 'Child', Amount: 35},\n                {description: 'Infant', Amount: 25}];\n\nfunction amount(item){\n  return item.Amount;\n}\n\nfunction sum(prev, next){\n  return prev + next;\n}\n\ntraveler.map(amount).reduce(sum);\n// => 235;\n\n// or use arrow functions\ntraveler.map(item => item.Amount).reduce((prev, next) => prev + next);\n\n// Example of reuse.\n// Get only Amounts greater than 0;\n\n// Also, while using Javascript, stick with camelCase.\n// If you do decide to go against the standards, \n// then maintain your decision with all keys as in...\n\n// { description: 'Senior', Amount: 50 }\n\n// would be\n\n// { Description: 'Senior', Amount: 50 };\n\nvar travelers = [{description: 'Senior', amount: 50},\n                {description: 'Senior', amount: 50},\n                {description: 'Adult', amount: 75},\n                {description: 'Child', amount: 35},\n                {description: 'Infant', amount: 0 }];\n\n// Directly above Travelers array I changed \"Amount\" to \"amount\" to match standards.\n\nfunction amount(item){\n  return item.amount;\n}\n\ntravelers.filter(amount);\n// => [{description: 'Senior', amount: 50},\n//     {description: 'Senior', amount: 50},\n//     {description: 'Adult', amount: 75},\n//     {description: 'Child', amount: 35}];\n//     Does not include \"Infant\" as 0 is falsey.\n","answerId":"43281805","answerUrl":"https://stackoverflow.com/a/43281805","voteCount":207,"isAccepted":false,"lastModified":"2019-12-09T15:43:11.000Z"},{"answerKeywords":["sum","sum","array","sum","sum","array","object","object","array"],"answerWordCount":1900,"text":"TravellerCollection.sum(string)","parentType":"TravellerCollection","name":"sum","arguments":[{"name":"key","type":"string"}],"returnType":"any","usage":"traveler.sum('Amount')","definition":"const traveler = new TravellerCollection(...[\n    {  description: 'Senior', Amount: 50},\n    {  description: 'Senior', Amount: 50},\n    {  description: 'Adult', Amount: 75},\n    {  description: 'Child', Amount: 35},\n    {  description: 'Infant', Amount: 25 },\n]);","source":"class TravellerCollection extends Array {\n    sum(key) {\n        return this.reduce((a, b) => a + (b[key] || 0), 0);\n    }\n}\nconst traveler = new TravellerCollection(...[\n    {  description: 'Senior', Amount: 50},\n    {  description: 'Senior', Amount: 50},\n    {  description: 'Adult', Amount: 75},\n    {  description: 'Child', Amount: 35},\n    {  description: 'Infant', Amount: 25 },\n]);\n\nconsole.log(traveler.sum('Amount')); //~> 235\n\ntraveler = [\n    {  description: 'Senior', Amount: 50},\n    {  description: 'Senior', Amount: 50},\n    {  description: 'Adult', Amount: 75},\n    {  description: 'Child', Amount: 35},\n    {  description: 'Infant', Amount: 25 },\n];\n\nArray.prototype.sum = function (prop) {\n    var total = 0\n    for ( var i = 0, _len = this.length; i < _len; i++ ) {\n        total += this[i][prop]\n    }\n    return total\n}\n\nconsole.log(traveler.sum(\"Amount\"))\n","answerId":"23247980","answerUrl":"https://stackoverflow.com/a/23247980","voteCount":193,"isAccepted":true,"lastModified":"2019-03-06T17:12:54.000Z"},{"answerKeywords":["sum","sum","array","sum","sum","array","object","object","array"],"answerWordCount":1900,"text":"TravellerCollection.sum(string)","parentType":"TravellerCollection","name":"sum","arguments":[{"name":"key","type":"string"}],"returnType":"any","usage":"traveler.sum(\"Amount\")","definition":"const traveler = new TravellerCollection(...[\n    {  description: 'Senior', Amount: 50},\n    {  description: 'Senior', Amount: 50},\n    {  description: 'Adult', Amount: 75},\n    {  description: 'Child', Amount: 35},\n    {  description: 'Infant', Amount: 25 },\n]);","source":"class TravellerCollection extends Array {\n    sum(key) {\n        return this.reduce((a, b) => a + (b[key] || 0), 0);\n    }\n}\nconst traveler = new TravellerCollection(...[\n    {  description: 'Senior', Amount: 50},\n    {  description: 'Senior', Amount: 50},\n    {  description: 'Adult', Amount: 75},\n    {  description: 'Child', Amount: 35},\n    {  description: 'Infant', Amount: 25 },\n]);\n\nconsole.log(traveler.sum('Amount')); //~> 235\n\ntraveler = [\n    {  description: 'Senior', Amount: 50},\n    {  description: 'Senior', Amount: 50},\n    {  description: 'Adult', Amount: 75},\n    {  description: 'Child', Amount: 35},\n    {  description: 'Infant', Amount: 25 },\n];\n\nArray.prototype.sum = function (prop) {\n    var total = 0\n    for ( var i = 0, _len = this.length; i < _len; i++ ) {\n        total += this[i][prop]\n    }\n    return total\n}\n\nconsole.log(traveler.sum(\"Amount\"))\n","answerId":"23247980","answerUrl":"https://stackoverflow.com/a/23247980","voteCount":193,"isAccepted":true,"lastModified":"2019-03-06T17:12:54.000Z"},{"answerKeywords":["sum"],"answerWordCount":1765,"text":"T[].reduce(function, U): U","parentType":"T[]","name":"reduce","arguments":[{"name":"callbackfn:(previousValue:U,currentValue:T,currentIndex:number,array:T[])=>U","type":"(previousValue: U, currentValue: T, currentIndex: number, array: T[]) => U"},{"name":"initialValue:U","type":"U"}],"returnType":"U","usage":"traveler.reduce((n, {Amount}) => n + Amount, 0)","definition":"const traveler = [\n  { description: 'Senior', Amount: 50 },\n  { description: 'Senior', Amount: 50 },\n  { description: 'Adult', Amount: 75 },\n  { description: 'Child', Amount: 35 },\n  { description: 'Infant', Amount: 25 },\n];","source":"const traveler = [\n  { description: 'Senior', Amount: 50 },\n  { description: 'Senior', Amount: 50 },\n  { description: 'Adult', Amount: 75 },\n  { description: 'Child', Amount: 35 },\n  { description: 'Infant', Amount: 25 },\n];\n\nconsole.log(traveler.reduce((n, {Amount}) => n + Amount, 0))\n","answerId":"63681334","answerUrl":"https://stackoverflow.com/a/63681334","voteCount":160,"isAccepted":false,"lastModified":"2020-09-10T08:50:23.000Z"},{"answerKeywords":["object","object","array","sum","sum"],"answerWordCount":2082,"text":"reduce(function, number)","parentType":"any","name":"reduce","arguments":[{"type":"(a: any, b: any) => number"},{"type":"number"}],"returnType":"any","usage":"items.reduce((a, b) => +a + +b.price, 0)","definition":"","source":"// + operator for casting to Number\nitems.reduce((a, b) => +a + +b.price, 0);\n","answerId":"49089648","answerUrl":"https://stackoverflow.com/a/49089648","voteCount":135,"isAccepted":false,"lastModified":"2018-03-03T21:57:53.000Z"},{"answerKeywords":["sum"],"answerWordCount":1408,"text":"T[].reduce(function, T): T","parentType":"T[]","name":"reduce","arguments":[{"name":"callbackfn:(previousValue:T,currentValue:T,currentIndex:number,array:T[])=>T","type":"(previousValue: T, currentValue: T, currentIndex: number, array: T[]) => T"},{"name":"initialValue:T","type":"T"}],"returnType":"T","usage":"const sum = traveler\n  .map(item => item.amount)\n  .reduce((prev, curr) => prev + curr, 0);","definition":"","source":"const traveler = [\n    {  description: 'Senior', amount: 50 },\n    {  description: 'Senior', amount: 50 },\n    {  description: 'Adult', amount: 75 },\n    {  description: 'Child', amount: 35 },\n    {  description: 'Infant', amount: 25 },\n];\n\nconst sum = traveler\n  .map(item => item.amount)\n  .reduce((prev, curr) => prev + curr, 0);\n\nconst calculateSum = (obj, field) => obj\n  .map(items => items.attributes[field])\n  .reduce((prev, curr) => prev + curr, 0);\n","answerId":"55706793","answerUrl":"https://stackoverflow.com/a/55706793","voteCount":47,"isAccepted":false,"lastModified":"2019-04-16T11:20:44.000Z"},{"answerKeywords":["sum"],"answerWordCount":1408,"text":"T[].map(function): U[]","parentType":"T[]","name":"map","arguments":[{"name":"callbackfn:(value:T,index:number,array:T[])=>U","type":"(value: T, index: number, array: T[]) => U"}],"returnType":"U[]","usage":"traveler\n  .map(item => item.amount)","definition":"const traveler = [\n    {  description: 'Senior', amount: 50 },\n    {  description: 'Senior', amount: 50 },\n    {  description: 'Adult', amount: 75 },\n    {  description: 'Child', amount: 35 },\n    {  description: 'Infant', amount: 25 },\n];","source":"const traveler = [\n    {  description: 'Senior', amount: 50 },\n    {  description: 'Senior', amount: 50 },\n    {  description: 'Adult', amount: 75 },\n    {  description: 'Child', amount: 35 },\n    {  description: 'Infant', amount: 25 },\n];\n\nconst sum = traveler\n  .map(item => item.amount)\n  .reduce((prev, curr) => prev + curr, 0);\n\nconst calculateSum = (obj, field) => obj\n  .map(items => items.attributes[field])\n  .reduce((prev, curr) => prev + curr, 0);\n","answerId":"55706793","answerUrl":"https://stackoverflow.com/a/55706793","voteCount":47,"isAccepted":false,"lastModified":"2019-04-16T11:20:44.000Z"},{"answerKeywords":[],"answerWordCount":838,"text":"reduce(function)","parentType":"any","name":"reduce","arguments":[{"type":"(a: any, c: any) => any"}],"returnType":"any","usage":"$scope.traveler.map(o=>o.Amount).reduce((a,c)=>a+c)","definition":"","source":"$scope.traveler.map(o=>o.Amount).reduce((a,c)=>a+c);\n","answerId":"52729221","answerUrl":"https://stackoverflow.com/a/52729221","voteCount":22,"isAccepted":false,"lastModified":"2018-11-16T17:05:28.000Z"},{"answerKeywords":[],"answerWordCount":838,"text":"map(function)","parentType":"any","name":"map","arguments":[{"type":"(o: any) => any"}],"returnType":"any","usage":"$scope.traveler.map(o=>o.Amount)","definition":"","source":"$scope.traveler.map(o=>o.Amount).reduce((a,c)=>a+c);\n","answerId":"52729221","answerUrl":"https://stackoverflow.com/a/52729221","voteCount":22,"isAccepted":false,"lastModified":"2018-11-16T17:05:28.000Z"},{"answerKeywords":["sum","sum"],"answerWordCount":879,"text":"T[].reduce(function): T","parentType":"T[]","name":"reduce","arguments":[{"name":"callbackfn:(previousValue:T,currentValue:T,currentIndex:number,array:T[])=>T","type":"(previousValue: T, currentValue: T, currentIndex: number, array: T[]) => T"}],"returnType":"T","usage":"let sum = lst.map(o => o.price).reduce((a, c) => { return a + c });","definition":"","source":"let lst = [\n     { description:'Senior', price: 10},\n     { description:'Adult', price: 20},\n     { description:'Child', price: 30}\n];\nlet sum = lst.map(o => o.price).reduce((a, c) => { return a + c });\nconsole.log(sum);","answerId":"58558769","answerUrl":"https://stackoverflow.com/a/58558769","voteCount":22,"isAccepted":false,"lastModified":"2019-10-25T13:55:45.000Z"},{"answerKeywords":["sum","sum"],"answerWordCount":879,"text":"T[].map(function): U[]","parentType":"T[]","name":"map","arguments":[{"name":"callbackfn:(value:T,index:number,array:T[])=>U","type":"(value: T, index: number, array: T[]) => U"}],"returnType":"U[]","usage":"lst.map(o => o.price)","definition":"let lst = [\n     { description:'Senior', price: 10},\n     { description:'Adult', price: 20},\n     { description:'Child', price: 30}\n];","source":"let lst = [\n     { description:'Senior', price: 10},\n     { description:'Adult', price: 20},\n     { description:'Child', price: 30}\n];\nlet sum = lst.map(o => o.price).reduce((a, c) => { return a + c });\nconsole.log(sum);","answerId":"58558769","answerUrl":"https://stackoverflow.com/a/58558769","voteCount":22,"isAccepted":false,"lastModified":"2019-10-25T13:55:45.000Z"},{"answerKeywords":["sum","sum","object","sum","object"],"answerWordCount":758,"text":"sumBy(unknown, string)","parentType":"any","name":"sumBy","arguments":[{"type":"any"},{"type":"string"}],"returnType":"any","usage":"_.sumBy(objects, 'value')","definition":"","source":"_.sumBy(objects, 'value');\n_.sumBy(objects, function(o) { return o.value; });\n","answerId":"48867811","answerUrl":"https://stackoverflow.com/a/48867811","voteCount":15,"isAccepted":false,"lastModified":"2018-02-19T13:59:19.000Z"},{"answerKeywords":["sum","sum","object","sum","object"],"answerWordCount":758,"text":"sumBy(unknown, function)","parentType":"any","name":"sumBy","arguments":[{"type":"any"},{"type":"(o: any) => any"}],"returnType":"any","usage":"_.sumBy(objects, function(o) { return o.value; })","definition":"","source":"_.sumBy(objects, 'value');\n_.sumBy(objects, function(o) { return o.value; });\n","answerId":"48867811","answerUrl":"https://stackoverflow.com/a/48867811","voteCount":15,"isAccepted":false,"lastModified":"2018-02-19T13:59:19.000Z"},{"answerKeywords":["array","object","array","array"],"answerWordCount":780,"text":"map(function)","parentType":"any","name":"map","arguments":[{"type":"(item: any) => number"}],"returnType":"any","usage":"let values = array.map((item) => parseInt(item[column]) || 0)","definition":"","source":"function getSum(array, column)\n  let values = array.map((item) => parseInt(item[column]) || 0)\n  return values.reduce((a, b) => a + b)\n}\n\nfoo = [\n  { a: 1, b: \"\" },\n  { a: null, b: 2 },\n  { a: 1, b: 2 },\n  { a: 1, b: 2 },\n]\n\ngetSum(foo, a) == 3\ngetSum(foo, b) == 6\n","answerId":"61711217","answerUrl":"https://stackoverflow.com/a/61711217","voteCount":5,"isAccepted":false,"lastModified":"2020-05-10T11:28:02.000Z"},{"answerKeywords":["array","object","array","array"],"answerWordCount":780,"text":"reduce(function)","parentType":"any","name":"reduce","arguments":[{"type":"(a: any, b: any) => any"}],"returnType":"any","usage":"values.reduce((a, b) => a + b)","definition":"let values = array.map((item) => parseInt(item[column]) || 0)","source":"function getSum(array, column)\n  let values = array.map((item) => parseInt(item[column]) || 0)\n  return values.reduce((a, b) => a + b)\n}\n\nfoo = [\n  { a: 1, b: \"\" },\n  { a: null, b: 2 },\n  { a: 1, b: 2 },\n  { a: 1, b: 2 },\n]\n\ngetSum(foo, a) == 3\ngetSum(foo, b) == 6\n","answerId":"61711217","answerUrl":"https://stackoverflow.com/a/61711217","voteCount":5,"isAccepted":false,"lastModified":"2020-05-10T11:28:02.000Z"},{"answerKeywords":["array","object","array","array"],"answerWordCount":780,"text":"getSum(unknown, unknown)","parentType":"any","name":"getSum","arguments":[{"name":"array","type":"any"},{"name":"column","type":"any"}],"returnType":"any","usage":"getSum(foo, a)","definition":"function getSum(array, column)","source":"function getSum(array, column)\n  let values = array.map((item) => parseInt(item[column]) || 0)\n  return values.reduce((a, b) => a + b)\n}\n\nfoo = [\n  { a: 1, b: \"\" },\n  { a: null, b: 2 },\n  { a: 1, b: 2 },\n  { a: 1, b: 2 },\n]\n\ngetSum(foo, a) == 3\ngetSum(foo, b) == 6\n","answerId":"61711217","answerUrl":"https://stackoverflow.com/a/61711217","voteCount":5,"isAccepted":false,"lastModified":"2020-05-10T11:28:02.000Z"},{"answerKeywords":["array","object","array","array"],"answerWordCount":780,"text":"getSum(unknown, unknown)","parentType":"any","name":"getSum","arguments":[{"name":"array","type":"any"},{"name":"column","type":"any"}],"returnType":"any","usage":"getSum(foo, b)","definition":"function getSum(array, column)","source":"function getSum(array, column)\n  let values = array.map((item) => parseInt(item[column]) || 0)\n  return values.reduce((a, b) => a + b)\n}\n\nfoo = [\n  { a: 1, b: \"\" },\n  { a: null, b: 2 },\n  { a: 1, b: 2 },\n  { a: 1, b: 2 },\n]\n\ngetSum(foo, a) == 3\ngetSum(foo, b) == 6\n","answerId":"61711217","answerUrl":"https://stackoverflow.com/a/61711217","voteCount":5,"isAccepted":false,"lastModified":"2020-05-10T11:28:02.000Z"},{"answerKeywords":[],"answerWordCount":738,"text":"forEach(function)","parentType":"any","name":"forEach","arguments":[{"type":"(data: any) => any"}],"returnType":"any","usage":"$scope.traveler.forEach( data => totalAmount = totalAmount + data.Amount)","definition":"","source":"let totalAmount = 0;\n$scope.traveler.forEach( data => totalAmount = totalAmount + data.Amount);\nreturn totalAmount;\n","answerId":"50851824","answerUrl":"https://stackoverflow.com/a/50851824","voteCount":4,"isAccepted":false,"lastModified":"2018-06-14T07:24:25.000Z"},{"answerKeywords":["sum","sum"],"answerWordCount":758,"text":"function.sumPropertyValue(object[], string)","parentType":"(items: any, prop: any) => any","name":"sumPropertyValue","arguments":[{"name":"items","type":"{ quantity: number; }[]"},{"name":"prop","type":"string"}],"returnType":"any","usage":"const cart_total = sumPropertyValue(cart_items, 'quantity');","definition":"const sumPropertyValue = (items, prop) => items.reduce((a, b) => a + b[prop], 0);","source":"const sumPropertyValue = (items, prop) => items.reduce((a, b) => a + b[prop], 0);\n\n// usage:\nconst cart_items = [ {quantity: 3}, {quantity: 4}, {quantity: 2} ];\nconst cart_total = sumPropertyValue(cart_items, 'quantity');\n","answerId":"55545616","answerUrl":"https://stackoverflow.com/a/55545616","voteCount":3,"isAccepted":false,"lastModified":"2019-04-06T03:27:01.000Z"},{"answerKeywords":["sum","property","array","sum","array","sum","property","sum","sum","sum","sum","sum","property","array","property","property"],"answerWordCount":923,"text":"function.sumFromArray(string, object[]): number","parentType":"(propertyName: any, array: any) => number","name":"sumFromArray","arguments":[{"name":"propertyName","type":"string"},{"name":"array","type":"{ Amount: number; description: string; }[]"}],"returnType":"number","usage":"var sumOfTraveler = sumFromArray('Amount', traveler);","definition":"var sumFromArray = (propertyName, array) => {\n  let sum = 0;\n  array.forEach(item => {\n    sum += item[propertyName] ?? 0;\n  });\n  return sum;\n};","source":"var traveler = [\n  {Amount: 50,  description: 'Senior'},\n  {Amount: 50,  description: 'Senior'},\n  {Amount: 75,  description: 'Adult'},\n  {Amount: 35,  description: 'Child'},\n  {Amount: 25,  description: 'Infant'}\n];\n\nvar sumFromArray = (propertyName, array) => {\n  let sum = 0;\n  array.forEach(item => {\n    sum += item[propertyName] ?? 0;\n  });\n  return sum;\n};\n\nvar sumOfTraveler = sumFromArray('Amount', traveler);\nconsole.log(sumOfTraveler);\nconst sumFromArray = (propertyName: string, array: Array<{[propertyName: string]: number}>) => { ... };\n","answerId":"67934181","answerUrl":"https://stackoverflow.com/a/67934181","voteCount":2,"isAccepted":false,"lastModified":"2021-06-11T09:05:43.000Z"},{"answerKeywords":["sum","array","object","sum","array","array","sum"],"answerWordCount":941,"text":"sum(object[])","parentType":"any","name":"sum","arguments":[{"name":"arrayData","type":"{ description: string; Amount: number; }[]"}],"returnType":"any","usage":"sum(traveler)","definition":"function sum(arrayData, key){\n   return arrayData.reduce((a,b) => {\n  return {Amount : a.Amount + b.Amount}\n})\n}","source":"const traveler = [\n  {  description: 'Senior', Amount: 50},\n  {  description: 'Senior', Amount: 50},\n  {  description: 'Adult', Amount: 75},\n  {  description: 'Child', Amount: 35},\n  {  description: 'Infant', Amount: 25 }\n];\n\nconst traveler = [\n    {  description: 'Senior', Amount: 50},\n    {  description: 'Senior', Amount: 50},\n    {  description: 'Adult', Amount: 75},\n    {  description: 'Child', Amount: 35},\n    {  description: 'Infant', Amount: 25 },\n];\nfunction sum(arrayData, key){\n   return arrayData.reduce((a,b) => {\n  return {Amount : a.Amount + b.Amount}\n})\n}\nconsole.log(sum(traveler))","answerId":"55647015","answerUrl":"https://stackoverflow.com/a/55647015","voteCount":1,"isAccepted":false,"lastModified":"2019-04-12T08:30:51.000Z"},{"answerKeywords":["sum","array","sum","array","array","sum","array","sum","sum","sum","sum","sum"],"answerWordCount":790,"text":"sumOfArrayWithParameter(unknown, string): number","parentType":"any","name":"sumOfArrayWithParameter","arguments":[{"name":"array","type":"any"},{"name":"parameter","type":"string"}],"returnType":"number","usage":"let sum = sumOfArrayWithParameter(someArray, 'someProperty');","definition":"function sumOfArrayWithParameter (array, parameter) {\n  let sum = null;\n  if (array && array.length > 0 && typeof parameter === 'string') {\n    sum = 0;\n    for (let e of array) if (e && e.hasOwnProperty(parameter)) sum += e[parameter];\n  }\n  return sum;\n}","source":"function sumOfArrayWithParameter (array, parameter) {\n  let sum = null;\n  if (array && array.length > 0 && typeof parameter === 'string') {\n    sum = 0;\n    for (let e of array) if (e && e.hasOwnProperty(parameter)) sum += e[parameter];\n  }\n  return sum;\n}\n\nlet sum = sumOfArrayWithParameter(someArray, 'someProperty');\n","answerId":"57442714","answerUrl":"https://stackoverflow.com/a/57442714","voteCount":1,"isAccepted":false,"lastModified":"2019-08-10T13:45:59.000Z"},{"answerKeywords":[],"answerWordCount":759,"text":"each(unknown, function)","parentType":"any","name":"each","arguments":[{"type":"any"},{"type":"(i: any, v: any) => void"}],"returnType":"any","usage":"$.each(traveler, function( i, v ) { total_amount += v.Amount ; })","definition":"","source":"var total_amount = 0; \n$.each(traveler, function( i, v ) { total_amount += v.Amount ; });\n","answerId":"52057686","answerUrl":"https://stackoverflow.com/a/52057686","voteCount":0,"isAccepted":false,"lastModified":"2018-08-28T12:17:27.000Z"},{"answerKeywords":["sum"],"answerWordCount":740,"text":"sum()","parentType":"any","name":"sum","arguments":[],"returnType":"any","usage":"var total = List.extend(traveler).select('Amount').sum();","definition":"","source":"var total = List.extend(traveler).select('Amount').sum();\n","answerId":"73135275","answerUrl":"https://stackoverflow.com/a/73135275","voteCount":0,"isAccepted":false,"lastModified":"2022-07-27T09:17:43.000Z"},{"answerKeywords":["sum"],"answerWordCount":740,"text":"select(string)","parentType":"any","name":"select","arguments":[{"type":"string"}],"returnType":"any","usage":"List.extend(traveler).select('Amount')","definition":"","source":"var total = List.extend(traveler).select('Amount').sum();\n","answerId":"73135275","answerUrl":"https://stackoverflow.com/a/73135275","voteCount":0,"isAccepted":false,"lastModified":"2022-07-27T09:17:43.000Z"},{"answerKeywords":["sum"],"answerWordCount":740,"text":"extend(unknown)","parentType":"any","name":"extend","arguments":[{"type":"any"}],"returnType":"any","usage":"List.extend(traveler)","definition":"","source":"var total = List.extend(traveler).select('Amount').sum();\n","answerId":"73135275","answerUrl":"https://stackoverflow.com/a/73135275","voteCount":0,"isAccepted":false,"lastModified":"2022-07-27T09:17:43.000Z"}],"areSignaturesLoading":false,"title":"Better way to sum a property value in an array - Stack Overflow","url":"https://stackoverflow.com/questions/23247859/better-way-to-sum-a-property-value-in-an-array","displayLink":"https://stackoverflow.com › questions › better-way-to-s...","snippet":"18 Answers 18 · brilliant answer, is it possible to put $scope.travelerTotal = $scope.sum($scope. · Yes if it comes after the sum function is created. – Gruff ...","snippetHighlightWords":["sum","sum"]},{"signatures":[{"answerKeywords":["object","array","object","object","object"],"answerWordCount":1060,"text":"function[].transform(object[]): any[]","parentType":"(arr: any) => any[]","name":"transform","arguments":[{"name":"arr","type":"{ x: string; y: number; }[]"}],"returnType":"any[]","usage":"transform(data)","definition":"const transform = arr => (\n  Object.values(\n    arr.reduce(\n      (acc, {x, y}) => ({\n        ...acc,\n        [convertKey(x)]: {\n          ...(acc[convertKey(x)] || {x}),\n          y: (acc[convertKey(x)]?.y || 0) + y\n        }\n      }),\n      {}\n    )\n  )\n);","source":"// a small helper method to convert key by leaving out the z-s in: '/xxxx?zzz'\nconst convertKey = x => (x.split('?')[0]);\n\n// use reduce to iterate thru the array & obtain a result-object\n// destructure to get 'x', 'y'\n// if 'x' already present, add 'y'\n// else create an object with 'x', 'y' props\n// return the `Object.values` of the result-object\nconst transform = arr => (\n  Object.values(\n    arr.reduce(\n      (acc, {x, y}) => ({\n        ...acc,\n        [convertKey(x)]: {\n          ...(acc[convertKey(x)] || {x}),\n          y: (acc[convertKey(x)]?.y || 0) + y\n        }\n      }),\n      {}\n    )\n  )\n);\n\nconst data = [\n    {\n        \"x\": \"/shop.html\",\n        \"y\": 3\n    },\n    {\n        \"x\": \"/\",\n        \"y\": 2\n    },\n    {\n        \"x\": \"/?test324\",\n        \"y\": 1\n    },\n    {\n        \"x\": \"/account.html\",\n        \"y\": 1\n    },\n    {\n        \"x\": \"/account.html?test1\",\n        \"y\": 1\n    },\n    {\n        \"x\": \"/shop.html?test543\",\n        \"y\": 1\n    }\n];\n\nconsole.log(transform(data));","answerId":"71571656","answerUrl":"https://stackoverflow.com/a/71571656","voteCount":1,"isAccepted":true,"lastModified":"2022-03-22T11:54:44.000Z"}],"areSignaturesLoading":false,"title":"How to sum properties of elements in an object-array?","url":"https://stackoverflow.com/questions/71571425/how-to-sum-properties-of-elements-in-an-object-array","displayLink":"https://stackoverflow.com › questions › how-to-sum-pr...","date":"Mar 22, 2022","snippet":"How to sum properties of elements in an object-array? ; let output = res.data ; function (accumulator, cur) ; find(function ; x.split ; return elem.x ...","snippetHighlightWords":["sum properties","elements","object","array"]},{"signatures":[{"answerKeywords":[],"answerWordCount":878,"text":"T[].reduce(function, U): U","parentType":"T[]","name":"reduce","arguments":[{"name":"callbackfn:(previousValue:U,currentValue:T,currentIndex:number,array:T[])=>U","type":"(previousValue: U, currentValue: T, currentIndex: number, array: T[]) => U"},{"name":"initialValue:U","type":"U"}],"returnType":"U","usage":"var arr = models.reduce((acc, item) => {\n  let existItem = acc.find(({id}) => item.id === id);\n  if(existItem) {\n    existItem.count += item.count;\n  } else {\n    acc.push(item);\n  }\n  return acc;\n}, []);","definition":"var models = [\n    { id: 1, name: \"samsung\", seller_id: 1, count: 56 },\n    { id: 1, name: \"samsung\", seller_id: 2, count: 68 },\n    { id: 2, name: \"nokia\", seller_id: 2, count: 45 },\n    { id: 2, name: \"nokia\", seller_id: 3, count: 49 }\n];","source":"var models = [\n    { id: 1, name: \"samsung\", seller_id: 1, count: 56 },\n    { id: 1, name: \"samsung\", seller_id: 2, count: 68 },\n    { id: 2, name: \"nokia\", seller_id: 2, count: 45 },\n    { id: 2, name: \"nokia\", seller_id: 3, count: 49 }\n];\n\nvar arr = models.reduce((acc, item) => {\n  let existItem = acc.find(({id}) => item.id === id);\n  if(existItem) {\n    existItem.count += item.count;\n  } else {\n    acc.push(item);\n  }\n  return acc;\n}, []);\n\nconsole.log(arr);\nthis.arr = this.models.reduce((acc, item) => {\n  let existItem = acc.find(({id}) => item.id === id);\n  if(existItem) {\n    existItem.count += item.count;\n  } else {\n    acc.push(item);\n  }\n  return acc;\n}, []);\n","answerId":"60089535","answerUrl":"https://stackoverflow.com/a/60089535","voteCount":1,"isAccepted":true,"lastModified":"2020-02-06T07:15:19.000Z"},{"answerKeywords":[],"answerWordCount":878,"text":"T[].reduce(function, U): U","parentType":"T[]","name":"reduce","arguments":[{"name":"callbackfn:(previousValue:U,currentValue:T,currentIndex:number,array:T[])=>U","type":"(previousValue: U, currentValue: T, currentIndex: number, array: T[]) => U"},{"name":"initialValue:U","type":"U"}],"returnType":"U","usage":"this.models.reduce((acc, item) => {\n  let existItem = acc.find(({id}) => item.id === id);\n  if(existItem) {\n    existItem.count += item.count;\n  } else {\n    acc.push(item);\n  }\n  return acc;\n}, [])","definition":"var models = [\n    { id: 1, name: \"samsung\", seller_id: 1, count: 56 },\n    { id: 1, name: \"samsung\", seller_id: 2, count: 68 },\n    { id: 2, name: \"nokia\", seller_id: 2, count: 45 },\n    { id: 2, name: \"nokia\", seller_id: 3, count: 49 }\n];","source":"var models = [\n    { id: 1, name: \"samsung\", seller_id: 1, count: 56 },\n    { id: 1, name: \"samsung\", seller_id: 2, count: 68 },\n    { id: 2, name: \"nokia\", seller_id: 2, count: 45 },\n    { id: 2, name: \"nokia\", seller_id: 3, count: 49 }\n];\n\nvar arr = models.reduce((acc, item) => {\n  let existItem = acc.find(({id}) => item.id === id);\n  if(existItem) {\n    existItem.count += item.count;\n  } else {\n    acc.push(item);\n  }\n  return acc;\n}, []);\n\nconsole.log(arr);\nthis.arr = this.models.reduce((acc, item) => {\n  let existItem = acc.find(({id}) => item.id === id);\n  if(existItem) {\n    existItem.count += item.count;\n  } else {\n    acc.push(item);\n  }\n  return acc;\n}, []);\n","answerId":"60089535","answerUrl":"https://stackoverflow.com/a/60089535","voteCount":1,"isAccepted":true,"lastModified":"2020-02-06T07:15:19.000Z"},{"answerKeywords":["object","array"],"answerWordCount":885,"text":"T[].reduce(function, U): U","parentType":"T[]","name":"reduce","arguments":[{"name":"callbackfn:(previousValue:U,currentValue:T,currentIndex:number,array:T[])=>U","type":"(previousValue: U, currentValue: T, currentIndex: number, array: T[]) => U"},{"name":"initialValue:U","type":"U"}],"returnType":"U","usage":"let data = models.reduce((acc, curr) => {\n  if (!acc[curr.id]) {\n    acc[curr.id] = curr;\n  } else {\n    acc[curr.id].count += curr.count\n\n  }\n  return acc;\n}, {})","definition":"let models = [{\n    id: 1,\n    name: \"samsung\",\n    seller_id: 1,\n    count: 56\n  },\n  {\n    id: 1,\n    name: \"samsung\",\n    seller_id: 2,\n    count: 68\n  },\n  {\n    id: 2,\n    name: \"nokia\",\n    seller_id: 2,\n    count: 45\n  },\n  {\n    id: 2,\n    name: \"nokia\",\n    seller_id: 3,\n    count: 49\n  }\n]","source":"let models = [{\n    id: 1,\n    name: \"samsung\",\n    seller_id: 1,\n    count: 56\n  },\n  {\n    id: 1,\n    name: \"samsung\",\n    seller_id: 2,\n    count: 68\n  },\n  {\n    id: 2,\n    name: \"nokia\",\n    seller_id: 2,\n    count: 45\n  },\n  {\n    id: 2,\n    name: \"nokia\",\n    seller_id: 3,\n    count: 49\n  }\n]\nlet data = models.reduce((acc, curr) => {\n  if (!acc[curr.id]) {\n    acc[curr.id] = curr;\n  } else {\n    acc[curr.id].count += curr.count\n\n  }\n  return acc;\n}, {})\nconsole.log(Object.values(data))","answerId":"60089570","answerUrl":"https://stackoverflow.com/a/60089570","voteCount":0,"isAccepted":false,"lastModified":"2020-02-06T07:18:09.000Z"},{"answerKeywords":["object","array"],"answerWordCount":885,"text":"ObjectConstructor.values(object): T[]","parentType":"ObjectConstructor","name":"values","arguments":[{"name":"o:{[s:string]:T}|ArrayLike<T>","type":"{ [s: string]: T; } | ArrayLike<T>"}],"returnType":"T[]","usage":"Object.values(data)","definition":"declare var Object:ObjectConstructor;","source":"let models = [{\n    id: 1,\n    name: \"samsung\",\n    seller_id: 1,\n    count: 56\n  },\n  {\n    id: 1,\n    name: \"samsung\",\n    seller_id: 2,\n    count: 68\n  },\n  {\n    id: 2,\n    name: \"nokia\",\n    seller_id: 2,\n    count: 45\n  },\n  {\n    id: 2,\n    name: \"nokia\",\n    seller_id: 3,\n    count: 49\n  }\n]\nlet data = models.reduce((acc, curr) => {\n  if (!acc[curr.id]) {\n    acc[curr.id] = curr;\n  } else {\n    acc[curr.id].count += curr.count\n\n  }\n  return acc;\n}, {})\nconsole.log(Object.values(data))","answerId":"60089570","answerUrl":"https://stackoverflow.com/a/60089570","voteCount":0,"isAccepted":false,"lastModified":"2020-02-06T07:18:09.000Z"}],"areSignaturesLoading":false,"title":"Reduce and sum array of objects (JS) - Stack Overflow","url":"https://stackoverflow.com/questions/60089494/reduce-and-sum-array-of-objects-js","displayLink":"https://stackoverflow.com › questions › reduce-and-su...","date":"Feb 6, 2020","snippet":"this.arr = this.models.reduce((acc, item) => { let existItem = acc.find(({id}) ... Then use Object.values to create an array of the values.","snippetHighlightWords":["item","Object","values","array","values"]}],"events":[{"timestamp":"2022-11-25T23:03:56.905Z","url":"https://stackoverflow.com/questions/71571425/how-to-sum-properties-of-elements-in-an-object-array","component":"projection","action":"loaded","data":"projection 1 of 4"},{"timestamp":"2022-11-25T23:03:57.577Z","url":"https://stackoverflow.com/questions/60089494/reduce-and-sum-array-of-objects-js","component":"projection","action":"loaded","data":"projection 2 of 4"},{"timestamp":"2022-11-25T23:03:58.738Z","url":"https://stackoverflow.com/questions/35480773/sum-values-of-objects-in-array","component":"projection","action":"loaded","data":"projection 3 of 4"},{"timestamp":"2022-11-25T23:04:00.900Z","url":"https://stackoverflow.com/questions/23247859/better-way-to-sum-a-property-value-in-an-array","component":"projection","action":"loaded","data":"projection 4 of 4"},{"timestamp":"2022-11-25T23:04:01.120Z","url":"https://stackoverflow.com/questions/23247859/better-way-to-sum-a-property-value-in-an-array","component":"projection","action":"mouseenter"},{"timestamp":"2022-11-25T23:04:01.121Z","url":"","component":"projection","action":"mouseenter","data":"T[].reduce(function, U): U"},{"timestamp":"2022-11-25T23:04:01.137Z","url":"","component":"projection","action":"mouseleave","data":"T[].reduce(function, U): U"},{"timestamp":"2022-11-25T23:04:01.145Z","url":"","component":"projection","action":"mouseenter","data":"T[].map(function): U[]"},{"timestamp":"2022-11-25T23:04:01.661Z","url":"","component":"projection","action":"mouseleave","data":"T[].map(function): U[]"},{"timestamp":"2022-11-25T23:04:01.669Z","url":"","component":"projection","action":"mouseenter","data":"T[].reduce(function, U): U"},{"timestamp":"2022-11-25T23:04:01.678Z","url":"","component":"projection","action":"mouseleave","data":"T[].reduce(function, U): U"},{"timestamp":"2022-11-25T23:04:01.679Z","url":"https://stackoverflow.com/questions/23247859/better-way-to-sum-a-property-value-in-an-array","component":"projection","action":"mouseleave"},{"timestamp":"2022-11-25T23:04:04.136Z","url":"https://stackoverflow.com/questions/35480773/sum-values-of-objects-in-array","component":"projection","action":"mouseenter"},{"timestamp":"2022-11-25T23:04:04.154Z","url":"","component":"projection","action":"mouseenter","data":"T[].reduce(function, U): U"},{"timestamp":"2022-11-25T23:04:04.635Z","url":"https://stackoverflow.com/questions/35480773/sum-values-of-objects-in-array","component":"projection","action":"expand","data":"T[].reduce(function, U): U"},{"timestamp":"2022-11-25T23:04:04.671Z","url":"","component":"projection","action":"mouseleave","data":"T[].reduce(function, U): U"},{"timestamp":"2022-11-25T23:04:04.672Z","url":"https://stackoverflow.com/questions/35480773/sum-values-of-objects-in-array","component":"projection","action":"mouseleave"},{"timestamp":"2022-11-25T23:04:05.166Z","url":"https://stackoverflow.com/questions/35480773/sum-values-of-objects-in-array","component":"projection","action":"tab","data":{"name":"usage","height":101,"width":248,"wc":12,"lc":2,"sig":"T[].reduce(function, U): U"}},{"timestamp":"2022-11-25T23:04:09.104Z","url":"https://stackoverflow.com/questions/35480773/sum-values-of-objects-in-array","component":"projection","action":"mouseenter"},{"timestamp":"2022-11-25T23:04:09.106Z","url":"","component":"projection","action":"mouseenter","data":"T[].reduce(function, U): U"},{"timestamp":"2022-11-25T23:04:10.355Z","url":"https://stackoverflow.com/questions/35480773/sum-values-of-objects-in-array","component":"projection","action":"tab","data":{"name":"code","height":185,"width":248,"wc":15,"lc":4,"sig":"T[].reduce(function, U): U"}},{"timestamp":"2022-11-25T23:04:12.691Z","url":"https://stackoverflow.com/questions/35480773/sum-values-of-objects-in-array","component":"page","action":"open","data":"#answer-59730051"},{"timestamp":"2022-11-25T23:04:12.709Z","url":"","component":"projection","action":"mouseleave","data":"T[].reduce(function, U): U"},{"timestamp":"2022-11-25T23:04:12.710Z","url":"https://stackoverflow.com/questions/35480773/sum-values-of-objects-in-array","component":"projection","action":"mouseleave"},{"timestamp":"2022-11-25T23:04:13.657Z","url":"https://stackoverflow.com/questions/35480773/sum-values-of-objects-in-array","component":"page","action":"load","data":"#answer-59730051"},{"timestamp":"2022-11-25T23:04:14.412Z","url":"https://stackoverflow.com/questions/35480773/sum-values-of-objects-in-array","component":"page","action":"scroll","data":{"viewport":{"x":0,"y":3114,"height":663,"width":296},"document":{"height":9284,"width":296},"question":{"identifier":"35480773","top":-2950.5625,"bottom":-2208.1484375,"right":280,"left":16,"width":264,"height":742.4140625},"answers":[{"identifier":"35480841","top":-2127.8671875,"bottom":0.1640625,"right":280,"left":16,"width":264,"height":2128.03125},{"identifier":"59730051","top":0.1640625,"bottom":433.8046875,"right":280,"left":16,"width":264,"height":433.640625},{"identifier":"60381611","top":433.8046875,"bottom":1037.4296875,"right":280,"left":16,"width":264,"height":603.625},{"identifier":"35480989","top":1037.4296875,"bottom":1744.8828125,"right":280,"left":16,"width":264,"height":707.453125},{"identifier":"35480862","top":1744.8828125,"bottom":2009.8359375,"right":280,"left":16,"width":264,"height":264.953125},{"identifier":"35481022","top":2009.8359375,"bottom":2443.7890625,"right":280,"left":16,"width":264,"height":433.953125},{"identifier":"35480887","top":2443.7890625,"bottom":2867.9296875,"right":280,"left":16,"width":264,"height":424.140625},{"identifier":"52555418","top":2867.9296875,"bottom":3530.0703125,"right":280,"left":16,"width":264,"height":662.140625}]}},{"timestamp":"2022-11-25T23:04:16.011Z","url":"https://stackoverflow.com/questions/35480773/sum-values-of-objects-in-array","component":"page","action":"close"},{"timestamp":"2022-11-25T23:04:16.607Z","url":"https://stackoverflow.com/questions/35480773/sum-values-of-objects-in-array","component":"projection","action":"mouseenter"},{"timestamp":"2022-11-25T23:04:16.622Z","url":"","component":"projection","action":"mouseenter","data":"T[].reduce(function, U): U"},{"timestamp":"2022-11-25T23:04:17.704Z","url":"","component":"projection","action":"mouseleave","data":"T[].reduce(function, U): U"},{"timestamp":"2022-11-25T23:04:17.711Z","url":"https://stackoverflow.com/questions/35480773/sum-values-of-objects-in-array","component":"projection","action":"mouseleave"},{"timestamp":"2022-11-25T23:04:19.065Z","url":"https://stackoverflow.com/questions/35480773/sum-values-of-objects-in-array","component":"projection","action":"mouseenter"},{"timestamp":"2022-11-25T23:04:19.066Z","url":"","component":"projection","action":"mouseenter","data":"T[].reduce(function): T"},{"timestamp":"2022-11-25T23:04:19.238Z","url":"","component":"projection","action":"mouseleave","data":"T[].reduce(function): T"},{"timestamp":"2022-11-25T23:04:19.239Z","url":"https://stackoverflow.com/questions/35480773/sum-values-of-objects-in-array","component":"projection","action":"mouseleave"},{"timestamp":"2022-11-25T23:04:51.916Z","url":"https://stackoverflow.com/questions/35480773/sum-values-of-objects-in-array","component":"projection","action":"mouseenter"},{"timestamp":"2022-11-25T23:04:51.917Z","url":"","component":"projection","action":"mouseenter","data":"T[].reduce(function, U): U"},{"timestamp":"2022-11-25T23:05:03.973Z","url":"","component":"projection","action":"mouseleave","data":"T[].reduce(function, U): U"},{"timestamp":"2022-11-25T23:05:03.976Z","url":"https://stackoverflow.com/questions/35480773/sum-values-of-objects-in-array","component":"projection","action":"mouseleave"},{"timestamp":"2022-11-25T23:05:04.834Z","url":"https://stackoverflow.com/questions/35480773/sum-values-of-objects-in-array","component":"projection","action":"mouseenter"},{"timestamp":"2022-11-25T23:05:04.835Z","url":"","component":"projection","action":"mouseenter","data":"T[].reduce(function, U): U"},{"timestamp":"2022-11-25T23:05:07.161Z","url":"","component":"projection","action":"mouseleave","data":"T[].reduce(function, U): U"},{"timestamp":"2022-11-25T23:05:07.168Z","url":"https://stackoverflow.com/questions/35480773/sum-values-of-objects-in-array","component":"projection","action":"mouseleave"},{"timestamp":"2022-11-25T23:05:07.729Z","url":"https://stackoverflow.com/questions/35480773/sum-values-of-objects-in-array","component":"projection","action":"mouseenter"},{"timestamp":"2022-11-25T23:05:07.736Z","url":"","component":"projection","action":"mouseenter","data":"T[].reduce(function, U): U"},{"timestamp":"2022-11-25T23:05:08.341Z","url":"https://stackoverflow.com/questions/35480773/sum-values-of-objects-in-array","component":"projection","action":"selection","data":{"sig":"T[].reduce(function, U): U","selection":"array.reduce((accum,item) => accum + item.children, 0)"}},{"timestamp":"2022-11-25T23:05:08.537Z","url":"","component":"projection","action":"mouseleave","data":"T[].reduce(function, U): U"},{"timestamp":"2022-11-25T23:05:08.539Z","url":"https://stackoverflow.com/questions/35480773/sum-values-of-objects-in-array","component":"projection","action":"mouseleave"},{"timestamp":"2022-11-25T23:05:08.717Z","url":"https://stackoverflow.com/questions/35480773/sum-values-of-objects-in-array","component":"projection","action":"copy","data":{"sig":"T[].reduce(function, U): U","selection":"array.reduce((accum,item) => accum + item.children, 0)"}},{"timestamp":"2022-11-25T23:05:08.907Z","url":"https://stackoverflow.com/questions/35480773/sum-values-of-objects-in-array","component":"projection","action":"copy","data":{"sig":"T[].reduce(function, U): U","selection":"array.reduce((accum,item) => accum + item.children, 0)"}},{"timestamp":"2022-11-25T23:05:09.082Z","url":"https://stackoverflow.com/questions/35480773/sum-values-of-objects-in-array","component":"projection","action":"copy","data":{"sig":"T[].reduce(function, U): U","selection":"array.reduce((accum,item) => accum + item.children, 0)"}},{"timestamp":"2022-11-25T23:05:09.290Z","url":"https://stackoverflow.com/questions/35480773/sum-values-of-objects-in-array","component":"projection","action":"copy","data":{"sig":"T[].reduce(function, U): U","selection":"array.reduce((accum,item) => accum + item.children, 0)"}},{"timestamp":"2022-11-25T23:05:09.470Z","url":"https://stackoverflow.com/questions/35480773/sum-values-of-objects-in-array","component":"projection","action":"copy","data":{"sig":"T[].reduce(function, U): U","selection":"array.reduce((accum,item) => accum + item.children, 0)"}},{"timestamp":"2022-11-25T23:05:09.668Z","url":"https://stackoverflow.com/questions/35480773/sum-values-of-objects-in-array","component":"projection","action":"copy","data":{"sig":"T[].reduce(function, U): U","selection":"array.reduce((accum,item) => accum + item.children, 0)"}},{"timestamp":"2022-11-25T23:05:09.852Z","url":"https://stackoverflow.com/questions/35480773/sum-values-of-objects-in-array","component":"projection","action":"copy","data":{"sig":"T[].reduce(function, U): U","selection":"array.reduce((accum,item) => accum + item.children, 0)"}},{"timestamp":"2022-11-25T23:05:10.021Z","url":"https://stackoverflow.com/questions/35480773/sum-values-of-objects-in-array","component":"projection","action":"copy","data":{"sig":"T[].reduce(function, U): U","selection":"array.reduce((accum,item) => accum + item.children, 0)"}},{"timestamp":"2022-11-25T23:05:10.310Z","url":"https://stackoverflow.com/questions/35480773/sum-values-of-objects-in-array","component":"projection","action":"copy","data":{"sig":"T[].reduce(function, U): U","selection":"array.reduce((accum,item) => accum + item.children, 0)"}},{"timestamp":"2022-11-25T23:05:39.468Z","url":"https://stackoverflow.com/questions/35480773/sum-values-of-objects-in-array","component":"projection","action":"mouseenter"},{"timestamp":"2022-11-25T23:05:39.476Z","url":"","component":"projection","action":"mouseenter","data":"T[].reduce(function, U): U"},{"timestamp":"2022-11-25T23:05:41.416Z","url":"","component":"projection","action":"mouseleave","data":"T[].reduce(function, U): U"},{"timestamp":"2022-11-25T23:05:41.419Z","url":"https://stackoverflow.com/questions/35480773/sum-values-of-objects-in-array","component":"projection","action":"mouseleave"}]}]}