{"trialId":"27362_3","taskId":"sort","appEvents":[{"timestamp":"2022-11-25T23:14:07.539Z","name":"resize","data":{"height":723,"width":300}},{"timestamp":"2022-11-25T23:14:08.288Z","name":"search","data":"search-start"},{"timestamp":"2022-11-25T23:14:09.493Z","name":"search","data":"search-done"},{"timestamp":"2022-11-25T23:16:05.824Z","name":"resize","data":{"height":0,"width":0}}],"searches":[{"keywords":["sort","array","of","objects","descending"],"context":{"tokens":[{"kind":"language","value":"javascript"}]},"timestamp":"2022-11-25T23:14:08.287Z","results":[{"signatures":[],"areSignaturesLoading":true,"title":"Sorting an array of objects by property values - Stack Overflow","url":"https://stackoverflow.com/questions/979256/sorting-an-array-of-objects-by-property-values","displayLink":"https://stackoverflow.com › questions › sorting-an-arra...","date":"33 answers","snippet":"Sort homes by price in ascending order: homes.sort(function(a, b) { return parseFloat(a.price) - parseFloat(b.price); });. Or after ES6 version:","snippetHighlightWords":["Sort","ascending","sort"]},{"signatures":[],"areSignaturesLoading":true,"title":"Sorting an array of objects on both ascending and descending ...","url":"https://stackoverflow.com/questions/56809727/sorting-an-array-of-objects-on-both-ascending-and-descending-order-on-same-click","displayLink":"https://stackoverflow.com › questions › sorting-an-arra...","date":"Jun 28, 2019","snippet":"Sorting an array of objects on both ascending and descending order on same click · reverse the > to < and create a variable that can store the ...","snippetHighlightWords":["Sorting","array of objects","ascending","descending","reverse"]},{"signatures":[],"areSignaturesLoading":true,"title":"JavaScript: Sort an array of objects by a numeric property in ...","url":"https://stackoverflow.com/questions/54623130/javascript-sort-an-array-of-objects-by-a-numeric-property-in-each-object","displayLink":"https://stackoverflow.com › questions › javascript-sort-a...","date":"Feb 11, 2019","snippet":"sort() method does two things, it changes the original array so that it is in sorted order, and it also returns a reference to your original ...","snippetHighlightWords":["sort","array","sorted"]},{"signatures":[],"areSignaturesLoading":true,"title":"Sort by object key in descending order on Javascript/underscore","url":"https://stackoverflow.com/questions/31553155/sort-by-object-key-in-descending-order-on-javascript-underscore","displayLink":"https://stackoverflow.com › questions › sort-by-object-...","date":"Jul 22, 2015","snippet":"I want to sort this array object by key in descending order. So the expected output will be following like the latest date will come first.","snippetHighlightWords":["sort","array object","descending"]},{"signatures":[],"areSignaturesLoading":true,"title":"Javascript: Sorting Objects (not arrays) in descending","url":"https://stackoverflow.com/questions/56996782/javascript-sorting-objects-not-arrays-in-descending","displayLink":"https://stackoverflow.com › questions › javascript-sortin...","date":"Jul 11, 2019","snippet":"Get an array of arrays from Object.entries() .reverse() it; Convert it into a Map ( Map() guarantees order according to how it was entered) ...","snippetHighlightWords":["array","arrays","Object","reverse"]},{"signatures":[],"areSignaturesLoading":true,"title":"Sort array of objects by string property value - Stack Overflow","url":"https://stackoverflow.com/questions/1129216/sort-array-of-objects-by-string-property-value","displayLink":"https://stackoverflow.com › questions › sort-array-of-o...","snippet":"Use JavaScript sort method ... The sort method can be modified to sort anything like an array of numbers, strings and even objects using a compare function. A ...","snippetHighlightWords":["JavaScript sort","sort","sort","array","objects"]},{"signatures":[],"areSignaturesLoading":true,"title":"sort array of objects with letters and numbers in descending ...","url":"https://stackoverflow.com/questions/49365109/sort-array-of-objects-with-letters-and-numbers-in-descending-order","displayLink":"https://stackoverflow.com › questions › sort-array-of-o...","snippet":"You can use array#sort with string#localeCompare with numeric property set to true . const data = [{\"map_name\": \"PHX7260.","snippetHighlightWords":["array#sort"],"extensions":["Mar 19, 2018","3 answers"]},{"signatures":[],"areSignaturesLoading":true,"title":"How do I sort array of objects in descending order based on ...","url":"https://stackoverflow.com/questions/72084911/how-do-i-sort-array-of-objects-in-descending-order-based-on-alphanumeric-value-i","displayLink":"https://stackoverflow.com › questions › how-do-i-sort-a...","snippet":"You need a custom comparer function that will use the value property of your objects to make a descending alphabetic sort on your ArrOfObj.","snippetHighlightWords":["objects","descending","sort"],"extensions":["May 2, 2022","1 answer"]},{"signatures":[],"areSignaturesLoading":true,"title":"JS sort array of objets by specific string property (not ...","url":"https://stackoverflow.com/questions/65687818/js-sort-array-of-objets-by-specific-string-property-not-ascending-or-descending","displayLink":"https://stackoverflow.com › questions › js-sort-array-of-...","snippet":"You could take an object with the wanted order and take a large value as default for sorting. const data = [{ name: \"strawberries\", ...","snippetHighlightWords":["object","sorting"],"extensions":["Jan 12, 2021","5 answers"]},{"signatures":[],"areSignaturesLoading":true,"title":"How can I sort a javascript array of objects numerically and ...","url":"https://stackoverflow.com/questions/12900058/how-can-i-sort-a-javascript-array-of-objects-numerically-and-then-alphabetically","displayLink":"https://stackoverflow.com › questions › how-can-i-sort-...","snippet":"items.sort(function(a, b) { return (a.id - b.id); ...","snippetHighlightWords":["sort"]}],"events":[{"timestamp":"2022-11-25T23:14:08.303Z","url":"https://stackoverflow.com/questions/979256/sorting-an-array-of-objects-by-property-values","component":"projection","action":"load","data":{"height":107,"width":271.8359375,"wc":19,"lc":1}},{"timestamp":"2022-11-25T23:14:08.303Z","url":"https://stackoverflow.com/questions/56809727/sorting-an-array-of-objects-on-both-ascending-and-descending-order-on-same-click","component":"projection","action":"load","data":{"height":107,"width":264.390625,"wc":29,"lc":1}},{"timestamp":"2022-11-25T23:14:08.303Z","url":"https://stackoverflow.com/questions/54623130/javascript-sort-an-array-of-objects-by-a-numeric-property-in-each-object","component":"projection","action":"load","data":{"height":85,"width":270.6015625,"wc":27,"lc":1}},{"timestamp":"2022-11-25T23:14:08.303Z","url":"https://stackoverflow.com/questions/31553155/sort-by-object-key-in-descending-order-on-javascript-underscore","component":"projection","action":"load","data":{"height":85,"width":268.1328125,"wc":26,"lc":1}},{"timestamp":"2022-11-25T23:14:08.303Z","url":"https://stackoverflow.com/questions/56996782/javascript-sorting-objects-not-arrays-in-descending","component":"projection","action":"load","data":{"height":85,"width":267.328125,"wc":25,"lc":1}},{"timestamp":"2022-11-25T23:14:08.303Z","url":"https://stackoverflow.com/questions/1129216/sort-array-of-objects-by-string-property-value","component":"projection","action":"load","data":{"height":85,"width":266.359375,"wc":29,"lc":1}},{"timestamp":"2022-11-25T23:14:08.303Z","url":"https://stackoverflow.com/questions/49365109/sort-array-of-objects-with-letters-and-numbers-in-descending-order","component":"projection","action":"load","data":{"height":85,"width":224.671875,"wc":18,"lc":1}},{"timestamp":"2022-11-25T23:14:08.303Z","url":"https://stackoverflow.com/questions/72084911/how-do-i-sort-array-of-objects-in-descending-order-based-on-alphanumeric-value-i","component":"projection","action":"load","data":{"height":85,"width":269.265625,"wc":24,"lc":1}},{"timestamp":"2022-11-25T23:14:08.303Z","url":"https://stackoverflow.com/questions/65687818/js-sort-array-of-objets-by-specific-string-property-not-ascending-or-descending","component":"projection","action":"load","data":{"height":85,"width":264.609375,"wc":25,"lc":1}},{"timestamp":"2022-11-25T23:14:08.303Z","url":"https://stackoverflow.com/questions/12900058/how-can-i-sort-a-javascript-array-of-objects-numerically-and-then-alphabetically","component":"projection","action":"load","data":{"height":41,"width":240.390625,"wc":8,"lc":1}},{"timestamp":"2022-11-25T23:14:08.304Z","url":"https://stackoverflow.com/questions/56809727/sorting-an-array-of-objects-on-both-ascending-and-descending-order-on-same-click","component":"projection","action":"mouseenter"},{"timestamp":"2022-11-25T23:14:09.090Z","url":"https://stackoverflow.com/questions/56809727/sorting-an-array-of-objects-on-both-ascending-and-descending-order-on-same-click","component":"projection","action":"mouseleave"},{"timestamp":"2022-11-25T23:14:09.090Z","url":"https://stackoverflow.com/questions/979256/sorting-an-array-of-objects-by-property-values","component":"projection","action":"mouseenter"},{"timestamp":"2022-11-25T23:14:09.493Z","url":"https://stackoverflow.com/questions/979256/sorting-an-array-of-objects-by-property-values","component":"projection","action":"loaded","data":"projection 10 of 10"},{"timestamp":"2022-11-25T23:14:09.493Z","url":"https://stackoverflow.com/questions/56809727/sorting-an-array-of-objects-on-both-ascending-and-descending-order-on-same-click","component":"projection","action":"loaded","data":"projection 9 of 10"},{"timestamp":"2022-11-25T23:14:09.493Z","url":"https://stackoverflow.com/questions/54623130/javascript-sort-an-array-of-objects-by-a-numeric-property-in-each-object","component":"projection","action":"loaded","data":"projection 8 of 10"},{"timestamp":"2022-11-25T23:14:09.493Z","url":"https://stackoverflow.com/questions/31553155/sort-by-object-key-in-descending-order-on-javascript-underscore","component":"projection","action":"loaded","data":"projection 7 of 10"},{"timestamp":"2022-11-25T23:14:09.493Z","url":"https://stackoverflow.com/questions/56996782/javascript-sorting-objects-not-arrays-in-descending","component":"projection","action":"loaded","data":"projection 6 of 10"},{"timestamp":"2022-11-25T23:14:09.493Z","url":"https://stackoverflow.com/questions/1129216/sort-array-of-objects-by-string-property-value","component":"projection","action":"loaded","data":"projection 5 of 10"},{"timestamp":"2022-11-25T23:14:09.493Z","url":"https://stackoverflow.com/questions/49365109/sort-array-of-objects-with-letters-and-numbers-in-descending-order","component":"projection","action":"loaded","data":"projection 4 of 10"},{"timestamp":"2022-11-25T23:14:09.493Z","url":"https://stackoverflow.com/questions/72084911/how-do-i-sort-array-of-objects-in-descending-order-based-on-alphanumeric-value-i","component":"projection","action":"loaded","data":"projection 3 of 10"},{"timestamp":"2022-11-25T23:14:09.493Z","url":"https://stackoverflow.com/questions/65687818/js-sort-array-of-objets-by-specific-string-property-not-ascending-or-descending","component":"projection","action":"loaded","data":"projection 2 of 10"},{"timestamp":"2022-11-25T23:14:09.493Z","url":"https://stackoverflow.com/questions/12900058/how-can-i-sort-a-javascript-array-of-objects-numerically-and-then-alphabetically","component":"projection","action":"loaded","data":"projection 1 of 10"},{"timestamp":"2022-11-25T23:14:10.158Z","url":"https://stackoverflow.com/questions/979256/sorting-an-array-of-objects-by-property-values","component":"projection","action":"mouseleave"},{"timestamp":"2022-11-25T23:14:10.159Z","url":"https://stackoverflow.com/questions/56809727/sorting-an-array-of-objects-on-both-ascending-and-descending-order-on-same-click","component":"projection","action":"mouseenter"},{"timestamp":"2022-11-25T23:14:14.340Z","url":"https://stackoverflow.com/questions/56809727/sorting-an-array-of-objects-on-both-ascending-and-descending-order-on-same-click","component":"projection","action":"mouseleave"},{"timestamp":"2022-11-25T23:14:14.342Z","url":"https://stackoverflow.com/questions/979256/sorting-an-array-of-objects-by-property-values","component":"projection","action":"mouseenter"},{"timestamp":"2022-11-25T23:14:18.493Z","url":"https://stackoverflow.com/questions/979256/sorting-an-array-of-objects-by-property-values","component":"projection","action":"mouseleave"},{"timestamp":"2022-11-25T23:14:18.494Z","url":"https://stackoverflow.com/questions/56809727/sorting-an-array-of-objects-on-both-ascending-and-descending-order-on-same-click","component":"projection","action":"mouseenter"},{"timestamp":"2022-11-25T23:14:19.516Z","url":"https://stackoverflow.com/questions/56809727/sorting-an-array-of-objects-on-both-ascending-and-descending-order-on-same-click","component":"projection","action":"mouseleave"},{"timestamp":"2022-11-25T23:14:19.519Z","url":"https://stackoverflow.com/questions/979256/sorting-an-array-of-objects-by-property-values","component":"projection","action":"mouseenter"},{"timestamp":"2022-11-25T23:14:20.783Z","url":"https://stackoverflow.com/questions/979256/sorting-an-array-of-objects-by-property-values","component":"page","action":"open"},{"timestamp":"2022-11-25T23:14:20.801Z","url":"https://stackoverflow.com/questions/979256/sorting-an-array-of-objects-by-property-values","component":"projection","action":"mouseleave"},{"timestamp":"2022-11-25T23:14:21.398Z","url":"https://stackoverflow.com/questions/979256/sorting-an-array-of-objects-by-property-values","component":"page","action":"load"},{"timestamp":"2022-11-25T23:14:24.795Z","url":"https://stackoverflow.com/questions/979256/sorting-an-array-of-objects-by-property-values","component":"page","action":"scroll","data":{"viewport":{"x":0,"y":827,"height":663,"width":296},"document":{"height":37739,"width":296},"question":{"identifier":"979256","top":-663.5625,"bottom":580.3125,"right":280,"left":16,"width":264,"height":1243.875},"answers":[{"identifier":"979289","top":697.59375,"bottom":2695.8203125,"right":280,"left":16,"width":264,"height":1998.2265625},{"identifier":"979325","top":2695.8203125,"bottom":4455.6640625,"right":280,"left":16,"width":264,"height":1759.84375},{"identifier":"979278","top":4455.6640625,"bottom":5397.734375,"right":280,"left":16,"width":264,"height":942.0703125},{"identifier":"19970578","top":5397.734375,"bottom":6441.8359375,"right":280,"left":16,"width":264,"height":1044.1015625},{"identifier":"40796335","top":6441.8359375,"bottom":7620.7890625,"right":280,"left":16,"width":264,"height":1178.953125},{"identifier":"26762192","top":7620.7890625,"bottom":10696.8828125,"right":280,"left":16,"width":264,"height":3076.09375},{"identifier":"979295","top":10696.8828125,"bottom":11422.0234375,"right":280,"left":16,"width":264,"height":725.140625},{"identifier":"37440769","top":11422.0234375,"bottom":12471.484375,"right":280,"left":16,"width":264,"height":1049.4609375},{"identifier":"54346678","top":12471.484375,"bottom":13123.890625,"right":280,"left":16,"width":264,"height":652.40625},{"identifier":"60641752","top":13123.890625,"bottom":13874.3828125,"right":280,"left":16,"width":264,"height":750.4921875},{"identifier":"45534960","top":13874.3828125,"bottom":14947.6171875,"right":280,"left":16,"width":264,"height":1073.234375},{"identifier":"56594176","top":14947.6171875,"bottom":15378.5703125,"right":280,"left":16,"width":264,"height":430.953125},{"identifier":"50652203","top":15378.5703125,"bottom":17317.0234375,"right":280,"left":16,"width":264,"height":1938.453125},{"identifier":"21399152","top":17317.0234375,"bottom":18617.1015625,"right":280,"left":16,"width":264,"height":1300.078125},{"identifier":"20421221","top":18617.1015625,"bottom":20258.5546875,"right":280,"left":16,"width":264,"height":1641.453125},{"identifier":"979296","top":20258.5546875,"bottom":20794.5078125,"right":280,"left":16,"width":264,"height":535.953125},{"identifier":"25624937","top":20794.5078125,"bottom":21746.4609375,"right":280,"left":16,"width":264,"height":951.953125},{"identifier":"32773923","top":21746.4609375,"bottom":23605.171875,"right":280,"left":16,"width":264,"height":1858.7109375},{"identifier":"38585024","top":23605.171875,"bottom":23954.625,"right":280,"left":16,"width":264,"height":349.453125},{"identifier":"48662313","top":23954.625,"bottom":24918.078125,"right":280,"left":16,"width":264,"height":963.453125},{"identifier":"66636162","top":24918.078125,"bottom":26275.28125,"right":280,"left":16,"width":264,"height":1357.203125},{"identifier":"72601832","top":26275.28125,"bottom":26859.234375,"right":280,"left":16,"width":264,"height":583.953125},{"identifier":"30066050","top":26859.234375,"bottom":27254.1875,"right":280,"left":16,"width":264,"height":394.953125},{"identifier":"42100506","top":27254.1875,"bottom":28975.765625,"right":280,"left":16,"width":264,"height":1721.578125},{"identifier":"55088845","top":28975.765625,"bottom":29874.21875,"right":280,"left":16,"width":264,"height":898.453125},{"identifier":"43635307","top":29874.21875,"bottom":30432.671875,"right":280,"left":16,"width":264,"height":558.453125},{"identifier":"49146133","top":30432.671875,"bottom":31560.625,"right":280,"left":16,"width":264,"height":1127.953125},{"identifier":"26650562","top":31560.625,"bottom":32459.078125,"right":280,"left":16,"width":264,"height":898.453125},{"identifier":"28247369","top":32459.078125,"bottom":32843.53125,"right":280,"left":16,"width":264,"height":384.453125},{"identifier":"36379158","top":32843.53125,"bottom":34470.484375,"right":280,"left":16,"width":264,"height":1626.953125}]}},{"timestamp":"2022-11-25T23:14:25.876Z","url":"https://stackoverflow.com/questions/979256/sorting-an-array-of-objects-by-property-values","component":"page","action":"scroll","data":{"viewport":{"x":0,"y":1118,"height":663,"width":296},"document":{"height":37739,"width":296},"question":{"identifier":"979256","top":-954.5625,"bottom":289.3125,"right":280,"left":16,"width":264,"height":1243.875},"answers":[{"identifier":"979289","top":406.59375,"bottom":2404.8203125,"right":280,"left":16,"width":264,"height":1998.2265625},{"identifier":"979325","top":2404.8203125,"bottom":4164.6640625,"right":280,"left":16,"width":264,"height":1759.84375},{"identifier":"979278","top":4164.6640625,"bottom":5106.734375,"right":280,"left":16,"width":264,"height":942.0703125},{"identifier":"19970578","top":5106.734375,"bottom":6150.8359375,"right":280,"left":16,"width":264,"height":1044.1015625},{"identifier":"40796335","top":6150.8359375,"bottom":7329.7890625,"right":280,"left":16,"width":264,"height":1178.953125},{"identifier":"26762192","top":7329.7890625,"bottom":10405.8828125,"right":280,"left":16,"width":264,"height":3076.09375},{"identifier":"979295","top":10405.8828125,"bottom":11131.0234375,"right":280,"left":16,"width":264,"height":725.140625},{"identifier":"37440769","top":11131.0234375,"bottom":12180.484375,"right":280,"left":16,"width":264,"height":1049.4609375},{"identifier":"54346678","top":12180.484375,"bottom":12832.890625,"right":280,"left":16,"width":264,"height":652.40625},{"identifier":"60641752","top":12832.890625,"bottom":13583.3828125,"right":280,"left":16,"width":264,"height":750.4921875},{"identifier":"45534960","top":13583.3828125,"bottom":14656.6171875,"right":280,"left":16,"width":264,"height":1073.234375},{"identifier":"56594176","top":14656.6171875,"bottom":15087.5703125,"right":280,"left":16,"width":264,"height":430.953125},{"identifier":"50652203","top":15087.5703125,"bottom":17026.0234375,"right":280,"left":16,"width":264,"height":1938.453125},{"identifier":"21399152","top":17026.0234375,"bottom":18326.1015625,"right":280,"left":16,"width":264,"height":1300.078125},{"identifier":"20421221","top":18326.1015625,"bottom":19967.5546875,"right":280,"left":16,"width":264,"height":1641.453125},{"identifier":"979296","top":19967.5546875,"bottom":20503.5078125,"right":280,"left":16,"width":264,"height":535.953125},{"identifier":"25624937","top":20503.5078125,"bottom":21455.4609375,"right":280,"left":16,"width":264,"height":951.953125},{"identifier":"32773923","top":21455.4609375,"bottom":23314.171875,"right":280,"left":16,"width":264,"height":1858.7109375},{"identifier":"38585024","top":23314.171875,"bottom":23663.625,"right":280,"left":16,"width":264,"height":349.453125},{"identifier":"48662313","top":23663.625,"bottom":24627.078125,"right":280,"left":16,"width":264,"height":963.453125},{"identifier":"66636162","top":24627.078125,"bottom":25984.28125,"right":280,"left":16,"width":264,"height":1357.203125},{"identifier":"72601832","top":25984.28125,"bottom":26568.234375,"right":280,"left":16,"width":264,"height":583.953125},{"identifier":"30066050","top":26568.234375,"bottom":26963.1875,"right":280,"left":16,"width":264,"height":394.953125},{"identifier":"42100506","top":26963.1875,"bottom":28684.765625,"right":280,"left":16,"width":264,"height":1721.578125},{"identifier":"55088845","top":28684.765625,"bottom":29583.21875,"right":280,"left":16,"width":264,"height":898.453125},{"identifier":"43635307","top":29583.21875,"bottom":30141.671875,"right":280,"left":16,"width":264,"height":558.453125},{"identifier":"49146133","top":30141.671875,"bottom":31269.625,"right":280,"left":16,"width":264,"height":1127.953125},{"identifier":"26650562","top":31269.625,"bottom":32168.078125,"right":280,"left":16,"width":264,"height":898.453125},{"identifier":"28247369","top":32168.078125,"bottom":32552.53125,"right":280,"left":16,"width":264,"height":384.453125},{"identifier":"36379158","top":32552.53125,"bottom":34179.484375,"right":280,"left":16,"width":264,"height":1626.953125}]}},{"timestamp":"2022-11-25T23:14:26.692Z","url":"https://stackoverflow.com/questions/979256/sorting-an-array-of-objects-by-property-values","component":"page","action":"scroll","data":{"viewport":{"x":0,"y":1388,"height":663,"width":296},"document":{"height":37739,"width":296},"question":{"identifier":"979256","top":-1224.5625,"bottom":19.3125,"right":280,"left":16,"width":264,"height":1243.875},"answers":[{"identifier":"979289","top":136.59375,"bottom":2134.8203125,"right":280,"left":16,"width":264,"height":1998.2265625},{"identifier":"979325","top":2134.8203125,"bottom":3894.6640625,"right":280,"left":16,"width":264,"height":1759.84375},{"identifier":"979278","top":3894.6640625,"bottom":4836.734375,"right":280,"left":16,"width":264,"height":942.0703125},{"identifier":"19970578","top":4836.734375,"bottom":5880.8359375,"right":280,"left":16,"width":264,"height":1044.1015625},{"identifier":"40796335","top":5880.8359375,"bottom":7059.7890625,"right":280,"left":16,"width":264,"height":1178.953125},{"identifier":"26762192","top":7059.7890625,"bottom":10135.8828125,"right":280,"left":16,"width":264,"height":3076.09375},{"identifier":"979295","top":10135.8828125,"bottom":10861.0234375,"right":280,"left":16,"width":264,"height":725.140625},{"identifier":"37440769","top":10861.0234375,"bottom":11910.484375,"right":280,"left":16,"width":264,"height":1049.4609375},{"identifier":"54346678","top":11910.484375,"bottom":12562.890625,"right":280,"left":16,"width":264,"height":652.40625},{"identifier":"60641752","top":12562.890625,"bottom":13313.3828125,"right":280,"left":16,"width":264,"height":750.4921875},{"identifier":"45534960","top":13313.3828125,"bottom":14386.6171875,"right":280,"left":16,"width":264,"height":1073.234375},{"identifier":"56594176","top":14386.6171875,"bottom":14817.5703125,"right":280,"left":16,"width":264,"height":430.953125},{"identifier":"50652203","top":14817.5703125,"bottom":16756.0234375,"right":280,"left":16,"width":264,"height":1938.453125},{"identifier":"21399152","top":16756.0234375,"bottom":18056.1015625,"right":280,"left":16,"width":264,"height":1300.078125},{"identifier":"20421221","top":18056.1015625,"bottom":19697.5546875,"right":280,"left":16,"width":264,"height":1641.453125},{"identifier":"979296","top":19697.5546875,"bottom":20233.5078125,"right":280,"left":16,"width":264,"height":535.953125},{"identifier":"25624937","top":20233.5078125,"bottom":21185.4609375,"right":280,"left":16,"width":264,"height":951.953125},{"identifier":"32773923","top":21185.4609375,"bottom":23044.171875,"right":280,"left":16,"width":264,"height":1858.7109375},{"identifier":"38585024","top":23044.171875,"bottom":23393.625,"right":280,"left":16,"width":264,"height":349.453125},{"identifier":"48662313","top":23393.625,"bottom":24357.078125,"right":280,"left":16,"width":264,"height":963.453125},{"identifier":"66636162","top":24357.078125,"bottom":25714.28125,"right":280,"left":16,"width":264,"height":1357.203125},{"identifier":"72601832","top":25714.28125,"bottom":26298.234375,"right":280,"left":16,"width":264,"height":583.953125},{"identifier":"30066050","top":26298.234375,"bottom":26693.1875,"right":280,"left":16,"width":264,"height":394.953125},{"identifier":"42100506","top":26693.1875,"bottom":28414.765625,"right":280,"left":16,"width":264,"height":1721.578125},{"identifier":"55088845","top":28414.765625,"bottom":29313.21875,"right":280,"left":16,"width":264,"height":898.453125},{"identifier":"43635307","top":29313.21875,"bottom":29871.671875,"right":280,"left":16,"width":264,"height":558.453125},{"identifier":"49146133","top":29871.671875,"bottom":30999.625,"right":280,"left":16,"width":264,"height":1127.953125},{"identifier":"26650562","top":30999.625,"bottom":31898.078125,"right":280,"left":16,"width":264,"height":898.453125},{"identifier":"28247369","top":31898.078125,"bottom":32282.53125,"right":280,"left":16,"width":264,"height":384.453125},{"identifier":"36379158","top":32282.53125,"bottom":33909.484375,"right":280,"left":16,"width":264,"height":1626.953125}]}},{"timestamp":"2022-11-25T23:14:30.975Z","url":"https://stackoverflow.com/questions/979256/sorting-an-array-of-objects-by-property-values","component":"page","action":"scroll","data":{"viewport":{"x":0,"y":1438,"height":663,"width":296},"document":{"height":37739,"width":296},"question":{"identifier":"979256","top":-1274.5625,"bottom":-30.6875,"right":280,"left":16,"width":264,"height":1243.875},"answers":[{"identifier":"979289","top":86.59375,"bottom":2084.8203125,"right":280,"left":16,"width":264,"height":1998.2265625},{"identifier":"979325","top":2084.8203125,"bottom":3844.6640625,"right":280,"left":16,"width":264,"height":1759.84375},{"identifier":"979278","top":3844.6640625,"bottom":4786.734375,"right":280,"left":16,"width":264,"height":942.0703125},{"identifier":"19970578","top":4786.734375,"bottom":5830.8359375,"right":280,"left":16,"width":264,"height":1044.1015625},{"identifier":"40796335","top":5830.8359375,"bottom":7009.7890625,"right":280,"left":16,"width":264,"height":1178.953125},{"identifier":"26762192","top":7009.7890625,"bottom":10085.8828125,"right":280,"left":16,"width":264,"height":3076.09375},{"identifier":"979295","top":10085.8828125,"bottom":10811.0234375,"right":280,"left":16,"width":264,"height":725.140625},{"identifier":"37440769","top":10811.0234375,"bottom":11860.484375,"right":280,"left":16,"width":264,"height":1049.4609375},{"identifier":"54346678","top":11860.484375,"bottom":12512.890625,"right":280,"left":16,"width":264,"height":652.40625},{"identifier":"60641752","top":12512.890625,"bottom":13263.3828125,"right":280,"left":16,"width":264,"height":750.4921875},{"identifier":"45534960","top":13263.3828125,"bottom":14336.6171875,"right":280,"left":16,"width":264,"height":1073.234375},{"identifier":"56594176","top":14336.6171875,"bottom":14767.5703125,"right":280,"left":16,"width":264,"height":430.953125},{"identifier":"50652203","top":14767.5703125,"bottom":16706.0234375,"right":280,"left":16,"width":264,"height":1938.453125},{"identifier":"21399152","top":16706.0234375,"bottom":18006.1015625,"right":280,"left":16,"width":264,"height":1300.078125},{"identifier":"20421221","top":18006.1015625,"bottom":19647.5546875,"right":280,"left":16,"width":264,"height":1641.453125},{"identifier":"979296","top":19647.5546875,"bottom":20183.5078125,"right":280,"left":16,"width":264,"height":535.953125},{"identifier":"25624937","top":20183.5078125,"bottom":21135.4609375,"right":280,"left":16,"width":264,"height":951.953125},{"identifier":"32773923","top":21135.4609375,"bottom":22994.171875,"right":280,"left":16,"width":264,"height":1858.7109375},{"identifier":"38585024","top":22994.171875,"bottom":23343.625,"right":280,"left":16,"width":264,"height":349.453125},{"identifier":"48662313","top":23343.625,"bottom":24307.078125,"right":280,"left":16,"width":264,"height":963.453125},{"identifier":"66636162","top":24307.078125,"bottom":25664.28125,"right":280,"left":16,"width":264,"height":1357.203125},{"identifier":"72601832","top":25664.28125,"bottom":26248.234375,"right":280,"left":16,"width":264,"height":583.953125},{"identifier":"30066050","top":26248.234375,"bottom":26643.1875,"right":280,"left":16,"width":264,"height":394.953125},{"identifier":"42100506","top":26643.1875,"bottom":28364.765625,"right":280,"left":16,"width":264,"height":1721.578125},{"identifier":"55088845","top":28364.765625,"bottom":29263.21875,"right":280,"left":16,"width":264,"height":898.453125},{"identifier":"43635307","top":29263.21875,"bottom":29821.671875,"right":280,"left":16,"width":264,"height":558.453125},{"identifier":"49146133","top":29821.671875,"bottom":30949.625,"right":280,"left":16,"width":264,"height":1127.953125},{"identifier":"26650562","top":30949.625,"bottom":31848.078125,"right":280,"left":16,"width":264,"height":898.453125},{"identifier":"28247369","top":31848.078125,"bottom":32232.53125,"right":280,"left":16,"width":264,"height":384.453125},{"identifier":"36379158","top":32232.53125,"bottom":33859.484375,"right":280,"left":16,"width":264,"height":1626.953125}]}},{"timestamp":"2022-11-25T23:14:32.017Z","url":"https://stackoverflow.com/questions/979256/sorting-an-array-of-objects-by-property-values","component":"page","action":"copy","data":"homes.sort((a, b) => parseFloat(b.price) - parseFloat(a.price));\n"},{"timestamp":"2022-11-25T23:14:32.122Z","url":"https://stackoverflow.com/questions/979256/sorting-an-array-of-objects-by-property-values","component":"page","action":"selection","data":"homes.sort((a, b) => parseFloat(b.price) - parseFloat(a.price));\n"},{"timestamp":"2022-11-25T23:14:32.220Z","url":"https://stackoverflow.com/questions/979256/sorting-an-array-of-objects-by-property-values","component":"page","action":"copy","data":"homes.sort((a, b) => parseFloat(b.price) - parseFloat(a.price));\n"},{"timestamp":"2022-11-25T23:14:32.389Z","url":"https://stackoverflow.com/questions/979256/sorting-an-array-of-objects-by-property-values","component":"page","action":"copy","data":"homes.sort((a, b) => parseFloat(b.price) - parseFloat(a.price));\n"}]}]}