{"trialId":"27362_3","taskId":"currency","appEvents":[{"timestamp":"2022-11-25T23:10:42.157Z","name":"search","data":"search-start"},{"timestamp":"2022-11-25T23:10:42.177Z","name":"resize","data":{"height":723,"width":300}},{"timestamp":"2022-11-25T23:10:43.365Z","name":"search","data":"search-done"},{"timestamp":"2022-11-25T23:13:51.598Z","name":"resize","data":{"height":0,"width":0}}],"searches":[{"keywords":["format","currency"],"context":{"tokens":[{"kind":"language","value":"javascript"}]},"timestamp":"2022-11-25T23:10:42.157Z","results":[{"signatures":[],"areSignaturesLoading":true,"title":"How to format numbers as currency strings - Stack Overflow","url":"https://stackoverflow.com/questions/149055/how-to-format-numbers-as-currency-strings","displayLink":"https://stackoverflow.com › questions › how-to-format-...","date":"Sep 29, 2008","snippet":"All you need is to add the currency symbol (e.g. \"$\" + profits.toFixed(2) ) and you will have your amount in dollars. Custom function. If you ...","snippetHighlightWords":["currency"]},{"signatures":[],"areSignaturesLoading":true,"title":"How to format numbers as currency strings - Stack Overflow","url":"https://stackoverflow.com/questions/149055/how-to-format-numbers-as-currency-strings/5681208","displayLink":"https://stackoverflow.com › questions › how-to-format-...","date":"66 answers","snippet":"I found this from: accounting.js. It's very easy and perfectly fits my need. // Default usage: accounting.formatMoney(12345678); // $12,345,678.00 ...","snippetHighlightWords":["js"]},{"signatures":[],"areSignaturesLoading":true,"title":"How do I print currency format in JavaScript - Stack Overflow","url":"https://stackoverflow.com/questions/4022171/how-do-i-print-currency-format-in-javascript","displayLink":"https://stackoverflow.com › questions › how-do-i-print-...","snippet":"I am writing a function that takes the float price and returns the formatted currency value with currency code too. like fnPrice( 1001.01 ) should print $ ...","snippetHighlightWords":["currency","currency"]},{"signatures":[],"areSignaturesLoading":true,"title":"How to format currency in JavaScript? - Stack Overflow","url":"https://stackoverflow.com/questions/64297528/how-to-format-currency-in-javascript","displayLink":"https://stackoverflow.com › questions › how-to-format-...","date":"Oct 10, 2020","snippet":"I'm beginner in JavaScript and I'm rendering a list that contains some products. The product price format comes as follows: 3800 , 4000 , 11000 ...","snippetHighlightWords":["JavaScript","format"]},{"signatures":[],"areSignaturesLoading":true,"title":"How to format currency and time in javascript - Stack Overflow","url":"https://stackoverflow.com/questions/60689698/how-to-format-currency-and-time-in-javascript","displayLink":"https://stackoverflow.com › questions › how-to-format-...","date":"Mar 15, 2020","snippet":"To format as currency, you can use Intl.NumberFormat either with or without the currency symbol. It can be used via toLocaleString:.","snippetHighlightWords":["format","currency","currency"]},{"signatures":[],"areSignaturesLoading":true,"title":"Proper JS currency format with commas and decimals","url":"https://stackoverflow.com/questions/19664926/proper-js-currency-format-with-commas-and-decimals","displayLink":"https://stackoverflow.com › questions › proper-js-curre...","date":"Oct 29, 2013","snippet":"The value that you get from text fields is of type 'string'. When you do math on simple strings Javascript will automatically coerce them to ...","snippetHighlightWords":["Javascript"]},{"signatures":[],"areSignaturesLoading":true,"title":"Currency format in euro - javascript - Stack Overflow","url":"https://stackoverflow.com/questions/69668216/currency-format-in-euro","displayLink":"https://stackoverflow.com › questions › currency-forma...","snippet":"For your onChange event on the euro currency, you want to remove the . the same way you are removing the , for the dollars, ...","snippetHighlightWords":["currency"],"extensions":["Oct 21, 2021","1 answer"]},{"signatures":[],"areSignaturesLoading":true,"title":"Javascript Function to Format as Money - Stack Overflow","url":"https://stackoverflow.com/questions/40426965/javascript-function-to-format-as-money","displayLink":"https://stackoverflow.com › questions › javascript-funct...","date":"Nov 4, 2016","snippet":"String.prototype.formatMoney = function(places, symbol, thousand, decimal) { if((this).match(/^$/) && (this).indexOf(',') != -1 && (this)."},{"signatures":[],"areSignaturesLoading":true,"title":"Format currency in JavaScript removing .00 - Stack Overflow","url":"https://stackoverflow.com/questions/46235907/format-currency-in-javascript-removing-00","displayLink":"https://stackoverflow.com › questions › format-currenc...","date":"Sep 15, 2017","snippet":"NumberFormat has the more sensible behavior of rounding away from zero as opposed to other JavaScript methods like Math.round . For example, ...","snippetHighlightWords":["JavaScript"]},{"signatures":[],"areSignaturesLoading":true,"title":"Currency formatting using Intl.NumberFormat without currency ...","url":"https://stackoverflow.com/questions/68549027/currency-formatting-using-intl-numberformat-without-currency-symbol","displayLink":"https://stackoverflow.com › questions › currency-forma...","date":"Jul 27, 2021","snippet":"I am trying to use Intl as a default currency formatter and it is almost perfect. ... I find it bizarre that I spend over an hour looking for a ...","snippetHighlightWords":["currency formatter"]}],"events":[{"timestamp":"2022-11-25T23:10:42.173Z","url":"https://stackoverflow.com/questions/149055/how-to-format-numbers-as-currency-strings","component":"projection","action":"load","data":{"height":107,"width":269.671875,"wc":27,"lc":1}},{"timestamp":"2022-11-25T23:10:42.173Z","url":"https://stackoverflow.com/questions/149055/how-to-format-numbers-as-currency-strings/5681208","component":"projection","action":"load","data":{"height":107,"width":260.0546875,"wc":20,"lc":1}},{"timestamp":"2022-11-25T23:10:42.173Z","url":"https://stackoverflow.com/questions/4022171/how-do-i-print-currency-format-in-javascript","component":"projection","action":"load","data":{"height":85,"width":265.9375,"wc":28,"lc":1}},{"timestamp":"2022-11-25T23:10:42.173Z","url":"https://stackoverflow.com/questions/64297528/how-to-format-currency-in-javascript","component":"projection","action":"load","data":{"height":107,"width":271.921875,"wc":26,"lc":1}},{"timestamp":"2022-11-25T23:10:42.173Z","url":"https://stackoverflow.com/questions/60689698/how-to-format-currency-and-time-in-javascript","component":"projection","action":"load","data":{"height":85,"width":271.4375,"wc":21,"lc":1}},{"timestamp":"2022-11-25T23:10:42.173Z","url":"https://stackoverflow.com/questions/19664926/proper-js-currency-format-with-commas-and-decimals","component":"projection","action":"load","data":{"height":85,"width":262.2578125,"wc":26,"lc":1}},{"timestamp":"2022-11-25T23:10:42.173Z","url":"https://stackoverflow.com/questions/69668216/currency-format-in-euro","component":"projection","action":"load","data":{"height":85,"width":254.65625,"wc":26,"lc":1}},{"timestamp":"2022-11-25T23:10:42.173Z","url":"https://stackoverflow.com/questions/40426965/javascript-function-to-format-as-money","component":"projection","action":"load","data":{"height":85,"width":219.671875,"wc":14,"lc":1}},{"timestamp":"2022-11-25T23:10:42.173Z","url":"https://stackoverflow.com/questions/46235907/format-currency-in-javascript-removing-00","component":"projection","action":"load","data":{"height":85,"width":270.2578125,"wc":23,"lc":1}},{"timestamp":"2022-11-25T23:10:42.173Z","url":"https://stackoverflow.com/questions/68549027/currency-formatting-using-intl-numberformat-without-currency-symbol","component":"projection","action":"load","data":{"height":85,"width":262.7109375,"wc":31,"lc":1}},{"timestamp":"2022-11-25T23:10:43.364Z","url":"https://stackoverflow.com/questions/149055/how-to-format-numbers-as-currency-strings","component":"projection","action":"loaded","data":"projection 10 of 10"},{"timestamp":"2022-11-25T23:10:43.364Z","url":"https://stackoverflow.com/questions/149055/how-to-format-numbers-as-currency-strings/5681208","component":"projection","action":"loaded","data":"projection 9 of 10"},{"timestamp":"2022-11-25T23:10:43.364Z","url":"https://stackoverflow.com/questions/4022171/how-do-i-print-currency-format-in-javascript","component":"projection","action":"loaded","data":"projection 8 of 10"},{"timestamp":"2022-11-25T23:10:43.364Z","url":"https://stackoverflow.com/questions/64297528/how-to-format-currency-in-javascript","component":"projection","action":"loaded","data":"projection 7 of 10"},{"timestamp":"2022-11-25T23:10:43.364Z","url":"https://stackoverflow.com/questions/60689698/how-to-format-currency-and-time-in-javascript","component":"projection","action":"loaded","data":"projection 6 of 10"},{"timestamp":"2022-11-25T23:10:43.364Z","url":"https://stackoverflow.com/questions/19664926/proper-js-currency-format-with-commas-and-decimals","component":"projection","action":"loaded","data":"projection 5 of 10"},{"timestamp":"2022-11-25T23:10:43.364Z","url":"https://stackoverflow.com/questions/69668216/currency-format-in-euro","component":"projection","action":"loaded","data":"projection 4 of 10"},{"timestamp":"2022-11-25T23:10:43.364Z","url":"https://stackoverflow.com/questions/40426965/javascript-function-to-format-as-money","component":"projection","action":"loaded","data":"projection 3 of 10"},{"timestamp":"2022-11-25T23:10:43.364Z","url":"https://stackoverflow.com/questions/46235907/format-currency-in-javascript-removing-00","component":"projection","action":"loaded","data":"projection 2 of 10"},{"timestamp":"2022-11-25T23:10:43.365Z","url":"https://stackoverflow.com/questions/68549027/currency-formatting-using-intl-numberformat-without-currency-symbol","component":"projection","action":"loaded","data":"projection 1 of 10"},{"timestamp":"2022-11-25T23:10:59.514Z","url":"https://stackoverflow.com/questions/149055/how-to-format-numbers-as-currency-strings","component":"projection","action":"mouseenter"},{"timestamp":"2022-11-25T23:11:02.400Z","url":"https://stackoverflow.com/questions/149055/how-to-format-numbers-as-currency-strings","component":"projection","action":"mouseleave"},{"timestamp":"2022-11-25T23:11:02.402Z","url":"https://stackoverflow.com/questions/149055/how-to-format-numbers-as-currency-strings/5681208","component":"projection","action":"mouseenter"},{"timestamp":"2022-11-25T23:11:04.495Z","url":"https://stackoverflow.com/questions/149055/how-to-format-numbers-as-currency-strings/5681208","component":"projection","action":"mouseleave"},{"timestamp":"2022-11-25T23:11:04.496Z","url":"https://stackoverflow.com/questions/4022171/how-do-i-print-currency-format-in-javascript","component":"projection","action":"mouseenter"},{"timestamp":"2022-11-25T23:11:04.767Z","url":"https://stackoverflow.com/questions/4022171/how-do-i-print-currency-format-in-javascript","component":"projection","action":"mouseleave"},{"timestamp":"2022-11-25T23:11:04.767Z","url":"https://stackoverflow.com/questions/149055/how-to-format-numbers-as-currency-strings/5681208","component":"projection","action":"mouseenter"},{"timestamp":"2022-11-25T23:11:04.825Z","url":"https://stackoverflow.com/questions/149055/how-to-format-numbers-as-currency-strings/5681208","component":"projection","action":"mouseleave"},{"timestamp":"2022-11-25T23:11:04.826Z","url":"https://stackoverflow.com/questions/149055/how-to-format-numbers-as-currency-strings","component":"projection","action":"mouseenter"},{"timestamp":"2022-11-25T23:11:05.893Z","url":"https://stackoverflow.com/questions/149055/how-to-format-numbers-as-currency-strings","component":"page","action":"open"},{"timestamp":"2022-11-25T23:11:05.918Z","url":"https://stackoverflow.com/questions/149055/how-to-format-numbers-as-currency-strings","component":"projection","action":"mouseleave"},{"timestamp":"2022-11-25T23:11:06.601Z","url":"https://stackoverflow.com/questions/149055/how-to-format-numbers-as-currency-strings","component":"page","action":"load"},{"timestamp":"2022-11-25T23:11:11.705Z","url":"https://stackoverflow.com/questions/149055/how-to-format-numbers-as-currency-strings","component":"page","action":"scroll","data":{"viewport":{"x":0,"y":507,"height":663,"width":296},"document":{"height":49108,"width":297},"question":{"identifier":"149055","top":-343.5625,"bottom":1381.296875,"right":280,"left":16,"width":264,"height":1724.859375},"answers":[{"identifier":"16233919","top":1498.578125,"bottom":4697.3203125,"right":280,"left":16,"width":264,"height":3198.7421875},{"identifier":"149099","top":4697.3203125,"bottom":8481.5078125,"right":280,"left":16,"width":264,"height":3784.1875},{"identifier":"14428340","top":8481.5078125,"bottom":11827.0625,"right":280,"left":16,"width":264,"height":3345.5546875},{"identifier":"149107","top":11827.0625,"bottom":14061.5,"right":280,"left":16,"width":264,"height":2234.4375},{"identifier":"2866613","top":14061.5,"bottom":16758.53125,"right":280,"left":16,"width":264,"height":2697.03125},{"identifier":"26745078","top":16758.53125,"bottom":17936.125,"right":280,"left":16,"width":264,"height":1177.59375},{"identifier":"7266497","top":17936.125,"bottom":18946.0234375,"right":280,"left":16,"width":264,"height":1009.8984375},{"identifier":"9318724","top":18946.0234375,"bottom":20239.1015625,"right":280,"left":16,"width":264,"height":1293.078125},{"identifier":"5342097","top":20239.1015625,"bottom":21514.9140625,"right":280,"left":16,"width":264,"height":1275.8125},{"identifier":"18994850","top":21514.9140625,"bottom":22998.7890625,"right":280,"left":16,"width":264,"height":1483.875},{"identifier":"9318723","top":22998.7890625,"bottom":23655.171875,"right":280,"left":16,"width":264,"height":656.3828125},{"identifier":"68536579","top":23655.171875,"bottom":24261.7890625,"right":280,"left":16,"width":264,"height":606.6171875},{"identifier":"149150","top":24261.7890625,"bottom":25354.453125,"right":280,"left":16,"width":264,"height":1092.6640625},{"identifier":"12698339","top":25354.453125,"bottom":26223.8984375,"right":280,"left":16,"width":264,"height":869.4453125},{"identifier":"40079019","top":26223.8984375,"bottom":28346.296875,"right":280,"left":16,"width":264,"height":2122.3984375},{"identifier":"6787083","top":28346.296875,"bottom":29330.8515625,"right":280,"left":16,"width":264,"height":984.5546875},{"identifier":"6715476","top":29330.8515625,"bottom":30350.5546875,"right":280,"left":16,"width":264,"height":1019.703125},{"identifier":"8726353","top":30350.5546875,"bottom":30933.2890625,"right":280,"left":16,"width":264,"height":582.734375},{"identifier":"11270819","top":30933.2890625,"bottom":32699.53125,"right":280,"left":16,"width":264,"height":1766.2421875},{"identifier":"149080","top":32699.53125,"bottom":33589.4609375,"right":280,"left":16,"width":264,"height":889.9296875},{"identifier":"60877747","top":33589.4609375,"bottom":34077.46875,"right":280,"left":16,"width":264,"height":488.0078125},{"identifier":"1323064","top":34077.46875,"bottom":35970.59375,"right":280,"left":16,"width":264,"height":1893.125},{"identifier":"10168573","top":35970.59375,"bottom":36867.9140625,"right":280,"left":16,"width":264,"height":897.3203125},{"identifier":"9327950","top":36867.9140625,"bottom":37498.7109375,"right":280,"left":16,"width":264,"height":630.796875},{"identifier":"149120","top":37498.7109375,"bottom":38202.3359375,"right":280,"left":16,"width":264,"height":703.625},{"identifier":"12698442","top":38202.3359375,"bottom":38715.2890625,"right":280,"left":16,"width":264,"height":512.953125},{"identifier":"3284302","top":38715.2890625,"bottom":40065.71875,"right":280,"left":16,"width":264,"height":1350.4296875},{"identifier":"14735423","top":40065.71875,"bottom":41189.171875,"right":280,"left":16,"width":264,"height":1123.453125},{"identifier":"54274936","top":41189.171875,"bottom":41730.8828125,"right":280,"left":16,"width":264,"height":541.7109375},{"identifier":"23717185","top":41730.8828125,"bottom":45973.6328125,"right":280,"left":16,"width":264,"height":4242.75}]}},{"timestamp":"2022-11-25T23:11:13.267Z","url":"https://stackoverflow.com/questions/149055/how-to-format-numbers-as-currency-strings","component":"page","action":"scroll","data":{"viewport":{"x":0,"y":782,"height":663,"width":296},"document":{"height":49108,"width":297},"question":{"identifier":"149055","top":-618.5625,"bottom":1106.296875,"right":280,"left":16,"width":264,"height":1724.859375},"answers":[{"identifier":"16233919","top":1223.578125,"bottom":4422.3203125,"right":280,"left":16,"width":264,"height":3198.7421875},{"identifier":"149099","top":4422.3203125,"bottom":8206.5078125,"right":280,"left":16,"width":264,"height":3784.1875},{"identifier":"14428340","top":8206.5078125,"bottom":11552.0625,"right":280,"left":16,"width":264,"height":3345.5546875},{"identifier":"149107","top":11552.0625,"bottom":13786.5,"right":280,"left":16,"width":264,"height":2234.4375},{"identifier":"2866613","top":13786.5,"bottom":16483.53125,"right":280,"left":16,"width":264,"height":2697.03125},{"identifier":"26745078","top":16483.53125,"bottom":17661.125,"right":280,"left":16,"width":264,"height":1177.59375},{"identifier":"7266497","top":17661.125,"bottom":18671.0234375,"right":280,"left":16,"width":264,"height":1009.8984375},{"identifier":"9318724","top":18671.0234375,"bottom":19964.1015625,"right":280,"left":16,"width":264,"height":1293.078125},{"identifier":"5342097","top":19964.1015625,"bottom":21239.9140625,"right":280,"left":16,"width":264,"height":1275.8125},{"identifier":"18994850","top":21239.9140625,"bottom":22723.7890625,"right":280,"left":16,"width":264,"height":1483.875},{"identifier":"9318723","top":22723.7890625,"bottom":23380.171875,"right":280,"left":16,"width":264,"height":656.3828125},{"identifier":"68536579","top":23380.171875,"bottom":23986.7890625,"right":280,"left":16,"width":264,"height":606.6171875},{"identifier":"149150","top":23986.7890625,"bottom":25079.453125,"right":280,"left":16,"width":264,"height":1092.6640625},{"identifier":"12698339","top":25079.453125,"bottom":25948.8984375,"right":280,"left":16,"width":264,"height":869.4453125},{"identifier":"40079019","top":25948.8984375,"bottom":28071.296875,"right":280,"left":16,"width":264,"height":2122.3984375},{"identifier":"6787083","top":28071.296875,"bottom":29055.8515625,"right":280,"left":16,"width":264,"height":984.5546875},{"identifier":"6715476","top":29055.8515625,"bottom":30075.5546875,"right":280,"left":16,"width":264,"height":1019.703125},{"identifier":"8726353","top":30075.5546875,"bottom":30658.2890625,"right":280,"left":16,"width":264,"height":582.734375},{"identifier":"11270819","top":30658.2890625,"bottom":32424.53125,"right":280,"left":16,"width":264,"height":1766.2421875},{"identifier":"149080","top":32424.53125,"bottom":33314.4609375,"right":280,"left":16,"width":264,"height":889.9296875},{"identifier":"60877747","top":33314.4609375,"bottom":33802.46875,"right":280,"left":16,"width":264,"height":488.0078125},{"identifier":"1323064","top":33802.46875,"bottom":35695.59375,"right":280,"left":16,"width":264,"height":1893.125},{"identifier":"10168573","top":35695.59375,"bottom":36592.9140625,"right":280,"left":16,"width":264,"height":897.3203125},{"identifier":"9327950","top":36592.9140625,"bottom":37223.7109375,"right":280,"left":16,"width":264,"height":630.796875},{"identifier":"149120","top":37223.7109375,"bottom":37927.3359375,"right":280,"left":16,"width":264,"height":703.625},{"identifier":"12698442","top":37927.3359375,"bottom":38440.2890625,"right":280,"left":16,"width":264,"height":512.953125},{"identifier":"3284302","top":38440.2890625,"bottom":39790.71875,"right":280,"left":16,"width":264,"height":1350.4296875},{"identifier":"14735423","top":39790.71875,"bottom":40914.171875,"right":280,"left":16,"width":264,"height":1123.453125},{"identifier":"54274936","top":40914.171875,"bottom":41455.8828125,"right":280,"left":16,"width":264,"height":541.7109375},{"identifier":"23717185","top":41455.8828125,"bottom":45698.6328125,"right":280,"left":16,"width":264,"height":4242.75}]}},{"timestamp":"2022-11-25T23:11:15.342Z","url":"https://stackoverflow.com/questions/149055/how-to-format-numbers-as-currency-strings","component":"page","action":"scroll","data":{"viewport":{"x":0,"y":1673,"height":663,"width":296},"document":{"height":49108,"width":297},"question":{"identifier":"149055","top":-1509.5625,"bottom":215.296875,"right":280,"left":16,"width":264,"height":1724.859375},"answers":[{"identifier":"16233919","top":332.578125,"bottom":3531.3203125,"right":280,"left":16,"width":264,"height":3198.7421875},{"identifier":"149099","top":3531.3203125,"bottom":7315.5078125,"right":280,"left":16,"width":264,"height":3784.1875},{"identifier":"14428340","top":7315.5078125,"bottom":10661.0625,"right":280,"left":16,"width":264,"height":3345.5546875},{"identifier":"149107","top":10661.0625,"bottom":12895.5,"right":280,"left":16,"width":264,"height":2234.4375},{"identifier":"2866613","top":12895.5,"bottom":15592.53125,"right":280,"left":16,"width":264,"height":2697.03125},{"identifier":"26745078","top":15592.53125,"bottom":16770.125,"right":280,"left":16,"width":264,"height":1177.59375},{"identifier":"7266497","top":16770.125,"bottom":17780.0234375,"right":280,"left":16,"width":264,"height":1009.8984375},{"identifier":"9318724","top":17780.0234375,"bottom":19073.1015625,"right":280,"left":16,"width":264,"height":1293.078125},{"identifier":"5342097","top":19073.1015625,"bottom":20348.9140625,"right":280,"left":16,"width":264,"height":1275.8125},{"identifier":"18994850","top":20348.9140625,"bottom":21832.7890625,"right":280,"left":16,"width":264,"height":1483.875},{"identifier":"9318723","top":21832.7890625,"bottom":22489.171875,"right":280,"left":16,"width":264,"height":656.3828125},{"identifier":"68536579","top":22489.171875,"bottom":23095.7890625,"right":280,"left":16,"width":264,"height":606.6171875},{"identifier":"149150","top":23095.7890625,"bottom":24188.453125,"right":280,"left":16,"width":264,"height":1092.6640625},{"identifier":"12698339","top":24188.453125,"bottom":25057.8984375,"right":280,"left":16,"width":264,"height":869.4453125},{"identifier":"40079019","top":25057.8984375,"bottom":27180.296875,"right":280,"left":16,"width":264,"height":2122.3984375},{"identifier":"6787083","top":27180.296875,"bottom":28164.8515625,"right":280,"left":16,"width":264,"height":984.5546875},{"identifier":"6715476","top":28164.8515625,"bottom":29184.5546875,"right":280,"left":16,"width":264,"height":1019.703125},{"identifier":"8726353","top":29184.5546875,"bottom":29767.2890625,"right":280,"left":16,"width":264,"height":582.734375},{"identifier":"11270819","top":29767.2890625,"bottom":31533.53125,"right":280,"left":16,"width":264,"height":1766.2421875},{"identifier":"149080","top":31533.53125,"bottom":32423.4609375,"right":280,"left":16,"width":264,"height":889.9296875},{"identifier":"60877747","top":32423.4609375,"bottom":32911.46875,"right":280,"left":16,"width":264,"height":488.0078125},{"identifier":"1323064","top":32911.46875,"bottom":34804.59375,"right":280,"left":16,"width":264,"height":1893.125},{"identifier":"10168573","top":34804.59375,"bottom":35701.9140625,"right":280,"left":16,"width":264,"height":897.3203125},{"identifier":"9327950","top":35701.9140625,"bottom":36332.7109375,"right":280,"left":16,"width":264,"height":630.796875},{"identifier":"149120","top":36332.7109375,"bottom":37036.3359375,"right":280,"left":16,"width":264,"height":703.625},{"identifier":"12698442","top":37036.3359375,"bottom":37549.2890625,"right":280,"left":16,"width":264,"height":512.953125},{"identifier":"3284302","top":37549.2890625,"bottom":38899.71875,"right":280,"left":16,"width":264,"height":1350.4296875},{"identifier":"14735423","top":38899.71875,"bottom":40023.171875,"right":280,"left":16,"width":264,"height":1123.453125},{"identifier":"54274936","top":40023.171875,"bottom":40564.8828125,"right":280,"left":16,"width":264,"height":541.7109375},{"identifier":"23717185","top":40564.8828125,"bottom":44807.6328125,"right":280,"left":16,"width":264,"height":4242.75}]}},{"timestamp":"2022-11-25T23:11:16.179Z","url":"https://stackoverflow.com/questions/149055/how-to-format-numbers-as-currency-strings","component":"page","action":"scroll","data":{"viewport":{"x":0,"y":2043,"height":663,"width":296},"document":{"height":49108,"width":297},"question":{"identifier":"149055","top":-1879.5625,"bottom":-154.703125,"right":280,"left":16,"width":264,"height":1724.859375},"answers":[{"identifier":"16233919","top":-37.421875,"bottom":3161.3203125,"right":280,"left":16,"width":264,"height":3198.7421875},{"identifier":"149099","top":3161.3203125,"bottom":6945.5078125,"right":280,"left":16,"width":264,"height":3784.1875},{"identifier":"14428340","top":6945.5078125,"bottom":10291.0625,"right":280,"left":16,"width":264,"height":3345.5546875},{"identifier":"149107","top":10291.0625,"bottom":12525.5,"right":280,"left":16,"width":264,"height":2234.4375},{"identifier":"2866613","top":12525.5,"bottom":15222.53125,"right":280,"left":16,"width":264,"height":2697.03125},{"identifier":"26745078","top":15222.53125,"bottom":16400.125,"right":280,"left":16,"width":264,"height":1177.59375},{"identifier":"7266497","top":16400.125,"bottom":17410.0234375,"right":280,"left":16,"width":264,"height":1009.8984375},{"identifier":"9318724","top":17410.0234375,"bottom":18703.1015625,"right":280,"left":16,"width":264,"height":1293.078125},{"identifier":"5342097","top":18703.1015625,"bottom":19978.9140625,"right":280,"left":16,"width":264,"height":1275.8125},{"identifier":"18994850","top":19978.9140625,"bottom":21462.7890625,"right":280,"left":16,"width":264,"height":1483.875},{"identifier":"9318723","top":21462.7890625,"bottom":22119.171875,"right":280,"left":16,"width":264,"height":656.3828125},{"identifier":"68536579","top":22119.171875,"bottom":22725.7890625,"right":280,"left":16,"width":264,"height":606.6171875},{"identifier":"149150","top":22725.7890625,"bottom":23818.453125,"right":280,"left":16,"width":264,"height":1092.6640625},{"identifier":"12698339","top":23818.453125,"bottom":24687.8984375,"right":280,"left":16,"width":264,"height":869.4453125},{"identifier":"40079019","top":24687.8984375,"bottom":26810.296875,"right":280,"left":16,"width":264,"height":2122.3984375},{"identifier":"6787083","top":26810.296875,"bottom":27794.8515625,"right":280,"left":16,"width":264,"height":984.5546875},{"identifier":"6715476","top":27794.8515625,"bottom":28814.5546875,"right":280,"left":16,"width":264,"height":1019.703125},{"identifier":"8726353","top":28814.5546875,"bottom":29397.2890625,"right":280,"left":16,"width":264,"height":582.734375},{"identifier":"11270819","top":29397.2890625,"bottom":31163.53125,"right":280,"left":16,"width":264,"height":1766.2421875},{"identifier":"149080","top":31163.53125,"bottom":32053.4609375,"right":280,"left":16,"width":264,"height":889.9296875},{"identifier":"60877747","top":32053.4609375,"bottom":32541.46875,"right":280,"left":16,"width":264,"height":488.0078125},{"identifier":"1323064","top":32541.46875,"bottom":34434.59375,"right":280,"left":16,"width":264,"height":1893.125},{"identifier":"10168573","top":34434.59375,"bottom":35331.9140625,"right":280,"left":16,"width":264,"height":897.3203125},{"identifier":"9327950","top":35331.9140625,"bottom":35962.7109375,"right":280,"left":16,"width":264,"height":630.796875},{"identifier":"149120","top":35962.7109375,"bottom":36666.3359375,"right":280,"left":16,"width":264,"height":703.625},{"identifier":"12698442","top":36666.3359375,"bottom":37179.2890625,"right":280,"left":16,"width":264,"height":512.953125},{"identifier":"3284302","top":37179.2890625,"bottom":38529.71875,"right":280,"left":16,"width":264,"height":1350.4296875},{"identifier":"14735423","top":38529.71875,"bottom":39653.171875,"right":280,"left":16,"width":264,"height":1123.453125},{"identifier":"54274936","top":39653.171875,"bottom":40194.8828125,"right":280,"left":16,"width":264,"height":541.7109375},{"identifier":"23717185","top":40194.8828125,"bottom":44437.6328125,"right":280,"left":16,"width":264,"height":4242.75}]}},{"timestamp":"2022-11-25T23:11:17.767Z","url":"https://stackoverflow.com/questions/149055/how-to-format-numbers-as-currency-strings","component":"page","action":"scroll","data":{"viewport":{"x":0,"y":2004,"height":663,"width":296},"document":{"height":49108,"width":297},"question":{"identifier":"149055","top":-1840.5625,"bottom":-115.703125,"right":280,"left":16,"width":264,"height":1724.859375},"answers":[{"identifier":"16233919","top":1.578125,"bottom":3200.3203125,"right":280,"left":16,"width":264,"height":3198.7421875},{"identifier":"149099","top":3200.3203125,"bottom":6984.5078125,"right":280,"left":16,"width":264,"height":3784.1875},{"identifier":"14428340","top":6984.5078125,"bottom":10330.0625,"right":280,"left":16,"width":264,"height":3345.5546875},{"identifier":"149107","top":10330.0625,"bottom":12564.5,"right":280,"left":16,"width":264,"height":2234.4375},{"identifier":"2866613","top":12564.5,"bottom":15261.53125,"right":280,"left":16,"width":264,"height":2697.03125},{"identifier":"26745078","top":15261.53125,"bottom":16439.125,"right":280,"left":16,"width":264,"height":1177.59375},{"identifier":"7266497","top":16439.125,"bottom":17449.0234375,"right":280,"left":16,"width":264,"height":1009.8984375},{"identifier":"9318724","top":17449.0234375,"bottom":18742.1015625,"right":280,"left":16,"width":264,"height":1293.078125},{"identifier":"5342097","top":18742.1015625,"bottom":20017.9140625,"right":280,"left":16,"width":264,"height":1275.8125},{"identifier":"18994850","top":20017.9140625,"bottom":21501.7890625,"right":280,"left":16,"width":264,"height":1483.875},{"identifier":"9318723","top":21501.7890625,"bottom":22158.171875,"right":280,"left":16,"width":264,"height":656.3828125},{"identifier":"68536579","top":22158.171875,"bottom":22764.7890625,"right":280,"left":16,"width":264,"height":606.6171875},{"identifier":"149150","top":22764.7890625,"bottom":23857.453125,"right":280,"left":16,"width":264,"height":1092.6640625},{"identifier":"12698339","top":23857.453125,"bottom":24726.8984375,"right":280,"left":16,"width":264,"height":869.4453125},{"identifier":"40079019","top":24726.8984375,"bottom":26849.296875,"right":280,"left":16,"width":264,"height":2122.3984375},{"identifier":"6787083","top":26849.296875,"bottom":27833.8515625,"right":280,"left":16,"width":264,"height":984.5546875},{"identifier":"6715476","top":27833.8515625,"bottom":28853.5546875,"right":280,"left":16,"width":264,"height":1019.703125},{"identifier":"8726353","top":28853.5546875,"bottom":29436.2890625,"right":280,"left":16,"width":264,"height":582.734375},{"identifier":"11270819","top":29436.2890625,"bottom":31202.53125,"right":280,"left":16,"width":264,"height":1766.2421875},{"identifier":"149080","top":31202.53125,"bottom":32092.4609375,"right":280,"left":16,"width":264,"height":889.9296875},{"identifier":"60877747","top":32092.4609375,"bottom":32580.46875,"right":280,"left":16,"width":264,"height":488.0078125},{"identifier":"1323064","top":32580.46875,"bottom":34473.59375,"right":280,"left":16,"width":264,"height":1893.125},{"identifier":"10168573","top":34473.59375,"bottom":35370.9140625,"right":280,"left":16,"width":264,"height":897.3203125},{"identifier":"9327950","top":35370.9140625,"bottom":36001.7109375,"right":280,"left":16,"width":264,"height":630.796875},{"identifier":"149120","top":36001.7109375,"bottom":36705.3359375,"right":280,"left":16,"width":264,"height":703.625},{"identifier":"12698442","top":36705.3359375,"bottom":37218.2890625,"right":280,"left":16,"width":264,"height":512.953125},{"identifier":"3284302","top":37218.2890625,"bottom":38568.71875,"right":280,"left":16,"width":264,"height":1350.4296875},{"identifier":"14735423","top":38568.71875,"bottom":39692.171875,"right":280,"left":16,"width":264,"height":1123.453125},{"identifier":"54274936","top":39692.171875,"bottom":40233.8828125,"right":280,"left":16,"width":264,"height":541.7109375},{"identifier":"23717185","top":40233.8828125,"bottom":44476.6328125,"right":280,"left":16,"width":264,"height":4242.75}]}},{"timestamp":"2022-11-25T23:11:24.134Z","url":"https://stackoverflow.com/questions/149055/how-to-format-numbers-as-currency-strings","component":"page","action":"scroll","data":{"viewport":{"x":0,"y":1975,"height":663,"width":296},"document":{"height":49108,"width":297},"question":{"identifier":"149055","top":-1811.5625,"bottom":-86.703125,"right":280,"left":16,"width":264,"height":1724.859375},"answers":[{"identifier":"16233919","top":30.578125,"bottom":3229.3203125,"right":280,"left":16,"width":264,"height":3198.7421875},{"identifier":"149099","top":3229.3203125,"bottom":7013.5078125,"right":280,"left":16,"width":264,"height":3784.1875},{"identifier":"14428340","top":7013.5078125,"bottom":10359.0625,"right":280,"left":16,"width":264,"height":3345.5546875},{"identifier":"149107","top":10359.0625,"bottom":12593.5,"right":280,"left":16,"width":264,"height":2234.4375},{"identifier":"2866613","top":12593.5,"bottom":15290.53125,"right":280,"left":16,"width":264,"height":2697.03125},{"identifier":"26745078","top":15290.53125,"bottom":16468.125,"right":280,"left":16,"width":264,"height":1177.59375},{"identifier":"7266497","top":16468.125,"bottom":17478.0234375,"right":280,"left":16,"width":264,"height":1009.8984375},{"identifier":"9318724","top":17478.0234375,"bottom":18771.1015625,"right":280,"left":16,"width":264,"height":1293.078125},{"identifier":"5342097","top":18771.1015625,"bottom":20046.9140625,"right":280,"left":16,"width":264,"height":1275.8125},{"identifier":"18994850","top":20046.9140625,"bottom":21530.7890625,"right":280,"left":16,"width":264,"height":1483.875},{"identifier":"9318723","top":21530.7890625,"bottom":22187.171875,"right":280,"left":16,"width":264,"height":656.3828125},{"identifier":"68536579","top":22187.171875,"bottom":22793.7890625,"right":280,"left":16,"width":264,"height":606.6171875},{"identifier":"149150","top":22793.7890625,"bottom":23886.453125,"right":280,"left":16,"width":264,"height":1092.6640625},{"identifier":"12698339","top":23886.453125,"bottom":24755.8984375,"right":280,"left":16,"width":264,"height":869.4453125},{"identifier":"40079019","top":24755.8984375,"bottom":26878.296875,"right":280,"left":16,"width":264,"height":2122.3984375},{"identifier":"6787083","top":26878.296875,"bottom":27862.8515625,"right":280,"left":16,"width":264,"height":984.5546875},{"identifier":"6715476","top":27862.8515625,"bottom":28882.5546875,"right":280,"left":16,"width":264,"height":1019.703125},{"identifier":"8726353","top":28882.5546875,"bottom":29465.2890625,"right":280,"left":16,"width":264,"height":582.734375},{"identifier":"11270819","top":29465.2890625,"bottom":31231.53125,"right":280,"left":16,"width":264,"height":1766.2421875},{"identifier":"149080","top":31231.53125,"bottom":32121.4609375,"right":280,"left":16,"width":264,"height":889.9296875},{"identifier":"60877747","top":32121.4609375,"bottom":32609.46875,"right":280,"left":16,"width":264,"height":488.0078125},{"identifier":"1323064","top":32609.46875,"bottom":34502.59375,"right":280,"left":16,"width":264,"height":1893.125},{"identifier":"10168573","top":34502.59375,"bottom":35399.9140625,"right":280,"left":16,"width":264,"height":897.3203125},{"identifier":"9327950","top":35399.9140625,"bottom":36030.7109375,"right":280,"left":16,"width":264,"height":630.796875},{"identifier":"149120","top":36030.7109375,"bottom":36734.3359375,"right":280,"left":16,"width":264,"height":703.625},{"identifier":"12698442","top":36734.3359375,"bottom":37247.2890625,"right":280,"left":16,"width":264,"height":512.953125},{"identifier":"3284302","top":37247.2890625,"bottom":38597.71875,"right":280,"left":16,"width":264,"height":1350.4296875},{"identifier":"14735423","top":38597.71875,"bottom":39721.171875,"right":280,"left":16,"width":264,"height":1123.453125},{"identifier":"54274936","top":39721.171875,"bottom":40262.8828125,"right":280,"left":16,"width":264,"height":541.7109375},{"identifier":"23717185","top":40262.8828125,"bottom":44505.6328125,"right":280,"left":16,"width":264,"height":4242.75}]}},{"timestamp":"2022-11-25T23:11:54.903Z","url":"https://stackoverflow.com/questions/149055/how-to-format-numbers-as-currency-strings","component":"page","action":"selection","data":"const formatter = new Intl.NumberFormat('en-US', {\n  style: 'currency',\n  currency: 'USD',\n\n  // These options are needed to round to whole numbers if that's what you want.\n  //minimumFractionDigits: 0, // (this suffices for whole numbers, but will print 2500.10 as $2,500.1)\n  //maximumFractionDigits: 0, // (causes 2500.99 to be printed as $2,501)\n});\n\nconsole.log(formatter.format(2500)); /* $2,500.00 */"},{"timestamp":"2022-11-25T23:11:55.544Z","url":"https://stackoverflow.com/questions/149055/how-to-format-numbers-as-currency-strings","component":"page","action":"copy","data":"const formatter = new Intl.NumberFormat('en-US', {\n  style: 'currency',\n  currency: 'USD',\n\n  // These options are needed to round to whole numbers if that's what you want.\n  //minimumFractionDigits: 0, // (this suffices for whole numbers, but will print 2500.10 as $2,500.1)\n  //maximumFractionDigits: 0, // (causes 2500.99 to be printed as $2,501)\n});\n\nconsole.log(formatter.format(2500)); /* $2,500.00 */"},{"timestamp":"2022-11-25T23:11:55.724Z","url":"https://stackoverflow.com/questions/149055/how-to-format-numbers-as-currency-strings","component":"page","action":"copy","data":"const formatter = new Intl.NumberFormat('en-US', {\n  style: 'currency',\n  currency: 'USD',\n\n  // These options are needed to round to whole numbers if that's what you want.\n  //minimumFractionDigits: 0, // (this suffices for whole numbers, but will print 2500.10 as $2,500.1)\n  //maximumFractionDigits: 0, // (causes 2500.99 to be printed as $2,501)\n});\n\nconsole.log(formatter.format(2500)); /* $2,500.00 */"},{"timestamp":"2022-11-25T23:11:55.887Z","url":"https://stackoverflow.com/questions/149055/how-to-format-numbers-as-currency-strings","component":"page","action":"copy","data":"const formatter = new Intl.NumberFormat('en-US', {\n  style: 'currency',\n  currency: 'USD',\n\n  // These options are needed to round to whole numbers if that's what you want.\n  //minimumFractionDigits: 0, // (this suffices for whole numbers, but will print 2500.10 as $2,500.1)\n  //maximumFractionDigits: 0, // (causes 2500.99 to be printed as $2,501)\n});\n\nconsole.log(formatter.format(2500)); /* $2,500.00 */"},{"timestamp":"2022-11-25T23:11:56.050Z","url":"https://stackoverflow.com/questions/149055/how-to-format-numbers-as-currency-strings","component":"page","action":"copy","data":"const formatter = new Intl.NumberFormat('en-US', {\n  style: 'currency',\n  currency: 'USD',\n\n  // These options are needed to round to whole numbers if that's what you want.\n  //minimumFractionDigits: 0, // (this suffices for whole numbers, but will print 2500.10 as $2,500.1)\n  //maximumFractionDigits: 0, // (causes 2500.99 to be printed as $2,501)\n});\n\nconsole.log(formatter.format(2500)); /* $2,500.00 */"},{"timestamp":"2022-11-25T23:12:04.308Z","url":"https://stackoverflow.com/questions/149055/how-to-format-numbers-as-currency-strings","component":"page","action":"scroll","data":{"viewport":{"x":0,"y":1893,"height":663,"width":296},"document":{"height":49108,"width":297},"question":{"identifier":"149055","top":-1729.5625,"bottom":-4.703125,"right":280,"left":16,"width":264,"height":1724.859375},"answers":[{"identifier":"16233919","top":112.578125,"bottom":3311.3203125,"right":280,"left":16,"width":264,"height":3198.7421875},{"identifier":"149099","top":3311.3203125,"bottom":7095.5078125,"right":280,"left":16,"width":264,"height":3784.1875},{"identifier":"14428340","top":7095.5078125,"bottom":10441.0625,"right":280,"left":16,"width":264,"height":3345.5546875},{"identifier":"149107","top":10441.0625,"bottom":12675.5,"right":280,"left":16,"width":264,"height":2234.4375},{"identifier":"2866613","top":12675.5,"bottom":15372.53125,"right":280,"left":16,"width":264,"height":2697.03125},{"identifier":"26745078","top":15372.53125,"bottom":16550.125,"right":280,"left":16,"width":264,"height":1177.59375},{"identifier":"7266497","top":16550.125,"bottom":17560.0234375,"right":280,"left":16,"width":264,"height":1009.8984375},{"identifier":"9318724","top":17560.0234375,"bottom":18853.1015625,"right":280,"left":16,"width":264,"height":1293.078125},{"identifier":"5342097","top":18853.1015625,"bottom":20128.9140625,"right":280,"left":16,"width":264,"height":1275.8125},{"identifier":"18994850","top":20128.9140625,"bottom":21612.7890625,"right":280,"left":16,"width":264,"height":1483.875},{"identifier":"9318723","top":21612.7890625,"bottom":22269.171875,"right":280,"left":16,"width":264,"height":656.3828125},{"identifier":"68536579","top":22269.171875,"bottom":22875.7890625,"right":280,"left":16,"width":264,"height":606.6171875},{"identifier":"149150","top":22875.7890625,"bottom":23968.453125,"right":280,"left":16,"width":264,"height":1092.6640625},{"identifier":"12698339","top":23968.453125,"bottom":24837.8984375,"right":280,"left":16,"width":264,"height":869.4453125},{"identifier":"40079019","top":24837.8984375,"bottom":26960.296875,"right":280,"left":16,"width":264,"height":2122.3984375},{"identifier":"6787083","top":26960.296875,"bottom":27944.8515625,"right":280,"left":16,"width":264,"height":984.5546875},{"identifier":"6715476","top":27944.8515625,"bottom":28964.5546875,"right":280,"left":16,"width":264,"height":1019.703125},{"identifier":"8726353","top":28964.5546875,"bottom":29547.2890625,"right":280,"left":16,"width":264,"height":582.734375},{"identifier":"11270819","top":29547.2890625,"bottom":31313.53125,"right":280,"left":16,"width":264,"height":1766.2421875},{"identifier":"149080","top":31313.53125,"bottom":32203.4609375,"right":280,"left":16,"width":264,"height":889.9296875},{"identifier":"60877747","top":32203.4609375,"bottom":32691.46875,"right":280,"left":16,"width":264,"height":488.0078125},{"identifier":"1323064","top":32691.46875,"bottom":34584.59375,"right":280,"left":16,"width":264,"height":1893.125},{"identifier":"10168573","top":34584.59375,"bottom":35481.9140625,"right":280,"left":16,"width":264,"height":897.3203125},{"identifier":"9327950","top":35481.9140625,"bottom":36112.7109375,"right":280,"left":16,"width":264,"height":630.796875},{"identifier":"149120","top":36112.7109375,"bottom":36816.3359375,"right":280,"left":16,"width":264,"height":703.625},{"identifier":"12698442","top":36816.3359375,"bottom":37329.2890625,"right":280,"left":16,"width":264,"height":512.953125},{"identifier":"3284302","top":37329.2890625,"bottom":38679.71875,"right":280,"left":16,"width":264,"height":1350.4296875},{"identifier":"14735423","top":38679.71875,"bottom":39803.171875,"right":280,"left":16,"width":264,"height":1123.453125},{"identifier":"54274936","top":39803.171875,"bottom":40344.8828125,"right":280,"left":16,"width":264,"height":541.7109375},{"identifier":"23717185","top":40344.8828125,"bottom":44587.6328125,"right":280,"left":16,"width":264,"height":4242.75}]}},{"timestamp":"2022-11-25T23:12:08.238Z","url":"https://stackoverflow.com/questions/149055/how-to-format-numbers-as-currency-strings","component":"page","action":"scroll","data":{"viewport":{"x":0,"y":2288,"height":663,"width":296},"document":{"height":49108,"width":297},"question":{"identifier":"149055","top":-2124.5625,"bottom":-399.703125,"right":280,"left":16,"width":264,"height":1724.859375},"answers":[{"identifier":"16233919","top":-282.421875,"bottom":2916.3203125,"right":280,"left":16,"width":264,"height":3198.7421875},{"identifier":"149099","top":2916.3203125,"bottom":6700.5078125,"right":280,"left":16,"width":264,"height":3784.1875},{"identifier":"14428340","top":6700.5078125,"bottom":10046.0625,"right":280,"left":16,"width":264,"height":3345.5546875},{"identifier":"149107","top":10046.0625,"bottom":12280.5,"right":280,"left":16,"width":264,"height":2234.4375},{"identifier":"2866613","top":12280.5,"bottom":14977.53125,"right":280,"left":16,"width":264,"height":2697.03125},{"identifier":"26745078","top":14977.53125,"bottom":16155.125,"right":280,"left":16,"width":264,"height":1177.59375},{"identifier":"7266497","top":16155.125,"bottom":17165.0234375,"right":280,"left":16,"width":264,"height":1009.8984375},{"identifier":"9318724","top":17165.0234375,"bottom":18458.1015625,"right":280,"left":16,"width":264,"height":1293.078125},{"identifier":"5342097","top":18458.1015625,"bottom":19733.9140625,"right":280,"left":16,"width":264,"height":1275.8125},{"identifier":"18994850","top":19733.9140625,"bottom":21217.7890625,"right":280,"left":16,"width":264,"height":1483.875},{"identifier":"9318723","top":21217.7890625,"bottom":21874.171875,"right":280,"left":16,"width":264,"height":656.3828125},{"identifier":"68536579","top":21874.171875,"bottom":22480.7890625,"right":280,"left":16,"width":264,"height":606.6171875},{"identifier":"149150","top":22480.7890625,"bottom":23573.453125,"right":280,"left":16,"width":264,"height":1092.6640625},{"identifier":"12698339","top":23573.453125,"bottom":24442.8984375,"right":280,"left":16,"width":264,"height":869.4453125},{"identifier":"40079019","top":24442.8984375,"bottom":26565.296875,"right":280,"left":16,"width":264,"height":2122.3984375},{"identifier":"6787083","top":26565.296875,"bottom":27549.8515625,"right":280,"left":16,"width":264,"height":984.5546875},{"identifier":"6715476","top":27549.8515625,"bottom":28569.5546875,"right":280,"left":16,"width":264,"height":1019.703125},{"identifier":"8726353","top":28569.5546875,"bottom":29152.2890625,"right":280,"left":16,"width":264,"height":582.734375},{"identifier":"11270819","top":29152.2890625,"bottom":30918.53125,"right":280,"left":16,"width":264,"height":1766.2421875},{"identifier":"149080","top":30918.53125,"bottom":31808.4609375,"right":280,"left":16,"width":264,"height":889.9296875},{"identifier":"60877747","top":31808.4609375,"bottom":32296.46875,"right":280,"left":16,"width":264,"height":488.0078125},{"identifier":"1323064","top":32296.46875,"bottom":34189.59375,"right":280,"left":16,"width":264,"height":1893.125},{"identifier":"10168573","top":34189.59375,"bottom":35086.9140625,"right":280,"left":16,"width":264,"height":897.3203125},{"identifier":"9327950","top":35086.9140625,"bottom":35717.7109375,"right":280,"left":16,"width":264,"height":630.796875},{"identifier":"149120","top":35717.7109375,"bottom":36421.3359375,"right":280,"left":16,"width":264,"height":703.625},{"identifier":"12698442","top":36421.3359375,"bottom":36934.2890625,"right":280,"left":16,"width":264,"height":512.953125},{"identifier":"3284302","top":36934.2890625,"bottom":38284.71875,"right":280,"left":16,"width":264,"height":1350.4296875},{"identifier":"14735423","top":38284.71875,"bottom":39408.171875,"right":280,"left":16,"width":264,"height":1123.453125},{"identifier":"54274936","top":39408.171875,"bottom":39949.8828125,"right":280,"left":16,"width":264,"height":541.7109375},{"identifier":"23717185","top":39949.8828125,"bottom":44192.6328125,"right":280,"left":16,"width":264,"height":4242.75}]}},{"timestamp":"2022-11-25T23:12:09.958Z","url":"https://stackoverflow.com/questions/149055/how-to-format-numbers-as-currency-strings","component":"page","action":"scroll","data":{"viewport":{"x":0,"y":2475,"height":663,"width":296},"document":{"height":49108,"width":297},"question":{"identifier":"149055","top":-2311.5625,"bottom":-586.703125,"right":280,"left":16,"width":264,"height":1724.859375},"answers":[{"identifier":"16233919","top":-469.421875,"bottom":2729.3203125,"right":280,"left":16,"width":264,"height":3198.7421875},{"identifier":"149099","top":2729.3203125,"bottom":6513.5078125,"right":280,"left":16,"width":264,"height":3784.1875},{"identifier":"14428340","top":6513.5078125,"bottom":9859.0625,"right":280,"left":16,"width":264,"height":3345.5546875},{"identifier":"149107","top":9859.0625,"bottom":12093.5,"right":280,"left":16,"width":264,"height":2234.4375},{"identifier":"2866613","top":12093.5,"bottom":14790.53125,"right":280,"left":16,"width":264,"height":2697.03125},{"identifier":"26745078","top":14790.53125,"bottom":15968.125,"right":280,"left":16,"width":264,"height":1177.59375},{"identifier":"7266497","top":15968.125,"bottom":16978.0234375,"right":280,"left":16,"width":264,"height":1009.8984375},{"identifier":"9318724","top":16978.0234375,"bottom":18271.1015625,"right":280,"left":16,"width":264,"height":1293.078125},{"identifier":"5342097","top":18271.1015625,"bottom":19546.9140625,"right":280,"left":16,"width":264,"height":1275.8125},{"identifier":"18994850","top":19546.9140625,"bottom":21030.7890625,"right":280,"left":16,"width":264,"height":1483.875},{"identifier":"9318723","top":21030.7890625,"bottom":21687.171875,"right":280,"left":16,"width":264,"height":656.3828125},{"identifier":"68536579","top":21687.171875,"bottom":22293.7890625,"right":280,"left":16,"width":264,"height":606.6171875},{"identifier":"149150","top":22293.7890625,"bottom":23386.453125,"right":280,"left":16,"width":264,"height":1092.6640625},{"identifier":"12698339","top":23386.453125,"bottom":24255.8984375,"right":280,"left":16,"width":264,"height":869.4453125},{"identifier":"40079019","top":24255.8984375,"bottom":26378.296875,"right":280,"left":16,"width":264,"height":2122.3984375},{"identifier":"6787083","top":26378.296875,"bottom":27362.8515625,"right":280,"left":16,"width":264,"height":984.5546875},{"identifier":"6715476","top":27362.8515625,"bottom":28382.5546875,"right":280,"left":16,"width":264,"height":1019.703125},{"identifier":"8726353","top":28382.5546875,"bottom":28965.2890625,"right":280,"left":16,"width":264,"height":582.734375},{"identifier":"11270819","top":28965.2890625,"bottom":30731.53125,"right":280,"left":16,"width":264,"height":1766.2421875},{"identifier":"149080","top":30731.53125,"bottom":31621.4609375,"right":280,"left":16,"width":264,"height":889.9296875},{"identifier":"60877747","top":31621.4609375,"bottom":32109.46875,"right":280,"left":16,"width":264,"height":488.0078125},{"identifier":"1323064","top":32109.46875,"bottom":34002.59375,"right":280,"left":16,"width":264,"height":1893.125},{"identifier":"10168573","top":34002.59375,"bottom":34899.9140625,"right":280,"left":16,"width":264,"height":897.3203125},{"identifier":"9327950","top":34899.9140625,"bottom":35530.7109375,"right":280,"left":16,"width":264,"height":630.796875},{"identifier":"149120","top":35530.7109375,"bottom":36234.3359375,"right":280,"left":16,"width":264,"height":703.625},{"identifier":"12698442","top":36234.3359375,"bottom":36747.2890625,"right":280,"left":16,"width":264,"height":512.953125},{"identifier":"3284302","top":36747.2890625,"bottom":38097.71875,"right":280,"left":16,"width":264,"height":1350.4296875},{"identifier":"14735423","top":38097.71875,"bottom":39221.171875,"right":280,"left":16,"width":264,"height":1123.453125},{"identifier":"54274936","top":39221.171875,"bottom":39762.8828125,"right":280,"left":16,"width":264,"height":541.7109375},{"identifier":"23717185","top":39762.8828125,"bottom":44005.6328125,"right":280,"left":16,"width":264,"height":4242.75}]}}]}]}