{"trialId":"27362_3","taskId":"serve","appEvents":[{"timestamp":"2022-11-25T23:17:40.121Z","name":"search","data":"search-start"},{"timestamp":"2022-11-25T23:17:42.751Z","name":"search","data":"search-done"},{"timestamp":"2022-11-25T23:18:58.123Z","name":"search","data":"search-start"},{"timestamp":"2022-11-25T23:19:01.004Z","name":"search","data":"search-done"},{"timestamp":"2022-11-25T23:23:21.600Z","name":"resize","data":{"height":0,"width":0}}],"searches":[{"keywords":["javascript","serve","static","file"],"context":{"tokens":[{"kind":"language","value":"javascript"}]},"timestamp":"2022-11-25T23:17:40.119Z","results":[{"signatures":[],"areSignaturesLoading":true,"title":"Node.js quick file server (static files over HTTP) - Stack Overflow","snippet":"First install node-static server via npm install node-static -g -g is to install it ...","url":"https://stackoverflow.com/questions/16333790/node-js-quick-file-server-static-files-over-http","displayLink":"https://stackoverflow.com › questions › node-js-quick-f...","snippetHighlightWords":["static server","static"]},{"signatures":[],"areSignaturesLoading":true,"title":"What exactly does 'serving static files' mean? - Stack Overflow","snippet":"Static files are typically files such as scripts, CSS files, images, etc... that aren't server-generated, but must be sent to the browser when ...","url":"https://stackoverflow.com/questions/28918845/what-exactly-does-serving-static-files-mean","displayLink":"https://stackoverflow.com › questions › what-exactly-d...","snippetHighlightWords":["Static files","files","files","server"],"date":"Mar 7, 2015"},{"signatures":[],"areSignaturesLoading":true,"title":"How do I serve static files through Node.js locally?","snippet":"The easiest solution I found on serving local static files is to use Http-Server. Its usage is dead simple. After installing it globally","url":"https://stackoverflow.com/questions/26145451/how-do-i-serve-static-files-through-node-js-locally","displayLink":"https://stackoverflow.com › questions › how-do-i-serve...","snippetHighlightWords":["serving","static files","Server"],"date":"Oct 1, 2014 3 answers"},{"signatures":[],"areSignaturesLoading":true,"title":"How to properly use serve-static? - Stack Overflow","snippet":"Issue: I get a blank page, where the console says that everything supplementary in my \"app\" folder (APART FROM HTML FILES THEMSELVES!) ( ...","url":"https://stackoverflow.com/questions/63711537/how-to-properly-use-serve-static","displayLink":"https://stackoverflow.com › questions › how-to-properl...","snippetHighlightWords":["FILES"],"date":"Sep 2, 2020"},{"signatures":[],"areSignaturesLoading":true,"title":"How to serve static files from root path '/' - Stack Overflow","snippet":"To serve static files such as images, CSS files, and JavaScript files, use the express.static built-in middleware function in Express.","url":"https://stackoverflow.com/questions/72861892/how-to-serve-static-files-from-root-path","displayLink":"https://stackoverflow.com › questions › how-to-serve-st...","snippetHighlightWords":["serve static files","files","JavaScript files","express","static"],"date":"Jul 4, 2022"},{"signatures":[],"areSignaturesLoading":true,"title":"How do I serve static files with authentication? - Stack Overflow","snippet":"go to / · be redirected to facebook for login · go back to / · have index.html served and loaded · have script-a.js and script-b.js load correctly.","url":"https://stackoverflow.com/questions/69877117/how-do-i-serve-static-files-with-authentication","displayLink":"https://stackoverflow.com › questions › how-do-i-serve...","snippetHighlightWords":["served","js","js"],"date":"Nov 7, 2021"},{"signatures":[],"areSignaturesLoading":true,"title":"Express.js just won't serve static files - Stack Overflow","snippet":"What URL are you trying to get your server to serve statically? And which file in your public directory are you expecting to be served for that ...","url":"https://stackoverflow.com/questions/71451988/express-js-just-wont-serve-static-files","displayLink":"https://stackoverflow.com › questions › express-js-just-...","snippetHighlightWords":["server","serve","file","served"],"date":"Mar 12, 2022"},{"signatures":[],"areSignaturesLoading":true,"title":"How to serve static files in ExpressJS on some paths and not ...","snippet":"var express = require('express'); var app = express(); express.static(__dirname); app.use(redirectUnmatched); function redirectUnmatched(req, ...","url":"https://stackoverflow.com/questions/65115458/how-to-serve-static-files-in-expressjs-on-some-paths-and-not-others","displayLink":"https://stackoverflow.com › questions › how-to-serve-st...","snippetHighlightWords":["express","static"],"date":"Dec 2, 2020"},{"signatures":[],"areSignaturesLoading":true,"title":"Trying to serve static JS files Node.js, Err 404 - Stack Overflow","snippet":"app.use(express.static('Static')) try putting this line above your '/' route. code: var express = require('express'); var app = express(); ...","url":"https://stackoverflow.com/questions/68548841/trying-to-serve-static-js-files-node-js-err-404","displayLink":"https://stackoverflow.com › questions › trying-to-serve-...","snippetHighlightWords":["express","static"],"date":"Jul 27, 2021 1 answer"},{"signatures":[],"areSignaturesLoading":true,"title":"nodejs express app serve static files from public/js folder not ...","snippet":"1. Add this middleware in the index.js above you set view engine. app.use(express.static(path.join(__dirname, \"public\"))); ...","url":"https://stackoverflow.com/questions/72411261/nodejs-express-app-serve-static-files-from-public-js-folder-not-work","displayLink":"https://stackoverflow.com › questions › nodejs-express-...","snippetHighlightWords":["js","express","static"],"date":"May 27, 2022 1 answer"}],"events":[{"timestamp":"2022-11-25T23:17:41.565Z","url":"https://stackoverflow.com/questions/16333790/node-js-quick-file-server-static-files-over-http","component":"projection","action":"load","data":{"height":41,"width":247.734375,"wc":15,"lc":1}},{"timestamp":"2022-11-25T23:17:41.565Z","url":"https://stackoverflow.com/questions/28918845/what-exactly-does-serving-static-files-mean","component":"projection","action":"load","data":{"height":85,"width":246.765625,"wc":24,"lc":1}},{"timestamp":"2022-11-25T23:17:41.565Z","url":"https://stackoverflow.com/questions/26145451/how-do-i-serve-static-files-through-node-js-locally","component":"projection","action":"load","data":{"height":85,"width":244.75,"wc":23,"lc":1}},{"timestamp":"2022-11-25T23:17:41.565Z","url":"https://stackoverflow.com/questions/63711537/how-to-properly-use-serve-static","component":"projection","action":"load","data":{"height":85,"width":267.9609375,"wc":24,"lc":1}},{"timestamp":"2022-11-25T23:17:41.565Z","url":"https://stackoverflow.com/questions/72861892/how-to-serve-static-files-from-root-path","component":"projection","action":"load","data":{"height":85,"width":271.546875,"wc":20,"lc":1}},{"timestamp":"2022-11-25T23:17:41.565Z","url":"https://stackoverflow.com/questions/69877117/how-do-i-serve-static-files-with-authentication","component":"projection","action":"load","data":{"height":85,"width":257.859375,"wc":28,"lc":1}},{"timestamp":"2022-11-25T23:17:41.565Z","url":"https://stackoverflow.com/questions/71451988/express-js-just-wont-serve-static-files","component":"projection","action":"load","data":{"height":85,"width":268.46875,"wc":28,"lc":1}},{"timestamp":"2022-11-25T23:17:41.565Z","url":"https://stackoverflow.com/questions/65115458/how-to-serve-static-files-in-expressjs-on-some-paths-and-not-others","component":"projection","action":"load","data":{"height":107,"width":245.703125,"wc":13,"lc":1}},{"timestamp":"2022-11-25T23:17:41.565Z","url":"https://stackoverflow.com/questions/68548841/trying-to-serve-static-js-files-node-js-err-404","component":"projection","action":"load","data":{"height":85,"width":268.7265625,"wc":19,"lc":1}},{"timestamp":"2022-11-25T23:17:41.565Z","url":"https://stackoverflow.com/questions/72411261/nodejs-express-app-serve-static-files-from-public-js-folder-not-work","component":"projection","action":"load","data":{"height":107,"width":266.5390625,"wc":15,"lc":1}},{"timestamp":"2022-11-25T23:17:41.997Z","url":"https://stackoverflow.com/questions/16333790/node-js-quick-file-server-static-files-over-http","component":"projection","action":"mouseenter"},{"timestamp":"2022-11-25T23:17:42.047Z","url":"https://stackoverflow.com/questions/16333790/node-js-quick-file-server-static-files-over-http","component":"projection","action":"mouseleave"},{"timestamp":"2022-11-25T23:17:42.047Z","url":"https://stackoverflow.com/questions/28918845/what-exactly-does-serving-static-files-mean","component":"projection","action":"mouseenter"},{"timestamp":"2022-11-25T23:17:42.101Z","url":"https://stackoverflow.com/questions/28918845/what-exactly-does-serving-static-files-mean","component":"projection","action":"mouseleave"},{"timestamp":"2022-11-25T23:17:42.188Z","url":"https://stackoverflow.com/questions/26145451/how-do-i-serve-static-files-through-node-js-locally","component":"projection","action":"mouseenter"},{"timestamp":"2022-11-25T23:17:42.730Z","url":"https://stackoverflow.com/questions/26145451/how-do-i-serve-static-files-through-node-js-locally","component":"projection","action":"mouseleave"},{"timestamp":"2022-11-25T23:17:42.730Z","url":"https://stackoverflow.com/questions/28918845/what-exactly-does-serving-static-files-mean","component":"projection","action":"mouseenter"},{"timestamp":"2022-11-25T23:17:42.751Z","url":"https://stackoverflow.com/questions/16333790/node-js-quick-file-server-static-files-over-http","component":"projection","action":"loaded","data":"projection 10 of 10"},{"timestamp":"2022-11-25T23:17:42.751Z","url":"https://stackoverflow.com/questions/28918845/what-exactly-does-serving-static-files-mean","component":"projection","action":"loaded","data":"projection 9 of 10"},{"timestamp":"2022-11-25T23:17:42.751Z","url":"https://stackoverflow.com/questions/26145451/how-do-i-serve-static-files-through-node-js-locally","component":"projection","action":"loaded","data":"projection 8 of 10"},{"timestamp":"2022-11-25T23:17:42.751Z","url":"https://stackoverflow.com/questions/63711537/how-to-properly-use-serve-static","component":"projection","action":"loaded","data":"projection 7 of 10"},{"timestamp":"2022-11-25T23:17:42.751Z","url":"https://stackoverflow.com/questions/72861892/how-to-serve-static-files-from-root-path","component":"projection","action":"loaded","data":"projection 6 of 10"},{"timestamp":"2022-11-25T23:17:42.751Z","url":"https://stackoverflow.com/questions/69877117/how-do-i-serve-static-files-with-authentication","component":"projection","action":"loaded","data":"projection 5 of 10"},{"timestamp":"2022-11-25T23:17:42.751Z","url":"https://stackoverflow.com/questions/71451988/express-js-just-wont-serve-static-files","component":"projection","action":"loaded","data":"projection 4 of 10"},{"timestamp":"2022-11-25T23:17:42.751Z","url":"https://stackoverflow.com/questions/65115458/how-to-serve-static-files-in-expressjs-on-some-paths-and-not-others","component":"projection","action":"loaded","data":"projection 3 of 10"},{"timestamp":"2022-11-25T23:17:42.751Z","url":"https://stackoverflow.com/questions/68548841/trying-to-serve-static-js-files-node-js-err-404","component":"projection","action":"loaded","data":"projection 2 of 10"},{"timestamp":"2022-11-25T23:17:42.751Z","url":"https://stackoverflow.com/questions/72411261/nodejs-express-app-serve-static-files-from-public-js-folder-not-work","component":"projection","action":"loaded","data":"projection 1 of 10"},{"timestamp":"2022-11-25T23:17:42.938Z","url":"https://stackoverflow.com/questions/28918845/what-exactly-does-serving-static-files-mean","component":"projection","action":"mouseleave"},{"timestamp":"2022-11-25T23:17:42.938Z","url":"https://stackoverflow.com/questions/16333790/node-js-quick-file-server-static-files-over-http","component":"projection","action":"mouseenter"},{"timestamp":"2022-11-25T23:17:44.239Z","url":"https://stackoverflow.com/questions/16333790/node-js-quick-file-server-static-files-over-http","component":"projection","action":"mouseleave"},{"timestamp":"2022-11-25T23:17:44.240Z","url":"https://stackoverflow.com/questions/28918845/what-exactly-does-serving-static-files-mean","component":"projection","action":"mouseenter"},{"timestamp":"2022-11-25T23:17:45.561Z","url":"https://stackoverflow.com/questions/28918845/what-exactly-does-serving-static-files-mean","component":"page","action":"open"},{"timestamp":"2022-11-25T23:17:45.581Z","url":"https://stackoverflow.com/questions/28918845/what-exactly-does-serving-static-files-mean","component":"projection","action":"mouseleave"},{"timestamp":"2022-11-25T23:17:45.848Z","url":"https://stackoverflow.com/questions/28918845/what-exactly-does-serving-static-files-mean","component":"page","action":"load"},{"timestamp":"2022-11-25T23:17:53.152Z","url":"https://stackoverflow.com/questions/28918845/what-exactly-does-serving-static-files-mean","component":"page","action":"scroll","data":{"viewport":{"x":0,"y":4454,"height":663,"width":296},"document":{"height":9068,"width":296},"question":{"identifier":"28918845","top":-4268.1796875,"bottom":-2279.28125,"right":280,"left":16,"width":264,"height":1988.8984375},"answers":[{"identifier":"28918943","top":-2199,"bottom":-128.703125,"right":280,"left":16,"width":264,"height":2070.296875},{"identifier":"28918951","top":-128.703125,"bottom":2103.5,"right":280,"left":16,"width":264,"height":2232.203125}]}},{"timestamp":"2022-11-25T23:17:56.022Z","url":"https://stackoverflow.com/questions/28918845/what-exactly-does-serving-static-files-mean","component":"page","action":"scroll","data":{"viewport":{"x":0,"y":4514,"height":663,"width":296},"document":{"height":9068,"width":296},"question":{"identifier":"28918845","top":-4328.1796875,"bottom":-2339.28125,"right":280,"left":16,"width":264,"height":1988.8984375},"answers":[{"identifier":"28918943","top":-2259,"bottom":-188.703125,"right":280,"left":16,"width":264,"height":2070.296875},{"identifier":"28918951","top":-188.703125,"bottom":2043.5,"right":280,"left":16,"width":264,"height":2232.203125}]}},{"timestamp":"2022-11-25T23:17:57.856Z","url":"https://stackoverflow.com/questions/28918845/what-exactly-does-serving-static-files-mean","component":"page","action":"scroll","data":{"viewport":{"x":0,"y":4516,"height":663,"width":296},"document":{"height":9068,"width":296},"question":{"identifier":"28918845","top":-4330.1796875,"bottom":-2341.28125,"right":280,"left":16,"width":264,"height":1988.8984375},"answers":[{"identifier":"28918943","top":-2261,"bottom":-190.703125,"right":280,"left":16,"width":264,"height":2070.296875},{"identifier":"28918951","top":-190.703125,"bottom":2041.5,"right":280,"left":16,"width":264,"height":2232.203125}]}},{"timestamp":"2022-11-25T23:18:06.976Z","url":"https://stackoverflow.com/questions/28918845/what-exactly-does-serving-static-files-mean","component":"page","action":"scroll","data":{"viewport":{"x":0,"y":5026,"height":663,"width":296},"document":{"height":9068,"width":296},"question":{"identifier":"28918845","top":-4840.1796875,"bottom":-2851.28125,"right":280,"left":16,"width":264,"height":1988.8984375},"answers":[{"identifier":"28918943","top":-2771,"bottom":-700.703125,"right":280,"left":16,"width":264,"height":2070.296875},{"identifier":"28918951","top":-700.703125,"bottom":1531.5,"right":280,"left":16,"width":264,"height":2232.203125}]}},{"timestamp":"2022-11-25T23:18:07.853Z","url":"https://stackoverflow.com/questions/28918845/what-exactly-does-serving-static-files-mean","component":"page","action":"scroll","data":{"viewport":{"x":0,"y":5490,"height":663,"width":296},"document":{"height":9068,"width":296},"question":{"identifier":"28918845","top":-5304.1796875,"bottom":-3315.28125,"right":280,"left":16,"width":264,"height":1988.8984375},"answers":[{"identifier":"28918943","top":-3235,"bottom":-1164.703125,"right":280,"left":16,"width":264,"height":2070.296875},{"identifier":"28918951","top":-1164.703125,"bottom":1067.5,"right":280,"left":16,"width":264,"height":2232.203125}]}},{"timestamp":"2022-11-25T23:18:09.358Z","url":"https://stackoverflow.com/questions/28918845/what-exactly-does-serving-static-files-mean","component":"page","action":"scroll","data":{"viewport":{"x":0,"y":6396,"height":663,"width":296},"document":{"height":9068,"width":296},"question":{"identifier":"28918845","top":-6210.1796875,"bottom":-4221.28125,"right":280,"left":16,"width":264,"height":1988.8984375},"answers":[{"identifier":"28918943","top":-4141,"bottom":-2070.703125,"right":280,"left":16,"width":264,"height":2070.296875},{"identifier":"28918951","top":-2070.703125,"bottom":161.5,"right":280,"left":16,"width":264,"height":2232.203125}]}},{"timestamp":"2022-11-25T23:18:09.937Z","url":"https://stackoverflow.com/questions/28918845/what-exactly-does-serving-static-files-mean","component":"page","action":"close"},{"timestamp":"2022-11-25T23:18:10.314Z","url":"https://stackoverflow.com/questions/16333790/node-js-quick-file-server-static-files-over-http","component":"projection","action":"mouseenter"},{"timestamp":"2022-11-25T23:18:10.363Z","url":"https://stackoverflow.com/questions/16333790/node-js-quick-file-server-static-files-over-http","component":"projection","action":"mouseleave"},{"timestamp":"2022-11-25T23:18:10.364Z","url":"https://stackoverflow.com/questions/28918845/what-exactly-does-serving-static-files-mean","component":"projection","action":"mouseenter"},{"timestamp":"2022-11-25T23:18:10.438Z","url":"https://stackoverflow.com/questions/28918845/what-exactly-does-serving-static-files-mean","component":"projection","action":"mouseleave"},{"timestamp":"2022-11-25T23:18:10.439Z","url":"https://stackoverflow.com/questions/26145451/how-do-i-serve-static-files-through-node-js-locally","component":"projection","action":"mouseenter"},{"timestamp":"2022-11-25T23:18:10.847Z","url":"https://stackoverflow.com/questions/26145451/how-do-i-serve-static-files-through-node-js-locally","component":"projection","action":"mouseleave"},{"timestamp":"2022-11-25T23:18:10.850Z","url":"https://stackoverflow.com/questions/63711537/how-to-properly-use-serve-static","component":"projection","action":"mouseenter"},{"timestamp":"2022-11-25T23:18:11.848Z","url":"https://stackoverflow.com/questions/63711537/how-to-properly-use-serve-static","component":"projection","action":"mouseleave"},{"timestamp":"2022-11-25T23:18:11.849Z","url":"https://stackoverflow.com/questions/26145451/how-do-i-serve-static-files-through-node-js-locally","component":"projection","action":"mouseenter"},{"timestamp":"2022-11-25T23:18:12.516Z","url":"https://stackoverflow.com/questions/26145451/how-do-i-serve-static-files-through-node-js-locally","component":"page","action":"open"},{"timestamp":"2022-11-25T23:18:12.534Z","url":"https://stackoverflow.com/questions/26145451/how-do-i-serve-static-files-through-node-js-locally","component":"projection","action":"mouseleave"},{"timestamp":"2022-11-25T23:18:12.822Z","url":"https://stackoverflow.com/questions/26145451/how-do-i-serve-static-files-through-node-js-locally","component":"page","action":"load"},{"timestamp":"2022-11-25T23:18:16.215Z","url":"https://stackoverflow.com/questions/26145451/how-do-i-serve-static-files-through-node-js-locally","component":"page","action":"scroll","data":{"viewport":{"x":0,"y":947,"height":663,"width":296},"document":{"height":9236,"width":296},"question":{"identifier":"26145451","top":-761.1796875,"bottom":1447.6484375,"right":280,"left":16,"width":264,"height":2208.828125},"answers":[{"identifier":"34325733","top":1527.9296875,"bottom":2288.7421875,"right":280,"left":16,"width":264,"height":760.8125},{"identifier":"26152339","top":2288.7421875,"bottom":4224.2265625,"right":280,"left":16,"width":264,"height":1935.484375},{"identifier":"32915238","top":4224.2265625,"bottom":5866.1796875,"right":280,"left":16,"width":264,"height":1641.953125}]}},{"timestamp":"2022-11-25T23:18:19.002Z","url":"https://stackoverflow.com/questions/26145451/how-do-i-serve-static-files-through-node-js-locally","component":"page","action":"scroll","data":{"viewport":{"x":0,"y":2271,"height":663,"width":296},"document":{"height":9236,"width":296},"question":{"identifier":"26145451","top":-2085.1796875,"bottom":123.6484375,"right":280,"left":16,"width":264,"height":2208.828125},"answers":[{"identifier":"34325733","top":203.9296875,"bottom":964.7421875,"right":280,"left":16,"width":264,"height":760.8125},{"identifier":"26152339","top":964.7421875,"bottom":2900.2265625,"right":280,"left":16,"width":264,"height":1935.484375},{"identifier":"32915238","top":2900.2265625,"bottom":4542.1796875,"right":280,"left":16,"width":264,"height":1641.953125}]}},{"timestamp":"2022-11-25T23:18:20.298Z","url":"https://stackoverflow.com/questions/26145451/how-do-i-serve-static-files-through-node-js-locally","component":"page","action":"scroll","data":{"viewport":{"x":0,"y":2505,"height":663,"width":296},"document":{"height":9236,"width":296},"question":{"identifier":"26145451","top":-2319.1796875,"bottom":-110.3515625,"right":280,"left":16,"width":264,"height":2208.828125},"answers":[{"identifier":"34325733","top":-30.0703125,"bottom":730.7421875,"right":280,"left":16,"width":264,"height":760.8125},{"identifier":"26152339","top":730.7421875,"bottom":2666.2265625,"right":280,"left":16,"width":264,"height":1935.484375},{"identifier":"32915238","top":2666.2265625,"bottom":4308.1796875,"right":280,"left":16,"width":264,"height":1641.953125}]}},{"timestamp":"2022-11-25T23:18:22.966Z","url":"https://stackoverflow.com/questions/26145451/how-do-i-serve-static-files-through-node-js-locally","component":"page","action":"scroll","data":{"viewport":{"x":0,"y":3631,"height":663,"width":296},"document":{"height":9236,"width":296},"question":{"identifier":"26145451","top":-3445.1796875,"bottom":-1236.3515625,"right":280,"left":16,"width":264,"height":2208.828125},"answers":[{"identifier":"34325733","top":-1156.0703125,"bottom":-395.2578125,"right":280,"left":16,"width":264,"height":760.8125},{"identifier":"26152339","top":-395.2578125,"bottom":1540.2265625,"right":280,"left":16,"width":264,"height":1935.484375},{"identifier":"32915238","top":1540.2265625,"bottom":3182.1796875,"right":280,"left":16,"width":264,"height":1641.953125}]}},{"timestamp":"2022-11-25T23:18:29.508Z","url":"https://stackoverflow.com/questions/26145451/how-do-i-serve-static-files-through-node-js-locally","component":"page","action":"selection","data":"serving static assets"},{"timestamp":"2022-11-25T23:18:56.855Z","url":"https://stackoverflow.com/questions/26145451/how-do-i-serve-static-files-through-node-js-locally","component":"page","action":"close"},{"timestamp":"2022-11-25T23:18:57.180Z","url":"https://stackoverflow.com/questions/16333790/node-js-quick-file-server-static-files-over-http","component":"projection","action":"mouseenter"},{"timestamp":"2022-11-25T23:18:57.204Z","url":"https://stackoverflow.com/questions/16333790/node-js-quick-file-server-static-files-over-http","component":"projection","action":"mouseleave"},{"timestamp":"2022-11-25T23:18:57.205Z","url":"https://stackoverflow.com/questions/28918845/what-exactly-does-serving-static-files-mean","component":"projection","action":"mouseenter"},{"timestamp":"2022-11-25T23:18:57.246Z","url":"https://stackoverflow.com/questions/28918845/what-exactly-does-serving-static-files-mean","component":"projection","action":"mouseleave"},{"timestamp":"2022-11-25T23:18:57.247Z","url":"https://stackoverflow.com/questions/26145451/how-do-i-serve-static-files-through-node-js-locally","component":"projection","action":"mouseenter"},{"timestamp":"2022-11-25T23:18:58.092Z","url":"https://stackoverflow.com/questions/26145451/how-do-i-serve-static-files-through-node-js-locally","component":"projection","action":"mouseleave"},{"timestamp":"2022-11-25T23:18:58.093Z","url":"https://stackoverflow.com/questions/63711537/how-to-properly-use-serve-static","component":"projection","action":"mouseenter"}]},{"keywords":["javascript","serve","static","file"],"context":{"tokens":[{"kind":"library","value":"express"},{"kind":"library","value":"path"},{"kind":"language","value":"javascript"}]},"timestamp":"2022-11-25T23:18:58.122Z","results":[{"signatures":[],"areSignaturesLoading":true,"title":"How to serve static files in ExpressJS on some paths and not ...","snippet":"I have this piece of code: var express = require('express'); var app = express(); express. static(__dirname); app.","url":"https://stackoverflow.com/questions/65115458/how-to-serve-static-files-in-expressjs-on-some-paths-and-not-others","displayLink":"https://stackoverflow.com › questions › how-to-serve-st...","snippetHighlightWords":["express","express","express","express","static"],"date":"Dec 2, 2020"},{"signatures":[],"areSignaturesLoading":true,"title":"nodejs express app serve static files from public/js folder not ...","snippet":"1. Add this middleware in the index.js above you set view engine. app.use(express.static(path.join(__dirname, \"public\"))); · 2. Folder Structure.","url":"https://stackoverflow.com/questions/72411261/nodejs-express-app-serve-static-files-from-public-js-folder-not-work","displayLink":"https://stackoverflow.com › questions › nodejs-express-...","snippetHighlightWords":["js","express","static","path"],"date":"May 27, 2022 1 answer"},{"signatures":[],"areSignaturesLoading":true,"title":"Static Files in express - node.js - Stack Overflow","snippet":"In the Express framework, express.static() is often used for serving a group of static files (all in one directory or in one directory ...","url":"https://stackoverflow.com/questions/71668735/static-files-in-express","displayLink":"https://stackoverflow.com › questions › static-files-in-ex...","snippetHighlightWords":["Express","express","static","serving","static files","directory","directory"],"date":"Mar 29, 2022"},{"signatures":[],"areSignaturesLoading":true,"title":"Express: serving static files in express using app.use() not ...","snippet":"I am trying to serve static html and css ...","url":"https://stackoverflow.com/questions/71015238/express-serving-static-files-in-express-using-app-use-not-working-on-route","displayLink":"https://stackoverflow.com › questions › express-serving...","snippetHighlightWords":["serve static"],"date":"Feb 7, 2022"},{"signatures":[],"areSignaturesLoading":true,"title":"Express, how to always serve static directory? - Stack Overflow","snippet":"js. I basically need my app to always serve 'build/' no matter which path the visitor is on, as the routing is handled by the frontend with ...","url":"https://stackoverflow.com/questions/61090344/express-how-to-always-serve-static-directory","displayLink":"https://stackoverflow.com › questions › express-how-to...","snippetHighlightWords":["js","serve","path"],"date":"Apr 7, 2020"},{"signatures":[],"areSignaturesLoading":true,"title":"Can someone please explain how static files in express js work?","snippet":"NOTE: DO NOT PUT PRIVATE FILES INSIDE YOUR STATIC FOLDER. app.use(express.static(__dirname + '/public'));.","url":"https://stackoverflow.com/questions/68816405/can-someone-please-explain-how-static-files-in-express-js-work","displayLink":"https://stackoverflow.com › questions › can-someone-pl...","snippetHighlightWords":["FILES","STATIC","express","static"],"date":"Aug 17, 2021 1 answer"},{"signatures":[],"areSignaturesLoading":true,"title":"How to serve static files from root path '/' - Stack Overflow","snippet":"To serve static files such as images, CSS files, and JavaScript files, use the express.static built-in middleware function in Express.","url":"https://stackoverflow.com/questions/72861892/how-to-serve-static-files-from-root-path","displayLink":"https://stackoverflow.com › questions › how-to-serve-st...","snippetHighlightWords":["serve static files","files","JavaScript files","express","Express"],"date":"Jul 4, 2022"},{"signatures":[],"areSignaturesLoading":true,"title":"Express.js just won't serve static files - Stack Overflow","snippet":"And which file in your public directory are you expecting to be served for that URL? You have to match up three things to get express.static() ...","url":"https://stackoverflow.com/questions/71451988/express-js-just-wont-serve-static-files","displayLink":"https://stackoverflow.com › questions › express-js-just-...","snippetHighlightWords":["file","directory","served","express","static"],"date":"Mar 12, 2022"},{"signatures":[],"areSignaturesLoading":true,"title":"Express serve static files inside Router - Stack Overflow","snippet":"Use the express.static middleware in your route1.js file instead of simply passing the folder path string to the route.","url":"https://stackoverflow.com/questions/69692368/express-serve-static-files-inside-router","displayLink":"https://stackoverflow.com › questions › express-serve-st...","snippetHighlightWords":["express","static","js file","path","route"],"date":"Oct 23, 2021 1 answer"},{"signatures":[],"areSignaturesLoading":true,"title":"How to serve static files to different routes in Express?","snippet":"It's got to do with relative path. With express it's safer to use absolute path. After your route goes one level deep, the html file which ...","url":"https://stackoverflow.com/questions/55853857/how-to-serve-static-files-to-different-routes-in-express","displayLink":"https://stackoverflow.com › questions › how-to-serve-st...","snippetHighlightWords":["path","express","path","route","file"],"date":"Apr 25, 2019 1 answer"}],"events":[{"timestamp":"2022-11-25T23:18:59.816Z","url":"https://stackoverflow.com/questions/65115458/how-to-serve-static-files-in-expressjs-on-some-paths-and-not-others","component":"projection","action":"load","data":{"height":63,"width":271.1796875,"wc":17,"lc":1}},{"timestamp":"2022-11-25T23:18:59.816Z","url":"https://stackoverflow.com/questions/72411261/nodejs-express-app-serve-static-files-from-public-js-folder-not-work","component":"projection","action":"load","data":{"height":107,"width":268.1171875,"wc":18,"lc":1}},{"timestamp":"2022-11-25T23:18:59.816Z","url":"https://stackoverflow.com/questions/71668735/static-files-in-express","component":"projection","action":"load","data":{"height":85,"width":271.9453125,"wc":24,"lc":1}},{"timestamp":"2022-11-25T23:18:59.816Z","url":"https://stackoverflow.com/questions/71015238/express-serving-static-files-in-express-using-app-use-not-working-on-route","component":"projection","action":"load","data":{"height":41,"width":261.9375,"wc":10,"lc":1}},{"timestamp":"2022-11-25T23:18:59.816Z","url":"https://stackoverflow.com/questions/61090344/express-how-to-always-serve-static-directory","component":"projection","action":"load","data":{"height":85,"width":263.7890625,"wc":28,"lc":1}},{"timestamp":"2022-11-25T23:18:59.816Z","url":"https://stackoverflow.com/questions/68816405/can-someone-please-explain-how-static-files-in-express-js-work","component":"projection","action":"load","data":{"height":107,"width":250.0078125,"wc":13,"lc":1}},{"timestamp":"2022-11-25T23:18:59.816Z","url":"https://stackoverflow.com/questions/72861892/how-to-serve-static-files-from-root-path","component":"projection","action":"load","data":{"height":85,"width":271.546875,"wc":20,"lc":1}},{"timestamp":"2022-11-25T23:18:59.816Z","url":"https://stackoverflow.com/questions/71451988/express-js-just-wont-serve-static-files","component":"projection","action":"load","data":{"height":85,"width":258.40625,"wc":27,"lc":1}},{"timestamp":"2022-11-25T23:18:59.816Z","url":"https://stackoverflow.com/questions/69692368/express-serve-static-files-inside-router","component":"projection","action":"load","data":{"height":85,"width":270.4296875,"wc":19,"lc":1}},{"timestamp":"2022-11-25T23:18:59.817Z","url":"https://stackoverflow.com/questions/55853857/how-to-serve-static-files-to-different-routes-in-express","component":"projection","action":"load","data":{"height":85,"width":271.265625,"wc":27,"lc":1}},{"timestamp":"2022-11-25T23:19:00.955Z","url":"https://stackoverflow.com/questions/65115458/how-to-serve-static-files-in-expressjs-on-some-paths-and-not-others","component":"projection","action":"mouseenter"},{"timestamp":"2022-11-25T23:19:00.963Z","url":"https://stackoverflow.com/questions/65115458/how-to-serve-static-files-in-expressjs-on-some-paths-and-not-others","component":"projection","action":"mouseleave"},{"timestamp":"2022-11-25T23:19:00.964Z","url":"https://stackoverflow.com/questions/72411261/nodejs-express-app-serve-static-files-from-public-js-folder-not-work","component":"projection","action":"mouseenter"},{"timestamp":"2022-11-25T23:19:01.004Z","url":"https://stackoverflow.com/questions/65115458/how-to-serve-static-files-in-expressjs-on-some-paths-and-not-others","component":"projection","action":"loaded","data":"projection 10 of 10"},{"timestamp":"2022-11-25T23:19:01.004Z","url":"https://stackoverflow.com/questions/72411261/nodejs-express-app-serve-static-files-from-public-js-folder-not-work","component":"projection","action":"loaded","data":"projection 9 of 10"},{"timestamp":"2022-11-25T23:19:01.004Z","url":"https://stackoverflow.com/questions/71668735/static-files-in-express","component":"projection","action":"loaded","data":"projection 8 of 10"},{"timestamp":"2022-11-25T23:19:01.004Z","url":"https://stackoverflow.com/questions/71015238/express-serving-static-files-in-express-using-app-use-not-working-on-route","component":"projection","action":"loaded","data":"projection 7 of 10"},{"timestamp":"2022-11-25T23:19:01.004Z","url":"https://stackoverflow.com/questions/61090344/express-how-to-always-serve-static-directory","component":"projection","action":"loaded","data":"projection 6 of 10"},{"timestamp":"2022-11-25T23:19:01.004Z","url":"https://stackoverflow.com/questions/68816405/can-someone-please-explain-how-static-files-in-express-js-work","component":"projection","action":"loaded","data":"projection 5 of 10"},{"timestamp":"2022-11-25T23:19:01.004Z","url":"https://stackoverflow.com/questions/72861892/how-to-serve-static-files-from-root-path","component":"projection","action":"loaded","data":"projection 4 of 10"},{"timestamp":"2022-11-25T23:19:01.004Z","url":"https://stackoverflow.com/questions/71451988/express-js-just-wont-serve-static-files","component":"projection","action":"loaded","data":"projection 3 of 10"},{"timestamp":"2022-11-25T23:19:01.004Z","url":"https://stackoverflow.com/questions/69692368/express-serve-static-files-inside-router","component":"projection","action":"loaded","data":"projection 2 of 10"},{"timestamp":"2022-11-25T23:19:01.004Z","url":"https://stackoverflow.com/questions/55853857/how-to-serve-static-files-to-different-routes-in-express","component":"projection","action":"loaded","data":"projection 1 of 10"},{"timestamp":"2022-11-25T23:19:01.464Z","url":"https://stackoverflow.com/questions/72411261/nodejs-express-app-serve-static-files-from-public-js-folder-not-work","component":"projection","action":"mouseleave"},{"timestamp":"2022-11-25T23:19:01.467Z","url":"https://stackoverflow.com/questions/71668735/static-files-in-express","component":"projection","action":"mouseenter"},{"timestamp":"2022-11-25T23:19:01.743Z","url":"https://stackoverflow.com/questions/71668735/static-files-in-express","component":"projection","action":"mouseleave"},{"timestamp":"2022-11-25T23:19:01.746Z","url":"https://stackoverflow.com/questions/71015238/express-serving-static-files-in-express-using-app-use-not-working-on-route","component":"projection","action":"mouseenter"},{"timestamp":"2022-11-25T23:19:01.781Z","url":"https://stackoverflow.com/questions/71015238/express-serving-static-files-in-express-using-app-use-not-working-on-route","component":"projection","action":"mouseleave"},{"timestamp":"2022-11-25T23:19:01.783Z","url":"https://stackoverflow.com/questions/61090344/express-how-to-always-serve-static-directory","component":"projection","action":"mouseenter"},{"timestamp":"2022-11-25T23:19:03.042Z","url":"https://stackoverflow.com/questions/61090344/express-how-to-always-serve-static-directory","component":"projection","action":"mouseleave"},{"timestamp":"2022-11-25T23:19:03.043Z","url":"https://stackoverflow.com/questions/68816405/can-someone-please-explain-how-static-files-in-express-js-work","component":"projection","action":"mouseenter"},{"timestamp":"2022-11-25T23:19:04.298Z","url":"https://stackoverflow.com/questions/68816405/can-someone-please-explain-how-static-files-in-express-js-work","component":"projection","action":"mouseleave"},{"timestamp":"2022-11-25T23:19:04.303Z","url":"https://stackoverflow.com/questions/61090344/express-how-to-always-serve-static-directory","component":"projection","action":"mouseenter"},{"timestamp":"2022-11-25T23:19:05.026Z","url":"https://stackoverflow.com/questions/61090344/express-how-to-always-serve-static-directory","component":"page","action":"open"},{"timestamp":"2022-11-25T23:19:05.049Z","url":"https://stackoverflow.com/questions/61090344/express-how-to-always-serve-static-directory","component":"projection","action":"mouseleave"},{"timestamp":"2022-11-25T23:19:05.350Z","url":"https://stackoverflow.com/questions/61090344/express-how-to-always-serve-static-directory","component":"page","action":"load"},{"timestamp":"2022-11-25T23:19:07.926Z","url":"https://stackoverflow.com/questions/61090344/express-how-to-always-serve-static-directory","component":"page","action":"scroll","data":{"viewport":{"x":0,"y":47,"height":663,"width":296},"document":{"height":4756,"width":296},"question":{"identifier":"61090344","top":138.8203125,"bottom":1354.4609375,"right":280,"left":16,"width":264,"height":1215.640625},"answers":[{"identifier":"61090397","top":1434.7421875,"bottom":1732.6953125,"right":280,"left":16,"width":264,"height":297.953125},{"identifier":"61090531","top":1732.6953125,"bottom":2294.6484375,"right":280,"left":16,"width":264,"height":561.953125}]}},{"timestamp":"2022-11-25T23:19:09.357Z","url":"https://stackoverflow.com/questions/61090344/express-how-to-always-serve-static-directory","component":"page","action":"selection","data":"app.get('/*', function (req, res) {\n"},{"timestamp":"2022-11-25T23:19:14.313Z","url":"https://stackoverflow.com/questions/61090344/express-how-to-always-serve-static-directory","component":"page","action":"scroll","data":{"viewport":{"x":0,"y":1283,"height":663,"width":296},"document":{"height":4756,"width":296},"question":{"identifier":"61090344","top":-1097.1796875,"bottom":118.4609375,"right":280,"left":16,"width":264,"height":1215.640625},"answers":[{"identifier":"61090397","top":198.7421875,"bottom":496.6953125,"right":280,"left":16,"width":264,"height":297.953125},{"identifier":"61090531","top":496.6953125,"bottom":1058.6484375,"right":280,"left":16,"width":264,"height":561.953125}]}},{"timestamp":"2022-11-25T23:19:17.064Z","url":"https://stackoverflow.com/questions/61090344/express-how-to-always-serve-static-directory","component":"page","action":"scroll","data":{"viewport":{"x":0,"y":1645,"height":663,"width":296},"document":{"height":4756,"width":296},"question":{"identifier":"61090344","top":-1459.1796875,"bottom":-243.5390625,"right":280,"left":16,"width":264,"height":1215.640625},"answers":[{"identifier":"61090397","top":-163.2578125,"bottom":134.6953125,"right":280,"left":16,"width":264,"height":297.953125},{"identifier":"61090531","top":134.6953125,"bottom":696.6484375,"right":280,"left":16,"width":264,"height":561.953125}]}},{"timestamp":"2022-11-25T23:19:17.823Z","url":"https://stackoverflow.com/questions/61090344/express-how-to-always-serve-static-directory","component":"page","action":"scroll","data":{"viewport":{"x":0,"y":1663,"height":663,"width":296},"document":{"height":4756,"width":296},"question":{"identifier":"61090344","top":-1477.1796875,"bottom":-261.5390625,"right":280,"left":16,"width":264,"height":1215.640625},"answers":[{"identifier":"61090397","top":-181.2578125,"bottom":116.6953125,"right":280,"left":16,"width":264,"height":297.953125},{"identifier":"61090531","top":116.6953125,"bottom":678.6484375,"right":280,"left":16,"width":264,"height":561.953125}]}},{"timestamp":"2022-11-25T23:19:19.697Z","url":"https://stackoverflow.com/questions/61090344/express-how-to-always-serve-static-directory","component":"page","action":"scroll","data":{"viewport":{"x":0,"y":1736,"height":663,"width":296},"document":{"height":4756,"width":296},"question":{"identifier":"61090344","top":-1550.1796875,"bottom":-334.5390625,"right":280,"left":16,"width":264,"height":1215.640625},"answers":[{"identifier":"61090397","top":-254.2578125,"bottom":43.6953125,"right":280,"left":16,"width":264,"height":297.953125},{"identifier":"61090531","top":43.6953125,"bottom":605.6484375,"right":280,"left":16,"width":264,"height":561.953125}]}},{"timestamp":"2022-11-25T23:19:23.608Z","url":"https://stackoverflow.com/questions/61090344/express-how-to-always-serve-static-directory","component":"page","action":"selection","data":"https://stackoverflow.com/a/43373134/11441482"}]}]}