{"id":"27362_3","conditions":[{"taskId":3,"taskName":"clone","enableFragments":true,"enableContext":true,"showContext":true,"provideSearchTerms":true,"sequence":3},{"taskId":2,"taskName":"find","enableFragments":true,"enableContext":true,"showContext":true,"provideSearchTerms":true,"sequence":4},{"taskId":1,"taskName":"currency","enableFragments":false,"enableContext":true,"showContext":false,"provideSearchTerms":true,"sequence":5},{"taskId":4,"taskName":"sort","enableFragments":false,"enableContext":true,"showContext":false,"provideSearchTerms":true,"sequence":6},{"taskId":6,"taskName":"serve","enableFragments":false,"enableContext":false,"showContext":false,"provideSearchTerms":false,"sequence":7},{"taskId":5,"taskName":"recent","enableFragments":true,"enableContext":true,"showContext":true,"provideSearchTerms":false,"sequence":8}],"activeTaskId":"recent","tasks":[{"id":"pre-study"},{"enableFragments":true,"enableContext":true,"showContext":true,"provideSearchTerms":true,"contextOverride":[{"source":"src/tutorial.js","name":"sumTradedShares","position":{"start":397,"end":545},"variables":[],"parameters":[{"source":"src/tutorial.js","name":"trades","position":{"start":429,"end":435},"type":{"name":"Trade[]"}}],"returnType":"number"}],"id":"tutorial","startTime":"2022-11-25T23:03:28.416Z","duration":147670,"timer":{"startTime":"2022-11-25T23:04:24.042Z","endTime":"2022-11-25T23:05:56.934Z"},"endTime":"2022-11-25T23:05:56.934Z"},{"enableFragments":false,"enableContext":true,"showContext":false,"contextOverride":[{"source":"src/currency.js","name":"printCurrency","position":{"start":593,"end":782},"variables":[],"parameters":[{"source":"src/currency.js","name":"amount","position":{"start":623,"end":629},"type":{"name":"number"}},{"source":"src/currency.js","name":"locale","position":{"start":631,"end":637},"type":{"name":"string"}},{"source":"src/currency.js","name":"currency","position":{"start":639,"end":647},"type":{"name":"string"}}],"returnType":"string"}],"provideSearchTerms":true,"searchTerms":"format currency","id":"currency","startTime":"2022-11-25T23:10:17.112Z","timer":{"startTime":"2022-11-25T23:10:17.112Z","endTime":"2022-11-25T23:12:57.560Z"},"duration":157200,"data":{"Q1":"4","Q2":"I wish the Intl.NumberFormat usage with currencies was in the preview. I had to click into one of the StackOverFlow links and read the thread for an answer.","Q3":"","Q4":"I didn't search outside the IDE."},"endTime":"2022-11-25T23:13:43.638Z"},{"enableFragments":true,"enableContext":true,"showContext":true,"contextOverride":[{"source":"src/find.js","name":"getTradeById","position":{"start":286,"end":506},"variables":[],"parameters":[{"source":"src/find.js","name":"trades","position":{"start":315,"end":321},"type":{"name":"Trade[]"}},{"source":"src/find.js","name":"id","position":{"start":323,"end":325},"type":{"name":"number"}}],"returnType":"Trade"}],"provideSearchTerms":true,"searchTerms":"find item in array by value","id":"find","startTime":"2022-11-25T23:08:41.740Z","timer":{"startTime":"2022-11-25T23:08:41.740Z","endTime":"2022-11-25T23:09:42.343Z"},"duration":58310,"data":{"Q1":"5","Q2":"The filter function was the most intuitive way to do this task, and I was happy that it was one of the 1st results.","Q3":"","Q4":"I didn't search outside the IDE."},"endTime":"2022-11-25T23:10:08.262Z"},{"enableFragments":true,"enableContext":true,"showContext":true,"contextOverride":[{"source":"src/clone.js","name":"cloneTradeLedger","position":{"start":239,"end":406},"variables":[],"parameters":[{"source":"src/clone.js","name":"trades","position":{"start":272,"end":278},"type":{"name":"Trade[]"}}],"returnType":"Trade[]"}],"provideSearchTerms":true,"searchTerms":"clone array","id":"clone","startTime":"2022-11-25T23:06:03.658Z","timer":{"startTime":"2022-11-25T23:06:03.658Z","endTime":"2022-11-25T23:07:41.698Z"},"duration":72633,"data":{"Q1":"4","Q2":"I think the slice method should be above the JSON methods. I don't immediately think of the JSON functions when I want to copy an array.","Q3":"","Q4":"I didn't search outside the IDE."},"endTime":"2022-11-25T23:08:33.050Z"},{"enableFragments":false,"enableContext":true,"showContext":false,"contextOverride":[{"source":"src/sort.js","name":"sortTradesByShareCount","position":{"start":285,"end":524},"variables":[],"parameters":[{"source":"src/sort.js","name":"trades","position":{"start":324,"end":330},"type":{"name":"Trade[]"}}],"returnType":"Trade[]"}],"provideSearchTerms":true,"searchTerms":"sort array of objects descending","id":"sort","startTime":"2022-11-25T23:13:51.834Z","timer":{"startTime":"2022-11-25T23:13:51.834Z","endTime":"2022-11-25T23:15:16.294Z"},"duration":83261,"data":{"Q1":"4","Q2":"I had to click into one of the threads to. find the sort API. I think the sort API is simple enough that it should be in the preview.","Q3":"","Q4":"I didn't search outside the IDE."},"endTime":"2022-11-25T23:15:55.262Z"},{"enableFragments":true,"enableContext":true,"showContext":true,"contextOverride":[{"source":"src/recent.js","name":"moment","position":{"start":7,"end":13},"module":{"name":"moment","position":{"start":19,"end":27}},"references":[{"start":485,"end":491},{"start":753,"end":759},{"start":836,"end":842}]},{"source":"src/recent.js","name":"moment","position":{"start":485,"end":503},"variables":[],"arguments":[{"source":"src/recent.js","name":"","type":"Date","value":"new Date()","position":{"start":492,"end":502}}],"returnType":"any"},{"source":"src/recent.js","name":"moment","position":{"start":753,"end":768},"variables":[],"arguments":[{"source":"src/recent.js","name":"","type":"any","value":"endDate","position":{"start":760,"end":767}}],"returnType":"any"},{"source":"src/recent.js","name":"moment","position":{"start":836,"end":854},"variables":[],"arguments":[{"source":"src/recent.js","name":"","type":"any","value":"trade.date","position":{"start":843,"end":853}}],"returnType":"any"},{"source":"src/recent.js","name":"getPastTradesFrom","position":{"start":400,"end":938},"variables":[{"source":"src/recent.js","name":"endDate","position":{"start":475,"end":503},"type":{"name":"any"}},{"source":"src/recent.js","name":"startDate","position":{"start":741,"end":768},"type":{"name":"any"}}],"parameters":[{"source":"src/recent.js","name":"trades","position":{"start":434,"end":440},"type":{"name":"Trade[]"}},{"source":"src/recent.js","name":"from","position":{"start":442,"end":446},"type":{"name":"number"}},{"source":"src/recent.js","name":"unit","position":{"start":448,"end":461},"type":{"name":"string"}}],"returnType":"Trade[]"}],"provideSearchTerms":false,"searchTerms":"","id":"recent","startTime":"2022-11-25T23:23:21.829Z","timer":{"startTime":"2022-11-25T23:23:21.830Z","endTime":"2022-11-25T23:31:29.432Z"},"duration":419603,"data":{"Q1":"5","Q2":"I searched \"javascript subtract duration from date\", and one of the usage previews immediately showed me the \"subtract\" API that took a number and a string unit that did the trick.","Q3":"","Q4":"I didn't need to search outside the IDE."},"endTime":"2022-11-25T23:32:20.183Z"},{"enableFragments":false,"enableContext":false,"showContext":false,"contextOverride":[],"provideSearchTerms":false,"searchTerms":"","id":"serve","startTime":"2022-11-25T23:16:05.345Z","timer":{"startTime":"2022-11-25T23:16:05.345Z","endTime":"2022-11-25T23:22:00.891Z"},"duration":333181,"data":{"Q1":"2","Q2":"None of the previews in Scout were very helpful here. I had to read through some of the threads, and one of them had another StackOverflow link that had the answer. I had to open the link in an external browser window.","Q3":"","Q4":"I had to open a StackOverflow link in one of the threads in Scout, and that took me to an external browser tab."},"endTime":"2022-11-25T23:23:13.421Z"},{"id":"post-study"}],"activations":["2022-11-25T23:02:56.461Z","2022-11-25T23:07:14.872Z","2022-11-25T23:17:33.906Z","2022-11-25T23:30:26.609Z"]}