{"numFailedTestSuites":1,"numFailedTests":1,"numPassedTestSuites":0,"numPassedTests":2,"numPendingTestSuites":0,"numPendingTests":0,"numRuntimeErrorTestSuites":0,"numTodoTests":0,"numTotalTestSuites":1,"numTotalTests":3,"openHandles":[],"snapshot":{"added":0,"didUpdate":false,"failure":false,"filesAdded":0,"filesRemoved":0,"filesRemovedList":[],"filesUnmatched":0,"filesUpdated":0,"matched":0,"total":0,"unchecked":0,"uncheckedKeysByFile":[],"unmatched":0,"updated":0},"startTime":1669483767148,"success":false,"testResults":[{"assertionResults":[{"ancestorTitles":["getTradeById()"],"failureMessages":["Error: \u001b[2mexpect(\u001b[22m\u001b[31mreceived\u001b[39m\u001b[2m).\u001b[22mtoStrictEqual\u001b[2m(\u001b[22m\u001b[32mexpected\u001b[39m\u001b[2m) // deep equality\u001b[22m\n\nExpected: \u001b[32m{\"date\": 2021-02-23T00:00:00.000Z, \"id\": 5, \"shareCount\": 23, \"sharePrice\": 243.98, \"stockSymbol\": \"INTC\", \"tradeType\": 1}\u001b[39m\nReceived: \u001b[31mundefined\u001b[39m\n    at Object.<anonymous> (/workspaces/46094_2/test/find.test.js:13:29)\n    at Promise.then.completed (/workspaces/46094_2/node_modules/jest-circus/build/utils.js:391:28)\n    at new Promise (<anonymous>)\n    at callAsyncCircusFn (/workspaces/46094_2/node_modules/jest-circus/build/utils.js:316:10)\n    at _callCircusTest (/workspaces/46094_2/node_modules/jest-circus/build/run.js:218:40)\n    at processTicksAndRejections (node:internal/process/task_queues:96:5)\n    at _runTest (/workspaces/46094_2/node_modules/jest-circus/build/run.js:155:3)\n    at _runTestsForDescribeBlock (/workspaces/46094_2/node_modules/jest-circus/build/run.js:66:9)\n    at _runTestsForDescribeBlock (/workspaces/46094_2/node_modules/jest-circus/build/run.js:60:9)\n    at run (/workspaces/46094_2/node_modules/jest-circus/build/run.js:25:3)"],"fullName":"getTradeById() Should find the specified trade.","location":null,"status":"failed","title":"Should find the specified trade."},{"ancestorTitles":["getTradeById()"],"failureMessages":[],"fullName":"getTradeById() Should return undefined or [] if no trade has id.","location":null,"status":"passed","title":"Should return undefined or [] if no trade has id."},{"ancestorTitles":["getTradeById()"],"failureMessages":[],"fullName":"getTradeById() Should return undefined or [] if there are no trades.","location":null,"status":"passed","title":"Should return undefined or [] if there are no trades."}],"endTime":1669483767560,"message":"\u001b[1m\u001b[31m  \u001b[1m● \u001b[22m\u001b[1mgetTradeById() › Should find the specified trade.\u001b[39m\u001b[22m\n\n    \u001b[2mexpect(\u001b[22m\u001b[31mreceived\u001b[39m\u001b[2m).\u001b[22mtoStrictEqual\u001b[2m(\u001b[22m\u001b[32mexpected\u001b[39m\u001b[2m) // deep equality\u001b[22m\n\n    Expected: \u001b[32m{\"date\": 2021-02-23T00:00:00.000Z, \"id\": 5, \"shareCount\": 23, \"sharePrice\": 243.98, \"stockSymbol\": \"INTC\", \"tradeType\": 1}\u001b[39m\n    Received: \u001b[31mundefined\u001b[39m\n\u001b[2m\u001b[22m\n\u001b[2m    \u001b[0m \u001b[90m 11 |\u001b[39m             transaction \u001b[33m=\u001b[39m transaction[\u001b[35m0\u001b[39m]\u001b[33m;\u001b[39m\u001b[0m\u001b[22m\n\u001b[2m    \u001b[0m \u001b[90m 12 |\u001b[39m         }\u001b[0m\u001b[22m\n\u001b[2m    \u001b[0m\u001b[31m\u001b[1m>\u001b[22m\u001b[2m\u001b[39m\u001b[90m 13 |\u001b[39m         expect(transaction)\u001b[33m.\u001b[39mtoStrictEqual(trades[\u001b[35m2\u001b[39m])\u001b[33m;\u001b[39m\u001b[0m\u001b[22m\n\u001b[2m    \u001b[0m \u001b[90m    |\u001b[39m                             \u001b[31m\u001b[1m^\u001b[22m\u001b[2m\u001b[39m\u001b[0m\u001b[22m\n\u001b[2m    \u001b[0m \u001b[90m 14 |\u001b[39m     })\u001b[33m;\u001b[39m\u001b[0m\u001b[22m\n\u001b[2m    \u001b[0m \u001b[90m 15 |\u001b[39m     it(\u001b[32m\"Should return undefined or [] if no trade has id.\"\u001b[39m\u001b[33m,\u001b[39m () \u001b[33m=>\u001b[39m {\u001b[0m\u001b[22m\n\u001b[2m    \u001b[0m \u001b[90m 16 |\u001b[39m         \u001b[36mconst\u001b[39m transaction \u001b[33m=\u001b[39m getTradeById(trades\u001b[33m,\u001b[39m \u001b[33m-\u001b[39m\u001b[35m1\u001b[39m)\u001b[33m;\u001b[39m\u001b[0m\u001b[22m\n\u001b[2m\u001b[22m\n\u001b[2m      \u001b[2mat Object.<anonymous> (\u001b[22m\u001b[2m\u001b[0m\u001b[36mtest/find.test.js\u001b[39m\u001b[0m\u001b[2m:13:29)\u001b[22m\u001b[2m\u001b[22m\n","name":"/workspaces/46094_2/test/find.test.js","startTime":1669483767174,"status":"failed","summary":""}],"wasInterrupted":false}