{"trialId":"46094_2","taskId":"serve","appEvents":[{"timestamp":"2022-11-26T17:53:26.251Z","name":"resize","data":{"height":870,"width":300}},{"timestamp":"2022-11-26T17:53:39.541Z","name":"search","data":"search-start"},{"timestamp":"2022-11-26T17:53:46.736Z","name":"search","data":"search-done"},{"timestamp":"2022-11-26T17:58:33.012Z","name":"resize","data":{"height":0,"width":0}},{"timestamp":"2022-11-26T18:01:12.133Z","name":"resize","data":{"height":870,"width":300}}],"searches":[{"keywords":["add","static","route"],"context":{"tokens":[{"kind":"library","value":"express"},{"kind":"library","value":"path"},{"kind":"language","value":"javascript"}]},"timestamp":"2022-11-26T17:53:39.539Z","results":[{"signatures":[{"answerKeywords":["route","route","express","static","route","express","static","static","express","static","static","express","static","express","static","route","static","static","route","route","static","route","route","route","route","route","express","static","express","route","express","route","static","route","static"],"answerWordCount":1965,"text":"use(string, unknown)","parentType":"any","name":"use","arguments":[{"type":"string"},{"type":"any"}],"returnType":"any","usage":"app.use('/', router)","definition":"","source":"app.use('/', router);\napp.use(express.static(__dirname + '/public'));\n\napp.use(express.static(__dirname + '/public/html'));\napp.use(express.static(__dirname + '/public'));\napp.use('/', router);\n","answerId":"28143812","answerUrl":"https://stackoverflow.com/a/28143812","voteCount":22,"isAccepted":true,"lastModified":"2015-01-26T02:08:44.000Z"},{"answerKeywords":["route","route","express","static","route","express","static","static","express","static","static","express","static","express","static","route","static","static","route","route","static","route","route","route","route","route","express","static","express","route","express","route","static","route","static"],"answerWordCount":1965,"text":"use(unknown)","parentType":"any","name":"use","arguments":[{"type":"any"}],"returnType":"any","usage":"app.use(express.static(__dirname + '/public'))","definition":"","source":"app.use('/', router);\napp.use(express.static(__dirname + '/public'));\n\napp.use(express.static(__dirname + '/public/html'));\napp.use(express.static(__dirname + '/public'));\napp.use('/', router);\n","answerId":"28143812","answerUrl":"https://stackoverflow.com/a/28143812","voteCount":22,"isAccepted":true,"lastModified":"2015-01-26T02:08:44.000Z"},{"answerKeywords":["route","route","express","static","route","express","static","static","express","static","static","express","static","express","static","route","static","static","route","route","static","route","route","route","route","route","express","static","express","route","express","route","static","route","static"],"answerWordCount":1965,"text":"static(string)","parentType":"any","name":"static","arguments":[{"type":"string"}],"returnType":"any","usage":"express.static(__dirname + '/public')","definition":"","source":"app.use('/', router);\napp.use(express.static(__dirname + '/public'));\n\napp.use(express.static(__dirname + '/public/html'));\napp.use(express.static(__dirname + '/public'));\napp.use('/', router);\n","answerId":"28143812","answerUrl":"https://stackoverflow.com/a/28143812","voteCount":22,"isAccepted":true,"lastModified":"2015-01-26T02:08:44.000Z"},{"answerKeywords":["route","route","express","static","route","express","static","static","express","static","static","express","static","express","static","route","static","static","route","route","static","route","route","route","route","route","express","static","express","route","express","route","static","route","static"],"answerWordCount":1965,"text":"use(unknown)","parentType":"any","name":"use","arguments":[{"type":"any"}],"returnType":"any","usage":"app.use(express.static(__dirname + '/public/html'))","definition":"","source":"app.use('/', router);\napp.use(express.static(__dirname + '/public'));\n\napp.use(express.static(__dirname + '/public/html'));\napp.use(express.static(__dirname + '/public'));\napp.use('/', router);\n","answerId":"28143812","answerUrl":"https://stackoverflow.com/a/28143812","voteCount":22,"isAccepted":true,"lastModified":"2015-01-26T02:08:44.000Z"},{"answerKeywords":["route","route","express","static","route","express","static","static","express","static","static","express","static","express","static","route","static","static","route","route","static","route","route","route","route","route","express","static","express","route","express","route","static","route","static"],"answerWordCount":1965,"text":"static(string)","parentType":"any","name":"static","arguments":[{"type":"string"}],"returnType":"any","usage":"express.static(__dirname + '/public/html')","definition":"","source":"app.use('/', router);\napp.use(express.static(__dirname + '/public'));\n\napp.use(express.static(__dirname + '/public/html'));\napp.use(express.static(__dirname + '/public'));\napp.use('/', router);\n","answerId":"28143812","answerUrl":"https://stackoverflow.com/a/28143812","voteCount":22,"isAccepted":true,"lastModified":"2015-01-26T02:08:44.000Z"},{"answerKeywords":["route","route","express","static","route","express","static","static","express","static","static","express","static","express","static","route","static","static","route","route","static","route","route","route","route","route","express","static","express","route","express","route","static","route","static"],"answerWordCount":1965,"text":"use(unknown)","parentType":"any","name":"use","arguments":[{"type":"any"}],"returnType":"any","usage":"app.use(express.static(__dirname + '/public'))","definition":"","source":"app.use('/', router);\napp.use(express.static(__dirname + '/public'));\n\napp.use(express.static(__dirname + '/public/html'));\napp.use(express.static(__dirname + '/public'));\napp.use('/', router);\n","answerId":"28143812","answerUrl":"https://stackoverflow.com/a/28143812","voteCount":22,"isAccepted":true,"lastModified":"2015-01-26T02:08:44.000Z"},{"answerKeywords":["route","route","express","static","route","express","static","static","express","static","static","express","static","express","static","route","static","static","route","route","static","route","route","route","route","route","express","static","express","route","express","route","static","route","static"],"answerWordCount":1965,"text":"static(string)","parentType":"any","name":"static","arguments":[{"type":"string"}],"returnType":"any","usage":"express.static(__dirname + '/public')","definition":"","source":"app.use('/', router);\napp.use(express.static(__dirname + '/public'));\n\napp.use(express.static(__dirname + '/public/html'));\napp.use(express.static(__dirname + '/public'));\napp.use('/', router);\n","answerId":"28143812","answerUrl":"https://stackoverflow.com/a/28143812","voteCount":22,"isAccepted":true,"lastModified":"2015-01-26T02:08:44.000Z"},{"answerKeywords":["route","route","express","static","route","express","static","static","express","static","static","express","static","express","static","route","static","static","route","route","static","route","route","route","route","route","express","static","express","route","express","route","static","route","static"],"answerWordCount":1965,"text":"use(string, unknown)","parentType":"any","name":"use","arguments":[{"type":"string"},{"type":"any"}],"returnType":"any","usage":"app.use('/', router)","definition":"","source":"app.use('/', router);\napp.use(express.static(__dirname + '/public'));\n\napp.use(express.static(__dirname + '/public/html'));\napp.use(express.static(__dirname + '/public'));\napp.use('/', router);\n","answerId":"28143812","answerUrl":"https://stackoverflow.com/a/28143812","voteCount":22,"isAccepted":true,"lastModified":"2015-01-26T02:08:44.000Z"}],"areSignaturesLoading":false,"title":"node.js - `express.static()` keeps routing my files from the route","snippet":"1 Answer 1 ... app.use('/', router); app.use(express.static(__dirname + '/public'));. means your router will be called first and, if no middleware ...","url":"https://stackoverflow.com/questions/28143419/express-static-keeps-routing-my-files-from-the-route","displayLink":"https://stackoverflow.com › questions › express-static-k...","snippetHighlightWords":["express","static"],"date":"Jan 26, 2015"},{"signatures":[],"areSignaturesLoading":false,"title":"How to serve static files to different routes in Express?","snippet":"It's got to do with relative path. With express it's safer to use absolute path. After your route goes one level deep, the html file which ...","url":"https://stackoverflow.com/questions/55853857/how-to-serve-static-files-to-different-routes-in-express","displayLink":"https://stackoverflow.com › questions › how-to-serve-st...","snippetHighlightWords":["path","express","path","route"],"date":"Apr 25, 2019 1 answer"},{"signatures":[{"answerKeywords":["route","static","path","static","path","route"],"answerWordCount":1025,"text":"get(string, unknown)","parentType":"any","name":"get","arguments":[{"type":"string"},{"type":"any"}],"returnType":"any","usage":"app.get('/xyz/api/user', authApi.user)","definition":"","source":"app.get('/xyz/api/user', authApi.user);\napp.use('/xyz/',Express.static(path.join(__dirname,'/app')));\n","answerId":"42977199","answerUrl":"https://stackoverflow.com/a/42977199","voteCount":2,"isAccepted":true,"lastModified":"2017-03-23T13:17:14.000Z"},{"answerKeywords":["route","static","path","static","path","route"],"answerWordCount":1025,"text":"use(string, unknown)","parentType":"any","name":"use","arguments":[{"type":"string"},{"type":"any"}],"returnType":"any","usage":"app.use('/xyz/',Express.static(path.join(__dirname,'/app')))","definition":"","source":"app.get('/xyz/api/user', authApi.user);\napp.use('/xyz/',Express.static(path.join(__dirname,'/app')));\n","answerId":"42977199","answerUrl":"https://stackoverflow.com/a/42977199","voteCount":2,"isAccepted":true,"lastModified":"2017-03-23T13:17:14.000Z"},{"answerKeywords":["route","static","path","static","path","route"],"answerWordCount":1025,"text":"static(unknown)","parentType":"any","name":"static","arguments":[{"type":"any"}],"returnType":"any","usage":"Express.static(path.join(__dirname,'/app'))","definition":"","source":"app.get('/xyz/api/user', authApi.user);\napp.use('/xyz/',Express.static(path.join(__dirname,'/app')));\n","answerId":"42977199","answerUrl":"https://stackoverflow.com/a/42977199","voteCount":2,"isAccepted":true,"lastModified":"2017-03-23T13:17:14.000Z"},{"answerKeywords":["route","static","path","static","path","route"],"answerWordCount":1025,"text":"join(unknown, string)","parentType":"any","name":"join","arguments":[{"type":"any"},{"type":"string"}],"returnType":"any","usage":"path.join(__dirname,'/app')","definition":"","source":"app.get('/xyz/api/user', authApi.user);\napp.use('/xyz/',Express.static(path.join(__dirname,'/app')));\n","answerId":"42977199","answerUrl":"https://stackoverflow.com/a/42977199","voteCount":2,"isAccepted":true,"lastModified":"2017-03-23T13:17:14.000Z"}],"areSignaturesLoading":false,"title":"Express serving static files and routing - Stack Overflow","snippet":"I am using express js My root path is ...","url":"https://stackoverflow.com/questions/42977068/express-serving-static-files-and-routing","displayLink":"https://stackoverflow.com › questions › express-serving...","snippetHighlightWords":["express js","path"],"date":"Mar 23, 2017"},{"signatures":[],"areSignaturesLoading":false,"title":"Node Express force all static routes to point to root path","snippet":"I have a node.js application that I am trying to genericize so that no matter the URL on the back end it always uses the root path to serve ...","url":"https://stackoverflow.com/questions/58081749/node-express-force-all-static-routes-to-point-to-root-path","displayLink":"https://stackoverflow.com › questions › node-express-f...","snippetHighlightWords":["node","js","path"],"date":"Sep 24, 2019"},{"signatures":[{"answerKeywords":["route","path","path"],"answerWordCount":974,"text":"use(function)","parentType":"any","name":"use","arguments":[{"type":"(req: any, res: any, next: any) => void"}],"returnType":"any","usage":"app.use(requestParser)","definition":"","source":"var requestParser = function(req, res, next) {\n    if(req.originalUrl.indexOf('/assets/') >= 0) {\n        var assetPath = path.join(wwwPath,  req.path.slice(req.url.indexOf('/assets/')));\n        fs.stat(assetPath, function(error, stat){\n            if(stat && stat.isFile()) {\n                res.sendFile(assetPath);\n            }\n            else{ \n                res.status(404).send('<h1>404</h1>');\n            }\n        });\n    }\n    else {\n        next();\n    }\n};\n\napp.use(requestParser);\n\napp.use('/list/*', function(req, res, next) {\n    res.sendFile('schema.html', { root: wwwPath });\n});\n\napp.use('/setup/*', function(req, res, next) {\n    res.sendFile('setup.html', { root: wwwPath });\n});\n","answerId":"36403370","answerUrl":"https://stackoverflow.com/a/36403370","voteCount":0,"isAccepted":true,"lastModified":"2016-04-04T12:58:11.000Z"},{"answerKeywords":["route","path","path"],"answerWordCount":974,"text":"use(string, function)","parentType":"any","name":"use","arguments":[{"type":"string"},{"type":"(req: any, res: any, next: any) => void"}],"returnType":"any","usage":"app.use('/list/*', function(req, res, next) {\n    res.sendFile('schema.html', { root: wwwPath });\n})","definition":"","source":"var requestParser = function(req, res, next) {\n    if(req.originalUrl.indexOf('/assets/') >= 0) {\n        var assetPath = path.join(wwwPath,  req.path.slice(req.url.indexOf('/assets/')));\n        fs.stat(assetPath, function(error, stat){\n            if(stat && stat.isFile()) {\n                res.sendFile(assetPath);\n            }\n            else{ \n                res.status(404).send('<h1>404</h1>');\n            }\n        });\n    }\n    else {\n        next();\n    }\n};\n\napp.use(requestParser);\n\napp.use('/list/*', function(req, res, next) {\n    res.sendFile('schema.html', { root: wwwPath });\n});\n\napp.use('/setup/*', function(req, res, next) {\n    res.sendFile('setup.html', { root: wwwPath });\n});\n","answerId":"36403370","answerUrl":"https://stackoverflow.com/a/36403370","voteCount":0,"isAccepted":true,"lastModified":"2016-04-04T12:58:11.000Z"},{"answerKeywords":["route","path","path"],"answerWordCount":974,"text":"use(string, function)","parentType":"any","name":"use","arguments":[{"type":"string"},{"type":"(req: any, res: any, next: any) => void"}],"returnType":"any","usage":"app.use('/setup/*', function(req, res, next) {\n    res.sendFile('setup.html', { root: wwwPath });\n})","definition":"","source":"var requestParser = function(req, res, next) {\n    if(req.originalUrl.indexOf('/assets/') >= 0) {\n        var assetPath = path.join(wwwPath,  req.path.slice(req.url.indexOf('/assets/')));\n        fs.stat(assetPath, function(error, stat){\n            if(stat && stat.isFile()) {\n                res.sendFile(assetPath);\n            }\n            else{ \n                res.status(404).send('<h1>404</h1>');\n            }\n        });\n    }\n    else {\n        next();\n    }\n};\n\napp.use(requestParser);\n\napp.use('/list/*', function(req, res, next) {\n    res.sendFile('schema.html', { root: wwwPath });\n});\n\napp.use('/setup/*', function(req, res, next) {\n    res.sendFile('setup.html', { root: wwwPath });\n});\n","answerId":"36403370","answerUrl":"https://stackoverflow.com/a/36403370","voteCount":0,"isAccepted":true,"lastModified":"2016-04-04T12:58:11.000Z"}],"areSignaturesLoading":false,"title":"Static routing in node express - Stack Overflow","snippet":"The solution was to use custom middleware. Here are the new routes: var requestParser = function(req, res, next) { if(req.originalUrl.","url":"https://stackoverflow.com/questions/36395563/static-routing-in-node-express","displayLink":"https://stackoverflow.com › questions › static-routing-in...","snippetHighlightWords":["routes"],"date":"Apr 4, 2016 1 answer"},{"signatures":[{"answerKeywords":["express","static","path","static"],"answerWordCount":1023,"text":"use(unknown)","parentType":"any","name":"use","arguments":[{"type":"any"}],"returnType":"any","usage":"app.use(express.static(path.join(__dirname, 'public')))","definition":"","source":"app.use(express.static(path.join(__dirname, 'public')));\n\nhttp://localhost:8080/views/src/index.js","answerId":"55285916","answerUrl":"https://stackoverflow.com/a/55285916","voteCount":2,"isAccepted":false,"lastModified":"2019-03-21T17:18:59.000Z"},{"answerKeywords":["express","static","path","static"],"answerWordCount":1023,"text":"static(unknown)","parentType":"any","name":"static","arguments":[{"type":"any"}],"returnType":"any","usage":"express.static(path.join(__dirname, 'public'))","definition":"","source":"app.use(express.static(path.join(__dirname, 'public')));\n\nhttp://localhost:8080/views/src/index.js","answerId":"55285916","answerUrl":"https://stackoverflow.com/a/55285916","voteCount":2,"isAccepted":false,"lastModified":"2019-03-21T17:18:59.000Z"},{"answerKeywords":["express","static","path","static"],"answerWordCount":1023,"text":"join(unknown, string)","parentType":"any","name":"join","arguments":[{"type":"any"},{"type":"string"}],"returnType":"any","usage":"path.join(__dirname, 'public')","definition":"","source":"app.use(express.static(path.join(__dirname, 'public')));\n\nhttp://localhost:8080/views/src/index.js","answerId":"55285916","answerUrl":"https://stackoverflow.com/a/55285916","voteCount":2,"isAccepted":false,"lastModified":"2019-03-21T17:18:59.000Z"},{"answerKeywords":["express","static","express","static","path"],"answerWordCount":1032,"text":"use(unknown)","parentType":"any","name":"use","arguments":[{"type":"any"}],"returnType":"any","usage":"app.use(express.static(path.join(__dirname, 'views', 'src')))","definition":"","source":"app.use(express.static(path.join(__dirname, 'views', 'src')));\napp.use(userRoutes);\n","answerId":"55289687","answerUrl":"https://stackoverflow.com/a/55289687","voteCount":1,"isAccepted":false,"lastModified":"2019-03-21T21:42:08.000Z"},{"answerKeywords":["express","static","express","static","path"],"answerWordCount":1032,"text":"static(unknown)","parentType":"any","name":"static","arguments":[{"type":"any"}],"returnType":"any","usage":"express.static(path.join(__dirname, 'views', 'src'))","definition":"","source":"app.use(express.static(path.join(__dirname, 'views', 'src')));\napp.use(userRoutes);\n","answerId":"55289687","answerUrl":"https://stackoverflow.com/a/55289687","voteCount":1,"isAccepted":false,"lastModified":"2019-03-21T21:42:08.000Z"},{"answerKeywords":["express","static","express","static","path"],"answerWordCount":1032,"text":"join(unknown, string, string)","parentType":"any","name":"join","arguments":[{"type":"any"},{"type":"string"},{"type":"string"}],"returnType":"any","usage":"path.join(__dirname, 'views', 'src')","definition":"","source":"app.use(express.static(path.join(__dirname, 'views', 'src')));\napp.use(userRoutes);\n","answerId":"55289687","answerUrl":"https://stackoverflow.com/a/55289687","voteCount":1,"isAccepted":false,"lastModified":"2019-03-21T21:42:08.000Z"},{"answerKeywords":["express","static","express","static","path"],"answerWordCount":1032,"text":"use(unknown)","parentType":"any","name":"use","arguments":[{"type":"any"}],"returnType":"any","usage":"app.use(userRoutes)","definition":"","source":"app.use(express.static(path.join(__dirname, 'views', 'src')));\napp.use(userRoutes);\n","answerId":"55289687","answerUrl":"https://stackoverflow.com/a/55289687","voteCount":1,"isAccepted":false,"lastModified":"2019-03-21T21:42:08.000Z"}],"areSignaturesLoading":false,"title":"express.static() doesn't route the static files - Stack Overflow","snippet":"I would just serve the public folder. app.use(express.static(path.join(__dirname, 'public')));. Then you can just do:","url":"https://stackoverflow.com/questions/55285668/express-static-doesnt-route-the-static-files","displayLink":"https://stackoverflow.com › questions › express-static-d...","snippetHighlightWords":["express","static","path"],"date":"Mar 21, 2019 2 answers"},{"signatures":[{"answerKeywords":["route","route","path"],"answerWordCount":2108,"text":"get(string, function)","parentType":"any","name":"get","arguments":[{"type":"string"},{"type":"(req: any, res: any) => void"}],"returnType":"any","usage":"app.get('/about', (req, res) => {\n  res.sendFile(__dirname + '/views/about.html');\n})","definition":"","source":"app.get('/about', (req, res) => {\n  res.sendFile(__dirname + '/views/about.html');\n});\n\napp.get('/contact', (req, res) => {\n  res.sendFile(__dirname + '/views/contact.html');\n});\napp.get('/', (req, res) => {\n  res.sendFile(__dirname + '/views/home.html');\n});\n\n","answerId":"66258942","answerUrl":"https://stackoverflow.com/a/66258942","voteCount":2,"isAccepted":false,"lastModified":"2021-02-18T17:39:23.000Z"},{"answerKeywords":["route","route","path"],"answerWordCount":2108,"text":"get(string, function)","parentType":"any","name":"get","arguments":[{"type":"string"},{"type":"(req: any, res: any) => void"}],"returnType":"any","usage":"app.get('/contact', (req, res) => {\n  res.sendFile(__dirname + '/views/contact.html');\n})","definition":"","source":"app.get('/about', (req, res) => {\n  res.sendFile(__dirname + '/views/about.html');\n});\n\napp.get('/contact', (req, res) => {\n  res.sendFile(__dirname + '/views/contact.html');\n});\napp.get('/', (req, res) => {\n  res.sendFile(__dirname + '/views/home.html');\n});\n\n","answerId":"66258942","answerUrl":"https://stackoverflow.com/a/66258942","voteCount":2,"isAccepted":false,"lastModified":"2021-02-18T17:39:23.000Z"},{"answerKeywords":["route","route","path"],"answerWordCount":2108,"text":"get(string, function)","parentType":"any","name":"get","arguments":[{"type":"string"},{"type":"(req: any, res: any) => void"}],"returnType":"any","usage":"app.get('/', (req, res) => {\n  res.sendFile(__dirname + '/views/home.html');\n})","definition":"","source":"app.get('/about', (req, res) => {\n  res.sendFile(__dirname + '/views/about.html');\n});\n\napp.get('/contact', (req, res) => {\n  res.sendFile(__dirname + '/views/contact.html');\n});\napp.get('/', (req, res) => {\n  res.sendFile(__dirname + '/views/home.html');\n});\n\n","answerId":"66258942","answerUrl":"https://stackoverflow.com/a/66258942","voteCount":2,"isAccepted":false,"lastModified":"2021-02-18T17:39:23.000Z"}],"areSignaturesLoading":false,"title":"Creating routing for a static site using Express - Stack Overflow","snippet":"I am creating a static site, (HTML, CSS, JS) using nodeJS and express for the server... I am trying to create routes, so that the user sees ...","url":"https://stackoverflow.com/questions/66258861/creating-routing-for-a-static-site-using-express","displayLink":"https://stackoverflow.com › questions › creating-routin...","snippetHighlightWords":["static","JS","nodeJS","express","create routes"],"date":"Feb 18, 2021"},{"signatures":[],"areSignaturesLoading":false,"title":"How to add a static route after a dynamic one in ExpressJS?","snippet":"Well, express checks routes in the the order they are registered, and the first one matching is executed. · @bogdanoff what do you think require( ...","url":"https://stackoverflow.com/questions/73305912/how-to-add-a-static-route-after-a-dynamic-one-in-expressjs","displayLink":"https://stackoverflow.com › questions › how-to-add-a-st...","snippetHighlightWords":["express","routes"],"date":"Aug 10, 2022"},{"signatures":[{"answerKeywords":["route","static","route","express","static","static","static","route","express","static","static","static","express"],"answerWordCount":1282,"text":"use(string, function, unknown)","parentType":"any","name":"use","arguments":[{"type":"string"},{"type":"(req: any, res: any, next: any) => void"},{"type":"any"}],"returnType":"any","usage":"app.use('/static-route', function (req, res, next) {\n  // validation\n  // redirect\n  // etc . . .\n  next();\n}, express.static('./static'))","definition":"","source":"app.use('/static-route', function (req, res, next) {\n  // validation\n  // redirect\n  // etc . . .\n  next();\n}, express.static('./static'));\n","answerId":"27734303","answerUrl":"https://stackoverflow.com/a/27734303","voteCount":2,"isAccepted":true,"lastModified":"2015-01-01T20:18:45.000Z"},{"answerKeywords":["route","static","route","express","static","static","static","route","express","static","static","static","express"],"answerWordCount":1282,"text":"static(string)","parentType":"any","name":"static","arguments":[{"type":"string"}],"returnType":"any","usage":"express.static('./static')","definition":"","source":"app.use('/static-route', function (req, res, next) {\n  // validation\n  // redirect\n  // etc . . .\n  next();\n}, express.static('./static'));\n","answerId":"27734303","answerUrl":"https://stackoverflow.com/a/27734303","voteCount":2,"isAccepted":true,"lastModified":"2015-01-01T20:18:45.000Z"},{"answerKeywords":["route","static","route","route","route","express","static","path"],"answerWordCount":840,"text":"use(string, unknown)","parentType":"any","name":"use","arguments":[{"type":"string"},{"type":"any"}],"returnType":"any","usage":"app.use('/',express.static(__dirname + '/public'))","definition":"","source":"//Serves resources from public folder \napp.use('/',express.static(__dirname + '/public')); \n\n//Verify the complete directory path - especially slashes \nconsole.log('Static directory '+__dirname + '/public');\n\napp.get('/list', function (req, res) {\n    res.send('<html><body><h1>Hello World</h1></body></html>'); });\n","answerId":"58476031","answerUrl":"https://stackoverflow.com/a/58476031","voteCount":1,"isAccepted":false,"lastModified":"2019-10-20T18:28:40.000Z"},{"answerKeywords":["route","static","route","route","route","express","static","path"],"answerWordCount":840,"text":"static(string)","parentType":"any","name":"static","arguments":[{"type":"string"}],"returnType":"any","usage":"express.static(__dirname + '/public')","definition":"","source":"//Serves resources from public folder \napp.use('/',express.static(__dirname + '/public')); \n\n//Verify the complete directory path - especially slashes \nconsole.log('Static directory '+__dirname + '/public');\n\napp.get('/list', function (req, res) {\n    res.send('<html><body><h1>Hello World</h1></body></html>'); });\n","answerId":"58476031","answerUrl":"https://stackoverflow.com/a/58476031","voteCount":1,"isAccepted":false,"lastModified":"2019-10-20T18:28:40.000Z"},{"answerKeywords":["route","static","route","route","route","express","static","path"],"answerWordCount":840,"text":"get(string, function)","parentType":"any","name":"get","arguments":[{"type":"string"},{"type":"(req: any, res: any) => void"}],"returnType":"any","usage":"app.get('/list', function (req, res) {\n    res.send('<html><body><h1>Hello World</h1></body></html>'); })","definition":"","source":"//Serves resources from public folder \napp.use('/',express.static(__dirname + '/public')); \n\n//Verify the complete directory path - especially slashes \nconsole.log('Static directory '+__dirname + '/public');\n\napp.get('/list', function (req, res) {\n    res.send('<html><body><h1>Hello World</h1></body></html>'); });\n","answerId":"58476031","answerUrl":"https://stackoverflow.com/a/58476031","voteCount":1,"isAccepted":false,"lastModified":"2019-10-20T18:28:40.000Z"}],"areSignaturesLoading":false,"title":"Serve out 'static' route with express with redirect and middleware","snippet":"I would like to redirect to a url with the query parameter set. – lostintranslation. Jan 2, 2015 at 0:03. Add a comment ...","url":"https://stackoverflow.com/questions/27734164/serve-out-static-route-with-express-with-redirect-and-middleware","displayLink":"https://stackoverflow.com › questions › serve-out-static-...","snippetHighlightWords":["Add"]},{"signatures":[{"answerKeywords":["express","static","express","static","path","static","express","route","static","express","route","path","static","path","static"],"answerWordCount":1712,"text":"use(unknown)","parentType":"any","name":"use","arguments":[{"type":"any"}],"returnType":"any","usage":"app.use(express.static(path.join(__dirname, 'public')))","definition":"","source":"app.use(express.static(path.join(__dirname, 'public')));\n","answerId":"60879014","answerUrl":"https://stackoverflow.com/a/60879014","voteCount":1,"isAccepted":false,"lastModified":"2020-03-27T02:12:07.000Z"},{"answerKeywords":["express","static","express","static","path","static","express","route","static","express","route","path","static","path","static"],"answerWordCount":1712,"text":"static(unknown)","parentType":"any","name":"static","arguments":[{"type":"any"}],"returnType":"any","usage":"express.static(path.join(__dirname, 'public'))","definition":"","source":"app.use(express.static(path.join(__dirname, 'public')));\n","answerId":"60879014","answerUrl":"https://stackoverflow.com/a/60879014","voteCount":1,"isAccepted":false,"lastModified":"2020-03-27T02:12:07.000Z"},{"answerKeywords":["express","static","express","static","path","static","express","route","static","express","route","path","static","path","static"],"answerWordCount":1712,"text":"join(unknown, string)","parentType":"any","name":"join","arguments":[{"type":"any"},{"type":"string"}],"returnType":"any","usage":"path.join(__dirname, 'public')","definition":"","source":"app.use(express.static(path.join(__dirname, 'public')));\n","answerId":"60879014","answerUrl":"https://stackoverflow.com/a/60879014","voteCount":1,"isAccepted":false,"lastModified":"2020-03-27T02:12:07.000Z"},{"answerKeywords":["add","path","path","express","static","path","path","path","express","static","path","path","path","route","path","static","route"],"answerWordCount":1665,"text":"use(string, unknown)","parentType":"any","name":"use","arguments":[{"type":"string"},{"type":"any"}],"returnType":"any","usage":"app.use('/path1', express.static(__dirname + '/www'))","definition":"","source":"app.use('/path1', express.static(__dirname + '/www'));            // Serves files as named in the '/path1' url path\napp.use('/path2', express.static(__dirname + '/otherdirectory')); // Serves files as named in the '/path2' url path\n","answerId":"60879319","answerUrl":"https://stackoverflow.com/a/60879319","voteCount":1,"isAccepted":false,"lastModified":"2020-03-27T02:50:33.000Z"},{"answerKeywords":["add","path","path","express","static","path","path","path","express","static","path","path","path","route","path","static","route"],"answerWordCount":1665,"text":"static(string)","parentType":"any","name":"static","arguments":[{"type":"string"}],"returnType":"any","usage":"express.static(__dirname + '/www')","definition":"","source":"app.use('/path1', express.static(__dirname + '/www'));            // Serves files as named in the '/path1' url path\napp.use('/path2', express.static(__dirname + '/otherdirectory')); // Serves files as named in the '/path2' url path\n","answerId":"60879319","answerUrl":"https://stackoverflow.com/a/60879319","voteCount":1,"isAccepted":false,"lastModified":"2020-03-27T02:50:33.000Z"},{"answerKeywords":["add","path","path","express","static","path","path","path","express","static","path","path","path","route","path","static","route"],"answerWordCount":1665,"text":"use(string, unknown)","parentType":"any","name":"use","arguments":[{"type":"string"},{"type":"any"}],"returnType":"any","usage":"app.use('/path2', express.static(__dirname + '/otherdirectory'))","definition":"","source":"app.use('/path1', express.static(__dirname + '/www'));            // Serves files as named in the '/path1' url path\napp.use('/path2', express.static(__dirname + '/otherdirectory')); // Serves files as named in the '/path2' url path\n","answerId":"60879319","answerUrl":"https://stackoverflow.com/a/60879319","voteCount":1,"isAccepted":false,"lastModified":"2020-03-27T02:50:33.000Z"},{"answerKeywords":["add","path","path","express","static","path","path","path","express","static","path","path","path","route","path","static","route"],"answerWordCount":1665,"text":"static(string)","parentType":"any","name":"static","arguments":[{"type":"string"}],"returnType":"any","usage":"express.static(__dirname + '/otherdirectory')","definition":"","source":"app.use('/path1', express.static(__dirname + '/www'));            // Serves files as named in the '/path1' url path\napp.use('/path2', express.static(__dirname + '/otherdirectory')); // Serves files as named in the '/path2' url path\n","answerId":"60879319","answerUrl":"https://stackoverflow.com/a/60879319","voteCount":1,"isAccepted":false,"lastModified":"2020-03-27T02:50:33.000Z"}],"areSignaturesLoading":false,"title":"Express routes to serve directory of static content","snippet":"yes but a whole directory of it to specific route path. – Ajay. Mar 27, 2020 at 1:59. Add a comment ...","url":"https://stackoverflow.com/questions/60878869/express-routes-to-serve-directory-of-static-content","displayLink":"https://stackoverflow.com › questions › express-routes-t...","snippetHighlightWords":["directory","route path","Add"],"date":"Mar 27, 2020"}],"events":[{"timestamp":"2022-11-26T17:53:42.513Z","url":"https://stackoverflow.com/questions/28143419/express-static-keeps-routing-my-files-from-the-route","component":"projection","action":"loaded","data":"projection 1 of 10"},{"timestamp":"2022-11-26T17:53:42.750Z","url":"https://stackoverflow.com/questions/55853857/how-to-serve-static-files-to-different-routes-in-express","component":"projection","action":"loaded","data":"projection 2 of 10"},{"timestamp":"2022-11-26T17:53:43.256Z","url":"https://stackoverflow.com/questions/42977068/express-serving-static-files-and-routing","component":"projection","action":"loaded","data":"projection 3 of 10"},{"timestamp":"2022-11-26T17:53:43.533Z","url":"https://stackoverflow.com/questions/58081749/node-express-force-all-static-routes-to-point-to-root-path","component":"projection","action":"loaded","data":"projection 4 of 10"},{"timestamp":"2022-11-26T17:53:43.891Z","url":"https://stackoverflow.com/questions/36395563/static-routing-in-node-express","component":"projection","action":"loaded","data":"projection 5 of 10"},{"timestamp":"2022-11-26T17:53:44.594Z","url":"https://stackoverflow.com/questions/55285668/express-static-doesnt-route-the-static-files","component":"projection","action":"loaded","data":"projection 6 of 10"},{"timestamp":"2022-11-26T17:53:45.105Z","url":"https://stackoverflow.com/questions/66258861/creating-routing-for-a-static-site-using-express","component":"projection","action":"loaded","data":"projection 7 of 10"},{"timestamp":"2022-11-26T17:53:45.210Z","url":"https://stackoverflow.com/questions/73305912/how-to-add-a-static-route-after-a-dynamic-one-in-expressjs","component":"projection","action":"loaded","data":"projection 8 of 10"},{"timestamp":"2022-11-26T17:53:45.827Z","url":"https://stackoverflow.com/questions/27734164/serve-out-static-route-with-express-with-redirect-and-middleware","component":"projection","action":"loaded","data":"projection 9 of 10"},{"timestamp":"2022-11-26T17:53:46.736Z","url":"https://stackoverflow.com/questions/60878869/express-routes-to-serve-directory-of-static-content","component":"projection","action":"loaded","data":"projection 10 of 10"},{"timestamp":"2022-11-26T17:53:47.868Z","url":"","component":"projection","action":"mouseenter","data":"static(string)"},{"timestamp":"2022-11-26T17:53:47.948Z","url":"","component":"projection","action":"mouseleave","data":"static(string)"},{"timestamp":"2022-11-26T17:53:47.950Z","url":"","component":"projection","action":"mouseenter","data":"static(unknown)"},{"timestamp":"2022-11-26T17:53:50.344Z","url":"","component":"projection","action":"expand","data":"static(unknown)"},{"timestamp":"2022-11-26T17:54:14.425Z","url":"","component":"projection","action":"copy","data":{"sig":"static(unknown)","selection":"app.use(express.static(path.join(__dirname, 'public')));\n\nhttp://localhost:8080/views/src/index.js"}},{"timestamp":"2022-11-26T17:54:14.758Z","url":"","component":"projection","action":"mouseleave","data":"static(unknown)"},{"timestamp":"2022-11-26T17:55:37.582Z","url":"","component":"projection","action":"mouseenter","data":"static(unknown)"},{"timestamp":"2022-11-26T17:55:48.923Z","url":"","component":"projection","action":"mouseleave","data":"static(unknown)"},{"timestamp":"2022-11-26T17:55:48.925Z","url":"","component":"projection","action":"mouseenter","data":"get(string, function)"},{"timestamp":"2022-11-26T17:55:50.197Z","url":"","component":"projection","action":"mouseleave","data":"get(string, function)"},{"timestamp":"2022-11-26T17:55:50.199Z","url":"","component":"projection","action":"mouseenter","data":"static(unknown)"},{"timestamp":"2022-11-26T17:55:50.249Z","url":"","component":"projection","action":"mouseleave","data":"static(unknown)"},{"timestamp":"2022-11-26T17:57:23.336Z","url":"","component":"projection","action":"mouseenter","data":"static(unknown)"},{"timestamp":"2022-11-26T17:57:39.103Z","url":"","component":"projection","action":"mouseleave","data":"static(unknown)"},{"timestamp":"2022-11-26T17:57:39.151Z","url":"","component":"projection","action":"mouseenter","data":"static(string)"},{"timestamp":"2022-11-26T17:57:39.560Z","url":"","component":"projection","action":"expand","data":"static(string)"},{"timestamp":"2022-11-26T17:57:40.139Z","url":"","component":"projection","action":"mouseleave","data":"static(string)"},{"timestamp":"2022-11-26T17:57:40.141Z","url":"","component":"projection","action":"mouseenter","data":"use(unknown)"},{"timestamp":"2022-11-26T17:57:40.147Z","url":"","component":"projection","action":"mouseleave","data":"use(unknown)"},{"timestamp":"2022-11-26T17:57:40.196Z","url":"","component":"projection","action":"mouseenter","data":"static(string)"},{"timestamp":"2022-11-26T17:57:44.954Z","url":"","component":"projection","action":"mouseleave","data":"static(string)"}]}]}