{"trialId":"46094_2","taskId":"currency","appEvents":[{"timestamp":"2022-11-26T17:35:06.493Z","name":"search","data":"search-start"},{"timestamp":"2022-11-26T17:35:07.709Z","name":"search","data":"search-done"},{"timestamp":"2022-11-26T17:41:54.280Z","name":"resize","data":{"height":0,"width":0}}],"searches":[{"keywords":["format","currency"],"context":{"tokens":[{"kind":"language","value":"javascript"}]},"timestamp":"2022-11-26T17:35:06.492Z","results":[{"signatures":[],"areSignaturesLoading":true,"title":"How to format numbers as currency strings - Stack Overflow","url":"https://stackoverflow.com/questions/149055/how-to-format-numbers-as-currency-strings","displayLink":"https://stackoverflow.com › questions › how-to-format-...","date":"Sep 29, 2008","snippet":"All you need is to add the currency symbol (e.g. \"$\" + profits.toFixed(2) ) and you will have your amount in dollars. Custom function. If you ...","snippetHighlightWords":["currency"]},{"signatures":[],"areSignaturesLoading":true,"title":"How to format numbers as currency strings - Stack Overflow","url":"https://stackoverflow.com/questions/149055/how-to-format-numbers-as-currency-strings/5681208","displayLink":"https://stackoverflow.com › questions › how-to-format-...","date":"66 answers","snippet":"I found this from: accounting.js. It's very easy and perfectly fits my need. // Default usage: accounting.formatMoney(12345678); // $12,345,678.00 ...","snippetHighlightWords":["js"]},{"signatures":[],"areSignaturesLoading":true,"title":"How do I print currency format in JavaScript - Stack Overflow","url":"https://stackoverflow.com/questions/4022171/how-do-i-print-currency-format-in-javascript","displayLink":"https://stackoverflow.com › questions › how-do-i-print-...","snippet":"I am writing a function that takes the float price and returns the formatted currency value with currency code too. like fnPrice( 1001.01 ) should print $ ...","snippetHighlightWords":["currency","currency"]},{"signatures":[],"areSignaturesLoading":true,"title":"How to format currency in JavaScript? - Stack Overflow","url":"https://stackoverflow.com/questions/64297528/how-to-format-currency-in-javascript","displayLink":"https://stackoverflow.com › questions › how-to-format-...","date":"Oct 10, 2020","snippet":"I'm beginner in JavaScript and I'm rendering a list that contains some products. The product price format comes as follows: 3800 , 4000 , 11000 ...","snippetHighlightWords":["JavaScript","format"]},{"signatures":[],"areSignaturesLoading":true,"title":"How to format currency and time in javascript - Stack Overflow","url":"https://stackoverflow.com/questions/60689698/how-to-format-currency-and-time-in-javascript","displayLink":"https://stackoverflow.com › questions › how-to-format-...","date":"Mar 15, 2020","snippet":"To format as currency, you can use Intl.NumberFormat either with or without the currency symbol. It can be used via toLocaleString:.","snippetHighlightWords":["format","currency","currency"]},{"signatures":[],"areSignaturesLoading":true,"title":"Proper JS currency format with commas and decimals","url":"https://stackoverflow.com/questions/19664926/proper-js-currency-format-with-commas-and-decimals","displayLink":"https://stackoverflow.com › questions › proper-js-curre...","date":"Oct 29, 2013","snippet":"The value that you get from text fields is of type 'string'. When you do math on simple strings Javascript will automatically coerce them to ...","snippetHighlightWords":["Javascript"]},{"signatures":[],"areSignaturesLoading":true,"title":"Currency format in euro - javascript - Stack Overflow","url":"https://stackoverflow.com/questions/69668216/currency-format-in-euro","displayLink":"https://stackoverflow.com › questions › currency-forma...","snippet":"For your onChange event on the euro currency, you want to remove the . the same way you are removing the , for the dollars, ...","snippetHighlightWords":["currency"],"extensions":["Oct 21, 2021","1 answer"]},{"signatures":[],"areSignaturesLoading":true,"title":"Javascript Function to Format as Money - Stack Overflow","url":"https://stackoverflow.com/questions/40426965/javascript-function-to-format-as-money","displayLink":"https://stackoverflow.com › questions › javascript-funct...","date":"Nov 4, 2016","snippet":"String.prototype.formatMoney = function(places, symbol, thousand, decimal) { if((this).match(/^$/) && (this).indexOf(',') != -1 && (this)."},{"signatures":[],"areSignaturesLoading":true,"title":"Format currency in JavaScript removing .00 - Stack Overflow","url":"https://stackoverflow.com/questions/46235907/format-currency-in-javascript-removing-00","displayLink":"https://stackoverflow.com › questions › format-currenc...","date":"Sep 15, 2017","snippet":"NumberFormat has the more sensible behavior of rounding away from zero as opposed to other JavaScript methods like Math.round . For example, ...","snippetHighlightWords":["JavaScript"]},{"signatures":[],"areSignaturesLoading":true,"title":"Currency formatting using Intl.NumberFormat without currency ...","url":"https://stackoverflow.com/questions/68549027/currency-formatting-using-intl-numberformat-without-currency-symbol","displayLink":"https://stackoverflow.com › questions › currency-forma...","date":"Jul 27, 2021","snippet":"I am trying to use Intl as a default currency formatter and it is almost perfect. ... I find it bizarre that I spend over an hour looking for a ...","snippetHighlightWords":["currency formatter"]}],"events":[{"timestamp":"2022-11-26T17:35:06.525Z","url":"https://stackoverflow.com/questions/149055/how-to-format-numbers-as-currency-strings","component":"projection","action":"load","data":{"height":107,"width":269.6659851074219,"wc":27,"lc":1}},{"timestamp":"2022-11-26T17:35:06.525Z","url":"https://stackoverflow.com/questions/149055/how-to-format-numbers-as-currency-strings/5681208","component":"projection","action":"load","data":{"height":107,"width":260.303955078125,"wc":20,"lc":1}},{"timestamp":"2022-11-26T17:35:06.525Z","url":"https://stackoverflow.com/questions/4022171/how-do-i-print-currency-format-in-javascript","component":"projection","action":"load","data":{"height":85,"width":266.9539489746094,"wc":28,"lc":1}},{"timestamp":"2022-11-26T17:35:06.525Z","url":"https://stackoverflow.com/questions/64297528/how-to-format-currency-in-javascript","component":"projection","action":"load","data":{"height":107,"width":271.9199523925781,"wc":26,"lc":1}},{"timestamp":"2022-11-26T17:35:06.525Z","url":"https://stackoverflow.com/questions/60689698/how-to-format-currency-and-time-in-javascript","component":"projection","action":"load","data":{"height":85,"width":271.4299621582031,"wc":21,"lc":1}},{"timestamp":"2022-11-26T17:35:06.525Z","url":"https://stackoverflow.com/questions/19664926/proper-js-currency-format-with-commas-and-decimals","component":"projection","action":"load","data":{"height":85,"width":263.5319519042969,"wc":26,"lc":1}},{"timestamp":"2022-11-26T17:35:06.525Z","url":"https://stackoverflow.com/questions/69668216/currency-format-in-euro","component":"projection","action":"load","data":{"height":85,"width":254.65399169921875,"wc":26,"lc":1}},{"timestamp":"2022-11-26T17:35:06.525Z","url":"https://stackoverflow.com/questions/40426965/javascript-function-to-format-as-money","component":"projection","action":"load","data":{"height":85,"width":219.6719207763672,"wc":14,"lc":1}},{"timestamp":"2022-11-26T17:35:06.525Z","url":"https://stackoverflow.com/questions/46235907/format-currency-in-javascript-removing-00","component":"projection","action":"load","data":{"height":85,"width":270.2559814453125,"wc":23,"lc":1}},{"timestamp":"2022-11-26T17:35:06.525Z","url":"https://stackoverflow.com/questions/68549027/currency-formatting-using-intl-numberformat-without-currency-symbol","component":"projection","action":"load","data":{"height":85,"width":262.697998046875,"wc":31,"lc":1}},{"timestamp":"2022-11-26T17:35:07.708Z","url":"https://stackoverflow.com/questions/149055/how-to-format-numbers-as-currency-strings","component":"projection","action":"loaded","data":"projection 10 of 10"},{"timestamp":"2022-11-26T17:35:07.708Z","url":"https://stackoverflow.com/questions/149055/how-to-format-numbers-as-currency-strings/5681208","component":"projection","action":"loaded","data":"projection 9 of 10"},{"timestamp":"2022-11-26T17:35:07.709Z","url":"https://stackoverflow.com/questions/4022171/how-do-i-print-currency-format-in-javascript","component":"projection","action":"loaded","data":"projection 8 of 10"},{"timestamp":"2022-11-26T17:35:07.709Z","url":"https://stackoverflow.com/questions/64297528/how-to-format-currency-in-javascript","component":"projection","action":"loaded","data":"projection 7 of 10"},{"timestamp":"2022-11-26T17:35:07.709Z","url":"https://stackoverflow.com/questions/60689698/how-to-format-currency-and-time-in-javascript","component":"projection","action":"loaded","data":"projection 6 of 10"},{"timestamp":"2022-11-26T17:35:07.709Z","url":"https://stackoverflow.com/questions/19664926/proper-js-currency-format-with-commas-and-decimals","component":"projection","action":"loaded","data":"projection 5 of 10"},{"timestamp":"2022-11-26T17:35:07.709Z","url":"https://stackoverflow.com/questions/69668216/currency-format-in-euro","component":"projection","action":"loaded","data":"projection 4 of 10"},{"timestamp":"2022-11-26T17:35:07.709Z","url":"https://stackoverflow.com/questions/40426965/javascript-function-to-format-as-money","component":"projection","action":"loaded","data":"projection 3 of 10"},{"timestamp":"2022-11-26T17:35:07.709Z","url":"https://stackoverflow.com/questions/46235907/format-currency-in-javascript-removing-00","component":"projection","action":"loaded","data":"projection 2 of 10"},{"timestamp":"2022-11-26T17:35:07.709Z","url":"https://stackoverflow.com/questions/68549027/currency-formatting-using-intl-numberformat-without-currency-symbol","component":"projection","action":"loaded","data":"projection 1 of 10"},{"timestamp":"2022-11-26T17:35:09.636Z","url":"https://stackoverflow.com/questions/149055/how-to-format-numbers-as-currency-strings","component":"projection","action":"mouseenter"},{"timestamp":"2022-11-26T17:35:09.804Z","url":"https://stackoverflow.com/questions/149055/how-to-format-numbers-as-currency-strings","component":"page","action":"open"},{"timestamp":"2022-11-26T17:35:11.028Z","url":"https://stackoverflow.com/questions/149055/how-to-format-numbers-as-currency-strings","component":"projection","action":"mouseleave"},{"timestamp":"2022-11-26T17:35:11.655Z","url":"https://stackoverflow.com/questions/149055/how-to-format-numbers-as-currency-strings","component":"page","action":"close"},{"timestamp":"2022-11-26T17:35:12.009Z","url":"https://stackoverflow.com/questions/149055/how-to-format-numbers-as-currency-strings","component":"projection","action":"mouseenter"},{"timestamp":"2022-11-26T17:35:18.953Z","url":"https://stackoverflow.com/questions/149055/how-to-format-numbers-as-currency-strings","component":"projection","action":"mouseleave"},{"timestamp":"2022-11-26T17:35:18.955Z","url":"https://stackoverflow.com/questions/149055/how-to-format-numbers-as-currency-strings/5681208","component":"projection","action":"mouseenter"},{"timestamp":"2022-11-26T17:35:20.160Z","url":"https://stackoverflow.com/questions/149055/how-to-format-numbers-as-currency-strings/5681208","component":"projection","action":"mouseleave"},{"timestamp":"2022-11-26T17:35:20.162Z","url":"https://stackoverflow.com/questions/4022171/how-do-i-print-currency-format-in-javascript","component":"projection","action":"mouseenter"},{"timestamp":"2022-11-26T17:35:20.893Z","url":"https://stackoverflow.com/questions/4022171/how-do-i-print-currency-format-in-javascript","component":"projection","action":"mouseleave"},{"timestamp":"2022-11-26T17:35:20.894Z","url":"https://stackoverflow.com/questions/149055/how-to-format-numbers-as-currency-strings","component":"projection","action":"mouseenter"},{"timestamp":"2022-11-26T17:35:20.972Z","url":"https://stackoverflow.com/questions/149055/how-to-format-numbers-as-currency-strings","component":"projection","action":"mouseleave"},{"timestamp":"2022-11-26T17:41:37.955Z","url":"https://stackoverflow.com/questions/149055/how-to-format-numbers-as-currency-strings","component":"projection","action":"mouseenter"},{"timestamp":"2022-11-26T17:41:38.619Z","url":"https://stackoverflow.com/questions/149055/how-to-format-numbers-as-currency-strings","component":"page","action":"open"},{"timestamp":"2022-11-26T17:41:38.666Z","url":"https://stackoverflow.com/questions/149055/how-to-format-numbers-as-currency-strings","component":"projection","action":"mouseleave"}]}]}