{"trialId":"46094_2","taskId":"recent","appEvents":[{"timestamp":"2022-11-26T18:01:39.114Z","name":"search","data":"search-start"},{"timestamp":"2022-11-26T18:01:46.123Z","name":"search","data":"search-done"}],"searches":[{"keywords":["subtract","amount","of","time","by","the","interval","from","date"],"context":{"tokens":[{"kind":"library","value":"moment"},{"kind":"language","value":"javascript"}]},"timestamp":"2022-11-26T18:01:39.111Z","results":[{"signatures":[],"areSignaturesLoading":true,"title":"javascript - subtract time from date - moment js - Stack Overflow","snippet":"There is a simple function subtract which moment library gives us to subtract time from some time. Using it ...","url":"https://stackoverflow.com/questions/24428656/subtract-time-from-date-moment-js","displayLink":"https://stackoverflow.com › questions › subtract-time-fr...","snippetHighlightWords":["function subtract"],"date":"Jun 26, 2014"},{"signatures":[],"areSignaturesLoading":true,"title":"How to subtract 2 times with moment.js, then ... - Stack Overflow","snippet":"// parse time using 24-hour clock and use UTC to prevent DST issues var start = moment.utc(startTime, \"HH:mm\"); var end = moment.utc(endTime ...","url":"https://stackoverflow.com/questions/34247283/how-to-subtract-2-times-with-moment-js-then-subtract-some-minutes","displayLink":"https://stackoverflow.com › questions › how-to-subtract...","snippetHighlightWords":["time","moment","moment"],"date":"Dec 13, 2015 2 answers"},{"signatures":[],"areSignaturesLoading":true,"title":"Get hours difference between two dates in Moment Js","snippet":"Following code block shows how to calculate the difference in number of days between two dates using MomentJS. var now = moment(new Date()); //todays date ...","url":"https://stackoverflow.com/questions/25150570/get-hours-difference-between-two-dates-in-moment-js","displayLink":"https://stackoverflow.com › questions › get-hours-differ...","snippetHighlightWords":["number","MomentJS","moment","Date","date"]},{"signatures":[],"areSignaturesLoading":true,"title":"Format date and Subtract days using Moment.js - Stack Overflow","snippet":"I would like a variable to hold yesterday's date in the format DD-MM-YYYY using Moment.js. So if today is 15-04-2015, I would like to subtract a day and have 14 ...","url":"https://stackoverflow.com/questions/29651815/format-date-and-subtract-days-using-moment-js","displayLink":"https://stackoverflow.com › questions › format-date-an...","snippetHighlightWords":["date","Moment","js","subtract"]},{"signatures":[],"areSignaturesLoading":true,"title":"How do I subtract minutes from a date in JavaScript?","snippet":"The .subtract method, allows you to subtract a certain amount of time units from a date, by providing the amount and a timeunit string.","url":"https://stackoverflow.com/questions/674721/how-do-i-subtract-minutes-from-a-date-in-javascript","displayLink":"https://stackoverflow.com › questions › how-do-i-subtr...","snippetHighlightWords":["The .subtract method"],"date":"Mar 23, 2009"},{"signatures":[],"areSignaturesLoading":true,"title":"Subtracting hours from date string - javascript - Stack Overflow","snippet":"the docs of moment.js (they're same both client / server side) tells how to subtract 9940 hours (that's a lot ...) Moment.js ...","url":"https://stackoverflow.com/questions/43322526/subtracting-hours-from-date-string","displayLink":"https://stackoverflow.com › questions › subtracting-hou...","snippetHighlightWords":["moment","js","subtract","Moment","js"],"date":"Apr 10, 2017"},{"signatures":[],"areSignaturesLoading":true,"title":"Moment JS - how to subtract 7 days from current date?","snippet":"dateTo = moment(new Date()).format('YYYY-MM-DD'); dateFrom = moment(new Date() - 7) ...","url":"https://stackoverflow.com/questions/25888182/moment-js-how-to-subtract-7-days-from-current-date","displayLink":"https://stackoverflow.com › questions › moment-js-how...","snippetHighlightWords":["dateFrom"]},{"signatures":[],"areSignaturesLoading":true,"title":"How to subtract date/time in JavaScript? - Stack Overflow","snippet":"var diff = Math.abs(new Date() - compareDate);. You need to make sure that compareDate is a valid ...","url":"https://stackoverflow.com/questions/4944750/how-to-subtract-date-time-in-javascript","displayLink":"https://stackoverflow.com › questions › how-to-subtract...","snippetHighlightWords":["var diff = Math.abs(new Date() - compareDate"],"date":"Feb 9, 2011"},{"signatures":[],"areSignaturesLoading":true,"title":"Get the time difference between two datetimes - Stack Overflow","snippet":"js calculates the difference in milliseconds. If the milliseconds is passed to duration , it is used to calculate duration which is correct.","url":"https://stackoverflow.com/questions/18623783/get-the-time-difference-between-two-datetimes","displayLink":"https://stackoverflow.com › questions › get-the-time-dif...","snippetHighlightWords":["js"],"date":"Sep 4, 2013"},{"signatures":[],"areSignaturesLoading":true,"title":"Display time duration based on start and end date with interval ...","snippet":"Here is another option to generate intervals using moment.js. let value = { interval: '00:30:00', startTime: '03:00:00', endTime: '20:00:00' }; ...","url":"https://stackoverflow.com/questions/48276306/display-time-duration-based-on-start-and-end-date-with-interval-using-moment-js","displayLink":"https://stackoverflow.com › questions › display-time-du...","snippetHighlightWords":["intervals","moment","js","value","interval"],"date":"Jan 16, 2018 2 answers"}],"events":[{"timestamp":"2022-11-26T18:01:44.945Z","url":"https://stackoverflow.com/questions/24428656/subtract-time-from-date-moment-js","component":"projection","action":"load","data":{"height":63,"width":269.3859558105469,"wc":20,"lc":1}},{"timestamp":"2022-11-26T18:01:44.945Z","url":"https://stackoverflow.com/questions/34247283/how-to-subtract-2-times-with-moment-js-then-subtract-some-minutes","component":"projection","action":"load","data":{"height":107,"width":271.845947265625,"wc":23,"lc":1}},{"timestamp":"2022-11-26T18:01:44.945Z","url":"https://stackoverflow.com/questions/25150570/get-hours-difference-between-two-dates-in-moment-js","component":"projection","action":"load","data":{"height":107,"width":271.46795654296875,"wc":26,"lc":1}},{"timestamp":"2022-11-26T18:01:44.945Z","url":"https://stackoverflow.com/questions/29651815/format-date-and-subtract-days-using-moment-js","component":"projection","action":"load","data":{"height":107,"width":261.2979736328125,"wc":31,"lc":1}},{"timestamp":"2022-11-26T18:01:44.945Z","url":"https://stackoverflow.com/questions/674721/how-do-i-subtract-minutes-from-a-date-in-javascript","component":"projection","action":"load","data":{"height":85,"width":265.50994873046875,"wc":24,"lc":1}},{"timestamp":"2022-11-26T18:01:44.945Z","url":"https://stackoverflow.com/questions/43322526/subtracting-hours-from-date-string","component":"projection","action":"load","data":{"height":85,"width":271.5779724121094,"wc":23,"lc":1}},{"timestamp":"2022-11-26T18:01:44.945Z","url":"https://stackoverflow.com/questions/25888182/moment-js-how-to-subtract-7-days-from-current-date","component":"projection","action":"load","data":{"height":63,"width":262.3381042480469,"wc":11,"lc":1}},{"timestamp":"2022-11-26T18:01:44.945Z","url":"https://stackoverflow.com/questions/4944750/how-to-subtract-date-time-in-javascript","component":"projection","action":"load","data":{"height":63,"width":259.0879821777344,"wc":18,"lc":1}},{"timestamp":"2022-11-26T18:01:44.945Z","url":"https://stackoverflow.com/questions/18623783/get-the-time-difference-between-two-datetimes","component":"projection","action":"load","data":{"height":85,"width":265.87396240234375,"wc":23,"lc":1}},{"timestamp":"2022-11-26T18:01:44.945Z","url":"https://stackoverflow.com/questions/48276306/display-time-duration-based-on-start-and-end-date-with-interval-using-moment-js","component":"projection","action":"load","data":{"height":107,"width":268.39593505859375,"wc":21,"lc":1}},{"timestamp":"2022-11-26T18:01:46.122Z","url":"https://stackoverflow.com/questions/24428656/subtract-time-from-date-moment-js","component":"projection","action":"loaded","data":"projection 10 of 10"},{"timestamp":"2022-11-26T18:01:46.122Z","url":"https://stackoverflow.com/questions/34247283/how-to-subtract-2-times-with-moment-js-then-subtract-some-minutes","component":"projection","action":"loaded","data":"projection 9 of 10"},{"timestamp":"2022-11-26T18:01:46.122Z","url":"https://stackoverflow.com/questions/25150570/get-hours-difference-between-two-dates-in-moment-js","component":"projection","action":"loaded","data":"projection 8 of 10"},{"timestamp":"2022-11-26T18:01:46.122Z","url":"https://stackoverflow.com/questions/29651815/format-date-and-subtract-days-using-moment-js","component":"projection","action":"loaded","data":"projection 7 of 10"},{"timestamp":"2022-11-26T18:01:46.122Z","url":"https://stackoverflow.com/questions/674721/how-do-i-subtract-minutes-from-a-date-in-javascript","component":"projection","action":"loaded","data":"projection 6 of 10"},{"timestamp":"2022-11-26T18:01:46.122Z","url":"https://stackoverflow.com/questions/43322526/subtracting-hours-from-date-string","component":"projection","action":"loaded","data":"projection 5 of 10"},{"timestamp":"2022-11-26T18:01:46.122Z","url":"https://stackoverflow.com/questions/25888182/moment-js-how-to-subtract-7-days-from-current-date","component":"projection","action":"loaded","data":"projection 4 of 10"},{"timestamp":"2022-11-26T18:01:46.122Z","url":"https://stackoverflow.com/questions/4944750/how-to-subtract-date-time-in-javascript","component":"projection","action":"loaded","data":"projection 3 of 10"},{"timestamp":"2022-11-26T18:01:46.122Z","url":"https://stackoverflow.com/questions/18623783/get-the-time-difference-between-two-datetimes","component":"projection","action":"loaded","data":"projection 2 of 10"},{"timestamp":"2022-11-26T18:01:46.123Z","url":"https://stackoverflow.com/questions/48276306/display-time-duration-based-on-start-and-end-date-with-interval-using-moment-js","component":"projection","action":"loaded","data":"projection 1 of 10"},{"timestamp":"2022-11-26T18:01:46.407Z","url":"https://stackoverflow.com/questions/34247283/how-to-subtract-2-times-with-moment-js-then-subtract-some-minutes","component":"projection","action":"mouseenter"},{"timestamp":"2022-11-26T18:01:46.428Z","url":"https://stackoverflow.com/questions/34247283/how-to-subtract-2-times-with-moment-js-then-subtract-some-minutes","component":"projection","action":"mouseleave"},{"timestamp":"2022-11-26T18:01:46.429Z","url":"https://stackoverflow.com/questions/24428656/subtract-time-from-date-moment-js","component":"projection","action":"mouseenter"},{"timestamp":"2022-11-26T18:01:48.521Z","url":"https://stackoverflow.com/questions/24428656/subtract-time-from-date-moment-js","component":"page","action":"open"},{"timestamp":"2022-11-26T18:01:49.253Z","url":"https://stackoverflow.com/questions/24428656/subtract-time-from-date-moment-js","component":"projection","action":"mouseleave"},{"timestamp":"2022-11-26T18:01:50.944Z","url":"https://stackoverflow.com/questions/24428656/subtract-time-from-date-moment-js","component":"page","action":"close"},{"timestamp":"2022-11-26T18:01:51.328Z","url":"https://stackoverflow.com/questions/24428656/subtract-time-from-date-moment-js","component":"projection","action":"mouseenter"},{"timestamp":"2022-11-26T18:01:51.490Z","url":"https://stackoverflow.com/questions/24428656/subtract-time-from-date-moment-js","component":"projection","action":"mouseleave"},{"timestamp":"2022-11-26T18:01:51.491Z","url":"https://stackoverflow.com/questions/34247283/how-to-subtract-2-times-with-moment-js-then-subtract-some-minutes","component":"projection","action":"mouseenter"},{"timestamp":"2022-11-26T18:01:52.528Z","url":"https://stackoverflow.com/questions/34247283/how-to-subtract-2-times-with-moment-js-then-subtract-some-minutes","component":"projection","action":"mouseleave"},{"timestamp":"2022-11-26T18:01:52.531Z","url":"https://stackoverflow.com/questions/24428656/subtract-time-from-date-moment-js","component":"projection","action":"mouseenter"},{"timestamp":"2022-11-26T18:01:54.165Z","url":"https://stackoverflow.com/questions/24428656/subtract-time-from-date-moment-js","component":"projection","action":"selection","data":"subtract"},{"timestamp":"2022-11-26T18:01:55.796Z","url":"https://stackoverflow.com/questions/24428656/subtract-time-from-date-moment-js","component":"projection","action":"mouseleave"},{"timestamp":"2022-11-26T18:01:55.797Z","url":"https://stackoverflow.com/questions/34247283/how-to-subtract-2-times-with-moment-js-then-subtract-some-minutes","component":"projection","action":"mouseenter"},{"timestamp":"2022-11-26T18:01:55.868Z","url":"https://stackoverflow.com/questions/34247283/how-to-subtract-2-times-with-moment-js-then-subtract-some-minutes","component":"projection","action":"mouseleave"},{"timestamp":"2022-11-26T18:01:55.869Z","url":"https://stackoverflow.com/questions/25150570/get-hours-difference-between-two-dates-in-moment-js","component":"projection","action":"mouseenter"},{"timestamp":"2022-11-26T18:01:59.955Z","url":"https://stackoverflow.com/questions/25150570/get-hours-difference-between-two-dates-in-moment-js","component":"projection","action":"mouseleave"},{"timestamp":"2022-11-26T18:01:59.957Z","url":"https://stackoverflow.com/questions/34247283/how-to-subtract-2-times-with-moment-js-then-subtract-some-minutes","component":"projection","action":"mouseenter"},{"timestamp":"2022-11-26T18:02:00.037Z","url":"https://stackoverflow.com/questions/34247283/how-to-subtract-2-times-with-moment-js-then-subtract-some-minutes","component":"projection","action":"mouseleave"},{"timestamp":"2022-11-26T18:02:00.038Z","url":"https://stackoverflow.com/questions/24428656/subtract-time-from-date-moment-js","component":"projection","action":"mouseenter"},{"timestamp":"2022-11-26T18:02:00.503Z","url":"https://stackoverflow.com/questions/24428656/subtract-time-from-date-moment-js","component":"projection","action":"mouseleave"},{"timestamp":"2022-11-26T18:06:13.473Z","url":"https://stackoverflow.com/questions/29651815/format-date-and-subtract-days-using-moment-js","component":"projection","action":"mouseenter"},{"timestamp":"2022-11-26T18:06:13.871Z","url":"https://stackoverflow.com/questions/29651815/format-date-and-subtract-days-using-moment-js","component":"projection","action":"mouseleave"},{"timestamp":"2022-11-26T18:06:13.871Z","url":"https://stackoverflow.com/questions/25150570/get-hours-difference-between-two-dates-in-moment-js","component":"projection","action":"mouseenter"},{"timestamp":"2022-11-26T18:06:13.894Z","url":"https://stackoverflow.com/questions/25150570/get-hours-difference-between-two-dates-in-moment-js","component":"projection","action":"mouseleave"}]}]}