{"id":"46094_2","conditions":[{"taskId":2,"taskName":"find","enableFragments":false,"enableContext":true,"showContext":false,"provideSearchTerms":true,"sequence":3},{"taskId":1,"taskName":"currency","enableFragments":false,"enableContext":true,"showContext":false,"provideSearchTerms":true,"sequence":4},{"taskId":4,"taskName":"sort","enableFragments":true,"enableContext":true,"showContext":true,"provideSearchTerms":true,"sequence":5},{"taskId":3,"taskName":"clone","enableFragments":true,"enableContext":true,"showContext":true,"provideSearchTerms":true,"sequence":6},{"taskId":6,"taskName":"serve","enableFragments":true,"enableContext":true,"showContext":true,"provideSearchTerms":false,"sequence":7},{"taskId":5,"taskName":"recent","enableFragments":false,"enableContext":false,"showContext":false,"provideSearchTerms":false,"sequence":8}],"activeTaskId":"recent","tasks":[{"id":"pre-study"},{"enableFragments":true,"enableContext":true,"showContext":true,"provideSearchTerms":true,"contextOverride":[{"source":"src/tutorial.js","name":"sumTradedShares","position":{"start":397,"end":545},"variables":[],"parameters":[{"source":"src/tutorial.js","name":"trades","position":{"start":429,"end":435},"type":{"name":"Trade[]"}}],"returnType":"number"}],"id":"tutorial","startTime":"2022-11-26T17:06:49.667Z","duration":479469,"timer":{"startTime":"2022-11-26T17:06:52.122Z","endTime":"2022-11-26T17:24:13.848Z"},"endTime":"2022-11-26T17:24:13.848Z"},{"enableFragments":false,"enableContext":true,"showContext":false,"contextOverride":[{"source":"src/currency.js","name":"printCurrency","position":{"start":593,"end":782},"variables":[],"parameters":[{"source":"src/currency.js","name":"amount","position":{"start":623,"end":629},"type":{"name":"number"}},{"source":"src/currency.js","name":"locale","position":{"start":631,"end":637},"type":{"name":"string"}},{"source":"src/currency.js","name":"currency","position":{"start":639,"end":647},"type":{"name":"string"}}],"returnType":"string"}],"provideSearchTerms":true,"searchTerms":"format currency","id":"currency","startTime":"2022-11-26T17:33:15.327Z","timer":{"startTime":"2022-11-26T17:33:15.327Z","endTime":"2022-11-26T17:40:17.170Z"},"duration":359384,"data":{"Q1":"2","Q2":"The solution given above didn't match with the answers provided in Scout","Q3":"","Q4":"When I clicked on the link to view the answers it didn't open, gave an error \"For security reasons, framing is not allowed.\""},"endTime":"2022-11-26T17:41:47.660Z"},{"enableFragments":false,"enableContext":true,"showContext":false,"contextOverride":[{"source":"src/find.js","name":"getTradeById","position":{"start":286,"end":506},"variables":[],"parameters":[{"source":"src/find.js","name":"trades","position":{"start":315,"end":321},"type":{"name":"Trade[]"}},{"source":"src/find.js","name":"id","position":{"start":323,"end":325},"type":{"name":"number"}}],"returnType":"Trade"}],"provideSearchTerms":true,"searchTerms":"find item in array by value","id":"find","startTime":"2022-11-26T17:24:21.238Z","timer":{"startTime":"2022-11-26T17:24:21.238Z","endTime":"2022-11-26T17:31:10.128Z"},"duration":359269,"data":{"Q1":"2","Q2":"the solutions or answers were not opening in Safari. The search was working which is cool. It seems like a helpful feature but the space is very limited to view the code, there should be an option to expand the window or open it in a new tab or something.","Q3":"","Q4":""},"endTime":"2022-11-26T17:33:06.410Z"},{"enableFragments":true,"enableContext":true,"showContext":true,"contextOverride":[{"source":"src/clone.js","name":"cloneTradeLedger","position":{"start":239,"end":406},"variables":[],"parameters":[{"source":"src/clone.js","name":"trades","position":{"start":272,"end":278},"type":{"name":"Trade[]"}}],"returnType":"Trade[]"}],"provideSearchTerms":true,"searchTerms":"clone array","id":"clone","startTime":"2022-11-26T17:46:19.666Z","timer":{"startTime":"2022-11-26T17:46:19.666Z","endTime":"2022-11-26T17:51:42.673Z"},"duration":321434,"data":{"Q1":"4","Q2":"Since this was just a one liner code in the answer it was easier to find.","Q3":"","Q4":""},"endTime":"2022-11-26T17:52:13.393Z"},{"enableFragments":true,"enableContext":true,"showContext":true,"contextOverride":[{"source":"src/sort.js","name":"sortTradesByShareCount","position":{"start":285,"end":524},"variables":[],"parameters":[{"source":"src/sort.js","name":"trades","position":{"start":324,"end":330},"type":{"name":"Trade[]"}}],"returnType":"Trade[]"}],"provideSearchTerms":true,"searchTerms":"sort array of objects descending","id":"sort","startTime":"2022-11-26T17:41:57.197Z","timer":{"startTime":"2022-11-26T17:41:57.198Z","endTime":"2022-11-26T17:45:44.816Z"},"duration":226545,"data":{"Q1":"2","Q2":"same as my previous answers","Q3":"","Q4":"same as my previous answer"},"endTime":"2022-11-26T17:46:09.532Z"},{"enableFragments":false,"enableContext":false,"showContext":false,"contextOverride":[],"provideSearchTerms":false,"searchTerms":"","id":"recent","startTime":"2022-11-26T17:58:35.899Z","timer":{"startTime":"2022-11-26T17:58:35.899Z","endTime":"2022-11-26T18:06:20.276Z"},"duration":419760,"data":{"Q1":"2","Q2":"The links didn't open after the search","Q3":"","Q4":"The links didn't open in Scout after the search"},"endTime":"2022-11-26T18:07:06.027Z"},{"enableFragments":true,"enableContext":true,"showContext":true,"contextOverride":[{"source":"src/serve.js","name":"express","position":{"start":7,"end":14},"module":{"name":"express","position":{"start":20,"end":29}},"references":[{"start":181,"end":188}]},{"source":"src/serve.js","name":"path","position":{"start":38,"end":42},"module":{"name":"path","position":{"start":48,"end":54}},"references":[]},{"source":"src/serve.js","name":"setup","position":{"start":193,"end":290},"variables":[],"parameters":[],"returnType":"void"}],"provideSearchTerms":false,"searchTerms":"","id":"serve","startTime":"2022-11-26T17:52:23.471Z","timer":{"startTime":"2022-11-26T17:52:23.471Z","endTime":"2022-11-26T17:57:14.432Z"},"duration":289488,"data":{"Q1":"2","Q2":"I had to search outside to find the solution","Q3":"","Q4":"The examples in the search results didn't had enough information to proceed"},"endTime":"2022-11-26T17:58:26.373Z"},{"id":"post-study"}],"activations":["2022-11-26T17:06:45.539Z","2022-11-26T17:20:41.846Z"]}