{"trialId":"49394_3","taskId":"currency","appEvents":[{"timestamp":"2022-11-14T05:19:26.322Z","name":"search","data":"search-start"},{"timestamp":"2022-11-14T05:19:27.535Z","name":"search","data":"search-done"},{"timestamp":"2022-11-14T05:19:45.920Z","name":"resize","data":{"height":679,"width":407}},{"timestamp":"2022-11-14T05:22:05.927Z","name":"resize","data":{"height":0,"width":0}},{"timestamp":"2022-11-14T05:27:20.367Z","name":"resize","data":{"height":679,"width":407}}],"searches":[{"keywords":["format","currency"],"context":{"tokens":[{"kind":"language","value":"javascript"}]},"timestamp":"2022-11-14T05:19:26.322Z","results":[{"signatures":[],"areSignaturesLoading":true,"title":"How to format numbers as currency strings - Stack Overflow","url":"https://stackoverflow.com/questions/149055/how-to-format-numbers-as-currency-strings","displayLink":"https://stackoverflow.com › questions › how-to-format-...","date":"Sep 29, 2008","snippet":"All you need is to add the currency symbol (e.g. \"$\" + profits.toFixed(2) ) and you will have your amount in dollars. Custom function. If you ...","snippetHighlightWords":["currency"]},{"signatures":[],"areSignaturesLoading":true,"title":"How to format numbers as currency strings - Stack Overflow","url":"https://stackoverflow.com/questions/149055/how-to-format-numbers-as-currency-strings/5681208","displayLink":"https://stackoverflow.com › questions › how-to-format-...","date":"66 answers","snippet":"I found this from: accounting.js. It's very easy and perfectly fits my need. // Default usage: accounting.formatMoney(12345678); // $12,345,678.00 ...","snippetHighlightWords":["js"]},{"signatures":[],"areSignaturesLoading":true,"title":"How do I print currency format in JavaScript - Stack Overflow","url":"https://stackoverflow.com/questions/4022171/how-do-i-print-currency-format-in-javascript","displayLink":"https://stackoverflow.com › questions › how-do-i-print-...","snippet":"I am writing a function that takes the float price and returns the formatted currency value with currency code too. like fnPrice( 1001.01 ) should print $ ...","snippetHighlightWords":["currency","currency"]},{"signatures":[],"areSignaturesLoading":true,"title":"How to format currency in JavaScript? - Stack Overflow","url":"https://stackoverflow.com/questions/64297528/how-to-format-currency-in-javascript","displayLink":"https://stackoverflow.com › questions › how-to-format-...","date":"Oct 10, 2020","snippet":"I'm beginner in JavaScript and I'm rendering a list that contains some products. The product price format comes as follows: 3800 , 4000 , 11000 ...","snippetHighlightWords":["JavaScript","format"]},{"signatures":[],"areSignaturesLoading":true,"title":"How to format currency and time in javascript - Stack Overflow","url":"https://stackoverflow.com/questions/60689698/how-to-format-currency-and-time-in-javascript","displayLink":"https://stackoverflow.com › questions › how-to-format-...","date":"Mar 15, 2020","snippet":"To format as currency, you can use Intl.NumberFormat either with or without the currency symbol. It can be used via toLocaleString:.","snippetHighlightWords":["format","currency","currency"]},{"signatures":[],"areSignaturesLoading":true,"title":"Proper JS currency format with commas and decimals","url":"https://stackoverflow.com/questions/19664926/proper-js-currency-format-with-commas-and-decimals","displayLink":"https://stackoverflow.com › questions › proper-js-curre...","date":"Oct 29, 2013","snippet":"The value that you get from text fields is of type 'string'. When you do math on simple strings Javascript will automatically coerce them to ...","snippetHighlightWords":["Javascript"]},{"signatures":[],"areSignaturesLoading":true,"title":"Currency format in euro - javascript - Stack Overflow","url":"https://stackoverflow.com/questions/69668216/currency-format-in-euro","displayLink":"https://stackoverflow.com › questions › currency-forma...","snippet":"For your onChange event on the euro currency, you want to remove the . the same way you are removing the , for the dollars, ...","snippetHighlightWords":["currency"],"extensions":["Oct 21, 2021","1 answer"]},{"signatures":[],"areSignaturesLoading":true,"title":"Javascript Function to Format as Money - Stack Overflow","url":"https://stackoverflow.com/questions/40426965/javascript-function-to-format-as-money","displayLink":"https://stackoverflow.com › questions › javascript-funct...","date":"Nov 4, 2016","snippet":"String.prototype.formatMoney = function(places, symbol, thousand, decimal) { if((this).match(/^$/) && (this).indexOf(',') != -1 && (this)."},{"signatures":[],"areSignaturesLoading":true,"title":"Format currency in JavaScript removing .00 - Stack Overflow","url":"https://stackoverflow.com/questions/46235907/format-currency-in-javascript-removing-00","displayLink":"https://stackoverflow.com › questions › format-currenc...","date":"Sep 15, 2017","snippet":"NumberFormat has the more sensible behavior of rounding away from zero as opposed to other JavaScript methods like Math.round . For example, ...","snippetHighlightWords":["JavaScript"]},{"signatures":[],"areSignaturesLoading":true,"title":"Currency formatting using Intl.NumberFormat without currency ...","url":"https://stackoverflow.com/questions/68549027/currency-formatting-using-intl-numberformat-without-currency-symbol","displayLink":"https://stackoverflow.com › questions › currency-forma...","date":"Jul 27, 2021","snippet":"I am trying to use Intl as a default currency formatter and it is almost perfect. ... I find it bizarre that I spend over an hour looking for a ...","snippetHighlightWords":["currency formatter"]}],"events":[{"timestamp":"2022-11-14T05:19:26.359Z","url":"https://stackoverflow.com/questions/149055/how-to-format-numbers-as-currency-strings","component":"projection","action":"load","data":{"height":107,"width":269.6875,"wc":27,"lc":1}},{"timestamp":"2022-11-14T05:19:26.359Z","url":"https://stackoverflow.com/questions/149055/how-to-format-numbers-as-currency-strings/5681208","component":"projection","action":"load","data":{"height":107,"width":260.0625,"wc":20,"lc":1}},{"timestamp":"2022-11-14T05:19:26.359Z","url":"https://stackoverflow.com/questions/4022171/how-do-i-print-currency-format-in-javascript","component":"projection","action":"load","data":{"height":85,"width":265.953125,"wc":28,"lc":1}},{"timestamp":"2022-11-14T05:19:26.359Z","url":"https://stackoverflow.com/questions/64297528/how-to-format-currency-in-javascript","component":"projection","action":"load","data":{"height":107,"width":247.265625,"wc":26,"lc":1}},{"timestamp":"2022-11-14T05:19:26.359Z","url":"https://stackoverflow.com/questions/60689698/how-to-format-currency-and-time-in-javascript","component":"projection","action":"load","data":{"height":85,"width":251.6875,"wc":21,"lc":1}},{"timestamp":"2022-11-14T05:19:26.359Z","url":"https://stackoverflow.com/questions/19664926/proper-js-currency-format-with-commas-and-decimals","component":"projection","action":"load","data":{"height":85,"width":262.265625,"wc":26,"lc":1}},{"timestamp":"2022-11-14T05:19:26.359Z","url":"https://stackoverflow.com/questions/69668216/currency-format-in-euro","component":"projection","action":"load","data":{"height":85,"width":254.65625,"wc":26,"lc":1}},{"timestamp":"2022-11-14T05:19:26.359Z","url":"https://stackoverflow.com/questions/40426965/javascript-function-to-format-as-money","component":"projection","action":"load","data":{"height":85,"width":219.671875,"wc":14,"lc":1}},{"timestamp":"2022-11-14T05:19:26.359Z","url":"https://stackoverflow.com/questions/46235907/format-currency-in-javascript-removing-00","component":"projection","action":"load","data":{"height":85,"width":270.265625,"wc":23,"lc":1}},{"timestamp":"2022-11-14T05:19:26.359Z","url":"https://stackoverflow.com/questions/68549027/currency-formatting-using-intl-numberformat-without-currency-symbol","component":"projection","action":"load","data":{"height":85,"width":262.71875,"wc":31,"lc":1}},{"timestamp":"2022-11-14T05:19:26.363Z","url":"https://stackoverflow.com/questions/149055/how-to-format-numbers-as-currency-strings","component":"projection","action":"mouseenter"},{"timestamp":"2022-11-14T05:19:27.535Z","url":"https://stackoverflow.com/questions/149055/how-to-format-numbers-as-currency-strings","component":"projection","action":"loaded","data":"projection 10 of 10"},{"timestamp":"2022-11-14T05:19:27.535Z","url":"https://stackoverflow.com/questions/149055/how-to-format-numbers-as-currency-strings/5681208","component":"projection","action":"loaded","data":"projection 9 of 10"},{"timestamp":"2022-11-14T05:19:27.535Z","url":"https://stackoverflow.com/questions/4022171/how-do-i-print-currency-format-in-javascript","component":"projection","action":"loaded","data":"projection 8 of 10"},{"timestamp":"2022-11-14T05:19:27.535Z","url":"https://stackoverflow.com/questions/64297528/how-to-format-currency-in-javascript","component":"projection","action":"loaded","data":"projection 7 of 10"},{"timestamp":"2022-11-14T05:19:27.535Z","url":"https://stackoverflow.com/questions/60689698/how-to-format-currency-and-time-in-javascript","component":"projection","action":"loaded","data":"projection 6 of 10"},{"timestamp":"2022-11-14T05:19:27.535Z","url":"https://stackoverflow.com/questions/19664926/proper-js-currency-format-with-commas-and-decimals","component":"projection","action":"loaded","data":"projection 5 of 10"},{"timestamp":"2022-11-14T05:19:27.535Z","url":"https://stackoverflow.com/questions/69668216/currency-format-in-euro","component":"projection","action":"loaded","data":"projection 4 of 10"},{"timestamp":"2022-11-14T05:19:27.535Z","url":"https://stackoverflow.com/questions/40426965/javascript-function-to-format-as-money","component":"projection","action":"loaded","data":"projection 3 of 10"},{"timestamp":"2022-11-14T05:19:27.535Z","url":"https://stackoverflow.com/questions/46235907/format-currency-in-javascript-removing-00","component":"projection","action":"loaded","data":"projection 2 of 10"},{"timestamp":"2022-11-14T05:19:27.535Z","url":"https://stackoverflow.com/questions/68549027/currency-formatting-using-intl-numberformat-without-currency-symbol","component":"projection","action":"loaded","data":"projection 1 of 10"},{"timestamp":"2022-11-14T05:19:31.293Z","url":"https://stackoverflow.com/questions/149055/how-to-format-numbers-as-currency-strings","component":"projection","action":"mouseleave"},{"timestamp":"2022-11-14T05:19:31.294Z","url":"https://stackoverflow.com/questions/149055/how-to-format-numbers-as-currency-strings/5681208","component":"projection","action":"mouseenter"},{"timestamp":"2022-11-14T05:19:31.893Z","url":"https://stackoverflow.com/questions/149055/how-to-format-numbers-as-currency-strings/5681208","component":"projection","action":"mouseleave"},{"timestamp":"2022-11-14T05:19:31.894Z","url":"https://stackoverflow.com/questions/149055/how-to-format-numbers-as-currency-strings","component":"projection","action":"mouseenter"},{"timestamp":"2022-11-14T05:19:33.224Z","url":"https://stackoverflow.com/questions/149055/how-to-format-numbers-as-currency-strings","component":"page","action":"open"},{"timestamp":"2022-11-14T05:19:33.261Z","url":"https://stackoverflow.com/questions/149055/how-to-format-numbers-as-currency-strings","component":"projection","action":"mouseleave"},{"timestamp":"2022-11-14T05:19:38.072Z","url":"https://stackoverflow.com/questions/149055/how-to-format-numbers-as-currency-strings","component":"page","action":"load"},{"timestamp":"2022-11-14T05:19:39.694Z","url":"https://stackoverflow.com/questions/149055/how-to-format-numbers-as-currency-strings","component":"page","action":"scroll","data":{"viewport":{"x":0,"y":27,"height":619,"width":295},"document":{"height":51242,"width":297},"question":{"identifier":"149055","top":136.40625,"bottom":1974.21875,"right":264,"left":16,"width":248,"height":1837.8125},"answers":[{"identifier":"16233919","top":2091.5,"bottom":5482.203125,"right":264,"left":16,"width":248,"height":3390.703125},{"identifier":"149099","top":5482.203125,"bottom":9503.890625,"right":264,"left":16,"width":248,"height":4021.6875},{"identifier":"14428340","top":9503.890625,"bottom":13006.296875,"right":264,"left":16,"width":248,"height":3502.40625},{"identifier":"149107","top":13006.296875,"bottom":15305.59375,"right":264,"left":16,"width":248,"height":2299.296875},{"identifier":"2866613","top":15305.59375,"bottom":18180.46875,"right":264,"left":16,"width":248,"height":2874.875},{"identifier":"26745078","top":18180.46875,"bottom":19395.15625,"right":264,"left":16,"width":248,"height":1214.6875},{"identifier":"7266497","top":19395.15625,"bottom":20441.15625,"right":264,"left":16,"width":248,"height":1046},{"identifier":"9318724","top":20441.15625,"bottom":21775.28125,"right":264,"left":16,"width":248,"height":1334.125},{"identifier":"5342097","top":21775.28125,"bottom":23107.90625,"right":264,"left":16,"width":248,"height":1332.625},{"identifier":"18994850","top":23107.90625,"bottom":24627.84375,"right":264,"left":16,"width":248,"height":1519.9375},{"identifier":"9318723","top":24627.84375,"bottom":25302.28125,"right":264,"left":16,"width":248,"height":674.4375},{"identifier":"68536579","top":25302.28125,"bottom":25949.515625,"right":264,"left":16,"width":248,"height":647.234375},{"identifier":"149150","top":25949.515625,"bottom":27060.203125,"right":264,"left":16,"width":248,"height":1110.6875},{"identifier":"12698339","top":27060.203125,"bottom":27947.640625,"right":264,"left":16,"width":248,"height":887.4375},{"identifier":"40079019","top":27947.640625,"bottom":30087.953125,"right":264,"left":16,"width":248,"height":2140.3125},{"identifier":"6787083","top":30087.953125,"bottom":31153.703125,"right":264,"left":16,"width":248,"height":1065.75},{"identifier":"6715476","top":31153.703125,"bottom":32308.390625,"right":264,"left":16,"width":248,"height":1154.6875},{"identifier":"8726353","top":32308.390625,"bottom":32891.078125,"right":264,"left":16,"width":248,"height":582.6875},{"identifier":"11270819","top":32891.078125,"bottom":34803.453125,"right":264,"left":16,"width":248,"height":1912.375},{"identifier":"149080","top":34803.453125,"bottom":35693.328125,"right":264,"left":16,"width":248,"height":889.875},{"identifier":"60877747","top":35693.328125,"bottom":36195,"right":264,"left":16,"width":248,"height":501.671875},{"identifier":"1323064","top":36195,"bottom":38088.0625,"right":264,"left":16,"width":248,"height":1893.0625},{"identifier":"10168573","top":38088.0625,"bottom":38985.3125,"right":264,"left":16,"width":248,"height":897.25},{"identifier":"9327950","top":38985.3125,"bottom":39677.375,"right":264,"left":16,"width":248,"height":692.0625},{"identifier":"149120","top":39677.375,"bottom":40396.625,"right":264,"left":16,"width":248,"height":719.25},{"identifier":"12698442","top":40396.625,"bottom":40909.5625,"right":264,"left":16,"width":248,"height":512.9375},{"identifier":"3284302","top":40909.5625,"bottom":42368.125,"right":264,"left":16,"width":248,"height":1458.5625},{"identifier":"14735423","top":42368.125,"bottom":43536.5625,"right":264,"left":16,"width":248,"height":1168.4375},{"identifier":"54274936","top":43536.5625,"bottom":44093.875,"right":264,"left":16,"width":248,"height":557.3125},{"identifier":"23717185","top":44093.875,"bottom":48429.953125,"right":264,"left":16,"width":248,"height":4336.078125}]}},{"timestamp":"2022-11-14T05:19:43.460Z","url":"https://stackoverflow.com/questions/149055/how-to-format-numbers-as-currency-strings","component":"page","action":"scroll","data":{"viewport":{"x":0,"y":1245,"height":619,"width":295},"document":{"height":51242,"width":297},"question":{"identifier":"149055","top":-1081.59375,"bottom":756.21875,"right":264,"left":16,"width":248,"height":1837.8125},"answers":[{"identifier":"16233919","top":873.5,"bottom":4264.203125,"right":264,"left":16,"width":248,"height":3390.703125},{"identifier":"149099","top":4264.203125,"bottom":8285.890625,"right":264,"left":16,"width":248,"height":4021.6875},{"identifier":"14428340","top":8285.890625,"bottom":11788.296875,"right":264,"left":16,"width":248,"height":3502.40625},{"identifier":"149107","top":11788.296875,"bottom":14087.59375,"right":264,"left":16,"width":248,"height":2299.296875},{"identifier":"2866613","top":14087.59375,"bottom":16962.46875,"right":264,"left":16,"width":248,"height":2874.875},{"identifier":"26745078","top":16962.46875,"bottom":18177.15625,"right":264,"left":16,"width":248,"height":1214.6875},{"identifier":"7266497","top":18177.15625,"bottom":19223.15625,"right":264,"left":16,"width":248,"height":1046},{"identifier":"9318724","top":19223.15625,"bottom":20557.28125,"right":264,"left":16,"width":248,"height":1334.125},{"identifier":"5342097","top":20557.28125,"bottom":21889.90625,"right":264,"left":16,"width":248,"height":1332.625},{"identifier":"18994850","top":21889.90625,"bottom":23409.84375,"right":264,"left":16,"width":248,"height":1519.9375},{"identifier":"9318723","top":23409.84375,"bottom":24084.28125,"right":264,"left":16,"width":248,"height":674.4375},{"identifier":"68536579","top":24084.28125,"bottom":24731.515625,"right":264,"left":16,"width":248,"height":647.234375},{"identifier":"149150","top":24731.515625,"bottom":25842.203125,"right":264,"left":16,"width":248,"height":1110.6875},{"identifier":"12698339","top":25842.203125,"bottom":26729.640625,"right":264,"left":16,"width":248,"height":887.4375},{"identifier":"40079019","top":26729.640625,"bottom":28869.953125,"right":264,"left":16,"width":248,"height":2140.3125},{"identifier":"6787083","top":28869.953125,"bottom":29935.703125,"right":264,"left":16,"width":248,"height":1065.75},{"identifier":"6715476","top":29935.703125,"bottom":31090.390625,"right":264,"left":16,"width":248,"height":1154.6875},{"identifier":"8726353","top":31090.390625,"bottom":31673.078125,"right":264,"left":16,"width":248,"height":582.6875},{"identifier":"11270819","top":31673.078125,"bottom":33585.453125,"right":264,"left":16,"width":248,"height":1912.375},{"identifier":"149080","top":33585.453125,"bottom":34475.328125,"right":264,"left":16,"width":248,"height":889.875},{"identifier":"60877747","top":34475.328125,"bottom":34977,"right":264,"left":16,"width":248,"height":501.671875},{"identifier":"1323064","top":34977,"bottom":36870.0625,"right":264,"left":16,"width":248,"height":1893.0625},{"identifier":"10168573","top":36870.0625,"bottom":37767.3125,"right":264,"left":16,"width":248,"height":897.25},{"identifier":"9327950","top":37767.3125,"bottom":38459.375,"right":264,"left":16,"width":248,"height":692.0625},{"identifier":"149120","top":38459.375,"bottom":39178.625,"right":264,"left":16,"width":248,"height":719.25},{"identifier":"12698442","top":39178.625,"bottom":39691.5625,"right":264,"left":16,"width":248,"height":512.9375},{"identifier":"3284302","top":39691.5625,"bottom":41150.125,"right":264,"left":16,"width":248,"height":1458.5625},{"identifier":"14735423","top":41150.125,"bottom":42318.5625,"right":264,"left":16,"width":248,"height":1168.4375},{"identifier":"54274936","top":42318.5625,"bottom":42875.875,"right":264,"left":16,"width":248,"height":557.3125},{"identifier":"23717185","top":42875.875,"bottom":47211.953125,"right":264,"left":16,"width":248,"height":4336.078125}]}},{"timestamp":"2022-11-14T05:19:45.918Z","url":"https://stackoverflow.com/questions/149055/how-to-format-numbers-as-currency-strings","component":"page","action":"scroll","data":{"viewport":{"x":0,"y":1041,"height":619,"width":403},"document":{"height":40791,"width":388},"question":{"identifier":"149055","top":-877.59375,"bottom":301.3125,"right":372,"left":16,"width":356,"height":1178.90625},"answers":[{"identifier":"16233919","top":418.59375,"bottom":2806,"right":372,"left":16,"width":356,"height":2387.40625},{"identifier":"149099","top":2806,"bottom":5928.5,"right":372,"left":16,"width":356,"height":3122.5},{"identifier":"14428340","top":5928.5,"bottom":8549.6875,"right":372,"left":16,"width":356,"height":2621.1875},{"identifier":"149107","top":8549.6875,"bottom":10313.796875,"right":372,"left":16,"width":356,"height":1764.109375},{"identifier":"2866613","top":10313.796875,"bottom":12430.921875,"right":372,"left":16,"width":356,"height":2117.125},{"identifier":"26745078","top":12430.921875,"bottom":13286.109375,"right":372,"left":16,"width":356,"height":855.1875},{"identifier":"7266497","top":13286.109375,"bottom":14054.984375,"right":372,"left":16,"width":356,"height":768.875},{"identifier":"9318724","top":14054.984375,"bottom":15149.296875,"right":372,"left":16,"width":356,"height":1094.3125},{"identifier":"5342097","top":15149.296875,"bottom":16221.984375,"right":372,"left":16,"width":356,"height":1072.6875},{"identifier":"18994850","top":16221.984375,"bottom":17365.234375,"right":372,"left":16,"width":356,"height":1143.25},{"identifier":"9318723","top":17365.234375,"bottom":17930.546875,"right":372,"left":16,"width":356,"height":565.3125},{"identifier":"68536579","top":17930.546875,"bottom":18498.015625,"right":372,"left":16,"width":356,"height":567.46875},{"identifier":"149150","top":18498.015625,"bottom":19400.015625,"right":372,"left":16,"width":356,"height":902},{"identifier":"12698339","top":19400.015625,"bottom":20060.578125,"right":372,"left":16,"width":356,"height":660.5625},{"identifier":"40079019","top":20060.578125,"bottom":21838.078125,"right":372,"left":16,"width":356,"height":1777.5},{"identifier":"6787083","top":21838.078125,"bottom":22586.953125,"right":372,"left":16,"width":356,"height":748.875},{"identifier":"6715476","top":22586.953125,"bottom":23404.140625,"right":372,"left":16,"width":356,"height":817.1875},{"identifier":"8726353","top":23404.140625,"bottom":23927.953125,"right":372,"left":16,"width":356,"height":523.8125},{"identifier":"11270819","top":23927.953125,"bottom":25287.015625,"right":372,"left":16,"width":356,"height":1359.0625},{"identifier":"149080","top":25287.015625,"bottom":26118.015625,"right":372,"left":16,"width":356,"height":831},{"identifier":"60877747","top":26118.015625,"bottom":26656.71875,"right":372,"left":16,"width":356,"height":538.703125},{"identifier":"1323064","top":26656.71875,"bottom":28423.40625,"right":372,"left":16,"width":356,"height":1766.6875},{"identifier":"10168573","top":28423.40625,"bottom":29198.59375,"right":372,"left":16,"width":356,"height":775.1875},{"identifier":"9327950","top":29198.59375,"bottom":29758.03125,"right":372,"left":16,"width":356,"height":559.4375},{"identifier":"149120","top":29758.03125,"bottom":30425.21875,"right":372,"left":16,"width":356,"height":667.1875},{"identifier":"12698442","top":30425.21875,"bottom":30893.15625,"right":372,"left":16,"width":356,"height":467.9375},{"identifier":"3284302","top":30893.15625,"bottom":32049.65625,"right":372,"left":16,"width":356,"height":1156.5},{"identifier":"14735423","top":32049.65625,"bottom":33015.59375,"right":372,"left":16,"width":356,"height":965.9375},{"identifier":"54274936","top":33015.59375,"bottom":33484.46875,"right":372,"left":16,"width":356,"height":468.875},{"identifier":"23717185","top":33484.46875,"bottom":37450.71875,"right":372,"left":16,"width":356,"height":3966.25}]}},{"timestamp":"2022-11-14T05:19:48.277Z","url":"https://stackoverflow.com/questions/149055/how-to-format-numbers-as-currency-strings","component":"page","action":"scroll","data":{"viewport":{"x":0,"y":1324,"height":619,"width":403},"document":{"height":40791,"width":388},"question":{"identifier":"149055","top":-1160.59375,"bottom":18.3125,"right":372,"left":16,"width":356,"height":1178.90625},"answers":[{"identifier":"16233919","top":135.59375,"bottom":2523,"right":372,"left":16,"width":356,"height":2387.40625},{"identifier":"149099","top":2523,"bottom":5645.5,"right":372,"left":16,"width":356,"height":3122.5},{"identifier":"14428340","top":5645.5,"bottom":8266.6875,"right":372,"left":16,"width":356,"height":2621.1875},{"identifier":"149107","top":8266.6875,"bottom":10030.796875,"right":372,"left":16,"width":356,"height":1764.109375},{"identifier":"2866613","top":10030.796875,"bottom":12147.921875,"right":372,"left":16,"width":356,"height":2117.125},{"identifier":"26745078","top":12147.921875,"bottom":13003.109375,"right":372,"left":16,"width":356,"height":855.1875},{"identifier":"7266497","top":13003.109375,"bottom":13771.984375,"right":372,"left":16,"width":356,"height":768.875},{"identifier":"9318724","top":13771.984375,"bottom":14866.296875,"right":372,"left":16,"width":356,"height":1094.3125},{"identifier":"5342097","top":14866.296875,"bottom":15938.984375,"right":372,"left":16,"width":356,"height":1072.6875},{"identifier":"18994850","top":15938.984375,"bottom":17082.234375,"right":372,"left":16,"width":356,"height":1143.25},{"identifier":"9318723","top":17082.234375,"bottom":17647.546875,"right":372,"left":16,"width":356,"height":565.3125},{"identifier":"68536579","top":17647.546875,"bottom":18215.015625,"right":372,"left":16,"width":356,"height":567.46875},{"identifier":"149150","top":18215.015625,"bottom":19117.015625,"right":372,"left":16,"width":356,"height":902},{"identifier":"12698339","top":19117.015625,"bottom":19777.578125,"right":372,"left":16,"width":356,"height":660.5625},{"identifier":"40079019","top":19777.578125,"bottom":21555.078125,"right":372,"left":16,"width":356,"height":1777.5},{"identifier":"6787083","top":21555.078125,"bottom":22303.953125,"right":372,"left":16,"width":356,"height":748.875},{"identifier":"6715476","top":22303.953125,"bottom":23121.140625,"right":372,"left":16,"width":356,"height":817.1875},{"identifier":"8726353","top":23121.140625,"bottom":23644.953125,"right":372,"left":16,"width":356,"height":523.8125},{"identifier":"11270819","top":23644.953125,"bottom":25004.015625,"right":372,"left":16,"width":356,"height":1359.0625},{"identifier":"149080","top":25004.015625,"bottom":25835.015625,"right":372,"left":16,"width":356,"height":831},{"identifier":"60877747","top":25835.015625,"bottom":26373.71875,"right":372,"left":16,"width":356,"height":538.703125},{"identifier":"1323064","top":26373.71875,"bottom":28140.40625,"right":372,"left":16,"width":356,"height":1766.6875},{"identifier":"10168573","top":28140.40625,"bottom":28915.59375,"right":372,"left":16,"width":356,"height":775.1875},{"identifier":"9327950","top":28915.59375,"bottom":29475.03125,"right":372,"left":16,"width":356,"height":559.4375},{"identifier":"149120","top":29475.03125,"bottom":30142.21875,"right":372,"left":16,"width":356,"height":667.1875},{"identifier":"12698442","top":30142.21875,"bottom":30610.15625,"right":372,"left":16,"width":356,"height":467.9375},{"identifier":"3284302","top":30610.15625,"bottom":31766.65625,"right":372,"left":16,"width":356,"height":1156.5},{"identifier":"14735423","top":31766.65625,"bottom":32732.59375,"right":372,"left":16,"width":356,"height":965.9375},{"identifier":"54274936","top":32732.59375,"bottom":33201.46875,"right":372,"left":16,"width":356,"height":468.875},{"identifier":"23717185","top":33201.46875,"bottom":37167.71875,"right":372,"left":16,"width":356,"height":3966.25}]}},{"timestamp":"2022-11-14T05:20:13.663Z","url":"https://stackoverflow.com/questions/149055/how-to-format-numbers-as-currency-strings","component":"page","action":"scroll","data":{"viewport":{"x":0,"y":2307,"height":619,"width":403},"document":{"height":40791,"width":388},"question":{"identifier":"149055","top":-2143.59375,"bottom":-964.6875,"right":372,"left":16,"width":356,"height":1178.90625},"answers":[{"identifier":"16233919","top":-847.40625,"bottom":1540,"right":372,"left":16,"width":356,"height":2387.40625},{"identifier":"149099","top":1540,"bottom":4662.5,"right":372,"left":16,"width":356,"height":3122.5},{"identifier":"14428340","top":4662.5,"bottom":7283.6875,"right":372,"left":16,"width":356,"height":2621.1875},{"identifier":"149107","top":7283.6875,"bottom":9047.796875,"right":372,"left":16,"width":356,"height":1764.109375},{"identifier":"2866613","top":9047.796875,"bottom":11164.921875,"right":372,"left":16,"width":356,"height":2117.125},{"identifier":"26745078","top":11164.921875,"bottom":12020.109375,"right":372,"left":16,"width":356,"height":855.1875},{"identifier":"7266497","top":12020.109375,"bottom":12788.984375,"right":372,"left":16,"width":356,"height":768.875},{"identifier":"9318724","top":12788.984375,"bottom":13883.296875,"right":372,"left":16,"width":356,"height":1094.3125},{"identifier":"5342097","top":13883.296875,"bottom":14955.984375,"right":372,"left":16,"width":356,"height":1072.6875},{"identifier":"18994850","top":14955.984375,"bottom":16099.234375,"right":372,"left":16,"width":356,"height":1143.25},{"identifier":"9318723","top":16099.234375,"bottom":16664.546875,"right":372,"left":16,"width":356,"height":565.3125},{"identifier":"68536579","top":16664.546875,"bottom":17232.015625,"right":372,"left":16,"width":356,"height":567.46875},{"identifier":"149150","top":17232.015625,"bottom":18134.015625,"right":372,"left":16,"width":356,"height":902},{"identifier":"12698339","top":18134.015625,"bottom":18794.578125,"right":372,"left":16,"width":356,"height":660.5625},{"identifier":"40079019","top":18794.578125,"bottom":20572.078125,"right":372,"left":16,"width":356,"height":1777.5},{"identifier":"6787083","top":20572.078125,"bottom":21320.953125,"right":372,"left":16,"width":356,"height":748.875},{"identifier":"6715476","top":21320.953125,"bottom":22138.140625,"right":372,"left":16,"width":356,"height":817.1875},{"identifier":"8726353","top":22138.140625,"bottom":22661.953125,"right":372,"left":16,"width":356,"height":523.8125},{"identifier":"11270819","top":22661.953125,"bottom":24021.015625,"right":372,"left":16,"width":356,"height":1359.0625},{"identifier":"149080","top":24021.015625,"bottom":24852.015625,"right":372,"left":16,"width":356,"height":831},{"identifier":"60877747","top":24852.015625,"bottom":25390.71875,"right":372,"left":16,"width":356,"height":538.703125},{"identifier":"1323064","top":25390.71875,"bottom":27157.40625,"right":372,"left":16,"width":356,"height":1766.6875},{"identifier":"10168573","top":27157.40625,"bottom":27932.59375,"right":372,"left":16,"width":356,"height":775.1875},{"identifier":"9327950","top":27932.59375,"bottom":28492.03125,"right":372,"left":16,"width":356,"height":559.4375},{"identifier":"149120","top":28492.03125,"bottom":29159.21875,"right":372,"left":16,"width":356,"height":667.1875},{"identifier":"12698442","top":29159.21875,"bottom":29627.15625,"right":372,"left":16,"width":356,"height":467.9375},{"identifier":"3284302","top":29627.15625,"bottom":30783.65625,"right":372,"left":16,"width":356,"height":1156.5},{"identifier":"14735423","top":30783.65625,"bottom":31749.59375,"right":372,"left":16,"width":356,"height":965.9375},{"identifier":"54274936","top":31749.59375,"bottom":32218.46875,"right":372,"left":16,"width":356,"height":468.875},{"identifier":"23717185","top":32218.46875,"bottom":36184.71875,"right":372,"left":16,"width":356,"height":3966.25}]}},{"timestamp":"2022-11-14T05:20:24.322Z","url":"https://stackoverflow.com/questions/149055/how-to-format-numbers-as-currency-strings","component":"page","action":"scroll","data":{"viewport":{"x":0,"y":2289,"height":619,"width":403},"document":{"height":40791,"width":388},"question":{"identifier":"149055","top":-2125.59375,"bottom":-946.6875,"right":372,"left":16,"width":356,"height":1178.90625},"answers":[{"identifier":"16233919","top":-829.40625,"bottom":1558,"right":372,"left":16,"width":356,"height":2387.40625},{"identifier":"149099","top":1558,"bottom":4680.5,"right":372,"left":16,"width":356,"height":3122.5},{"identifier":"14428340","top":4680.5,"bottom":7301.6875,"right":372,"left":16,"width":356,"height":2621.1875},{"identifier":"149107","top":7301.6875,"bottom":9065.796875,"right":372,"left":16,"width":356,"height":1764.109375},{"identifier":"2866613","top":9065.796875,"bottom":11182.921875,"right":372,"left":16,"width":356,"height":2117.125},{"identifier":"26745078","top":11182.921875,"bottom":12038.109375,"right":372,"left":16,"width":356,"height":855.1875},{"identifier":"7266497","top":12038.109375,"bottom":12806.984375,"right":372,"left":16,"width":356,"height":768.875},{"identifier":"9318724","top":12806.984375,"bottom":13901.296875,"right":372,"left":16,"width":356,"height":1094.3125},{"identifier":"5342097","top":13901.296875,"bottom":14973.984375,"right":372,"left":16,"width":356,"height":1072.6875},{"identifier":"18994850","top":14973.984375,"bottom":16117.234375,"right":372,"left":16,"width":356,"height":1143.25},{"identifier":"9318723","top":16117.234375,"bottom":16682.546875,"right":372,"left":16,"width":356,"height":565.3125},{"identifier":"68536579","top":16682.546875,"bottom":17250.015625,"right":372,"left":16,"width":356,"height":567.46875},{"identifier":"149150","top":17250.015625,"bottom":18152.015625,"right":372,"left":16,"width":356,"height":902},{"identifier":"12698339","top":18152.015625,"bottom":18812.578125,"right":372,"left":16,"width":356,"height":660.5625},{"identifier":"40079019","top":18812.578125,"bottom":20590.078125,"right":372,"left":16,"width":356,"height":1777.5},{"identifier":"6787083","top":20590.078125,"bottom":21338.953125,"right":372,"left":16,"width":356,"height":748.875},{"identifier":"6715476","top":21338.953125,"bottom":22156.140625,"right":372,"left":16,"width":356,"height":817.1875},{"identifier":"8726353","top":22156.140625,"bottom":22679.953125,"right":372,"left":16,"width":356,"height":523.8125},{"identifier":"11270819","top":22679.953125,"bottom":24039.015625,"right":372,"left":16,"width":356,"height":1359.0625},{"identifier":"149080","top":24039.015625,"bottom":24870.015625,"right":372,"left":16,"width":356,"height":831},{"identifier":"60877747","top":24870.015625,"bottom":25408.71875,"right":372,"left":16,"width":356,"height":538.703125},{"identifier":"1323064","top":25408.71875,"bottom":27175.40625,"right":372,"left":16,"width":356,"height":1766.6875},{"identifier":"10168573","top":27175.40625,"bottom":27950.59375,"right":372,"left":16,"width":356,"height":775.1875},{"identifier":"9327950","top":27950.59375,"bottom":28510.03125,"right":372,"left":16,"width":356,"height":559.4375},{"identifier":"149120","top":28510.03125,"bottom":29177.21875,"right":372,"left":16,"width":356,"height":667.1875},{"identifier":"12698442","top":29177.21875,"bottom":29645.15625,"right":372,"left":16,"width":356,"height":467.9375},{"identifier":"3284302","top":29645.15625,"bottom":30801.65625,"right":372,"left":16,"width":356,"height":1156.5},{"identifier":"14735423","top":30801.65625,"bottom":31767.59375,"right":372,"left":16,"width":356,"height":965.9375},{"identifier":"54274936","top":31767.59375,"bottom":32236.46875,"right":372,"left":16,"width":356,"height":468.875},{"identifier":"23717185","top":32236.46875,"bottom":36202.71875,"right":372,"left":16,"width":356,"height":3966.25}]}},{"timestamp":"2022-11-14T05:20:25.130Z","url":"https://stackoverflow.com/questions/149055/how-to-format-numbers-as-currency-strings","component":"page","action":"scroll","data":{"viewport":{"x":0,"y":2260,"height":619,"width":403},"document":{"height":40791,"width":388},"question":{"identifier":"149055","top":-2096.59375,"bottom":-917.6875,"right":372,"left":16,"width":356,"height":1178.90625},"answers":[{"identifier":"16233919","top":-800.40625,"bottom":1587,"right":372,"left":16,"width":356,"height":2387.40625},{"identifier":"149099","top":1587,"bottom":4709.5,"right":372,"left":16,"width":356,"height":3122.5},{"identifier":"14428340","top":4709.5,"bottom":7330.6875,"right":372,"left":16,"width":356,"height":2621.1875},{"identifier":"149107","top":7330.6875,"bottom":9094.796875,"right":372,"left":16,"width":356,"height":1764.109375},{"identifier":"2866613","top":9094.796875,"bottom":11211.921875,"right":372,"left":16,"width":356,"height":2117.125},{"identifier":"26745078","top":11211.921875,"bottom":12067.109375,"right":372,"left":16,"width":356,"height":855.1875},{"identifier":"7266497","top":12067.109375,"bottom":12835.984375,"right":372,"left":16,"width":356,"height":768.875},{"identifier":"9318724","top":12835.984375,"bottom":13930.296875,"right":372,"left":16,"width":356,"height":1094.3125},{"identifier":"5342097","top":13930.296875,"bottom":15002.984375,"right":372,"left":16,"width":356,"height":1072.6875},{"identifier":"18994850","top":15002.984375,"bottom":16146.234375,"right":372,"left":16,"width":356,"height":1143.25},{"identifier":"9318723","top":16146.234375,"bottom":16711.546875,"right":372,"left":16,"width":356,"height":565.3125},{"identifier":"68536579","top":16711.546875,"bottom":17279.015625,"right":372,"left":16,"width":356,"height":567.46875},{"identifier":"149150","top":17279.015625,"bottom":18181.015625,"right":372,"left":16,"width":356,"height":902},{"identifier":"12698339","top":18181.015625,"bottom":18841.578125,"right":372,"left":16,"width":356,"height":660.5625},{"identifier":"40079019","top":18841.578125,"bottom":20619.078125,"right":372,"left":16,"width":356,"height":1777.5},{"identifier":"6787083","top":20619.078125,"bottom":21367.953125,"right":372,"left":16,"width":356,"height":748.875},{"identifier":"6715476","top":21367.953125,"bottom":22185.140625,"right":372,"left":16,"width":356,"height":817.1875},{"identifier":"8726353","top":22185.140625,"bottom":22708.953125,"right":372,"left":16,"width":356,"height":523.8125},{"identifier":"11270819","top":22708.953125,"bottom":24068.015625,"right":372,"left":16,"width":356,"height":1359.0625},{"identifier":"149080","top":24068.015625,"bottom":24899.015625,"right":372,"left":16,"width":356,"height":831},{"identifier":"60877747","top":24899.015625,"bottom":25437.71875,"right":372,"left":16,"width":356,"height":538.703125},{"identifier":"1323064","top":25437.71875,"bottom":27204.40625,"right":372,"left":16,"width":356,"height":1766.6875},{"identifier":"10168573","top":27204.40625,"bottom":27979.59375,"right":372,"left":16,"width":356,"height":775.1875},{"identifier":"9327950","top":27979.59375,"bottom":28539.03125,"right":372,"left":16,"width":356,"height":559.4375},{"identifier":"149120","top":28539.03125,"bottom":29206.21875,"right":372,"left":16,"width":356,"height":667.1875},{"identifier":"12698442","top":29206.21875,"bottom":29674.15625,"right":372,"left":16,"width":356,"height":467.9375},{"identifier":"3284302","top":29674.15625,"bottom":30830.65625,"right":372,"left":16,"width":356,"height":1156.5},{"identifier":"14735423","top":30830.65625,"bottom":31796.59375,"right":372,"left":16,"width":356,"height":965.9375},{"identifier":"54274936","top":31796.59375,"bottom":32265.46875,"right":372,"left":16,"width":356,"height":468.875},{"identifier":"23717185","top":32265.46875,"bottom":36231.71875,"right":372,"left":16,"width":356,"height":3966.25}]}},{"timestamp":"2022-11-14T05:20:25.830Z","url":"https://stackoverflow.com/questions/149055/how-to-format-numbers-as-currency-strings","component":"page","action":"scroll","data":{"viewport":{"x":0,"y":2280,"height":619,"width":403},"document":{"height":40791,"width":388},"question":{"identifier":"149055","top":-2116.59375,"bottom":-937.6875,"right":372,"left":16,"width":356,"height":1178.90625},"answers":[{"identifier":"16233919","top":-820.40625,"bottom":1567,"right":372,"left":16,"width":356,"height":2387.40625},{"identifier":"149099","top":1567,"bottom":4689.5,"right":372,"left":16,"width":356,"height":3122.5},{"identifier":"14428340","top":4689.5,"bottom":7310.6875,"right":372,"left":16,"width":356,"height":2621.1875},{"identifier":"149107","top":7310.6875,"bottom":9074.796875,"right":372,"left":16,"width":356,"height":1764.109375},{"identifier":"2866613","top":9074.796875,"bottom":11191.921875,"right":372,"left":16,"width":356,"height":2117.125},{"identifier":"26745078","top":11191.921875,"bottom":12047.109375,"right":372,"left":16,"width":356,"height":855.1875},{"identifier":"7266497","top":12047.109375,"bottom":12815.984375,"right":372,"left":16,"width":356,"height":768.875},{"identifier":"9318724","top":12815.984375,"bottom":13910.296875,"right":372,"left":16,"width":356,"height":1094.3125},{"identifier":"5342097","top":13910.296875,"bottom":14982.984375,"right":372,"left":16,"width":356,"height":1072.6875},{"identifier":"18994850","top":14982.984375,"bottom":16126.234375,"right":372,"left":16,"width":356,"height":1143.25},{"identifier":"9318723","top":16126.234375,"bottom":16691.546875,"right":372,"left":16,"width":356,"height":565.3125},{"identifier":"68536579","top":16691.546875,"bottom":17259.015625,"right":372,"left":16,"width":356,"height":567.46875},{"identifier":"149150","top":17259.015625,"bottom":18161.015625,"right":372,"left":16,"width":356,"height":902},{"identifier":"12698339","top":18161.015625,"bottom":18821.578125,"right":372,"left":16,"width":356,"height":660.5625},{"identifier":"40079019","top":18821.578125,"bottom":20599.078125,"right":372,"left":16,"width":356,"height":1777.5},{"identifier":"6787083","top":20599.078125,"bottom":21347.953125,"right":372,"left":16,"width":356,"height":748.875},{"identifier":"6715476","top":21347.953125,"bottom":22165.140625,"right":372,"left":16,"width":356,"height":817.1875},{"identifier":"8726353","top":22165.140625,"bottom":22688.953125,"right":372,"left":16,"width":356,"height":523.8125},{"identifier":"11270819","top":22688.953125,"bottom":24048.015625,"right":372,"left":16,"width":356,"height":1359.0625},{"identifier":"149080","top":24048.015625,"bottom":24879.015625,"right":372,"left":16,"width":356,"height":831},{"identifier":"60877747","top":24879.015625,"bottom":25417.71875,"right":372,"left":16,"width":356,"height":538.703125},{"identifier":"1323064","top":25417.71875,"bottom":27184.40625,"right":372,"left":16,"width":356,"height":1766.6875},{"identifier":"10168573","top":27184.40625,"bottom":27959.59375,"right":372,"left":16,"width":356,"height":775.1875},{"identifier":"9327950","top":27959.59375,"bottom":28519.03125,"right":372,"left":16,"width":356,"height":559.4375},{"identifier":"149120","top":28519.03125,"bottom":29186.21875,"right":372,"left":16,"width":356,"height":667.1875},{"identifier":"12698442","top":29186.21875,"bottom":29654.15625,"right":372,"left":16,"width":356,"height":467.9375},{"identifier":"3284302","top":29654.15625,"bottom":30810.65625,"right":372,"left":16,"width":356,"height":1156.5},{"identifier":"14735423","top":30810.65625,"bottom":31776.59375,"right":372,"left":16,"width":356,"height":965.9375},{"identifier":"54274936","top":31776.59375,"bottom":32245.46875,"right":372,"left":16,"width":356,"height":468.875},{"identifier":"23717185","top":32245.46875,"bottom":36211.71875,"right":372,"left":16,"width":356,"height":3966.25}]}}]}]}