{"trialId":"49394_3","taskId":"serve","appEvents":[{"timestamp":"2022-11-14T05:28:04.017Z","name":"search","data":"search-start"},{"timestamp":"2022-11-14T05:28:07.439Z","name":"search","data":"search-done"},{"timestamp":"2022-11-14T05:28:31.418Z","name":"search","data":"search-start"},{"timestamp":"2022-11-14T05:28:37.428Z","name":"search-error","data":{"message":"The user aborted a request."}},{"timestamp":"2022-11-14T05:29:12.928Z","name":"search","data":"search-start"},{"timestamp":"2022-11-14T05:29:16.640Z","name":"search","data":"search-done"},{"timestamp":"2022-11-14T05:31:52.759Z","name":"search","data":"search-start"},{"timestamp":"2022-11-14T05:31:57.378Z","name":"search","data":"search-done"},{"timestamp":"2022-11-14T05:32:13.151Z","name":"search","data":"search-start"},{"timestamp":"2022-11-14T05:32:15.711Z","name":"search","data":"search-done"},{"timestamp":"2022-11-14T05:35:27.303Z","name":"resize","data":{"height":0,"width":0}},{"timestamp":"2022-11-14T05:39:28.855Z","name":"resize","data":{"height":679,"width":407}}],"searches":[{"keywords":["express","get","route","send","files"],"context":{"tokens":[{"kind":"library","value":"express"},{"kind":"library","value":"path"},{"kind":"language","value":"javascript"}]},"timestamp":"2022-11-14T05:28:04.015Z","results":[{"signatures":[],"areSignaturesLoading":true,"title":"How to include route handlers in multiple files in Express?","snippet":"If you want to put the routes in a separate file, for example routes.js , you can create the routes.js file in this way: module.exports = function(app){ ...","url":"https://stackoverflow.com/questions/6059246/how-to-include-route-handlers-in-multiple-files-in-express","displayLink":"https://stackoverflow.com › h...","snippetHighlightWords":["routes","file","routes","js","routes","js file"],"date":"13 jawaban"},{"signatures":[],"areSignaturesLoading":true,"title":"How to send data read from file as response from an express ...","snippet":"How to send data read from file as response from an express route in NodeJS? ; use(bodyParser.json()); app.get ; \"/getJsonData\", (err, res) => { ...","url":"https://stackoverflow.com/questions/72404291/how-to-send-data-read-from-file-as-response-from-an-express-route-in-nodejs","displayLink":"https://stackoverflow.com › h...","snippetHighlightWords":["send","file","express route","NodeJS","get"],"date":"27 Mei 2022"},{"signatures":[],"areSignaturesLoading":true,"title":"Getting the entire file path in route - node.js - Stack Overflow","snippet":"I'm posting this answer because finding out how to specify and reference wildcards in route definitions was more difficult than it needs to ...","url":"https://stackoverflow.com/questions/58544334/getting-the-entire-file-path-in-route","displayLink":"https://stackoverflow.com › ge...","snippetHighlightWords":["route"],"date":"24 Okt 2019 1 jawaban"},{"signatures":[],"areSignaturesLoading":true,"title":"passing the express app to the routes files - Stack Overflow","snippet":"My main question is actually how should I pass the app into my routes files? My favorite approach was doing global.app and making it global, but ...","url":"https://stackoverflow.com/questions/39432247/passing-the-express-app-to-the-routes-files","displayLink":"https://stackoverflow.com › pa...","snippetHighlightWords":["pass","routes files"],"date":"11 Sep 2016"},{"signatures":[],"areSignaturesLoading":true,"title":"res.sendFile absolute path - node.js - Stack Overflow","snippet":"The express.static middleware is separate from res.sendFile , so initializing it with an absolute path to your public directory won't do anything to res.","url":"https://stackoverflow.com/questions/25463423/res-sendfile-absolute-path","displayLink":"https://stackoverflow.com › re...","snippetHighlightWords":["express","path","directory"],"date":"12 jawaban"},{"signatures":[],"areSignaturesLoading":true,"title":"Express, how to pass variables from routes to JS file that is in ...","snippet":"get('/users', function(req, res) { res.render(path.join(__dirname, '../views/js/users_chart.js'), { ...","url":"https://stackoverflow.com/questions/39001598/express-how-to-pass-variables-from-routes-to-js-file-that-is-in-the-client-side","displayLink":"https://stackoverflow.com › ex...","snippetHighlightWords":["get","path","js","js"]},{"signatures":[],"areSignaturesLoading":true,"title":"how to get request path with express req object - Stack Overflow","snippet":"function sendGreeting(req, res, next) { res.send(req.path ... We'll define our route right in the starting file (i.e. app.js or index.js).","url":"https://stackoverflow.com/questions/12525928/how-to-get-request-path-with-express-req-object","displayLink":"https://stackoverflow.com › h...","snippetHighlightWords":["send","path","route","file","js","js"],"date":"21 Sep 2012"},{"signatures":[],"areSignaturesLoading":true,"title":"Passing data from router to server file node.js express","snippet":"If all you want to do is send the data processed in the route handler to the client(s), you don't need to send it to the server file first, ...","url":"https://stackoverflow.com/questions/60222573/passing-data-from-router-to-server-file-node-js-express","displayLink":"https://stackoverflow.com › pa...","snippetHighlightWords":["send","route","send","file"],"date":"14 Feb 2020 2 jawaban"},{"signatures":[],"areSignaturesLoading":true,"title":"How can pass the app instance to route file in ExpressJs?","snippet":"In server.js file, add the following at the bottom of your file: module.exports = app;. And then require server.js in the files where it is ...","url":"https://stackoverflow.com/questions/61228920/how-can-pass-the-app-instance-to-route-file-in-expressjs","displayLink":"https://stackoverflow.com › h...","snippetHighlightWords":["js file","file","js","files"],"date":"15 Apr 2020 1 jawaban"},{"signatures":[],"areSignaturesLoading":true,"title":"How to get directory content with Express? - node.js","snippet":"send(res.locals.filenames); }); module.exports = router;. you can capture the path once.","url":"https://stackoverflow.com/questions/27139683/how-to-get-directory-content-with-express","displayLink":"https://stackoverflow.com › h...","snippetHighlightWords":["send","path"],"date":"26 Nov 2014"}],"events":[{"timestamp":"2022-11-14T05:28:06.267Z","url":"https://stackoverflow.com/questions/6059246/how-to-include-route-handlers-in-multiple-files-in-express","component":"projection","action":"load","data":{"height":63,"width":378.015625,"wc":28,"lc":1}},{"timestamp":"2022-11-14T05:28:06.267Z","url":"https://stackoverflow.com/questions/72404291/how-to-send-data-read-from-file-as-response-from-an-express-route-in-nodejs","component":"projection","action":"load","data":{"height":85,"width":367.828125,"wc":25,"lc":1}},{"timestamp":"2022-11-14T05:28:06.267Z","url":"https://stackoverflow.com/questions/58544334/getting-the-entire-file-path-in-route","component":"projection","action":"load","data":{"height":63,"width":374.578125,"wc":24,"lc":1}},{"timestamp":"2022-11-14T05:28:06.267Z","url":"https://stackoverflow.com/questions/39432247/passing-the-express-app-to-the-routes-files","component":"projection","action":"load","data":{"height":63,"width":365.015625,"wc":27,"lc":1}},{"timestamp":"2022-11-14T05:28:06.268Z","url":"https://stackoverflow.com/questions/25463423/res-sendfile-absolute-path","component":"projection","action":"load","data":{"height":63,"width":374.140625,"wc":24,"lc":1}},{"timestamp":"2022-11-14T05:28:06.268Z","url":"https://stackoverflow.com/questions/39001598/express-how-to-pass-variables-from-routes-to-js-file-that-is-in-the-client-side","component":"projection","action":"load","data":{"height":63,"width":372.359375,"wc":8,"lc":1}},{"timestamp":"2022-11-14T05:28:06.268Z","url":"https://stackoverflow.com/questions/12525928/how-to-get-request-path-with-express-req-object","component":"projection","action":"load","data":{"height":63,"width":346.671875,"wc":20,"lc":1}},{"timestamp":"2022-11-14T05:28:06.268Z","url":"https://stackoverflow.com/questions/60222573/passing-data-from-router-to-server-file-node-js-express","component":"projection","action":"load","data":{"height":63,"width":369.34375,"wc":30,"lc":1}},{"timestamp":"2022-11-14T05:28:06.268Z","url":"https://stackoverflow.com/questions/61228920/how-can-pass-the-app-instance-to-route-file-in-expressjs","component":"projection","action":"load","data":{"height":63,"width":353.578125,"wc":26,"lc":1}},{"timestamp":"2022-11-14T05:28:06.268Z","url":"https://stackoverflow.com/questions/27139683/how-to-get-directory-content-with-express","component":"projection","action":"load","data":{"height":41,"width":366.046875,"wc":11,"lc":1}},{"timestamp":"2022-11-14T05:28:06.715Z","url":"https://stackoverflow.com/questions/72404291/how-to-send-data-read-from-file-as-response-from-an-express-route-in-nodejs","component":"projection","action":"mouseenter"},{"timestamp":"2022-11-14T05:28:07.439Z","url":"https://stackoverflow.com/questions/6059246/how-to-include-route-handlers-in-multiple-files-in-express","component":"projection","action":"loaded","data":"projection 10 of 10"},{"timestamp":"2022-11-14T05:28:07.439Z","url":"https://stackoverflow.com/questions/72404291/how-to-send-data-read-from-file-as-response-from-an-express-route-in-nodejs","component":"projection","action":"loaded","data":"projection 9 of 10"},{"timestamp":"2022-11-14T05:28:07.439Z","url":"https://stackoverflow.com/questions/58544334/getting-the-entire-file-path-in-route","component":"projection","action":"loaded","data":"projection 8 of 10"},{"timestamp":"2022-11-14T05:28:07.439Z","url":"https://stackoverflow.com/questions/39432247/passing-the-express-app-to-the-routes-files","component":"projection","action":"loaded","data":"projection 7 of 10"},{"timestamp":"2022-11-14T05:28:07.439Z","url":"https://stackoverflow.com/questions/25463423/res-sendfile-absolute-path","component":"projection","action":"loaded","data":"projection 6 of 10"},{"timestamp":"2022-11-14T05:28:07.439Z","url":"https://stackoverflow.com/questions/39001598/express-how-to-pass-variables-from-routes-to-js-file-that-is-in-the-client-side","component":"projection","action":"loaded","data":"projection 5 of 10"},{"timestamp":"2022-11-14T05:28:07.439Z","url":"https://stackoverflow.com/questions/12525928/how-to-get-request-path-with-express-req-object","component":"projection","action":"loaded","data":"projection 4 of 10"},{"timestamp":"2022-11-14T05:28:07.439Z","url":"https://stackoverflow.com/questions/60222573/passing-data-from-router-to-server-file-node-js-express","component":"projection","action":"loaded","data":"projection 3 of 10"},{"timestamp":"2022-11-14T05:28:07.439Z","url":"https://stackoverflow.com/questions/61228920/how-can-pass-the-app-instance-to-route-file-in-expressjs","component":"projection","action":"loaded","data":"projection 2 of 10"},{"timestamp":"2022-11-14T05:28:07.439Z","url":"https://stackoverflow.com/questions/27139683/how-to-get-directory-content-with-express","component":"projection","action":"loaded","data":"projection 1 of 10"},{"timestamp":"2022-11-14T05:28:18.234Z","url":"https://stackoverflow.com/questions/72404291/how-to-send-data-read-from-file-as-response-from-an-express-route-in-nodejs","component":"projection","action":"mouseleave"},{"timestamp":"2022-11-14T05:28:18.235Z","url":"https://stackoverflow.com/questions/6059246/how-to-include-route-handlers-in-multiple-files-in-express","component":"projection","action":"mouseenter"},{"timestamp":"2022-11-14T05:28:18.716Z","url":"https://stackoverflow.com/questions/6059246/how-to-include-route-handlers-in-multiple-files-in-express","component":"projection","action":"mouseleave"}]},{"keywords":["express","get","route","url","params"],"context":{"tokens":[{"kind":"library","value":"express"},{"kind":"library","value":"path"},{"kind":"language","value":"javascript"}]},"timestamp":"2022-11-14T05:29:12.925Z","results":[{"signatures":[],"areSignaturesLoading":true,"title":"How to get a URL parameter in Express? - Stack Overflow","snippet":"Express 4.x. To get a URL parameter's value, use req.params app.get('/p/:tagId', function(req, res) { res.send(\"tagId is set to \" + req.params.","url":"https://stackoverflow.com/questions/20089582/how-to-get-a-url-parameter-in-express","displayLink":"https://stackoverflow.com › questions › how-to-get-a-ur...","snippetHighlightWords":["Express","get","URL parameter's","params","get","params"],"date":"4 answers"},{"signatures":[],"areSignaturesLoading":true,"title":"64 - Stack Overflow","snippet":"Node. js/Express routing with get params - Stack Overflow. Stack Overflow for Teams – Start collaborating and sharing organizational knowledge.","url":"https://stackoverflow.com/questions/8506658/node-js-express-routing-with-get-params","displayLink":"https://stackoverflow.com › questions › node-js-express...","snippetHighlightWords":["Node","js","Express routing","get params"]},{"signatures":[],"areSignaturesLoading":true,"title":"Node.js express - get route params without going into the ...","snippet":"I think one approach is to write a middleware like below. // This will get executed before every request. As we'll add this with app.use() ...","url":"https://stackoverflow.com/questions/60819946/node-js-express-get-route-params-without-going-into-the-route-function-for-qui","displayLink":"https://stackoverflow.com › questions › node-js-express...","snippetHighlightWords":["get"],"date":"Mar 23, 2020"},{"signatures":[],"areSignaturesLoading":true,"title":"node.js - express.Router() get url route with optional parameters","snippet":"I tried to get optional URL parameter using express ...","url":"https://stackoverflow.com/questions/36557792/express-router-get-url-route-with-optional-parameters","displayLink":"https://stackoverflow.com › questions › express-router-...","snippetHighlightWords":["get","URL parameter","express"],"date":"Apr 11, 2016"},{"signatures":[],"areSignaturesLoading":true,"title":"Express route parameters - node.js - Stack Overflow","snippet":"js and Express and I'm wondering the if the following code is correct: router. get('students/:name', async (req, res) => { const students = ...","url":"https://stackoverflow.com/questions/57595733/express-route-parameters","displayLink":"https://stackoverflow.com › questions › express-route-p...","snippetHighlightWords":["js","Express","router","get"],"date":"Aug 21, 2019"},{"signatures":[],"areSignaturesLoading":true,"title":"Route parameters in Express JS - Stack Overflow","snippet":"'use strict'; var path = require('path'); var express = require('express'); var router = express.Router(); /* GET route root page. */ router.get ...","url":"https://stackoverflow.com/questions/51144781/route-parameters-in-express-js","displayLink":"https://stackoverflow.com › questions › route-parameter...","snippetHighlightWords":["path","path","express","express","router","express","Router","GET route","router","get"],"date":"Jul 2, 2018"},{"signatures":[],"areSignaturesLoading":true,"title":"javascript - Get Express Route URL in NodeJS with parameters","snippet":"const pathOk = /\\/authenticate\\/newPassword\\/.+/; if(pathOk.test(req.path)) { //Continue the middleware ...","url":"https://stackoverflow.com/questions/51820028/get-express-route-url-in-nodejs-with-parameters","displayLink":"https://stackoverflow.com › questions › get-express-rou...","snippetHighlightWords":["path"],"date":"Aug 13, 2018"},{"signatures":[],"areSignaturesLoading":true,"title":"How to distinguish paths and params of routes in express.js?","snippet":"Express is sensitive to the order with which you define routes, so moving /withSubcategories above /:id will solve the issue.","url":"https://stackoverflow.com/questions/61963183/how-to-distinguish-paths-and-params-of-routes-in-express-js","displayLink":"https://stackoverflow.com › questions › how-to-distingu...","snippetHighlightWords":["Express","routes"],"date":"May 22, 2020 1 answer"},{"signatures":[],"areSignaturesLoading":true,"title":"Express in NodeJS: URL param breaks routing - Stack Overflow","snippet":"I have removed app.js route as index.html can find it by default - unless a URL param is used. This is what I want to fix. Thanks. – john.","url":"https://stackoverflow.com/questions/67761762/express-in-nodejs-url-param-breaks-routing","displayLink":"https://stackoverflow.com › questions › express-in-node...","snippetHighlightWords":["have","js route","find","URL param"],"date":"May 30, 2021"},{"signatures":[],"areSignaturesLoading":true,"title":"Passing parameters with express router correctly","snippet":"Route parameters are named URL segments that are used to capture the values specified at their position in the URL.","url":"https://stackoverflow.com/questions/67149384/passing-parameters-with-express-router-correctly","displayLink":"https://stackoverflow.com › questions › passing-parame...","snippetHighlightWords":["Route parameters","URL","URL"],"date":"Apr 18, 2021"}],"events":[{"timestamp":"2022-11-14T05:29:15.487Z","url":"https://stackoverflow.com/questions/20089582/how-to-get-a-url-parameter-in-express","component":"projection","action":"load","data":{"height":63,"width":375.203125,"wc":21,"lc":1}},{"timestamp":"2022-11-14T05:29:15.487Z","url":"https://stackoverflow.com/questions/8506658/node-js-express-routing-with-get-params","component":"projection","action":"load","data":{"height":63,"width":357.375,"wc":20,"lc":1}},{"timestamp":"2022-11-14T05:29:15.487Z","url":"https://stackoverflow.com/questions/60819946/node-js-express-get-route-params-without-going-into-the-route-function-for-qui","component":"projection","action":"load","data":{"height":63,"width":349.03125,"wc":26,"lc":1}},{"timestamp":"2022-11-14T05:29:15.488Z","url":"https://stackoverflow.com/questions/36557792/express-router-get-url-route-with-optional-parameters","component":"projection","action":"load","data":{"height":41,"width":345.984375,"wc":10,"lc":1}},{"timestamp":"2022-11-14T05:29:15.488Z","url":"https://stackoverflow.com/questions/57595733/express-route-parameters","component":"projection","action":"load","data":{"height":63,"width":373.421875,"wc":24,"lc":1}},{"timestamp":"2022-11-14T05:29:15.488Z","url":"https://stackoverflow.com/questions/51144781/route-parameters-in-express-js","component":"projection","action":"load","data":{"height":63,"width":372.59375,"wc":22,"lc":1}},{"timestamp":"2022-11-14T05:29:15.488Z","url":"https://stackoverflow.com/questions/51820028/get-express-route-url-in-nodejs-with-parameters","component":"projection","action":"load","data":{"height":63,"width":353.1875,"wc":10,"lc":1}},{"timestamp":"2022-11-14T05:29:15.488Z","url":"https://stackoverflow.com/questions/61963183/how-to-distinguish-paths-and-params-of-routes-in-express-js","component":"projection","action":"load","data":{"height":63,"width":371.078125,"wc":20,"lc":1}},{"timestamp":"2022-11-14T05:29:15.488Z","url":"https://stackoverflow.com/questions/67761762/express-in-nodejs-url-param-breaks-routing","component":"projection","action":"load","data":{"height":63,"width":378.390625,"wc":29,"lc":1}},{"timestamp":"2022-11-14T05:29:15.488Z","url":"https://stackoverflow.com/questions/67149384/passing-parameters-with-express-router-correctly","component":"projection","action":"load","data":{"height":63,"width":362.4375,"wc":20,"lc":1}},{"timestamp":"2022-11-14T05:29:16.537Z","url":"https://stackoverflow.com/questions/8506658/node-js-express-routing-with-get-params","component":"projection","action":"mouseenter"},{"timestamp":"2022-11-14T05:29:16.640Z","url":"https://stackoverflow.com/questions/20089582/how-to-get-a-url-parameter-in-express","component":"projection","action":"loaded","data":"projection 10 of 10"},{"timestamp":"2022-11-14T05:29:16.640Z","url":"https://stackoverflow.com/questions/8506658/node-js-express-routing-with-get-params","component":"projection","action":"loaded","data":"projection 9 of 10"},{"timestamp":"2022-11-14T05:29:16.640Z","url":"https://stackoverflow.com/questions/60819946/node-js-express-get-route-params-without-going-into-the-route-function-for-qui","component":"projection","action":"loaded","data":"projection 8 of 10"},{"timestamp":"2022-11-14T05:29:16.640Z","url":"https://stackoverflow.com/questions/36557792/express-router-get-url-route-with-optional-parameters","component":"projection","action":"loaded","data":"projection 7 of 10"},{"timestamp":"2022-11-14T05:29:16.640Z","url":"https://stackoverflow.com/questions/57595733/express-route-parameters","component":"projection","action":"loaded","data":"projection 6 of 10"},{"timestamp":"2022-11-14T05:29:16.640Z","url":"https://stackoverflow.com/questions/51144781/route-parameters-in-express-js","component":"projection","action":"loaded","data":"projection 5 of 10"},{"timestamp":"2022-11-14T05:29:16.640Z","url":"https://stackoverflow.com/questions/51820028/get-express-route-url-in-nodejs-with-parameters","component":"projection","action":"loaded","data":"projection 4 of 10"},{"timestamp":"2022-11-14T05:29:16.640Z","url":"https://stackoverflow.com/questions/61963183/how-to-distinguish-paths-and-params-of-routes-in-express-js","component":"projection","action":"loaded","data":"projection 3 of 10"},{"timestamp":"2022-11-14T05:29:16.640Z","url":"https://stackoverflow.com/questions/67761762/express-in-nodejs-url-param-breaks-routing","component":"projection","action":"loaded","data":"projection 2 of 10"},{"timestamp":"2022-11-14T05:29:16.640Z","url":"https://stackoverflow.com/questions/67149384/passing-parameters-with-express-router-correctly","component":"projection","action":"loaded","data":"projection 1 of 10"},{"timestamp":"2022-11-14T05:29:17.203Z","url":"https://stackoverflow.com/questions/8506658/node-js-express-routing-with-get-params","component":"projection","action":"mouseleave"},{"timestamp":"2022-11-14T05:29:17.204Z","url":"https://stackoverflow.com/questions/20089582/how-to-get-a-url-parameter-in-express","component":"projection","action":"mouseenter"},{"timestamp":"2022-11-14T05:29:18.069Z","url":"https://stackoverflow.com/questions/20089582/how-to-get-a-url-parameter-in-express","component":"page","action":"open"},{"timestamp":"2022-11-14T05:29:18.104Z","url":"https://stackoverflow.com/questions/20089582/how-to-get-a-url-parameter-in-express","component":"projection","action":"mouseleave"},{"timestamp":"2022-11-14T05:29:20.173Z","url":"https://stackoverflow.com/questions/20089582/how-to-get-a-url-parameter-in-express","component":"page","action":"load"},{"timestamp":"2022-11-14T05:29:23.177Z","url":"https://stackoverflow.com/questions/20089582/how-to-get-a-url-parameter-in-express","component":"page","action":"scroll","data":{"viewport":{"x":0,"y":1738,"height":619,"width":403},"document":{"height":8372,"width":388},"question":{"identifier":"20089582","top":-1574.59375,"bottom":151.65625,"right":372,"left":16,"width":356,"height":1726.25},"answers":[{"identifier":"20089634","top":231.9375,"bottom":1921.75,"right":372,"left":16,"width":356,"height":1689.8125},{"identifier":"20089636","top":1921.75,"bottom":2331.5,"right":372,"left":16,"width":356,"height":409.75},{"identifier":"47137240","top":2331.5,"bottom":3387.3125,"right":372,"left":16,"width":356,"height":1055.8125},{"identifier":"47867381","top":3387.3125,"bottom":4051,"right":372,"left":16,"width":356,"height":663.6875}]}},{"timestamp":"2022-11-14T05:31:50.938Z","url":"https://stackoverflow.com/questions/20089582/how-to-get-a-url-parameter-in-express","component":"page","action":"close"},{"timestamp":"2022-11-14T05:31:51.461Z","url":"https://stackoverflow.com/questions/20089582/how-to-get-a-url-parameter-in-express","component":"projection","action":"mouseenter"},{"timestamp":"2022-11-14T05:31:51.794Z","url":"https://stackoverflow.com/questions/20089582/how-to-get-a-url-parameter-in-express","component":"projection","action":"mouseleave"}]},{"keywords":["express","get","route","url","params"],"context":{"tokens":[{"kind":"library","value":"express"},{"kind":"library","value":"path"},{"kind":"call","value":"resolve"},{"kind":"language","value":"javascript"}]},"timestamp":"2022-11-14T05:31:52.758Z","results":[{"signatures":[],"areSignaturesLoading":true,"title":"How to get a URL parameter in Express? - Stack Overflow","snippet":"Express 4.x. To get a URL parameter's value, use req.params app.get('/p/:tagId', function(req, res) { res.send(\"tagId is set to \" + req.params.","url":"https://stackoverflow.com/questions/20089582/how-to-get-a-url-parameter-in-express","displayLink":"https://stackoverflow.com › questions › how-to-get-a-ur...","snippetHighlightWords":["Express","get","URL parameter's","params","get","params"],"date":"4 answers"},{"signatures":[],"areSignaturesLoading":true,"title":"Node.js express - get route params without going into the ...","snippet":"I think one approach is to write a middleware like below. // This will get executed before every request. As we'll add this with app.use() ...","url":"https://stackoverflow.com/questions/60819946/node-js-express-get-route-params-without-going-into-the-route-function-for-qui","displayLink":"https://stackoverflow.com › questions › node-js-express...","snippetHighlightWords":["get"],"date":"Mar 23, 2020"},{"signatures":[],"areSignaturesLoading":true,"title":"Express routes parameters - Stack Overflow","snippet":"A URL like /api/choice/?id=1 is resolved by the first router you provided. Query parameters are easy to get mapped against the request as:","url":"https://stackoverflow.com/questions/34704593/express-routes-parameters","displayLink":"https://stackoverflow.com › questions › express-routes-...","snippetHighlightWords":["URL","resolved","router","Query parameters","get"],"date":"Jan 10, 2016"},{"signatures":[],"areSignaturesLoading":true,"title":"node.js - express.Router() get url route with optional parameters","snippet":"You need to move parameter to router.js router.get and remove it from ... var express = require('express'); var app = express(); var videos ...","url":"https://stackoverflow.com/questions/36557792/express-router-get-url-route-with-optional-parameters","displayLink":"https://stackoverflow.com › questions › express-router-...","snippetHighlightWords":["parameter","router","js router","get","express","express","express"],"date":"Apr 11, 2016"},{"signatures":[],"areSignaturesLoading":true,"title":"Route parameters in Express JS - Stack Overflow","snippet":"http://localhost:3000/location/:id contains a parameter for the ID of a location given in the URL and when called, renders a view for the ...","url":"https://stackoverflow.com/questions/51144781/route-parameters-in-express-js","displayLink":"https://stackoverflow.com › questions › route-parameter...","snippetHighlightWords":["parameter","URL"],"date":"Jul 2, 2018"},{"signatures":[],"areSignaturesLoading":true,"title":"How to distinguish paths and params of routes in express.js?","snippet":"Express is sensitive to the order with which you define routes, so moving /withSubcategories above /:id will solve the issue.","url":"https://stackoverflow.com/questions/61963183/how-to-distinguish-paths-and-params-of-routes-in-express-js","displayLink":"https://stackoverflow.com › questions › how-to-distingu...","snippetHighlightWords":["Express","routes","solve"],"date":"May 22, 2020 1 answer"},{"signatures":[],"areSignaturesLoading":true,"title":"Express in NodeJS: URL param breaks routing - Stack Overflow","snippet":"I have removed app.js route as index.html can find it by default - unless a URL param is used. This is what I want to fix. Thanks. – john.","url":"https://stackoverflow.com/questions/67761762/express-in-nodejs-url-param-breaks-routing","displayLink":"https://stackoverflow.com › questions › express-in-node...","snippetHighlightWords":["have","js route","find","URL param","fix"],"date":"May 30, 2021"},{"signatures":[],"areSignaturesLoading":true,"title":"Express js get parameters from root of URL (Not as simple as ...","snippet":"You will need a middleware to fix this for you: function paramFix(req, res, next) { req._params = req.params; next(); } ...","url":"https://stackoverflow.com/questions/31526574/express-js-get-parameters-from-root-of-url-not-as-simple-as-req-params","displayLink":"https://stackoverflow.com › questions › express-js-get-p...","snippetHighlightWords":["fix","params"],"date":"Jul 20, 2015 2 answers"},{"signatures":[],"areSignaturesLoading":true,"title":"Express route not getting called when url param is not passed","snippet":"If you want to have id parameter optional, you can add a ? after it in your route handler: router.get('/admin/:id?","url":"https://stackoverflow.com/questions/46602707/express-route-not-getting-called-when-url-param-is-not-passed","displayLink":"https://stackoverflow.com › questions › express-route-n...","snippetHighlightWords":["have","parameter","route","router","get"],"date":"Oct 6, 2017 3 answers"},{"signatures":[],"areSignaturesLoading":true,"title":"NodeJs express.Router resolves to wrong path - Stack Overflow","snippet":"You need to reverse the order of the routes : 'use strict'; const express = require('express'); const controller = require('../.","url":"https://stackoverflow.com/questions/49728793/nodejs-express-router-resolves-to-wrong-path","displayLink":"https://stackoverflow.com › questions › nodejs-express-...","snippetHighlightWords":["routes","express","express"],"date":"Apr 9, 2018 2 answers"}],"events":[{"timestamp":"2022-11-14T05:31:56.211Z","url":"https://stackoverflow.com/questions/20089582/how-to-get-a-url-parameter-in-express","component":"projection","action":"load","data":{"height":63,"width":375.203125,"wc":21,"lc":1}},{"timestamp":"2022-11-14T05:31:56.211Z","url":"https://stackoverflow.com/questions/60819946/node-js-express-get-route-params-without-going-into-the-route-function-for-qui","component":"projection","action":"load","data":{"height":63,"width":349.03125,"wc":26,"lc":1}},{"timestamp":"2022-11-14T05:31:56.213Z","url":"https://stackoverflow.com/questions/34704593/express-routes-parameters","component":"projection","action":"load","data":{"height":63,"width":360.296875,"wc":23,"lc":1}},{"timestamp":"2022-11-14T05:31:56.213Z","url":"https://stackoverflow.com/questions/36557792/express-router-get-url-route-with-optional-parameters","component":"projection","action":"load","data":{"height":63,"width":369.5625,"wc":24,"lc":1}},{"timestamp":"2022-11-14T05:31:56.213Z","url":"https://stackoverflow.com/questions/51144781/route-parameters-in-express-js","component":"projection","action":"load","data":{"height":63,"width":369.6875,"wc":23,"lc":1}},{"timestamp":"2022-11-14T05:31:56.213Z","url":"https://stackoverflow.com/questions/61963183/how-to-distinguish-paths-and-params-of-routes-in-express-js","component":"projection","action":"load","data":{"height":63,"width":371.078125,"wc":20,"lc":1}},{"timestamp":"2022-11-14T05:31:56.213Z","url":"https://stackoverflow.com/questions/67761762/express-in-nodejs-url-param-breaks-routing","component":"projection","action":"load","data":{"height":63,"width":378.390625,"wc":29,"lc":1}},{"timestamp":"2022-11-14T05:31:56.213Z","url":"https://stackoverflow.com/questions/31526574/express-js-get-parameters-from-root-of-url-not-as-simple-as-req-params","component":"projection","action":"load","data":{"height":63,"width":376.640625,"wc":21,"lc":1}},{"timestamp":"2022-11-14T05:31:56.213Z","url":"https://stackoverflow.com/questions/46602707/express-route-not-getting-called-when-url-param-is-not-passed","component":"projection","action":"load","data":{"height":63,"width":374.1875,"wc":20,"lc":1}},{"timestamp":"2022-11-14T05:31:56.214Z","url":"https://stackoverflow.com/questions/49728793/nodejs-express-router-resolves-to-wrong-path","component":"projection","action":"load","data":{"height":63,"width":371.0625,"wc":20,"lc":1}},{"timestamp":"2022-11-14T05:31:57.378Z","url":"https://stackoverflow.com/questions/20089582/how-to-get-a-url-parameter-in-express","component":"projection","action":"loaded","data":"projection 10 of 10"},{"timestamp":"2022-11-14T05:31:57.378Z","url":"https://stackoverflow.com/questions/60819946/node-js-express-get-route-params-without-going-into-the-route-function-for-qui","component":"projection","action":"loaded","data":"projection 9 of 10"},{"timestamp":"2022-11-14T05:31:57.378Z","url":"https://stackoverflow.com/questions/34704593/express-routes-parameters","component":"projection","action":"loaded","data":"projection 8 of 10"},{"timestamp":"2022-11-14T05:31:57.378Z","url":"https://stackoverflow.com/questions/36557792/express-router-get-url-route-with-optional-parameters","component":"projection","action":"loaded","data":"projection 7 of 10"},{"timestamp":"2022-11-14T05:31:57.378Z","url":"https://stackoverflow.com/questions/51144781/route-parameters-in-express-js","component":"projection","action":"loaded","data":"projection 6 of 10"},{"timestamp":"2022-11-14T05:31:57.378Z","url":"https://stackoverflow.com/questions/61963183/how-to-distinguish-paths-and-params-of-routes-in-express-js","component":"projection","action":"loaded","data":"projection 5 of 10"},{"timestamp":"2022-11-14T05:31:57.378Z","url":"https://stackoverflow.com/questions/67761762/express-in-nodejs-url-param-breaks-routing","component":"projection","action":"loaded","data":"projection 4 of 10"},{"timestamp":"2022-11-14T05:31:57.378Z","url":"https://stackoverflow.com/questions/31526574/express-js-get-parameters-from-root-of-url-not-as-simple-as-req-params","component":"projection","action":"loaded","data":"projection 3 of 10"},{"timestamp":"2022-11-14T05:31:57.378Z","url":"https://stackoverflow.com/questions/46602707/express-route-not-getting-called-when-url-param-is-not-passed","component":"projection","action":"loaded","data":"projection 2 of 10"},{"timestamp":"2022-11-14T05:31:57.378Z","url":"https://stackoverflow.com/questions/49728793/nodejs-express-router-resolves-to-wrong-path","component":"projection","action":"loaded","data":"projection 1 of 10"}]},{"keywords":["js","send","response","file","via","get","route"],"context":{"tokens":[{"kind":"library","value":"express"},{"kind":"library","value":"path"},{"kind":"call","value":"resolve"},{"kind":"language","value":"javascript"}]},"timestamp":"2022-11-14T05:32:13.149Z","results":[{"signatures":[],"areSignaturesLoading":true,"title":"res.sendFile absolute path - node.js - Stack Overflow","snippet":"The express.static middleware is separate from res.sendFile , so initializing it with an absolute path to your public directory won't do anything to res.","url":"https://stackoverflow.com/questions/25463423/res-sendfile-absolute-path","displayLink":"https://stackoverflow.com › questions › res-sendfile-abs...","snippetHighlightWords":["express","path"],"date":"12 answers"},{"signatures":[],"areSignaturesLoading":true,"title":"I am trying to send an html file as a response in my simple ...","snippet":"I am trying to send an html file as a response in my simple express server route to \"/\" using res.sendFIle, but it is not seeming to work.","url":"https://stackoverflow.com/questions/73329962/i-am-trying-to-send-an-html-file-as-a-response-in-my-simple-express-server-route","displayLink":"https://stackoverflow.com › questions › i-am-trying-to-s...","snippetHighlightWords":["send","file","response","express","route","using"],"date":"Aug 12, 2022"},{"signatures":[],"areSignaturesLoading":true,"title":"res.sendfile in Node Express with passing data along","snippet":"This solution allows a file to be streamed to the response while still ... entire file into memory and then send the file using res.send() .","url":"https://stackoverflow.com/questions/33027089/res-sendfile-in-node-express-with-passing-data-along","displayLink":"https://stackoverflow.com › questions › res-sendfile-in-...","snippetHighlightWords":["file","response","file","send","file using","send"],"date":"Oct 8, 2015"},{"signatures":[],"areSignaturesLoading":true,"title":"Send data to a route using Express JS when you are serving a ...","snippet":"js I have a get route for '/home', which won't work because there is a get route for '' to get the static file. But if I put that route ABOVE ...","url":"https://stackoverflow.com/questions/39688045/send-data-to-a-route-using-express-js-when-you-are-serving-a-static-file-for-rea","displayLink":"https://stackoverflow.com › questions › send-data-to-a-r...","snippetHighlightWords":["js","get route","get route","get","file","route"],"date":"Sep 25, 2016"},{"signatures":[],"areSignaturesLoading":true,"title":"Express call GET method within route from another route","snippet":"My app. js looks like this: var express = require('express'); var routes = require('./routes/index'); var users = require('./routes/users'); ...","url":"https://stackoverflow.com/questions/39047270/express-call-get-method-within-route-from-another-route","displayLink":"https://stackoverflow.com › questions › express-call-get...","snippetHighlightWords":["js","express","express","routes","routes","routes"],"date":"Aug 19, 2016"},{"signatures":[],"areSignaturesLoading":true,"title":"How to send data read from file as response from an express ...","snippet":"var app = express(); app.use(bodyParser.json()); app.get(\"/getJsonData\", (err ...","url":"https://stackoverflow.com/questions/72404291/how-to-send-data-read-from-file-as-response-from-an-express-route-in-nodejs","displayLink":"https://stackoverflow.com › questions › how-to-send-da...","snippetHighlightWords":["express","get"],"date":"May 27, 2022"},{"signatures":[],"areSignaturesLoading":true,"title":"Resolve cross domain issues to retrieve data from express file ...","snippet":"You have to use this syntax to create good path to file app.get('/', function (req, res, next) { // path.join use the good separator ...","url":"https://stackoverflow.com/questions/40822647/resolve-cross-domain-issues-to-retrieve-data-from-express-file-with-an-ajax-call","displayLink":"https://stackoverflow.com › questions › resolve-cross-d...","snippetHighlightWords":["path","file","get","path"],"date":"Nov 26, 2016 1 answer"},{"signatures":[],"areSignaturesLoading":true,"title":"Sending a JSON file to Express server using JS - Stack Overflow","snippet":"app.get('/search', function (req, res) { res.header(\"Content-Type\",'application/json'); res.send ...","url":"https://stackoverflow.com/questions/44849082/sending-a-json-file-to-express-server-using-js","displayLink":"https://stackoverflow.com › questions › sending-a-json-...","snippetHighlightWords":["get","send"],"date":"Jun 30, 2017"},{"signatures":[],"areSignaturesLoading":true,"title":"Node express routing sendfile fails depending on file location","snippet":"var path = require('path'); ... app.get('*', function(req, res) { res.sendfile(path ...","url":"https://stackoverflow.com/questions/22900510/node-express-routing-sendfile-fails-depending-on-file-location","displayLink":"https://stackoverflow.com › questions › node-express-r...","snippetHighlightWords":["path","path","get","path"],"date":"Apr 6, 2014"},{"signatures":[],"areSignaturesLoading":true,"title":"node.js TypeError: path must be absolute or specify root to res ...","snippet":"sendFile(path.resolve(app.get('appPath') + '/index.html')); }); ... but if you are using Routes which is inside a folder lets say /Routes/someRoute.js then ...","url":"https://stackoverflow.com/questions/26079611/node-js-typeerror-path-must-be-absolute-or-specify-root-to-res-sendfile-failed","displayLink":"https://stackoverflow.com › questions › node-js-typeerr...","snippetHighlightWords":["path","resolve","get","using Routes","Routes","js"]}],"events":[{"timestamp":"2022-11-14T05:32:14.541Z","url":"https://stackoverflow.com/questions/25463423/res-sendfile-absolute-path","component":"projection","action":"load","data":{"height":63,"width":374.140625,"wc":24,"lc":1}},{"timestamp":"2022-11-14T05:32:14.541Z","url":"https://stackoverflow.com/questions/73329962/i-am-trying-to-send-an-html-file-as-a-response-in-my-simple-express-server-route","component":"projection","action":"load","data":{"height":63,"width":360.734375,"wc":28,"lc":1}},{"timestamp":"2022-11-14T05:32:14.541Z","url":"https://stackoverflow.com/questions/33027089/res-sendfile-in-node-express-with-passing-data-along","component":"projection","action":"load","data":{"height":63,"width":373.609375,"wc":26,"lc":1}},{"timestamp":"2022-11-14T05:32:14.541Z","url":"https://stackoverflow.com/questions/39688045/send-data-to-a-route-using-express-js-when-you-are-serving-a-static-file-for-rea","component":"projection","action":"load","data":{"height":63,"width":356.015625,"wc":32,"lc":1}},{"timestamp":"2022-11-14T05:32:14.541Z","url":"https://stackoverflow.com/questions/39047270/express-call-get-method-within-route-from-another-route","component":"projection","action":"load","data":{"height":63,"width":378.9375,"wc":19,"lc":1}},{"timestamp":"2022-11-14T05:32:14.541Z","url":"https://stackoverflow.com/questions/72404291/how-to-send-data-read-from-file-as-response-from-an-express-route-in-nodejs","component":"projection","action":"load","data":{"height":41,"width":375.34375,"wc":8,"lc":1}},{"timestamp":"2022-11-14T05:32:14.541Z","url":"https://stackoverflow.com/questions/40822647/resolve-cross-domain-issues-to-retrieve-data-from-express-file-with-an-ajax-call","component":"projection","action":"load","data":{"height":63,"width":378.765625,"wc":25,"lc":1}},{"timestamp":"2022-11-14T05:32:14.541Z","url":"https://stackoverflow.com/questions/44849082/sending-a-json-file-to-express-server-using-js","component":"projection","action":"load","data":{"height":41,"width":366.078125,"wc":8,"lc":1}},{"timestamp":"2022-11-14T05:32:14.541Z","url":"https://stackoverflow.com/questions/22900510/node-express-routing-sendfile-fails-depending-on-file-location","component":"projection","action":"load","data":{"height":41,"width":353.9375,"wc":11,"lc":1}},{"timestamp":"2022-11-14T05:32:14.541Z","url":"https://stackoverflow.com/questions/26079611/node-js-typeerror-path-must-be-absolute-or-specify-root-to-res-sendfile-failed","component":"projection","action":"load","data":{"height":63,"width":370.0625,"wc":21,"lc":1}},{"timestamp":"2022-11-14T05:32:15.710Z","url":"https://stackoverflow.com/questions/25463423/res-sendfile-absolute-path","component":"projection","action":"loaded","data":"projection 10 of 10"},{"timestamp":"2022-11-14T05:32:15.710Z","url":"https://stackoverflow.com/questions/73329962/i-am-trying-to-send-an-html-file-as-a-response-in-my-simple-express-server-route","component":"projection","action":"loaded","data":"projection 9 of 10"},{"timestamp":"2022-11-14T05:32:15.710Z","url":"https://stackoverflow.com/questions/33027089/res-sendfile-in-node-express-with-passing-data-along","component":"projection","action":"loaded","data":"projection 8 of 10"},{"timestamp":"2022-11-14T05:32:15.710Z","url":"https://stackoverflow.com/questions/39688045/send-data-to-a-route-using-express-js-when-you-are-serving-a-static-file-for-rea","component":"projection","action":"loaded","data":"projection 7 of 10"},{"timestamp":"2022-11-14T05:32:15.710Z","url":"https://stackoverflow.com/questions/39047270/express-call-get-method-within-route-from-another-route","component":"projection","action":"loaded","data":"projection 6 of 10"},{"timestamp":"2022-11-14T05:32:15.710Z","url":"https://stackoverflow.com/questions/72404291/how-to-send-data-read-from-file-as-response-from-an-express-route-in-nodejs","component":"projection","action":"loaded","data":"projection 5 of 10"},{"timestamp":"2022-11-14T05:32:15.710Z","url":"https://stackoverflow.com/questions/40822647/resolve-cross-domain-issues-to-retrieve-data-from-express-file-with-an-ajax-call","component":"projection","action":"loaded","data":"projection 4 of 10"},{"timestamp":"2022-11-14T05:32:15.711Z","url":"https://stackoverflow.com/questions/44849082/sending-a-json-file-to-express-server-using-js","component":"projection","action":"loaded","data":"projection 3 of 10"},{"timestamp":"2022-11-14T05:32:15.711Z","url":"https://stackoverflow.com/questions/22900510/node-express-routing-sendfile-fails-depending-on-file-location","component":"projection","action":"loaded","data":"projection 2 of 10"},{"timestamp":"2022-11-14T05:32:15.711Z","url":"https://stackoverflow.com/questions/26079611/node-js-typeerror-path-must-be-absolute-or-specify-root-to-res-sendfile-failed","component":"projection","action":"loaded","data":"projection 1 of 10"},{"timestamp":"2022-11-14T05:32:18.810Z","url":"https://stackoverflow.com/questions/73329962/i-am-trying-to-send-an-html-file-as-a-response-in-my-simple-express-server-route","component":"projection","action":"mouseenter"},{"timestamp":"2022-11-14T05:32:18.845Z","url":"https://stackoverflow.com/questions/73329962/i-am-trying-to-send-an-html-file-as-a-response-in-my-simple-express-server-route","component":"projection","action":"mouseleave"},{"timestamp":"2022-11-14T05:32:18.846Z","url":"https://stackoverflow.com/questions/25463423/res-sendfile-absolute-path","component":"projection","action":"mouseenter"},{"timestamp":"2022-11-14T05:32:19.496Z","url":"https://stackoverflow.com/questions/25463423/res-sendfile-absolute-path","component":"page","action":"open"},{"timestamp":"2022-11-14T05:32:19.530Z","url":"https://stackoverflow.com/questions/25463423/res-sendfile-absolute-path","component":"projection","action":"mouseleave"},{"timestamp":"2022-11-14T05:32:21.895Z","url":"https://stackoverflow.com/questions/25463423/res-sendfile-absolute-path","component":"page","action":"load"},{"timestamp":"2022-11-14T05:32:26.265Z","url":"https://stackoverflow.com/questions/25463423/res-sendfile-absolute-path","component":"page","action":"scroll","data":{"viewport":{"x":0,"y":1548,"height":619,"width":403},"document":{"height":11307,"width":388},"question":{"identifier":"25463423","top":-1415.421875,"bottom":106.171875,"right":372,"left":16,"width":356,"height":1521.59375},"answers":[{"identifier":"25463996","top":186.453125,"bottom":1575.890625,"right":372,"left":16,"width":356,"height":1389.4375},{"identifier":"31616653","top":1575.890625,"bottom":2127.890625,"right":372,"left":16,"width":356,"height":552},{"identifier":"44206560","top":2127.890625,"bottom":2858.015625,"right":372,"left":16,"width":356,"height":730.125},{"identifier":"33822184","top":2858.015625,"bottom":3353.953125,"right":372,"left":16,"width":356,"height":495.9375},{"identifier":"52107107","top":3353.953125,"bottom":4008.265625,"right":372,"left":16,"width":356,"height":654.3125},{"identifier":"41612771","top":4008.265625,"bottom":4294.703125,"right":372,"left":16,"width":356,"height":286.4375},{"identifier":"46016566","top":4294.703125,"bottom":4608.640625,"right":372,"left":16,"width":356,"height":313.9375},{"identifier":"57131812","top":4608.640625,"bottom":5347.765625,"right":372,"left":16,"width":356,"height":739.125},{"identifier":"38947188","top":5347.765625,"bottom":5781.265625,"right":372,"left":16,"width":356,"height":433.5},{"identifier":"52031283","top":5781.265625,"bottom":6416.890625,"right":372,"left":16,"width":356,"height":635.625},{"identifier":"54620557","top":6416.890625,"bottom":6975.890625,"right":372,"left":16,"width":356,"height":559},{"identifier":"69197848","top":6975.890625,"bottom":7228.328125,"right":372,"left":16,"width":356,"height":252.4375}]}},{"timestamp":"2022-11-14T05:32:28.665Z","url":"https://stackoverflow.com/questions/25463423/res-sendfile-absolute-path","component":"page","action":"scroll","data":{"viewport":{"x":0,"y":1646,"height":619,"width":403},"document":{"height":11307,"width":388},"question":{"identifier":"25463423","top":-1513.421875,"bottom":8.171875,"right":372,"left":16,"width":356,"height":1521.59375},"answers":[{"identifier":"25463996","top":88.453125,"bottom":1477.890625,"right":372,"left":16,"width":356,"height":1389.4375},{"identifier":"31616653","top":1477.890625,"bottom":2029.890625,"right":372,"left":16,"width":356,"height":552},{"identifier":"44206560","top":2029.890625,"bottom":2760.015625,"right":372,"left":16,"width":356,"height":730.125},{"identifier":"33822184","top":2760.015625,"bottom":3255.953125,"right":372,"left":16,"width":356,"height":495.9375},{"identifier":"52107107","top":3255.953125,"bottom":3910.265625,"right":372,"left":16,"width":356,"height":654.3125},{"identifier":"41612771","top":3910.265625,"bottom":4196.703125,"right":372,"left":16,"width":356,"height":286.4375},{"identifier":"46016566","top":4196.703125,"bottom":4510.640625,"right":372,"left":16,"width":356,"height":313.9375},{"identifier":"57131812","top":4510.640625,"bottom":5249.765625,"right":372,"left":16,"width":356,"height":739.125},{"identifier":"38947188","top":5249.765625,"bottom":5683.265625,"right":372,"left":16,"width":356,"height":433.5},{"identifier":"52031283","top":5683.265625,"bottom":6318.890625,"right":372,"left":16,"width":356,"height":635.625},{"identifier":"54620557","top":6318.890625,"bottom":6877.890625,"right":372,"left":16,"width":356,"height":559},{"identifier":"69197848","top":6877.890625,"bottom":7130.328125,"right":372,"left":16,"width":356,"height":252.4375}]}},{"timestamp":"2022-11-14T05:32:31.585Z","url":"https://stackoverflow.com/questions/25463423/res-sendfile-absolute-path","component":"page","action":"scroll","data":{"viewport":{"x":0,"y":2171,"height":619,"width":403},"document":{"height":11307,"width":388},"question":{"identifier":"25463423","top":-2038.421875,"bottom":-516.828125,"right":372,"left":16,"width":356,"height":1521.59375},"answers":[{"identifier":"25463996","top":-436.546875,"bottom":952.890625,"right":372,"left":16,"width":356,"height":1389.4375},{"identifier":"31616653","top":952.890625,"bottom":1504.890625,"right":372,"left":16,"width":356,"height":552},{"identifier":"44206560","top":1504.890625,"bottom":2235.015625,"right":372,"left":16,"width":356,"height":730.125},{"identifier":"33822184","top":2235.015625,"bottom":2730.953125,"right":372,"left":16,"width":356,"height":495.9375},{"identifier":"52107107","top":2730.953125,"bottom":3385.265625,"right":372,"left":16,"width":356,"height":654.3125},{"identifier":"41612771","top":3385.265625,"bottom":3671.703125,"right":372,"left":16,"width":356,"height":286.4375},{"identifier":"46016566","top":3671.703125,"bottom":3985.640625,"right":372,"left":16,"width":356,"height":313.9375},{"identifier":"57131812","top":3985.640625,"bottom":4724.765625,"right":372,"left":16,"width":356,"height":739.125},{"identifier":"38947188","top":4724.765625,"bottom":5158.265625,"right":372,"left":16,"width":356,"height":433.5},{"identifier":"52031283","top":5158.265625,"bottom":5793.890625,"right":372,"left":16,"width":356,"height":635.625},{"identifier":"54620557","top":5793.890625,"bottom":6352.890625,"right":372,"left":16,"width":356,"height":559},{"identifier":"69197848","top":6352.890625,"bottom":6605.328125,"right":372,"left":16,"width":356,"height":252.4375}]}},{"timestamp":"2022-11-14T05:32:32.528Z","url":"https://stackoverflow.com/questions/25463423/res-sendfile-absolute-path","component":"page","action":"scroll","data":{"viewport":{"x":0,"y":2189,"height":619,"width":403},"document":{"height":11307,"width":388},"question":{"identifier":"25463423","top":-2056.421875,"bottom":-534.828125,"right":372,"left":16,"width":356,"height":1521.59375},"answers":[{"identifier":"25463996","top":-454.546875,"bottom":934.890625,"right":372,"left":16,"width":356,"height":1389.4375},{"identifier":"31616653","top":934.890625,"bottom":1486.890625,"right":372,"left":16,"width":356,"height":552},{"identifier":"44206560","top":1486.890625,"bottom":2217.015625,"right":372,"left":16,"width":356,"height":730.125},{"identifier":"33822184","top":2217.015625,"bottom":2712.953125,"right":372,"left":16,"width":356,"height":495.9375},{"identifier":"52107107","top":2712.953125,"bottom":3367.265625,"right":372,"left":16,"width":356,"height":654.3125},{"identifier":"41612771","top":3367.265625,"bottom":3653.703125,"right":372,"left":16,"width":356,"height":286.4375},{"identifier":"46016566","top":3653.703125,"bottom":3967.640625,"right":372,"left":16,"width":356,"height":313.9375},{"identifier":"57131812","top":3967.640625,"bottom":4706.765625,"right":372,"left":16,"width":356,"height":739.125},{"identifier":"38947188","top":4706.765625,"bottom":5140.265625,"right":372,"left":16,"width":356,"height":433.5},{"identifier":"52031283","top":5140.265625,"bottom":5775.890625,"right":372,"left":16,"width":356,"height":635.625},{"identifier":"54620557","top":5775.890625,"bottom":6334.890625,"right":372,"left":16,"width":356,"height":559},{"identifier":"69197848","top":6334.890625,"bottom":6587.328125,"right":372,"left":16,"width":356,"height":252.4375}]}},{"timestamp":"2022-11-14T05:32:33.848Z","url":"https://stackoverflow.com/questions/25463423/res-sendfile-absolute-path","component":"page","action":"scroll","data":{"viewport":{"x":0,"y":2247,"height":619,"width":403},"document":{"height":11307,"width":388},"question":{"identifier":"25463423","top":-2114.421875,"bottom":-592.828125,"right":372,"left":16,"width":356,"height":1521.59375},"answers":[{"identifier":"25463996","top":-512.546875,"bottom":876.890625,"right":372,"left":16,"width":356,"height":1389.4375},{"identifier":"31616653","top":876.890625,"bottom":1428.890625,"right":372,"left":16,"width":356,"height":552},{"identifier":"44206560","top":1428.890625,"bottom":2159.015625,"right":372,"left":16,"width":356,"height":730.125},{"identifier":"33822184","top":2159.015625,"bottom":2654.953125,"right":372,"left":16,"width":356,"height":495.9375},{"identifier":"52107107","top":2654.953125,"bottom":3309.265625,"right":372,"left":16,"width":356,"height":654.3125},{"identifier":"41612771","top":3309.265625,"bottom":3595.703125,"right":372,"left":16,"width":356,"height":286.4375},{"identifier":"46016566","top":3595.703125,"bottom":3909.640625,"right":372,"left":16,"width":356,"height":313.9375},{"identifier":"57131812","top":3909.640625,"bottom":4648.765625,"right":372,"left":16,"width":356,"height":739.125},{"identifier":"38947188","top":4648.765625,"bottom":5082.265625,"right":372,"left":16,"width":356,"height":433.5},{"identifier":"52031283","top":5082.265625,"bottom":5717.890625,"right":372,"left":16,"width":356,"height":635.625},{"identifier":"54620557","top":5717.890625,"bottom":6276.890625,"right":372,"left":16,"width":356,"height":559},{"identifier":"69197848","top":6276.890625,"bottom":6529.328125,"right":372,"left":16,"width":356,"height":252.4375}]}}]}]}