{"id":"49394_3","conditions":[{"taskId":3,"taskName":"clone","enableFragments":true,"enableContext":true,"showContext":true,"provideSearchTerms":true,"sequence":3},{"taskId":2,"taskName":"find","enableFragments":true,"enableContext":true,"showContext":true,"provideSearchTerms":true,"sequence":4},{"taskId":1,"taskName":"currency","enableFragments":false,"enableContext":true,"showContext":false,"provideSearchTerms":true,"sequence":5},{"taskId":4,"taskName":"sort","enableFragments":false,"enableContext":true,"showContext":false,"provideSearchTerms":true,"sequence":6},{"taskId":6,"taskName":"serve","enableFragments":false,"enableContext":false,"showContext":false,"provideSearchTerms":false,"sequence":7},{"taskId":5,"taskName":"recent","enableFragments":true,"enableContext":true,"showContext":true,"provideSearchTerms":false,"sequence":8}],"activeTaskId":"recent","tasks":[{"id":"pre-study"},{"enableFragments":true,"enableContext":true,"showContext":true,"provideSearchTerms":true,"contextOverride":[{"source":"src/tutorial.js","name":"sumTradedShares","position":{"start":397,"end":545},"variables":[],"parameters":[{"source":"src/tutorial.js","name":"trades","position":{"start":429,"end":435},"type":{"name":"Trade[]"}}],"returnType":"number"}],"id":"tutorial","startTime":"2022-11-14T04:59:47.370Z","duration":479103,"timer":{"startTime":"2022-11-14T05:02:40.382Z","endTime":"2022-11-14T05:11:20.858Z"},"endTime":"2022-11-14T05:11:20.859Z"},{"enableFragments":false,"enableContext":true,"showContext":false,"contextOverride":[{"source":"src/currency.js","name":"printCurrency","position":{"start":593,"end":782},"variables":[],"parameters":[{"source":"src/currency.js","name":"amount","position":{"start":623,"end":629},"type":{"name":"number"}},{"source":"src/currency.js","name":"locale","position":{"start":631,"end":637},"type":{"name":"string"}},{"source":"src/currency.js","name":"currency","position":{"start":639,"end":647},"type":{"name":"string"}}],"returnType":"string"}],"provideSearchTerms":true,"searchTerms":"format currency","id":"currency","startTime":"2022-11-14T05:18:27.599Z","timer":{"startTime":"2022-11-14T05:18:27.599Z","endTime":"2022-11-14T05:21:53.814Z"},"duration":204092,"data":{"Q1":"5","Q2":"At first I wasnt too sure of the approach, but after searching via scout, i thought to give it a try and it worked. Usually if I had to switch between browser and IDE, my interest would have been lost a bit.","Q3":"Had to resize the scout window, as it was kinda opening direct stackoverflow links in its designated region, which inturn cramps up entire text. But thats just a css thing.","Q4":"Nope dint search."},"endTime":"2022-11-14T05:24:26.635Z"},{"enableFragments":true,"enableContext":true,"showContext":true,"contextOverride":[{"source":"src/find.js","name":"getTradeById","position":{"start":286,"end":506},"variables":[],"parameters":[{"source":"src/find.js","name":"trades","position":{"start":315,"end":321},"type":{"name":"Trade[]"}},{"source":"src/find.js","name":"id","position":{"start":323,"end":325},"type":{"name":"number"}}],"returnType":"Trade"}],"provideSearchTerms":true,"searchTerms":"find item in array by value","id":"find","startTime":"2022-11-14T05:15:50.027Z","timer":{"startTime":"2022-11-14T05:15:50.028Z","endTime":"2022-11-14T05:16:50.838Z"},"duration":59050,"data":{"Q1":"5","Q2":"All positive feedback, sometimes if I am not aware of correct syntax, checking it in scout really helps.","Q3":"All is well for this question's answers","Q4":"Nope, dint need to search outside of IDE"},"endTime":"2022-11-14T05:18:14.285Z"},{"enableFragments":true,"enableContext":true,"showContext":true,"contextOverride":[{"source":"src/clone.js","name":"cloneTradeLedger","position":{"start":239,"end":406},"variables":[],"parameters":[{"source":"src/clone.js","name":"trades","position":{"start":272,"end":278},"type":{"name":"Trade[]"}}],"returnType":"Trade[]"}],"provideSearchTerms":true,"searchTerms":"clone array","id":"clone","startTime":"2022-11-14T05:11:30.693Z","timer":{"startTime":"2022-11-14T05:11:30.694Z","endTime":"2022-11-14T05:12:42.742Z"},"duration":70036,"data":{"Q1":"5","Q2":"this is pretty cool. Honestly everytime I am stuck with some logic i tend to switch back to stackoverflow and checkout their answers. But with scout I dont need to leave the IDE.","Q3":"in the first few results I wasn't able to find ES6 implementation. Not sure if it was particular to js. Since I knew the logic, I straightaway was able to provide an answer","Q4":"Nope, the search and code usage example in scout are totally fine."},"endTime":"2022-11-14T05:15:38.555Z"},{"enableFragments":false,"enableContext":true,"showContext":false,"contextOverride":[{"source":"src/sort.js","name":"sortTradesByShareCount","position":{"start":285,"end":524},"variables":[],"parameters":[{"source":"src/sort.js","name":"trades","position":{"start":324,"end":330},"type":{"name":"Trade[]"}}],"returnType":"Trade[]"}],"provideSearchTerms":true,"searchTerms":"sort array of objects descending","id":"sort","startTime":"2022-11-14T05:24:38.285Z","timer":{"startTime":"2022-11-14T05:24:38.285Z","endTime":"2022-11-14T05:25:32.042Z"},"duration":52011,"data":{"Q1":"4","Q2":"For sorting I dont think we need to search for results anywhere.","Q3":"","Q4":"Nope, not anywhere."},"endTime":"2022-11-14T05:26:24.821Z"},{"enableFragments":true,"enableContext":true,"showContext":true,"contextOverride":[{"source":"src/recent.js","name":"moment","position":{"start":7,"end":13},"module":{"name":"moment","position":{"start":19,"end":27}},"references":[{"start":485,"end":491},{"start":753,"end":759},{"start":836,"end":842}]},{"source":"src/recent.js","name":"moment","position":{"start":485,"end":503},"variables":[],"arguments":[{"source":"src/recent.js","name":"","type":"Date","value":"new Date()","position":{"start":492,"end":502}}],"returnType":"any"},{"source":"src/recent.js","name":"moment","position":{"start":753,"end":768},"variables":[],"arguments":[{"source":"src/recent.js","name":"","type":"any","value":"endDate","position":{"start":760,"end":767}}],"returnType":"any"},{"source":"src/recent.js","name":"moment","position":{"start":836,"end":854},"variables":[],"arguments":[{"source":"src/recent.js","name":"","type":"any","value":"trade.date","position":{"start":843,"end":853}}],"returnType":"any"},{"source":"src/recent.js","name":"getPastTradesFrom","position":{"start":400,"end":938},"variables":[{"source":"src/recent.js","name":"endDate","position":{"start":475,"end":503},"type":{"name":"any"}},{"source":"src/recent.js","name":"startDate","position":{"start":741,"end":768},"type":{"name":"any"}}],"parameters":[{"source":"src/recent.js","name":"trades","position":{"start":434,"end":440},"type":{"name":"Trade[]"}},{"source":"src/recent.js","name":"from","position":{"start":442,"end":446},"type":{"name":"number"}},{"source":"src/recent.js","name":"unit","position":{"start":448,"end":461},"type":{"name":"string"}}],"returnType":"Trade[]"}],"provideSearchTerms":false,"searchTerms":"","id":"recent","startTime":"2022-11-14T05:37:20.300Z","timer":{"startTime":"2022-11-14T05:37:20.300Z","endTime":"2022-11-14T05:40:40.581Z"},"duration":198269,"data":{"Q1":"5","Q2":"This was easy to find the result, since I knew the exact search phrase. And the first result was sufficient to handle the task","Q3":"","Q4":"Nope, dint search outside IDE."},"endTime":"2022-11-14T05:41:32.989Z"},{"enableFragments":false,"enableContext":false,"showContext":false,"contextOverride":[],"provideSearchTerms":false,"searchTerms":"","id":"serve","startTime":"2022-11-14T05:26:36.415Z","timer":{"startTime":"2022-11-14T05:26:36.415Z","endTime":"2022-11-14T05:36:25.404Z"},"duration":419487,"data":{"Q1":"4","Q2":"We need to know correct keywords to search for the best possible answer.","Q3":"","Q4":"Nope, everything was available within scout."},"endTime":"2022-11-14T05:37:08.629Z"},{"id":"post-study"}],"activations":["2022-11-14T04:59:03.359Z"]}