{"trialId":"62905_2","taskId":"find","appEvents":[{"timestamp":"2022-11-11T18:47:58.035Z","name":"search","data":"search-start"},{"timestamp":"2022-11-11T18:47:59.241Z","name":"search","data":"search-done"},{"timestamp":"2022-11-11T18:48:15.800Z","name":"search","data":"search-start"},{"timestamp":"2022-11-11T18:48:17.006Z","name":"search","data":"search-done"},{"timestamp":"2022-11-11T18:48:37.390Z","name":"search","data":"search-start"},{"timestamp":"2022-11-11T18:48:40.337Z","name":"search","data":"search-done"},{"timestamp":"2022-11-11T18:51:39.712Z","name":"resize","data":{"height":0,"width":0}},{"timestamp":"2022-11-11T18:52:04.147Z","name":"resize","data":{"height":633,"width":339}}],"searches":[{"keywords":["find","item","in","array","by","value"],"context":{"tokens":[{"kind":"language","value":"javascript"}]},"timestamp":"2022-11-11T18:47:58.035Z","results":[{"signatures":[],"areSignaturesLoading":true,"title":"Find a value in an array of objects in Javascript - Stack Overflow","url":"https://stackoverflow.com/questions/12462318/find-a-value-in-an-array-of-objects-in-javascript","displayLink":"https://stackoverflow.com › questions › find-a-value-in-...","date":"Sep 17, 2012","snippet":"The find() method returns the first value that matches from the collection. Once it matches the value in findings, it will not check the ...","snippetHighlightWords":["find","value","value","check"]},{"signatures":[],"areSignaturesLoading":true,"title":"How to find if an array contains a specific string in JavaScript ...","url":"https://stackoverflow.com/questions/6116474/how-to-find-if-an-array-contains-a-specific-string-in-javascript-jquery","displayLink":"https://stackoverflow.com › questions › how-to-find-if-...","date":"May 24, 2011","snippet":"var found = categories.includes('specialword');. No comparisons and no confusing -1 results. It does what we want: it returns true ..."},{"signatures":[],"areSignaturesLoading":true,"title":"Find object with specific value in array - Stack Overflow","url":"https://stackoverflow.com/questions/52460473/find-object-with-specific-value-in-array","displayLink":"https://stackoverflow.com › questions › find-object-wit...","date":"Sep 22, 2018","snippet":"Now, I would like to check if my array contains an object with the name \"Mike\". How do I go about this in javascript? I am thinking something ...","snippetHighlightWords":["check","array","object","javascript"]},{"signatures":[],"areSignaturesLoading":true,"title":"Get JavaScript object from array of objects by value of property","url":"https://stackoverflow.com/questions/13964155/get-javascript-object-from-array-of-objects-by-value-of-property","displayLink":"https://stackoverflow.com › questions › get-javascript-o...","date":"Dec 20, 2012","snippet":"The find() method returns a value in the array, if an element in the array satisfies the provided testing function.","snippetHighlightWords":["find","value","array","element","array"]},{"signatures":[],"areSignaturesLoading":true,"title":"Find object by id in an array of JavaScript objects","url":"https://stackoverflow.com/questions/7364150/find-object-by-id-in-an-array-of-javascript-objects","displayLink":"https://stackoverflow.com › questions › find-object-by-i...","snippet":"Use the find() method: myArray.find(x => x.id === '45').foo;. From MDN: The find() method returns the first value in the array, ...","snippetHighlightWords":["find","find","find","value","array"],"extensions":["Sep 9, 2011","36 answers"]},{"signatures":[],"areSignaturesLoading":true,"title":"Find all matching elements with in an array of objects [duplicate]","url":"https://stackoverflow.com/questions/52311150/find-all-matching-elements-with-in-an-array-of-objects","displayLink":"https://stackoverflow.com › questions › find-all-matchi...","snippet":"Two things: first, Array.find() returns the first matching element, undefined if it finds nothing. Array.filter returns a new array ...","snippetHighlightWords":["Array","find","element","Array","array"],"extensions":["Sep 13, 2018","6 answers"]},{"signatures":[],"areSignaturesLoading":true,"title":"How do I check if an array includes a value in JavaScript?","url":"https://stackoverflow.com/questions/237104/how-do-i-check-if-an-array-includes-a-value-in-javascript","displayLink":"https://stackoverflow.com › questions › how-do-i-check...","snippet":"inArray is a terrible name for a function that returns the index of the element, and -1 if it doesn't exist. I would expect a boolean to be returned. – Tim. Jul ...","snippetHighlightWords":["element"]},{"signatures":[],"areSignaturesLoading":true,"title":"How can I find and update values in an array of objects?","url":"https://stackoverflow.com/questions/35206125/how-can-i-find-and-update-values-in-an-array-of-objects","displayLink":"https://stackoverflow.com › questions › how-can-i-find-...","date":"Feb 4, 2016","snippet":"var item = {...} var items = [{id:2}, {id:2}, {id: ...","snippetHighlightWords":["item"]},{"signatures":[],"areSignaturesLoading":true,"title":"Find an item in array and get whats left - Stack Overflow","url":"https://stackoverflow.com/questions/57607836/find-an-item-in-array-and-get-whats-left","displayLink":"https://stackoverflow.com › questions › find-an-item-in...","date":"Aug 22, 2019","snippet":"var fruit = [ \"apples\", \"pears\" ]; var alreadyHave = \"apples\"; for( var i = 0; i < fruit.length; i++){ if (! fruit[i] === alreadyHave) { fruit."},{"signatures":[],"areSignaturesLoading":true,"title":"Best way to find if an item is in a JavaScript array? [duplicate]","url":"https://stackoverflow.com/questions/143847/best-way-to-find-if-an-item-is-in-a-javascript-array","displayLink":"https://stackoverflow.com › questions › best-way-to-fin...","snippet":"Note that \"inArray\" is a misnomer, because it doesn't return boolean value - it returns index of first element found. So if you are checking if ...","extensions":["Sep 27, 2008","8 answers"]}],"events":[{"timestamp":"2022-11-11T18:47:58.055Z","url":"https://stackoverflow.com/questions/12462318/find-a-value-in-an-array-of-objects-in-javascript","component":"projection","action":"load","data":{"height":81.5999984741211,"width":310.0249938964844,"wc":25,"lc":1}},{"timestamp":"2022-11-11T18:47:58.055Z","url":"https://stackoverflow.com/questions/6116474/how-to-find-if-an-array-contains-a-specific-string-in-javascript-jquery","component":"projection","action":"load","data":{"height":81.5999984741211,"width":305.96875,"wc":20,"lc":1}},{"timestamp":"2022-11-11T18:47:58.055Z","url":"https://stackoverflow.com/questions/52460473/find-object-with-specific-value-in-array","component":"projection","action":"load","data":{"height":81.5999984741211,"width":306.6499938964844,"wc":29,"lc":1}},{"timestamp":"2022-11-11T18:47:58.055Z","url":"https://stackoverflow.com/questions/13964155/get-javascript-object-from-array-of-objects-by-value-of-property","component":"projection","action":"load","data":{"height":59.60000228881836,"width":284.0187683105469,"wc":20,"lc":1}},{"timestamp":"2022-11-11T18:47:58.055Z","url":"https://stackoverflow.com/questions/7364150/find-object-by-id-in-an-array-of-javascript-objects","component":"projection","action":"load","data":{"height":59.60000228881836,"width":288.1937561035156,"wc":22,"lc":1}},{"timestamp":"2022-11-11T18:47:58.055Z","url":"https://stackoverflow.com/questions/52311150/find-all-matching-elements-with-in-an-array-of-objects","component":"projection","action":"load","data":{"height":59.60000228881836,"width":299.7375183105469,"wc":20,"lc":1}},{"timestamp":"2022-11-11T18:47:58.055Z","url":"https://stackoverflow.com/questions/237104/how-do-i-check-if-an-array-includes-a-value-in-javascript","component":"projection","action":"load","data":{"height":81.5999984741211,"width":279.5812683105469,"wc":33,"lc":1}},{"timestamp":"2022-11-11T18:47:58.055Z","url":"https://stackoverflow.com/questions/35206125/how-can-i-find-and-update-values-in-an-array-of-objects","component":"projection","action":"load","data":{"height":37.60000228881836,"width":309.3937683105469,"wc":11,"lc":1}},{"timestamp":"2022-11-11T18:47:58.055Z","url":"https://stackoverflow.com/questions/57607836/find-an-item-in-array-and-get-whats-left","component":"projection","action":"load","data":{"height":81.5999984741211,"width":296,"wc":27,"lc":1}},{"timestamp":"2022-11-11T18:47:58.055Z","url":"https://stackoverflow.com/questions/143847/best-way-to-find-if-an-item-is-in-a-javascript-array","component":"projection","action":"load","data":{"height":59.60000228881836,"width":301.07501220703125,"wc":27,"lc":1}},{"timestamp":"2022-11-11T18:47:59.241Z","url":"https://stackoverflow.com/questions/12462318/find-a-value-in-an-array-of-objects-in-javascript","component":"projection","action":"loaded","data":"projection 10 of 10"},{"timestamp":"2022-11-11T18:47:59.241Z","url":"https://stackoverflow.com/questions/6116474/how-to-find-if-an-array-contains-a-specific-string-in-javascript-jquery","component":"projection","action":"loaded","data":"projection 9 of 10"},{"timestamp":"2022-11-11T18:47:59.241Z","url":"https://stackoverflow.com/questions/52460473/find-object-with-specific-value-in-array","component":"projection","action":"loaded","data":"projection 8 of 10"},{"timestamp":"2022-11-11T18:47:59.241Z","url":"https://stackoverflow.com/questions/13964155/get-javascript-object-from-array-of-objects-by-value-of-property","component":"projection","action":"loaded","data":"projection 7 of 10"},{"timestamp":"2022-11-11T18:47:59.241Z","url":"https://stackoverflow.com/questions/7364150/find-object-by-id-in-an-array-of-javascript-objects","component":"projection","action":"loaded","data":"projection 6 of 10"},{"timestamp":"2022-11-11T18:47:59.241Z","url":"https://stackoverflow.com/questions/52311150/find-all-matching-elements-with-in-an-array-of-objects","component":"projection","action":"loaded","data":"projection 5 of 10"},{"timestamp":"2022-11-11T18:47:59.241Z","url":"https://stackoverflow.com/questions/237104/how-do-i-check-if-an-array-includes-a-value-in-javascript","component":"projection","action":"loaded","data":"projection 4 of 10"},{"timestamp":"2022-11-11T18:47:59.241Z","url":"https://stackoverflow.com/questions/35206125/how-can-i-find-and-update-values-in-an-array-of-objects","component":"projection","action":"loaded","data":"projection 3 of 10"},{"timestamp":"2022-11-11T18:47:59.241Z","url":"https://stackoverflow.com/questions/57607836/find-an-item-in-array-and-get-whats-left","component":"projection","action":"loaded","data":"projection 2 of 10"},{"timestamp":"2022-11-11T18:47:59.241Z","url":"https://stackoverflow.com/questions/143847/best-way-to-find-if-an-item-is-in-a-javascript-array","component":"projection","action":"loaded","data":"projection 1 of 10"},{"timestamp":"2022-11-11T18:48:05.224Z","url":"https://stackoverflow.com/questions/12462318/find-a-value-in-an-array-of-objects-in-javascript","component":"projection","action":"mouseenter"},{"timestamp":"2022-11-11T18:48:08.727Z","url":"https://stackoverflow.com/questions/12462318/find-a-value-in-an-array-of-objects-in-javascript","component":"page","action":"open"},{"timestamp":"2022-11-11T18:48:08.748Z","url":"https://stackoverflow.com/questions/12462318/find-a-value-in-an-array-of-objects-in-javascript","component":"projection","action":"mouseleave"},{"timestamp":"2022-11-11T18:48:09.923Z","url":"https://stackoverflow.com/questions/12462318/find-a-value-in-an-array-of-objects-in-javascript","component":"page","action":"load"},{"timestamp":"2022-11-11T18:48:12.484Z","url":"https://stackoverflow.com/questions/12462318/find-a-value-in-an-array-of-objects-in-javascript","component":"page","action":"scroll","data":{"viewport":{"x":0,"y":300,"height":573,"width":335},"document":{"height":22205,"width":318},"question":{"identifier":"12462318","top":-105.7249984741211,"bottom":881.8125381469727,"right":302.3999938964844,"left":16,"width":286.3999938964844,"height":987.5375366210938},"answers":[{"identifier":"12462414","top":962.1000366210938,"bottom":2659.1188354492188,"right":302.3999938964844,"left":16,"width":286.3999938964844,"height":1697.018798828125},{"identifier":"12462387","top":2659.118896484375,"bottom":3548.9564208984375,"right":302.3999938964844,"left":16,"width":286.3999938964844,"height":889.8375244140625},{"identifier":"38500417","top":3548.956298828125,"bottom":4862.706298828125,"right":302.3999938964844,"left":16,"width":286.3999938964844,"height":1313.75},{"identifier":"44048398","top":4862.70654296875,"bottom":5548.944030761719,"right":302.3999938964844,"left":16,"width":286.3999938964844,"height":686.2374877929688},{"identifier":"48718969","top":5548.94384765625,"bottom":6900.9813232421875,"right":302.3999938964844,"left":16,"width":286.3999938964844,"height":1352.0374755859375},{"identifier":"47790805","top":6900.9814453125,"bottom":7904.2314453125,"right":302.3999938964844,"left":16,"width":286.3999938964844,"height":1003.25},{"identifier":"43778799","top":7904.2314453125,"bottom":8792.468933105469,"right":302.3999938964844,"left":16,"width":286.3999938964844,"height":888.2374877929688},{"identifier":"12462406","top":8792.46875,"bottom":9534.71875,"right":302.3999938964844,"left":16,"width":286.3999938964844,"height":742.25},{"identifier":"31748358","top":9534.71875,"bottom":10384.46875,"right":302.3999938964844,"left":16,"width":286.3999938964844,"height":849.75},{"identifier":"47194061","top":10384.46875,"bottom":10770.818756103516,"right":302.3999938964844,"left":16,"width":286.3999938964844,"height":386.3500061035156},{"identifier":"33097318","top":10770.8193359375,"bottom":14033.1318359375,"right":302.3999938964844,"left":16,"width":286.3999938964844,"height":3262.3125},{"identifier":"12462347","top":14033.1318359375,"bottom":14791.669372558594,"right":302.3999938964844,"left":16,"width":286.3999938964844,"height":758.5375366210938},{"identifier":"37735967","top":14791.6689453125,"bottom":15168.518951416016,"right":302.3999938964844,"left":16,"width":286.3999938964844,"height":376.8500061035156},{"identifier":"33825763","top":15168.5185546875,"bottom":15703.4560546875,"right":302.3999938964844,"left":16,"width":286.3999938964844,"height":534.9375},{"identifier":"24263355","top":15703.4560546875,"bottom":16097.806060791016,"right":302.3999938964844,"left":16,"width":286.3999938964844,"height":394.3500061035156},{"identifier":"42891511","top":16097.806640625,"bottom":17258.162963867188,"right":302.3999938964844,"left":16,"width":286.3999938964844,"height":1160.3563232421875},{"identifier":"37489965","top":17258.162109375,"bottom":17527.512115478516,"right":302.3999938964844,"left":16,"width":286.3999938964844,"height":269.3500061035156},{"identifier":"38786112","top":17527.513671875,"bottom":18374.363708496094,"right":302.3999938964844,"left":16,"width":286.3999938964844,"height":846.8500366210938},{"identifier":"27443358","top":18374.36328125,"bottom":18772.81329345703,"right":302.3999938964844,"left":16,"width":286.3999938964844,"height":398.45001220703125},{"identifier":"45355935","top":18772.8125,"bottom":19637.662536621094,"right":302.3999938964844,"left":16,"width":286.3999938964844,"height":864.8500366210938}]}},{"timestamp":"2022-11-11T18:48:13.209Z","url":"https://stackoverflow.com/questions/12462318/find-a-value-in-an-array-of-objects-in-javascript","component":"page","action":"scroll","data":{"viewport":{"x":0,"y":0,"height":573,"width":335},"document":{"height":22205,"width":318},"question":{"identifier":"12462318","top":194.27500915527344,"bottom":1181.8125457763672,"right":302.3999938964844,"left":16,"width":286.3999938964844,"height":987.5375366210938},"answers":[{"identifier":"12462414","top":1262.0999755859375,"bottom":2959.1187744140625,"right":302.3999938964844,"left":16,"width":286.3999938964844,"height":1697.018798828125},{"identifier":"12462387","top":2959.118896484375,"bottom":3848.9564208984375,"right":302.3999938964844,"left":16,"width":286.3999938964844,"height":889.8375244140625},{"identifier":"38500417","top":3848.956298828125,"bottom":5162.706298828125,"right":302.3999938964844,"left":16,"width":286.3999938964844,"height":1313.75},{"identifier":"44048398","top":5162.70654296875,"bottom":5848.944030761719,"right":302.3999938964844,"left":16,"width":286.3999938964844,"height":686.2374877929688},{"identifier":"48718969","top":5848.94384765625,"bottom":7200.9813232421875,"right":302.3999938964844,"left":16,"width":286.3999938964844,"height":1352.0374755859375},{"identifier":"47790805","top":7200.9814453125,"bottom":8204.2314453125,"right":302.3999938964844,"left":16,"width":286.3999938964844,"height":1003.25},{"identifier":"43778799","top":8204.2314453125,"bottom":9092.468933105469,"right":302.3999938964844,"left":16,"width":286.3999938964844,"height":888.2374877929688},{"identifier":"12462406","top":9092.46875,"bottom":9834.71875,"right":302.3999938964844,"left":16,"width":286.3999938964844,"height":742.25},{"identifier":"31748358","top":9834.71875,"bottom":10684.46875,"right":302.3999938964844,"left":16,"width":286.3999938964844,"height":849.75},{"identifier":"47194061","top":10684.46875,"bottom":11070.818756103516,"right":302.3999938964844,"left":16,"width":286.3999938964844,"height":386.3500061035156},{"identifier":"33097318","top":11070.8193359375,"bottom":14333.1318359375,"right":302.3999938964844,"left":16,"width":286.3999938964844,"height":3262.3125},{"identifier":"12462347","top":14333.1318359375,"bottom":15091.669372558594,"right":302.3999938964844,"left":16,"width":286.3999938964844,"height":758.5375366210938},{"identifier":"37735967","top":15091.6689453125,"bottom":15468.518951416016,"right":302.3999938964844,"left":16,"width":286.3999938964844,"height":376.8500061035156},{"identifier":"33825763","top":15468.5185546875,"bottom":16003.4560546875,"right":302.3999938964844,"left":16,"width":286.3999938964844,"height":534.9375},{"identifier":"24263355","top":16003.4560546875,"bottom":16397.806060791016,"right":302.3999938964844,"left":16,"width":286.3999938964844,"height":394.3500061035156},{"identifier":"42891511","top":16397.806640625,"bottom":17558.162963867188,"right":302.3999938964844,"left":16,"width":286.3999938964844,"height":1160.3563232421875},{"identifier":"37489965","top":17558.162109375,"bottom":17827.512115478516,"right":302.3999938964844,"left":16,"width":286.3999938964844,"height":269.3500061035156},{"identifier":"38786112","top":17827.513671875,"bottom":18674.363708496094,"right":302.3999938964844,"left":16,"width":286.3999938964844,"height":846.8500366210938},{"identifier":"27443358","top":18674.36328125,"bottom":19072.81329345703,"right":302.3999938964844,"left":16,"width":286.3999938964844,"height":398.45001220703125},{"identifier":"45355935","top":19072.8125,"bottom":19937.662536621094,"right":302.3999938964844,"left":16,"width":286.3999938964844,"height":864.8500366210938}]}},{"timestamp":"2022-11-11T18:48:13.795Z","url":"https://stackoverflow.com/questions/12462318/find-a-value-in-an-array-of-objects-in-javascript","component":"page","action":"close"},{"timestamp":"2022-11-11T18:48:14.789Z","url":"https://stackoverflow.com/questions/12462318/find-a-value-in-an-array-of-objects-in-javascript","component":"projection","action":"mouseenter"},{"timestamp":"2022-11-11T18:48:14.923Z","url":"https://stackoverflow.com/questions/12462318/find-a-value-in-an-array-of-objects-in-javascript","component":"projection","action":"mouseleave"}]},{"keywords":["find","item","in","array","by","value"],"context":{"tokens":[{"kind":"language","value":"javascript"}]},"timestamp":"2022-11-11T18:48:15.799Z","results":[{"signatures":[],"areSignaturesLoading":true,"title":"Find a value in an array of objects in Javascript - Stack Overflow","url":"https://stackoverflow.com/questions/12462318/find-a-value-in-an-array-of-objects-in-javascript","displayLink":"https://stackoverflow.com › questions › find-a-value-in-...","date":"Sep 17, 2012","snippet":"The find() method returns the first value that matches from the collection. Once it matches the value in findings, it will not check the ...","snippetHighlightWords":["find","value","value","check"]},{"signatures":[],"areSignaturesLoading":true,"title":"How to find if an array contains a specific string in JavaScript ...","url":"https://stackoverflow.com/questions/6116474/how-to-find-if-an-array-contains-a-specific-string-in-javascript-jquery","displayLink":"https://stackoverflow.com › questions › how-to-find-if-...","date":"May 24, 2011","snippet":"var found = categories.includes('specialword');. No comparisons and no confusing -1 results. It does what we want: it returns true ..."},{"signatures":[],"areSignaturesLoading":true,"title":"Find object with specific value in array - Stack Overflow","url":"https://stackoverflow.com/questions/52460473/find-object-with-specific-value-in-array","displayLink":"https://stackoverflow.com › questions › find-object-wit...","date":"Sep 22, 2018","snippet":"Now, I would like to check if my array contains an object with the name \"Mike\". How do I go about this in javascript? I am thinking something ...","snippetHighlightWords":["check","array","object","javascript"]},{"signatures":[],"areSignaturesLoading":true,"title":"Get JavaScript object from array of objects by value of property","url":"https://stackoverflow.com/questions/13964155/get-javascript-object-from-array-of-objects-by-value-of-property","displayLink":"https://stackoverflow.com › questions › get-javascript-o...","date":"Dec 20, 2012","snippet":"The find() method returns a value in the array, if an element in the array satisfies the provided testing function.","snippetHighlightWords":["find","value","array","element","array"]},{"signatures":[],"areSignaturesLoading":true,"title":"Find object by id in an array of JavaScript objects","url":"https://stackoverflow.com/questions/7364150/find-object-by-id-in-an-array-of-javascript-objects","displayLink":"https://stackoverflow.com › questions › find-object-by-i...","snippet":"Use the find() method: myArray.find(x => x.id === '45').foo;. From MDN: The find() method returns the first value in the array, ...","snippetHighlightWords":["find","find","find","value","array"],"extensions":["Sep 9, 2011","36 answers"]},{"signatures":[],"areSignaturesLoading":true,"title":"Find all matching elements with in an array of objects [duplicate]","url":"https://stackoverflow.com/questions/52311150/find-all-matching-elements-with-in-an-array-of-objects","displayLink":"https://stackoverflow.com › questions › find-all-matchi...","snippet":"Two things: first, Array.find() returns the first matching element, undefined if it finds nothing. Array.filter returns a new array ...","snippetHighlightWords":["Array","find","element","Array","array"],"extensions":["Sep 13, 2018","6 answers"]},{"signatures":[],"areSignaturesLoading":true,"title":"How do I check if an array includes a value in JavaScript?","url":"https://stackoverflow.com/questions/237104/how-do-i-check-if-an-array-includes-a-value-in-javascript","displayLink":"https://stackoverflow.com › questions › how-do-i-check...","snippet":"inArray is a terrible name for a function that returns the index of the element, and -1 if it doesn't exist. I would expect a boolean to be returned. – Tim. Jul ...","snippetHighlightWords":["element"]},{"signatures":[],"areSignaturesLoading":true,"title":"How can I find and update values in an array of objects?","url":"https://stackoverflow.com/questions/35206125/how-can-i-find-and-update-values-in-an-array-of-objects","displayLink":"https://stackoverflow.com › questions › how-can-i-find-...","date":"Feb 4, 2016","snippet":"var item = {...} var items = [{id:2}, {id:2}, {id: ...","snippetHighlightWords":["item"]},{"signatures":[],"areSignaturesLoading":true,"title":"Find an item in array and get whats left - Stack Overflow","url":"https://stackoverflow.com/questions/57607836/find-an-item-in-array-and-get-whats-left","displayLink":"https://stackoverflow.com › questions › find-an-item-in...","date":"Aug 22, 2019","snippet":"var fruit = [ \"apples\", \"pears\" ]; var alreadyHave = \"apples\"; for( var i = 0; i < fruit.length; i++){ if (! fruit[i] === alreadyHave) { fruit."},{"signatures":[],"areSignaturesLoading":true,"title":"Best way to find if an item is in a JavaScript array? [duplicate]","url":"https://stackoverflow.com/questions/143847/best-way-to-find-if-an-item-is-in-a-javascript-array","displayLink":"https://stackoverflow.com › questions › best-way-to-fin...","snippet":"Note that \"inArray\" is a misnomer, because it doesn't return boolean value - it returns index of first element found. So if you are checking if ...","extensions":["Sep 27, 2008","8 answers"]}],"events":[{"timestamp":"2022-11-11T18:48:15.815Z","url":"https://stackoverflow.com/questions/12462318/find-a-value-in-an-array-of-objects-in-javascript","component":"projection","action":"load","data":{"height":81.5999984741211,"width":310.0249938964844,"wc":25,"lc":1}},{"timestamp":"2022-11-11T18:48:15.815Z","url":"https://stackoverflow.com/questions/6116474/how-to-find-if-an-array-contains-a-specific-string-in-javascript-jquery","component":"projection","action":"load","data":{"height":81.5999984741211,"width":305.96875,"wc":20,"lc":1}},{"timestamp":"2022-11-11T18:48:15.815Z","url":"https://stackoverflow.com/questions/52460473/find-object-with-specific-value-in-array","component":"projection","action":"load","data":{"height":81.5999984741211,"width":306.6499938964844,"wc":29,"lc":1}},{"timestamp":"2022-11-11T18:48:15.815Z","url":"https://stackoverflow.com/questions/13964155/get-javascript-object-from-array-of-objects-by-value-of-property","component":"projection","action":"load","data":{"height":59.60000228881836,"width":284.0187683105469,"wc":20,"lc":1}},{"timestamp":"2022-11-11T18:48:15.816Z","url":"https://stackoverflow.com/questions/7364150/find-object-by-id-in-an-array-of-javascript-objects","component":"projection","action":"load","data":{"height":59.60000228881836,"width":288.1937561035156,"wc":22,"lc":1}},{"timestamp":"2022-11-11T18:48:15.816Z","url":"https://stackoverflow.com/questions/52311150/find-all-matching-elements-with-in-an-array-of-objects","component":"projection","action":"load","data":{"height":59.60000228881836,"width":299.7375183105469,"wc":20,"lc":1}},{"timestamp":"2022-11-11T18:48:15.816Z","url":"https://stackoverflow.com/questions/237104/how-do-i-check-if-an-array-includes-a-value-in-javascript","component":"projection","action":"load","data":{"height":81.5999984741211,"width":279.5812683105469,"wc":33,"lc":1}},{"timestamp":"2022-11-11T18:48:15.816Z","url":"https://stackoverflow.com/questions/35206125/how-can-i-find-and-update-values-in-an-array-of-objects","component":"projection","action":"load","data":{"height":37.60000228881836,"width":309.3937683105469,"wc":11,"lc":1}},{"timestamp":"2022-11-11T18:48:15.816Z","url":"https://stackoverflow.com/questions/57607836/find-an-item-in-array-and-get-whats-left","component":"projection","action":"load","data":{"height":81.5999984741211,"width":296,"wc":27,"lc":1}},{"timestamp":"2022-11-11T18:48:15.816Z","url":"https://stackoverflow.com/questions/143847/best-way-to-find-if-an-item-is-in-a-javascript-array","component":"projection","action":"load","data":{"height":59.60000228881836,"width":301.07501220703125,"wc":27,"lc":1}},{"timestamp":"2022-11-11T18:48:17.006Z","url":"https://stackoverflow.com/questions/12462318/find-a-value-in-an-array-of-objects-in-javascript","component":"projection","action":"loaded","data":"projection 10 of 10"},{"timestamp":"2022-11-11T18:48:17.006Z","url":"https://stackoverflow.com/questions/6116474/how-to-find-if-an-array-contains-a-specific-string-in-javascript-jquery","component":"projection","action":"loaded","data":"projection 9 of 10"},{"timestamp":"2022-11-11T18:48:17.006Z","url":"https://stackoverflow.com/questions/52460473/find-object-with-specific-value-in-array","component":"projection","action":"loaded","data":"projection 8 of 10"},{"timestamp":"2022-11-11T18:48:17.006Z","url":"https://stackoverflow.com/questions/13964155/get-javascript-object-from-array-of-objects-by-value-of-property","component":"projection","action":"loaded","data":"projection 7 of 10"},{"timestamp":"2022-11-11T18:48:17.006Z","url":"https://stackoverflow.com/questions/7364150/find-object-by-id-in-an-array-of-javascript-objects","component":"projection","action":"loaded","data":"projection 6 of 10"},{"timestamp":"2022-11-11T18:48:17.006Z","url":"https://stackoverflow.com/questions/52311150/find-all-matching-elements-with-in-an-array-of-objects","component":"projection","action":"loaded","data":"projection 5 of 10"},{"timestamp":"2022-11-11T18:48:17.006Z","url":"https://stackoverflow.com/questions/237104/how-do-i-check-if-an-array-includes-a-value-in-javascript","component":"projection","action":"loaded","data":"projection 4 of 10"},{"timestamp":"2022-11-11T18:48:17.006Z","url":"https://stackoverflow.com/questions/35206125/how-can-i-find-and-update-values-in-an-array-of-objects","component":"projection","action":"loaded","data":"projection 3 of 10"},{"timestamp":"2022-11-11T18:48:17.006Z","url":"https://stackoverflow.com/questions/57607836/find-an-item-in-array-and-get-whats-left","component":"projection","action":"loaded","data":"projection 2 of 10"},{"timestamp":"2022-11-11T18:48:17.006Z","url":"https://stackoverflow.com/questions/143847/best-way-to-find-if-an-item-is-in-a-javascript-array","component":"projection","action":"loaded","data":"projection 1 of 10"},{"timestamp":"2022-11-11T18:48:17.855Z","url":"https://stackoverflow.com/questions/12462318/find-a-value-in-an-array-of-objects-in-javascript","component":"projection","action":"mouseenter"},{"timestamp":"2022-11-11T18:48:18.089Z","url":"https://stackoverflow.com/questions/12462318/find-a-value-in-an-array-of-objects-in-javascript","component":"projection","action":"mouseleave"},{"timestamp":"2022-11-11T18:48:18.090Z","url":"https://stackoverflow.com/questions/6116474/how-to-find-if-an-array-contains-a-specific-string-in-javascript-jquery","component":"projection","action":"mouseenter"},{"timestamp":"2022-11-11T18:48:18.655Z","url":"https://stackoverflow.com/questions/6116474/how-to-find-if-an-array-contains-a-specific-string-in-javascript-jquery","component":"projection","action":"mouseleave"},{"timestamp":"2022-11-11T18:48:18.656Z","url":"https://stackoverflow.com/questions/12462318/find-a-value-in-an-array-of-objects-in-javascript","component":"projection","action":"mouseenter"},{"timestamp":"2022-11-11T18:48:23.682Z","url":"https://stackoverflow.com/questions/12462318/find-a-value-in-an-array-of-objects-in-javascript","component":"page","action":"open"},{"timestamp":"2022-11-11T18:48:23.698Z","url":"https://stackoverflow.com/questions/12462318/find-a-value-in-an-array-of-objects-in-javascript","component":"projection","action":"mouseleave"},{"timestamp":"2022-11-11T18:48:24.433Z","url":"https://stackoverflow.com/questions/12462318/find-a-value-in-an-array-of-objects-in-javascript","component":"page","action":"load"},{"timestamp":"2022-11-11T18:48:26.272Z","url":"https://stackoverflow.com/questions/12462318/find-a-value-in-an-array-of-objects-in-javascript","component":"page","action":"scroll","data":{"viewport":{"x":0,"y":500,"height":573,"width":335},"document":{"height":22274,"width":318},"question":{"identifier":"12462318","top":-305.7250061035156,"bottom":681.8125305175781,"right":302.3999938964844,"left":16,"width":286.3999938964844,"height":987.5375366210938},"answers":[{"identifier":"12462414","top":762.1000366210938,"bottom":2459.1188354492188,"right":302.3999938964844,"left":16,"width":286.3999938964844,"height":1697.018798828125},{"identifier":"12462387","top":2459.118896484375,"bottom":3348.9564208984375,"right":302.3999938964844,"left":16,"width":286.3999938964844,"height":889.8375244140625},{"identifier":"38500417","top":3348.956298828125,"bottom":4662.706298828125,"right":302.3999938964844,"left":16,"width":286.3999938964844,"height":1313.75},{"identifier":"44048398","top":4662.70654296875,"bottom":5348.944030761719,"right":302.3999938964844,"left":16,"width":286.3999938964844,"height":686.2374877929688},{"identifier":"48718969","top":5348.94384765625,"bottom":6700.9813232421875,"right":302.3999938964844,"left":16,"width":286.3999938964844,"height":1352.0374755859375},{"identifier":"47790805","top":6700.9814453125,"bottom":7704.2314453125,"right":302.3999938964844,"left":16,"width":286.3999938964844,"height":1003.25},{"identifier":"43778799","top":7704.2314453125,"bottom":8592.468933105469,"right":302.3999938964844,"left":16,"width":286.3999938964844,"height":888.2374877929688},{"identifier":"12462406","top":8592.46875,"bottom":9334.71875,"right":302.3999938964844,"left":16,"width":286.3999938964844,"height":742.25},{"identifier":"31748358","top":9334.71875,"bottom":10184.46875,"right":302.3999938964844,"left":16,"width":286.3999938964844,"height":849.75},{"identifier":"47194061","top":10184.46875,"bottom":10570.818756103516,"right":302.3999938964844,"left":16,"width":286.3999938964844,"height":386.3500061035156},{"identifier":"33097318","top":10570.8193359375,"bottom":13833.1318359375,"right":302.3999938964844,"left":16,"width":286.3999938964844,"height":3262.3125},{"identifier":"12462347","top":13833.1318359375,"bottom":14591.669372558594,"right":302.3999938964844,"left":16,"width":286.3999938964844,"height":758.5375366210938},{"identifier":"37735967","top":14591.6689453125,"bottom":14968.518951416016,"right":302.3999938964844,"left":16,"width":286.3999938964844,"height":376.8500061035156},{"identifier":"33825763","top":14968.5185546875,"bottom":15503.4560546875,"right":302.3999938964844,"left":16,"width":286.3999938964844,"height":534.9375},{"identifier":"24263355","top":15503.4560546875,"bottom":15897.806060791016,"right":302.3999938964844,"left":16,"width":286.3999938964844,"height":394.3500061035156},{"identifier":"42891511","top":15897.806640625,"bottom":17058.162963867188,"right":302.3999938964844,"left":16,"width":286.3999938964844,"height":1160.3563232421875},{"identifier":"37489965","top":17058.162109375,"bottom":17327.512115478516,"right":302.3999938964844,"left":16,"width":286.3999938964844,"height":269.3500061035156},{"identifier":"38786112","top":17327.513671875,"bottom":18174.363708496094,"right":302.3999938964844,"left":16,"width":286.3999938964844,"height":846.8500366210938},{"identifier":"27443358","top":18174.36328125,"bottom":18572.81329345703,"right":302.3999938964844,"left":16,"width":286.3999938964844,"height":398.45001220703125},{"identifier":"45355935","top":18572.8125,"bottom":19437.662536621094,"right":302.3999938964844,"left":16,"width":286.3999938964844,"height":864.8500366210938}]}},{"timestamp":"2022-11-11T18:48:27.099Z","url":"https://stackoverflow.com/questions/12462318/find-a-value-in-an-array-of-objects-in-javascript","component":"page","action":"scroll","data":{"viewport":{"x":0,"y":900,"height":573,"width":335},"document":{"height":22274,"width":318},"question":{"identifier":"12462318","top":-705.7250366210938,"bottom":281.8125,"right":302.3999938964844,"left":16,"width":286.3999938964844,"height":987.5375366210938},"answers":[{"identifier":"12462414","top":362.1000061035156,"bottom":2059.1188049316406,"right":302.3999938964844,"left":16,"width":286.3999938964844,"height":1697.018798828125},{"identifier":"12462387","top":2059.118896484375,"bottom":2948.9564208984375,"right":302.3999938964844,"left":16,"width":286.3999938964844,"height":889.8375244140625},{"identifier":"38500417","top":2948.956298828125,"bottom":4262.706298828125,"right":302.3999938964844,"left":16,"width":286.3999938964844,"height":1313.75},{"identifier":"44048398","top":4262.70654296875,"bottom":4948.944030761719,"right":302.3999938964844,"left":16,"width":286.3999938964844,"height":686.2374877929688},{"identifier":"48718969","top":4948.94384765625,"bottom":6300.9813232421875,"right":302.3999938964844,"left":16,"width":286.3999938964844,"height":1352.0374755859375},{"identifier":"47790805","top":6300.9814453125,"bottom":7304.2314453125,"right":302.3999938964844,"left":16,"width":286.3999938964844,"height":1003.25},{"identifier":"43778799","top":7304.2314453125,"bottom":8192.468933105469,"right":302.3999938964844,"left":16,"width":286.3999938964844,"height":888.2374877929688},{"identifier":"12462406","top":8192.46875,"bottom":8934.71875,"right":302.3999938964844,"left":16,"width":286.3999938964844,"height":742.25},{"identifier":"31748358","top":8934.71875,"bottom":9784.46875,"right":302.3999938964844,"left":16,"width":286.3999938964844,"height":849.75},{"identifier":"47194061","top":9784.46875,"bottom":10170.818756103516,"right":302.3999938964844,"left":16,"width":286.3999938964844,"height":386.3500061035156},{"identifier":"33097318","top":10170.8193359375,"bottom":13433.1318359375,"right":302.3999938964844,"left":16,"width":286.3999938964844,"height":3262.3125},{"identifier":"12462347","top":13433.1318359375,"bottom":14191.669372558594,"right":302.3999938964844,"left":16,"width":286.3999938964844,"height":758.5375366210938},{"identifier":"37735967","top":14191.6689453125,"bottom":14568.518951416016,"right":302.3999938964844,"left":16,"width":286.3999938964844,"height":376.8500061035156},{"identifier":"33825763","top":14568.5185546875,"bottom":15103.4560546875,"right":302.3999938964844,"left":16,"width":286.3999938964844,"height":534.9375},{"identifier":"24263355","top":15103.4560546875,"bottom":15497.806060791016,"right":302.3999938964844,"left":16,"width":286.3999938964844,"height":394.3500061035156},{"identifier":"42891511","top":15497.806640625,"bottom":16658.162963867188,"right":302.3999938964844,"left":16,"width":286.3999938964844,"height":1160.3563232421875},{"identifier":"37489965","top":16658.162109375,"bottom":16927.512115478516,"right":302.3999938964844,"left":16,"width":286.3999938964844,"height":269.3500061035156},{"identifier":"38786112","top":16927.513671875,"bottom":17774.363708496094,"right":302.3999938964844,"left":16,"width":286.3999938964844,"height":846.8500366210938},{"identifier":"27443358","top":17774.36328125,"bottom":18172.81329345703,"right":302.3999938964844,"left":16,"width":286.3999938964844,"height":398.45001220703125},{"identifier":"45355935","top":18172.8125,"bottom":19037.662536621094,"right":302.3999938964844,"left":16,"width":286.3999938964844,"height":864.8500366210938}]}},{"timestamp":"2022-11-11T18:48:28.111Z","url":"https://stackoverflow.com/questions/12462318/find-a-value-in-an-array-of-objects-in-javascript","component":"page","action":"scroll","data":{"viewport":{"x":0,"y":0,"height":573,"width":335},"document":{"height":22274,"width":318},"question":{"identifier":"12462318","top":194.27500915527344,"bottom":1181.8125457763672,"right":302.3999938964844,"left":16,"width":286.3999938964844,"height":987.5375366210938},"answers":[{"identifier":"12462414","top":1262.0999755859375,"bottom":2959.1187744140625,"right":302.3999938964844,"left":16,"width":286.3999938964844,"height":1697.018798828125},{"identifier":"12462387","top":2959.118896484375,"bottom":3848.9564208984375,"right":302.3999938964844,"left":16,"width":286.3999938964844,"height":889.8375244140625},{"identifier":"38500417","top":3848.956298828125,"bottom":5162.706298828125,"right":302.3999938964844,"left":16,"width":286.3999938964844,"height":1313.75},{"identifier":"44048398","top":5162.70654296875,"bottom":5848.944030761719,"right":302.3999938964844,"left":16,"width":286.3999938964844,"height":686.2374877929688},{"identifier":"48718969","top":5848.94384765625,"bottom":7200.9813232421875,"right":302.3999938964844,"left":16,"width":286.3999938964844,"height":1352.0374755859375},{"identifier":"47790805","top":7200.9814453125,"bottom":8204.2314453125,"right":302.3999938964844,"left":16,"width":286.3999938964844,"height":1003.25},{"identifier":"43778799","top":8204.2314453125,"bottom":9092.468933105469,"right":302.3999938964844,"left":16,"width":286.3999938964844,"height":888.2374877929688},{"identifier":"12462406","top":9092.46875,"bottom":9834.71875,"right":302.3999938964844,"left":16,"width":286.3999938964844,"height":742.25},{"identifier":"31748358","top":9834.71875,"bottom":10684.46875,"right":302.3999938964844,"left":16,"width":286.3999938964844,"height":849.75},{"identifier":"47194061","top":10684.46875,"bottom":11070.818756103516,"right":302.3999938964844,"left":16,"width":286.3999938964844,"height":386.3500061035156},{"identifier":"33097318","top":11070.8193359375,"bottom":14333.1318359375,"right":302.3999938964844,"left":16,"width":286.3999938964844,"height":3262.3125},{"identifier":"12462347","top":14333.1318359375,"bottom":15091.669372558594,"right":302.3999938964844,"left":16,"width":286.3999938964844,"height":758.5375366210938},{"identifier":"37735967","top":15091.6689453125,"bottom":15468.518951416016,"right":302.3999938964844,"left":16,"width":286.3999938964844,"height":376.8500061035156},{"identifier":"33825763","top":15468.5185546875,"bottom":16003.4560546875,"right":302.3999938964844,"left":16,"width":286.3999938964844,"height":534.9375},{"identifier":"24263355","top":16003.4560546875,"bottom":16397.806060791016,"right":302.3999938964844,"left":16,"width":286.3999938964844,"height":394.3500061035156},{"identifier":"42891511","top":16397.806640625,"bottom":17558.162963867188,"right":302.3999938964844,"left":16,"width":286.3999938964844,"height":1160.3563232421875},{"identifier":"37489965","top":17558.162109375,"bottom":17827.512115478516,"right":302.3999938964844,"left":16,"width":286.3999938964844,"height":269.3500061035156},{"identifier":"38786112","top":17827.513671875,"bottom":18674.363708496094,"right":302.3999938964844,"left":16,"width":286.3999938964844,"height":846.8500366210938},{"identifier":"27443358","top":18674.36328125,"bottom":19072.81329345703,"right":302.3999938964844,"left":16,"width":286.3999938964844,"height":398.45001220703125},{"identifier":"45355935","top":19072.8125,"bottom":19937.662536621094,"right":302.3999938964844,"left":16,"width":286.3999938964844,"height":864.8500366210938}]}},{"timestamp":"2022-11-11T18:48:28.577Z","url":"https://stackoverflow.com/questions/12462318/find-a-value-in-an-array-of-objects-in-javascript","component":"page","action":"close"}]},{"keywords":["javascript","array","find","value"],"context":{"tokens":[{"kind":"language","value":"javascript"}]},"timestamp":"2022-11-11T18:48:37.388Z","results":[{"signatures":[],"areSignaturesLoading":true,"title":"Find a value in an array of objects in Javascript - Stack Overflow","snippet":"The find() method returns the first value that matches from the collection. Once it matches the value in findings, it will not check the ...","url":"https://stackoverflow.com/questions/12462318/find-a-value-in-an-array-of-objects-in-javascript","displayLink":"https://stackoverflow.com › questions › find-a-value-in-...","snippetHighlightWords":["find","value","value","check"],"date":"Sep 17, 2012"},{"signatures":[],"areSignaturesLoading":true,"title":"Best way to find if an item is in a JavaScript array? [duplicate]","snippet":"var include = Array.prototype.indexOf ? function(arr, obj) { return arr.indexOf( ...","url":"https://stackoverflow.com/questions/143847/best-way-to-find-if-an-item-is-in-a-javascript-array","displayLink":"https://stackoverflow.com › questions › best-way-to-fin...","snippetHighlightWords":["Array"],"date":"Sep 27, 2008"},{"signatures":[],"areSignaturesLoading":true,"title":"How to find value in javascript array of arrays - Stack Overflow","snippet":"Use Array.filter() to get an array of items that match the criteria, or Array.find() the get the 1st item that matches.","url":"https://stackoverflow.com/questions/55871364/how-to-find-value-in-javascript-array-of-arrays","displayLink":"https://stackoverflow.com › questions › how-to-find-val...","snippetHighlightWords":["Array","array","Array","find"],"date":"Apr 26, 2019 2 answers"},{"signatures":[],"areSignaturesLoading":true,"title":"How can I find and update values in an array of objects?","snippet":"You can use findIndex to find the index in the array of the object and replace it as required: var item = {...} var items = [{id:2}, {id:2}, {id:2}]; var ...","url":"https://stackoverflow.com/questions/35206125/how-can-i-find-and-update-values-in-an-array-of-objects","displayLink":"https://stackoverflow.com › questions › how-can-i-find-...","snippetHighlightWords":["find","array"],"date":"11 answers"},{"signatures":[],"areSignaturesLoading":true,"title":"javascript array find value base on id [duplicate] - Stack Overflow","snippet":"This find method will find object based on your object property and value. ArrayName.find ...","url":"https://stackoverflow.com/questions/49595348/javascript-array-find-value-base-on-id","displayLink":"https://stackoverflow.com › questions › javascript-array...","snippetHighlightWords":["find","find","value","ArrayName","find"],"date":"Apr 1, 2018"},{"signatures":[],"areSignaturesLoading":true,"title":"javascript - Array.find() or Array.some() but return a custom value","snippet":"const val = array.find((val) => <condition>); const index = array.indexOf(val);.","url":"https://stackoverflow.com/questions/60404361/array-find-or-array-some-but-return-a-custom-value","displayLink":"https://stackoverflow.com › questions › array-find-or-ar...","snippetHighlightWords":["array","find","array"],"date":"Feb 25, 2020"},{"signatures":[],"areSignaturesLoading":true,"title":"Find the value inside the array of objects that include children ...","snippet":"Please include the desired output for the example you have given. – trincot. Dec 20, 2018 at 9:21. Add a comment | ...","url":"https://stackoverflow.com/questions/53865538/find-the-value-inside-the-array-of-objects-that-include-children-from-the-array","displayLink":"https://stackoverflow.com › questions › find-the-value-i...","date":"Dec 20, 2018"},{"signatures":[],"areSignaturesLoading":true,"title":"Get JavaScript object from array of objects by value of property","snippet":"The find() method returns a value in the array, if an element in the array satisfies the provided testing function. Otherwise undefined is ...","url":"https://stackoverflow.com/questions/13964155/get-javascript-object-from-array-of-objects-by-value-of-property","displayLink":"https://stackoverflow.com › questions › get-javascript-o...","snippetHighlightWords":["find","value","array","array"],"date":"Dec 20, 2012"},{"signatures":[],"areSignaturesLoading":true,"title":"Does Array.find method return a copy or a reference of the ...","snippet":"From MDN (emphasis theirs):. The find() method returns the value of the first element in the provided array that satisfies the provided ...","url":"https://stackoverflow.com/questions/62497165/does-array-find-method-return-a-copy-or-a-reference-of-the-matched-element-form","displayLink":"https://stackoverflow.com › questions › does-array-find...","snippetHighlightWords":["find","value","array"],"date":"Jun 21, 2020 4 answers"},{"signatures":[],"areSignaturesLoading":true,"title":"Javascript search an array for a value starting with a certain ...","snippet":"You can use the find() function which allows you to pass a custom function in parameter that will be tested on each value.","url":"https://stackoverflow.com/questions/72360371/javascript-search-an-array-for-a-value-starting-with-a-certain-value","displayLink":"https://stackoverflow.com › questions › javascript-searc...","snippetHighlightWords":["find","value"],"date":"May 24, 2022 1 answer"}],"events":[{"timestamp":"2022-11-11T18:48:39.140Z","url":"https://stackoverflow.com/questions/12462318/find-a-value-in-an-array-of-objects-in-javascript","component":"projection","action":"load","data":{"height":81.5999984741211,"width":310.0249938964844,"wc":25,"lc":1}},{"timestamp":"2022-11-11T18:48:39.140Z","url":"https://stackoverflow.com/questions/143847/best-way-to-find-if-an-item-is-in-a-javascript-array","component":"projection","action":"load","data":{"height":59.60000228881836,"width":280.875,"wc":11,"lc":1}},{"timestamp":"2022-11-11T18:48:39.141Z","url":"https://stackoverflow.com/questions/55871364/how-to-find-value-in-javascript-array-of-arrays","component":"projection","action":"load","data":{"height":59.60000228881836,"width":294.8500061035156,"wc":21,"lc":1}},{"timestamp":"2022-11-11T18:48:39.141Z","url":"https://stackoverflow.com/questions/35206125/how-can-i-find-and-update-values-in-an-array-of-objects","component":"projection","action":"load","data":{"height":81.5999984741211,"width":307.4437561035156,"wc":31,"lc":1}},{"timestamp":"2022-11-11T18:48:39.141Z","url":"https://stackoverflow.com/questions/49595348/javascript-array-find-value-base-on-id","component":"projection","action":"load","data":{"height":59.60000228881836,"width":299.3312683105469,"wc":15,"lc":1}},{"timestamp":"2022-11-11T18:48:39.141Z","url":"https://stackoverflow.com/questions/60404361/array-find-or-array-some-but-return-a-custom-value","component":"projection","action":"load","data":{"height":37.60000228881836,"width":308.78125,"wc":10,"lc":1}},{"timestamp":"2022-11-11T18:48:39.141Z","url":"https://stackoverflow.com/questions/53865538/find-the-value-inside-the-array-of-objects-that-include-children-from-the-array","component":"projection","action":"load","data":{"height":59.60000228881836,"width":303.75,"wc":23,"lc":1}},{"timestamp":"2022-11-11T18:48:39.141Z","url":"https://stackoverflow.com/questions/13964155/get-javascript-object-from-array-of-objects-by-value-of-property","component":"projection","action":"load","data":{"height":81.5999984741211,"width":305.3812561035156,"wc":24,"lc":1}},{"timestamp":"2022-11-11T18:48:39.141Z","url":"https://stackoverflow.com/questions/62497165/does-array-find-method-return-a-copy-or-a-reference-of-the-matched-element-form","component":"projection","action":"load","data":{"height":81.5999984741211,"width":308.0812683105469,"wc":23,"lc":1}},{"timestamp":"2022-11-11T18:48:39.141Z","url":"https://stackoverflow.com/questions/72360371/javascript-search-an-array-for-a-value-starting-with-a-certain-value","component":"projection","action":"load","data":{"height":81.5999984741211,"width":310.4375,"wc":23,"lc":1}},{"timestamp":"2022-11-11T18:48:40.337Z","url":"https://stackoverflow.com/questions/12462318/find-a-value-in-an-array-of-objects-in-javascript","component":"projection","action":"loaded","data":"projection 10 of 10"},{"timestamp":"2022-11-11T18:48:40.337Z","url":"https://stackoverflow.com/questions/143847/best-way-to-find-if-an-item-is-in-a-javascript-array","component":"projection","action":"loaded","data":"projection 9 of 10"},{"timestamp":"2022-11-11T18:48:40.337Z","url":"https://stackoverflow.com/questions/55871364/how-to-find-value-in-javascript-array-of-arrays","component":"projection","action":"loaded","data":"projection 8 of 10"},{"timestamp":"2022-11-11T18:48:40.337Z","url":"https://stackoverflow.com/questions/35206125/how-can-i-find-and-update-values-in-an-array-of-objects","component":"projection","action":"loaded","data":"projection 7 of 10"},{"timestamp":"2022-11-11T18:48:40.337Z","url":"https://stackoverflow.com/questions/49595348/javascript-array-find-value-base-on-id","component":"projection","action":"loaded","data":"projection 6 of 10"},{"timestamp":"2022-11-11T18:48:40.337Z","url":"https://stackoverflow.com/questions/60404361/array-find-or-array-some-but-return-a-custom-value","component":"projection","action":"loaded","data":"projection 5 of 10"},{"timestamp":"2022-11-11T18:48:40.337Z","url":"https://stackoverflow.com/questions/53865538/find-the-value-inside-the-array-of-objects-that-include-children-from-the-array","component":"projection","action":"loaded","data":"projection 4 of 10"},{"timestamp":"2022-11-11T18:48:40.337Z","url":"https://stackoverflow.com/questions/13964155/get-javascript-object-from-array-of-objects-by-value-of-property","component":"projection","action":"loaded","data":"projection 3 of 10"},{"timestamp":"2022-11-11T18:48:40.337Z","url":"https://stackoverflow.com/questions/62497165/does-array-find-method-return-a-copy-or-a-reference-of-the-matched-element-form","component":"projection","action":"loaded","data":"projection 2 of 10"},{"timestamp":"2022-11-11T18:48:40.337Z","url":"https://stackoverflow.com/questions/72360371/javascript-search-an-array-for-a-value-starting-with-a-certain-value","component":"projection","action":"loaded","data":"projection 1 of 10"},{"timestamp":"2022-11-11T18:48:40.388Z","url":"https://stackoverflow.com/questions/12462318/find-a-value-in-an-array-of-objects-in-javascript","component":"projection","action":"mouseenter"},{"timestamp":"2022-11-11T18:48:44.247Z","url":"https://stackoverflow.com/questions/12462318/find-a-value-in-an-array-of-objects-in-javascript","component":"projection","action":"mouseleave"},{"timestamp":"2022-11-11T18:48:49.153Z","url":"https://stackoverflow.com/questions/12462318/find-a-value-in-an-array-of-objects-in-javascript","component":"projection","action":"mouseenter"},{"timestamp":"2022-11-11T18:48:49.695Z","url":"https://stackoverflow.com/questions/12462318/find-a-value-in-an-array-of-objects-in-javascript","component":"page","action":"open"},{"timestamp":"2022-11-11T18:48:49.715Z","url":"https://stackoverflow.com/questions/12462318/find-a-value-in-an-array-of-objects-in-javascript","component":"projection","action":"mouseleave"},{"timestamp":"2022-11-11T18:48:50.273Z","url":"https://stackoverflow.com/questions/12462318/find-a-value-in-an-array-of-objects-in-javascript","component":"page","action":"load"},{"timestamp":"2022-11-11T18:48:53.148Z","url":"https://stackoverflow.com/questions/12462318/find-a-value-in-an-array-of-objects-in-javascript","component":"page","action":"scroll","data":{"viewport":{"x":0,"y":900,"height":573,"width":335},"document":{"height":22207,"width":318},"question":{"identifier":"12462318","top":-705.7250366210938,"bottom":281.8125,"right":302.3999938964844,"left":16,"width":286.3999938964844,"height":987.5375366210938},"answers":[{"identifier":"12462414","top":362.1000061035156,"bottom":2059.1188049316406,"right":302.3999938964844,"left":16,"width":286.3999938964844,"height":1697.018798828125},{"identifier":"12462387","top":2059.118896484375,"bottom":2948.9564208984375,"right":302.3999938964844,"left":16,"width":286.3999938964844,"height":889.8375244140625},{"identifier":"38500417","top":2948.956298828125,"bottom":4262.706298828125,"right":302.3999938964844,"left":16,"width":286.3999938964844,"height":1313.75},{"identifier":"44048398","top":4262.70654296875,"bottom":4948.944030761719,"right":302.3999938964844,"left":16,"width":286.3999938964844,"height":686.2374877929688},{"identifier":"48718969","top":4948.94384765625,"bottom":6300.9813232421875,"right":302.3999938964844,"left":16,"width":286.3999938964844,"height":1352.0374755859375},{"identifier":"47790805","top":6300.9814453125,"bottom":7304.2314453125,"right":302.3999938964844,"left":16,"width":286.3999938964844,"height":1003.25},{"identifier":"43778799","top":7304.2314453125,"bottom":8192.468933105469,"right":302.3999938964844,"left":16,"width":286.3999938964844,"height":888.2374877929688},{"identifier":"12462406","top":8192.46875,"bottom":8934.71875,"right":302.3999938964844,"left":16,"width":286.3999938964844,"height":742.25},{"identifier":"31748358","top":8934.71875,"bottom":9784.46875,"right":302.3999938964844,"left":16,"width":286.3999938964844,"height":849.75},{"identifier":"47194061","top":9784.46875,"bottom":10170.818756103516,"right":302.3999938964844,"left":16,"width":286.3999938964844,"height":386.3500061035156},{"identifier":"33097318","top":10170.8193359375,"bottom":13433.1318359375,"right":302.3999938964844,"left":16,"width":286.3999938964844,"height":3262.3125},{"identifier":"12462347","top":13433.1318359375,"bottom":14191.669372558594,"right":302.3999938964844,"left":16,"width":286.3999938964844,"height":758.5375366210938},{"identifier":"37735967","top":14191.6689453125,"bottom":14568.518951416016,"right":302.3999938964844,"left":16,"width":286.3999938964844,"height":376.8500061035156},{"identifier":"33825763","top":14568.5185546875,"bottom":15103.4560546875,"right":302.3999938964844,"left":16,"width":286.3999938964844,"height":534.9375},{"identifier":"24263355","top":15103.4560546875,"bottom":15497.806060791016,"right":302.3999938964844,"left":16,"width":286.3999938964844,"height":394.3500061035156},{"identifier":"42891511","top":15497.806640625,"bottom":16658.162963867188,"right":302.3999938964844,"left":16,"width":286.3999938964844,"height":1160.3563232421875},{"identifier":"37489965","top":16658.162109375,"bottom":16927.512115478516,"right":302.3999938964844,"left":16,"width":286.3999938964844,"height":269.3500061035156},{"identifier":"38786112","top":16927.513671875,"bottom":17774.363708496094,"right":302.3999938964844,"left":16,"width":286.3999938964844,"height":846.8500366210938},{"identifier":"27443358","top":17774.36328125,"bottom":18172.81329345703,"right":302.3999938964844,"left":16,"width":286.3999938964844,"height":398.45001220703125},{"identifier":"45355935","top":18172.8125,"bottom":19037.662536621094,"right":302.3999938964844,"left":16,"width":286.3999938964844,"height":864.8500366210938}]}},{"timestamp":"2022-11-11T18:48:54.050Z","url":"https://stackoverflow.com/questions/12462318/find-a-value-in-an-array-of-objects-in-javascript","component":"page","action":"scroll","data":{"viewport":{"x":0,"y":1100,"height":573,"width":335},"document":{"height":22207,"width":318},"question":{"identifier":"12462318","top":-905.7250366210938,"bottom":81.8125,"right":302.3999938964844,"left":16,"width":286.3999938964844,"height":987.5375366210938},"answers":[{"identifier":"12462414","top":162.10000610351562,"bottom":1859.1188049316406,"right":302.3999938964844,"left":16,"width":286.3999938964844,"height":1697.018798828125},{"identifier":"12462387","top":1859.1187744140625,"bottom":2748.956298828125,"right":302.3999938964844,"left":16,"width":286.3999938964844,"height":889.8375244140625},{"identifier":"38500417","top":2748.956298828125,"bottom":4062.706298828125,"right":302.3999938964844,"left":16,"width":286.3999938964844,"height":1313.75},{"identifier":"44048398","top":4062.706298828125,"bottom":4748.943786621094,"right":302.3999938964844,"left":16,"width":286.3999938964844,"height":686.2374877929688},{"identifier":"48718969","top":4748.94384765625,"bottom":6100.9813232421875,"right":302.3999938964844,"left":16,"width":286.3999938964844,"height":1352.0374755859375},{"identifier":"47790805","top":6100.9814453125,"bottom":7104.2314453125,"right":302.3999938964844,"left":16,"width":286.3999938964844,"height":1003.25},{"identifier":"43778799","top":7104.2314453125,"bottom":7992.468933105469,"right":302.3999938964844,"left":16,"width":286.3999938964844,"height":888.2374877929688},{"identifier":"12462406","top":7992.46875,"bottom":8734.71875,"right":302.3999938964844,"left":16,"width":286.3999938964844,"height":742.25},{"identifier":"31748358","top":8734.71875,"bottom":9584.46875,"right":302.3999938964844,"left":16,"width":286.3999938964844,"height":849.75},{"identifier":"47194061","top":9584.46875,"bottom":9970.818756103516,"right":302.3999938964844,"left":16,"width":286.3999938964844,"height":386.3500061035156},{"identifier":"33097318","top":9970.8193359375,"bottom":13233.1318359375,"right":302.3999938964844,"left":16,"width":286.3999938964844,"height":3262.3125},{"identifier":"12462347","top":13233.1318359375,"bottom":13991.669372558594,"right":302.3999938964844,"left":16,"width":286.3999938964844,"height":758.5375366210938},{"identifier":"37735967","top":13991.6689453125,"bottom":14368.518951416016,"right":302.3999938964844,"left":16,"width":286.3999938964844,"height":376.8500061035156},{"identifier":"33825763","top":14368.5185546875,"bottom":14903.4560546875,"right":302.3999938964844,"left":16,"width":286.3999938964844,"height":534.9375},{"identifier":"24263355","top":14903.4560546875,"bottom":15297.806060791016,"right":302.3999938964844,"left":16,"width":286.3999938964844,"height":394.3500061035156},{"identifier":"42891511","top":15297.806640625,"bottom":16458.162963867188,"right":302.3999938964844,"left":16,"width":286.3999938964844,"height":1160.3563232421875},{"identifier":"37489965","top":16458.162109375,"bottom":16727.512115478516,"right":302.3999938964844,"left":16,"width":286.3999938964844,"height":269.3500061035156},{"identifier":"38786112","top":16727.513671875,"bottom":17574.363708496094,"right":302.3999938964844,"left":16,"width":286.3999938964844,"height":846.8500366210938},{"identifier":"27443358","top":17574.36328125,"bottom":17972.81329345703,"right":302.3999938964844,"left":16,"width":286.3999938964844,"height":398.45001220703125},{"identifier":"45355935","top":17972.8125,"bottom":18837.662536621094,"right":302.3999938964844,"left":16,"width":286.3999938964844,"height":864.8500366210938}]}},{"timestamp":"2022-11-11T18:48:55.170Z","url":"https://stackoverflow.com/questions/12462318/find-a-value-in-an-array-of-objects-in-javascript","component":"page","action":"scroll","data":{"viewport":{"x":0,"y":1200,"height":573,"width":335},"document":{"height":22207,"width":318},"question":{"identifier":"12462318","top":-1005.7250366210938,"bottom":-18.1875,"right":302.3999938964844,"left":16,"width":286.3999938964844,"height":987.5375366210938},"answers":[{"identifier":"12462414","top":62.10000228881836,"bottom":1759.1188011169434,"right":302.3999938964844,"left":16,"width":286.3999938964844,"height":1697.018798828125},{"identifier":"12462387","top":1759.1187744140625,"bottom":2648.956298828125,"right":302.3999938964844,"left":16,"width":286.3999938964844,"height":889.8375244140625},{"identifier":"38500417","top":2648.956298828125,"bottom":3962.706298828125,"right":302.3999938964844,"left":16,"width":286.3999938964844,"height":1313.75},{"identifier":"44048398","top":3962.706298828125,"bottom":4648.943786621094,"right":302.3999938964844,"left":16,"width":286.3999938964844,"height":686.2374877929688},{"identifier":"48718969","top":4648.94384765625,"bottom":6000.9813232421875,"right":302.3999938964844,"left":16,"width":286.3999938964844,"height":1352.0374755859375},{"identifier":"47790805","top":6000.9814453125,"bottom":7004.2314453125,"right":302.3999938964844,"left":16,"width":286.3999938964844,"height":1003.25},{"identifier":"43778799","top":7004.2314453125,"bottom":7892.468933105469,"right":302.3999938964844,"left":16,"width":286.3999938964844,"height":888.2374877929688},{"identifier":"12462406","top":7892.46875,"bottom":8634.71875,"right":302.3999938964844,"left":16,"width":286.3999938964844,"height":742.25},{"identifier":"31748358","top":8634.71875,"bottom":9484.46875,"right":302.3999938964844,"left":16,"width":286.3999938964844,"height":849.75},{"identifier":"47194061","top":9484.46875,"bottom":9870.818756103516,"right":302.3999938964844,"left":16,"width":286.3999938964844,"height":386.3500061035156},{"identifier":"33097318","top":9870.8193359375,"bottom":13133.1318359375,"right":302.3999938964844,"left":16,"width":286.3999938964844,"height":3262.3125},{"identifier":"12462347","top":13133.1318359375,"bottom":13891.669372558594,"right":302.3999938964844,"left":16,"width":286.3999938964844,"height":758.5375366210938},{"identifier":"37735967","top":13891.6689453125,"bottom":14268.518951416016,"right":302.3999938964844,"left":16,"width":286.3999938964844,"height":376.8500061035156},{"identifier":"33825763","top":14268.5185546875,"bottom":14803.4560546875,"right":302.3999938964844,"left":16,"width":286.3999938964844,"height":534.9375},{"identifier":"24263355","top":14803.4560546875,"bottom":15197.806060791016,"right":302.3999938964844,"left":16,"width":286.3999938964844,"height":394.3500061035156},{"identifier":"42891511","top":15197.806640625,"bottom":16358.162963867188,"right":302.3999938964844,"left":16,"width":286.3999938964844,"height":1160.3563232421875},{"identifier":"37489965","top":16358.1630859375,"bottom":16627.513092041016,"right":302.3999938964844,"left":16,"width":286.3999938964844,"height":269.3500061035156},{"identifier":"38786112","top":16627.513671875,"bottom":17474.363708496094,"right":302.3999938964844,"left":16,"width":286.3999938964844,"height":846.8500366210938},{"identifier":"27443358","top":17474.36328125,"bottom":17872.81329345703,"right":302.3999938964844,"left":16,"width":286.3999938964844,"height":398.45001220703125},{"identifier":"45355935","top":17872.8125,"bottom":18737.662536621094,"right":302.3999938964844,"left":16,"width":286.3999938964844,"height":864.8500366210938}]}},{"timestamp":"2022-11-11T18:49:19.622Z","url":"https://stackoverflow.com/questions/12462318/find-a-value-in-an-array-of-objects-in-javascript","component":"page","action":"selection","data":"g(ob"},{"timestamp":"2022-11-11T18:50:29.823Z","url":"https://stackoverflow.com/questions/12462318/find-a-value-in-an-array-of-objects-in-javascript","component":"page","action":"close"},{"timestamp":"2022-11-11T18:50:30.314Z","url":"https://stackoverflow.com/questions/12462318/find-a-value-in-an-array-of-objects-in-javascript","component":"projection","action":"mouseenter"},{"timestamp":"2022-11-11T18:50:32.196Z","url":"https://stackoverflow.com/questions/12462318/find-a-value-in-an-array-of-objects-in-javascript","component":"projection","action":"mouseleave"},{"timestamp":"2022-11-11T18:50:33.712Z","url":"https://stackoverflow.com/questions/12462318/find-a-value-in-an-array-of-objects-in-javascript","component":"projection","action":"mouseenter"},{"timestamp":"2022-11-11T18:50:33.745Z","url":"https://stackoverflow.com/questions/12462318/find-a-value-in-an-array-of-objects-in-javascript","component":"projection","action":"mouseleave"}]}]}