{"trialId":"62905_2","taskId":"recent","appEvents":[{"timestamp":"2022-11-11T19:22:33.506Z","name":"search","data":"search-start"},{"timestamp":"2022-11-11T19:22:36.190Z","name":"search","data":"search-done"},{"timestamp":"2022-11-11T19:22:42.392Z","name":"search","data":"search-start"},{"timestamp":"2022-11-11T19:22:45.740Z","name":"search","data":"search-done"}],"searches":[{"keywords":["subtract"],"context":{"tokens":[{"kind":"library","value":"moment"},{"kind":"language","value":"javascript"}]},"timestamp":"2022-11-11T19:22:33.504Z","results":[{"signatures":[],"areSignaturesLoading":true,"title":"javascript - subtract time from date - moment js - Stack Overflow","snippet":"There is a simple function subtract which moment library gives us to subtract time from some time. Using it ...","url":"https://stackoverflow.com/questions/24428656/subtract-time-from-date-moment-js","displayLink":"https://stackoverflow.com › questions › subtract-time-fr...","snippetHighlightWords":["subtract","moment","subtract"],"date":"Jun 26, 2014"},{"signatures":[],"areSignaturesLoading":true,"title":"How add and subtract days using Moment JS for the given ...","snippet":"Here's how, just add and subtract directly using your selectedDate. var selectedDate = moment(1628312400000); let next = \"Next Day :: \" + ...","url":"https://stackoverflow.com/questions/68756983/how-add-and-subtract-days-using-moment-js-for-the-given-timestamp-value","displayLink":"https://stackoverflow.com › questions › how-add-and-s...","snippetHighlightWords":["subtract","moment"],"date":"4 answers"},{"signatures":[],"areSignaturesLoading":true,"title":"Perform Subtraction in Moment Js - javascript - Stack Overflow","snippet":"I want to subtract the duration value from the end value. How can I do that with moment.js? I am currently getting the error not valid ...","url":"https://stackoverflow.com/questions/72720240/perform-subtraction-in-moment-js","displayLink":"https://stackoverflow.com › questions › perform-subtra...","snippetHighlightWords":["subtract","moment","js"],"date":"Jun 22, 2022"},{"signatures":[],"areSignaturesLoading":true,"title":"How can I subtract 1 month using moment.js? - Stack Overflow","snippet":"It stores the date as a moment object, which you then modify by adding or subtracting a month without ever caring what its current value is. You ...","url":"https://stackoverflow.com/questions/67649925/how-can-i-subtract-1-month-using-moment-js","displayLink":"https://stackoverflow.com › questions › how-can-i-subtr...","snippetHighlightWords":["moment","subtracting"],"date":"May 22, 2021"},{"signatures":[],"areSignaturesLoading":true,"title":"How to subtract one month using moment.js? - Stack Overflow","snippet":"I have a current month generated using moment().format('MMM YYYY'). I need to get last six months using this current month. How to subtract one month using ...","url":"https://stackoverflow.com/questions/41505492/how-to-subtract-one-month-using-moment-js","displayLink":"https://stackoverflow.com › questions › how-to-subtract...","snippetHighlightWords":["moment","subtract"]},{"signatures":[],"areSignaturesLoading":true,"title":"Subtract one day from a particular date using MomentJs","snippet":"Closed 3 years ago. I get the second week of 2018 like this using moment.js var date =moment([ ...","url":"https://stackoverflow.com/questions/54019837/subtract-one-day-from-a-particular-date-using-momentjs","displayLink":"https://stackoverflow.com › questions › subtract-one-da...","snippetHighlightWords":["moment","js","moment"],"date":"Jan 3, 2019"},{"signatures":[],"areSignaturesLoading":true,"title":"Javascript: Subtract months from a string date using moment ...","snippet":"So if you are subtracting from the original date, you are actually ... <script src=\"https://momentjs.com/downloads/moment.min.js\"></script>.","url":"https://stackoverflow.com/questions/70794840/javascript-subtract-months-from-a-string-date-using-moment-library","displayLink":"https://stackoverflow.com › questions › javascript-subtr...","snippetHighlightWords":["subtracting","momentjs","moment","js"],"date":"Jan 20, 2022"},{"signatures":[],"areSignaturesLoading":true,"title":"How to subtract Time from current Time momentjs","snippet":"You can use endTime.subtract(duration, 'ms'). But for that endTime has to be a moment object. So format the answer later.","url":"https://stackoverflow.com/questions/49169562/how-to-subtract-time-from-current-time-momentjs","displayLink":"https://stackoverflow.com › questions › how-to-subtract...","snippetHighlightWords":["subtract","moment"],"date":"Mar 8, 2018"},{"signatures":[],"areSignaturesLoading":true,"title":"How to subtract 2 times with moment.js, then ... - Stack Overflow","snippet":"// parse time using 24-hour clock and use UTC to prevent DST issues var start = moment.utc(startTime, \"HH:mm\"); var end = moment.utc(endTime ...","url":"https://stackoverflow.com/questions/34247283/how-to-subtract-2-times-with-moment-js-then-subtract-some-minutes","displayLink":"https://stackoverflow.com › questions › how-to-subtract...","snippetHighlightWords":["moment","moment"],"date":"Dec 13, 2015 2 answers"},{"signatures":[],"areSignaturesLoading":true,"title":"Javascript moment subtract lunchtime from workhours","snippet":"He is using Moment JS. As far as I understood, the problem is that he has only date with time to manipulate in format similar to: dd.mm.","url":"https://stackoverflow.com/questions/61320096/javascript-moment-subtract-lunchtime-from-workhours","displayLink":"https://stackoverflow.com › questions › javascript-mom...","snippetHighlightWords":["Moment JS"],"date":"Apr 20, 2020 2 answers"}],"events":[{"timestamp":"2022-11-11T19:22:34.995Z","url":"https://stackoverflow.com/questions/24428656/subtract-time-from-date-moment-js","component":"projection","action":"load","data":{"height":37.60000228881836,"width":468.2687683105469,"wc":20,"lc":1}},{"timestamp":"2022-11-11T19:22:34.995Z","url":"https://stackoverflow.com/questions/68756983/how-add-and-subtract-days-using-moment-js-for-the-given-timestamp-value","component":"projection","action":"load","data":{"height":59.60000228881836,"width":485.3312683105469,"wc":23,"lc":1}},{"timestamp":"2022-11-11T19:22:34.995Z","url":"https://stackoverflow.com/questions/72720240/perform-subtraction-in-moment-js","component":"projection","action":"load","data":{"height":37.60000228881836,"width":490.45001220703125,"wc":27,"lc":1}},{"timestamp":"2022-11-11T19:22:34.995Z","url":"https://stackoverflow.com/questions/67649925/how-can-i-subtract-1-month-using-moment-js","component":"projection","action":"load","data":{"height":59.60000228881836,"width":484.5874938964844,"wc":28,"lc":1}},{"timestamp":"2022-11-11T19:22:34.995Z","url":"https://stackoverflow.com/questions/41505492/how-to-subtract-one-month-using-moment-js","component":"projection","action":"load","data":{"height":59.60000228881836,"width":464.8625183105469,"wc":27,"lc":1}},{"timestamp":"2022-11-11T19:22:34.995Z","url":"https://stackoverflow.com/questions/54019837/subtract-one-day-from-a-particular-date-using-momentjs","component":"projection","action":"load","data":{"height":37.60000228881836,"width":468.0375061035156,"wc":19,"lc":1}},{"timestamp":"2022-11-11T19:22:34.995Z","url":"https://stackoverflow.com/questions/70794840/javascript-subtract-months-from-a-string-date-using-moment-library","component":"projection","action":"load","data":{"height":37.60000228881836,"width":458.5500183105469,"wc":15,"lc":1}},{"timestamp":"2022-11-11T19:22:34.995Z","url":"https://stackoverflow.com/questions/49169562/how-to-subtract-time-from-current-time-momentjs","component":"projection","action":"load","data":{"height":37.60000228881836,"width":464.9250183105469,"wc":20,"lc":1}},{"timestamp":"2022-11-11T19:22:34.995Z","url":"https://stackoverflow.com/questions/34247283/how-to-subtract-2-times-with-moment-js-then-subtract-some-minutes","component":"projection","action":"load","data":{"height":59.60000228881836,"width":484.3187561035156,"wc":23,"lc":1}},{"timestamp":"2022-11-11T19:22:34.996Z","url":"https://stackoverflow.com/questions/61320096/javascript-moment-subtract-lunchtime-from-workhours","component":"projection","action":"load","data":{"height":59.60000228881836,"width":479.3625183105469,"wc":27,"lc":1}},{"timestamp":"2022-11-11T19:22:36.190Z","url":"https://stackoverflow.com/questions/24428656/subtract-time-from-date-moment-js","component":"projection","action":"loaded","data":"projection 10 of 10"},{"timestamp":"2022-11-11T19:22:36.190Z","url":"https://stackoverflow.com/questions/68756983/how-add-and-subtract-days-using-moment-js-for-the-given-timestamp-value","component":"projection","action":"loaded","data":"projection 9 of 10"},{"timestamp":"2022-11-11T19:22:36.190Z","url":"https://stackoverflow.com/questions/72720240/perform-subtraction-in-moment-js","component":"projection","action":"loaded","data":"projection 8 of 10"},{"timestamp":"2022-11-11T19:22:36.190Z","url":"https://stackoverflow.com/questions/67649925/how-can-i-subtract-1-month-using-moment-js","component":"projection","action":"loaded","data":"projection 7 of 10"},{"timestamp":"2022-11-11T19:22:36.190Z","url":"https://stackoverflow.com/questions/41505492/how-to-subtract-one-month-using-moment-js","component":"projection","action":"loaded","data":"projection 6 of 10"},{"timestamp":"2022-11-11T19:22:36.190Z","url":"https://stackoverflow.com/questions/54019837/subtract-one-day-from-a-particular-date-using-momentjs","component":"projection","action":"loaded","data":"projection 5 of 10"},{"timestamp":"2022-11-11T19:22:36.190Z","url":"https://stackoverflow.com/questions/70794840/javascript-subtract-months-from-a-string-date-using-moment-library","component":"projection","action":"loaded","data":"projection 4 of 10"},{"timestamp":"2022-11-11T19:22:36.190Z","url":"https://stackoverflow.com/questions/49169562/how-to-subtract-time-from-current-time-momentjs","component":"projection","action":"loaded","data":"projection 3 of 10"},{"timestamp":"2022-11-11T19:22:36.190Z","url":"https://stackoverflow.com/questions/34247283/how-to-subtract-2-times-with-moment-js-then-subtract-some-minutes","component":"projection","action":"loaded","data":"projection 2 of 10"},{"timestamp":"2022-11-11T19:22:36.190Z","url":"https://stackoverflow.com/questions/61320096/javascript-moment-subtract-lunchtime-from-workhours","component":"projection","action":"loaded","data":"projection 1 of 10"}]},{"keywords":["subtract","interval","from","date"],"context":{"tokens":[{"kind":"library","value":"moment"},{"kind":"language","value":"javascript"}]},"timestamp":"2022-11-11T19:22:42.391Z","results":[{"signatures":[],"areSignaturesLoading":true,"title":"Format date and Subtract days using Moment.js - Stack Overflow","snippet":"I would like a variable to hold yesterday's date in the format DD-MM-YYYY using Moment.js. So if today is 15-04-2015, I would like to subtract a day and have 14 ...","url":"https://stackoverflow.com/questions/29651815/format-date-and-subtract-days-using-moment-js","displayLink":"https://stackoverflow.com › questions › format-date-an...","snippetHighlightWords":["date","Moment","js","subtract"]},{"signatures":[],"areSignaturesLoading":true,"title":"Moment JS - how to subtract 7 days from current date?","snippet":"You can use: moment().subtract(1,'w'). to subtract one week (7 days) from the current date. NOTE: 1. w for week 2. d for days 3. M for month 4. y for year.","url":"https://stackoverflow.com/questions/25888182/moment-js-how-to-subtract-7-days-from-current-date","displayLink":"https://stackoverflow.com › questions › moment-js-how...","snippetHighlightWords":["moment","subtract","subtract","date"]},{"signatures":[],"areSignaturesLoading":true,"title":"javascript - subtract time from date - moment js - Stack Overflow","snippet":"There is a simple function subtract which moment library gives us to subtract time from some time. Using it ...","url":"https://stackoverflow.com/questions/24428656/subtract-time-from-date-moment-js","displayLink":"https://stackoverflow.com › questions › subtract-time-fr...","snippetHighlightWords":["subtract","moment","subtract"],"date":"Jun 26, 2014"},{"signatures":[],"areSignaturesLoading":true,"title":"How to subtract 2 times with moment.js, then ... - Stack Overflow","snippet":"// parse time using 24-hour clock and use UTC to prevent DST issues var start = moment.utc(startTime, \"HH:mm\"); var end = moment.utc(endTime ...","url":"https://stackoverflow.com/questions/34247283/how-to-subtract-2-times-with-moment-js-then-subtract-some-minutes","displayLink":"https://stackoverflow.com › questions › how-to-subtract...","snippetHighlightWords":["moment","moment"],"date":"Dec 13, 2015 2 answers"},{"signatures":[],"areSignaturesLoading":true,"title":"Get hours difference between two dates in Moment Js","snippet":"Following code block shows how to calculate the difference in number of days between two dates using MomentJS. var now = moment(new Date()); //todays date ...","url":"https://stackoverflow.com/questions/25150570/get-hours-difference-between-two-dates-in-moment-js","displayLink":"https://stackoverflow.com › questions › get-hours-differ...","snippetHighlightWords":["MomentJS","moment","Date","date"]},{"signatures":[],"areSignaturesLoading":true,"title":"Moment.js Duration between Two Dates - Stack Overflow","snippet":"As stated by others in the comments, you can't format a duration as a date and since dateOne ...","url":"https://stackoverflow.com/questions/54799494/moment-js-duration-between-two-dates","displayLink":"https://stackoverflow.com › questions › moment-js-dura...","snippetHighlightWords":["date"],"date":"Feb 21, 2019"},{"signatures":[],"areSignaturesLoading":true,"title":"Subtracting hours from date string - javascript - Stack Overflow","snippet":"You can simply use moment subtract method. Here a working sample: // Current time in Shanghai var m = moment.tz('Asia/Shanghai'); ...","url":"https://stackoverflow.com/questions/43322526/subtracting-hours-from-date-string","displayLink":"https://stackoverflow.com › questions › subtracting-hou...","snippetHighlightWords":["moment subtract","moment"],"date":"Apr 10, 2017 1 answer"},{"signatures":[],"areSignaturesLoading":true,"title":"How do I subtract minutes from a date in JavaScript?","snippet":"var now = new Date(); // Sun Jan 22 2017 17:12:18 GMT+0200 ... var olderDate = moment(now).subtract(3, 'minutes').toDate(); // Sun Jan 22 2017 17:09:18 ...","url":"https://stackoverflow.com/questions/674721/how-do-i-subtract-minutes-from-a-date-in-javascript","displayLink":"https://stackoverflow.com › questions › how-do-i-subtr...","snippetHighlightWords":["Date","moment","subtract"]},{"signatures":[],"areSignaturesLoading":true,"title":"How to subtract one month using moment.js? - Stack Overflow","snippet":"Before version 2.8.0, the moment#subtract(String, Number) syntax was also supported. It has been deprecated in favor of moment#subtract(Number, String).","url":"https://stackoverflow.com/questions/41505492/how-to-subtract-one-month-using-moment-js","displayLink":"https://stackoverflow.com › questions › how-to-subtract...","snippetHighlightWords":["moment","subtract","moment","subtract"]},{"signatures":[],"areSignaturesLoading":true,"title":"JavaScript, how to create difference of date with moment.js","snippet":"var greaterThan60 = (moment().subtract('days', 60) === true) ? \"The max range for from/to date ...","url":"https://stackoverflow.com/questions/51192367/javascript-how-to-create-difference-of-date-with-moment-js","displayLink":"https://stackoverflow.com › questions › javascript-how-...","snippetHighlightWords":["moment","subtract","date"],"date":"Jul 5, 2018"}],"events":[{"timestamp":"2022-11-11T19:22:44.548Z","url":"https://stackoverflow.com/questions/29651815/format-date-and-subtract-days-using-moment-js","component":"projection","action":"load","data":{"height":59.60000228881836,"width":469.57501220703125,"wc":31,"lc":1}},{"timestamp":"2022-11-11T19:22:44.548Z","url":"https://stackoverflow.com/questions/25888182/moment-js-how-to-subtract-7-days-from-current-date","component":"projection","action":"load","data":{"height":59.60000228881836,"width":479.7562561035156,"wc":31,"lc":1}},{"timestamp":"2022-11-11T19:22:44.548Z","url":"https://stackoverflow.com/questions/24428656/subtract-time-from-date-moment-js","component":"projection","action":"load","data":{"height":37.60000228881836,"width":468.2687683105469,"wc":20,"lc":1}},{"timestamp":"2022-11-11T19:22:44.548Z","url":"https://stackoverflow.com/questions/34247283/how-to-subtract-2-times-with-moment-js-then-subtract-some-minutes","component":"projection","action":"load","data":{"height":59.60000228881836,"width":484.3187561035156,"wc":23,"lc":1}},{"timestamp":"2022-11-11T19:22:44.548Z","url":"https://stackoverflow.com/questions/25150570/get-hours-difference-between-two-dates-in-moment-js","component":"projection","action":"load","data":{"height":59.60000228881836,"width":489.0562438964844,"wc":26,"lc":1}},{"timestamp":"2022-11-11T19:22:44.548Z","url":"https://stackoverflow.com/questions/54799494/moment-js-duration-between-two-dates","component":"projection","action":"load","data":{"height":37.60000228881836,"width":455.5812683105469,"wc":19,"lc":1}},{"timestamp":"2022-11-11T19:22:44.548Z","url":"https://stackoverflow.com/questions/43322526/subtracting-hours-from-date-string","component":"projection","action":"load","data":{"height":59.60000228881836,"width":468.8374938964844,"wc":21,"lc":1}},{"timestamp":"2022-11-11T19:22:44.548Z","url":"https://stackoverflow.com/questions/674721/how-do-i-subtract-minutes-from-a-date-in-javascript","component":"projection","action":"load","data":{"height":59.60000228881836,"width":457.8125,"wc":25,"lc":1}},{"timestamp":"2022-11-11T19:22:44.548Z","url":"https://stackoverflow.com/questions/41505492/how-to-subtract-one-month-using-moment-js","component":"projection","action":"load","data":{"height":59.60000228881836,"width":487.38751220703125,"wc":19,"lc":1}},{"timestamp":"2022-11-11T19:22:44.548Z","url":"https://stackoverflow.com/questions/51192367/javascript-how-to-create-difference-of-date-with-moment-js","component":"projection","action":"load","data":{"height":37.60000228881836,"width":485.07501220703125,"wc":15,"lc":1}},{"timestamp":"2022-11-11T19:22:44.554Z","url":"https://stackoverflow.com/questions/29651815/format-date-and-subtract-days-using-moment-js","component":"projection","action":"mouseenter"},{"timestamp":"2022-11-11T19:22:45.740Z","url":"https://stackoverflow.com/questions/29651815/format-date-and-subtract-days-using-moment-js","component":"projection","action":"loaded","data":"projection 10 of 10"},{"timestamp":"2022-11-11T19:22:45.740Z","url":"https://stackoverflow.com/questions/25888182/moment-js-how-to-subtract-7-days-from-current-date","component":"projection","action":"loaded","data":"projection 9 of 10"},{"timestamp":"2022-11-11T19:22:45.740Z","url":"https://stackoverflow.com/questions/24428656/subtract-time-from-date-moment-js","component":"projection","action":"loaded","data":"projection 8 of 10"},{"timestamp":"2022-11-11T19:22:45.740Z","url":"https://stackoverflow.com/questions/34247283/how-to-subtract-2-times-with-moment-js-then-subtract-some-minutes","component":"projection","action":"loaded","data":"projection 7 of 10"},{"timestamp":"2022-11-11T19:22:45.740Z","url":"https://stackoverflow.com/questions/25150570/get-hours-difference-between-two-dates-in-moment-js","component":"projection","action":"loaded","data":"projection 6 of 10"},{"timestamp":"2022-11-11T19:22:45.740Z","url":"https://stackoverflow.com/questions/54799494/moment-js-duration-between-two-dates","component":"projection","action":"loaded","data":"projection 5 of 10"},{"timestamp":"2022-11-11T19:22:45.740Z","url":"https://stackoverflow.com/questions/43322526/subtracting-hours-from-date-string","component":"projection","action":"loaded","data":"projection 4 of 10"},{"timestamp":"2022-11-11T19:22:45.740Z","url":"https://stackoverflow.com/questions/674721/how-do-i-subtract-minutes-from-a-date-in-javascript","component":"projection","action":"loaded","data":"projection 3 of 10"},{"timestamp":"2022-11-11T19:22:45.740Z","url":"https://stackoverflow.com/questions/41505492/how-to-subtract-one-month-using-moment-js","component":"projection","action":"loaded","data":"projection 2 of 10"},{"timestamp":"2022-11-11T19:22:45.740Z","url":"https://stackoverflow.com/questions/51192367/javascript-how-to-create-difference-of-date-with-moment-js","component":"projection","action":"loaded","data":"projection 1 of 10"},{"timestamp":"2022-11-11T19:22:53.562Z","url":"https://stackoverflow.com/questions/29651815/format-date-and-subtract-days-using-moment-js","component":"page","action":"open"},{"timestamp":"2022-11-11T19:22:53.579Z","url":"https://stackoverflow.com/questions/29651815/format-date-and-subtract-days-using-moment-js","component":"projection","action":"mouseleave"},{"timestamp":"2022-11-11T19:22:54.063Z","url":"https://stackoverflow.com/questions/29651815/format-date-and-subtract-days-using-moment-js","component":"page","action":"load"},{"timestamp":"2022-11-11T19:22:56.040Z","url":"https://stackoverflow.com/questions/29651815/format-date-and-subtract-days-using-moment-js","component":"page","action":"scroll","data":{"viewport":{"x":0,"y":100,"height":573,"width":517},"document":{"height":6179,"width":500},"question":{"identifier":"29651815","top":41.056251525878906,"bottom":1081.8124771118164,"right":484.3999938964844,"left":16,"width":468.3999938964844,"height":1040.7562255859375},"answers":[{"identifier":"29652195","top":1162.0999755859375,"bottom":1999.9562377929688,"right":484.3999938964844,"left":16,"width":468.3999938964844,"height":837.8562622070312},{"identifier":"56685858","top":1999.956298828125,"bottom":2399.612548828125,"right":484.3999938964844,"left":16,"width":468.3999938964844,"height":399.65625},{"identifier":"29652077","top":2399.612548828125,"bottom":2612.881301879883,"right":484.3999938964844,"left":16,"width":468.3999938964844,"height":213.2687530517578},{"identifier":"29652091","top":2612.88134765625,"bottom":3201.53759765625,"right":484.3999938964844,"left":16,"width":468.3999938964844,"height":588.65625},{"identifier":"54794221","top":3201.53759765625,"bottom":3532.00634765625,"right":484.3999938964844,"left":16,"width":468.3999938964844,"height":330.46875},{"identifier":"29652120","top":3532.00634765625,"bottom":3942.97509765625,"right":484.3999938964844,"left":16,"width":468.3999938964844,"height":410.96875},{"identifier":"37411397","top":3942.97509765625,"bottom":4156.243850708008,"right":484.3999938964844,"left":16,"width":468.3999938964844,"height":213.2687530517578}]}},{"timestamp":"2022-11-11T19:23:00.301Z","url":"https://stackoverflow.com/questions/29651815/format-date-and-subtract-days-using-moment-js","component":"page","action":"scroll","data":{"viewport":{"x":0,"y":1200,"height":573,"width":517},"document":{"height":6179,"width":500},"question":{"identifier":"29651815","top":-1058.9437255859375,"bottom":-18.1875,"right":484.3999938964844,"left":16,"width":468.3999938964844,"height":1040.7562255859375},"answers":[{"identifier":"29652195","top":62.10000228881836,"bottom":899.9562644958496,"right":484.3999938964844,"left":16,"width":468.3999938964844,"height":837.8562622070312},{"identifier":"56685858","top":899.9562377929688,"bottom":1299.6124877929688,"right":484.3999938964844,"left":16,"width":468.3999938964844,"height":399.65625},{"identifier":"29652077","top":1299.612548828125,"bottom":1512.8813018798828,"right":484.3999938964844,"left":16,"width":468.3999938964844,"height":213.2687530517578},{"identifier":"29652091","top":1512.8812255859375,"bottom":2101.5374755859375,"right":484.3999938964844,"left":16,"width":468.3999938964844,"height":588.65625},{"identifier":"54794221","top":2101.53759765625,"bottom":2432.00634765625,"right":484.3999938964844,"left":16,"width":468.3999938964844,"height":330.46875},{"identifier":"29652120","top":2432.00634765625,"bottom":2842.97509765625,"right":484.3999938964844,"left":16,"width":468.3999938964844,"height":410.96875},{"identifier":"37411397","top":2842.97509765625,"bottom":3056.243850708008,"right":484.3999938964844,"left":16,"width":468.3999938964844,"height":213.2687530517578}]}},{"timestamp":"2022-11-11T19:23:06.215Z","url":"https://stackoverflow.com/questions/29651815/format-date-and-subtract-days-using-moment-js","component":"page","action":"selection","data":"startdate = startdate.subtract(1, \"days\");"},{"timestamp":"2022-11-11T19:23:08.407Z","url":"https://stackoverflow.com/questions/29651815/format-date-and-subtract-days-using-moment-js","component":"page","action":"selection","data":"startdate = startdate.subtract(1, \"days\");\nstartdate = startdate.format(\"DD-MM-YYYY\");"},{"timestamp":"2022-11-11T19:23:12.070Z","url":"https://stackoverflow.com/questions/29651815/format-date-and-subtract-days-using-moment-js","component":"page","action":"copy","data":"startdate = startdate.subtract(1, \"days\");\nstartdate = startdate.format(\"DD-MM-YYYY\");"}]}]}