{"trialId":"62905_2","taskId":"currency","appEvents":[{"timestamp":"2022-11-11T18:52:05.279Z","name":"search","data":"search-start"},{"timestamp":"2022-11-11T18:52:06.486Z","name":"search","data":"search-done"},{"timestamp":"2022-11-11T18:52:33.947Z","name":"resize","data":{"height":633,"width":339}},{"timestamp":"2022-11-11T18:53:14.801Z","name":"resize","data":{"height":633,"width":683}},{"timestamp":"2022-11-11T18:53:18.659Z","name":"resize","data":{"height":633,"width":663}},{"timestamp":"2022-11-11T18:53:40.104Z","name":"resize","data":{"height":633,"width":373}},{"timestamp":"2022-11-11T18:56:32.732Z","name":"resize","data":{"height":0,"width":0}},{"timestamp":"2022-11-11T18:56:41.795Z","name":"resize","data":{"height":633,"width":373}}],"searches":[{"keywords":["format","currency"],"context":{"tokens":[{"kind":"language","value":"javascript"}]},"timestamp":"2022-11-11T18:52:05.279Z","results":[{"signatures":[],"areSignaturesLoading":true,"title":"How to format numbers as currency strings - Stack Overflow","url":"https://stackoverflow.com/questions/149055/how-to-format-numbers-as-currency-strings","displayLink":"https://stackoverflow.com › questions › how-to-format-...","date":"Sep 29, 2008","snippet":"All you need is to add the currency symbol (e.g. \"$\" + profits.toFixed(2) ) and you will have your amount in dollars. Custom function. If you ...","snippetHighlightWords":["currency"]},{"signatures":[],"areSignaturesLoading":true,"title":"How to format numbers as currency strings - Stack Overflow","url":"https://stackoverflow.com/questions/149055/how-to-format-numbers-as-currency-strings/5681208","displayLink":"https://stackoverflow.com › questions › how-to-format-...","date":"66 answers","snippet":"I found this from: accounting.js. It's very easy and perfectly fits my need. // Default usage: accounting.formatMoney(12345678); // $12,345,678.00 ...","snippetHighlightWords":["js"]},{"signatures":[],"areSignaturesLoading":true,"title":"How do I print currency format in JavaScript - Stack Overflow","url":"https://stackoverflow.com/questions/4022171/how-do-i-print-currency-format-in-javascript","displayLink":"https://stackoverflow.com › questions › how-do-i-print-...","snippet":"I am writing a function that takes the float price and returns the formatted currency value with currency code too. like fnPrice( 1001.01 ) should print $ ...","snippetHighlightWords":["currency","currency"]},{"signatures":[],"areSignaturesLoading":true,"title":"How to format currency in JavaScript? - Stack Overflow","url":"https://stackoverflow.com/questions/64297528/how-to-format-currency-in-javascript","displayLink":"https://stackoverflow.com › questions › how-to-format-...","date":"Oct 10, 2020","snippet":"I'm beginner in JavaScript and I'm rendering a list that contains some products. The product price format comes as follows: 3800 , 4000 , 11000 ...","snippetHighlightWords":["JavaScript","format"]},{"signatures":[],"areSignaturesLoading":true,"title":"How to format currency and time in javascript - Stack Overflow","url":"https://stackoverflow.com/questions/60689698/how-to-format-currency-and-time-in-javascript","displayLink":"https://stackoverflow.com › questions › how-to-format-...","date":"Mar 15, 2020","snippet":"To format as currency, you can use Intl.NumberFormat either with or without the currency symbol. It can be used via toLocaleString:.","snippetHighlightWords":["format","currency","currency"]},{"signatures":[],"areSignaturesLoading":true,"title":"Proper JS currency format with commas and decimals","url":"https://stackoverflow.com/questions/19664926/proper-js-currency-format-with-commas-and-decimals","displayLink":"https://stackoverflow.com › questions › proper-js-curre...","date":"Oct 29, 2013","snippet":"The value that you get from text fields is of type 'string'. When you do math on simple strings Javascript will automatically coerce them to ...","snippetHighlightWords":["Javascript"]},{"signatures":[],"areSignaturesLoading":true,"title":"Currency format in euro - javascript - Stack Overflow","url":"https://stackoverflow.com/questions/69668216/currency-format-in-euro","displayLink":"https://stackoverflow.com › questions › currency-forma...","snippet":"For your onChange event on the euro currency, you want to remove the . the same way you are removing the , for the dollars, ...","snippetHighlightWords":["currency"],"extensions":["Oct 21, 2021","1 answer"]},{"signatures":[],"areSignaturesLoading":true,"title":"Javascript Function to Format as Money - Stack Overflow","url":"https://stackoverflow.com/questions/40426965/javascript-function-to-format-as-money","displayLink":"https://stackoverflow.com › questions › javascript-funct...","date":"Nov 4, 2016","snippet":"String.prototype.formatMoney = function(places, symbol, thousand, decimal) { if((this).match(/^$/) && (this).indexOf(',') != -1 && (this)."},{"signatures":[],"areSignaturesLoading":true,"title":"Format currency in JavaScript removing .00 - Stack Overflow","url":"https://stackoverflow.com/questions/46235907/format-currency-in-javascript-removing-00","displayLink":"https://stackoverflow.com › questions › format-currenc...","date":"Sep 15, 2017","snippet":"NumberFormat has the more sensible behavior of rounding away from zero as opposed to other JavaScript methods like Math.round . For example, ...","snippetHighlightWords":["JavaScript"]},{"signatures":[],"areSignaturesLoading":true,"title":"Currency formatting using Intl.NumberFormat without currency ...","url":"https://stackoverflow.com/questions/68549027/currency-formatting-using-intl-numberformat-without-currency-symbol","displayLink":"https://stackoverflow.com › questions › currency-forma...","date":"Jul 27, 2021","snippet":"I am trying to use Intl as a default currency formatter and it is almost perfect. ... I find it bizarre that I spend over an hour looking for a ...","snippetHighlightWords":["currency formatter"]}],"events":[{"timestamp":"2022-11-11T18:52:05.294Z","url":"https://stackoverflow.com/questions/149055/how-to-format-numbers-as-currency-strings","component":"projection","action":"load","data":{"height":81.5999984741211,"width":309.84375,"wc":27,"lc":1}},{"timestamp":"2022-11-11T18:52:05.295Z","url":"https://stackoverflow.com/questions/149055/how-to-format-numbers-as-currency-strings/5681208","component":"projection","action":"load","data":{"height":103.5999984741211,"width":293.3187561035156,"wc":20,"lc":1}},{"timestamp":"2022-11-11T18:52:05.295Z","url":"https://stackoverflow.com/questions/4022171/how-do-i-print-currency-format-in-javascript","component":"projection","action":"load","data":{"height":81.5999984741211,"width":310.7562561035156,"wc":28,"lc":1}},{"timestamp":"2022-11-11T18:52:05.295Z","url":"https://stackoverflow.com/questions/64297528/how-to-format-currency-in-javascript","component":"projection","action":"load","data":{"height":81.5999984741211,"width":310.5062561035156,"wc":26,"lc":1}},{"timestamp":"2022-11-11T18:52:05.295Z","url":"https://stackoverflow.com/questions/60689698/how-to-format-currency-and-time-in-javascript","component":"projection","action":"load","data":{"height":81.5999984741211,"width":309.3062438964844,"wc":21,"lc":1}},{"timestamp":"2022-11-11T18:52:05.295Z","url":"https://stackoverflow.com/questions/19664926/proper-js-currency-format-with-commas-and-decimals","component":"projection","action":"load","data":{"height":81.5999984741211,"width":303.28125,"wc":26,"lc":1}},{"timestamp":"2022-11-11T18:52:05.295Z","url":"https://stackoverflow.com/questions/69668216/currency-format-in-euro","component":"projection","action":"load","data":{"height":59.60000228881836,"width":304.9250183105469,"wc":26,"lc":1}},{"timestamp":"2022-11-11T18:52:05.295Z","url":"https://stackoverflow.com/questions/40426965/javascript-function-to-format-as-money","component":"projection","action":"load","data":{"height":81.5999984741211,"width":304.66876220703125,"wc":14,"lc":1}},{"timestamp":"2022-11-11T18:52:05.295Z","url":"https://stackoverflow.com/questions/46235907/format-currency-in-javascript-removing-00","component":"projection","action":"load","data":{"height":81.5999984741211,"width":305.8687438964844,"wc":23,"lc":1}},{"timestamp":"2022-11-11T18:52:05.295Z","url":"https://stackoverflow.com/questions/68549027/currency-formatting-using-intl-numberformat-without-currency-symbol","component":"projection","action":"load","data":{"height":81.5999984741211,"width":309.38751220703125,"wc":31,"lc":1}},{"timestamp":"2022-11-11T18:52:05.298Z","url":"https://stackoverflow.com/questions/149055/how-to-format-numbers-as-currency-strings","component":"projection","action":"mouseenter"},{"timestamp":"2022-11-11T18:52:06.486Z","url":"https://stackoverflow.com/questions/149055/how-to-format-numbers-as-currency-strings","component":"projection","action":"loaded","data":"projection 10 of 10"},{"timestamp":"2022-11-11T18:52:06.486Z","url":"https://stackoverflow.com/questions/149055/how-to-format-numbers-as-currency-strings/5681208","component":"projection","action":"loaded","data":"projection 9 of 10"},{"timestamp":"2022-11-11T18:52:06.486Z","url":"https://stackoverflow.com/questions/4022171/how-do-i-print-currency-format-in-javascript","component":"projection","action":"loaded","data":"projection 8 of 10"},{"timestamp":"2022-11-11T18:52:06.486Z","url":"https://stackoverflow.com/questions/64297528/how-to-format-currency-in-javascript","component":"projection","action":"loaded","data":"projection 7 of 10"},{"timestamp":"2022-11-11T18:52:06.486Z","url":"https://stackoverflow.com/questions/60689698/how-to-format-currency-and-time-in-javascript","component":"projection","action":"loaded","data":"projection 6 of 10"},{"timestamp":"2022-11-11T18:52:06.486Z","url":"https://stackoverflow.com/questions/19664926/proper-js-currency-format-with-commas-and-decimals","component":"projection","action":"loaded","data":"projection 5 of 10"},{"timestamp":"2022-11-11T18:52:06.486Z","url":"https://stackoverflow.com/questions/69668216/currency-format-in-euro","component":"projection","action":"loaded","data":"projection 4 of 10"},{"timestamp":"2022-11-11T18:52:06.486Z","url":"https://stackoverflow.com/questions/40426965/javascript-function-to-format-as-money","component":"projection","action":"loaded","data":"projection 3 of 10"},{"timestamp":"2022-11-11T18:52:06.486Z","url":"https://stackoverflow.com/questions/46235907/format-currency-in-javascript-removing-00","component":"projection","action":"loaded","data":"projection 2 of 10"},{"timestamp":"2022-11-11T18:52:06.486Z","url":"https://stackoverflow.com/questions/68549027/currency-formatting-using-intl-numberformat-without-currency-symbol","component":"projection","action":"loaded","data":"projection 1 of 10"},{"timestamp":"2022-11-11T18:52:08.488Z","url":"https://stackoverflow.com/questions/149055/how-to-format-numbers-as-currency-strings","component":"projection","action":"mouseleave"},{"timestamp":"2022-11-11T18:52:08.488Z","url":"https://stackoverflow.com/questions/149055/how-to-format-numbers-as-currency-strings/5681208","component":"projection","action":"mouseenter"},{"timestamp":"2022-11-11T18:52:08.655Z","url":"https://stackoverflow.com/questions/149055/how-to-format-numbers-as-currency-strings/5681208","component":"projection","action":"mouseleave"},{"timestamp":"2022-11-11T18:52:09.127Z","url":"https://stackoverflow.com/questions/149055/how-to-format-numbers-as-currency-strings/5681208","component":"projection","action":"mouseenter"},{"timestamp":"2022-11-11T18:52:10.638Z","url":"https://stackoverflow.com/questions/149055/how-to-format-numbers-as-currency-strings/5681208","component":"projection","action":"mouseleave"},{"timestamp":"2022-11-11T18:52:10.639Z","url":"https://stackoverflow.com/questions/4022171/how-do-i-print-currency-format-in-javascript","component":"projection","action":"mouseenter"},{"timestamp":"2022-11-11T18:52:10.858Z","url":"https://stackoverflow.com/questions/4022171/how-do-i-print-currency-format-in-javascript","component":"projection","action":"mouseleave"},{"timestamp":"2022-11-11T18:52:11.439Z","url":"https://stackoverflow.com/questions/4022171/how-do-i-print-currency-format-in-javascript","component":"projection","action":"mouseenter"},{"timestamp":"2022-11-11T18:52:11.538Z","url":"https://stackoverflow.com/questions/4022171/how-do-i-print-currency-format-in-javascript","component":"projection","action":"mouseleave"},{"timestamp":"2022-11-11T18:52:11.539Z","url":"https://stackoverflow.com/questions/149055/how-to-format-numbers-as-currency-strings/5681208","component":"projection","action":"mouseenter"},{"timestamp":"2022-11-11T18:52:15.662Z","url":"https://stackoverflow.com/questions/149055/how-to-format-numbers-as-currency-strings/5681208","component":"projection","action":"mouseleave"},{"timestamp":"2022-11-11T18:52:16.226Z","url":"https://stackoverflow.com/questions/149055/how-to-format-numbers-as-currency-strings/5681208","component":"projection","action":"mouseenter"},{"timestamp":"2022-11-11T18:52:18.854Z","url":"https://stackoverflow.com/questions/149055/how-to-format-numbers-as-currency-strings/5681208","component":"projection","action":"mouseleave"},{"timestamp":"2022-11-11T18:52:18.855Z","url":"https://stackoverflow.com/questions/149055/how-to-format-numbers-as-currency-strings","component":"projection","action":"mouseenter"},{"timestamp":"2022-11-11T18:52:19.230Z","url":"https://stackoverflow.com/questions/149055/how-to-format-numbers-as-currency-strings","component":"projection","action":"mouseleave"},{"timestamp":"2022-11-11T18:52:20.882Z","url":"https://stackoverflow.com/questions/149055/how-to-format-numbers-as-currency-strings","component":"projection","action":"mouseenter"},{"timestamp":"2022-11-11T18:52:20.937Z","url":"https://stackoverflow.com/questions/149055/how-to-format-numbers-as-currency-strings","component":"projection","action":"mouseleave"},{"timestamp":"2022-11-11T18:52:23.437Z","url":"https://stackoverflow.com/questions/149055/how-to-format-numbers-as-currency-strings","component":"projection","action":"mouseenter"},{"timestamp":"2022-11-11T18:52:27.004Z","url":"https://stackoverflow.com/questions/149055/how-to-format-numbers-as-currency-strings","component":"projection","action":"mouseleave"},{"timestamp":"2022-11-11T18:52:27.004Z","url":"https://stackoverflow.com/questions/149055/how-to-format-numbers-as-currency-strings/5681208","component":"projection","action":"mouseenter"},{"timestamp":"2022-11-11T18:52:27.174Z","url":"https://stackoverflow.com/questions/149055/how-to-format-numbers-as-currency-strings/5681208","component":"projection","action":"mouseleave"},{"timestamp":"2022-11-11T18:52:35.059Z","url":"https://stackoverflow.com/questions/149055/how-to-format-numbers-as-currency-strings/5681208","component":"projection","action":"mouseenter"},{"timestamp":"2022-11-11T18:52:35.136Z","url":"https://stackoverflow.com/questions/149055/how-to-format-numbers-as-currency-strings/5681208","component":"projection","action":"mouseleave"},{"timestamp":"2022-11-11T18:52:35.137Z","url":"https://stackoverflow.com/questions/149055/how-to-format-numbers-as-currency-strings","component":"projection","action":"mouseenter"},{"timestamp":"2022-11-11T18:52:36.007Z","url":"https://stackoverflow.com/questions/149055/how-to-format-numbers-as-currency-strings","component":"page","action":"open"},{"timestamp":"2022-11-11T18:52:36.025Z","url":"https://stackoverflow.com/questions/149055/how-to-format-numbers-as-currency-strings","component":"projection","action":"mouseleave"},{"timestamp":"2022-11-11T18:52:36.959Z","url":"https://stackoverflow.com/questions/149055/how-to-format-numbers-as-currency-strings","component":"page","action":"load"},{"timestamp":"2022-11-11T18:52:40.050Z","url":"https://stackoverflow.com/questions/149055/how-to-format-numbers-as-currency-strings","component":"page","action":"scroll","data":{"viewport":{"x":0,"y":1500,"height":573,"width":335},"document":{"height":45016,"width":318},"question":{"identifier":"149055","top":-1336.5625,"bottom":11.6875,"right":302.3999938964844,"left":16,"width":286.3999938964844,"height":1348.25},"answers":[{"identifier":"16233919","top":128.97500610351562,"bottom":2896.2687072753906,"right":302.3999938964844,"left":16,"width":286.3999938964844,"height":2767.293701171875},{"identifier":"149099","top":2896.268798828125,"bottom":6353.44384765625,"right":302.3999938964844,"left":16,"width":286.3999938964844,"height":3457.175048828125},{"identifier":"14428340","top":6353.44384765625,"bottom":9281.47509765625,"right":302.3999938964844,"left":16,"width":286.3999938964844,"height":2928.03125},{"identifier":"149107","top":9281.4755859375,"bottom":11321.606811523438,"right":302.3999938964844,"left":16,"width":286.3999938964844,"height":2040.1312255859375},{"identifier":"2866613","top":11321.6064453125,"bottom":13781.906494140625,"right":302.3999938964844,"left":16,"width":286.3999938964844,"height":2460.300048828125},{"identifier":"26745078","top":13781.90625,"bottom":14832.456298828125,"right":302.3999938964844,"left":16,"width":286.3999938964844,"height":1050.550048828125},{"identifier":"7266497","top":14832.4560546875,"bottom":15729.406066894531,"right":302.3999938964844,"left":16,"width":286.3999938964844,"height":896.9500122070312},{"identifier":"9318724","top":15729.40625,"bottom":16967.856323242188,"right":302.3999938964844,"left":16,"width":286.3999938964844,"height":1238.4500732421875},{"identifier":"5342097","top":16967.857421875,"bottom":18152.907470703125,"right":302.3999938964844,"left":16,"width":286.3999938964844,"height":1185.050048828125},{"identifier":"18994850","top":18152.90625,"bottom":19424.65625,"right":302.3999938964844,"left":16,"width":286.3999938964844,"height":1271.75},{"identifier":"9318723","top":19424.65625,"bottom":20044.70623779297,"right":302.3999938964844,"left":16,"width":286.3999938964844,"height":620.0499877929688},{"identifier":"68536579","top":20044.70703125,"bottom":20651.338317871094,"right":302.3999938964844,"left":16,"width":286.3999938964844,"height":606.6312866210938},{"identifier":"149150","top":20651.337890625,"bottom":21648.78790283203,"right":302.3999938964844,"left":16,"width":286.3999938964844,"height":997.4500122070312},{"identifier":"12698339","top":21648.787109375,"bottom":22441.23712158203,"right":302.3999938964844,"left":16,"width":286.3999938964844,"height":792.4500122070312},{"identifier":"40079019","top":22441.23828125,"bottom":24413.888305664062,"right":302.3999938964844,"left":16,"width":286.3999938964844,"height":1972.6500244140625},{"identifier":"6787083","top":24413.888671875,"bottom":25280.738708496094,"right":302.3999938964844,"left":16,"width":286.3999938964844,"height":866.8500366210938},{"identifier":"6715476","top":25280.73828125,"bottom":26187.93829345703,"right":302.3999938964844,"left":16,"width":286.3999938964844,"height":907.2000122070312},{"identifier":"8726353","top":26187.9375,"bottom":26729.98748779297,"right":302.3999938964844,"left":16,"width":286.3999938964844,"height":542.0499877929688},{"identifier":"11270819","top":26729.98828125,"bottom":28319.338256835938,"right":302.3999938964844,"left":16,"width":286.3999938964844,"height":1589.3499755859375},{"identifier":"149080","top":28319.337890625,"bottom":29168.587890625,"right":302.3999938964844,"left":16,"width":286.3999938964844,"height":849.25},{"identifier":"60877747","top":29168.587890625,"bottom":29669.737884521484,"right":302.3999938964844,"left":16,"width":286.3999938964844,"height":501.1499938964844},{"identifier":"1323064","top":29669.73828125,"bottom":31477.188354492188,"right":302.3999938964844,"left":16,"width":286.3999938964844,"height":1807.4500732421875},{"identifier":"10168573","top":31477.1875,"bottom":32293.13751220703,"right":302.3999938964844,"left":16,"width":286.3999938964844,"height":815.9500122070312},{"identifier":"9327950","top":32293.138671875,"bottom":32887.08868408203,"right":302.3999938964844,"left":16,"width":286.3999938964844,"height":593.9500122070312},{"identifier":"149120","top":32887.08984375,"bottom":33572.53985595703,"right":302.3999938964844,"left":16,"width":286.3999938964844,"height":685.4500122070312},{"identifier":"12698442","top":33572.5390625,"bottom":34062.98907470703,"right":302.3999938964844,"left":16,"width":286.3999938964844,"height":490.45001220703125},{"identifier":"3284302","top":34062.98828125,"bottom":35372.73828125,"right":302.3999938964844,"left":16,"width":286.3999938964844,"height":1309.75},{"identifier":"14735423","top":35372.73828125,"bottom":36428.68835449219,"right":302.3999938964844,"left":16,"width":286.3999938964844,"height":1055.9500732421875},{"identifier":"54274936","top":36428.6875,"bottom":36934.037506103516,"right":302.3999938964844,"left":16,"width":286.3999938964844,"height":505.3500061035156},{"identifier":"23717185","top":36934.0390625,"bottom":41022.689208984375,"right":302.3999938964844,"left":16,"width":286.3999938964844,"height":4088.650146484375}]}},{"timestamp":"2022-11-11T18:52:41.138Z","url":"https://stackoverflow.com/questions/149055/how-to-format-numbers-as-currency-strings","component":"page","action":"scroll","data":{"viewport":{"x":0,"y":1700,"height":573,"width":335},"document":{"height":45016,"width":318},"question":{"identifier":"149055","top":-1536.5625,"bottom":-188.3125,"right":302.3999938964844,"left":16,"width":286.3999938964844,"height":1348.25},"answers":[{"identifier":"16233919","top":-71.0250015258789,"bottom":2696.268699645996,"right":302.3999938964844,"left":16,"width":286.3999938964844,"height":2767.293701171875},{"identifier":"149099","top":2696.268798828125,"bottom":6153.44384765625,"right":302.3999938964844,"left":16,"width":286.3999938964844,"height":3457.175048828125},{"identifier":"14428340","top":6153.44384765625,"bottom":9081.47509765625,"right":302.3999938964844,"left":16,"width":286.3999938964844,"height":2928.03125},{"identifier":"149107","top":9081.4755859375,"bottom":11121.606811523438,"right":302.3999938964844,"left":16,"width":286.3999938964844,"height":2040.1312255859375},{"identifier":"2866613","top":11121.6064453125,"bottom":13581.906494140625,"right":302.3999938964844,"left":16,"width":286.3999938964844,"height":2460.300048828125},{"identifier":"26745078","top":13581.90625,"bottom":14632.456298828125,"right":302.3999938964844,"left":16,"width":286.3999938964844,"height":1050.550048828125},{"identifier":"7266497","top":14632.4560546875,"bottom":15529.406066894531,"right":302.3999938964844,"left":16,"width":286.3999938964844,"height":896.9500122070312},{"identifier":"9318724","top":15529.40625,"bottom":16767.856323242188,"right":302.3999938964844,"left":16,"width":286.3999938964844,"height":1238.4500732421875},{"identifier":"5342097","top":16767.857421875,"bottom":17952.907470703125,"right":302.3999938964844,"left":16,"width":286.3999938964844,"height":1185.050048828125},{"identifier":"18994850","top":17952.90625,"bottom":19224.65625,"right":302.3999938964844,"left":16,"width":286.3999938964844,"height":1271.75},{"identifier":"9318723","top":19224.65625,"bottom":19844.70623779297,"right":302.3999938964844,"left":16,"width":286.3999938964844,"height":620.0499877929688},{"identifier":"68536579","top":19844.70703125,"bottom":20451.338317871094,"right":302.3999938964844,"left":16,"width":286.3999938964844,"height":606.6312866210938},{"identifier":"149150","top":20451.337890625,"bottom":21448.78790283203,"right":302.3999938964844,"left":16,"width":286.3999938964844,"height":997.4500122070312},{"identifier":"12698339","top":21448.787109375,"bottom":22241.23712158203,"right":302.3999938964844,"left":16,"width":286.3999938964844,"height":792.4500122070312},{"identifier":"40079019","top":22241.23828125,"bottom":24213.888305664062,"right":302.3999938964844,"left":16,"width":286.3999938964844,"height":1972.6500244140625},{"identifier":"6787083","top":24213.888671875,"bottom":25080.738708496094,"right":302.3999938964844,"left":16,"width":286.3999938964844,"height":866.8500366210938},{"identifier":"6715476","top":25080.73828125,"bottom":25987.93829345703,"right":302.3999938964844,"left":16,"width":286.3999938964844,"height":907.2000122070312},{"identifier":"8726353","top":25987.9375,"bottom":26529.98748779297,"right":302.3999938964844,"left":16,"width":286.3999938964844,"height":542.0499877929688},{"identifier":"11270819","top":26529.98828125,"bottom":28119.338256835938,"right":302.3999938964844,"left":16,"width":286.3999938964844,"height":1589.3499755859375},{"identifier":"149080","top":28119.337890625,"bottom":28968.587890625,"right":302.3999938964844,"left":16,"width":286.3999938964844,"height":849.25},{"identifier":"60877747","top":28968.587890625,"bottom":29469.737884521484,"right":302.3999938964844,"left":16,"width":286.3999938964844,"height":501.1499938964844},{"identifier":"1323064","top":29469.73828125,"bottom":31277.188354492188,"right":302.3999938964844,"left":16,"width":286.3999938964844,"height":1807.4500732421875},{"identifier":"10168573","top":31277.1875,"bottom":32093.13751220703,"right":302.3999938964844,"left":16,"width":286.3999938964844,"height":815.9500122070312},{"identifier":"9327950","top":32093.138671875,"bottom":32687.08868408203,"right":302.3999938964844,"left":16,"width":286.3999938964844,"height":593.9500122070312},{"identifier":"149120","top":32687.087890625,"bottom":33372.53790283203,"right":302.3999938964844,"left":16,"width":286.3999938964844,"height":685.4500122070312},{"identifier":"12698442","top":33372.5390625,"bottom":33862.98907470703,"right":302.3999938964844,"left":16,"width":286.3999938964844,"height":490.45001220703125},{"identifier":"3284302","top":33862.98828125,"bottom":35172.73828125,"right":302.3999938964844,"left":16,"width":286.3999938964844,"height":1309.75},{"identifier":"14735423","top":35172.73828125,"bottom":36228.68835449219,"right":302.3999938964844,"left":16,"width":286.3999938964844,"height":1055.9500732421875},{"identifier":"54274936","top":36228.6875,"bottom":36734.037506103516,"right":302.3999938964844,"left":16,"width":286.3999938964844,"height":505.3500061035156},{"identifier":"23717185","top":36734.0390625,"bottom":40822.689208984375,"right":302.3999938964844,"left":16,"width":286.3999938964844,"height":4088.650146484375}]}},{"timestamp":"2022-11-11T18:53:06.855Z","url":"https://stackoverflow.com/questions/149055/how-to-format-numbers-as-currency-strings","component":"page","action":"selection","data":"// Create our number formatter.\nconst formatter = new Intl.NumberFormat('en-US', {\n  style: 'currency',\n  currency: 'USD',\n\n  // These options are needed to round to whole numbers if that's what you want.\n  //minimumFractionDigits: 0, // (this suffices for whole numbers, but will print 2500.10 as $2,500.1)\n  //maximumFractionDigits: 0, // (causes 2500.99 to be printed as $2,501)\n});\n\nconsole.log(formatter.format(2500)); /* $2,500.00 */"},{"timestamp":"2022-11-11T18:53:13.664Z","url":"https://stackoverflow.com/questions/149055/how-to-format-numbers-as-currency-strings","component":"page","action":"scroll","data":{"viewport":{"x":0,"y":1029.199951171875,"height":573,"width":677},"document":{"height":36108,"width":660},"question":{"identifier":"149055","top":-874.2999877929688,"bottom":45.1875,"right":644.3999938964844,"left":181,"width":463.3999938964844,"height":919.4874877929688},"answers":[{"identifier":"16233919","top":142.78750610351562,"bottom":2112.3500061035156,"right":644.3999938964844,"left":181,"width":463.3999938964844,"height":1969.5625},{"identifier":"149099","top":2112.35009765625,"bottom":4885.150146484375,"right":644.3999938964844,"left":181,"width":463.3999938964844,"height":2772.800048828125},{"identifier":"14428340","top":4885.14990234375,"bottom":7145.9375,"right":644.3999938964844,"left":181,"width":463.3999938964844,"height":2260.78759765625},{"identifier":"149107","top":7145.9375,"bottom":8683.606323242188,"right":644.3999938964844,"left":181,"width":463.3999938964844,"height":1537.6688232421875},{"identifier":"2866613","top":8683.6064453125,"bottom":10463.843994140625,"right":644.3999938964844,"left":181,"width":463.3999938964844,"height":1780.237548828125},{"identifier":"26745078","top":10463.84375,"bottom":11206.331237792969,"right":644.3999938964844,"left":181,"width":463.3999938964844,"height":742.4874877929688},{"identifier":"7266497","top":11206.3310546875,"bottom":11822.418579101562,"right":644.3999938964844,"left":181,"width":463.3999938964844,"height":616.0875244140625},{"identifier":"9318724","top":11822.4189453125,"bottom":12790.6064453125,"right":644.3999938964844,"left":181,"width":463.3999938964844,"height":968.1875},{"identifier":"5342097","top":12790.6064453125,"bottom":13721.193969726562,"right":644.3999938964844,"left":181,"width":463.3999938964844,"height":930.5875244140625},{"identifier":"18994850","top":13721.1943359375,"bottom":14671.3818359375,"right":644.3999938964844,"left":181,"width":463.3999938964844,"height":950.1875},{"identifier":"9318723","top":14671.3818359375,"bottom":15132.269348144531,"right":644.3999938964844,"left":181,"width":463.3999938964844,"height":460.88751220703125},{"identifier":"68536579","top":15132.2685546875,"bottom":15643.312316894531,"right":644.3999938964844,"left":181,"width":463.3999938964844,"height":511.04376220703125},{"identifier":"149150","top":15643.3125,"bottom":16401.600036621094,"right":644.3999938964844,"left":181,"width":463.3999938964844,"height":758.2875366210938},{"identifier":"12698339","top":16401.599609375,"bottom":16949.58709716797,"right":644.3999938964844,"left":181,"width":463.3999938964844,"height":547.9874877929688},{"identifier":"40079019","top":16949.587890625,"bottom":18592.075439453125,"right":644.3999938964844,"left":181,"width":463.3999938964844,"height":1642.487548828125},{"identifier":"6787083","top":18592.076171875,"bottom":19179.06365966797,"right":644.3999938964844,"left":181,"width":463.3999938964844,"height":586.9874877929688},{"identifier":"6715476","top":19179.0625,"bottom":19817,"right":644.3999938964844,"left":181,"width":463.3999938964844,"height":637.9375},{"identifier":"8726353","top":19817,"bottom":20296.587493896484,"right":644.3999938964844,"left":181,"width":463.3999938964844,"height":479.5874938964844},{"identifier":"11270819","top":20296.587890625,"bottom":21423.675415039062,"right":644.3999938964844,"left":181,"width":463.3999938964844,"height":1127.0875244140625},{"identifier":"149080","top":21423.67578125,"bottom":22192.263305664062,"right":644.3999938964844,"left":181,"width":463.3999938964844,"height":768.5875244140625},{"identifier":"60877747","top":22192.263671875,"bottom":22769.232421875,"right":644.3999938964844,"left":181,"width":463.3999938964844,"height":576.96875},{"identifier":"1323064","top":22769.232421875,"bottom":24473.519897460938,"right":644.3999938964844,"left":181,"width":463.3999938964844,"height":1704.2874755859375},{"identifier":"10168573","top":24473.51953125,"bottom":25176.307067871094,"right":644.3999938964844,"left":181,"width":463.3999938964844,"height":702.7875366210938},{"identifier":"9327950","top":25176.306640625,"bottom":25624.19415283203,"right":644.3999938964844,"left":181,"width":463.3999938964844,"height":447.88751220703125},{"identifier":"149120","top":25624.193359375,"bottom":26269.68084716797,"right":644.3999938964844,"left":181,"width":463.3999938964844,"height":645.4874877929688},{"identifier":"12698442","top":26269.681640625,"bottom":26715.869140625,"right":644.3999938964844,"left":181,"width":463.3999938964844,"height":446.1875},{"identifier":"3284302","top":26715.869140625,"bottom":27719.956665039062,"right":644.3999938964844,"left":181,"width":463.3999938964844,"height":1004.0875244140625},{"identifier":"14735423","top":27719.95703125,"bottom":28529.14453125,"right":644.3999938964844,"left":181,"width":463.3999938964844,"height":809.1875},{"identifier":"54274936","top":28529.14453125,"bottom":28958.132049560547,"right":644.3999938964844,"left":181,"width":463.3999938964844,"height":428.9875183105469},{"identifier":"23717185","top":28958.130859375,"bottom":32806.868408203125,"right":644.3999938964844,"left":181,"width":463.3999938964844,"height":3848.737548828125}]}},{"timestamp":"2022-11-11T18:53:20.686Z","url":"https://stackoverflow.com/questions/149055/how-to-format-numbers-as-currency-strings","component":"page","action":"scroll","data":{"viewport":{"x":0,"y":1129.199951171875,"height":573,"width":659},"document":{"height":36422,"width":642},"question":{"identifier":"149055","top":-974.2999877929688,"bottom":-36.61248779296875,"right":626.3999938964844,"left":181,"width":445.3999938964844,"height":937.6875},"answers":[{"identifier":"16233919","top":60.98749923706055,"bottom":2058.750072479248,"right":626.3999938964844,"left":181,"width":445.3999938964844,"height":1997.7625732421875},{"identifier":"149099","top":2058.75,"bottom":4849.75,"right":626.3999938964844,"left":181,"width":445.3999938964844,"height":2791},{"identifier":"14428340","top":4849.75,"bottom":7133.03759765625,"right":626.3999938964844,"left":181,"width":445.3999938964844,"height":2283.28759765625},{"identifier":"149107","top":7133.03759765625,"bottom":8698.906372070312,"right":626.3999938964844,"left":181,"width":445.3999938964844,"height":1565.8687744140625},{"identifier":"2866613","top":8698.90625,"bottom":10478.743774414062,"right":626.3999938964844,"left":181,"width":445.3999938964844,"height":1779.8375244140625},{"identifier":"26745078","top":10478.744140625,"bottom":11239.431640625,"right":626.3999938964844,"left":181,"width":445.3999938964844,"height":760.6875},{"identifier":"7266497","top":11239.431640625,"bottom":11855.519165039062,"right":626.3999938964844,"left":181,"width":445.3999938964844,"height":616.0875244140625},{"identifier":"9318724","top":11855.5185546875,"bottom":12823.7060546875,"right":626.3999938964844,"left":181,"width":445.3999938964844,"height":968.1875},{"identifier":"5342097","top":12823.7060546875,"bottom":13782.093566894531,"right":626.3999938964844,"left":181,"width":445.3999938964844,"height":958.3875122070312},{"identifier":"18994850","top":13782.09375,"bottom":14754.78125,"right":626.3999938964844,"left":181,"width":445.3999938964844,"height":972.6875},{"identifier":"9318723","top":14754.78125,"bottom":15233.868743896484,"right":626.3999938964844,"left":181,"width":445.3999938964844,"height":479.0874938964844},{"identifier":"68536579","top":15233.869140625,"bottom":15744.912902832031,"right":626.3999938964844,"left":181,"width":445.3999938964844,"height":511.04376220703125},{"identifier":"149150","top":15744.9130859375,"bottom":16503.200622558594,"right":626.3999938964844,"left":181,"width":445.3999938964844,"height":758.2875366210938},{"identifier":"12698339","top":16503.201171875,"bottom":17069.388671875,"right":626.3999938964844,"left":181,"width":445.3999938964844,"height":566.1875},{"identifier":"40079019","top":17069.388671875,"bottom":18730.076171875,"right":626.3999938964844,"left":181,"width":445.3999938964844,"height":1660.6875},{"identifier":"6787083","top":18730.076171875,"bottom":19317.06365966797,"right":626.3999938964844,"left":181,"width":445.3999938964844,"height":586.9874877929688},{"identifier":"6715476","top":19317.0625,"bottom":19977.5,"right":626.3999938964844,"left":181,"width":445.3999938964844,"height":660.4375},{"identifier":"8726353","top":19977.5,"bottom":20457.087493896484,"right":626.3999938964844,"left":181,"width":445.3999938964844,"height":479.5874938964844},{"identifier":"11270819","top":20457.087890625,"bottom":21584.575439453125,"right":626.3999938964844,"left":181,"width":445.3999938964844,"height":1127.487548828125},{"identifier":"149080","top":21584.576171875,"bottom":22353.163696289062,"right":626.3999938964844,"left":181,"width":445.3999938964844,"height":768.5875244140625},{"identifier":"60877747","top":22353.162109375,"bottom":22920.21209716797,"right":626.3999938964844,"left":181,"width":445.3999938964844,"height":567.0499877929688},{"identifier":"1323064","top":22920.212890625,"bottom":24624.500366210938,"right":626.3999938964844,"left":181,"width":445.3999938964844,"height":1704.2874755859375},{"identifier":"10168573","top":24624.5,"bottom":25327.287536621094,"right":626.3999938964844,"left":181,"width":445.3999938964844,"height":702.7875366210938},{"identifier":"9327950","top":25327.287109375,"bottom":25793.374603271484,"right":626.3999938964844,"left":181,"width":445.3999938964844,"height":466.0874938964844},{"identifier":"149120","top":25793.375,"bottom":26438.86248779297,"right":626.3999938964844,"left":181,"width":445.3999938964844,"height":645.4874877929688},{"identifier":"12698442","top":26438.86328125,"bottom":26885.05078125,"right":626.3999938964844,"left":181,"width":445.3999938964844,"height":446.1875},{"identifier":"3284302","top":26885.05078125,"bottom":27934.138305664062,"right":626.3999938964844,"left":181,"width":445.3999938964844,"height":1049.0875244140625},{"identifier":"14735423","top":27934.138671875,"bottom":28743.326171875,"right":626.3999938964844,"left":181,"width":445.3999938964844,"height":809.1875},{"identifier":"54274936","top":28743.326171875,"bottom":29172.313690185547,"right":626.3999938964844,"left":181,"width":445.3999938964844,"height":428.9875183105469},{"identifier":"23717185","top":29172.3125,"bottom":33021.050048828125,"right":626.3999938964844,"left":181,"width":445.3999938964844,"height":3848.737548828125}]}},{"timestamp":"2022-11-11T18:53:29.917Z","url":"https://stackoverflow.com/questions/149055/how-to-format-numbers-as-currency-strings","component":"page","action":"scroll","data":{"viewport":{"x":0,"y":1029.199951171875,"height":573,"width":659},"document":{"height":36422,"width":642},"question":{"identifier":"149055","top":-874.2999877929688,"bottom":63.38751220703125,"right":626.3999938964844,"left":181,"width":445.3999938964844,"height":937.6875},"answers":[{"identifier":"16233919","top":160.9875030517578,"bottom":2158.7500762939453,"right":626.3999938964844,"left":181,"width":445.3999938964844,"height":1997.7625732421875},{"identifier":"149099","top":2158.75,"bottom":4949.75,"right":626.3999938964844,"left":181,"width":445.3999938964844,"height":2791},{"identifier":"14428340","top":4949.75,"bottom":7233.03759765625,"right":626.3999938964844,"left":181,"width":445.3999938964844,"height":2283.28759765625},{"identifier":"149107","top":7233.03759765625,"bottom":8798.906372070312,"right":626.3999938964844,"left":181,"width":445.3999938964844,"height":1565.8687744140625},{"identifier":"2866613","top":8798.90625,"bottom":10578.743774414062,"right":626.3999938964844,"left":181,"width":445.3999938964844,"height":1779.8375244140625},{"identifier":"26745078","top":10578.744140625,"bottom":11339.431640625,"right":626.3999938964844,"left":181,"width":445.3999938964844,"height":760.6875},{"identifier":"7266497","top":11339.431640625,"bottom":11955.519165039062,"right":626.3999938964844,"left":181,"width":445.3999938964844,"height":616.0875244140625},{"identifier":"9318724","top":11955.5185546875,"bottom":12923.7060546875,"right":626.3999938964844,"left":181,"width":445.3999938964844,"height":968.1875},{"identifier":"5342097","top":12923.7060546875,"bottom":13882.093566894531,"right":626.3999938964844,"left":181,"width":445.3999938964844,"height":958.3875122070312},{"identifier":"18994850","top":13882.09375,"bottom":14854.78125,"right":626.3999938964844,"left":181,"width":445.3999938964844,"height":972.6875},{"identifier":"9318723","top":14854.78125,"bottom":15333.868743896484,"right":626.3999938964844,"left":181,"width":445.3999938964844,"height":479.0874938964844},{"identifier":"68536579","top":15333.869140625,"bottom":15844.912902832031,"right":626.3999938964844,"left":181,"width":445.3999938964844,"height":511.04376220703125},{"identifier":"149150","top":15844.9130859375,"bottom":16603.200622558594,"right":626.3999938964844,"left":181,"width":445.3999938964844,"height":758.2875366210938},{"identifier":"12698339","top":16603.201171875,"bottom":17169.388671875,"right":626.3999938964844,"left":181,"width":445.3999938964844,"height":566.1875},{"identifier":"40079019","top":17169.388671875,"bottom":18830.076171875,"right":626.3999938964844,"left":181,"width":445.3999938964844,"height":1660.6875},{"identifier":"6787083","top":18830.076171875,"bottom":19417.06365966797,"right":626.3999938964844,"left":181,"width":445.3999938964844,"height":586.9874877929688},{"identifier":"6715476","top":19417.0625,"bottom":20077.5,"right":626.3999938964844,"left":181,"width":445.3999938964844,"height":660.4375},{"identifier":"8726353","top":20077.5,"bottom":20557.087493896484,"right":626.3999938964844,"left":181,"width":445.3999938964844,"height":479.5874938964844},{"identifier":"11270819","top":20557.087890625,"bottom":21684.575439453125,"right":626.3999938964844,"left":181,"width":445.3999938964844,"height":1127.487548828125},{"identifier":"149080","top":21684.576171875,"bottom":22453.163696289062,"right":626.3999938964844,"left":181,"width":445.3999938964844,"height":768.5875244140625},{"identifier":"60877747","top":22453.162109375,"bottom":23020.21209716797,"right":626.3999938964844,"left":181,"width":445.3999938964844,"height":567.0499877929688},{"identifier":"1323064","top":23020.212890625,"bottom":24724.500366210938,"right":626.3999938964844,"left":181,"width":445.3999938964844,"height":1704.2874755859375},{"identifier":"10168573","top":24724.5,"bottom":25427.287536621094,"right":626.3999938964844,"left":181,"width":445.3999938964844,"height":702.7875366210938},{"identifier":"9327950","top":25427.287109375,"bottom":25893.374603271484,"right":626.3999938964844,"left":181,"width":445.3999938964844,"height":466.0874938964844},{"identifier":"149120","top":25893.375,"bottom":26538.86248779297,"right":626.3999938964844,"left":181,"width":445.3999938964844,"height":645.4874877929688},{"identifier":"12698442","top":26538.86328125,"bottom":26985.05078125,"right":626.3999938964844,"left":181,"width":445.3999938964844,"height":446.1875},{"identifier":"3284302","top":26985.05078125,"bottom":28034.138305664062,"right":626.3999938964844,"left":181,"width":445.3999938964844,"height":1049.0875244140625},{"identifier":"14735423","top":28034.138671875,"bottom":28843.326171875,"right":626.3999938964844,"left":181,"width":445.3999938964844,"height":809.1875},{"identifier":"54274936","top":28843.326171875,"bottom":29272.313690185547,"right":626.3999938964844,"left":181,"width":445.3999938964844,"height":428.9875183105469},{"identifier":"23717185","top":29272.3125,"bottom":33121.050048828125,"right":626.3999938964844,"left":181,"width":445.3999938964844,"height":3848.737548828125}]}},{"timestamp":"2022-11-11T18:53:36.687Z","url":"https://stackoverflow.com/questions/149055/how-to-format-numbers-as-currency-strings","component":"page","action":"selection","data":"const formatter = new Intl.NumberFormat('en-US', {\n  style: 'currency',\n  currency: 'USD',\n\n  // These options are needed to round to whole numbers if that's what you want.\n  //minimumFractionDigits: 0, // (this suffices for whole numbers, but will print 2500.10 as $2,500.1)\n  //maximumFractionDigits: 0, // (causes 2500.99 to be printed as $2,501)\n});"},{"timestamp":"2022-11-11T18:53:36.751Z","url":"https://stackoverflow.com/questions/149055/how-to-format-numbers-as-currency-strings","component":"page","action":"copy","data":"const formatter = new Intl.NumberFormat('en-US', {\n  style: 'currency',\n  currency: 'USD',\n\n  // These options are needed to round to whole numbers if that's what you want.\n  //minimumFractionDigits: 0, // (this suffices for whole numbers, but will print 2500.10 as $2,500.1)\n  //maximumFractionDigits: 0, // (causes 2500.99 to be printed as $2,501)\n});"},{"timestamp":"2022-11-11T18:53:40.116Z","url":"https://stackoverflow.com/questions/149055/how-to-format-numbers-as-currency-strings","component":"page","action":"scroll","data":{"viewport":{"x":0,"y":1534,"height":573,"width":369},"document":{"height":42122,"width":352},"question":{"identifier":"149055","top":-1370.5625,"bottom":-117.6124267578125,"right":336.3999938964844,"left":16,"width":320.3999938964844,"height":1252.9500732421875},"answers":[{"identifier":"16233919","top":-0.32500001788139343,"bottom":2491.6688964664936,"right":336.3999938964844,"left":16,"width":320.3999938964844,"height":2491.993896484375},{"identifier":"149099","top":2491.668701171875,"bottom":5685.85009765625,"right":336.3999938964844,"left":16,"width":320.3999938964844,"height":3194.181396484375},{"identifier":"14428340","top":5685.85009765625,"bottom":8385.281494140625,"right":336.3999938964844,"left":16,"width":320.3999938964844,"height":2699.431396484375},{"identifier":"149107","top":8385.28125,"bottom":10248.712524414062,"right":336.3999938964844,"left":16,"width":320.3999938964844,"height":1863.4312744140625},{"identifier":"2866613","top":10248.712890625,"bottom":12477.712890625,"right":336.3999938964844,"left":16,"width":320.3999938964844,"height":2229},{"identifier":"26745078","top":12477.712890625,"bottom":13410.062927246094,"right":336.3999938964844,"left":16,"width":320.3999938964844,"height":932.3500366210938},{"identifier":"7266497","top":13410.0625,"bottom":14197.8125,"right":336.3999938964844,"left":16,"width":320.3999938964844,"height":787.75},{"identifier":"9318724","top":14197.8125,"bottom":15354.862548828125,"right":336.3999938964844,"left":16,"width":320.3999938964844,"height":1157.050048828125},{"identifier":"5342097","top":15354.8623046875,"bottom":16462.812377929688,"right":336.3999938964844,"left":16,"width":320.3999938964844,"height":1107.9500732421875},{"identifier":"18994850","top":16462.8125,"bottom":17661.762573242188,"right":336.3999938964844,"left":16,"width":320.3999938964844,"height":1198.9500732421875},{"identifier":"9318723","top":17661.763671875,"bottom":18227.21368408203,"right":336.3999938964844,"left":16,"width":320.3999938964844,"height":565.4500122070312},{"identifier":"68536579","top":18227.212890625,"bottom":18794.750427246094,"right":336.3999938964844,"left":16,"width":320.3999938964844,"height":567.5375366210938},{"identifier":"149150","top":18794.75,"bottom":19733.29998779297,"right":336.3999938964844,"left":16,"width":320.3999938964844,"height":938.5499877929688},{"identifier":"12698339","top":19733.30078125,"bottom":20434.75079345703,"right":336.3999938964844,"left":16,"width":320.3999938964844,"height":701.4500122070312},{"identifier":"40079019","top":20434.75,"bottom":22312.099975585938,"right":336.3999938964844,"left":16,"width":320.3999938964844,"height":1877.3499755859375},{"identifier":"6787083","top":22312.099609375,"bottom":23101.849609375,"right":336.3999938964844,"left":16,"width":320.3999938964844,"height":789.75},{"identifier":"6715476","top":23101.849609375,"bottom":23964.04962158203,"right":336.3999938964844,"left":16,"width":320.3999938964844,"height":862.2000122070312},{"identifier":"8726353","top":23964.05078125,"bottom":24506.10076904297,"right":336.3999938964844,"left":16,"width":320.3999938964844,"height":542.0499877929688},{"identifier":"11270819","top":24506.099609375,"bottom":25941.249633789062,"right":336.3999938964844,"left":16,"width":320.3999938964844,"height":1435.1500244140625},{"identifier":"149080","top":25941.25,"bottom":26790.5,"right":336.3999938964844,"left":16,"width":320.3999938964844,"height":849.25},{"identifier":"60877747","top":26790.5,"bottom":27310.400024414062,"right":336.3999938964844,"left":16,"width":320.3999938964844,"height":519.9000244140625},{"identifier":"1323064","top":27310.400390625,"bottom":29077.150390625,"right":336.3999938964844,"left":16,"width":320.3999938964844,"height":1766.75},{"identifier":"10168573","top":29077.150390625,"bottom":29874.900390625,"right":336.3999938964844,"left":16,"width":320.3999938964844,"height":797.75},{"identifier":"9327950","top":29874.900390625,"bottom":30450.250427246094,"right":336.3999938964844,"left":16,"width":320.3999938964844,"height":575.3500366210938},{"identifier":"149120","top":30450.25,"bottom":31135.70001220703,"right":336.3999938964844,"left":16,"width":320.3999938964844,"height":685.4500122070312},{"identifier":"12698442","top":31135.701171875,"bottom":31603.65118408203,"right":336.3999938964844,"left":16,"width":320.3999938964844,"height":467.95001220703125},{"identifier":"3284302","top":31603.650390625,"bottom":32782.700439453125,"right":336.3999938964844,"left":16,"width":320.3999938964844,"height":1179.050048828125},{"identifier":"14735423","top":32782.69921875,"bottom":33793.64923095703,"right":336.3999938964844,"left":16,"width":320.3999938964844,"height":1010.9500122070312},{"identifier":"54274936","top":33793.65234375,"bottom":34280.802337646484,"right":336.3999938964844,"left":16,"width":320.3999938964844,"height":487.1499938964844},{"identifier":"23717185","top":34280.80078125,"bottom":38269.850830078125,"right":336.3999938964844,"left":16,"width":320.3999938964844,"height":3989.050048828125}]}}]}]}