{"id":"62905_2","conditions":[{"taskId":2,"taskName":"find","enableFragments":false,"enableContext":true,"showContext":false,"provideSearchTerms":true,"sequence":3},{"taskId":1,"taskName":"currency","enableFragments":false,"enableContext":true,"showContext":false,"provideSearchTerms":true,"sequence":4},{"taskId":4,"taskName":"sort","enableFragments":true,"enableContext":true,"showContext":true,"provideSearchTerms":true,"sequence":5},{"taskId":3,"taskName":"clone","enableFragments":true,"enableContext":true,"showContext":true,"provideSearchTerms":true,"sequence":6},{"taskId":6,"taskName":"serve","enableFragments":true,"enableContext":true,"showContext":true,"provideSearchTerms":false,"sequence":7},{"taskId":5,"taskName":"recent","enableFragments":false,"enableContext":false,"showContext":false,"provideSearchTerms":false,"sequence":8}],"activeTaskId":"recent","tasks":[{"id":"pre-study"},{"enableFragments":true,"enableContext":true,"showContext":true,"provideSearchTerms":true,"contextOverride":[{"source":"src/tutorial.js","name":"sumTradedShares","position":{"start":397,"end":545},"variables":[],"parameters":[{"source":"src/tutorial.js","name":"trades","position":{"start":429,"end":435},"type":{"name":"Trade[]"}}],"returnType":"number"}],"id":"tutorial","startTime":"2022-11-11T18:38:53.583Z","duration":479086,"timer":{"startTime":"2022-11-11T18:42:02.514Z","endTime":"2022-11-11T18:47:03.445Z"},"endTime":"2022-11-11T18:47:03.445Z"},{"enableFragments":false,"enableContext":true,"showContext":false,"contextOverride":[{"source":"src/currency.js","name":"printCurrency","position":{"start":593,"end":782},"variables":[],"parameters":[{"source":"src/currency.js","name":"amount","position":{"start":623,"end":629},"type":{"name":"number"}},{"source":"src/currency.js","name":"locale","position":{"start":631,"end":637},"type":{"name":"string"}},{"source":"src/currency.js","name":"currency","position":{"start":639,"end":647},"type":{"name":"string"}}],"returnType":"string"}],"provideSearchTerms":true,"searchTerms":"format currency","id":"currency","startTime":"2022-11-11T18:51:40.649Z","timer":{"startTime":"2022-11-11T18:51:40.649Z","endTime":"2022-11-11T18:54:54.456Z"},"duration":192239,"data":{"Q1":"5","Q2":"I was able to find the relevant code snippet easily using the Scout tool. It saved me time compared to not using the tool.","Q3":"The search results seemed optimum for this particular task","Q4":"I did not search outside of the IDE."},"endTime":"2022-11-11T18:56:24.884Z"},{"enableFragments":false,"enableContext":true,"showContext":false,"contextOverride":[{"source":"src/find.js","name":"getTradeById","position":{"start":286,"end":506},"variables":[],"parameters":[{"source":"src/find.js","name":"trades","position":{"start":315,"end":321},"type":{"name":"Trade[]"}},{"source":"src/find.js","name":"id","position":{"start":323,"end":325},"type":{"name":"number"}}],"returnType":"Trade"}],"provideSearchTerms":true,"searchTerms":"find item in array by value","id":"find","startTime":"2022-11-11T18:47:10.147Z","timer":{"startTime":"2022-11-11T18:47:10.147Z","endTime":"2022-11-11T18:49:47.433Z"},"duration":156149,"data":{"Q1":"5","Q2":"I was easily able to put in a search term and get a relevant answer with a code sample using the scout tool. ","Q3":"","Q4":""},"endTime":"2022-11-11T18:51:31.396Z"},{"enableFragments":true,"enableContext":true,"showContext":true,"contextOverride":[{"source":"src/clone.js","name":"cloneTradeLedger","position":{"start":239,"end":406},"variables":[],"parameters":[{"source":"src/clone.js","name":"trades","position":{"start":272,"end":278},"type":{"name":"Trade[]"}}],"returnType":"Trade[]"}],"provideSearchTerms":true,"searchTerms":"clone array","id":"clone","startTime":"2022-11-11T19:07:24.695Z","timer":{"startTime":"2022-11-11T19:07:24.695Z","endTime":"2022-11-11T19:10:00.337Z"},"duration":154507,"data":{"Q1":"4","Q2":"The selection of results using Scout were useful in getting a code snippet. The first one I tried (using JSON.stringify....) did not work. The second (using the map function and Object.Assign) did.  The slice option was quite a bit further done the search results.","Q3":"Again, it might have been more useful to list the results on the basis of the simplest code snippet.","Q4":"I did not search outside the IDE."},"endTime":"2022-11-11T19:12:19.985Z"},{"enableFragments":true,"enableContext":true,"showContext":true,"contextOverride":[{"source":"src/sort.js","name":"sortTradesByShareCount","position":{"start":285,"end":524},"variables":[],"parameters":[{"source":"src/sort.js","name":"trades","position":{"start":324,"end":330},"type":{"name":"Trade[]"}}],"returnType":"Trade[]"}],"provideSearchTerms":true,"searchTerms":"sort array of objects descending","id":"sort","startTime":"2022-11-11T18:56:34.892Z","timer":{"startTime":"2022-11-11T18:56:34.892Z","endTime":"2022-11-11T19:02:43.677Z"},"duration":359857,"data":{"Q1":"3","Q2":"I made some typos in the code (i.e. 'traeds' instead of 'trades') and also didn't replace the name of the array in the sample code snippet quickly. This used up most of my time. Finding a relevant code sample seemed straightforward enough using Scout. However, due to time wasted on the above I could not tell for sure if the sample I used would have worked. The sample solution you have provided was the next option which is what I would have tried if I had more time.","Q3":"It might have been more useful if the simpler code snippets were at the top of the search results.","Q4":"I did not search outside of the IDE."},"endTime":"2022-11-11T19:07:14.541Z"},{"enableFragments":false,"enableContext":false,"showContext":false,"contextOverride":[],"provideSearchTerms":false,"searchTerms":"","id":"recent","startTime":"2022-11-11T19:21:47.102Z","timer":{"startTime":"2022-11-11T19:21:47.103Z","endTime":"2022-11-11T19:24:44.288Z"},"duration":175133,"data":{"Q1":"4","Q2":"I got relevant search results using Scout. The first one returned gave me the code snippet I needed so the experience was good.","Q3":"In this case, it worked well for me.","Q4":"I did not search outside of the IDE."},"endTime":"2022-11-11T19:26:03.229Z"},{"enableFragments":true,"enableContext":true,"showContext":true,"contextOverride":[{"source":"src/serve.js","name":"express","position":{"start":7,"end":14},"module":{"name":"express","position":{"start":20,"end":29}},"references":[{"start":181,"end":188}]},{"source":"src/serve.js","name":"path","position":{"start":38,"end":42},"module":{"name":"path","position":{"start":48,"end":54}},"references":[]},{"source":"src/serve.js","name":"setup","position":{"start":193,"end":290},"variables":[],"parameters":[],"returnType":"void"}],"provideSearchTerms":false,"searchTerms":"","id":"serve","startTime":"2022-11-11T19:12:30.652Z","timer":{"startTime":"2022-11-11T19:12:30.652Z","endTime":"2022-11-11T19:19:37.253Z"},"duration":419634,"data":{"Q1":"3","Q2":"I liked the fact that there were a number of relevant search items returned. However, it seemed difficult to determine exactly what part of the code snippet I needed to use. I think I got close with my attempt, however I would have needed more time.","Q3":"The search results were good, but I needed more time.","Q4":"I did not search outside of the IDE"},"endTime":"2022-11-11T19:21:36.158Z"},{"id":"post-study"}],"activations":["2022-11-11T18:37:34.893Z"]}