{"numFailedTestSuites":1,"numFailedTests":3,"numPassedTestSuites":0,"numPassedTests":0,"numPendingTestSuites":0,"numPendingTests":0,"numRuntimeErrorTestSuites":0,"numTodoTests":0,"numTotalTestSuites":1,"numTotalTests":3,"openHandles":[],"snapshot":{"added":0,"didUpdate":false,"failure":false,"filesAdded":0,"filesRemoved":0,"filesRemovedList":[],"filesUnmatched":0,"filesUpdated":0,"matched":0,"total":0,"unchecked":0,"uncheckedKeysByFile":[],"unmatched":0,"updated":0},"startTime":1668028106793,"success":false,"testResults":[{"assertionResults":[{"ancestorTitles":["printCurrency()"],"failureMessages":["Error: \u001b[2mexpect(\u001b[22m\u001b[31mreceived\u001b[39m\u001b[2m).\u001b[22mtoBe\u001b[2m(\u001b[22m\u001b[32mexpected\u001b[39m\u001b[2m) // Object.is equality\u001b[22m\n\nExpected: \u001b[32m\"\u001b[7m¥\u001b[27m50\"\u001b[39m\nReceived: \u001b[31m\"\u001b[7mJPY\u001b[27m50\"\u001b[39m\n    at Object.<anonymous> (/workspaces/30065_1/test/currency.test.js:7:24)\n    at Promise.then.completed (/workspaces/30065_1/node_modules/jest-circus/build/utils.js:391:28)\n    at new Promise (<anonymous>)\n    at callAsyncCircusFn (/workspaces/30065_1/node_modules/jest-circus/build/utils.js:316:10)\n    at _callCircusTest (/workspaces/30065_1/node_modules/jest-circus/build/run.js:218:40)\n    at processTicksAndRejections (node:internal/process/task_queues:96:5)\n    at _runTest (/workspaces/30065_1/node_modules/jest-circus/build/run.js:155:3)\n    at _runTestsForDescribeBlock (/workspaces/30065_1/node_modules/jest-circus/build/run.js:66:9)\n    at _runTestsForDescribeBlock (/workspaces/30065_1/node_modules/jest-circus/build/run.js:60:9)\n    at run (/workspaces/30065_1/node_modules/jest-circus/build/run.js:25:3)"],"fullName":"printCurrency() Should format amount as Yen in en-US locale","location":null,"status":"failed","title":"Should format amount as Yen in en-US locale"},{"ancestorTitles":["printCurrency()"],"failureMessages":["Error: \u001b[2mexpect(\u001b[22m\u001b[31mreceived\u001b[39m\u001b[2m).\u001b[22mtoBe\u001b[2m(\u001b[22m\u001b[32mexpected\u001b[39m\u001b[2m) // Object.is equality\u001b[22m\n\nExpected: \u001b[32m\"£5,000.00\"\u001b[39m\nReceived: \u001b[31m\"5000 GBP\"\u001b[39m\n    at Object.<anonymous> (/workspaces/30065_1/test/currency.test.js:12:24)\n    at Promise.then.completed (/workspaces/30065_1/node_modules/jest-circus/build/utils.js:391:28)\n    at new Promise (<anonymous>)\n    at callAsyncCircusFn (/workspaces/30065_1/node_modules/jest-circus/build/utils.js:316:10)\n    at _callCircusTest (/workspaces/30065_1/node_modules/jest-circus/build/run.js:218:40)\n    at processTicksAndRejections (node:internal/process/task_queues:96:5)\n    at _runTest (/workspaces/30065_1/node_modules/jest-circus/build/run.js:155:3)\n    at _runTestsForDescribeBlock (/workspaces/30065_1/node_modules/jest-circus/build/run.js:66:9)\n    at _runTestsForDescribeBlock (/workspaces/30065_1/node_modules/jest-circus/build/run.js:60:9)\n    at run (/workspaces/30065_1/node_modules/jest-circus/build/run.js:25:3)"],"fullName":"printCurrency() Should format amount as sterling in en-UK locale","location":null,"status":"failed","title":"Should format amount as sterling in en-UK locale"},{"ancestorTitles":["printCurrency()"],"failureMessages":["Error: \u001b[2mexpect(\u001b[22m\u001b[31mreceived\u001b[39m\u001b[2m).\u001b[22mtoBe\u001b[2m(\u001b[22m\u001b[32mexpected\u001b[39m\u001b[2m) // Object.is equality\u001b[22m\n\nExpected: \u001b[32m\"5\u001b[7m \u001b[27m000\u001b[7m,00 £\u001b[27mGB\"\u001b[39m\nReceived: \u001b[31m\"5000\u001b[7m \u001b[27mGB\u001b[7mP\u001b[27m\"\u001b[39m\n    at Object.<anonymous> (/workspaces/30065_1/test/currency.test.js:17:24)\n    at Promise.then.completed (/workspaces/30065_1/node_modules/jest-circus/build/utils.js:391:28)\n    at new Promise (<anonymous>)\n    at callAsyncCircusFn (/workspaces/30065_1/node_modules/jest-circus/build/utils.js:316:10)\n    at _callCircusTest (/workspaces/30065_1/node_modules/jest-circus/build/run.js:218:40)\n    at processTicksAndRejections (node:internal/process/task_queues:96:5)\n    at _runTest (/workspaces/30065_1/node_modules/jest-circus/build/run.js:155:3)\n    at _runTestsForDescribeBlock (/workspaces/30065_1/node_modules/jest-circus/build/run.js:66:9)\n    at _runTestsForDescribeBlock (/workspaces/30065_1/node_modules/jest-circus/build/run.js:60:9)\n    at run (/workspaces/30065_1/node_modules/jest-circus/build/run.js:25:3)"],"fullName":"printCurrency() Should format amount as sterling in fr-FR locale","location":null,"status":"failed","title":"Should format amount as sterling in fr-FR locale"}],"endTime":1668028107185,"message":"\u001b[1m\u001b[31m  \u001b[1m● \u001b[22m\u001b[1mprintCurrency() › Should format amount as Yen in en-US locale\u001b[39m\u001b[22m\n\n    \u001b[2mexpect(\u001b[22m\u001b[31mreceived\u001b[39m\u001b[2m).\u001b[22mtoBe\u001b[2m(\u001b[22m\u001b[32mexpected\u001b[39m\u001b[2m) // Object.is equality\u001b[22m\n\n    Expected: \u001b[32m\"\u001b[7m¥\u001b[27m50\"\u001b[39m\n    Received: \u001b[31m\"\u001b[7mJPY\u001b[27m50\"\u001b[39m\n\u001b[2m\u001b[22m\n\u001b[2m    \u001b[0m \u001b[90m  5 |\u001b[39m     it(\u001b[32m\"Should format amount as Yen in en-US locale\"\u001b[39m\u001b[33m,\u001b[39m () \u001b[33m=>\u001b[39m {\u001b[0m\u001b[22m\n\u001b[2m    \u001b[0m \u001b[90m  6 |\u001b[39m         \u001b[36mconst\u001b[39m result \u001b[33m=\u001b[39m printCurrency(\u001b[35m50\u001b[39m\u001b[33m,\u001b[39m \u001b[32m\"en-US\"\u001b[39m\u001b[33m,\u001b[39m \u001b[32m\"JPY\"\u001b[39m)\u001b[33m;\u001b[39m\u001b[0m\u001b[22m\n\u001b[2m    \u001b[0m\u001b[31m\u001b[1m>\u001b[22m\u001b[2m\u001b[39m\u001b[90m  7 |\u001b[39m         expect(result)\u001b[33m.\u001b[39mtoBe(\u001b[32m\"¥50\"\u001b[39m)\u001b[33m;\u001b[39m\u001b[0m\u001b[22m\n\u001b[2m    \u001b[0m \u001b[90m    |\u001b[39m                        \u001b[31m\u001b[1m^\u001b[22m\u001b[2m\u001b[39m\u001b[0m\u001b[22m\n\u001b[2m    \u001b[0m \u001b[90m  8 |\u001b[39m     })\u001b[33m;\u001b[39m\u001b[0m\u001b[22m\n\u001b[2m    \u001b[0m \u001b[90m  9 |\u001b[39m\u001b[0m\u001b[22m\n\u001b[2m    \u001b[0m \u001b[90m 10 |\u001b[39m     it(\u001b[32m\"Should format amount as sterling in en-UK locale\"\u001b[39m\u001b[33m,\u001b[39m () \u001b[33m=>\u001b[39m {\u001b[0m\u001b[22m\n\u001b[2m\u001b[22m\n\u001b[2m      \u001b[2mat Object.<anonymous> (\u001b[22m\u001b[2m\u001b[0m\u001b[36mtest/currency.test.js\u001b[39m\u001b[0m\u001b[2m:7:24)\u001b[22m\u001b[2m\u001b[22m\n\n\u001b[1m\u001b[31m  \u001b[1m● \u001b[22m\u001b[1mprintCurrency() › Should format amount as sterling in en-UK locale\u001b[39m\u001b[22m\n\n    \u001b[2mexpect(\u001b[22m\u001b[31mreceived\u001b[39m\u001b[2m).\u001b[22mtoBe\u001b[2m(\u001b[22m\u001b[32mexpected\u001b[39m\u001b[2m) // Object.is equality\u001b[22m\n\n    Expected: \u001b[32m\"£5,000.00\"\u001b[39m\n    Received: \u001b[31m\"5000 GBP\"\u001b[39m\n\u001b[2m\u001b[22m\n\u001b[2m    \u001b[0m \u001b[90m 10 |\u001b[39m     it(\u001b[32m\"Should format amount as sterling in en-UK locale\"\u001b[39m\u001b[33m,\u001b[39m () \u001b[33m=>\u001b[39m {\u001b[0m\u001b[22m\n\u001b[2m    \u001b[0m \u001b[90m 11 |\u001b[39m         \u001b[36mconst\u001b[39m result \u001b[33m=\u001b[39m printCurrency(\u001b[35m5000\u001b[39m\u001b[33m,\u001b[39m \u001b[32m\"en-UK\"\u001b[39m\u001b[33m,\u001b[39m \u001b[32m\"GBP\"\u001b[39m)\u001b[33m;\u001b[39m\u001b[0m\u001b[22m\n\u001b[2m    \u001b[0m\u001b[31m\u001b[1m>\u001b[22m\u001b[2m\u001b[39m\u001b[90m 12 |\u001b[39m         expect(result)\u001b[33m.\u001b[39mtoBe(\u001b[32m\"£5,000.00\"\u001b[39m)\u001b[33m;\u001b[39m\u001b[0m\u001b[22m\n\u001b[2m    \u001b[0m \u001b[90m    |\u001b[39m                        \u001b[31m\u001b[1m^\u001b[22m\u001b[2m\u001b[39m\u001b[0m\u001b[22m\n\u001b[2m    \u001b[0m \u001b[90m 13 |\u001b[39m     })\u001b[33m;\u001b[39m\u001b[0m\u001b[22m\n\u001b[2m    \u001b[0m \u001b[90m 14 |\u001b[39m\u001b[0m\u001b[22m\n\u001b[2m    \u001b[0m \u001b[90m 15 |\u001b[39m     it(\u001b[32m\"Should format amount as sterling in fr-FR locale\"\u001b[39m\u001b[33m,\u001b[39m () \u001b[33m=>\u001b[39m {\u001b[0m\u001b[22m\n\u001b[2m\u001b[22m\n\u001b[2m      \u001b[2mat Object.<anonymous> (\u001b[22m\u001b[2m\u001b[0m\u001b[36mtest/currency.test.js\u001b[39m\u001b[0m\u001b[2m:12:24)\u001b[22m\u001b[2m\u001b[22m\n\n\u001b[1m\u001b[31m  \u001b[1m● \u001b[22m\u001b[1mprintCurrency() › Should format amount as sterling in fr-FR locale\u001b[39m\u001b[22m\n\n    \u001b[2mexpect(\u001b[22m\u001b[31mreceived\u001b[39m\u001b[2m).\u001b[22mtoBe\u001b[2m(\u001b[22m\u001b[32mexpected\u001b[39m\u001b[2m) // Object.is equality\u001b[22m\n\n    Expected: \u001b[32m\"5\u001b[7m \u001b[27m000\u001b[7m,00 £\u001b[27mGB\"\u001b[39m\n    Received: \u001b[31m\"5000\u001b[7m \u001b[27mGB\u001b[7mP\u001b[27m\"\u001b[39m\n\u001b[2m\u001b[22m\n\u001b[2m    \u001b[0m \u001b[90m 15 |\u001b[39m     it(\u001b[32m\"Should format amount as sterling in fr-FR locale\"\u001b[39m\u001b[33m,\u001b[39m () \u001b[33m=>\u001b[39m {\u001b[0m\u001b[22m\n\u001b[2m    \u001b[0m \u001b[90m 16 |\u001b[39m         \u001b[36mconst\u001b[39m result \u001b[33m=\u001b[39m printCurrency(\u001b[35m5000\u001b[39m\u001b[33m,\u001b[39m \u001b[32m\"fr-FR\"\u001b[39m\u001b[33m,\u001b[39m \u001b[32m\"GBP\"\u001b[39m)\u001b[33m;\u001b[39m\u001b[0m\u001b[22m\n\u001b[2m    \u001b[0m\u001b[31m\u001b[1m>\u001b[22m\u001b[2m\u001b[39m\u001b[90m 17 |\u001b[39m         expect(result)\u001b[33m.\u001b[39mtoBe(\u001b[32m\"5 000,00\\u00A0£GB\"\u001b[39m)\u001b[33m;\u001b[39m\u001b[0m\u001b[22m\n\u001b[2m    \u001b[0m \u001b[90m    |\u001b[39m                        \u001b[31m\u001b[1m^\u001b[22m\u001b[2m\u001b[39m\u001b[0m\u001b[22m\n\u001b[2m    \u001b[0m \u001b[90m 18 |\u001b[39m     })\u001b[33m;\u001b[39m\u001b[0m\u001b[22m\n\u001b[2m    \u001b[0m \u001b[90m 19 |\u001b[39m })\u001b[33m;\u001b[39m\u001b[0m\u001b[22m\n\u001b[2m\u001b[22m\n\u001b[2m      \u001b[2mat Object.<anonymous> (\u001b[22m\u001b[2m\u001b[0m\u001b[36mtest/currency.test.js\u001b[39m\u001b[0m\u001b[2m:17:24)\u001b[22m\u001b[2m\u001b[22m\n","name":"/workspaces/30065_1/test/currency.test.js","startTime":1668028106820,"status":"failed","summary":""}],"wasInterrupted":false}