{"trialId":"30065_1","taskId":"clone","appEvents":[{"timestamp":"2022-11-09T21:16:30.178Z","name":"search","data":"search-start"},{"timestamp":"2022-11-09T21:16:31.406Z","name":"search","data":"search-done"}],"searches":[{"keywords":["clone","array"],"context":{"tokens":[{"kind":"language","value":"javascript"}]},"timestamp":"2022-11-09T21:16:30.177Z","results":[{"signatures":[],"areSignaturesLoading":true,"title":"Fastest way to duplicate an array in JavaScript - slice vs. 'for ...","url":"https://stackoverflow.com/questions/3978492/fastest-way-to-duplicate-an-array-in-javascript-slice-vs-for-loop","displayLink":"https://stackoverflow.com › questions › fastest-way-to-d...","snippet":"There are at least 6 (!) ways to clone an array: loop; slice; Array.from(); concat; spread operator (FASTEST); map A.map(function(e){return ...","snippetHighlightWords":["clone","array","Array"],"extensions":["Oct 20, 2010","25 answers"]},{"signatures":[],"areSignaturesLoading":true,"title":"How to clone a Javascript Array of Objects? - Stack Overflow","url":"https://stackoverflow.com/questions/42523881/how-to-clone-a-javascript-array-of-objects","displayLink":"https://stackoverflow.com › questions › how-to-clone-a...","date":"Mar 1, 2017","snippet":"How to clone a Javascript Array of Objects? · use slice(0) . Example: clonedArray = originalArray.slice(0) it will create a new array. – Gerardo.","snippetHighlightWords":["clone","Javascript Array","clonedArray","originalArray","array"]},{"signatures":[],"areSignaturesLoading":true,"title":"How to clone an array and push new value in a chain?","url":"https://stackoverflow.com/questions/57222470/how-to-clone-an-array-and-push-new-value-in-a-chain","displayLink":"https://stackoverflow.com › questions › how-to-clone-a...","snippet":"If you absolutely want to enforce the chaining, you can create your own function on the array prototype. (You should understand its ...","snippetHighlightWords":["array"],"extensions":["Jul 26, 2019","3 answers"]},{"signatures":[],"areSignaturesLoading":true,"title":"Make clone of array (not copy of reference) and modify the ...","url":"https://stackoverflow.com/questions/62861485/make-clone-of-array-not-copy-of-reference-and-modify-the-new-array","displayLink":"https://stackoverflow.com › questions › make-clone-of-...","date":"Jul 12, 2020","snippet":"in javascript, clonedArray=originalArray just creates a reference == the same array. you can overcome this/\"clone\" a simple array by:","snippetHighlightWords":["javascript","clonedArray","originalArray","array","clone","array"]},{"signatures":[],"areSignaturesLoading":true,"title":"Splice method used on a copy of an array of objects","url":"https://stackoverflow.com/questions/67176299/splice-method-used-on-a-copy-of-an-array-of-objects","displayLink":"https://stackoverflow.com › questions › splice-method-...","date":"Apr 20, 2021","snippet":"Only the cloned array is modified. The spread operator shouldn't make a shallow copy of the initial array, and force me to deep clone all ...","snippetHighlightWords":["cloned array","array","clone"]},{"signatures":[],"areSignaturesLoading":true,"title":"Cloning an array in Javascript/Typescript - Stack Overflow","url":"https://stackoverflow.com/questions/44808882/cloning-an-array-in-javascript-typescript","displayLink":"https://stackoverflow.com › questions › cloning-an-arra...","date":"15 answers","snippet":"Clone an object: const myClonedObject = Object.assign({}, myObject);. Clone an Array: Option 1 if you have an array of primitive types:.","snippetHighlightWords":["Clone","Clone","Array","array"]},{"signatures":[],"areSignaturesLoading":true,"title":"JavaScript deep copy an array containing nested objects ...","url":"https://stackoverflow.com/questions/53273218/javascript-deep-copy-an-array-containing-nested-objects-arrays-functions","displayLink":"https://stackoverflow.com › questions › javascript-deep-...","snippet":"Edit- You can use the solution below or just import Lodash and use this https://lodash.com/docs/#cloneDeep. I'm answering my own question ...","snippetHighlightWords":["cloneDeep"],"extensions":["Nov 13, 2018","3 answers"]},{"signatures":[],"areSignaturesLoading":true,"title":"Why my code to clone an array doesn't work JavaScript","url":"https://stackoverflow.com/questions/68764568/why-my-code-to-clone-an-array-doesnt-work-javascript","displayLink":"https://stackoverflow.com › questions › why-my-code-t...","snippet":"When you start, each row of the array is empty. So initialise it to an empty row of array: for (let x = 0; x < arr.length; ...","snippetHighlightWords":["array","array"],"extensions":["Aug 12, 2021","3 answers"]},{"signatures":[],"areSignaturesLoading":true,"title":"How do you clone an array of objects in JavaScript?","url":"https://stackoverflow.com/questions/597588/how-do-you-clone-an-array-of-objects-in-javascript","displayLink":"https://stackoverflow.com › questions › how-do-you-cl...","snippet":"Creating a deep copy with structuredClone. The modern way to deep copy an array in JavaScript is to use structuredClone:","snippetHighlightWords":["structuredClone","array","JavaScript","structuredClone"],"extensions":["Feb 28, 2009","38 answers"]},{"signatures":[],"areSignaturesLoading":true,"title":"javascript - how to clone Array without reference [duplicate]","url":"https://stackoverflow.com/questions/48219487/javascript-how-to-clone-array-without-reference","displayLink":"https://stackoverflow.com › questions › javascript-how-...","snippet":"By using this method we can create a copy of an array. Please check the below example. Credits to this SO Answer. let original = [ [1, 2], ...","snippetHighlightWords":["array"],"extensions":["Jan 12, 2018","1 answer"]}],"events":[{"timestamp":"2022-11-09T21:16:30.237Z","url":"https://stackoverflow.com/questions/3978492/fastest-way-to-duplicate-an-array-in-javascript-slice-vs-for-loop","component":"projection","action":"load","data":{"height":82,"width":253.76666259765625,"wc":21,"lc":1}},{"timestamp":"2022-11-09T21:16:30.238Z","url":"https://stackoverflow.com/questions/42523881/how-to-clone-a-javascript-array-of-objects","component":"projection","action":"load","data":{"height":82,"width":269.566650390625,"wc":24,"lc":1}},{"timestamp":"2022-11-09T21:16:30.238Z","url":"https://stackoverflow.com/questions/57222470/how-to-clone-an-array-and-push-new-value-in-a-chain","component":"projection","action":"load","data":{"height":82,"width":269.5,"wc":23,"lc":1}},{"timestamp":"2022-11-09T21:16:30.238Z","url":"https://stackoverflow.com/questions/62861485/make-clone-of-array-not-copy-of-reference-and-modify-the-new-array","component":"projection","action":"load","data":{"height":82.80000305175781,"width":273.20001220703125,"wc":19,"lc":1}},{"timestamp":"2022-11-09T21:16:30.238Z","url":"https://stackoverflow.com/questions/67176299/splice-method-used-on-a-copy-of-an-array-of-objects","component":"projection","action":"load","data":{"height":82,"width":278.3666687011719,"wc":26,"lc":1}},{"timestamp":"2022-11-09T21:16:30.238Z","url":"https://stackoverflow.com/questions/44808882/cloning-an-array-in-javascript-typescript","component":"projection","action":"load","data":{"height":82,"width":276.5333251953125,"wc":21,"lc":1}},{"timestamp":"2022-11-09T21:16:30.238Z","url":"https://stackoverflow.com/questions/53273218/javascript-deep-copy-an-array-containing-nested-objects-arrays-functions","component":"projection","action":"load","data":{"height":82,"width":271.51666259765625,"wc":21,"lc":1}},{"timestamp":"2022-11-09T21:16:30.238Z","url":"https://stackoverflow.com/questions/68764568/why-my-code-to-clone-an-array-doesnt-work-javascript","component":"projection","action":"load","data":{"height":60,"width":253.6999969482422,"wc":28,"lc":1}},{"timestamp":"2022-11-09T21:16:30.238Z","url":"https://stackoverflow.com/questions/597588/how-do-you-clone-an-array-of-objects-in-javascript","component":"projection","action":"load","data":{"height":60,"width":281.91668701171875,"wc":20,"lc":1}},{"timestamp":"2022-11-09T21:16:30.238Z","url":"https://stackoverflow.com/questions/48219487/javascript-how-to-clone-array-without-reference","component":"projection","action":"load","data":{"height":82,"width":270.1499938964844,"wc":29,"lc":1}},{"timestamp":"2022-11-09T21:16:31.010Z","url":"https://stackoverflow.com/questions/3978492/fastest-way-to-duplicate-an-array-in-javascript-slice-vs-for-loop","component":"projection","action":"mouseenter"},{"timestamp":"2022-11-09T21:16:31.405Z","url":"https://stackoverflow.com/questions/3978492/fastest-way-to-duplicate-an-array-in-javascript-slice-vs-for-loop","component":"projection","action":"loaded","data":"projection 10 of 10"},{"timestamp":"2022-11-09T21:16:31.405Z","url":"https://stackoverflow.com/questions/42523881/how-to-clone-a-javascript-array-of-objects","component":"projection","action":"loaded","data":"projection 9 of 10"},{"timestamp":"2022-11-09T21:16:31.405Z","url":"https://stackoverflow.com/questions/57222470/how-to-clone-an-array-and-push-new-value-in-a-chain","component":"projection","action":"loaded","data":"projection 8 of 10"},{"timestamp":"2022-11-09T21:16:31.405Z","url":"https://stackoverflow.com/questions/62861485/make-clone-of-array-not-copy-of-reference-and-modify-the-new-array","component":"projection","action":"loaded","data":"projection 7 of 10"},{"timestamp":"2022-11-09T21:16:31.405Z","url":"https://stackoverflow.com/questions/67176299/splice-method-used-on-a-copy-of-an-array-of-objects","component":"projection","action":"loaded","data":"projection 6 of 10"},{"timestamp":"2022-11-09T21:16:31.405Z","url":"https://stackoverflow.com/questions/44808882/cloning-an-array-in-javascript-typescript","component":"projection","action":"loaded","data":"projection 5 of 10"},{"timestamp":"2022-11-09T21:16:31.405Z","url":"https://stackoverflow.com/questions/53273218/javascript-deep-copy-an-array-containing-nested-objects-arrays-functions","component":"projection","action":"loaded","data":"projection 4 of 10"},{"timestamp":"2022-11-09T21:16:31.406Z","url":"https://stackoverflow.com/questions/68764568/why-my-code-to-clone-an-array-doesnt-work-javascript","component":"projection","action":"loaded","data":"projection 3 of 10"},{"timestamp":"2022-11-09T21:16:31.406Z","url":"https://stackoverflow.com/questions/597588/how-do-you-clone-an-array-of-objects-in-javascript","component":"projection","action":"loaded","data":"projection 2 of 10"},{"timestamp":"2022-11-09T21:16:31.406Z","url":"https://stackoverflow.com/questions/48219487/javascript-how-to-clone-array-without-reference","component":"projection","action":"loaded","data":"projection 1 of 10"},{"timestamp":"2022-11-09T21:16:35.512Z","url":"https://stackoverflow.com/questions/3978492/fastest-way-to-duplicate-an-array-in-javascript-slice-vs-for-loop","component":"page","action":"open"},{"timestamp":"2022-11-09T21:16:35.548Z","url":"https://stackoverflow.com/questions/3978492/fastest-way-to-duplicate-an-array-in-javascript-slice-vs-for-loop","component":"projection","action":"mouseleave"},{"timestamp":"2022-11-09T21:16:36.742Z","url":"https://stackoverflow.com/questions/3978492/fastest-way-to-duplicate-an-array-in-javascript-slice-vs-for-loop","component":"page","action":"load"},{"timestamp":"2022-11-09T21:16:38.417Z","url":"https://stackoverflow.com/questions/3978492/fastest-way-to-duplicate-an-array-in-javascript-slice-vs-for-loop","component":"page","action":"scroll","data":{"viewport":{"x":0,"y":105.5999984741211,"height":595,"width":323},"document":{"height":31360,"width":306},"question":{"identifier":"3978492","top":88.51666259765625,"bottom":1285.9500122070312,"right":290.3999938964844,"left":16,"width":274.3999938964844,"height":1197.433349609375},"answers":[{"identifier":"20547803","top":1365.8499755859375,"bottom":3770.3165283203125,"right":290.3999938964844,"left":16,"width":274.3999938964844,"height":2404.466552734375},{"identifier":"21514254","top":3770.316650390625,"bottom":4912.083251953125,"right":290.3999938964844,"left":16,"width":274.3999938964844,"height":1141.7666015625},{"identifier":"31251089","top":4912.08349609375,"bottom":6115.4501953125,"right":290.3999938964844,"left":16,"width":274.3999938964844,"height":1203.36669921875},{"identifier":"23481165","top":6115.4501953125,"bottom":7485.6168212890625,"right":290.3999938964844,"left":16,"width":274.3999938964844,"height":1370.1666259765625},{"identifier":"52929821","top":7485.61669921875,"bottom":10148.933349609375,"right":290.3999938964844,"left":16,"width":274.3999938964844,"height":2663.316650390625},{"identifier":"39873377","top":10148.93359375,"bottom":11002.600280761719,"right":290.3999938964844,"left":16,"width":274.3999938964844,"height":853.6666870117188},{"identifier":"3978716","top":11002.599609375,"bottom":11686.566284179688,"right":290.3999938964844,"left":16,"width":274.3999938964844,"height":683.9666748046875},{"identifier":"37503916","top":11686.56640625,"bottom":12677.233093261719,"right":290.3999938964844,"left":16,"width":274.3999938964844,"height":990.6666870117188},{"identifier":"66174157","top":12677.2333984375,"bottom":13857.300048828125,"right":290.3999938964844,"left":16,"width":274.3999938964844,"height":1180.066650390625},{"identifier":"3978577","top":13857.2998046875,"bottom":15175.966430664062,"right":290.3999938964844,"left":16,"width":274.3999938964844,"height":1318.6666259765625},{"identifier":"47843872","top":15175.966796875,"bottom":16204.666748046875,"right":290.3999938964844,"left":16,"width":274.3999938964844,"height":1028.699951171875},{"identifier":"32253674","top":16204.6669921875,"bottom":17336.53369140625,"right":290.3999938964844,"left":16,"width":274.3999938964844,"height":1131.86669921875},{"identifier":"57709573","top":17336.533203125,"bottom":19077.39990234375,"right":290.3999938964844,"left":16,"width":274.3999938964844,"height":1740.86669921875},{"identifier":"3978606","top":19077.400390625,"bottom":20260.167114257812,"right":290.3999938964844,"left":16,"width":274.3999938964844,"height":1182.7667236328125},{"identifier":"23342513","top":20260.166015625,"bottom":21167.832641601562,"right":290.3999938964844,"left":16,"width":274.3999938964844,"height":907.6666259765625},{"identifier":"34924599","top":21167.833984375,"bottom":21778.400634765625,"right":290.3999938964844,"left":16,"width":274.3999938964844,"height":610.566650390625},{"identifier":"33774224","top":21778.400390625,"bottom":23266.067016601562,"right":290.3999938964844,"left":16,"width":274.3999938964844,"height":1487.6666259765625},{"identifier":"61818827","top":23266.06640625,"bottom":23866.333068847656,"right":290.3999938964844,"left":16,"width":274.3999938964844,"height":600.2666625976562},{"identifier":"68053929","top":23866.333984375,"bottom":24902.050659179688,"right":290.3999938964844,"left":16,"width":274.3999938964844,"height":1035.7166748046875},{"identifier":"45703365","top":24902.05078125,"bottom":25251.21743774414,"right":290.3999938964844,"left":16,"width":274.3999938964844,"height":349.1666564941406},{"identifier":"56498992","top":25251.216796875,"bottom":26412.08349609375,"right":290.3999938964844,"left":16,"width":274.3999938964844,"height":1160.86669921875},{"identifier":"59485360","top":26412.083984375,"bottom":27023.650634765625,"right":290.3999938964844,"left":16,"width":274.3999938964844,"height":611.566650390625},{"identifier":"60686878","top":27023.650390625,"bottom":27454.217041015625,"right":290.3999938964844,"left":16,"width":274.3999938964844,"height":430.566650390625},{"identifier":"63587384","top":27454.216796875,"bottom":28255.38348388672,"right":290.3999938964844,"left":16,"width":274.3999938964844,"height":801.1666870117188},{"identifier":"72240810","top":28255.3828125,"bottom":28749.849487304688,"right":290.3999938964844,"left":16,"width":274.3999938964844,"height":494.4666748046875}]}},{"timestamp":"2022-11-09T21:16:40.213Z","url":"https://stackoverflow.com/questions/3978492/fastest-way-to-duplicate-an-array-in-javascript-slice-vs-for-loop","component":"page","action":"scroll","data":{"viewport":{"x":0,"y":316.79998779296875,"height":595,"width":323},"document":{"height":31360,"width":306},"question":{"identifier":"3978492","top":-122.68333435058594,"bottom":1074.750015258789,"right":290.3999938964844,"left":16,"width":274.3999938964844,"height":1197.433349609375},"answers":[{"identifier":"20547803","top":1154.6500244140625,"bottom":3559.1168212890625,"right":290.3999938964844,"left":16,"width":274.3999938964844,"height":2404.466796875},{"identifier":"21514254","top":3559.11669921875,"bottom":4700.88330078125,"right":290.3999938964844,"left":16,"width":274.3999938964844,"height":1141.7666015625},{"identifier":"31251089","top":4700.88330078125,"bottom":5904.25,"right":290.3999938964844,"left":16,"width":274.3999938964844,"height":1203.36669921875},{"identifier":"23481165","top":5904.25,"bottom":7274.4166259765625,"right":290.3999938964844,"left":16,"width":274.3999938964844,"height":1370.1666259765625},{"identifier":"52929821","top":7274.41650390625,"bottom":9937.733154296875,"right":290.3999938964844,"left":16,"width":274.3999938964844,"height":2663.316650390625},{"identifier":"39873377","top":9937.7333984375,"bottom":10791.400024414062,"right":290.3999938964844,"left":16,"width":274.3999938964844,"height":853.6666259765625},{"identifier":"3978716","top":10791.400390625,"bottom":11475.367065429688,"right":290.3999938964844,"left":16,"width":274.3999938964844,"height":683.9666748046875},{"identifier":"37503916","top":11475.3662109375,"bottom":12466.032897949219,"right":290.3999938964844,"left":16,"width":274.3999938964844,"height":990.6666870117188},{"identifier":"66174157","top":12466.033203125,"bottom":13646.099853515625,"right":290.3999938964844,"left":16,"width":274.3999938964844,"height":1180.066650390625},{"identifier":"3978577","top":13646.099609375,"bottom":14964.766235351562,"right":290.3999938964844,"left":16,"width":274.3999938964844,"height":1318.6666259765625},{"identifier":"47843872","top":14964.7666015625,"bottom":15993.466552734375,"right":290.3999938964844,"left":16,"width":274.3999938964844,"height":1028.699951171875},{"identifier":"32253674","top":15993.466796875,"bottom":17125.33349609375,"right":290.3999938964844,"left":16,"width":274.3999938964844,"height":1131.86669921875},{"identifier":"57709573","top":17125.333984375,"bottom":18866.20068359375,"right":290.3999938964844,"left":16,"width":274.3999938964844,"height":1740.86669921875},{"identifier":"3978606","top":18866.19921875,"bottom":20048.9658203125,"right":290.3999938964844,"left":16,"width":274.3999938964844,"height":1182.7666015625},{"identifier":"23342513","top":20048.966796875,"bottom":20956.63348388672,"right":290.3999938964844,"left":16,"width":274.3999938964844,"height":907.6666870117188},{"identifier":"34924599","top":20956.6328125,"bottom":21567.199462890625,"right":290.3999938964844,"left":16,"width":274.3999938964844,"height":610.566650390625},{"identifier":"33774224","top":21567.19921875,"bottom":23054.865844726562,"right":290.3999938964844,"left":16,"width":274.3999938964844,"height":1487.6666259765625},{"identifier":"61818827","top":23054.8671875,"bottom":23655.133850097656,"right":290.3999938964844,"left":16,"width":274.3999938964844,"height":600.2666625976562},{"identifier":"68053929","top":23655.1328125,"bottom":24690.849487304688,"right":290.3999938964844,"left":16,"width":274.3999938964844,"height":1035.7166748046875},{"identifier":"45703365","top":24690.849609375,"bottom":25040.01626586914,"right":290.3999938964844,"left":16,"width":274.3999938964844,"height":349.1666564941406},{"identifier":"56498992","top":25040.017578125,"bottom":26200.88427734375,"right":290.3999938964844,"left":16,"width":274.3999938964844,"height":1160.86669921875},{"identifier":"59485360","top":26200.8828125,"bottom":26812.449462890625,"right":290.3999938964844,"left":16,"width":274.3999938964844,"height":611.566650390625},{"identifier":"60686878","top":26812.44921875,"bottom":27243.015869140625,"right":290.3999938964844,"left":16,"width":274.3999938964844,"height":430.566650390625},{"identifier":"63587384","top":27243.017578125,"bottom":28044.18426513672,"right":290.3999938964844,"left":16,"width":274.3999938964844,"height":801.1666870117188},{"identifier":"72240810","top":28044.18359375,"bottom":28538.650268554688,"right":290.3999938964844,"left":16,"width":274.3999938964844,"height":494.4666748046875}]}},{"timestamp":"2022-11-09T21:16:43.327Z","url":"https://stackoverflow.com/questions/3978492/fastest-way-to-duplicate-an-array-in-javascript-slice-vs-for-loop","component":"page","action":"scroll","data":{"viewport":{"x":0,"y":1056,"height":595,"width":323},"document":{"height":31360,"width":306},"question":{"identifier":"3978492","top":-861.88330078125,"bottom":335.550048828125,"right":290.3999938964844,"left":16,"width":274.3999938964844,"height":1197.433349609375},"answers":[{"identifier":"20547803","top":415.45001220703125,"bottom":2819.9168090820312,"right":290.3999938964844,"left":16,"width":274.3999938964844,"height":2404.466796875},{"identifier":"21514254","top":2819.916748046875,"bottom":3961.683349609375,"right":290.3999938964844,"left":16,"width":274.3999938964844,"height":1141.7666015625},{"identifier":"31251089","top":3961.683349609375,"bottom":5165.050048828125,"right":290.3999938964844,"left":16,"width":274.3999938964844,"height":1203.36669921875},{"identifier":"23481165","top":5165.0498046875,"bottom":6535.2164306640625,"right":290.3999938964844,"left":16,"width":274.3999938964844,"height":1370.1666259765625},{"identifier":"52929821","top":6535.216796875,"bottom":9198.533447265625,"right":290.3999938964844,"left":16,"width":274.3999938964844,"height":2663.316650390625},{"identifier":"39873377","top":9198.533203125,"bottom":10052.199829101562,"right":290.3999938964844,"left":16,"width":274.3999938964844,"height":853.6666259765625},{"identifier":"3978716","top":10052.2001953125,"bottom":10736.166870117188,"right":290.3999938964844,"left":16,"width":274.3999938964844,"height":683.9666748046875},{"identifier":"37503916","top":10736.1669921875,"bottom":11726.833618164062,"right":290.3999938964844,"left":16,"width":274.3999938964844,"height":990.6666259765625},{"identifier":"66174157","top":11726.8330078125,"bottom":12906.899658203125,"right":290.3999938964844,"left":16,"width":274.3999938964844,"height":1180.066650390625},{"identifier":"3978577","top":12906.900390625,"bottom":14225.567016601562,"right":290.3999938964844,"left":16,"width":274.3999938964844,"height":1318.6666259765625},{"identifier":"47843872","top":14225.56640625,"bottom":15254.266357421875,"right":290.3999938964844,"left":16,"width":274.3999938964844,"height":1028.699951171875},{"identifier":"32253674","top":15254.2666015625,"bottom":16386.13330078125,"right":290.3999938964844,"left":16,"width":274.3999938964844,"height":1131.86669921875},{"identifier":"57709573","top":16386.1328125,"bottom":18126.99951171875,"right":290.3999938964844,"left":16,"width":274.3999938964844,"height":1740.86669921875},{"identifier":"3978606","top":18127,"bottom":19309.7666015625,"right":290.3999938964844,"left":16,"width":274.3999938964844,"height":1182.7666015625},{"identifier":"23342513","top":19309.767578125,"bottom":20217.43426513672,"right":290.3999938964844,"left":16,"width":274.3999938964844,"height":907.6666870117188},{"identifier":"34924599","top":20217.43359375,"bottom":20828.000244140625,"right":290.3999938964844,"left":16,"width":274.3999938964844,"height":610.566650390625},{"identifier":"33774224","top":20828,"bottom":22315.666625976562,"right":290.3999938964844,"left":16,"width":274.3999938964844,"height":1487.6666259765625},{"identifier":"61818827","top":22315.666015625,"bottom":22915.932678222656,"right":290.3999938964844,"left":16,"width":274.3999938964844,"height":600.2666625976562},{"identifier":"68053929","top":22915.93359375,"bottom":23951.650268554688,"right":290.3999938964844,"left":16,"width":274.3999938964844,"height":1035.7166748046875},{"identifier":"45703365","top":23951.650390625,"bottom":24300.81707763672,"right":290.3999938964844,"left":16,"width":274.3999938964844,"height":349.16668701171875},{"identifier":"56498992","top":24300.81640625,"bottom":25461.68310546875,"right":290.3999938964844,"left":16,"width":274.3999938964844,"height":1160.86669921875},{"identifier":"59485360","top":25461.68359375,"bottom":26073.250244140625,"right":290.3999938964844,"left":16,"width":274.3999938964844,"height":611.566650390625},{"identifier":"60686878","top":26073.25,"bottom":26503.816650390625,"right":290.3999938964844,"left":16,"width":274.3999938964844,"height":430.566650390625},{"identifier":"63587384","top":26503.81640625,"bottom":27304.98309326172,"right":290.3999938964844,"left":16,"width":274.3999938964844,"height":801.1666870117188},{"identifier":"72240810","top":27304.982421875,"bottom":27799.449096679688,"right":290.3999938964844,"left":16,"width":274.3999938964844,"height":494.4666748046875}]}},{"timestamp":"2022-11-09T21:16:44.090Z","url":"https://stackoverflow.com/questions/3978492/fastest-way-to-duplicate-an-array-in-javascript-slice-vs-for-loop","component":"page","action":"scroll","data":{"viewport":{"x":0,"y":1267.199951171875,"height":595,"width":323},"document":{"height":31360,"width":306},"question":{"identifier":"3978492","top":-1073.0833740234375,"bottom":124.3499755859375,"right":290.3999938964844,"left":16,"width":274.3999938964844,"height":1197.433349609375},"answers":[{"identifier":"20547803","top":204.25,"bottom":2608.716552734375,"right":290.3999938964844,"left":16,"width":274.3999938964844,"height":2404.466552734375},{"identifier":"21514254","top":2608.716552734375,"bottom":3750.4832763671875,"right":290.3999938964844,"left":16,"width":274.3999938964844,"height":1141.7667236328125},{"identifier":"31251089","top":3750.4833984375,"bottom":4953.85009765625,"right":290.3999938964844,"left":16,"width":274.3999938964844,"height":1203.36669921875},{"identifier":"23481165","top":4953.85009765625,"bottom":6324.0167236328125,"right":290.3999938964844,"left":16,"width":274.3999938964844,"height":1370.1666259765625},{"identifier":"52929821","top":6324.0166015625,"bottom":8987.333251953125,"right":290.3999938964844,"left":16,"width":274.3999938964844,"height":2663.316650390625},{"identifier":"39873377","top":8987.3330078125,"bottom":9840.999694824219,"right":290.3999938964844,"left":16,"width":274.3999938964844,"height":853.6666870117188},{"identifier":"3978716","top":9841,"bottom":10524.966674804688,"right":290.3999938964844,"left":16,"width":274.3999938964844,"height":683.9666748046875},{"identifier":"37503916","top":10524.966796875,"bottom":11515.633483886719,"right":290.3999938964844,"left":16,"width":274.3999938964844,"height":990.6666870117188},{"identifier":"66174157","top":11515.6337890625,"bottom":12695.700439453125,"right":290.3999938964844,"left":16,"width":274.3999938964844,"height":1180.066650390625},{"identifier":"3978577","top":12695.7001953125,"bottom":14014.366821289062,"right":290.3999938964844,"left":16,"width":274.3999938964844,"height":1318.6666259765625},{"identifier":"47843872","top":14014.3662109375,"bottom":15043.066162109375,"right":290.3999938964844,"left":16,"width":274.3999938964844,"height":1028.699951171875},{"identifier":"32253674","top":15043.06640625,"bottom":16174.93310546875,"right":290.3999938964844,"left":16,"width":274.3999938964844,"height":1131.86669921875},{"identifier":"57709573","top":16174.93359375,"bottom":17915.80029296875,"right":290.3999938964844,"left":16,"width":274.3999938964844,"height":1740.86669921875},{"identifier":"3978606","top":17915.80078125,"bottom":19098.5673828125,"right":290.3999938964844,"left":16,"width":274.3999938964844,"height":1182.7666015625},{"identifier":"23342513","top":19098.56640625,"bottom":20006.23309326172,"right":290.3999938964844,"left":16,"width":274.3999938964844,"height":907.6666870117188},{"identifier":"34924599","top":20006.232421875,"bottom":20616.799072265625,"right":290.3999938964844,"left":16,"width":274.3999938964844,"height":610.566650390625},{"identifier":"33774224","top":20616.80078125,"bottom":22104.467407226562,"right":290.3999938964844,"left":16,"width":274.3999938964844,"height":1487.6666259765625},{"identifier":"61818827","top":22104.466796875,"bottom":22704.733459472656,"right":290.3999938964844,"left":16,"width":274.3999938964844,"height":600.2666625976562},{"identifier":"68053929","top":22704.732421875,"bottom":23740.449096679688,"right":290.3999938964844,"left":16,"width":274.3999938964844,"height":1035.7166748046875},{"identifier":"45703365","top":23740.44921875,"bottom":24089.61590576172,"right":290.3999938964844,"left":16,"width":274.3999938964844,"height":349.16668701171875},{"identifier":"56498992","top":24089.6171875,"bottom":25250.48388671875,"right":290.3999938964844,"left":16,"width":274.3999938964844,"height":1160.86669921875},{"identifier":"59485360","top":25250.482421875,"bottom":25862.049072265625,"right":290.3999938964844,"left":16,"width":274.3999938964844,"height":611.566650390625},{"identifier":"60686878","top":25862.05078125,"bottom":26292.617431640625,"right":290.3999938964844,"left":16,"width":274.3999938964844,"height":430.566650390625},{"identifier":"63587384","top":26292.6171875,"bottom":27093.78387451172,"right":290.3999938964844,"left":16,"width":274.3999938964844,"height":801.1666870117188},{"identifier":"72240810","top":27093.783203125,"bottom":27588.249877929688,"right":290.3999938964844,"left":16,"width":274.3999938964844,"height":494.4666748046875}]}},{"timestamp":"2022-11-09T21:16:46.994Z","url":"https://stackoverflow.com/questions/3978492/fastest-way-to-duplicate-an-array-in-javascript-slice-vs-for-loop","component":"page","action":"scroll","data":{"viewport":{"x":0,"y":1584,"height":595,"width":323},"document":{"height":31360,"width":306},"question":{"identifier":"3978492","top":-1389.88330078125,"bottom":-192.449951171875,"right":290.3999938964844,"left":16,"width":274.3999938964844,"height":1197.433349609375},"answers":[{"identifier":"20547803","top":-112.55000305175781,"bottom":2291.916793823242,"right":290.3999938964844,"left":16,"width":274.3999938964844,"height":2404.466796875},{"identifier":"21514254","top":2291.916748046875,"bottom":3433.683349609375,"right":290.3999938964844,"left":16,"width":274.3999938964844,"height":1141.7666015625},{"identifier":"31251089","top":3433.683349609375,"bottom":4637.050048828125,"right":290.3999938964844,"left":16,"width":274.3999938964844,"height":1203.36669921875},{"identifier":"23481165","top":4637.0498046875,"bottom":6007.2164306640625,"right":290.3999938964844,"left":16,"width":274.3999938964844,"height":1370.1666259765625},{"identifier":"52929821","top":6007.216796875,"bottom":8670.533447265625,"right":290.3999938964844,"left":16,"width":274.3999938964844,"height":2663.316650390625},{"identifier":"39873377","top":8670.533203125,"bottom":9524.199829101562,"right":290.3999938964844,"left":16,"width":274.3999938964844,"height":853.6666259765625},{"identifier":"3978716","top":9524.2001953125,"bottom":10208.166870117188,"right":290.3999938964844,"left":16,"width":274.3999938964844,"height":683.9666748046875},{"identifier":"37503916","top":10208.1669921875,"bottom":11198.833618164062,"right":290.3999938964844,"left":16,"width":274.3999938964844,"height":990.6666259765625},{"identifier":"66174157","top":11198.8330078125,"bottom":12378.899658203125,"right":290.3999938964844,"left":16,"width":274.3999938964844,"height":1180.066650390625},{"identifier":"3978577","top":12378.900390625,"bottom":13697.567016601562,"right":290.3999938964844,"left":16,"width":274.3999938964844,"height":1318.6666259765625},{"identifier":"47843872","top":13697.56640625,"bottom":14726.266357421875,"right":290.3999938964844,"left":16,"width":274.3999938964844,"height":1028.699951171875},{"identifier":"32253674","top":14726.2666015625,"bottom":15858.13330078125,"right":290.3999938964844,"left":16,"width":274.3999938964844,"height":1131.86669921875},{"identifier":"57709573","top":15858.1337890625,"bottom":17599.00048828125,"right":290.3999938964844,"left":16,"width":274.3999938964844,"height":1740.86669921875},{"identifier":"3978606","top":17599,"bottom":18781.7666015625,"right":290.3999938964844,"left":16,"width":274.3999938964844,"height":1182.7666015625},{"identifier":"23342513","top":18781.767578125,"bottom":19689.43426513672,"right":290.3999938964844,"left":16,"width":274.3999938964844,"height":907.6666870117188},{"identifier":"34924599","top":19689.43359375,"bottom":20300.000244140625,"right":290.3999938964844,"left":16,"width":274.3999938964844,"height":610.566650390625},{"identifier":"33774224","top":20300,"bottom":21787.666625976562,"right":290.3999938964844,"left":16,"width":274.3999938964844,"height":1487.6666259765625},{"identifier":"61818827","top":21787.666015625,"bottom":22387.932678222656,"right":290.3999938964844,"left":16,"width":274.3999938964844,"height":600.2666625976562},{"identifier":"68053929","top":22387.93359375,"bottom":23423.650268554688,"right":290.3999938964844,"left":16,"width":274.3999938964844,"height":1035.7166748046875},{"identifier":"45703365","top":23423.650390625,"bottom":23772.81707763672,"right":290.3999938964844,"left":16,"width":274.3999938964844,"height":349.16668701171875},{"identifier":"56498992","top":23772.81640625,"bottom":24933.68310546875,"right":290.3999938964844,"left":16,"width":274.3999938964844,"height":1160.86669921875},{"identifier":"59485360","top":24933.68359375,"bottom":25545.250244140625,"right":290.3999938964844,"left":16,"width":274.3999938964844,"height":611.566650390625},{"identifier":"60686878","top":25545.25,"bottom":25975.816650390625,"right":290.3999938964844,"left":16,"width":274.3999938964844,"height":430.566650390625},{"identifier":"63587384","top":25975.81640625,"bottom":26776.98309326172,"right":290.3999938964844,"left":16,"width":274.3999938964844,"height":801.1666870117188},{"identifier":"72240810","top":26776.982421875,"bottom":27271.449096679688,"right":290.3999938964844,"left":16,"width":274.3999938964844,"height":494.4666748046875}]}},{"timestamp":"2022-11-09T21:16:48.552Z","url":"https://stackoverflow.com/questions/3978492/fastest-way-to-duplicate-an-array-in-javascript-slice-vs-for-loop","component":"page","action":"scroll","data":{"viewport":{"x":0,"y":1900.800048828125,"height":595,"width":323},"document":{"height":31360,"width":306},"question":{"identifier":"3978492","top":-1706.683349609375,"bottom":-509.25,"right":290.3999938964844,"left":16,"width":274.3999938964844,"height":1197.433349609375},"answers":[{"identifier":"20547803","top":-429.3500061035156,"bottom":1975.1167907714844,"right":290.3999938964844,"left":16,"width":274.3999938964844,"height":2404.466796875},{"identifier":"21514254","top":1975.11669921875,"bottom":3116.88330078125,"right":290.3999938964844,"left":16,"width":274.3999938964844,"height":1141.7666015625},{"identifier":"31251089","top":3116.88330078125,"bottom":4320.25,"right":290.3999938964844,"left":16,"width":274.3999938964844,"height":1203.36669921875},{"identifier":"23481165","top":4320.25,"bottom":5690.4166259765625,"right":290.3999938964844,"left":16,"width":274.3999938964844,"height":1370.1666259765625},{"identifier":"52929821","top":5690.41650390625,"bottom":8353.733154296875,"right":290.3999938964844,"left":16,"width":274.3999938964844,"height":2663.316650390625},{"identifier":"39873377","top":8353.7333984375,"bottom":9207.400024414062,"right":290.3999938964844,"left":16,"width":274.3999938964844,"height":853.6666259765625},{"identifier":"3978716","top":9207.400390625,"bottom":9891.367065429688,"right":290.3999938964844,"left":16,"width":274.3999938964844,"height":683.9666748046875},{"identifier":"37503916","top":9891.3662109375,"bottom":10882.032897949219,"right":290.3999938964844,"left":16,"width":274.3999938964844,"height":990.6666870117188},{"identifier":"66174157","top":10882.033203125,"bottom":12062.099853515625,"right":290.3999938964844,"left":16,"width":274.3999938964844,"height":1180.066650390625},{"identifier":"3978577","top":12062.099609375,"bottom":13380.766235351562,"right":290.3999938964844,"left":16,"width":274.3999938964844,"height":1318.6666259765625},{"identifier":"47843872","top":13380.7666015625,"bottom":14409.466552734375,"right":290.3999938964844,"left":16,"width":274.3999938964844,"height":1028.699951171875},{"identifier":"32253674","top":14409.466796875,"bottom":15541.33349609375,"right":290.3999938964844,"left":16,"width":274.3999938964844,"height":1131.86669921875},{"identifier":"57709573","top":15541.3330078125,"bottom":17282.19970703125,"right":290.3999938964844,"left":16,"width":274.3999938964844,"height":1740.86669921875},{"identifier":"3978606","top":17282.19921875,"bottom":18464.9658203125,"right":290.3999938964844,"left":16,"width":274.3999938964844,"height":1182.7666015625},{"identifier":"23342513","top":18464.966796875,"bottom":19372.63348388672,"right":290.3999938964844,"left":16,"width":274.3999938964844,"height":907.6666870117188},{"identifier":"34924599","top":19372.6328125,"bottom":19983.199462890625,"right":290.3999938964844,"left":16,"width":274.3999938964844,"height":610.566650390625},{"identifier":"33774224","top":19983.19921875,"bottom":21470.865844726562,"right":290.3999938964844,"left":16,"width":274.3999938964844,"height":1487.6666259765625},{"identifier":"61818827","top":21470.8671875,"bottom":22071.133850097656,"right":290.3999938964844,"left":16,"width":274.3999938964844,"height":600.2666625976562},{"identifier":"68053929","top":22071.1328125,"bottom":23106.849487304688,"right":290.3999938964844,"left":16,"width":274.3999938964844,"height":1035.7166748046875},{"identifier":"45703365","top":23106.849609375,"bottom":23456.01626586914,"right":290.3999938964844,"left":16,"width":274.3999938964844,"height":349.1666564941406},{"identifier":"56498992","top":23456.017578125,"bottom":24616.88427734375,"right":290.3999938964844,"left":16,"width":274.3999938964844,"height":1160.86669921875},{"identifier":"59485360","top":24616.8828125,"bottom":25228.449462890625,"right":290.3999938964844,"left":16,"width":274.3999938964844,"height":611.566650390625},{"identifier":"60686878","top":25228.44921875,"bottom":25659.015869140625,"right":290.3999938964844,"left":16,"width":274.3999938964844,"height":430.566650390625},{"identifier":"63587384","top":25659.017578125,"bottom":26460.18426513672,"right":290.3999938964844,"left":16,"width":274.3999938964844,"height":801.1666870117188},{"identifier":"72240810","top":26460.18359375,"bottom":26954.650268554688,"right":290.3999938964844,"left":16,"width":274.3999938964844,"height":494.4666748046875}]}},{"timestamp":"2022-11-09T21:16:50.278Z","url":"https://stackoverflow.com/questions/3978492/fastest-way-to-duplicate-an-array-in-javascript-slice-vs-for-loop","component":"page","action":"scroll","data":{"viewport":{"x":0,"y":2640,"height":595,"width":323},"document":{"height":31360,"width":306},"question":{"identifier":"3978492","top":-2445.88330078125,"bottom":-1248.449951171875,"right":290.3999938964844,"left":16,"width":274.3999938964844,"height":1197.433349609375},"answers":[{"identifier":"20547803","top":-1168.550048828125,"bottom":1235.916748046875,"right":290.3999938964844,"left":16,"width":274.3999938964844,"height":2404.466796875},{"identifier":"21514254","top":1235.9166259765625,"bottom":2377.6832275390625,"right":290.3999938964844,"left":16,"width":274.3999938964844,"height":1141.7666015625},{"identifier":"31251089","top":2377.683349609375,"bottom":3581.050048828125,"right":290.3999938964844,"left":16,"width":274.3999938964844,"height":1203.36669921875},{"identifier":"23481165","top":3581.050048828125,"bottom":4951.2166748046875,"right":290.3999938964844,"left":16,"width":274.3999938964844,"height":1370.1666259765625},{"identifier":"52929821","top":4951.216796875,"bottom":7614.533447265625,"right":290.3999938964844,"left":16,"width":274.3999938964844,"height":2663.316650390625},{"identifier":"39873377","top":7614.533203125,"bottom":8468.199829101562,"right":290.3999938964844,"left":16,"width":274.3999938964844,"height":853.6666259765625},{"identifier":"3978716","top":8468.2001953125,"bottom":9152.166870117188,"right":290.3999938964844,"left":16,"width":274.3999938964844,"height":683.9666748046875},{"identifier":"37503916","top":9152.1669921875,"bottom":10142.833618164062,"right":290.3999938964844,"left":16,"width":274.3999938964844,"height":990.6666259765625},{"identifier":"66174157","top":10142.8330078125,"bottom":11322.899658203125,"right":290.3999938964844,"left":16,"width":274.3999938964844,"height":1180.066650390625},{"identifier":"3978577","top":11322.900390625,"bottom":12641.567016601562,"right":290.3999938964844,"left":16,"width":274.3999938964844,"height":1318.6666259765625},{"identifier":"47843872","top":12641.56640625,"bottom":13670.266357421875,"right":290.3999938964844,"left":16,"width":274.3999938964844,"height":1028.699951171875},{"identifier":"32253674","top":13670.2666015625,"bottom":14802.13330078125,"right":290.3999938964844,"left":16,"width":274.3999938964844,"height":1131.86669921875},{"identifier":"57709573","top":14802.1337890625,"bottom":16543.00048828125,"right":290.3999938964844,"left":16,"width":274.3999938964844,"height":1740.86669921875},{"identifier":"3978606","top":16543,"bottom":17725.7666015625,"right":290.3999938964844,"left":16,"width":274.3999938964844,"height":1182.7666015625},{"identifier":"23342513","top":17725.767578125,"bottom":18633.43426513672,"right":290.3999938964844,"left":16,"width":274.3999938964844,"height":907.6666870117188},{"identifier":"34924599","top":18633.43359375,"bottom":19244.000244140625,"right":290.3999938964844,"left":16,"width":274.3999938964844,"height":610.566650390625},{"identifier":"33774224","top":19244,"bottom":20731.666625976562,"right":290.3999938964844,"left":16,"width":274.3999938964844,"height":1487.6666259765625},{"identifier":"61818827","top":20731.666015625,"bottom":21331.932678222656,"right":290.3999938964844,"left":16,"width":274.3999938964844,"height":600.2666625976562},{"identifier":"68053929","top":21331.93359375,"bottom":22367.650268554688,"right":290.3999938964844,"left":16,"width":274.3999938964844,"height":1035.7166748046875},{"identifier":"45703365","top":22367.650390625,"bottom":22716.81707763672,"right":290.3999938964844,"left":16,"width":274.3999938964844,"height":349.16668701171875},{"identifier":"56498992","top":22716.81640625,"bottom":23877.68310546875,"right":290.3999938964844,"left":16,"width":274.3999938964844,"height":1160.86669921875},{"identifier":"59485360","top":23877.68359375,"bottom":24489.250244140625,"right":290.3999938964844,"left":16,"width":274.3999938964844,"height":611.566650390625},{"identifier":"60686878","top":24489.25,"bottom":24919.816650390625,"right":290.3999938964844,"left":16,"width":274.3999938964844,"height":430.566650390625},{"identifier":"63587384","top":24919.81640625,"bottom":25720.98309326172,"right":290.3999938964844,"left":16,"width":274.3999938964844,"height":801.1666870117188},{"identifier":"72240810","top":25720.982421875,"bottom":26215.449096679688,"right":290.3999938964844,"left":16,"width":274.3999938964844,"height":494.4666748046875}]}},{"timestamp":"2022-11-09T21:16:51.102Z","url":"https://stackoverflow.com/questions/3978492/fastest-way-to-duplicate-an-array-in-javascript-slice-vs-for-loop","component":"page","action":"scroll","data":{"viewport":{"x":0,"y":2956.800048828125,"height":595,"width":323},"document":{"height":31360,"width":306},"question":{"identifier":"3978492","top":-2762.683349609375,"bottom":-1565.25,"right":290.3999938964844,"left":16,"width":274.3999938964844,"height":1197.433349609375},"answers":[{"identifier":"20547803","top":-1485.3499755859375,"bottom":919.1168212890625,"right":290.3999938964844,"left":16,"width":274.3999938964844,"height":2404.466796875},{"identifier":"21514254","top":919.11669921875,"bottom":2060.88330078125,"right":290.3999938964844,"left":16,"width":274.3999938964844,"height":1141.7666015625},{"identifier":"31251089","top":2060.88330078125,"bottom":3264.25,"right":290.3999938964844,"left":16,"width":274.3999938964844,"height":1203.36669921875},{"identifier":"23481165","top":3264.25,"bottom":4634.4166259765625,"right":290.3999938964844,"left":16,"width":274.3999938964844,"height":1370.1666259765625},{"identifier":"52929821","top":4634.41650390625,"bottom":7297.733154296875,"right":290.3999938964844,"left":16,"width":274.3999938964844,"height":2663.316650390625},{"identifier":"39873377","top":7297.7333984375,"bottom":8151.4000244140625,"right":290.3999938964844,"left":16,"width":274.3999938964844,"height":853.6666259765625},{"identifier":"3978716","top":8151.39990234375,"bottom":8835.366577148438,"right":290.3999938964844,"left":16,"width":274.3999938964844,"height":683.9666748046875},{"identifier":"37503916","top":8835.3662109375,"bottom":9826.032897949219,"right":290.3999938964844,"left":16,"width":274.3999938964844,"height":990.6666870117188},{"identifier":"66174157","top":9826.033203125,"bottom":11006.099853515625,"right":290.3999938964844,"left":16,"width":274.3999938964844,"height":1180.066650390625},{"identifier":"3978577","top":11006.099609375,"bottom":12324.766235351562,"right":290.3999938964844,"left":16,"width":274.3999938964844,"height":1318.6666259765625},{"identifier":"47843872","top":12324.7666015625,"bottom":13353.466552734375,"right":290.3999938964844,"left":16,"width":274.3999938964844,"height":1028.699951171875},{"identifier":"32253674","top":13353.466796875,"bottom":14485.33349609375,"right":290.3999938964844,"left":16,"width":274.3999938964844,"height":1131.86669921875},{"identifier":"57709573","top":14485.3330078125,"bottom":16226.19970703125,"right":290.3999938964844,"left":16,"width":274.3999938964844,"height":1740.86669921875},{"identifier":"3978606","top":16226.2001953125,"bottom":17408.966796875,"right":290.3999938964844,"left":16,"width":274.3999938964844,"height":1182.7666015625},{"identifier":"23342513","top":17408.966796875,"bottom":18316.63348388672,"right":290.3999938964844,"left":16,"width":274.3999938964844,"height":907.6666870117188},{"identifier":"34924599","top":18316.6328125,"bottom":18927.199462890625,"right":290.3999938964844,"left":16,"width":274.3999938964844,"height":610.566650390625},{"identifier":"33774224","top":18927.19921875,"bottom":20414.865844726562,"right":290.3999938964844,"left":16,"width":274.3999938964844,"height":1487.6666259765625},{"identifier":"61818827","top":20414.8671875,"bottom":21015.133850097656,"right":290.3999938964844,"left":16,"width":274.3999938964844,"height":600.2666625976562},{"identifier":"68053929","top":21015.1328125,"bottom":22050.849487304688,"right":290.3999938964844,"left":16,"width":274.3999938964844,"height":1035.7166748046875},{"identifier":"45703365","top":22050.849609375,"bottom":22400.01626586914,"right":290.3999938964844,"left":16,"width":274.3999938964844,"height":349.1666564941406},{"identifier":"56498992","top":22400.017578125,"bottom":23560.88427734375,"right":290.3999938964844,"left":16,"width":274.3999938964844,"height":1160.86669921875},{"identifier":"59485360","top":23560.8828125,"bottom":24172.449462890625,"right":290.3999938964844,"left":16,"width":274.3999938964844,"height":611.566650390625},{"identifier":"60686878","top":24172.44921875,"bottom":24603.015869140625,"right":290.3999938964844,"left":16,"width":274.3999938964844,"height":430.566650390625},{"identifier":"63587384","top":24603.017578125,"bottom":25404.18426513672,"right":290.3999938964844,"left":16,"width":274.3999938964844,"height":801.1666870117188},{"identifier":"72240810","top":25404.18359375,"bottom":25898.650268554688,"right":290.3999938964844,"left":16,"width":274.3999938964844,"height":494.4666748046875}]}},{"timestamp":"2022-11-09T21:16:52.286Z","url":"https://stackoverflow.com/questions/3978492/fastest-way-to-duplicate-an-array-in-javascript-slice-vs-for-loop","component":"page","action":"scroll","data":{"viewport":{"x":0,"y":1689.5999755859375,"height":595,"width":323},"document":{"height":31360,"width":306},"question":{"identifier":"3978492","top":-1495.4833984375,"bottom":-298.050048828125,"right":290.3999938964844,"left":16,"width":274.3999938964844,"height":1197.433349609375},"answers":[{"identifier":"20547803","top":-218.14999389648438,"bottom":2186.3165588378906,"right":290.3999938964844,"left":16,"width":274.3999938964844,"height":2404.466552734375},{"identifier":"21514254","top":2186.316650390625,"bottom":3328.083251953125,"right":290.3999938964844,"left":16,"width":274.3999938964844,"height":1141.7666015625},{"identifier":"31251089","top":3328.083251953125,"bottom":4531.449951171875,"right":290.3999938964844,"left":16,"width":274.3999938964844,"height":1203.36669921875},{"identifier":"23481165","top":4531.4501953125,"bottom":5901.6168212890625,"right":290.3999938964844,"left":16,"width":274.3999938964844,"height":1370.1666259765625},{"identifier":"52929821","top":5901.61669921875,"bottom":8564.933349609375,"right":290.3999938964844,"left":16,"width":274.3999938964844,"height":2663.316650390625},{"identifier":"39873377","top":8564.93359375,"bottom":9418.600280761719,"right":290.3999938964844,"left":16,"width":274.3999938964844,"height":853.6666870117188},{"identifier":"3978716","top":9418.599609375,"bottom":10102.566284179688,"right":290.3999938964844,"left":16,"width":274.3999938964844,"height":683.9666748046875},{"identifier":"37503916","top":10102.56640625,"bottom":11093.233093261719,"right":290.3999938964844,"left":16,"width":274.3999938964844,"height":990.6666870117188},{"identifier":"66174157","top":11093.2333984375,"bottom":12273.300048828125,"right":290.3999938964844,"left":16,"width":274.3999938964844,"height":1180.066650390625},{"identifier":"3978577","top":12273.2998046875,"bottom":13591.966430664062,"right":290.3999938964844,"left":16,"width":274.3999938964844,"height":1318.6666259765625},{"identifier":"47843872","top":13591.966796875,"bottom":14620.666748046875,"right":290.3999938964844,"left":16,"width":274.3999938964844,"height":1028.699951171875},{"identifier":"32253674","top":14620.6669921875,"bottom":15752.53369140625,"right":290.3999938964844,"left":16,"width":274.3999938964844,"height":1131.86669921875},{"identifier":"57709573","top":15752.533203125,"bottom":17493.39990234375,"right":290.3999938964844,"left":16,"width":274.3999938964844,"height":1740.86669921875},{"identifier":"3978606","top":17493.400390625,"bottom":18676.167114257812,"right":290.3999938964844,"left":16,"width":274.3999938964844,"height":1182.7667236328125},{"identifier":"23342513","top":18676.166015625,"bottom":19583.832641601562,"right":290.3999938964844,"left":16,"width":274.3999938964844,"height":907.6666259765625},{"identifier":"34924599","top":19583.833984375,"bottom":20194.400634765625,"right":290.3999938964844,"left":16,"width":274.3999938964844,"height":610.566650390625},{"identifier":"33774224","top":20194.400390625,"bottom":21682.067016601562,"right":290.3999938964844,"left":16,"width":274.3999938964844,"height":1487.6666259765625},{"identifier":"61818827","top":21682.06640625,"bottom":22282.333068847656,"right":290.3999938964844,"left":16,"width":274.3999938964844,"height":600.2666625976562},{"identifier":"68053929","top":22282.333984375,"bottom":23318.050659179688,"right":290.3999938964844,"left":16,"width":274.3999938964844,"height":1035.7166748046875},{"identifier":"45703365","top":23318.05078125,"bottom":23667.21743774414,"right":290.3999938964844,"left":16,"width":274.3999938964844,"height":349.1666564941406},{"identifier":"56498992","top":23667.216796875,"bottom":24828.08349609375,"right":290.3999938964844,"left":16,"width":274.3999938964844,"height":1160.86669921875},{"identifier":"59485360","top":24828.083984375,"bottom":25439.650634765625,"right":290.3999938964844,"left":16,"width":274.3999938964844,"height":611.566650390625},{"identifier":"60686878","top":25439.650390625,"bottom":25870.217041015625,"right":290.3999938964844,"left":16,"width":274.3999938964844,"height":430.566650390625},{"identifier":"63587384","top":25870.216796875,"bottom":26671.38348388672,"right":290.3999938964844,"left":16,"width":274.3999938964844,"height":801.1666870117188},{"identifier":"72240810","top":26671.3828125,"bottom":27165.849487304688,"right":290.3999938964844,"left":16,"width":274.3999938964844,"height":494.4666748046875}]}},{"timestamp":"2022-11-09T21:16:52.972Z","url":"https://stackoverflow.com/questions/3978492/fastest-way-to-duplicate-an-array-in-javascript-slice-vs-for-loop","component":"page","action":"scroll","data":{"viewport":{"x":0,"y":1267.199951171875,"height":595,"width":323},"document":{"height":31360,"width":306},"question":{"identifier":"3978492","top":-1073.0833740234375,"bottom":124.3499755859375,"right":290.3999938964844,"left":16,"width":274.3999938964844,"height":1197.433349609375},"answers":[{"identifier":"20547803","top":204.25,"bottom":2608.716552734375,"right":290.3999938964844,"left":16,"width":274.3999938964844,"height":2404.466552734375},{"identifier":"21514254","top":2608.716552734375,"bottom":3750.4832763671875,"right":290.3999938964844,"left":16,"width":274.3999938964844,"height":1141.7667236328125},{"identifier":"31251089","top":3750.4833984375,"bottom":4953.85009765625,"right":290.3999938964844,"left":16,"width":274.3999938964844,"height":1203.36669921875},{"identifier":"23481165","top":4953.85009765625,"bottom":6324.0167236328125,"right":290.3999938964844,"left":16,"width":274.3999938964844,"height":1370.1666259765625},{"identifier":"52929821","top":6324.0166015625,"bottom":8987.333251953125,"right":290.3999938964844,"left":16,"width":274.3999938964844,"height":2663.316650390625},{"identifier":"39873377","top":8987.3330078125,"bottom":9840.999694824219,"right":290.3999938964844,"left":16,"width":274.3999938964844,"height":853.6666870117188},{"identifier":"3978716","top":9841,"bottom":10524.966674804688,"right":290.3999938964844,"left":16,"width":274.3999938964844,"height":683.9666748046875},{"identifier":"37503916","top":10524.966796875,"bottom":11515.633483886719,"right":290.3999938964844,"left":16,"width":274.3999938964844,"height":990.6666870117188},{"identifier":"66174157","top":11515.6337890625,"bottom":12695.700439453125,"right":290.3999938964844,"left":16,"width":274.3999938964844,"height":1180.066650390625},{"identifier":"3978577","top":12695.7001953125,"bottom":14014.366821289062,"right":290.3999938964844,"left":16,"width":274.3999938964844,"height":1318.6666259765625},{"identifier":"47843872","top":14014.3662109375,"bottom":15043.066162109375,"right":290.3999938964844,"left":16,"width":274.3999938964844,"height":1028.699951171875},{"identifier":"32253674","top":15043.06640625,"bottom":16174.93310546875,"right":290.3999938964844,"left":16,"width":274.3999938964844,"height":1131.86669921875},{"identifier":"57709573","top":16174.93359375,"bottom":17915.80029296875,"right":290.3999938964844,"left":16,"width":274.3999938964844,"height":1740.86669921875},{"identifier":"3978606","top":17915.80078125,"bottom":19098.5673828125,"right":290.3999938964844,"left":16,"width":274.3999938964844,"height":1182.7666015625},{"identifier":"23342513","top":19098.56640625,"bottom":20006.23309326172,"right":290.3999938964844,"left":16,"width":274.3999938964844,"height":907.6666870117188},{"identifier":"34924599","top":20006.232421875,"bottom":20616.799072265625,"right":290.3999938964844,"left":16,"width":274.3999938964844,"height":610.566650390625},{"identifier":"33774224","top":20616.80078125,"bottom":22104.467407226562,"right":290.3999938964844,"left":16,"width":274.3999938964844,"height":1487.6666259765625},{"identifier":"61818827","top":22104.466796875,"bottom":22704.733459472656,"right":290.3999938964844,"left":16,"width":274.3999938964844,"height":600.2666625976562},{"identifier":"68053929","top":22704.732421875,"bottom":23740.449096679688,"right":290.3999938964844,"left":16,"width":274.3999938964844,"height":1035.7166748046875},{"identifier":"45703365","top":23740.44921875,"bottom":24089.61590576172,"right":290.3999938964844,"left":16,"width":274.3999938964844,"height":349.16668701171875},{"identifier":"56498992","top":24089.6171875,"bottom":25250.48388671875,"right":290.3999938964844,"left":16,"width":274.3999938964844,"height":1160.86669921875},{"identifier":"59485360","top":25250.482421875,"bottom":25862.049072265625,"right":290.3999938964844,"left":16,"width":274.3999938964844,"height":611.566650390625},{"identifier":"60686878","top":25862.05078125,"bottom":26292.617431640625,"right":290.3999938964844,"left":16,"width":274.3999938964844,"height":430.566650390625},{"identifier":"63587384","top":26292.6171875,"bottom":27093.78387451172,"right":290.3999938964844,"left":16,"width":274.3999938964844,"height":801.1666870117188},{"identifier":"72240810","top":27093.783203125,"bottom":27588.249877929688,"right":290.3999938964844,"left":16,"width":274.3999938964844,"height":494.4666748046875}]}}]}]}