{"trialId":"30065_1","taskId":"serve","appEvents":[{"timestamp":"2022-11-09T21:30:31.525Z","name":"search","data":"search-start"},{"timestamp":"2022-11-09T21:30:41.835Z","name":"search","data":"search-done"},{"timestamp":"2022-11-09T21:32:19.493Z","name":"resize","data":{"height":654,"width":324}},{"timestamp":"2022-11-09T21:32:25.481Z","name":"resize","data":{"height":654,"width":412}},{"timestamp":"2022-11-09T21:32:29.723Z","name":"resize","data":{"height":654,"width":458}},{"timestamp":"2022-11-09T21:35:49.520Z","name":"resize","data":{"height":654,"width":169}},{"timestamp":"2022-11-09T21:35:51.565Z","name":"resize","data":{"height":654,"width":418}}],"searches":[{"keywords":["add","static","route","express"],"context":{"tokens":[{"kind":"library","value":"express"},{"kind":"library","value":"path"},{"kind":"language","value":"javascript"}]},"timestamp":"2022-11-09T21:30:31.524Z","results":[{"signatures":[{"answerKeywords":["route","route","express","static","route","express","static","static","express","static","static","express","static","express","static","route","static","static","route","route","static","route","route","route","route","route","express","static","express","route","express","route","static","route","static"],"answerWordCount":1899,"text":"use(string, unknown)","parentType":"any","name":"use","arguments":[{"type":"string"},{"type":"any"}],"returnType":"any","usage":"app.use('/', router)","definition":"","source":"app.use('/', router);\napp.use(express.static(__dirname + '/public'));\n\napp.use(express.static(__dirname + '/public/html'));\napp.use(express.static(__dirname + '/public'));\napp.use('/', router);\n","answerId":"28143812","answerUrl":"https://stackoverflow.com/a/28143812","voteCount":22,"isAccepted":true,"lastModified":"2015-01-26T02:08:44.000Z"},{"answerKeywords":["route","route","express","static","route","express","static","static","express","static","static","express","static","express","static","route","static","static","route","route","static","route","route","route","route","route","express","static","express","route","express","route","static","route","static"],"answerWordCount":1899,"text":"use(unknown)","parentType":"any","name":"use","arguments":[{"type":"any"}],"returnType":"any","usage":"app.use(express.static(__dirname + '/public'))","definition":"","source":"app.use('/', router);\napp.use(express.static(__dirname + '/public'));\n\napp.use(express.static(__dirname + '/public/html'));\napp.use(express.static(__dirname + '/public'));\napp.use('/', router);\n","answerId":"28143812","answerUrl":"https://stackoverflow.com/a/28143812","voteCount":22,"isAccepted":true,"lastModified":"2015-01-26T02:08:44.000Z"},{"answerKeywords":["route","route","express","static","route","express","static","static","express","static","static","express","static","express","static","route","static","static","route","route","static","route","route","route","route","route","express","static","express","route","express","route","static","route","static"],"answerWordCount":1899,"text":"static(string)","parentType":"any","name":"static","arguments":[{"type":"string"}],"returnType":"any","usage":"express.static(__dirname + '/public')","definition":"","source":"app.use('/', router);\napp.use(express.static(__dirname + '/public'));\n\napp.use(express.static(__dirname + '/public/html'));\napp.use(express.static(__dirname + '/public'));\napp.use('/', router);\n","answerId":"28143812","answerUrl":"https://stackoverflow.com/a/28143812","voteCount":22,"isAccepted":true,"lastModified":"2015-01-26T02:08:44.000Z"},{"answerKeywords":["route","route","express","static","route","express","static","static","express","static","static","express","static","express","static","route","static","static","route","route","static","route","route","route","route","route","express","static","express","route","express","route","static","route","static"],"answerWordCount":1899,"text":"use(unknown)","parentType":"any","name":"use","arguments":[{"type":"any"}],"returnType":"any","usage":"app.use(express.static(__dirname + '/public/html'))","definition":"","source":"app.use('/', router);\napp.use(express.static(__dirname + '/public'));\n\napp.use(express.static(__dirname + '/public/html'));\napp.use(express.static(__dirname + '/public'));\napp.use('/', router);\n","answerId":"28143812","answerUrl":"https://stackoverflow.com/a/28143812","voteCount":22,"isAccepted":true,"lastModified":"2015-01-26T02:08:44.000Z"},{"answerKeywords":["route","route","express","static","route","express","static","static","express","static","static","express","static","express","static","route","static","static","route","route","static","route","route","route","route","route","express","static","express","route","express","route","static","route","static"],"answerWordCount":1899,"text":"static(string)","parentType":"any","name":"static","arguments":[{"type":"string"}],"returnType":"any","usage":"express.static(__dirname + '/public/html')","definition":"","source":"app.use('/', router);\napp.use(express.static(__dirname + '/public'));\n\napp.use(express.static(__dirname + '/public/html'));\napp.use(express.static(__dirname + '/public'));\napp.use('/', router);\n","answerId":"28143812","answerUrl":"https://stackoverflow.com/a/28143812","voteCount":22,"isAccepted":true,"lastModified":"2015-01-26T02:08:44.000Z"},{"answerKeywords":["route","route","express","static","route","express","static","static","express","static","static","express","static","express","static","route","static","static","route","route","static","route","route","route","route","route","express","static","express","route","express","route","static","route","static"],"answerWordCount":1899,"text":"use(unknown)","parentType":"any","name":"use","arguments":[{"type":"any"}],"returnType":"any","usage":"app.use(express.static(__dirname + '/public'))","definition":"","source":"app.use('/', router);\napp.use(express.static(__dirname + '/public'));\n\napp.use(express.static(__dirname + '/public/html'));\napp.use(express.static(__dirname + '/public'));\napp.use('/', router);\n","answerId":"28143812","answerUrl":"https://stackoverflow.com/a/28143812","voteCount":22,"isAccepted":true,"lastModified":"2015-01-26T02:08:44.000Z"},{"answerKeywords":["route","route","express","static","route","express","static","static","express","static","static","express","static","express","static","route","static","static","route","route","static","route","route","route","route","route","express","static","express","route","express","route","static","route","static"],"answerWordCount":1899,"text":"static(string)","parentType":"any","name":"static","arguments":[{"type":"string"}],"returnType":"any","usage":"express.static(__dirname + '/public')","definition":"","source":"app.use('/', router);\napp.use(express.static(__dirname + '/public'));\n\napp.use(express.static(__dirname + '/public/html'));\napp.use(express.static(__dirname + '/public'));\napp.use('/', router);\n","answerId":"28143812","answerUrl":"https://stackoverflow.com/a/28143812","voteCount":22,"isAccepted":true,"lastModified":"2015-01-26T02:08:44.000Z"},{"answerKeywords":["route","route","express","static","route","express","static","static","express","static","static","express","static","express","static","route","static","static","route","route","static","route","route","route","route","route","express","static","express","route","express","route","static","route","static"],"answerWordCount":1899,"text":"use(string, unknown)","parentType":"any","name":"use","arguments":[{"type":"string"},{"type":"any"}],"returnType":"any","usage":"app.use('/', router)","definition":"","source":"app.use('/', router);\napp.use(express.static(__dirname + '/public'));\n\napp.use(express.static(__dirname + '/public/html'));\napp.use(express.static(__dirname + '/public'));\napp.use('/', router);\n","answerId":"28143812","answerUrl":"https://stackoverflow.com/a/28143812","voteCount":22,"isAccepted":true,"lastModified":"2015-01-26T02:08:44.000Z"}],"areSignaturesLoading":false,"title":"node.js - `express.static()` keeps routing my files from the route","snippet":"1 Answer 1 ... app.use('/', router); app.use(express.static(__dirname + '/public'));. means your router will be called first and, if no middleware ...","url":"https://stackoverflow.com/questions/28143419/express-static-keeps-routing-my-files-from-the-route","displayLink":"https://stackoverflow.com › questions › express-static-k...","snippetHighlightWords":["express","static"],"date":"Jan 26, 2015"},{"signatures":[],"areSignaturesLoading":false,"title":"How to serve static files to different routes in Express?","snippet":"It's got to do with relative path. With express it's safer to use absolute path. After your route goes one level deep, the html file which ...","url":"https://stackoverflow.com/questions/55853857/how-to-serve-static-files-to-different-routes-in-express","displayLink":"https://stackoverflow.com › questions › how-to-serve-st...","snippetHighlightWords":["path","express","path","route"],"date":"Apr 25, 2019 1 answer"},{"signatures":[],"areSignaturesLoading":false,"title":"Node Express force all static routes to point to root path","snippet":"I have a node.js application that I am trying to genericize so that no matter the URL on the back end it always uses the root path to serve ...","url":"https://stackoverflow.com/questions/58081749/node-express-force-all-static-routes-to-point-to-root-path","displayLink":"https://stackoverflow.com › questions › node-express-f...","snippetHighlightWords":["node","js","path"],"date":"Sep 24, 2019"},{"signatures":[{"answerKeywords":["route","static","path","static","path","route"],"answerWordCount":959,"text":"get(string, unknown)","parentType":"any","name":"get","arguments":[{"type":"string"},{"type":"any"}],"returnType":"any","usage":"app.get('/xyz/api/user', authApi.user)","definition":"","source":"app.get('/xyz/api/user', authApi.user);\napp.use('/xyz/',Express.static(path.join(__dirname,'/app')));\n","answerId":"42977199","answerUrl":"https://stackoverflow.com/a/42977199","voteCount":2,"isAccepted":true,"lastModified":"2017-03-23T13:17:14.000Z"},{"answerKeywords":["route","static","path","static","path","route"],"answerWordCount":959,"text":"use(string, unknown)","parentType":"any","name":"use","arguments":[{"type":"string"},{"type":"any"}],"returnType":"any","usage":"app.use('/xyz/',Express.static(path.join(__dirname,'/app')))","definition":"","source":"app.get('/xyz/api/user', authApi.user);\napp.use('/xyz/',Express.static(path.join(__dirname,'/app')));\n","answerId":"42977199","answerUrl":"https://stackoverflow.com/a/42977199","voteCount":2,"isAccepted":true,"lastModified":"2017-03-23T13:17:14.000Z"},{"answerKeywords":["route","static","path","static","path","route"],"answerWordCount":959,"text":"static(unknown)","parentType":"any","name":"static","arguments":[{"type":"any"}],"returnType":"any","usage":"Express.static(path.join(__dirname,'/app'))","definition":"","source":"app.get('/xyz/api/user', authApi.user);\napp.use('/xyz/',Express.static(path.join(__dirname,'/app')));\n","answerId":"42977199","answerUrl":"https://stackoverflow.com/a/42977199","voteCount":2,"isAccepted":true,"lastModified":"2017-03-23T13:17:14.000Z"},{"answerKeywords":["route","static","path","static","path","route"],"answerWordCount":959,"text":"join(unknown, string)","parentType":"any","name":"join","arguments":[{"type":"any"},{"type":"string"}],"returnType":"any","usage":"path.join(__dirname,'/app')","definition":"","source":"app.get('/xyz/api/user', authApi.user);\napp.use('/xyz/',Express.static(path.join(__dirname,'/app')));\n","answerId":"42977199","answerUrl":"https://stackoverflow.com/a/42977199","voteCount":2,"isAccepted":true,"lastModified":"2017-03-23T13:17:14.000Z"}],"areSignaturesLoading":false,"title":"Express serving static files and routing - Stack Overflow","snippet":"I am using express js My root path is ...","url":"https://stackoverflow.com/questions/42977068/express-serving-static-files-and-routing","displayLink":"https://stackoverflow.com › questions › express-serving...","snippetHighlightWords":["express js","path"],"date":"Mar 23, 2017"},{"signatures":[{"answerKeywords":["add","express","static","static","static","static","express","static","path","add","express","static","static"],"answerWordCount":1613,"text":"use(unknown)","parentType":"any","name":"use","arguments":[{"type":"any"}],"returnType":"any","usage":"app.use(express.static('data'))","definition":"","source":"app.use(express.static('data'));\n\nvar staticMiddleware = function(req, res, next){\n    console.log(\"middleware\")\n    next();\n}\n\napp.use(staticMiddleware );\n","answerId":"69758638","answerUrl":"https://stackoverflow.com/a/69758638","voteCount":0,"isAccepted":true,"lastModified":"2021-10-28T18:46:14.000Z"},{"answerKeywords":["add","express","static","static","static","static","express","static","path","add","express","static","static"],"answerWordCount":1613,"text":"static(string)","parentType":"any","name":"static","arguments":[{"type":"string"}],"returnType":"any","usage":"express.static('data')","definition":"","source":"app.use(express.static('data'));\n\nvar staticMiddleware = function(req, res, next){\n    console.log(\"middleware\")\n    next();\n}\n\napp.use(staticMiddleware );\n","answerId":"69758638","answerUrl":"https://stackoverflow.com/a/69758638","voteCount":0,"isAccepted":true,"lastModified":"2021-10-28T18:46:14.000Z"},{"answerKeywords":["add","express","static","static","static","static","express","static","path","add","express","static","static"],"answerWordCount":1613,"text":"use(function)","parentType":"any","name":"use","arguments":[{"type":"(req: any, res: any, next: any) => void"}],"returnType":"any","usage":"app.use(staticMiddleware )","definition":"","source":"app.use(express.static('data'));\n\nvar staticMiddleware = function(req, res, next){\n    console.log(\"middleware\")\n    next();\n}\n\napp.use(staticMiddleware );\n","answerId":"69758638","answerUrl":"https://stackoverflow.com/a/69758638","voteCount":0,"isAccepted":true,"lastModified":"2021-10-28T18:46:14.000Z"}],"areSignaturesLoading":false,"title":"express static routes are not working when adding a validation ...","snippet":"I`ve got a status 404 not found. How can I add another middleware to app.use before the express.static middleware? javascript · express ...","url":"https://stackoverflow.com/questions/69758526/express-static-routes-are-not-working-when-adding-a-validation-middleware","displayLink":"https://stackoverflow.com › questions › express-static-r...","snippetHighlightWords":["add","express","static","javascript","express"],"date":"Oct 28, 2021"},{"signatures":[{"answerKeywords":["express","static","path","static"],"answerWordCount":957,"text":"use(unknown)","parentType":"any","name":"use","arguments":[{"type":"any"}],"returnType":"any","usage":"app.use(express.static(path.join(__dirname, 'public')))","definition":"","source":"app.use(express.static(path.join(__dirname, 'public')));\n\nhttp://localhost:8080/views/src/index.js","answerId":"55285916","answerUrl":"https://stackoverflow.com/a/55285916","voteCount":2,"isAccepted":false,"lastModified":"2019-03-21T17:18:59.000Z"},{"answerKeywords":["express","static","path","static"],"answerWordCount":957,"text":"static(unknown)","parentType":"any","name":"static","arguments":[{"type":"any"}],"returnType":"any","usage":"express.static(path.join(__dirname, 'public'))","definition":"","source":"app.use(express.static(path.join(__dirname, 'public')));\n\nhttp://localhost:8080/views/src/index.js","answerId":"55285916","answerUrl":"https://stackoverflow.com/a/55285916","voteCount":2,"isAccepted":false,"lastModified":"2019-03-21T17:18:59.000Z"},{"answerKeywords":["express","static","path","static"],"answerWordCount":957,"text":"join(unknown, string)","parentType":"any","name":"join","arguments":[{"type":"any"},{"type":"string"}],"returnType":"any","usage":"path.join(__dirname, 'public')","definition":"","source":"app.use(express.static(path.join(__dirname, 'public')));\n\nhttp://localhost:8080/views/src/index.js","answerId":"55285916","answerUrl":"https://stackoverflow.com/a/55285916","voteCount":2,"isAccepted":false,"lastModified":"2019-03-21T17:18:59.000Z"},{"answerKeywords":["express","static","express","static","path"],"answerWordCount":966,"text":"use(unknown)","parentType":"any","name":"use","arguments":[{"type":"any"}],"returnType":"any","usage":"app.use(express.static(path.join(__dirname, 'views', 'src')))","definition":"","source":"app.use(express.static(path.join(__dirname, 'views', 'src')));\napp.use(userRoutes);\n","answerId":"55289687","answerUrl":"https://stackoverflow.com/a/55289687","voteCount":1,"isAccepted":false,"lastModified":"2019-03-21T21:42:08.000Z"},{"answerKeywords":["express","static","express","static","path"],"answerWordCount":966,"text":"static(unknown)","parentType":"any","name":"static","arguments":[{"type":"any"}],"returnType":"any","usage":"express.static(path.join(__dirname, 'views', 'src'))","definition":"","source":"app.use(express.static(path.join(__dirname, 'views', 'src')));\napp.use(userRoutes);\n","answerId":"55289687","answerUrl":"https://stackoverflow.com/a/55289687","voteCount":1,"isAccepted":false,"lastModified":"2019-03-21T21:42:08.000Z"},{"answerKeywords":["express","static","express","static","path"],"answerWordCount":966,"text":"join(unknown, string, string)","parentType":"any","name":"join","arguments":[{"type":"any"},{"type":"string"},{"type":"string"}],"returnType":"any","usage":"path.join(__dirname, 'views', 'src')","definition":"","source":"app.use(express.static(path.join(__dirname, 'views', 'src')));\napp.use(userRoutes);\n","answerId":"55289687","answerUrl":"https://stackoverflow.com/a/55289687","voteCount":1,"isAccepted":false,"lastModified":"2019-03-21T21:42:08.000Z"},{"answerKeywords":["express","static","express","static","path"],"answerWordCount":966,"text":"use(unknown)","parentType":"any","name":"use","arguments":[{"type":"any"}],"returnType":"any","usage":"app.use(userRoutes)","definition":"","source":"app.use(express.static(path.join(__dirname, 'views', 'src')));\napp.use(userRoutes);\n","answerId":"55289687","answerUrl":"https://stackoverflow.com/a/55289687","voteCount":1,"isAccepted":false,"lastModified":"2019-03-21T21:42:08.000Z"}],"areSignaturesLoading":false,"title":"express.static() doesn't route the static files - Stack Overflow","snippet":"I would just serve the public folder. app.use(express.static(path.join(__dirname, 'public')));. Then you can just do:","url":"https://stackoverflow.com/questions/55285668/express-static-doesnt-route-the-static-files","displayLink":"https://stackoverflow.com › questions › express-static-d...","snippetHighlightWords":["express","static","path"],"date":"Mar 21, 2019 2 answers"},{"signatures":[{"answerKeywords":["express","static","express","static","path","static","express","route","static","express","route","path","static","path","static"],"answerWordCount":1646,"text":"use(unknown)","parentType":"any","name":"use","arguments":[{"type":"any"}],"returnType":"any","usage":"app.use(express.static(path.join(__dirname, 'public')))","definition":"","source":"app.use(express.static(path.join(__dirname, 'public')));\n","answerId":"60879014","answerUrl":"https://stackoverflow.com/a/60879014","voteCount":1,"isAccepted":false,"lastModified":"2020-03-27T02:12:07.000Z"},{"answerKeywords":["express","static","express","static","path","static","express","route","static","express","route","path","static","path","static"],"answerWordCount":1646,"text":"static(unknown)","parentType":"any","name":"static","arguments":[{"type":"any"}],"returnType":"any","usage":"express.static(path.join(__dirname, 'public'))","definition":"","source":"app.use(express.static(path.join(__dirname, 'public')));\n","answerId":"60879014","answerUrl":"https://stackoverflow.com/a/60879014","voteCount":1,"isAccepted":false,"lastModified":"2020-03-27T02:12:07.000Z"},{"answerKeywords":["express","static","express","static","path","static","express","route","static","express","route","path","static","path","static"],"answerWordCount":1646,"text":"join(unknown, string)","parentType":"any","name":"join","arguments":[{"type":"any"},{"type":"string"}],"returnType":"any","usage":"path.join(__dirname, 'public')","definition":"","source":"app.use(express.static(path.join(__dirname, 'public')));\n","answerId":"60879014","answerUrl":"https://stackoverflow.com/a/60879014","voteCount":1,"isAccepted":false,"lastModified":"2020-03-27T02:12:07.000Z"},{"answerKeywords":["add","path","path","express","static","path","path","path","express","static","path","path","path","route","path","static","route"],"answerWordCount":1599,"text":"use(string, unknown)","parentType":"any","name":"use","arguments":[{"type":"string"},{"type":"any"}],"returnType":"any","usage":"app.use('/path1', express.static(__dirname + '/www'))","definition":"","source":"app.use('/path1', express.static(__dirname + '/www'));            // Serves files as named in the '/path1' url path\napp.use('/path2', express.static(__dirname + '/otherdirectory')); // Serves files as named in the '/path2' url path\n","answerId":"60879319","answerUrl":"https://stackoverflow.com/a/60879319","voteCount":1,"isAccepted":false,"lastModified":"2020-03-27T02:50:33.000Z"},{"answerKeywords":["add","path","path","express","static","path","path","path","express","static","path","path","path","route","path","static","route"],"answerWordCount":1599,"text":"static(string)","parentType":"any","name":"static","arguments":[{"type":"string"}],"returnType":"any","usage":"express.static(__dirname + '/www')","definition":"","source":"app.use('/path1', express.static(__dirname + '/www'));            // Serves files as named in the '/path1' url path\napp.use('/path2', express.static(__dirname + '/otherdirectory')); // Serves files as named in the '/path2' url path\n","answerId":"60879319","answerUrl":"https://stackoverflow.com/a/60879319","voteCount":1,"isAccepted":false,"lastModified":"2020-03-27T02:50:33.000Z"},{"answerKeywords":["add","path","path","express","static","path","path","path","express","static","path","path","path","route","path","static","route"],"answerWordCount":1599,"text":"use(string, unknown)","parentType":"any","name":"use","arguments":[{"type":"string"},{"type":"any"}],"returnType":"any","usage":"app.use('/path2', express.static(__dirname + '/otherdirectory'))","definition":"","source":"app.use('/path1', express.static(__dirname + '/www'));            // Serves files as named in the '/path1' url path\napp.use('/path2', express.static(__dirname + '/otherdirectory')); // Serves files as named in the '/path2' url path\n","answerId":"60879319","answerUrl":"https://stackoverflow.com/a/60879319","voteCount":1,"isAccepted":false,"lastModified":"2020-03-27T02:50:33.000Z"},{"answerKeywords":["add","path","path","express","static","path","path","path","express","static","path","path","path","route","path","static","route"],"answerWordCount":1599,"text":"static(string)","parentType":"any","name":"static","arguments":[{"type":"string"}],"returnType":"any","usage":"express.static(__dirname + '/otherdirectory')","definition":"","source":"app.use('/path1', express.static(__dirname + '/www'));            // Serves files as named in the '/path1' url path\napp.use('/path2', express.static(__dirname + '/otherdirectory')); // Serves files as named in the '/path2' url path\n","answerId":"60879319","answerUrl":"https://stackoverflow.com/a/60879319","voteCount":1,"isAccepted":false,"lastModified":"2020-03-27T02:50:33.000Z"}],"areSignaturesLoading":false,"title":"Express routes to serve directory of static content","snippet":"yes but a whole directory of it to specific route path. – Ajay. Mar 27, 2020 at 1:59. Add a comment ...","url":"https://stackoverflow.com/questions/60878869/express-routes-to-serve-directory-of-static-content","displayLink":"https://stackoverflow.com › questions › express-routes-t...","snippetHighlightWords":["directory","route path","Add"],"date":"Mar 27, 2020"},{"signatures":[{"answerKeywords":["route","path","path"],"answerWordCount":908,"text":"use(function)","parentType":"any","name":"use","arguments":[{"type":"(req: any, res: any, next: any) => void"}],"returnType":"any","usage":"app.use(requestParser)","definition":"","source":"var requestParser = function(req, res, next) {\n    if(req.originalUrl.indexOf('/assets/') >= 0) {\n        var assetPath = path.join(wwwPath,  req.path.slice(req.url.indexOf('/assets/')));\n        fs.stat(assetPath, function(error, stat){\n            if(stat && stat.isFile()) {\n                res.sendFile(assetPath);\n            }\n            else{ \n                res.status(404).send('<h1>404</h1>');\n            }\n        });\n    }\n    else {\n        next();\n    }\n};\n\napp.use(requestParser);\n\napp.use('/list/*', function(req, res, next) {\n    res.sendFile('schema.html', { root: wwwPath });\n});\n\napp.use('/setup/*', function(req, res, next) {\n    res.sendFile('setup.html', { root: wwwPath });\n});\n","answerId":"36403370","answerUrl":"https://stackoverflow.com/a/36403370","voteCount":0,"isAccepted":true,"lastModified":"2016-04-04T12:58:11.000Z"},{"answerKeywords":["route","path","path"],"answerWordCount":908,"text":"use(string, function)","parentType":"any","name":"use","arguments":[{"type":"string"},{"type":"(req: any, res: any, next: any) => void"}],"returnType":"any","usage":"app.use('/list/*', function(req, res, next) {\n    res.sendFile('schema.html', { root: wwwPath });\n})","definition":"","source":"var requestParser = function(req, res, next) {\n    if(req.originalUrl.indexOf('/assets/') >= 0) {\n        var assetPath = path.join(wwwPath,  req.path.slice(req.url.indexOf('/assets/')));\n        fs.stat(assetPath, function(error, stat){\n            if(stat && stat.isFile()) {\n                res.sendFile(assetPath);\n            }\n            else{ \n                res.status(404).send('<h1>404</h1>');\n            }\n        });\n    }\n    else {\n        next();\n    }\n};\n\napp.use(requestParser);\n\napp.use('/list/*', function(req, res, next) {\n    res.sendFile('schema.html', { root: wwwPath });\n});\n\napp.use('/setup/*', function(req, res, next) {\n    res.sendFile('setup.html', { root: wwwPath });\n});\n","answerId":"36403370","answerUrl":"https://stackoverflow.com/a/36403370","voteCount":0,"isAccepted":true,"lastModified":"2016-04-04T12:58:11.000Z"},{"answerKeywords":["route","path","path"],"answerWordCount":908,"text":"use(string, function)","parentType":"any","name":"use","arguments":[{"type":"string"},{"type":"(req: any, res: any, next: any) => void"}],"returnType":"any","usage":"app.use('/setup/*', function(req, res, next) {\n    res.sendFile('setup.html', { root: wwwPath });\n})","definition":"","source":"var requestParser = function(req, res, next) {\n    if(req.originalUrl.indexOf('/assets/') >= 0) {\n        var assetPath = path.join(wwwPath,  req.path.slice(req.url.indexOf('/assets/')));\n        fs.stat(assetPath, function(error, stat){\n            if(stat && stat.isFile()) {\n                res.sendFile(assetPath);\n            }\n            else{ \n                res.status(404).send('<h1>404</h1>');\n            }\n        });\n    }\n    else {\n        next();\n    }\n};\n\napp.use(requestParser);\n\napp.use('/list/*', function(req, res, next) {\n    res.sendFile('schema.html', { root: wwwPath });\n});\n\napp.use('/setup/*', function(req, res, next) {\n    res.sendFile('setup.html', { root: wwwPath });\n});\n","answerId":"36403370","answerUrl":"https://stackoverflow.com/a/36403370","voteCount":0,"isAccepted":true,"lastModified":"2016-04-04T12:58:11.000Z"}],"areSignaturesLoading":false,"title":"node.js - Static routing in node express - Stack Overflow","snippet":"You'd be a lot better off if you don't create conflicting rules where more than one rule matches the same path. · What do you mean exactly by \" / ...","url":"https://stackoverflow.com/questions/36395563/static-routing-in-node-express","displayLink":"https://stackoverflow.com › questions › static-routing-in...","snippetHighlightWords":["create","path"],"date":"Apr 4, 2016"},{"signatures":[{"answerKeywords":["route","route","path"],"answerWordCount":2042,"text":"get(string, function)","parentType":"any","name":"get","arguments":[{"type":"string"},{"type":"(req: any, res: any) => void"}],"returnType":"any","usage":"app.get('/about', (req, res) => {\n  res.sendFile(__dirname + '/views/about.html');\n})","definition":"","source":"app.get('/about', (req, res) => {\n  res.sendFile(__dirname + '/views/about.html');\n});\n\napp.get('/contact', (req, res) => {\n  res.sendFile(__dirname + '/views/contact.html');\n});\napp.get('/', (req, res) => {\n  res.sendFile(__dirname + '/views/home.html');\n});\n\n","answerId":"66258942","answerUrl":"https://stackoverflow.com/a/66258942","voteCount":2,"isAccepted":false,"lastModified":"2021-02-18T17:39:23.000Z"},{"answerKeywords":["route","route","path"],"answerWordCount":2042,"text":"get(string, function)","parentType":"any","name":"get","arguments":[{"type":"string"},{"type":"(req: any, res: any) => void"}],"returnType":"any","usage":"app.get('/contact', (req, res) => {\n  res.sendFile(__dirname + '/views/contact.html');\n})","definition":"","source":"app.get('/about', (req, res) => {\n  res.sendFile(__dirname + '/views/about.html');\n});\n\napp.get('/contact', (req, res) => {\n  res.sendFile(__dirname + '/views/contact.html');\n});\napp.get('/', (req, res) => {\n  res.sendFile(__dirname + '/views/home.html');\n});\n\n","answerId":"66258942","answerUrl":"https://stackoverflow.com/a/66258942","voteCount":2,"isAccepted":false,"lastModified":"2021-02-18T17:39:23.000Z"},{"answerKeywords":["route","route","path"],"answerWordCount":2042,"text":"get(string, function)","parentType":"any","name":"get","arguments":[{"type":"string"},{"type":"(req: any, res: any) => void"}],"returnType":"any","usage":"app.get('/', (req, res) => {\n  res.sendFile(__dirname + '/views/home.html');\n})","definition":"","source":"app.get('/about', (req, res) => {\n  res.sendFile(__dirname + '/views/about.html');\n});\n\napp.get('/contact', (req, res) => {\n  res.sendFile(__dirname + '/views/contact.html');\n});\napp.get('/', (req, res) => {\n  res.sendFile(__dirname + '/views/home.html');\n});\n\n","answerId":"66258942","answerUrl":"https://stackoverflow.com/a/66258942","voteCount":2,"isAccepted":false,"lastModified":"2021-02-18T17:39:23.000Z"}],"areSignaturesLoading":false,"title":"Creating routing for a static site using Express - Stack Overflow","snippet":"I am creating a static site, (HTML, CSS, JS) using nodeJS and express for the server... I am trying to create routes, so that the user sees ...","url":"https://stackoverflow.com/questions/66258861/creating-routing-for-a-static-site-using-express","displayLink":"https://stackoverflow.com › questions › creating-routin...","snippetHighlightWords":["static","JS","nodeJS","express","create routes"],"date":"Feb 18, 2021"},{"signatures":[],"areSignaturesLoading":false,"title":"How to add a static route after a dynamic one in ExpressJS?","snippet":"Well, express checks routes in the the order they are registered, and the first one matching is executed. · @bogdanoff what do you think require( ...","url":"https://stackoverflow.com/questions/73305912/how-to-add-a-static-route-after-a-dynamic-one-in-expressjs","displayLink":"https://stackoverflow.com › questions › how-to-add-a-st...","snippetHighlightWords":["express","routes"],"date":"Aug 10, 2022"}],"events":[{"timestamp":"2022-11-09T21:30:38.039Z","url":"https://stackoverflow.com/questions/58081749/node-express-force-all-static-routes-to-point-to-root-path","component":"projection","action":"mouseenter"},{"timestamp":"2022-11-09T21:30:38.096Z","url":"https://stackoverflow.com/questions/28143419/express-static-keeps-routing-my-files-from-the-route","component":"projection","action":"loaded","data":"projection 1 of 10"},{"timestamp":"2022-11-09T21:30:38.167Z","url":"https://stackoverflow.com/questions/58081749/node-express-force-all-static-routes-to-point-to-root-path","component":"projection","action":"mouseleave"},{"timestamp":"2022-11-09T21:30:38.168Z","url":"https://stackoverflow.com/questions/55853857/how-to-serve-static-files-to-different-routes-in-express","component":"projection","action":"mouseenter"},{"timestamp":"2022-11-09T21:30:38.283Z","url":"https://stackoverflow.com/questions/55853857/how-to-serve-static-files-to-different-routes-in-express","component":"projection","action":"mouseleave"},{"timestamp":"2022-11-09T21:30:38.283Z","url":"https://stackoverflow.com/questions/28143419/express-static-keeps-routing-my-files-from-the-route","component":"projection","action":"mouseenter"},{"timestamp":"2022-11-09T21:30:38.284Z","url":"","component":"projection","action":"mouseenter","data":"static(string)"},{"timestamp":"2022-11-09T21:30:38.329Z","url":"","component":"projection","action":"mouseleave","data":"static(string)"},{"timestamp":"2022-11-09T21:30:38.331Z","url":"","component":"projection","action":"mouseenter","data":"use(unknown)"},{"timestamp":"2022-11-09T21:30:38.371Z","url":"","component":"projection","action":"mouseleave","data":"use(unknown)"},{"timestamp":"2022-11-09T21:30:38.373Z","url":"","component":"projection","action":"mouseenter","data":"use(string, unknown)"},{"timestamp":"2022-11-09T21:30:38.523Z","url":"","component":"projection","action":"mouseleave","data":"use(string, unknown)"},{"timestamp":"2022-11-09T21:30:38.695Z","url":"https://stackoverflow.com/questions/55853857/how-to-serve-static-files-to-different-routes-in-express","component":"projection","action":"loaded","data":"projection 2 of 10"},{"timestamp":"2022-11-09T21:30:38.969Z","url":"https://stackoverflow.com/questions/58081749/node-express-force-all-static-routes-to-point-to-root-path","component":"projection","action":"loaded","data":"projection 3 of 10"},{"timestamp":"2022-11-09T21:30:39.263Z","url":"https://stackoverflow.com/questions/42977068/express-serving-static-files-and-routing","component":"projection","action":"loaded","data":"projection 4 of 10"},{"timestamp":"2022-11-09T21:30:39.682Z","url":"https://stackoverflow.com/questions/69758526/express-static-routes-are-not-working-when-adding-a-validation-middleware","component":"projection","action":"loaded","data":"projection 5 of 10"},{"timestamp":"2022-11-09T21:30:40.239Z","url":"https://stackoverflow.com/questions/55285668/express-static-doesnt-route-the-static-files","component":"projection","action":"loaded","data":"projection 6 of 10"},{"timestamp":"2022-11-09T21:30:40.672Z","url":"","component":"projection","action":"mouseenter","data":"use(string, unknown)"},{"timestamp":"2022-11-09T21:30:40.689Z","url":"","component":"projection","action":"mouseleave","data":"use(string, unknown)"},{"timestamp":"2022-11-09T21:30:40.694Z","url":"","component":"projection","action":"mouseenter","data":"use(unknown)"},{"timestamp":"2022-11-09T21:30:40.722Z","url":"","component":"projection","action":"mouseleave","data":"use(unknown)"},{"timestamp":"2022-11-09T21:30:40.728Z","url":"","component":"projection","action":"mouseenter","data":"static(string)"},{"timestamp":"2022-11-09T21:30:40.754Z","url":"","component":"projection","action":"mouseleave","data":"static(string)"},{"timestamp":"2022-11-09T21:30:40.772Z","url":"https://stackoverflow.com/questions/28143419/express-static-keeps-routing-my-files-from-the-route","component":"projection","action":"mouseleave"},{"timestamp":"2022-11-09T21:30:40.779Z","url":"https://stackoverflow.com/questions/55853857/how-to-serve-static-files-to-different-routes-in-express","component":"projection","action":"mouseenter"},{"timestamp":"2022-11-09T21:30:40.847Z","url":"https://stackoverflow.com/questions/60878869/express-routes-to-serve-directory-of-static-content","component":"projection","action":"loaded","data":"projection 7 of 10"},{"timestamp":"2022-11-09T21:30:41.277Z","url":"https://stackoverflow.com/questions/36395563/static-routing-in-node-express","component":"projection","action":"loaded","data":"projection 8 of 10"},{"timestamp":"2022-11-09T21:30:41.650Z","url":"https://stackoverflow.com/questions/66258861/creating-routing-for-a-static-site-using-express","component":"projection","action":"loaded","data":"projection 9 of 10"},{"timestamp":"2022-11-09T21:30:41.689Z","url":"https://stackoverflow.com/questions/55853857/how-to-serve-static-files-to-different-routes-in-express","component":"projection","action":"mouseleave"},{"timestamp":"2022-11-09T21:30:41.693Z","url":"https://stackoverflow.com/questions/58081749/node-express-force-all-static-routes-to-point-to-root-path","component":"projection","action":"mouseenter"},{"timestamp":"2022-11-09T21:30:41.835Z","url":"https://stackoverflow.com/questions/73305912/how-to-add-a-static-route-after-a-dynamic-one-in-expressjs","component":"projection","action":"loaded","data":"projection 10 of 10"},{"timestamp":"2022-11-09T21:30:42.748Z","url":"https://stackoverflow.com/questions/58081749/node-express-force-all-static-routes-to-point-to-root-path","component":"projection","action":"mouseleave"},{"timestamp":"2022-11-09T21:30:42.754Z","url":"https://stackoverflow.com/questions/55853857/how-to-serve-static-files-to-different-routes-in-express","component":"projection","action":"mouseenter"},{"timestamp":"2022-11-09T21:30:42.804Z","url":"https://stackoverflow.com/questions/55853857/how-to-serve-static-files-to-different-routes-in-express","component":"projection","action":"mouseleave"},{"timestamp":"2022-11-09T21:30:42.806Z","url":"https://stackoverflow.com/questions/28143419/express-static-keeps-routing-my-files-from-the-route","component":"projection","action":"mouseenter"},{"timestamp":"2022-11-09T21:30:42.821Z","url":"","component":"projection","action":"mouseenter","data":"static(string)"},{"timestamp":"2022-11-09T21:30:42.855Z","url":"","component":"projection","action":"mouseleave","data":"static(string)"},{"timestamp":"2022-11-09T21:30:42.857Z","url":"","component":"projection","action":"mouseenter","data":"use(unknown)"},{"timestamp":"2022-11-09T21:30:43.937Z","url":"","component":"projection","action":"mouseleave","data":"use(unknown)"},{"timestamp":"2022-11-09T21:30:43.939Z","url":"","component":"projection","action":"mouseenter","data":"static(string)"},{"timestamp":"2022-11-09T21:30:43.966Z","url":"","component":"projection","action":"mouseleave","data":"static(string)"},{"timestamp":"2022-11-09T21:30:43.971Z","url":"https://stackoverflow.com/questions/28143419/express-static-keeps-routing-my-files-from-the-route","component":"projection","action":"mouseleave"},{"timestamp":"2022-11-09T21:30:44.488Z","url":"https://stackoverflow.com/questions/28143419/express-static-keeps-routing-my-files-from-the-route","component":"projection","action":"mouseenter"},{"timestamp":"2022-11-09T21:30:44.493Z","url":"","component":"projection","action":"mouseenter","data":"use(unknown)"},{"timestamp":"2022-11-09T21:30:44.521Z","url":"","component":"projection","action":"mouseleave","data":"use(unknown)"},{"timestamp":"2022-11-09T21:30:44.523Z","url":"","component":"projection","action":"mouseenter","data":"use(string, unknown)"},{"timestamp":"2022-11-09T21:30:44.554Z","url":"","component":"projection","action":"mouseleave","data":"use(string, unknown)"},{"timestamp":"2022-11-09T21:30:47.386Z","url":"https://stackoverflow.com/questions/28143419/express-static-keeps-routing-my-files-from-the-route","component":"page","action":"open"},{"timestamp":"2022-11-09T21:30:47.449Z","url":"https://stackoverflow.com/questions/28143419/express-static-keeps-routing-my-files-from-the-route","component":"projection","action":"mouseleave"},{"timestamp":"2022-11-09T21:30:48.099Z","url":"https://stackoverflow.com/questions/28143419/express-static-keeps-routing-my-files-from-the-route","component":"page","action":"load"},{"timestamp":"2022-11-09T21:32:17.409Z","url":"https://stackoverflow.com/questions/28143419/express-static-keeps-routing-my-files-from-the-route","component":"page","action":"scroll","data":{"viewport":{"x":0,"y":105.5999984741211,"height":595,"width":502},"document":{"height":5097,"width":486},"question":{"identifier":"28143419","top":35.28334045410156,"bottom":1895.366714477539,"right":469.6000061035156,"left":16,"width":453.6000061035156,"height":1860.0833740234375},"answers":[{"identifier":"28143812","top":1975.2666015625,"bottom":3126.5499267578125,"right":469.6000061035156,"left":16,"width":453.6000061035156,"height":1151.2833251953125}]}},{"timestamp":"2022-11-09T21:32:19.323Z","url":"https://stackoverflow.com/questions/28143419/express-static-keeps-routing-my-files-from-the-route","component":"page","action":"scroll","data":{"viewport":{"x":0,"y":136.4499969482422,"height":595,"width":321},"document":{"height":6928,"width":304},"question":{"identifier":"28143419","top":57.66667175292969,"bottom":2728.5333709716797,"right":288,"left":16,"width":272,"height":2670.86669921875},"answers":[{"identifier":"28143812","top":2808.433349609375,"bottom":4667,"right":288,"left":16,"width":272,"height":1858.566650390625}]}},{"timestamp":"2022-11-09T21:32:25.357Z","url":"https://stackoverflow.com/questions/28143419/express-static-keeps-routing-my-files-from-the-route","component":"page","action":"scroll","data":{"viewport":{"x":0,"y":105.5999984741211,"height":595,"width":409},"document":{"height":5708,"width":392},"question":{"identifier":"28143419","top":57.66667175292969,"bottom":2149.5333709716797,"right":376,"left":16,"width":360,"height":2091.86669921875},"answers":[{"identifier":"28143812","top":2229.433349609375,"bottom":3657.5,"right":376,"left":16,"width":360,"height":1428.066650390625}]}},{"timestamp":"2022-11-09T21:32:29.159Z","url":"https://stackoverflow.com/questions/28143419/express-static-keeps-routing-my-files-from-the-route","component":"page","action":"scroll","data":{"viewport":{"x":0,"y":94.58333587646484,"height":595,"width":430},"document":{"height":5563,"width":414},"question":{"identifier":"28143419","top":68.68333435058594,"bottom":2117.966537475586,"right":397.6000061035156,"left":16,"width":381.6000061035156,"height":2049.283203125},"answers":[{"identifier":"28143812","top":2197.86669921875,"bottom":3567.0333251953125,"right":397.6000061035156,"left":16,"width":381.6000061035156,"height":1369.1666259765625}]}},{"timestamp":"2022-11-09T21:35:49.536Z","url":"https://stackoverflow.com/questions/28143419/express-static-keeps-routing-my-files-from-the-route","component":"page","action":"scroll","data":{"viewport":{"x":0,"y":187.13333129882812,"height":595,"width":166},"document":{"height":29652,"width":256},"question":{"identifier":"28143419","top":91.06666564941406,"bottom":15274.083267211914,"right":132.8000030517578,"left":16,"width":116.80000305175781,"height":15183.0166015625},"answers":[{"identifier":"28143812","top":15353.9833984375,"bottom":25831.716796875,"right":132.8000030517578,"left":16,"width":116.80000305175781,"height":10477.7333984375}]}},{"timestamp":"2022-11-09T21:35:51.558Z","url":"https://stackoverflow.com/questions/28143419/express-static-keeps-routing-my-files-from-the-route","component":"page","action":"scroll","data":{"viewport":{"x":0,"y":94.58333587646484,"height":595,"width":415},"document":{"height":5650,"width":398},"question":{"identifier":"28143419","top":68.68333435058594,"bottom":2160.550033569336,"right":382.3999938964844,"left":16,"width":366.3999938964844,"height":2091.86669921875},"answers":[{"identifier":"28143812","top":2240.449951171875,"bottom":3627.816650390625,"right":382.3999938964844,"left":16,"width":366.3999938964844,"height":1387.36669921875}]}},{"timestamp":"2022-11-09T21:35:56.185Z","url":"https://stackoverflow.com/questions/28143419/express-static-keeps-routing-my-files-from-the-route","component":"page","action":"scroll","data":{"viewport":{"x":0,"y":1467.38330078125,"height":595,"width":415},"document":{"height":5650,"width":398},"question":{"identifier":"28143419","top":-1304.11669921875,"bottom":787.75,"right":382.3999938964844,"left":16,"width":366.3999938964844,"height":2091.86669921875},"answers":[{"identifier":"28143812","top":867.6500244140625,"bottom":2255.0167236328125,"right":382.3999938964844,"left":16,"width":366.3999938964844,"height":1387.36669921875}]}},{"timestamp":"2022-11-09T21:35:58.687Z","url":"https://stackoverflow.com/questions/28143419/express-static-keeps-routing-my-files-from-the-route","component":"page","action":"scroll","data":{"viewport":{"x":0,"y":1889.7833251953125,"height":595,"width":415},"document":{"height":5650,"width":398},"question":{"identifier":"28143419","top":-1726.5166015625,"bottom":365.35009765625,"right":382.3999938964844,"left":16,"width":366.3999938964844,"height":2091.86669921875},"answers":[{"identifier":"28143812","top":445.25,"bottom":1832.61669921875,"right":382.3999938964844,"left":16,"width":366.3999938964844,"height":1387.36669921875}]}},{"timestamp":"2022-11-09T21:36:03.840Z","url":"https://stackoverflow.com/questions/28143419/express-static-keeps-routing-my-files-from-the-route","component":"page","action":"scroll","data":{"viewport":{"x":0,"y":1995.38330078125,"height":595,"width":415},"document":{"height":5650,"width":398},"question":{"identifier":"28143419","top":-1832.11669921875,"bottom":259.75,"right":382.3999938964844,"left":16,"width":366.3999938964844,"height":2091.86669921875},"answers":[{"identifier":"28143812","top":339.6499938964844,"bottom":1727.0166931152344,"right":382.3999938964844,"left":16,"width":366.3999938964844,"height":1387.36669921875}]}},{"timestamp":"2022-11-09T21:36:04.642Z","url":"https://stackoverflow.com/questions/28143419/express-static-keeps-routing-my-files-from-the-route","component":"page","action":"scroll","data":{"viewport":{"x":0,"y":2206.583251953125,"height":595,"width":415},"document":{"height":5650,"width":398},"question":{"identifier":"28143419","top":-2043.316650390625,"bottom":48.550048828125,"right":382.3999938964844,"left":16,"width":366.3999938964844,"height":2091.86669921875},"answers":[{"identifier":"28143812","top":128.4499969482422,"bottom":1515.8166961669922,"right":382.3999938964844,"left":16,"width":366.3999938964844,"height":1387.36669921875}]}},{"timestamp":"2022-11-09T21:36:05.468Z","url":"https://stackoverflow.com/questions/28143419/express-static-keeps-routing-my-files-from-the-route","component":"page","action":"scroll","data":{"viewport":{"x":0,"y":2312.183349609375,"height":595,"width":415},"document":{"height":5650,"width":398},"question":{"identifier":"28143419","top":-2148.916748046875,"bottom":-57.050048828125,"right":382.3999938964844,"left":16,"width":366.3999938964844,"height":2091.86669921875},"answers":[{"identifier":"28143812","top":22.850006103515625,"bottom":1410.2167053222656,"right":382.3999938964844,"left":16,"width":366.3999938964844,"height":1387.36669921875}]}},{"timestamp":"2022-11-09T21:36:40.612Z","url":"https://stackoverflow.com/questions/28143419/express-static-keeps-routing-my-files-from-the-route","component":"page","action":"scroll","data":{"viewport":{"x":0,"y":2523.38330078125,"height":595,"width":415},"document":{"height":5650,"width":398},"question":{"identifier":"28143419","top":-2360.11669921875,"bottom":-268.25,"right":382.3999938964844,"left":16,"width":366.3999938964844,"height":2091.86669921875},"answers":[{"identifier":"28143812","top":-188.35000610351562,"bottom":1199.0166931152344,"right":382.3999938964844,"left":16,"width":366.3999938964844,"height":1387.36669921875}]}},{"timestamp":"2022-11-09T21:36:41.522Z","url":"https://stackoverflow.com/questions/28143419/express-static-keeps-routing-my-files-from-the-route","component":"page","action":"selection","data":"ter);"},{"timestamp":"2022-11-09T21:36:43.985Z","url":"https://stackoverflow.com/questions/28143419/express-static-keeps-routing-my-files-from-the-route","component":"page","action":"scroll","data":{"viewport":{"x":0,"y":2840.183349609375,"height":595,"width":415},"document":{"height":5650,"width":398},"question":{"identifier":"28143419","top":-2676.916748046875,"bottom":-585.050048828125,"right":382.3999938964844,"left":16,"width":366.3999938964844,"height":2091.86669921875},"answers":[{"identifier":"28143812","top":-505.1499938964844,"bottom":882.2167053222656,"right":382.3999938964844,"left":16,"width":366.3999938964844,"height":1387.36669921875}]}}]}]}