{"trialId":"30065_1","taskId":"recent","appEvents":[{"timestamp":"2022-11-09T21:22:25.382Z","name":"search","data":"search-start"},{"timestamp":"2022-11-09T21:22:28.615Z","name":"search","data":"search-done"},{"timestamp":"2022-11-09T21:22:38.360Z","name":"resize","data":{"height":654,"width":506}}],"searches":[{"keywords":["momentjs","define","date","by","units"],"context":{"tokens":[{"kind":"library","value":"moment"},{"kind":"language","value":"javascript"}]},"timestamp":"2022-11-09T21:22:25.380Z","results":[{"signatures":[],"areSignaturesLoading":true,"title":"How to set time with date in momentjs - Stack Overflow","snippet":"Moment.js does not provide a way to set the time of an existing moment through a string. Why not just concatenate the two: var date ...","url":"https://stackoverflow.com/questions/42515588/how-to-set-time-with-date-in-momentjs","displayLink":"https://stackoverflow.com › questions › how-to-set-time...","snippetHighlightWords":["Moment.js","set","moment","var date"],"date":"Feb 28, 2017 5 answers"},{"signatures":[],"areSignaturesLoading":true,"title":"Moment.js: Date between dates - javascript - Stack Overflow","snippet":"moment & moment-Range provides options to format date time while preparing ranges and then compare the dates for Contains / Within / Overlaps / ...","url":"https://stackoverflow.com/questions/14897571/moment-js-date-between-dates","displayLink":"https://stackoverflow.com › questions › moment-js-date...","snippetHighlightWords":["moment","moment","date","dates"],"date":"Feb 15, 2013"},{"signatures":[],"areSignaturesLoading":true,"title":"How to format a date in moment js - Stack Overflow","snippet":"It should be working fine, the correct syntax: var test = moment().format('DD MMM YYYY ( ...","url":"https://stackoverflow.com/questions/57624784/how-to-format-a-date-in-moment-js","displayLink":"https://stackoverflow.com › questions › how-to-format-...","snippetHighlightWords":["var","moment"],"date":"Aug 23, 2019"},{"signatures":[],"areSignaturesLoading":true,"title":"using moment.js to set Date and Time from two variables","snippet":"I have an object, transaction , which has 2 DateTime properties -- one holds the Date, and one ...","url":"https://stackoverflow.com/questions/59629221/using-moment-js-to-set-date-and-time-from-two-variables","displayLink":"https://stackoverflow.com › questions › using-moment-j...","snippetHighlightWords":["Date"],"date":"Jan 7, 2020"},{"signatures":[],"areSignaturesLoading":true,"title":"moment js format date - javascript - Stack Overflow","snippet":"Moment. js allows you to create a moment object with custom date but you have to specify a format of that day as a second argument e.g. Save this answer. Show ...","url":"https://stackoverflow.com/questions/34967885/moment-js-format-date","displayLink":"https://stackoverflow.com › questions › moment-js-for...","snippetHighlightWords":["Moment","js","moment","date","specify"]},{"signatures":[],"areSignaturesLoading":true,"title":"momentJS date string add 5 days - Stack Overflow","snippet":"var new_date = moment(startdate, \"DD-MM-YYYY\").add(5, 'days');. Thanks @Bala for the information. ... This is what you'd have to do to get that ...","url":"https://stackoverflow.com/questions/22547129/momentjs-date-string-add-5-days","displayLink":"https://stackoverflow.com › questions › momentjs-date-...","snippetHighlightWords":["var","moment"],"date":"Mar 20, 2014"},{"signatures":[],"areSignaturesLoading":true,"title":"Moment.js sets dates to 1 day behind - Stack Overflow","snippet":"moment.utc will convert the input to universal time. You are running new Date(...) with an input that's based on GMT +1.","url":"https://stackoverflow.com/questions/50473932/moment-js-sets-dates-to-1-day-behind","displayLink":"https://stackoverflow.com › questions › moment-js-sets-...","snippetHighlightWords":["moment","Date"],"date":"May 22, 2018 2 answers"},{"signatures":[],"areSignaturesLoading":true,"title":"How to get date range using moment.js - Stack Overflow","snippet":"nextDate = moment($scope.nextDate._d).format('MM-DD-YYYY'); //creating JS date objects var start = new Date($scope.prevDate); var end = new Date($scope.","url":"https://stackoverflow.com/questions/37673322/how-to-get-date-range-using-moment-js","displayLink":"https://stackoverflow.com › questions › how-to-get-date...","snippetHighlightWords":["moment","JS date","var","Date","var","Date"]},{"signatures":[],"areSignaturesLoading":true,"title":"Format existing date variable with moment.js - Stack Overflow","snippet":"I have a date variable (coming from an external source): var date = '28/04/2017'; var time = '19:28';. It is possible to format these variables ...","url":"https://stackoverflow.com/questions/43667164/format-existing-date-variable-with-moment-js","displayLink":"https://stackoverflow.com › questions › format-existing...","snippetHighlightWords":["date","var date","var"],"date":"Apr 27, 2017"},{"signatures":[],"areSignaturesLoading":true,"title":"Moment.js transform to date object - javascript - Stack Overflow","snippet":"new Date(moment()) is equivalent to new Date() . The timezone is only set for d. – RobG. Feb 16, 2020 at 10:02.","url":"https://stackoverflow.com/questions/17987647/moment-js-transform-to-date-object","displayLink":"https://stackoverflow.com › questions › moment-js-tran...","snippetHighlightWords":["Date","moment","Date","set"]}],"events":[{"timestamp":"2022-11-09T21:22:27.443Z","url":"https://stackoverflow.com/questions/42515588/how-to-set-time-with-date-in-momentjs","component":"projection","action":"load","data":{"height":82,"width":279.26666259765625,"wc":26,"lc":1}},{"timestamp":"2022-11-09T21:22:27.443Z","url":"https://stackoverflow.com/questions/14897571/moment-js-date-between-dates","component":"projection","action":"load","data":{"height":82,"width":279.75,"wc":25,"lc":1}},{"timestamp":"2022-11-09T21:22:27.443Z","url":"https://stackoverflow.com/questions/57624784/how-to-format-a-date-in-moment-js","component":"projection","action":"load","data":{"height":60,"width":263.933349609375,"wc":16,"lc":1}},{"timestamp":"2022-11-09T21:22:27.443Z","url":"https://stackoverflow.com/questions/59629221/using-moment-js-to-set-date-and-time-from-two-variables","component":"projection","action":"load","data":{"height":60,"width":282.20001220703125,"wc":19,"lc":1}},{"timestamp":"2022-11-09T21:22:27.443Z","url":"https://stackoverflow.com/questions/34967885/moment-js-format-date","component":"projection","action":"load","data":{"height":82,"width":274.683349609375,"wc":32,"lc":1}},{"timestamp":"2022-11-09T21:22:27.444Z","url":"https://stackoverflow.com/questions/22547129/momentjs-date-string-add-5-days","component":"projection","action":"load","data":{"height":82,"width":284.0333251953125,"wc":23,"lc":1}},{"timestamp":"2022-11-09T21:22:27.444Z","url":"https://stackoverflow.com/questions/50473932/moment-js-sets-dates-to-1-day-behind","component":"projection","action":"load","data":{"height":82,"width":278.6000061035156,"wc":21,"lc":1}},{"timestamp":"2022-11-09T21:22:27.444Z","url":"https://stackoverflow.com/questions/37673322/how-to-get-date-range-using-moment-js","component":"projection","action":"load","data":{"height":104,"width":279.23333740234375,"wc":17,"lc":1}},{"timestamp":"2022-11-09T21:22:27.444Z","url":"https://stackoverflow.com/questions/43667164/format-existing-date-variable-with-moment-js","component":"projection","action":"load","data":{"height":82,"width":284.3500061035156,"wc":26,"lc":1}},{"timestamp":"2022-11-09T21:22:27.444Z","url":"https://stackoverflow.com/questions/17987647/moment-js-transform-to-date-object","component":"projection","action":"load","data":{"height":60,"width":263.75,"wc":22,"lc":1}},{"timestamp":"2022-11-09T21:22:28.615Z","url":"https://stackoverflow.com/questions/42515588/how-to-set-time-with-date-in-momentjs","component":"projection","action":"loaded","data":"projection 10 of 10"},{"timestamp":"2022-11-09T21:22:28.615Z","url":"https://stackoverflow.com/questions/14897571/moment-js-date-between-dates","component":"projection","action":"loaded","data":"projection 9 of 10"},{"timestamp":"2022-11-09T21:22:28.615Z","url":"https://stackoverflow.com/questions/57624784/how-to-format-a-date-in-moment-js","component":"projection","action":"loaded","data":"projection 8 of 10"},{"timestamp":"2022-11-09T21:22:28.615Z","url":"https://stackoverflow.com/questions/59629221/using-moment-js-to-set-date-and-time-from-two-variables","component":"projection","action":"loaded","data":"projection 7 of 10"},{"timestamp":"2022-11-09T21:22:28.615Z","url":"https://stackoverflow.com/questions/34967885/moment-js-format-date","component":"projection","action":"loaded","data":"projection 6 of 10"},{"timestamp":"2022-11-09T21:22:28.615Z","url":"https://stackoverflow.com/questions/22547129/momentjs-date-string-add-5-days","component":"projection","action":"loaded","data":"projection 5 of 10"},{"timestamp":"2022-11-09T21:22:28.615Z","url":"https://stackoverflow.com/questions/50473932/moment-js-sets-dates-to-1-day-behind","component":"projection","action":"loaded","data":"projection 4 of 10"},{"timestamp":"2022-11-09T21:22:28.615Z","url":"https://stackoverflow.com/questions/37673322/how-to-get-date-range-using-moment-js","component":"projection","action":"loaded","data":"projection 3 of 10"},{"timestamp":"2022-11-09T21:22:28.615Z","url":"https://stackoverflow.com/questions/43667164/format-existing-date-variable-with-moment-js","component":"projection","action":"loaded","data":"projection 2 of 10"},{"timestamp":"2022-11-09T21:22:28.615Z","url":"https://stackoverflow.com/questions/17987647/moment-js-transform-to-date-object","component":"projection","action":"loaded","data":"projection 1 of 10"},{"timestamp":"2022-11-09T21:22:32.838Z","url":"https://stackoverflow.com/questions/42515588/how-to-set-time-with-date-in-momentjs","component":"projection","action":"mouseenter"},{"timestamp":"2022-11-09T21:22:32.870Z","url":"https://stackoverflow.com/questions/42515588/how-to-set-time-with-date-in-momentjs","component":"projection","action":"mouseleave"},{"timestamp":"2022-11-09T21:22:33.255Z","url":"https://stackoverflow.com/questions/14897571/moment-js-date-between-dates","component":"projection","action":"mouseenter"},{"timestamp":"2022-11-09T21:22:34.623Z","url":"https://stackoverflow.com/questions/14897571/moment-js-date-between-dates","component":"page","action":"open"},{"timestamp":"2022-11-09T21:22:34.656Z","url":"https://stackoverflow.com/questions/14897571/moment-js-date-between-dates","component":"projection","action":"mouseleave"},{"timestamp":"2022-11-09T21:22:35.282Z","url":"https://stackoverflow.com/questions/14897571/moment-js-date-between-dates","component":"page","action":"load"},{"timestamp":"2022-11-09T21:22:41.359Z","url":"https://stackoverflow.com/questions/14897571/moment-js-date-between-dates","component":"page","action":"scroll","data":{"viewport":{"x":0,"y":105.5999984741211,"height":595,"width":502},"document":{"height":8476,"width":486},"question":{"identifier":"14897571","top":4.4333343505859375,"bottom":876.1166839599609,"right":469.6000061035156,"left":16,"width":453.6000061035156,"height":871.683349609375},"answers":[{"identifier":"29495647","top":956.0166625976562,"bottom":2312.2999877929688,"right":469.6000061035156,"left":16,"width":453.6000061035156,"height":1356.2833251953125},{"identifier":"14898451","top":2312.300048828125,"bottom":3109.7833862304688,"right":469.6000061035156,"left":16,"width":453.6000061035156,"height":797.4833374023438},{"identifier":"40174826","top":3109.783447265625,"bottom":3593.5667724609375,"right":469.6000061035156,"left":16,"width":453.6000061035156,"height":483.7833251953125},{"identifier":"22987296","top":3593.566650390625,"bottom":4190.949951171875,"right":469.6000061035156,"left":16,"width":453.6000061035156,"height":597.38330078125},{"identifier":"29107720","top":4190.9501953125,"bottom":4682.333526611328,"right":469.6000061035156,"left":16,"width":453.6000061035156,"height":491.3833312988281},{"identifier":"40086395","top":4682.33349609375,"bottom":5041.916839599609,"right":469.6000061035156,"left":16,"width":453.6000061035156,"height":359.5833435058594},{"identifier":"28875529","top":5041.91650390625,"bottom":5514.299835205078,"right":469.6000061035156,"left":16,"width":453.6000061035156,"height":472.3833312988281},{"identifier":"26886521","top":5514.2998046875,"bottom":5923.883117675781,"right":469.6000061035156,"left":16,"width":453.6000061035156,"height":409.58331298828125}]}},{"timestamp":"2022-11-09T21:22:48.064Z","url":"https://stackoverflow.com/questions/14897571/moment-js-date-between-dates","component":"page","action":"scroll","data":{"viewport":{"x":0,"y":211.1999969482422,"height":595,"width":502},"document":{"height":8476,"width":486},"question":{"identifier":"14897571","top":-101.16667175292969,"bottom":770.5166778564453,"right":469.6000061035156,"left":16,"width":453.6000061035156,"height":871.683349609375},"answers":[{"identifier":"29495647","top":850.4166870117188,"bottom":2206.7000122070312,"right":469.6000061035156,"left":16,"width":453.6000061035156,"height":1356.2833251953125},{"identifier":"14898451","top":2206.699951171875,"bottom":3004.1832885742188,"right":469.6000061035156,"left":16,"width":453.6000061035156,"height":797.4833374023438},{"identifier":"40174826","top":3004.183349609375,"bottom":3487.9666748046875,"right":469.6000061035156,"left":16,"width":453.6000061035156,"height":483.7833251953125},{"identifier":"22987296","top":3487.966552734375,"bottom":4085.3499145507812,"right":469.6000061035156,"left":16,"width":453.6000061035156,"height":597.3833618164062},{"identifier":"29107720","top":4085.35009765625,"bottom":4576.733428955078,"right":469.6000061035156,"left":16,"width":453.6000061035156,"height":491.3833312988281},{"identifier":"40086395","top":4576.7333984375,"bottom":4936.316711425781,"right":469.6000061035156,"left":16,"width":453.6000061035156,"height":359.58331298828125},{"identifier":"28875529","top":4936.31689453125,"bottom":5408.700225830078,"right":469.6000061035156,"left":16,"width":453.6000061035156,"height":472.3833312988281},{"identifier":"26886521","top":5408.7001953125,"bottom":5818.283538818359,"right":469.6000061035156,"left":16,"width":453.6000061035156,"height":409.5833435058594}]}},{"timestamp":"2022-11-09T21:22:50.421Z","url":"https://stackoverflow.com/questions/14897571/moment-js-date-between-dates","component":"page","action":"scroll","data":{"viewport":{"x":0,"y":316.79998779296875,"height":595,"width":502},"document":{"height":8476,"width":486},"question":{"identifier":"14897571","top":-206.76666259765625,"bottom":664.9166870117188,"right":469.6000061035156,"left":16,"width":453.6000061035156,"height":871.683349609375},"answers":[{"identifier":"29495647","top":744.816650390625,"bottom":2101.0999755859375,"right":469.6000061035156,"left":16,"width":453.6000061035156,"height":1356.2833251953125},{"identifier":"14898451","top":2101.10009765625,"bottom":2898.5834350585938,"right":469.6000061035156,"left":16,"width":453.6000061035156,"height":797.4833374023438},{"identifier":"40174826","top":2898.583251953125,"bottom":3382.3665771484375,"right":469.6000061035156,"left":16,"width":453.6000061035156,"height":483.7833251953125},{"identifier":"22987296","top":3382.36669921875,"bottom":3979.75,"right":469.6000061035156,"left":16,"width":453.6000061035156,"height":597.38330078125},{"identifier":"29107720","top":3979.75,"bottom":4471.133331298828,"right":469.6000061035156,"left":16,"width":453.6000061035156,"height":491.3833312988281},{"identifier":"40086395","top":4471.13330078125,"bottom":4830.716613769531,"right":469.6000061035156,"left":16,"width":453.6000061035156,"height":359.58331298828125},{"identifier":"28875529","top":4830.716796875,"bottom":5303.100158691406,"right":469.6000061035156,"left":16,"width":453.6000061035156,"height":472.38336181640625},{"identifier":"26886521","top":5303.10009765625,"bottom":5712.683410644531,"right":469.6000061035156,"left":16,"width":453.6000061035156,"height":409.58331298828125}]}},{"timestamp":"2022-11-09T21:22:51.343Z","url":"https://stackoverflow.com/questions/14897571/moment-js-date-between-dates","component":"page","action":"scroll","data":{"viewport":{"x":0,"y":633.5999755859375,"height":595,"width":502},"document":{"height":8476,"width":486},"question":{"identifier":"14897571","top":-523.566650390625,"bottom":348.11669921875,"right":469.6000061035156,"left":16,"width":453.6000061035156,"height":871.683349609375},"answers":[{"identifier":"29495647","top":428.01666259765625,"bottom":1784.2999877929688,"right":469.6000061035156,"left":16,"width":453.6000061035156,"height":1356.2833251953125},{"identifier":"14898451","top":1784.300048828125,"bottom":2581.7833862304688,"right":469.6000061035156,"left":16,"width":453.6000061035156,"height":797.4833374023438},{"identifier":"40174826","top":2581.783447265625,"bottom":3065.5667724609375,"right":469.6000061035156,"left":16,"width":453.6000061035156,"height":483.7833251953125},{"identifier":"22987296","top":3065.566650390625,"bottom":3662.949951171875,"right":469.6000061035156,"left":16,"width":453.6000061035156,"height":597.38330078125},{"identifier":"29107720","top":3662.949951171875,"bottom":4154.333282470703,"right":469.6000061035156,"left":16,"width":453.6000061035156,"height":491.3833312988281},{"identifier":"40086395","top":4154.33349609375,"bottom":4513.916839599609,"right":469.6000061035156,"left":16,"width":453.6000061035156,"height":359.5833435058594},{"identifier":"28875529","top":4513.91650390625,"bottom":4986.299835205078,"right":469.6000061035156,"left":16,"width":453.6000061035156,"height":472.3833312988281},{"identifier":"26886521","top":4986.2998046875,"bottom":5395.883117675781,"right":469.6000061035156,"left":16,"width":453.6000061035156,"height":409.58331298828125}]}},{"timestamp":"2022-11-09T21:22:52.276Z","url":"https://stackoverflow.com/questions/14897571/moment-js-date-between-dates","component":"page","action":"scroll","data":{"viewport":{"x":0,"y":950.4000244140625,"height":595,"width":502},"document":{"height":8476,"width":486},"question":{"identifier":"14897571","top":-840.36669921875,"bottom":31.316650390625,"right":469.6000061035156,"left":16,"width":453.6000061035156,"height":871.683349609375},"answers":[{"identifier":"29495647","top":111.21665954589844,"bottom":1467.499984741211,"right":469.6000061035156,"left":16,"width":453.6000061035156,"height":1356.2833251953125},{"identifier":"14898451","top":1467.5,"bottom":2264.9833374023438,"right":469.6000061035156,"left":16,"width":453.6000061035156,"height":797.4833374023438},{"identifier":"40174826","top":2264.9833984375,"bottom":2748.7667236328125,"right":469.6000061035156,"left":16,"width":453.6000061035156,"height":483.7833251953125},{"identifier":"22987296","top":2748.7666015625,"bottom":3346.14990234375,"right":469.6000061035156,"left":16,"width":453.6000061035156,"height":597.38330078125},{"identifier":"29107720","top":3346.14990234375,"bottom":3837.5332641601562,"right":469.6000061035156,"left":16,"width":453.6000061035156,"height":491.38336181640625},{"identifier":"40086395","top":3837.533447265625,"bottom":4197.116760253906,"right":469.6000061035156,"left":16,"width":453.6000061035156,"height":359.58331298828125},{"identifier":"28875529","top":4197.11669921875,"bottom":4669.500030517578,"right":469.6000061035156,"left":16,"width":453.6000061035156,"height":472.3833312988281},{"identifier":"26886521","top":4669.5,"bottom":5079.083312988281,"right":469.6000061035156,"left":16,"width":453.6000061035156,"height":409.58331298828125}]}},{"timestamp":"2022-11-09T21:22:56.507Z","url":"https://stackoverflow.com/questions/14897571/moment-js-date-between-dates","component":"page","action":"scroll","data":{"viewport":{"x":0,"y":1478.4000244140625,"height":595,"width":502},"document":{"height":8476,"width":486},"question":{"identifier":"14897571","top":-1368.36669921875,"bottom":-496.683349609375,"right":469.6000061035156,"left":16,"width":453.6000061035156,"height":871.683349609375},"answers":[{"identifier":"29495647","top":-416.7833251953125,"bottom":939.5,"right":469.6000061035156,"left":16,"width":453.6000061035156,"height":1356.2833251953125},{"identifier":"14898451","top":939.5,"bottom":1736.9833374023438,"right":469.6000061035156,"left":16,"width":453.6000061035156,"height":797.4833374023438},{"identifier":"40174826","top":1736.9833984375,"bottom":2220.7667236328125,"right":469.6000061035156,"left":16,"width":453.6000061035156,"height":483.7833251953125},{"identifier":"22987296","top":2220.7666015625,"bottom":2818.14990234375,"right":469.6000061035156,"left":16,"width":453.6000061035156,"height":597.38330078125},{"identifier":"29107720","top":2818.14990234375,"bottom":3309.5332641601562,"right":469.6000061035156,"left":16,"width":453.6000061035156,"height":491.38336181640625},{"identifier":"40086395","top":3309.533447265625,"bottom":3669.1167602539062,"right":469.6000061035156,"left":16,"width":453.6000061035156,"height":359.58331298828125},{"identifier":"28875529","top":3669.11669921875,"bottom":4141.500030517578,"right":469.6000061035156,"left":16,"width":453.6000061035156,"height":472.3833312988281},{"identifier":"26886521","top":4141.5,"bottom":4551.083312988281,"right":469.6000061035156,"left":16,"width":453.6000061035156,"height":409.58331298828125}]}},{"timestamp":"2022-11-09T21:23:02.573Z","url":"https://stackoverflow.com/questions/14897571/moment-js-date-between-dates","component":"page","action":"scroll","data":{"viewport":{"x":0,"y":1372.800048828125,"height":595,"width":502},"document":{"height":8476,"width":486},"question":{"identifier":"14897571","top":-1262.7666015625,"bottom":-391.083251953125,"right":469.6000061035156,"left":16,"width":453.6000061035156,"height":871.683349609375},"answers":[{"identifier":"29495647","top":-311.183349609375,"bottom":1045.0999755859375,"right":469.6000061035156,"left":16,"width":453.6000061035156,"height":1356.2833251953125},{"identifier":"14898451","top":1045.0999755859375,"bottom":1842.5833129882812,"right":469.6000061035156,"left":16,"width":453.6000061035156,"height":797.4833374023438},{"identifier":"40174826","top":1842.5833740234375,"bottom":2326.36669921875,"right":469.6000061035156,"left":16,"width":453.6000061035156,"height":483.7833251953125},{"identifier":"22987296","top":2326.36669921875,"bottom":2923.75,"right":469.6000061035156,"left":16,"width":453.6000061035156,"height":597.38330078125},{"identifier":"29107720","top":2923.75,"bottom":3415.133331298828,"right":469.6000061035156,"left":16,"width":453.6000061035156,"height":491.3833312988281},{"identifier":"40086395","top":3415.13330078125,"bottom":3774.7166137695312,"right":469.6000061035156,"left":16,"width":453.6000061035156,"height":359.58331298828125},{"identifier":"28875529","top":3774.716552734375,"bottom":4247.099914550781,"right":469.6000061035156,"left":16,"width":453.6000061035156,"height":472.38336181640625},{"identifier":"26886521","top":4247.10009765625,"bottom":4656.683410644531,"right":469.6000061035156,"left":16,"width":453.6000061035156,"height":409.58331298828125}]}},{"timestamp":"2022-11-09T21:23:09.778Z","url":"https://stackoverflow.com/questions/14897571/moment-js-date-between-dates","component":"page","action":"scroll","data":{"viewport":{"x":0,"y":1267.199951171875,"height":595,"width":502},"document":{"height":8476,"width":486},"question":{"identifier":"14897571","top":-1157.1666259765625,"bottom":-285.4832763671875,"right":469.6000061035156,"left":16,"width":453.6000061035156,"height":871.683349609375},"answers":[{"identifier":"29495647","top":-205.5833282470703,"bottom":1150.6999969482422,"right":469.6000061035156,"left":16,"width":453.6000061035156,"height":1356.2833251953125},{"identifier":"14898451","top":1150.699951171875,"bottom":1948.1832885742188,"right":469.6000061035156,"left":16,"width":453.6000061035156,"height":797.4833374023438},{"identifier":"40174826","top":1948.183349609375,"bottom":2431.9666748046875,"right":469.6000061035156,"left":16,"width":453.6000061035156,"height":483.7833251953125},{"identifier":"22987296","top":2431.966552734375,"bottom":3029.3499145507812,"right":469.6000061035156,"left":16,"width":453.6000061035156,"height":597.3833618164062},{"identifier":"29107720","top":3029.35009765625,"bottom":3520.733428955078,"right":469.6000061035156,"left":16,"width":453.6000061035156,"height":491.3833312988281},{"identifier":"40086395","top":3520.7333984375,"bottom":3880.3167114257812,"right":469.6000061035156,"left":16,"width":453.6000061035156,"height":359.58331298828125},{"identifier":"28875529","top":3880.316650390625,"bottom":4352.699981689453,"right":469.6000061035156,"left":16,"width":453.6000061035156,"height":472.3833312988281},{"identifier":"26886521","top":4352.7001953125,"bottom":4762.283538818359,"right":469.6000061035156,"left":16,"width":453.6000061035156,"height":409.5833435058594}]}},{"timestamp":"2022-11-09T21:23:10.589Z","url":"https://stackoverflow.com/questions/14897571/moment-js-date-between-dates","component":"page","action":"scroll","data":{"viewport":{"x":0,"y":1372.800048828125,"height":595,"width":502},"document":{"height":8476,"width":486},"question":{"identifier":"14897571","top":-1262.7666015625,"bottom":-391.083251953125,"right":469.6000061035156,"left":16,"width":453.6000061035156,"height":871.683349609375},"answers":[{"identifier":"29495647","top":-311.183349609375,"bottom":1045.0999755859375,"right":469.6000061035156,"left":16,"width":453.6000061035156,"height":1356.2833251953125},{"identifier":"14898451","top":1045.0999755859375,"bottom":1842.5833129882812,"right":469.6000061035156,"left":16,"width":453.6000061035156,"height":797.4833374023438},{"identifier":"40174826","top":1842.5833740234375,"bottom":2326.36669921875,"right":469.6000061035156,"left":16,"width":453.6000061035156,"height":483.7833251953125},{"identifier":"22987296","top":2326.36669921875,"bottom":2923.75,"right":469.6000061035156,"left":16,"width":453.6000061035156,"height":597.38330078125},{"identifier":"29107720","top":2923.75,"bottom":3415.133331298828,"right":469.6000061035156,"left":16,"width":453.6000061035156,"height":491.3833312988281},{"identifier":"40086395","top":3415.13330078125,"bottom":3774.7166137695312,"right":469.6000061035156,"left":16,"width":453.6000061035156,"height":359.58331298828125},{"identifier":"28875529","top":3774.716552734375,"bottom":4247.099914550781,"right":469.6000061035156,"left":16,"width":453.6000061035156,"height":472.38336181640625},{"identifier":"26886521","top":4247.10009765625,"bottom":4656.683410644531,"right":469.6000061035156,"left":16,"width":453.6000061035156,"height":409.58331298828125}]}},{"timestamp":"2022-11-09T21:24:16.251Z","url":"https://stackoverflow.com/questions/14897571/moment-js-date-between-dates","component":"page","action":"scroll","data":{"viewport":{"x":0,"y":1161.5999755859375,"height":595,"width":502},"document":{"height":8476,"width":486},"question":{"identifier":"14897571","top":-1051.566650390625,"bottom":-179.88330078125,"right":469.6000061035156,"left":16,"width":453.6000061035156,"height":871.683349609375},"answers":[{"identifier":"29495647","top":-99.98333740234375,"bottom":1256.2999877929688,"right":469.6000061035156,"left":16,"width":453.6000061035156,"height":1356.2833251953125},{"identifier":"14898451","top":1256.300048828125,"bottom":2053.7833862304688,"right":469.6000061035156,"left":16,"width":453.6000061035156,"height":797.4833374023438},{"identifier":"40174826","top":2053.783447265625,"bottom":2537.5667724609375,"right":469.6000061035156,"left":16,"width":453.6000061035156,"height":483.7833251953125},{"identifier":"22987296","top":2537.566650390625,"bottom":3134.949951171875,"right":469.6000061035156,"left":16,"width":453.6000061035156,"height":597.38330078125},{"identifier":"29107720","top":3134.949951171875,"bottom":3626.333282470703,"right":469.6000061035156,"left":16,"width":453.6000061035156,"height":491.3833312988281},{"identifier":"40086395","top":3626.333251953125,"bottom":3985.9165954589844,"right":469.6000061035156,"left":16,"width":453.6000061035156,"height":359.5833435058594},{"identifier":"28875529","top":3985.916748046875,"bottom":4458.300079345703,"right":469.6000061035156,"left":16,"width":453.6000061035156,"height":472.3833312988281},{"identifier":"26886521","top":4458.2998046875,"bottom":4867.883117675781,"right":469.6000061035156,"left":16,"width":453.6000061035156,"height":409.58331298828125}]}},{"timestamp":"2022-11-09T21:24:17.011Z","url":"https://stackoverflow.com/questions/14897571/moment-js-date-between-dates","component":"page","action":"scroll","data":{"viewport":{"x":0,"y":1056,"height":595,"width":502},"document":{"height":8476,"width":486},"question":{"identifier":"14897571","top":-945.9666748046875,"bottom":-74.2833251953125,"right":469.6000061035156,"left":16,"width":453.6000061035156,"height":871.683349609375},"answers":[{"identifier":"29495647","top":5.616668701171875,"bottom":1361.8999938964844,"right":469.6000061035156,"left":16,"width":453.6000061035156,"height":1356.2833251953125},{"identifier":"14898451","top":1361.9000244140625,"bottom":2159.3833618164062,"right":469.6000061035156,"left":16,"width":453.6000061035156,"height":797.4833374023438},{"identifier":"40174826","top":2159.38330078125,"bottom":2643.1666259765625,"right":469.6000061035156,"left":16,"width":453.6000061035156,"height":483.7833251953125},{"identifier":"22987296","top":2643.166748046875,"bottom":3240.550048828125,"right":469.6000061035156,"left":16,"width":453.6000061035156,"height":597.38330078125},{"identifier":"29107720","top":3240.550048828125,"bottom":3731.933380126953,"right":469.6000061035156,"left":16,"width":453.6000061035156,"height":491.3833312988281},{"identifier":"40086395","top":3731.933349609375,"bottom":4091.5166625976562,"right":469.6000061035156,"left":16,"width":453.6000061035156,"height":359.58331298828125},{"identifier":"28875529","top":4091.5166015625,"bottom":4563.899932861328,"right":469.6000061035156,"left":16,"width":453.6000061035156,"height":472.3833312988281},{"identifier":"26886521","top":4563.89990234375,"bottom":4973.483245849609,"right":469.6000061035156,"left":16,"width":453.6000061035156,"height":409.5833435058594}]}}]}]}