{"numFailedTestSuites":1,"numFailedTests":0,"numPassedTestSuites":0,"numPassedTests":0,"numPendingTestSuites":0,"numPendingTests":0,"numRuntimeErrorTestSuites":1,"numTodoTests":0,"numTotalTestSuites":1,"numTotalTests":0,"openHandles":[],"snapshot":{"added":0,"didUpdate":false,"failure":false,"filesAdded":0,"filesRemoved":0,"filesRemovedList":[],"filesUnmatched":0,"filesUpdated":0,"matched":0,"total":0,"unchecked":0,"uncheckedKeysByFile":[],"unmatched":0,"updated":0},"startTime":1668029726746,"success":false,"testResults":[{"assertionResults":[],"coverage":{},"endTime":1668029727276,"message":"  \u001b[1m● \u001b[22mTest suite failed to run\n\n    TypeError: Router.use() requires a middleware function but got a string\n\n    \u001b[0m \u001b[90m 13 |\u001b[39m     \u001b[90m// src/public/\u001b[39m\u001b[0m\n    \u001b[0m \u001b[90m 14 |\u001b[39m\u001b[0m\n    \u001b[0m\u001b[31m\u001b[1m>\u001b[22m\u001b[39m\u001b[90m 15 |\u001b[39m     app\u001b[33m.\u001b[39muse(\u001b[32m'/static'\u001b[39m\u001b[33m,\u001b[39m __dirname \u001b[33m+\u001b[39m \u001b[32m'../src/public'\u001b[39m)\u001b[33m;\u001b[39m\u001b[0m\n    \u001b[0m \u001b[90m    |\u001b[39m         \u001b[31m\u001b[1m^\u001b[22m\u001b[39m\u001b[0m\n    \u001b[0m \u001b[90m 16 |\u001b[39m     \u001b[90m//app.use(express.static(__dirname + router));\u001b[39m\u001b[0m\n    \u001b[0m \u001b[90m 17 |\u001b[39m }\u001b[0m\n    \u001b[0m \u001b[90m 18 |\u001b[39m\u001b[0m\n\n      \u001b[2mat Function.use (\u001b[22mnode_modules/express/lib/router/index.js\u001b[2m:469:13)\u001b[22m\n      \u001b[2mat Function.<anonymous> (\u001b[22mnode_modules/express/lib/application.js\u001b[2m:227:21)\u001b[22m\n          at Array.forEach (<anonymous>)\n      \u001b[2mat Function.use (\u001b[22mnode_modules/express/lib/application.js\u001b[2m:224:7)\u001b[22m\n      \u001b[2mat setup (\u001b[22msrc/serve.js\u001b[2m:15:9)\u001b[22m\n      \u001b[2mat Object.<anonymous> (\u001b[22msrc/serve.js\u001b[2m:19:1)\u001b[22m\n","name":"/workspaces/30065_1/test/serve.test.js","startTime":1668029727276,"status":"failed","summary":""}],"wasInterrupted":false}