{"id":"30065_1","conditions":[{"taskId":1,"taskName":"currency","enableFragments":true,"enableContext":true,"showContext":true,"provideSearchTerms":true,"sequence":3},{"taskId":4,"taskName":"sort","enableFragments":true,"enableContext":true,"showContext":true,"provideSearchTerms":true,"sequence":4},{"taskId":3,"taskName":"clone","enableFragments":false,"enableContext":true,"showContext":false,"provideSearchTerms":true,"sequence":5},{"taskId":2,"taskName":"find","enableFragments":false,"enableContext":true,"showContext":false,"provideSearchTerms":true,"sequence":6},{"taskId":5,"taskName":"recent","enableFragments":false,"enableContext":false,"showContext":false,"provideSearchTerms":false,"sequence":7},{"taskId":6,"taskName":"serve","enableFragments":true,"enableContext":true,"showContext":true,"provideSearchTerms":false,"sequence":8}],"activeTaskId":"serve","tasks":[{"id":"pre-study"},{"enableFragments":true,"enableContext":true,"showContext":true,"provideSearchTerms":true,"contextOverride":[{"source":"src/tutorial.js","name":"sumTradedShares","position":{"start":397,"end":545},"variables":[],"parameters":[{"source":"src/tutorial.js","name":"trades","position":{"start":429,"end":435},"type":{"name":"Trade[]"}}],"returnType":"number"}],"id":"tutorial","startTime":"2022-11-09T21:00:20.636Z","duration":219880,"timer":{"startTime":"2022-11-09T21:02:06.279Z","endTime":"2022-11-09T21:04:01.866Z"},"endTime":"2022-11-09T21:04:01.866Z"},{"enableFragments":true,"enableContext":true,"showContext":true,"contextOverride":[{"source":"src/currency.js","name":"printCurrency","position":{"start":593,"end":782},"variables":[],"parameters":[{"source":"src/currency.js","name":"amount","position":{"start":623,"end":629},"type":{"name":"number"}},{"source":"src/currency.js","name":"locale","position":{"start":631,"end":637},"type":{"name":"string"}},{"source":"src/currency.js","name":"currency","position":{"start":639,"end":647},"type":{"name":"string"}}],"returnType":"string"}],"provideSearchTerms":true,"searchTerms":"format currency","id":"currency","startTime":"2022-11-09T21:04:09.179Z","timer":{"startTime":"2022-11-09T21:04:09.179Z","endTime":"2022-11-09T21:11:42.028Z"},"duration":359126,"data":{"Q1":"3","Q2":"I didn't try to search the tool with this task. ","Q3":"NA","Q4":"NA"},"endTime":"2022-11-09T21:12:18.905Z"},{"enableFragments":false,"enableContext":true,"showContext":false,"contextOverride":[{"source":"src/find.js","name":"getTradeById","position":{"start":286,"end":506},"variables":[],"parameters":[{"source":"src/find.js","name":"trades","position":{"start":315,"end":321},"type":{"name":"Trade[]"}},{"source":"src/find.js","name":"id","position":{"start":323,"end":325},"type":{"name":"number"}}],"returnType":"Trade"}],"provideSearchTerms":true,"searchTerms":"find item in array by value","id":"find","startTime":"2022-11-09T21:17:54.986Z","timer":{"startTime":"2022-11-09T21:17:54.986Z","endTime":"2022-11-09T21:19:03.424Z"},"duration":67026,"data":{"Q1":"3","Q2":"Haven't used it in this solution, I knew this solution","Q3":"NA","Q4":"NA"},"endTime":"2022-11-09T21:19:31.787Z"},{"enableFragments":false,"enableContext":true,"showContext":false,"contextOverride":[{"source":"src/clone.js","name":"cloneTradeLedger","position":{"start":239,"end":406},"variables":[],"parameters":[{"source":"src/clone.js","name":"trades","position":{"start":272,"end":278},"type":{"name":"Trade[]"}}],"returnType":"Trade[]"}],"provideSearchTerms":true,"searchTerms":"clone array","id":"clone","startTime":"2022-11-09T21:15:50.874Z","timer":{"startTime":"2022-11-09T21:15:50.875Z","endTime":"2022-11-09T21:17:31.074Z"},"duration":98216,"data":{"Q1":"5","Q2":"quite easy and fast","Q3":"NA","Q4":"NA"},"endTime":"2022-11-09T21:17:44.939Z"},{"enableFragments":true,"enableContext":true,"showContext":true,"contextOverride":[{"source":"src/sort.js","name":"sortTradesByShareCount","position":{"start":285,"end":524},"variables":[],"parameters":[{"source":"src/sort.js","name":"trades","position":{"start":324,"end":330},"type":{"name":"Trade[]"}}],"returnType":"Trade[]"}],"provideSearchTerms":true,"searchTerms":"sort array of objects descending","id":"sort","startTime":"2022-11-09T21:12:28.548Z","timer":{"startTime":"2022-11-09T21:12:28.548Z","endTime":"2022-11-09T21:15:12.147Z"},"duration":162106,"data":{"Q1":"5","Q2":"loading looked slow but was easy to get the solution","Q3":"none that I am aware","Q4":"NA"},"endTime":"2022-11-09T21:15:40.696Z"},{"enableFragments":false,"enableContext":false,"showContext":false,"contextOverride":[],"provideSearchTerms":false,"searchTerms":"","id":"recent","startTime":"2022-11-09T21:19:41.947Z","timer":{"startTime":"2022-11-09T21:19:41.947Z","endTime":"2022-11-09T21:27:46.704Z"},"duration":419548,"data":{"Q1":"2","Q2":"The screen being small and takes a while to load the scout, went with tabs from browser","Q3":"","Q4":"The screen being small and takes a while to load the scout, went with tabs from browser"},"endTime":"2022-11-09T21:28:17.339Z"},{"enableFragments":true,"enableContext":true,"showContext":true,"contextOverride":[{"source":"src/serve.js","name":"express","position":{"start":7,"end":14},"module":{"name":"express","position":{"start":20,"end":29}},"references":[{"start":181,"end":188}]},{"source":"src/serve.js","name":"path","position":{"start":38,"end":42},"module":{"name":"path","position":{"start":48,"end":54}},"references":[]},{"source":"src/serve.js","name":"setup","position":{"start":193,"end":290},"variables":[],"parameters":[],"returnType":"void"}],"provideSearchTerms":false,"searchTerms":"","id":"serve","startTime":"2022-11-09T21:28:27.859Z","timer":{"startTime":"2022-11-09T21:28:27.859Z","endTime":"2022-11-09T21:35:53.295Z"},"duration":419614,"data":{"Q1":"2","Q2":"it's a 50/50 on using it or not","Q3":"","Q4":""},"endTime":"2022-11-09T21:36:51.090Z"},{"id":"post-study"}],"activations":["2022-11-09T20:58:51.261Z"]}