{"numFailedTestSuites":1,"numFailedTests":4,"numPassedTestSuites":0,"numPassedTests":0,"numPendingTestSuites":0,"numPendingTests":0,"numRuntimeErrorTestSuites":0,"numTodoTests":0,"numTotalTestSuites":1,"numTotalTests":4,"openHandles":[],"snapshot":{"added":0,"didUpdate":false,"failure":false,"filesAdded":0,"filesRemoved":0,"filesRemovedList":[],"filesUnmatched":0,"filesUpdated":0,"matched":0,"total":0,"unchecked":0,"uncheckedKeysByFile":[],"unmatched":0,"updated":0},"startTime":1669497298028,"success":false,"testResults":[{"assertionResults":[{"ancestorTitles":["getPastTradesFrom()"],"failureMessages":["Error: \u001b[2mexpect(\u001b[22m\u001b[31mreceived\u001b[39m\u001b[2m).\u001b[22mtoEqual\u001b[2m(\u001b[22m\u001b[32mexpected\u001b[39m\u001b[2m) // deep equality\u001b[22m\n\nExpected: \u001b[32mArrayContaining [ObjectContaining {\"id\": 1}, ObjectContaining {\"id\": 2}]\u001b[39m\nReceived: \u001b[31m[{\"date\": 2020-04-03T00:00:00.000Z, \"id\": 1, \"shareCount\": 10, \"sharePrice\": 19.78, \"stockSymbol\": \"AAPL\", \"tradeType\": 1}]\u001b[39m\n    at Object.<anonymous> (/workspaces/21752_4/test/recent.test.js:76:20)\n    at Promise.then.completed (/workspaces/21752_4/node_modules/jest-circus/build/utils.js:391:28)\n    at new Promise (<anonymous>)\n    at callAsyncCircusFn (/workspaces/21752_4/node_modules/jest-circus/build/utils.js:316:10)\n    at _callCircusTest (/workspaces/21752_4/node_modules/jest-circus/build/run.js:218:40)\n    at processTicksAndRejections (node:internal/process/task_queues:96:5)\n    at _runTest (/workspaces/21752_4/node_modules/jest-circus/build/run.js:155:3)\n    at _runTestsForDescribeBlock (/workspaces/21752_4/node_modules/jest-circus/build/run.js:66:9)\n    at _runTestsForDescribeBlock (/workspaces/21752_4/node_modules/jest-circus/build/run.js:60:9)\n    at run (/workspaces/21752_4/node_modules/jest-circus/build/run.js:25:3)"],"fullName":"getPastTradesFrom() Should filter trades in the past 7 days.","location":null,"status":"failed","title":"Should filter trades in the past 7 days."},{"ancestorTitles":["getPastTradesFrom()"],"failureMessages":["Error: \u001b[2mexpect(\u001b[22m\u001b[31mreceived\u001b[39m\u001b[2m).\u001b[22mtoEqual\u001b[2m(\u001b[22m\u001b[32mexpected\u001b[39m\u001b[2m) // deep equality\u001b[22m\n\nExpected: \u001b[32mArrayContaining [ObjectContaining {\"id\": 1}, ObjectContaining {\"id\": 2}, ObjectContaining {\"id\": 3}]\u001b[39m\nReceived: \u001b[31m[{\"date\": 2020-04-03T00:00:00.000Z, \"id\": 1, \"shareCount\": 10, \"sharePrice\": 19.78, \"stockSymbol\": \"AAPL\", \"tradeType\": 1}]\u001b[39m\n    at Object.<anonymous> (/workspaces/21752_4/test/recent.test.js:85:20)\n    at Promise.then.completed (/workspaces/21752_4/node_modules/jest-circus/build/utils.js:391:28)\n    at new Promise (<anonymous>)\n    at callAsyncCircusFn (/workspaces/21752_4/node_modules/jest-circus/build/utils.js:316:10)\n    at _callCircusTest (/workspaces/21752_4/node_modules/jest-circus/build/run.js:218:40)\n    at processTicksAndRejections (node:internal/process/task_queues:96:5)\n    at _runTest (/workspaces/21752_4/node_modules/jest-circus/build/run.js:155:3)\n    at _runTestsForDescribeBlock (/workspaces/21752_4/node_modules/jest-circus/build/run.js:66:9)\n    at _runTestsForDescribeBlock (/workspaces/21752_4/node_modules/jest-circus/build/run.js:60:9)\n    at run (/workspaces/21752_4/node_modules/jest-circus/build/run.js:25:3)"],"fullName":"getPastTradesFrom() Should filter trades in the past 30 days.","location":null,"status":"failed","title":"Should filter trades in the past 30 days."},{"ancestorTitles":["getPastTradesFrom()"],"failureMessages":["Error: \u001b[2mexpect(\u001b[22m\u001b[31mreceived\u001b[39m\u001b[2m).\u001b[22mtoEqual\u001b[2m(\u001b[22m\u001b[32mexpected\u001b[39m\u001b[2m) // deep equality\u001b[22m\n\nExpected: \u001b[32mArrayContaining [ObjectContaining {\"id\": 1}, ObjectContaining {\"id\": 2}, ObjectContaining {\"id\": 3}, ObjectContaining {\"id\": 4}]\u001b[39m\nReceived: \u001b[31m[{\"date\": 2020-04-03T00:00:00.000Z, \"id\": 1, \"shareCount\": 10, \"sharePrice\": 19.78, \"stockSymbol\": \"AAPL\", \"tradeType\": 1}]\u001b[39m\n    at Object.<anonymous> (/workspaces/21752_4/test/recent.test.js:95:20)\n    at Promise.then.completed (/workspaces/21752_4/node_modules/jest-circus/build/utils.js:391:28)\n    at new Promise (<anonymous>)\n    at callAsyncCircusFn (/workspaces/21752_4/node_modules/jest-circus/build/utils.js:316:10)\n    at _callCircusTest (/workspaces/21752_4/node_modules/jest-circus/build/run.js:218:40)\n    at processTicksAndRejections (node:internal/process/task_queues:96:5)\n    at _runTest (/workspaces/21752_4/node_modules/jest-circus/build/run.js:155:3)\n    at _runTestsForDescribeBlock (/workspaces/21752_4/node_modules/jest-circus/build/run.js:66:9)\n    at _runTestsForDescribeBlock (/workspaces/21752_4/node_modules/jest-circus/build/run.js:60:9)\n    at run (/workspaces/21752_4/node_modules/jest-circus/build/run.js:25:3)"],"fullName":"getPastTradesFrom() Should filter trades in the past month.","location":null,"status":"failed","title":"Should filter trades in the past month."},{"ancestorTitles":["getPastTradesFrom()"],"failureMessages":["Error: \u001b[2mexpect(\u001b[22m\u001b[31mreceived\u001b[39m\u001b[2m).\u001b[22mtoEqual\u001b[2m(\u001b[22m\u001b[32mexpected\u001b[39m\u001b[2m) // deep equality\u001b[22m\n\nExpected: \u001b[32mArrayContaining [ObjectContaining {\"id\": 1}, ObjectContaining {\"id\": 2}, ObjectContaining {\"id\": 3}, ObjectContaining {\"id\": 4}]\u001b[39m\nReceived: \u001b[31m[{\"date\": 2020-04-03T00:00:00.000Z, \"id\": 1, \"shareCount\": 10, \"sharePrice\": 19.78, \"stockSymbol\": \"AAPL\", \"tradeType\": 1}]\u001b[39m\n    at Object.<anonymous> (/workspaces/21752_4/test/recent.test.js:106:20)\n    at Promise.then.completed (/workspaces/21752_4/node_modules/jest-circus/build/utils.js:391:28)\n    at new Promise (<anonymous>)\n    at callAsyncCircusFn (/workspaces/21752_4/node_modules/jest-circus/build/utils.js:316:10)\n    at _callCircusTest (/workspaces/21752_4/node_modules/jest-circus/build/run.js:218:40)\n    at processTicksAndRejections (node:internal/process/task_queues:96:5)\n    at _runTest (/workspaces/21752_4/node_modules/jest-circus/build/run.js:155:3)\n    at _runTestsForDescribeBlock (/workspaces/21752_4/node_modules/jest-circus/build/run.js:66:9)\n    at _runTestsForDescribeBlock (/workspaces/21752_4/node_modules/jest-circus/build/run.js:60:9)\n    at run (/workspaces/21752_4/node_modules/jest-circus/build/run.js:25:3)"],"fullName":"getPastTradesFrom() Should fitler trades when from value exceeds unit.","location":null,"status":"failed","title":"Should fitler trades when from value exceeds unit."}],"endTime":1669497298479,"message":"\u001b[1m\u001b[31m  \u001b[1m● \u001b[22m\u001b[1mgetPastTradesFrom() › Should filter trades in the past 7 days.\u001b[39m\u001b[22m\n\n    \u001b[2mexpect(\u001b[22m\u001b[31mreceived\u001b[39m\u001b[2m).\u001b[22mtoEqual\u001b[2m(\u001b[22m\u001b[32mexpected\u001b[39m\u001b[2m) // deep equality\u001b[22m\n\n    Expected: \u001b[32mArrayContaining [ObjectContaining {\"id\": 1}, ObjectContaining {\"id\": 2}]\u001b[39m\n    Received: \u001b[31m[{\"date\": 2020-04-03T00:00:00.000Z, \"id\": 1, \"shareCount\": 10, \"sharePrice\": 19.78, \"stockSymbol\": \"AAPL\", \"tradeType\": 1}]\u001b[39m\n\u001b[2m\u001b[22m\n\u001b[2m    \u001b[0m \u001b[90m 74 |\u001b[39m     it(\u001b[32m\"Should filter trades in the past 7 days.\"\u001b[39m\u001b[33m,\u001b[39m () \u001b[33m=>\u001b[39m {\u001b[0m\u001b[22m\n\u001b[2m    \u001b[0m \u001b[90m 75 |\u001b[39m         \u001b[36mconst\u001b[39m tx \u001b[33m=\u001b[39m getPastTradesFrom(trades\u001b[33m,\u001b[39m \u001b[35m7\u001b[39m)\u001b[33m;\u001b[39m\u001b[0m\u001b[22m\n\u001b[2m    \u001b[0m\u001b[31m\u001b[1m>\u001b[22m\u001b[2m\u001b[39m\u001b[90m 76 |\u001b[39m         expect(tx)\u001b[33m.\u001b[39mtoEqual(\u001b[0m\u001b[22m\n\u001b[2m    \u001b[0m \u001b[90m    |\u001b[39m                    \u001b[31m\u001b[1m^\u001b[22m\u001b[2m\u001b[39m\u001b[0m\u001b[22m\n\u001b[2m    \u001b[0m \u001b[90m 77 |\u001b[39m             expect\u001b[33m.\u001b[39marrayContaining([\u001b[0m\u001b[22m\n\u001b[2m    \u001b[0m \u001b[90m 78 |\u001b[39m                 expect\u001b[33m.\u001b[39mobjectContaining({ id\u001b[33m:\u001b[39m \u001b[35m1\u001b[39m })\u001b[33m,\u001b[39m\u001b[0m\u001b[22m\n\u001b[2m    \u001b[0m \u001b[90m 79 |\u001b[39m                 expect\u001b[33m.\u001b[39mobjectContaining({ id\u001b[33m:\u001b[39m \u001b[35m2\u001b[39m })\u001b[0m\u001b[22m\n\u001b[2m\u001b[22m\n\u001b[2m      \u001b[2mat Object.<anonymous> (\u001b[22m\u001b[2m\u001b[0m\u001b[36mtest/recent.test.js\u001b[39m\u001b[0m\u001b[2m:76:20)\u001b[22m\u001b[2m\u001b[22m\n\n\u001b[1m\u001b[31m  \u001b[1m● \u001b[22m\u001b[1mgetPastTradesFrom() › Should filter trades in the past 30 days.\u001b[39m\u001b[22m\n\n    \u001b[2mexpect(\u001b[22m\u001b[31mreceived\u001b[39m\u001b[2m).\u001b[22mtoEqual\u001b[2m(\u001b[22m\u001b[32mexpected\u001b[39m\u001b[2m) // deep equality\u001b[22m\n\n    Expected: \u001b[32mArrayContaining [ObjectContaining {\"id\": 1}, ObjectContaining {\"id\": 2}, ObjectContaining {\"id\": 3}]\u001b[39m\n    Received: \u001b[31m[{\"date\": 2020-04-03T00:00:00.000Z, \"id\": 1, \"shareCount\": 10, \"sharePrice\": 19.78, \"stockSymbol\": \"AAPL\", \"tradeType\": 1}]\u001b[39m\n\u001b[2m\u001b[22m\n\u001b[2m    \u001b[0m \u001b[90m 83 |\u001b[39m     it(\u001b[32m\"Should filter trades in the past 30 days.\"\u001b[39m\u001b[33m,\u001b[39m () \u001b[33m=>\u001b[39m {\u001b[0m\u001b[22m\n\u001b[2m    \u001b[0m \u001b[90m 84 |\u001b[39m         \u001b[36mconst\u001b[39m tx \u001b[33m=\u001b[39m getPastTradesFrom(trades\u001b[33m,\u001b[39m \u001b[35m30\u001b[39m\u001b[33m,\u001b[39m \u001b[32m\"days\"\u001b[39m)\u001b[33m;\u001b[39m\u001b[0m\u001b[22m\n\u001b[2m    \u001b[0m\u001b[31m\u001b[1m>\u001b[22m\u001b[2m\u001b[39m\u001b[90m 85 |\u001b[39m         expect(tx)\u001b[33m.\u001b[39mtoEqual(\u001b[0m\u001b[22m\n\u001b[2m    \u001b[0m \u001b[90m    |\u001b[39m                    \u001b[31m\u001b[1m^\u001b[22m\u001b[2m\u001b[39m\u001b[0m\u001b[22m\n\u001b[2m    \u001b[0m \u001b[90m 86 |\u001b[39m             expect\u001b[33m.\u001b[39marrayContaining([\u001b[0m\u001b[22m\n\u001b[2m    \u001b[0m \u001b[90m 87 |\u001b[39m                 expect\u001b[33m.\u001b[39mobjectContaining({ id\u001b[33m:\u001b[39m \u001b[35m1\u001b[39m })\u001b[33m,\u001b[39m\u001b[0m\u001b[22m\n\u001b[2m    \u001b[0m \u001b[90m 88 |\u001b[39m                 expect\u001b[33m.\u001b[39mobjectContaining({ id\u001b[33m:\u001b[39m \u001b[35m2\u001b[39m })\u001b[33m,\u001b[39m\u001b[0m\u001b[22m\n\u001b[2m\u001b[22m\n\u001b[2m      \u001b[2mat Object.<anonymous> (\u001b[22m\u001b[2m\u001b[0m\u001b[36mtest/recent.test.js\u001b[39m\u001b[0m\u001b[2m:85:20)\u001b[22m\u001b[2m\u001b[22m\n\n\u001b[1m\u001b[31m  \u001b[1m● \u001b[22m\u001b[1mgetPastTradesFrom() › Should filter trades in the past month.\u001b[39m\u001b[22m\n\n    \u001b[2mexpect(\u001b[22m\u001b[31mreceived\u001b[39m\u001b[2m).\u001b[22mtoEqual\u001b[2m(\u001b[22m\u001b[32mexpected\u001b[39m\u001b[2m) // deep equality\u001b[22m\n\n    Expected: \u001b[32mArrayContaining [ObjectContaining {\"id\": 1}, ObjectContaining {\"id\": 2}, ObjectContaining {\"id\": 3}, ObjectContaining {\"id\": 4}]\u001b[39m\n    Received: \u001b[31m[{\"date\": 2020-04-03T00:00:00.000Z, \"id\": 1, \"shareCount\": 10, \"sharePrice\": 19.78, \"stockSymbol\": \"AAPL\", \"tradeType\": 1}]\u001b[39m\n\u001b[2m\u001b[22m\n\u001b[2m    \u001b[0m \u001b[90m 93 |\u001b[39m     it(\u001b[32m\"Should filter trades in the past month.\"\u001b[39m\u001b[33m,\u001b[39m () \u001b[33m=>\u001b[39m {\u001b[0m\u001b[22m\n\u001b[2m    \u001b[0m \u001b[90m 94 |\u001b[39m         \u001b[36mconst\u001b[39m tx \u001b[33m=\u001b[39m getPastTradesFrom(trades\u001b[33m,\u001b[39m \u001b[35m1\u001b[39m\u001b[33m,\u001b[39m \u001b[32m\"months\"\u001b[39m)\u001b[33m;\u001b[39m\u001b[0m\u001b[22m\n\u001b[2m    \u001b[0m\u001b[31m\u001b[1m>\u001b[22m\u001b[2m\u001b[39m\u001b[90m 95 |\u001b[39m         expect(tx)\u001b[33m.\u001b[39mtoEqual(\u001b[0m\u001b[22m\n\u001b[2m    \u001b[0m \u001b[90m    |\u001b[39m                    \u001b[31m\u001b[1m^\u001b[22m\u001b[2m\u001b[39m\u001b[0m\u001b[22m\n\u001b[2m    \u001b[0m \u001b[90m 96 |\u001b[39m             expect\u001b[33m.\u001b[39marrayContaining([\u001b[0m\u001b[22m\n\u001b[2m    \u001b[0m \u001b[90m 97 |\u001b[39m                 expect\u001b[33m.\u001b[39mobjectContaining({ id\u001b[33m:\u001b[39m \u001b[35m1\u001b[39m })\u001b[33m,\u001b[39m\u001b[0m\u001b[22m\n\u001b[2m    \u001b[0m \u001b[90m 98 |\u001b[39m                 expect\u001b[33m.\u001b[39mobjectContaining({ id\u001b[33m:\u001b[39m \u001b[35m2\u001b[39m })\u001b[33m,\u001b[39m\u001b[0m\u001b[22m\n\u001b[2m\u001b[22m\n\u001b[2m      \u001b[2mat Object.<anonymous> (\u001b[22m\u001b[2m\u001b[0m\u001b[36mtest/recent.test.js\u001b[39m\u001b[0m\u001b[2m:95:20)\u001b[22m\u001b[2m\u001b[22m\n\n\u001b[1m\u001b[31m  \u001b[1m● \u001b[22m\u001b[1mgetPastTradesFrom() › Should fitler trades when from value exceeds unit.\u001b[39m\u001b[22m\n\n    \u001b[2mexpect(\u001b[22m\u001b[31mreceived\u001b[39m\u001b[2m).\u001b[22mtoEqual\u001b[2m(\u001b[22m\u001b[32mexpected\u001b[39m\u001b[2m) // deep equality\u001b[22m\n\n    Expected: \u001b[32mArrayContaining [ObjectContaining {\"id\": 1}, ObjectContaining {\"id\": 2}, ObjectContaining {\"id\": 3}, ObjectContaining {\"id\": 4}]\u001b[39m\n    Received: \u001b[31m[{\"date\": 2020-04-03T00:00:00.000Z, \"id\": 1, \"shareCount\": 10, \"sharePrice\": 19.78, \"stockSymbol\": \"AAPL\", \"tradeType\": 1}]\u001b[39m\n\u001b[2m\u001b[22m\n\u001b[2m    \u001b[0m \u001b[90m 104 |\u001b[39m     it(\u001b[32m\"Should fitler trades when from value exceeds unit.\"\u001b[39m\u001b[33m,\u001b[39m () \u001b[33m=>\u001b[39m {\u001b[0m\u001b[22m\n\u001b[2m    \u001b[0m \u001b[90m 105 |\u001b[39m         \u001b[36mconst\u001b[39m tx \u001b[33m=\u001b[39m getPastTradesFrom(trades\u001b[33m,\u001b[39m \u001b[35m32\u001b[39m\u001b[33m,\u001b[39m \u001b[32m\"days\"\u001b[39m)\u001b[33m;\u001b[39m\u001b[0m\u001b[22m\n\u001b[2m    \u001b[0m\u001b[31m\u001b[1m>\u001b[22m\u001b[2m\u001b[39m\u001b[90m 106 |\u001b[39m         expect(tx)\u001b[33m.\u001b[39mtoEqual(\u001b[0m\u001b[22m\n\u001b[2m    \u001b[0m \u001b[90m     |\u001b[39m                    \u001b[31m\u001b[1m^\u001b[22m\u001b[2m\u001b[39m\u001b[0m\u001b[22m\n\u001b[2m    \u001b[0m \u001b[90m 107 |\u001b[39m             expect\u001b[33m.\u001b[39marrayContaining([\u001b[0m\u001b[22m\n\u001b[2m    \u001b[0m \u001b[90m 108 |\u001b[39m                 expect\u001b[33m.\u001b[39mobjectContaining({ id\u001b[33m:\u001b[39m \u001b[35m1\u001b[39m })\u001b[33m,\u001b[39m\u001b[0m\u001b[22m\n\u001b[2m    \u001b[0m \u001b[90m 109 |\u001b[39m                 expect\u001b[33m.\u001b[39mobjectContaining({ id\u001b[33m:\u001b[39m \u001b[35m2\u001b[39m })\u001b[33m,\u001b[39m\u001b[0m\u001b[22m\n\u001b[2m\u001b[22m\n\u001b[2m      \u001b[2mat Object.<anonymous> (\u001b[22m\u001b[2m\u001b[0m\u001b[36mtest/recent.test.js\u001b[39m\u001b[0m\u001b[2m:106:20)\u001b[22m\u001b[2m\u001b[22m\n","name":"/workspaces/21752_4/test/recent.test.js","startTime":1669497298055,"status":"failed","summary":""}],"wasInterrupted":false}