{"trialId":"21752_4","taskId":"sort","appEvents":[{"timestamp":"2022-11-26T20:51:35.104Z","name":"search","data":"search-start"},{"timestamp":"2022-11-26T20:51:36.325Z","name":"search","data":"search-done"},{"timestamp":"2022-11-26T20:51:56.534Z","name":"search","data":"search-start"},{"timestamp":"2022-11-26T20:51:59.163Z","name":"search","data":"search-done"},{"timestamp":"2022-11-26T20:55:51.564Z","name":"resize","data":{"height":920,"width":407}},{"timestamp":"2022-11-26T20:57:57.037Z","name":"resize","data":{"height":0,"width":0}}],"searches":[{"keywords":["sort","array","of","objects","descending"],"context":{"tokens":[{"kind":"language","value":"javascript"}]},"timestamp":"2022-11-26T20:51:35.103Z","results":[{"signatures":[],"areSignaturesLoading":true,"title":"Sorting an array of objects by property values - Stack Overflow","url":"https://stackoverflow.com/questions/979256/sorting-an-array-of-objects-by-property-values","displayLink":"https://stackoverflow.com › questions › sorting-an-arra...","date":"33 answers","snippet":"Sort homes by price in ascending order: homes.sort(function(a, b) { return parseFloat(a.price) - parseFloat(b.price); });. Or after ES6 version:","snippetHighlightWords":["Sort","ascending","sort"]},{"signatures":[],"areSignaturesLoading":true,"title":"Sorting an array of objects on both ascending and descending ...","url":"https://stackoverflow.com/questions/56809727/sorting-an-array-of-objects-on-both-ascending-and-descending-order-on-same-click","displayLink":"https://stackoverflow.com › questions › sorting-an-arra...","date":"Jun 28, 2019","snippet":"Sorting an array of objects on both ascending and descending order on same click · reverse the > to < and create a variable that can store the ...","snippetHighlightWords":["Sorting","array of objects","ascending","descending","reverse"]},{"signatures":[],"areSignaturesLoading":true,"title":"JavaScript: Sort an array of objects by a numeric property in ...","url":"https://stackoverflow.com/questions/54623130/javascript-sort-an-array-of-objects-by-a-numeric-property-in-each-object","displayLink":"https://stackoverflow.com › questions › javascript-sort-a...","date":"Feb 11, 2019","snippet":"sort() method does two things, it changes the original array so that it is in sorted order, and it also returns a reference to your original ...","snippetHighlightWords":["sort","array","sorted"]},{"signatures":[],"areSignaturesLoading":true,"title":"Sort by object key in descending order on Javascript/underscore","url":"https://stackoverflow.com/questions/31553155/sort-by-object-key-in-descending-order-on-javascript-underscore","displayLink":"https://stackoverflow.com › questions › sort-by-object-...","date":"Jul 22, 2015","snippet":"I want to sort this array object by key in descending order. So the expected output will be following like the latest date will come first.","snippetHighlightWords":["sort","array object","descending"]},{"signatures":[],"areSignaturesLoading":true,"title":"Javascript: Sorting Objects (not arrays) in descending","url":"https://stackoverflow.com/questions/56996782/javascript-sorting-objects-not-arrays-in-descending","displayLink":"https://stackoverflow.com › questions › javascript-sortin...","date":"Jul 11, 2019","snippet":"Get an array of arrays from Object.entries() .reverse() it; Convert it into a Map ( Map() guarantees order according to how it was entered) ...","snippetHighlightWords":["array","arrays","Object","reverse"]},{"signatures":[],"areSignaturesLoading":true,"title":"Sort array of objects by string property value - Stack Overflow","url":"https://stackoverflow.com/questions/1129216/sort-array-of-objects-by-string-property-value","displayLink":"https://stackoverflow.com › questions › sort-array-of-o...","snippet":"Use JavaScript sort method ... The sort method can be modified to sort anything like an array of numbers, strings and even objects using a compare function. A ...","snippetHighlightWords":["JavaScript sort","sort","sort","array","objects"]},{"signatures":[],"areSignaturesLoading":true,"title":"sort array of objects with letters and numbers in descending ...","url":"https://stackoverflow.com/questions/49365109/sort-array-of-objects-with-letters-and-numbers-in-descending-order","displayLink":"https://stackoverflow.com › questions › sort-array-of-o...","snippet":"You can use array#sort with string#localeCompare with numeric property set to true . const data = [{\"map_name\": \"PHX7260.","snippetHighlightWords":["array#sort"],"extensions":["Mar 19, 2018","3 answers"]},{"signatures":[],"areSignaturesLoading":true,"title":"How do I sort array of objects in descending order based on ...","url":"https://stackoverflow.com/questions/72084911/how-do-i-sort-array-of-objects-in-descending-order-based-on-alphanumeric-value-i","displayLink":"https://stackoverflow.com › questions › how-do-i-sort-a...","snippet":"You need a custom comparer function that will use the value property of your objects to make a descending alphabetic sort on your ArrOfObj.","snippetHighlightWords":["objects","descending","sort"],"extensions":["May 2, 2022","1 answer"]},{"signatures":[],"areSignaturesLoading":true,"title":"JS sort array of objets by specific string property (not ...","url":"https://stackoverflow.com/questions/65687818/js-sort-array-of-objets-by-specific-string-property-not-ascending-or-descending","displayLink":"https://stackoverflow.com › questions › js-sort-array-of-...","snippet":"You could take an object with the wanted order and take a large value as default for sorting. const data = [{ name: \"strawberries\", ...","snippetHighlightWords":["object","sorting"],"extensions":["Jan 12, 2021","5 answers"]},{"signatures":[],"areSignaturesLoading":true,"title":"How can I sort a javascript array of objects numerically and ...","url":"https://stackoverflow.com/questions/12900058/how-can-i-sort-a-javascript-array-of-objects-numerically-and-then-alphabetically","displayLink":"https://stackoverflow.com › questions › how-can-i-sort-...","snippet":"items.sort(function(a, b) { return (a.id - b.id); ...","snippetHighlightWords":["sort"]}],"events":[{"timestamp":"2022-11-26T20:51:35.166Z","url":"https://stackoverflow.com/questions/979256/sorting-an-array-of-objects-by-property-values","component":"projection","action":"load","data":{"height":104,"width":259.921875,"wc":19,"lc":1}},{"timestamp":"2022-11-26T20:51:35.166Z","url":"https://stackoverflow.com/questions/56809727/sorting-an-array-of-objects-on-both-ascending-and-descending-order-on-same-click","component":"projection","action":"load","data":{"height":104,"width":269.34375,"wc":29,"lc":1}},{"timestamp":"2022-11-26T20:51:35.167Z","url":"https://stackoverflow.com/questions/54623130/javascript-sort-an-array-of-objects-by-a-numeric-property-in-each-object","component":"projection","action":"load","data":{"height":82,"width":269.921875,"wc":27,"lc":1}},{"timestamp":"2022-11-26T20:51:35.167Z","url":"https://stackoverflow.com/questions/31553155/sort-by-object-key-in-descending-order-on-javascript-underscore","component":"projection","action":"load","data":{"height":82,"width":270.234375,"wc":26,"lc":1}},{"timestamp":"2022-11-26T20:51:35.167Z","url":"https://stackoverflow.com/questions/56996782/javascript-sorting-objects-not-arrays-in-descending","component":"projection","action":"load","data":{"height":82,"width":269.734375,"wc":25,"lc":1}},{"timestamp":"2022-11-26T20:51:35.167Z","url":"https://stackoverflow.com/questions/1129216/sort-array-of-objects-by-string-property-value","component":"projection","action":"load","data":{"height":82,"width":267.28125,"wc":29,"lc":1}},{"timestamp":"2022-11-26T20:51:35.167Z","url":"https://stackoverflow.com/questions/49365109/sort-array-of-objects-with-letters-and-numbers-in-descending-order","component":"projection","action":"load","data":{"height":82,"width":221.953125,"wc":18,"lc":1}},{"timestamp":"2022-11-26T20:51:35.167Z","url":"https://stackoverflow.com/questions/72084911/how-do-i-sort-array-of-objects-in-descending-order-based-on-alphanumeric-value-i","component":"projection","action":"load","data":{"height":82,"width":266.546875,"wc":24,"lc":1}},{"timestamp":"2022-11-26T20:51:35.167Z","url":"https://stackoverflow.com/questions/65687818/js-sort-array-of-objets-by-specific-string-property-not-ascending-or-descending","component":"projection","action":"load","data":{"height":82,"width":263.46875,"wc":25,"lc":1}},{"timestamp":"2022-11-26T20:51:35.168Z","url":"https://stackoverflow.com/questions/12900058/how-can-i-sort-a-javascript-array-of-objects-numerically-and-then-alphabetically","component":"projection","action":"load","data":{"height":38,"width":243.09375,"wc":8,"lc":1}},{"timestamp":"2022-11-26T20:51:36.325Z","url":"https://stackoverflow.com/questions/979256/sorting-an-array-of-objects-by-property-values","component":"projection","action":"loaded","data":"projection 10 of 10"},{"timestamp":"2022-11-26T20:51:36.325Z","url":"https://stackoverflow.com/questions/56809727/sorting-an-array-of-objects-on-both-ascending-and-descending-order-on-same-click","component":"projection","action":"loaded","data":"projection 9 of 10"},{"timestamp":"2022-11-26T20:51:36.325Z","url":"https://stackoverflow.com/questions/54623130/javascript-sort-an-array-of-objects-by-a-numeric-property-in-each-object","component":"projection","action":"loaded","data":"projection 8 of 10"},{"timestamp":"2022-11-26T20:51:36.325Z","url":"https://stackoverflow.com/questions/31553155/sort-by-object-key-in-descending-order-on-javascript-underscore","component":"projection","action":"loaded","data":"projection 7 of 10"},{"timestamp":"2022-11-26T20:51:36.325Z","url":"https://stackoverflow.com/questions/56996782/javascript-sorting-objects-not-arrays-in-descending","component":"projection","action":"loaded","data":"projection 6 of 10"},{"timestamp":"2022-11-26T20:51:36.325Z","url":"https://stackoverflow.com/questions/1129216/sort-array-of-objects-by-string-property-value","component":"projection","action":"loaded","data":"projection 5 of 10"},{"timestamp":"2022-11-26T20:51:36.325Z","url":"https://stackoverflow.com/questions/49365109/sort-array-of-objects-with-letters-and-numbers-in-descending-order","component":"projection","action":"loaded","data":"projection 4 of 10"},{"timestamp":"2022-11-26T20:51:36.325Z","url":"https://stackoverflow.com/questions/72084911/how-do-i-sort-array-of-objects-in-descending-order-based-on-alphanumeric-value-i","component":"projection","action":"loaded","data":"projection 3 of 10"},{"timestamp":"2022-11-26T20:51:36.325Z","url":"https://stackoverflow.com/questions/65687818/js-sort-array-of-objets-by-specific-string-property-not-ascending-or-descending","component":"projection","action":"loaded","data":"projection 2 of 10"},{"timestamp":"2022-11-26T20:51:36.325Z","url":"https://stackoverflow.com/questions/12900058/how-can-i-sort-a-javascript-array-of-objects-numerically-and-then-alphabetically","component":"projection","action":"loaded","data":"projection 1 of 10"}]},{"keywords":["javascript","sort","array","big","to","small"],"context":{"tokens":[{"kind":"language","value":"javascript"}]},"timestamp":"2022-11-26T20:51:56.532Z","results":[{"signatures":[],"areSignaturesLoading":true,"title":"How to sort an array of integers correctly - Stack Overflow","snippet":"In JavaScript the sort() method's default behaviour is to sort values in an array alphabetically. To sort by number you have to define a numeric sort ...","url":"https://stackoverflow.com/questions/1063007/how-to-sort-an-array-of-integers-correctly","displayLink":"https://stackoverflow.com › questions › how-to-sort-an-...","snippetHighlightWords":["JavaScript","sort","sort","array","sort","sort"]},{"signatures":[],"areSignaturesLoading":true,"title":"How do I sort the larger to smaller arrays based on their size in ...","snippet":"I have four arrays A,B.C, and D. For example: // example code is here length of a is 1 length of b is 4 length of c is 1 length of d is 2. var ...","url":"https://stackoverflow.com/questions/21388314/how-do-i-sort-the-larger-to-smaller-arrays-based-on-their-size-in-javascript","displayLink":"https://stackoverflow.com › questions › how-do-i-sort-t...","snippetHighlightWords":["arrays"],"date":"Jan 27, 2014"},{"signatures":[],"areSignaturesLoading":true,"title":"How to sort numbers correctly with Array.sort()? - Stack Overflow","snippet":"The default sort for arrays in Javascript is an alphabetical search. If you want a numerical sort, try something like this:","url":"https://stackoverflow.com/questions/7000851/how-to-sort-numbers-correctly-with-array-sort","displayLink":"https://stackoverflow.com › questions › how-to-sort-nu...","snippetHighlightWords":["sort","arrays","Javascript","sort"],"date":"Aug 9, 2011"},{"signatures":[],"areSignaturesLoading":true,"title":"Javascript sort an array by biggest and lowest number","snippet":"I will copy-paste the condition: Write a function that sorts an array of numbers so that the first element is the smallest one, the second is ...","url":"https://stackoverflow.com/questions/65836611/javascript-sort-an-array-by-biggest-and-lowest-number","displayLink":"https://stackoverflow.com › questions › javascript-sort-a...","snippetHighlightWords":["array"],"date":"Jan 21, 2021"},{"signatures":[],"areSignaturesLoading":true,"title":"javascript array order value from big to small - Stack Overflow","snippet":"Firstly, the index should be the last index of fruits, because the first index is from 0 in the array, the last index should be the length minus ...","url":"https://stackoverflow.com/questions/31533588/javascript-array-order-value-from-big-to-small","displayLink":"https://stackoverflow.com › questions › javascript-array...","snippetHighlightWords":["array"],"date":"Jul 21, 2015"},{"signatures":[],"areSignaturesLoading":true,"title":"What is the fastest way to sort a large(ish) array of numbers in ...","snippet":"I would be surprised if a JavaScript sort were faster than the native sort for an array of any significant size, though with certain input constraints a radix ...","url":"https://stackoverflow.com/questions/40721767/what-is-the-fastest-way-to-sort-a-largeish-array-of-numbers-in-javascript","displayLink":"https://stackoverflow.com › questions › what-is-the-fast...","snippetHighlightWords":["JavaScript sort","sort","array"]},{"signatures":[],"areSignaturesLoading":true,"title":"How to sort an array based on the length of each element?","snippet":"You can use Array.sort method to sort the array. A sorting function that considers the length of string as the sorting criteria can be used as follows:","url":"https://stackoverflow.com/questions/10630766/how-to-sort-an-array-based-on-the-length-of-each-element","displayLink":"https://stackoverflow.com › questions › how-to-sort-an-...","snippetHighlightWords":["Array.sort","sort","array","sorting","sorting"],"date":"12 answers"},{"signatures":[],"areSignaturesLoading":true,"title":"Sorting an array of objects by property values - Stack Overflow","snippet":"the quickest way is to use the isomorphic sort-array module which works natively in both browser and node, supporting any type of input, computed fields and ...","url":"https://stackoverflow.com/questions/979256/sorting-an-array-of-objects-by-property-values","displayLink":"https://stackoverflow.com › questions › sorting-an-arra...","snippetHighlightWords":["sort","array"]},{"signatures":[],"areSignaturesLoading":true,"title":"What is Array.prototype.sort() time complexity? - Stack Overflow","snippet":"Despite Timsort having a better Big O profile than Merge sort (see ... Which, for smaller arrays, has a time complexity of O(n) and space ...","url":"https://stackoverflow.com/questions/57763205/what-is-array-prototype-sort-time-complexity","displayLink":"https://stackoverflow.com › questions › what-is-array-p...","snippetHighlightWords":["Big","sort","smaller arrays"],"date":"Sep 2, 2019"},{"signatures":[],"areSignaturesLoading":true,"title":"Why does \".sort()\" in JavaScript sort incredibly small numbers ...","snippet":"Array.sort() in javascript does not sort by < and >, it instead does a lexical sort, which means it treats the numbers as strings and sorts ...","url":"https://stackoverflow.com/questions/24344939/why-does-sort-in-javascript-sort-incredibly-small-numbers-as-incredibly-lar","displayLink":"https://stackoverflow.com › questions › why-does-sort-i...","snippetHighlightWords":["Array.sort","javascript","sort","sort"],"date":"Jun 21, 2014"}],"events":[{"timestamp":"2022-11-26T20:51:58.002Z","url":"https://stackoverflow.com/questions/1063007/how-to-sort-an-array-of-integers-correctly","component":"projection","action":"load","data":{"height":82,"width":271.421875,"wc":27,"lc":1}},{"timestamp":"2022-11-26T20:51:58.002Z","url":"https://stackoverflow.com/questions/21388314/how-do-i-sort-the-larger-to-smaller-arrays-based-on-their-size-in-javascript","component":"projection","action":"load","data":{"height":82,"width":264.46875,"wc":36,"lc":1}},{"timestamp":"2022-11-26T20:51:58.002Z","url":"https://stackoverflow.com/questions/7000851/how-to-sort-numbers-correctly-with-array-sort","component":"projection","action":"load","data":{"height":82,"width":266.6875,"wc":21,"lc":1}},{"timestamp":"2022-11-26T20:51:58.002Z","url":"https://stackoverflow.com/questions/65836611/javascript-sort-an-array-by-biggest-and-lowest-number","component":"projection","action":"load","data":{"height":82,"width":261.796875,"wc":27,"lc":1}},{"timestamp":"2022-11-26T20:51:58.002Z","url":"https://stackoverflow.com/questions/31533588/javascript-array-order-value-from-big-to-small","component":"projection","action":"load","data":{"height":82,"width":267.859375,"wc":29,"lc":1}},{"timestamp":"2022-11-26T20:51:58.002Z","url":"https://stackoverflow.com/questions/40721767/what-is-the-fastest-way-to-sort-a-largeish-array-of-numbers-in-javascript","component":"projection","action":"load","data":{"height":82,"width":261.59375,"wc":29,"lc":1}},{"timestamp":"2022-11-26T20:51:58.002Z","url":"https://stackoverflow.com/questions/10630766/how-to-sort-an-array-based-on-the-length-of-each-element","component":"projection","action":"load","data":{"height":104,"width":263.5625,"wc":27,"lc":1}},{"timestamp":"2022-11-26T20:51:58.003Z","url":"https://stackoverflow.com/questions/979256/sorting-an-array-of-objects-by-property-values","component":"projection","action":"load","data":{"height":82,"width":265.578125,"wc":27,"lc":1}},{"timestamp":"2022-11-26T20:51:58.003Z","url":"https://stackoverflow.com/questions/57763205/what-is-array-prototype-sort-time-complexity","component":"projection","action":"load","data":{"height":82,"width":259.34375,"wc":26,"lc":1}},{"timestamp":"2022-11-26T20:51:58.003Z","url":"https://stackoverflow.com/questions/24344939/why-does-sort-in-javascript-sort-incredibly-small-numbers-as-incredibly-lar","component":"projection","action":"load","data":{"height":82,"width":270.6875,"wc":27,"lc":1}},{"timestamp":"2022-11-26T20:51:58.114Z","url":"https://stackoverflow.com/questions/1063007/how-to-sort-an-array-of-integers-correctly","component":"projection","action":"mouseenter"},{"timestamp":"2022-11-26T20:51:58.181Z","url":"https://stackoverflow.com/questions/1063007/how-to-sort-an-array-of-integers-correctly","component":"projection","action":"mouseleave"},{"timestamp":"2022-11-26T20:51:58.182Z","url":"https://stackoverflow.com/questions/21388314/how-do-i-sort-the-larger-to-smaller-arrays-based-on-their-size-in-javascript","component":"projection","action":"mouseenter"},{"timestamp":"2022-11-26T20:51:58.247Z","url":"https://stackoverflow.com/questions/21388314/how-do-i-sort-the-larger-to-smaller-arrays-based-on-their-size-in-javascript","component":"projection","action":"mouseleave"},{"timestamp":"2022-11-26T20:51:58.248Z","url":"https://stackoverflow.com/questions/7000851/how-to-sort-numbers-correctly-with-array-sort","component":"projection","action":"mouseenter"},{"timestamp":"2022-11-26T20:51:58.764Z","url":"https://stackoverflow.com/questions/7000851/how-to-sort-numbers-correctly-with-array-sort","component":"projection","action":"mouseleave"},{"timestamp":"2022-11-26T20:51:58.765Z","url":"https://stackoverflow.com/questions/21388314/how-do-i-sort-the-larger-to-smaller-arrays-based-on-their-size-in-javascript","component":"projection","action":"mouseenter"},{"timestamp":"2022-11-26T20:51:58.831Z","url":"https://stackoverflow.com/questions/21388314/how-do-i-sort-the-larger-to-smaller-arrays-based-on-their-size-in-javascript","component":"projection","action":"mouseleave"},{"timestamp":"2022-11-26T20:51:58.832Z","url":"https://stackoverflow.com/questions/1063007/how-to-sort-an-array-of-integers-correctly","component":"projection","action":"mouseenter"},{"timestamp":"2022-11-26T20:51:59.163Z","url":"https://stackoverflow.com/questions/1063007/how-to-sort-an-array-of-integers-correctly","component":"projection","action":"loaded","data":"projection 10 of 10"},{"timestamp":"2022-11-26T20:51:59.163Z","url":"https://stackoverflow.com/questions/21388314/how-do-i-sort-the-larger-to-smaller-arrays-based-on-their-size-in-javascript","component":"projection","action":"loaded","data":"projection 9 of 10"},{"timestamp":"2022-11-26T20:51:59.163Z","url":"https://stackoverflow.com/questions/7000851/how-to-sort-numbers-correctly-with-array-sort","component":"projection","action":"loaded","data":"projection 8 of 10"},{"timestamp":"2022-11-26T20:51:59.163Z","url":"https://stackoverflow.com/questions/65836611/javascript-sort-an-array-by-biggest-and-lowest-number","component":"projection","action":"loaded","data":"projection 7 of 10"},{"timestamp":"2022-11-26T20:51:59.163Z","url":"https://stackoverflow.com/questions/31533588/javascript-array-order-value-from-big-to-small","component":"projection","action":"loaded","data":"projection 6 of 10"},{"timestamp":"2022-11-26T20:51:59.163Z","url":"https://stackoverflow.com/questions/40721767/what-is-the-fastest-way-to-sort-a-largeish-array-of-numbers-in-javascript","component":"projection","action":"loaded","data":"projection 5 of 10"},{"timestamp":"2022-11-26T20:51:59.163Z","url":"https://stackoverflow.com/questions/10630766/how-to-sort-an-array-based-on-the-length-of-each-element","component":"projection","action":"loaded","data":"projection 4 of 10"},{"timestamp":"2022-11-26T20:51:59.163Z","url":"https://stackoverflow.com/questions/979256/sorting-an-array-of-objects-by-property-values","component":"projection","action":"loaded","data":"projection 3 of 10"},{"timestamp":"2022-11-26T20:51:59.163Z","url":"https://stackoverflow.com/questions/57763205/what-is-array-prototype-sort-time-complexity","component":"projection","action":"loaded","data":"projection 2 of 10"},{"timestamp":"2022-11-26T20:51:59.163Z","url":"https://stackoverflow.com/questions/24344939/why-does-sort-in-javascript-sort-incredibly-small-numbers-as-incredibly-lar","component":"projection","action":"loaded","data":"projection 1 of 10"},{"timestamp":"2022-11-26T20:51:59.783Z","url":"https://stackoverflow.com/questions/1063007/how-to-sort-an-array-of-integers-correctly","component":"page","action":"open"},{"timestamp":"2022-11-26T20:51:59.813Z","url":"https://stackoverflow.com/questions/1063007/how-to-sort-an-array-of-integers-correctly","component":"projection","action":"mouseleave"},{"timestamp":"2022-11-26T20:52:00.905Z","url":"https://stackoverflow.com/questions/1063007/how-to-sort-an-array-of-integers-correctly","component":"page","action":"load"},{"timestamp":"2022-11-26T20:52:03.766Z","url":"https://stackoverflow.com/questions/1063007/how-to-sort-an-array-of-integers-correctly","component":"page","action":"scroll","data":{"viewport":{"x":0,"y":600,"height":860,"width":296},"document":{"height":37752,"width":279},"question":{"identifier":"1063007","top":-436.59375,"bottom":1410.28125,"right":263,"left":16,"width":247,"height":1846.875},"answers":[{"identifier":"1063027","top":1527.5625,"bottom":3417.0625,"right":263,"left":16,"width":247,"height":1889.5},{"identifier":"21595293","top":3417.0625,"bottom":4148.125,"right":263,"left":16,"width":247,"height":731.0625},{"identifier":"53355543","top":4148.125,"bottom":5734.1875,"right":263,"left":16,"width":247,"height":1586.0625},{"identifier":"1063032","top":5734.1875,"bottom":6691.375,"right":263,"left":16,"width":247,"height":957.1875},{"identifier":"35186691","top":6691.375,"bottom":7280,"right":263,"left":16,"width":247,"height":588.625},{"identifier":"50540258","top":7280,"bottom":9599.96875,"right":263,"left":16,"width":247,"height":2319.96875},{"identifier":"69250874","top":9599.96875,"bottom":10102.46875,"right":263,"left":16,"width":247,"height":502.5},{"identifier":"27002612","top":10102.46875,"bottom":11651.09375,"right":263,"left":16,"width":247,"height":1548.625},{"identifier":"68980030","top":11651.09375,"bottom":12184.03125,"right":263,"left":16,"width":247,"height":532.9375},{"identifier":"1063034","top":12184.03125,"bottom":12802.15625,"right":263,"left":16,"width":247,"height":618.125},{"identifier":"38041835","top":12802.15625,"bottom":14889.03125,"right":263,"left":16,"width":247,"height":2086.875},{"identifier":"35741381","top":14889.03125,"bottom":16002.65625,"right":263,"left":16,"width":247,"height":1113.625},{"identifier":"52769854","top":16002.65625,"bottom":16751.15625,"right":263,"left":16,"width":247,"height":748.5},{"identifier":"54376667","top":16751.15625,"bottom":18238.84375,"right":263,"left":16,"width":247,"height":1487.6875},{"identifier":"73137151","top":18238.84375,"bottom":18885.796875,"right":263,"left":16,"width":247,"height":646.953125},{"identifier":"60466964","top":18885.796875,"bottom":19568.421875,"right":263,"left":16,"width":247,"height":682.625},{"identifier":"68451074","top":19568.421875,"bottom":20228.046875,"right":263,"left":16,"width":247,"height":659.625},{"identifier":"48662235","top":20228.046875,"bottom":21139.484375,"right":263,"left":16,"width":247,"height":911.4375},{"identifier":"27346603","top":21139.484375,"bottom":25622.15625,"right":263,"left":16,"width":247,"height":4482.671875},{"identifier":"33750016","top":25622.15625,"bottom":26223.78125,"right":263,"left":16,"width":247,"height":601.625},{"identifier":"48662094","top":26223.78125,"bottom":26652.90625,"right":263,"left":16,"width":247,"height":429.125},{"identifier":"65741069","top":26652.90625,"bottom":26935.875,"right":263,"left":16,"width":247,"height":282.96875},{"identifier":"69168160","top":26935.875,"bottom":27585.5,"right":263,"left":16,"width":247,"height":649.625},{"identifier":"64630309","top":27585.5,"bottom":28359.625,"right":263,"left":16,"width":247,"height":774.125},{"identifier":"73699304","top":28359.625,"bottom":28812.8125,"right":263,"left":16,"width":247,"height":453.1875},{"identifier":"63612329","top":28812.8125,"bottom":29658.5,"right":263,"left":16,"width":247,"height":845.6875},{"identifier":"63928262","top":29658.5,"bottom":30278.8125,"right":263,"left":16,"width":247,"height":620.3125},{"identifier":"64007304","top":30278.8125,"bottom":32310.75,"right":263,"left":16,"width":247,"height":2031.9375},{"identifier":"68041884","top":32310.75,"bottom":32861.1875,"right":263,"left":16,"width":247,"height":550.4375},{"identifier":"69458497","top":32861.1875,"bottom":34637.125,"right":263,"left":16,"width":247,"height":1775.9375}]}},{"timestamp":"2022-11-26T20:52:05.402Z","url":"https://stackoverflow.com/questions/1063007/how-to-sort-an-array-of-integers-correctly","component":"page","action":"scroll","data":{"viewport":{"x":0,"y":2000,"height":860,"width":296},"document":{"height":37752,"width":279},"question":{"identifier":"1063007","top":-1836.59375,"bottom":10.28125,"right":263,"left":16,"width":247,"height":1846.875},"answers":[{"identifier":"1063027","top":127.5625,"bottom":2017.0625,"right":263,"left":16,"width":247,"height":1889.5},{"identifier":"21595293","top":2017.0625,"bottom":2748.125,"right":263,"left":16,"width":247,"height":731.0625},{"identifier":"53355543","top":2748.125,"bottom":4334.1875,"right":263,"left":16,"width":247,"height":1586.0625},{"identifier":"1063032","top":4334.1875,"bottom":5291.375,"right":263,"left":16,"width":247,"height":957.1875},{"identifier":"35186691","top":5291.375,"bottom":5880,"right":263,"left":16,"width":247,"height":588.625},{"identifier":"50540258","top":5880,"bottom":8199.96875,"right":263,"left":16,"width":247,"height":2319.96875},{"identifier":"69250874","top":8199.96875,"bottom":8702.46875,"right":263,"left":16,"width":247,"height":502.5},{"identifier":"27002612","top":8702.46875,"bottom":10251.09375,"right":263,"left":16,"width":247,"height":1548.625},{"identifier":"68980030","top":10251.09375,"bottom":10784.03125,"right":263,"left":16,"width":247,"height":532.9375},{"identifier":"1063034","top":10784.03125,"bottom":11402.15625,"right":263,"left":16,"width":247,"height":618.125},{"identifier":"38041835","top":11402.15625,"bottom":13489.03125,"right":263,"left":16,"width":247,"height":2086.875},{"identifier":"35741381","top":13489.03125,"bottom":14602.65625,"right":263,"left":16,"width":247,"height":1113.625},{"identifier":"52769854","top":14602.65625,"bottom":15351.15625,"right":263,"left":16,"width":247,"height":748.5},{"identifier":"54376667","top":15351.15625,"bottom":16838.84375,"right":263,"left":16,"width":247,"height":1487.6875},{"identifier":"73137151","top":16838.84375,"bottom":17485.796875,"right":263,"left":16,"width":247,"height":646.953125},{"identifier":"60466964","top":17485.796875,"bottom":18168.421875,"right":263,"left":16,"width":247,"height":682.625},{"identifier":"68451074","top":18168.421875,"bottom":18828.046875,"right":263,"left":16,"width":247,"height":659.625},{"identifier":"48662235","top":18828.046875,"bottom":19739.484375,"right":263,"left":16,"width":247,"height":911.4375},{"identifier":"27346603","top":19739.484375,"bottom":24222.15625,"right":263,"left":16,"width":247,"height":4482.671875},{"identifier":"33750016","top":24222.15625,"bottom":24823.78125,"right":263,"left":16,"width":247,"height":601.625},{"identifier":"48662094","top":24823.78125,"bottom":25252.90625,"right":263,"left":16,"width":247,"height":429.125},{"identifier":"65741069","top":25252.90625,"bottom":25535.875,"right":263,"left":16,"width":247,"height":282.96875},{"identifier":"69168160","top":25535.875,"bottom":26185.5,"right":263,"left":16,"width":247,"height":649.625},{"identifier":"64630309","top":26185.5,"bottom":26959.625,"right":263,"left":16,"width":247,"height":774.125},{"identifier":"73699304","top":26959.625,"bottom":27412.8125,"right":263,"left":16,"width":247,"height":453.1875},{"identifier":"63612329","top":27412.8125,"bottom":28258.5,"right":263,"left":16,"width":247,"height":845.6875},{"identifier":"63928262","top":28258.5,"bottom":28878.8125,"right":263,"left":16,"width":247,"height":620.3125},{"identifier":"64007304","top":28878.8125,"bottom":30910.75,"right":263,"left":16,"width":247,"height":2031.9375},{"identifier":"68041884","top":30910.75,"bottom":31461.1875,"right":263,"left":16,"width":247,"height":550.4375},{"identifier":"69458497","top":31461.1875,"bottom":33237.125,"right":263,"left":16,"width":247,"height":1775.9375}]}},{"timestamp":"2022-11-26T20:52:18.962Z","url":"https://stackoverflow.com/questions/1063007/how-to-sort-an-array-of-integers-correctly","component":"page","action":"scroll","data":{"viewport":{"x":0,"y":2200,"height":860,"width":296},"document":{"height":37752,"width":279},"question":{"identifier":"1063007","top":-2036.59375,"bottom":-189.71875,"right":263,"left":16,"width":247,"height":1846.875},"answers":[{"identifier":"1063027","top":-72.4375,"bottom":1817.0625,"right":263,"left":16,"width":247,"height":1889.5},{"identifier":"21595293","top":1817.0625,"bottom":2548.125,"right":263,"left":16,"width":247,"height":731.0625},{"identifier":"53355543","top":2548.125,"bottom":4134.1875,"right":263,"left":16,"width":247,"height":1586.0625},{"identifier":"1063032","top":4134.1875,"bottom":5091.375,"right":263,"left":16,"width":247,"height":957.1875},{"identifier":"35186691","top":5091.375,"bottom":5680,"right":263,"left":16,"width":247,"height":588.625},{"identifier":"50540258","top":5680,"bottom":7999.96875,"right":263,"left":16,"width":247,"height":2319.96875},{"identifier":"69250874","top":7999.96875,"bottom":8502.46875,"right":263,"left":16,"width":247,"height":502.5},{"identifier":"27002612","top":8502.46875,"bottom":10051.09375,"right":263,"left":16,"width":247,"height":1548.625},{"identifier":"68980030","top":10051.09375,"bottom":10584.03125,"right":263,"left":16,"width":247,"height":532.9375},{"identifier":"1063034","top":10584.03125,"bottom":11202.15625,"right":263,"left":16,"width":247,"height":618.125},{"identifier":"38041835","top":11202.15625,"bottom":13289.03125,"right":263,"left":16,"width":247,"height":2086.875},{"identifier":"35741381","top":13289.03125,"bottom":14402.65625,"right":263,"left":16,"width":247,"height":1113.625},{"identifier":"52769854","top":14402.65625,"bottom":15151.15625,"right":263,"left":16,"width":247,"height":748.5},{"identifier":"54376667","top":15151.15625,"bottom":16638.84375,"right":263,"left":16,"width":247,"height":1487.6875},{"identifier":"73137151","top":16638.84375,"bottom":17285.796875,"right":263,"left":16,"width":247,"height":646.953125},{"identifier":"60466964","top":17285.796875,"bottom":17968.421875,"right":263,"left":16,"width":247,"height":682.625},{"identifier":"68451074","top":17968.421875,"bottom":18628.046875,"right":263,"left":16,"width":247,"height":659.625},{"identifier":"48662235","top":18628.046875,"bottom":19539.484375,"right":263,"left":16,"width":247,"height":911.4375},{"identifier":"27346603","top":19539.484375,"bottom":24022.15625,"right":263,"left":16,"width":247,"height":4482.671875},{"identifier":"33750016","top":24022.15625,"bottom":24623.78125,"right":263,"left":16,"width":247,"height":601.625},{"identifier":"48662094","top":24623.78125,"bottom":25052.90625,"right":263,"left":16,"width":247,"height":429.125},{"identifier":"65741069","top":25052.90625,"bottom":25335.875,"right":263,"left":16,"width":247,"height":282.96875},{"identifier":"69168160","top":25335.875,"bottom":25985.5,"right":263,"left":16,"width":247,"height":649.625},{"identifier":"64630309","top":25985.5,"bottom":26759.625,"right":263,"left":16,"width":247,"height":774.125},{"identifier":"73699304","top":26759.625,"bottom":27212.8125,"right":263,"left":16,"width":247,"height":453.1875},{"identifier":"63612329","top":27212.8125,"bottom":28058.5,"right":263,"left":16,"width":247,"height":845.6875},{"identifier":"63928262","top":28058.5,"bottom":28678.8125,"right":263,"left":16,"width":247,"height":620.3125},{"identifier":"64007304","top":28678.8125,"bottom":30710.75,"right":263,"left":16,"width":247,"height":2031.9375},{"identifier":"68041884","top":30710.75,"bottom":31261.1875,"right":263,"left":16,"width":247,"height":550.4375},{"identifier":"69458497","top":31261.1875,"bottom":33037.125,"right":263,"left":16,"width":247,"height":1775.9375}]}},{"timestamp":"2022-11-26T20:52:21.580Z","url":"https://stackoverflow.com/questions/1063007/how-to-sort-an-array-of-integers-correctly","component":"page","action":"scroll","data":{"viewport":{"x":0,"y":2600,"height":860,"width":296},"document":{"height":37752,"width":279},"question":{"identifier":"1063007","top":-2436.59375,"bottom":-589.71875,"right":263,"left":16,"width":247,"height":1846.875},"answers":[{"identifier":"1063027","top":-472.4375,"bottom":1417.0625,"right":263,"left":16,"width":247,"height":1889.5},{"identifier":"21595293","top":1417.0625,"bottom":2148.125,"right":263,"left":16,"width":247,"height":731.0625},{"identifier":"53355543","top":2148.125,"bottom":3734.1875,"right":263,"left":16,"width":247,"height":1586.0625},{"identifier":"1063032","top":3734.1875,"bottom":4691.375,"right":263,"left":16,"width":247,"height":957.1875},{"identifier":"35186691","top":4691.375,"bottom":5280,"right":263,"left":16,"width":247,"height":588.625},{"identifier":"50540258","top":5280,"bottom":7599.96875,"right":263,"left":16,"width":247,"height":2319.96875},{"identifier":"69250874","top":7599.96875,"bottom":8102.46875,"right":263,"left":16,"width":247,"height":502.5},{"identifier":"27002612","top":8102.46875,"bottom":9651.09375,"right":263,"left":16,"width":247,"height":1548.625},{"identifier":"68980030","top":9651.09375,"bottom":10184.03125,"right":263,"left":16,"width":247,"height":532.9375},{"identifier":"1063034","top":10184.03125,"bottom":10802.15625,"right":263,"left":16,"width":247,"height":618.125},{"identifier":"38041835","top":10802.15625,"bottom":12889.03125,"right":263,"left":16,"width":247,"height":2086.875},{"identifier":"35741381","top":12889.03125,"bottom":14002.65625,"right":263,"left":16,"width":247,"height":1113.625},{"identifier":"52769854","top":14002.65625,"bottom":14751.15625,"right":263,"left":16,"width":247,"height":748.5},{"identifier":"54376667","top":14751.15625,"bottom":16238.84375,"right":263,"left":16,"width":247,"height":1487.6875},{"identifier":"73137151","top":16238.84375,"bottom":16885.796875,"right":263,"left":16,"width":247,"height":646.953125},{"identifier":"60466964","top":16885.796875,"bottom":17568.421875,"right":263,"left":16,"width":247,"height":682.625},{"identifier":"68451074","top":17568.421875,"bottom":18228.046875,"right":263,"left":16,"width":247,"height":659.625},{"identifier":"48662235","top":18228.046875,"bottom":19139.484375,"right":263,"left":16,"width":247,"height":911.4375},{"identifier":"27346603","top":19139.484375,"bottom":23622.15625,"right":263,"left":16,"width":247,"height":4482.671875},{"identifier":"33750016","top":23622.15625,"bottom":24223.78125,"right":263,"left":16,"width":247,"height":601.625},{"identifier":"48662094","top":24223.78125,"bottom":24652.90625,"right":263,"left":16,"width":247,"height":429.125},{"identifier":"65741069","top":24652.90625,"bottom":24935.875,"right":263,"left":16,"width":247,"height":282.96875},{"identifier":"69168160","top":24935.875,"bottom":25585.5,"right":263,"left":16,"width":247,"height":649.625},{"identifier":"64630309","top":25585.5,"bottom":26359.625,"right":263,"left":16,"width":247,"height":774.125},{"identifier":"73699304","top":26359.625,"bottom":26812.8125,"right":263,"left":16,"width":247,"height":453.1875},{"identifier":"63612329","top":26812.8125,"bottom":27658.5,"right":263,"left":16,"width":247,"height":845.6875},{"identifier":"63928262","top":27658.5,"bottom":28278.8125,"right":263,"left":16,"width":247,"height":620.3125},{"identifier":"64007304","top":28278.8125,"bottom":30310.75,"right":263,"left":16,"width":247,"height":2031.9375},{"identifier":"68041884","top":30310.75,"bottom":30861.1875,"right":263,"left":16,"width":247,"height":550.4375},{"identifier":"69458497","top":30861.1875,"bottom":32637.125,"right":263,"left":16,"width":247,"height":1775.9375}]}},{"timestamp":"2022-11-26T20:52:24.166Z","url":"https://stackoverflow.com/questions/1063007/how-to-sort-an-array-of-integers-correctly","component":"page","action":"scroll","data":{"viewport":{"x":0,"y":2000,"height":860,"width":296},"document":{"height":37752,"width":279},"question":{"identifier":"1063007","top":-1836.59375,"bottom":10.28125,"right":263,"left":16,"width":247,"height":1846.875},"answers":[{"identifier":"1063027","top":127.5625,"bottom":2017.0625,"right":263,"left":16,"width":247,"height":1889.5},{"identifier":"21595293","top":2017.0625,"bottom":2748.125,"right":263,"left":16,"width":247,"height":731.0625},{"identifier":"53355543","top":2748.125,"bottom":4334.1875,"right":263,"left":16,"width":247,"height":1586.0625},{"identifier":"1063032","top":4334.1875,"bottom":5291.375,"right":263,"left":16,"width":247,"height":957.1875},{"identifier":"35186691","top":5291.375,"bottom":5880,"right":263,"left":16,"width":247,"height":588.625},{"identifier":"50540258","top":5880,"bottom":8199.96875,"right":263,"left":16,"width":247,"height":2319.96875},{"identifier":"69250874","top":8199.96875,"bottom":8702.46875,"right":263,"left":16,"width":247,"height":502.5},{"identifier":"27002612","top":8702.46875,"bottom":10251.09375,"right":263,"left":16,"width":247,"height":1548.625},{"identifier":"68980030","top":10251.09375,"bottom":10784.03125,"right":263,"left":16,"width":247,"height":532.9375},{"identifier":"1063034","top":10784.03125,"bottom":11402.15625,"right":263,"left":16,"width":247,"height":618.125},{"identifier":"38041835","top":11402.15625,"bottom":13489.03125,"right":263,"left":16,"width":247,"height":2086.875},{"identifier":"35741381","top":13489.03125,"bottom":14602.65625,"right":263,"left":16,"width":247,"height":1113.625},{"identifier":"52769854","top":14602.65625,"bottom":15351.15625,"right":263,"left":16,"width":247,"height":748.5},{"identifier":"54376667","top":15351.15625,"bottom":16838.84375,"right":263,"left":16,"width":247,"height":1487.6875},{"identifier":"73137151","top":16838.84375,"bottom":17485.796875,"right":263,"left":16,"width":247,"height":646.953125},{"identifier":"60466964","top":17485.796875,"bottom":18168.421875,"right":263,"left":16,"width":247,"height":682.625},{"identifier":"68451074","top":18168.421875,"bottom":18828.046875,"right":263,"left":16,"width":247,"height":659.625},{"identifier":"48662235","top":18828.046875,"bottom":19739.484375,"right":263,"left":16,"width":247,"height":911.4375},{"identifier":"27346603","top":19739.484375,"bottom":24222.15625,"right":263,"left":16,"width":247,"height":4482.671875},{"identifier":"33750016","top":24222.15625,"bottom":24823.78125,"right":263,"left":16,"width":247,"height":601.625},{"identifier":"48662094","top":24823.78125,"bottom":25252.90625,"right":263,"left":16,"width":247,"height":429.125},{"identifier":"65741069","top":25252.90625,"bottom":25535.875,"right":263,"left":16,"width":247,"height":282.96875},{"identifier":"69168160","top":25535.875,"bottom":26185.5,"right":263,"left":16,"width":247,"height":649.625},{"identifier":"64630309","top":26185.5,"bottom":26959.625,"right":263,"left":16,"width":247,"height":774.125},{"identifier":"73699304","top":26959.625,"bottom":27412.8125,"right":263,"left":16,"width":247,"height":453.1875},{"identifier":"63612329","top":27412.8125,"bottom":28258.5,"right":263,"left":16,"width":247,"height":845.6875},{"identifier":"63928262","top":28258.5,"bottom":28878.8125,"right":263,"left":16,"width":247,"height":620.3125},{"identifier":"64007304","top":28878.8125,"bottom":30910.75,"right":263,"left":16,"width":247,"height":2031.9375},{"identifier":"68041884","top":30910.75,"bottom":31461.1875,"right":263,"left":16,"width":247,"height":550.4375},{"identifier":"69458497","top":31461.1875,"bottom":33237.125,"right":263,"left":16,"width":247,"height":1775.9375}]}},{"timestamp":"2022-11-26T20:52:40.291Z","url":"https://stackoverflow.com/questions/1063007/how-to-sort-an-array-of-integers-correctly","component":"page","action":"scroll","data":{"viewport":{"x":0,"y":0,"height":860,"width":296},"document":{"height":37752,"width":279},"question":{"identifier":"1063007","top":163.40625,"bottom":2010.28125,"right":263,"left":16,"width":247,"height":1846.875},"answers":[{"identifier":"1063027","top":2127.5625,"bottom":4017.0625,"right":263,"left":16,"width":247,"height":1889.5},{"identifier":"21595293","top":4017.0625,"bottom":4748.125,"right":263,"left":16,"width":247,"height":731.0625},{"identifier":"53355543","top":4748.125,"bottom":6334.1875,"right":263,"left":16,"width":247,"height":1586.0625},{"identifier":"1063032","top":6334.1875,"bottom":7291.375,"right":263,"left":16,"width":247,"height":957.1875},{"identifier":"35186691","top":7291.375,"bottom":7880,"right":263,"left":16,"width":247,"height":588.625},{"identifier":"50540258","top":7880,"bottom":10199.96875,"right":263,"left":16,"width":247,"height":2319.96875},{"identifier":"69250874","top":10199.96875,"bottom":10702.46875,"right":263,"left":16,"width":247,"height":502.5},{"identifier":"27002612","top":10702.46875,"bottom":12251.09375,"right":263,"left":16,"width":247,"height":1548.625},{"identifier":"68980030","top":12251.09375,"bottom":12784.03125,"right":263,"left":16,"width":247,"height":532.9375},{"identifier":"1063034","top":12784.03125,"bottom":13402.15625,"right":263,"left":16,"width":247,"height":618.125},{"identifier":"38041835","top":13402.15625,"bottom":15489.03125,"right":263,"left":16,"width":247,"height":2086.875},{"identifier":"35741381","top":15489.03125,"bottom":16602.65625,"right":263,"left":16,"width":247,"height":1113.625},{"identifier":"52769854","top":16602.65625,"bottom":17351.15625,"right":263,"left":16,"width":247,"height":748.5},{"identifier":"54376667","top":17351.15625,"bottom":18838.84375,"right":263,"left":16,"width":247,"height":1487.6875},{"identifier":"73137151","top":18838.84375,"bottom":19485.796875,"right":263,"left":16,"width":247,"height":646.953125},{"identifier":"60466964","top":19485.796875,"bottom":20168.421875,"right":263,"left":16,"width":247,"height":682.625},{"identifier":"68451074","top":20168.421875,"bottom":20828.046875,"right":263,"left":16,"width":247,"height":659.625},{"identifier":"48662235","top":20828.046875,"bottom":21739.484375,"right":263,"left":16,"width":247,"height":911.4375},{"identifier":"27346603","top":21739.484375,"bottom":26222.15625,"right":263,"left":16,"width":247,"height":4482.671875},{"identifier":"33750016","top":26222.15625,"bottom":26823.78125,"right":263,"left":16,"width":247,"height":601.625},{"identifier":"48662094","top":26823.78125,"bottom":27252.90625,"right":263,"left":16,"width":247,"height":429.125},{"identifier":"65741069","top":27252.90625,"bottom":27535.875,"right":263,"left":16,"width":247,"height":282.96875},{"identifier":"69168160","top":27535.875,"bottom":28185.5,"right":263,"left":16,"width":247,"height":649.625},{"identifier":"64630309","top":28185.5,"bottom":28959.625,"right":263,"left":16,"width":247,"height":774.125},{"identifier":"73699304","top":28959.625,"bottom":29412.8125,"right":263,"left":16,"width":247,"height":453.1875},{"identifier":"63612329","top":29412.8125,"bottom":30258.5,"right":263,"left":16,"width":247,"height":845.6875},{"identifier":"63928262","top":30258.5,"bottom":30878.8125,"right":263,"left":16,"width":247,"height":620.3125},{"identifier":"64007304","top":30878.8125,"bottom":32910.75,"right":263,"left":16,"width":247,"height":2031.9375},{"identifier":"68041884","top":32910.75,"bottom":33461.1875,"right":263,"left":16,"width":247,"height":550.4375},{"identifier":"69458497","top":33461.1875,"bottom":35237.125,"right":263,"left":16,"width":247,"height":1775.9375}]}},{"timestamp":"2022-11-26T20:52:56.786Z","url":"https://stackoverflow.com/questions/1063007/how-to-sort-an-array-of-integers-correctly","component":"page","action":"scroll","data":{"viewport":{"x":0,"y":1600,"height":860,"width":296},"document":{"height":37752,"width":279},"question":{"identifier":"1063007","top":-1436.59375,"bottom":410.28125,"right":263,"left":16,"width":247,"height":1846.875},"answers":[{"identifier":"1063027","top":527.5625,"bottom":2417.0625,"right":263,"left":16,"width":247,"height":1889.5},{"identifier":"21595293","top":2417.0625,"bottom":3148.125,"right":263,"left":16,"width":247,"height":731.0625},{"identifier":"53355543","top":3148.125,"bottom":4734.1875,"right":263,"left":16,"width":247,"height":1586.0625},{"identifier":"1063032","top":4734.1875,"bottom":5691.375,"right":263,"left":16,"width":247,"height":957.1875},{"identifier":"35186691","top":5691.375,"bottom":6280,"right":263,"left":16,"width":247,"height":588.625},{"identifier":"50540258","top":6280,"bottom":8599.96875,"right":263,"left":16,"width":247,"height":2319.96875},{"identifier":"69250874","top":8599.96875,"bottom":9102.46875,"right":263,"left":16,"width":247,"height":502.5},{"identifier":"27002612","top":9102.46875,"bottom":10651.09375,"right":263,"left":16,"width":247,"height":1548.625},{"identifier":"68980030","top":10651.09375,"bottom":11184.03125,"right":263,"left":16,"width":247,"height":532.9375},{"identifier":"1063034","top":11184.03125,"bottom":11802.15625,"right":263,"left":16,"width":247,"height":618.125},{"identifier":"38041835","top":11802.15625,"bottom":13889.03125,"right":263,"left":16,"width":247,"height":2086.875},{"identifier":"35741381","top":13889.03125,"bottom":15002.65625,"right":263,"left":16,"width":247,"height":1113.625},{"identifier":"52769854","top":15002.65625,"bottom":15751.15625,"right":263,"left":16,"width":247,"height":748.5},{"identifier":"54376667","top":15751.15625,"bottom":17238.84375,"right":263,"left":16,"width":247,"height":1487.6875},{"identifier":"73137151","top":17238.84375,"bottom":17885.796875,"right":263,"left":16,"width":247,"height":646.953125},{"identifier":"60466964","top":17885.796875,"bottom":18568.421875,"right":263,"left":16,"width":247,"height":682.625},{"identifier":"68451074","top":18568.421875,"bottom":19228.046875,"right":263,"left":16,"width":247,"height":659.625},{"identifier":"48662235","top":19228.046875,"bottom":20139.484375,"right":263,"left":16,"width":247,"height":911.4375},{"identifier":"27346603","top":20139.484375,"bottom":24622.15625,"right":263,"left":16,"width":247,"height":4482.671875},{"identifier":"33750016","top":24622.15625,"bottom":25223.78125,"right":263,"left":16,"width":247,"height":601.625},{"identifier":"48662094","top":25223.78125,"bottom":25652.90625,"right":263,"left":16,"width":247,"height":429.125},{"identifier":"65741069","top":25652.90625,"bottom":25935.875,"right":263,"left":16,"width":247,"height":282.96875},{"identifier":"69168160","top":25935.875,"bottom":26585.5,"right":263,"left":16,"width":247,"height":649.625},{"identifier":"64630309","top":26585.5,"bottom":27359.625,"right":263,"left":16,"width":247,"height":774.125},{"identifier":"73699304","top":27359.625,"bottom":27812.8125,"right":263,"left":16,"width":247,"height":453.1875},{"identifier":"63612329","top":27812.8125,"bottom":28658.5,"right":263,"left":16,"width":247,"height":845.6875},{"identifier":"63928262","top":28658.5,"bottom":29278.8125,"right":263,"left":16,"width":247,"height":620.3125},{"identifier":"64007304","top":29278.8125,"bottom":31310.75,"right":263,"left":16,"width":247,"height":2031.9375},{"identifier":"68041884","top":31310.75,"bottom":31861.1875,"right":263,"left":16,"width":247,"height":550.4375},{"identifier":"69458497","top":31861.1875,"bottom":33637.125,"right":263,"left":16,"width":247,"height":1775.9375}]}},{"timestamp":"2022-11-26T20:52:57.641Z","url":"https://stackoverflow.com/questions/1063007/how-to-sort-an-array-of-integers-correctly","component":"page","action":"scroll","data":{"viewport":{"x":0,"y":1800,"height":860,"width":296},"document":{"height":37752,"width":279},"question":{"identifier":"1063007","top":-1636.59375,"bottom":210.28125,"right":263,"left":16,"width":247,"height":1846.875},"answers":[{"identifier":"1063027","top":327.5625,"bottom":2217.0625,"right":263,"left":16,"width":247,"height":1889.5},{"identifier":"21595293","top":2217.0625,"bottom":2948.125,"right":263,"left":16,"width":247,"height":731.0625},{"identifier":"53355543","top":2948.125,"bottom":4534.1875,"right":263,"left":16,"width":247,"height":1586.0625},{"identifier":"1063032","top":4534.1875,"bottom":5491.375,"right":263,"left":16,"width":247,"height":957.1875},{"identifier":"35186691","top":5491.375,"bottom":6080,"right":263,"left":16,"width":247,"height":588.625},{"identifier":"50540258","top":6080,"bottom":8399.96875,"right":263,"left":16,"width":247,"height":2319.96875},{"identifier":"69250874","top":8399.96875,"bottom":8902.46875,"right":263,"left":16,"width":247,"height":502.5},{"identifier":"27002612","top":8902.46875,"bottom":10451.09375,"right":263,"left":16,"width":247,"height":1548.625},{"identifier":"68980030","top":10451.09375,"bottom":10984.03125,"right":263,"left":16,"width":247,"height":532.9375},{"identifier":"1063034","top":10984.03125,"bottom":11602.15625,"right":263,"left":16,"width":247,"height":618.125},{"identifier":"38041835","top":11602.15625,"bottom":13689.03125,"right":263,"left":16,"width":247,"height":2086.875},{"identifier":"35741381","top":13689.03125,"bottom":14802.65625,"right":263,"left":16,"width":247,"height":1113.625},{"identifier":"52769854","top":14802.65625,"bottom":15551.15625,"right":263,"left":16,"width":247,"height":748.5},{"identifier":"54376667","top":15551.15625,"bottom":17038.84375,"right":263,"left":16,"width":247,"height":1487.6875},{"identifier":"73137151","top":17038.84375,"bottom":17685.796875,"right":263,"left":16,"width":247,"height":646.953125},{"identifier":"60466964","top":17685.796875,"bottom":18368.421875,"right":263,"left":16,"width":247,"height":682.625},{"identifier":"68451074","top":18368.421875,"bottom":19028.046875,"right":263,"left":16,"width":247,"height":659.625},{"identifier":"48662235","top":19028.046875,"bottom":19939.484375,"right":263,"left":16,"width":247,"height":911.4375},{"identifier":"27346603","top":19939.484375,"bottom":24422.15625,"right":263,"left":16,"width":247,"height":4482.671875},{"identifier":"33750016","top":24422.15625,"bottom":25023.78125,"right":263,"left":16,"width":247,"height":601.625},{"identifier":"48662094","top":25023.78125,"bottom":25452.90625,"right":263,"left":16,"width":247,"height":429.125},{"identifier":"65741069","top":25452.90625,"bottom":25735.875,"right":263,"left":16,"width":247,"height":282.96875},{"identifier":"69168160","top":25735.875,"bottom":26385.5,"right":263,"left":16,"width":247,"height":649.625},{"identifier":"64630309","top":26385.5,"bottom":27159.625,"right":263,"left":16,"width":247,"height":774.125},{"identifier":"73699304","top":27159.625,"bottom":27612.8125,"right":263,"left":16,"width":247,"height":453.1875},{"identifier":"63612329","top":27612.8125,"bottom":28458.5,"right":263,"left":16,"width":247,"height":845.6875},{"identifier":"63928262","top":28458.5,"bottom":29078.8125,"right":263,"left":16,"width":247,"height":620.3125},{"identifier":"64007304","top":29078.8125,"bottom":31110.75,"right":263,"left":16,"width":247,"height":2031.9375},{"identifier":"68041884","top":31110.75,"bottom":31661.1875,"right":263,"left":16,"width":247,"height":550.4375},{"identifier":"69458497","top":31661.1875,"bottom":33437.125,"right":263,"left":16,"width":247,"height":1775.9375}]}},{"timestamp":"2022-11-26T20:54:01.058Z","url":"https://stackoverflow.com/questions/1063007/how-to-sort-an-array-of-integers-correctly","component":"page","action":"selection","data":";"},{"timestamp":"2022-11-26T20:54:38.680Z","url":"https://stackoverflow.com/questions/1063007/how-to-sort-an-array-of-integers-correctly","component":"page","action":"scroll","data":{"viewport":{"x":0,"y":1900,"height":860,"width":296},"document":{"height":37752,"width":279},"question":{"identifier":"1063007","top":-1736.59375,"bottom":110.28125,"right":263,"left":16,"width":247,"height":1846.875},"answers":[{"identifier":"1063027","top":227.5625,"bottom":2117.0625,"right":263,"left":16,"width":247,"height":1889.5},{"identifier":"21595293","top":2117.0625,"bottom":2848.125,"right":263,"left":16,"width":247,"height":731.0625},{"identifier":"53355543","top":2848.125,"bottom":4434.1875,"right":263,"left":16,"width":247,"height":1586.0625},{"identifier":"1063032","top":4434.1875,"bottom":5391.375,"right":263,"left":16,"width":247,"height":957.1875},{"identifier":"35186691","top":5391.375,"bottom":5980,"right":263,"left":16,"width":247,"height":588.625},{"identifier":"50540258","top":5980,"bottom":8299.96875,"right":263,"left":16,"width":247,"height":2319.96875},{"identifier":"69250874","top":8299.96875,"bottom":8802.46875,"right":263,"left":16,"width":247,"height":502.5},{"identifier":"27002612","top":8802.46875,"bottom":10351.09375,"right":263,"left":16,"width":247,"height":1548.625},{"identifier":"68980030","top":10351.09375,"bottom":10884.03125,"right":263,"left":16,"width":247,"height":532.9375},{"identifier":"1063034","top":10884.03125,"bottom":11502.15625,"right":263,"left":16,"width":247,"height":618.125},{"identifier":"38041835","top":11502.15625,"bottom":13589.03125,"right":263,"left":16,"width":247,"height":2086.875},{"identifier":"35741381","top":13589.03125,"bottom":14702.65625,"right":263,"left":16,"width":247,"height":1113.625},{"identifier":"52769854","top":14702.65625,"bottom":15451.15625,"right":263,"left":16,"width":247,"height":748.5},{"identifier":"54376667","top":15451.15625,"bottom":16938.84375,"right":263,"left":16,"width":247,"height":1487.6875},{"identifier":"73137151","top":16938.84375,"bottom":17585.796875,"right":263,"left":16,"width":247,"height":646.953125},{"identifier":"60466964","top":17585.796875,"bottom":18268.421875,"right":263,"left":16,"width":247,"height":682.625},{"identifier":"68451074","top":18268.421875,"bottom":18928.046875,"right":263,"left":16,"width":247,"height":659.625},{"identifier":"48662235","top":18928.046875,"bottom":19839.484375,"right":263,"left":16,"width":247,"height":911.4375},{"identifier":"27346603","top":19839.484375,"bottom":24322.15625,"right":263,"left":16,"width":247,"height":4482.671875},{"identifier":"33750016","top":24322.15625,"bottom":24923.78125,"right":263,"left":16,"width":247,"height":601.625},{"identifier":"48662094","top":24923.78125,"bottom":25352.90625,"right":263,"left":16,"width":247,"height":429.125},{"identifier":"65741069","top":25352.90625,"bottom":25635.875,"right":263,"left":16,"width":247,"height":282.96875},{"identifier":"69168160","top":25635.875,"bottom":26285.5,"right":263,"left":16,"width":247,"height":649.625},{"identifier":"64630309","top":26285.5,"bottom":27059.625,"right":263,"left":16,"width":247,"height":774.125},{"identifier":"73699304","top":27059.625,"bottom":27512.8125,"right":263,"left":16,"width":247,"height":453.1875},{"identifier":"63612329","top":27512.8125,"bottom":28358.5,"right":263,"left":16,"width":247,"height":845.6875},{"identifier":"63928262","top":28358.5,"bottom":28978.8125,"right":263,"left":16,"width":247,"height":620.3125},{"identifier":"64007304","top":28978.8125,"bottom":31010.75,"right":263,"left":16,"width":247,"height":2031.9375},{"identifier":"68041884","top":31010.75,"bottom":31561.1875,"right":263,"left":16,"width":247,"height":550.4375},{"identifier":"69458497","top":31561.1875,"bottom":33337.125,"right":263,"left":16,"width":247,"height":1775.9375}]}},{"timestamp":"2022-11-26T20:55:51.567Z","url":"https://stackoverflow.com/questions/1063007/how-to-sort-an-array-of-integers-correctly","component":"page","action":"scroll","data":{"viewport":{"x":0,"y":1452,"height":860,"width":403},"document":{"height":30912,"width":386},"question":{"identifier":"1063007","top":-1288.59375,"bottom":-17.125,"right":370,"left":16,"width":354,"height":1271.46875},"answers":[{"identifier":"1063027","top":100.15625,"bottom":1434.53125,"right":370,"left":16,"width":354,"height":1334.375},{"identifier":"21595293","top":1434.53125,"bottom":2029.65625,"right":370,"left":16,"width":354,"height":595.125},{"identifier":"53355543","top":2029.65625,"bottom":3173.09375,"right":370,"left":16,"width":354,"height":1143.4375},{"identifier":"1063032","top":3173.09375,"bottom":3890.28125,"right":370,"left":16,"width":354,"height":717.1875},{"identifier":"35186691","top":3890.28125,"bottom":4349.40625,"right":370,"left":16,"width":354,"height":459.125},{"identifier":"50540258","top":4349.40625,"bottom":6267.90625,"right":370,"left":16,"width":354,"height":1918.5},{"identifier":"69250874","top":6267.90625,"bottom":6719.71875,"right":370,"left":16,"width":354,"height":451.8125},{"identifier":"27002612","top":6719.71875,"bottom":7783.65625,"right":370,"left":16,"width":354,"height":1063.9375},{"identifier":"68980030","top":7783.65625,"bottom":8264.09375,"right":370,"left":16,"width":354,"height":480.4375},{"identifier":"1063034","top":8264.09375,"bottom":8797.71875,"right":370,"left":16,"width":354,"height":533.625},{"identifier":"38041835","top":8797.71875,"bottom":10685.46875,"right":370,"left":16,"width":354,"height":1887.75},{"identifier":"35741381","top":10685.46875,"bottom":11582.09375,"right":370,"left":16,"width":354,"height":896.625},{"identifier":"52769854","top":11582.09375,"bottom":12162.59375,"right":370,"left":16,"width":354,"height":580.5},{"identifier":"54376667","top":12162.59375,"bottom":13254.53125,"right":370,"left":16,"width":354,"height":1091.9375},{"identifier":"73137151","top":13254.53125,"bottom":13883.796875,"right":370,"left":16,"width":354,"height":629.265625},{"identifier":"60466964","top":13883.796875,"bottom":14376.234375,"right":370,"left":16,"width":354,"height":492.4375},{"identifier":"68451074","top":14376.234375,"bottom":14923.359375,"right":370,"left":16,"width":354,"height":547.125},{"identifier":"48662235","top":14923.359375,"bottom":15812.296875,"right":370,"left":16,"width":354,"height":888.9375},{"identifier":"27346603","top":15812.296875,"bottom":19759.09375,"right":370,"left":16,"width":354,"height":3946.796875},{"identifier":"33750016","top":19759.09375,"bottom":20343.71875,"right":370,"left":16,"width":354,"height":584.625},{"identifier":"48662094","top":20343.71875,"bottom":20762.84375,"right":370,"left":16,"width":354,"height":419.125},{"identifier":"65741069","top":20762.84375,"bottom":21045.8125,"right":370,"left":16,"width":354,"height":282.96875},{"identifier":"69168160","top":21045.8125,"bottom":21634.75,"right":370,"left":16,"width":354,"height":588.9375},{"identifier":"64630309","top":21634.75,"bottom":22313.625,"right":370,"left":16,"width":354,"height":678.875},{"identifier":"73699304","top":22313.625,"bottom":22748.625,"right":370,"left":16,"width":354,"height":435},{"identifier":"63612329","top":22748.625,"bottom":23486.125,"right":370,"left":16,"width":354,"height":737.5},{"identifier":"63928262","top":23486.125,"bottom":24068.25,"right":370,"left":16,"width":354,"height":582.125},{"identifier":"64007304","top":24068.25,"bottom":25560.1875,"right":370,"left":16,"width":354,"height":1491.9375},{"identifier":"68041884","top":25560.1875,"bottom":26045.625,"right":370,"left":16,"width":354,"height":485.4375},{"identifier":"69458497","top":26045.625,"bottom":27308,"right":370,"left":16,"width":354,"height":1262.375}]}}]}]}