{"trialId":"21752_4","taskId":"clone","appEvents":[{"timestamp":"2022-11-26T20:58:16.703Z","name":"resize","data":{"height":920,"width":407}},{"timestamp":"2022-11-26T20:58:17.552Z","name":"search","data":"search-start"},{"timestamp":"2022-11-26T20:58:18.765Z","name":"search","data":"search-done"},{"timestamp":"2022-11-26T21:02:08.181Z","name":"resize","data":{"height":0,"width":0}}],"searches":[{"keywords":["clone","array"],"context":{"tokens":[{"kind":"language","value":"javascript"}]},"timestamp":"2022-11-26T20:58:17.551Z","results":[{"signatures":[],"areSignaturesLoading":true,"title":"Fastest way to duplicate an array in JavaScript - slice vs. 'for ...","url":"https://stackoverflow.com/questions/3978492/fastest-way-to-duplicate-an-array-in-javascript-slice-vs-for-loop","displayLink":"https://stackoverflow.com › questions › fastest-way-to-d...","snippet":"There are at least 6 (!) ways to clone an array: loop; slice; Array.from(); concat; spread operator (FASTEST); map A.map(function(e){return ...","snippetHighlightWords":["clone","array","Array"],"extensions":["Oct 20, 2010","25 answers"]},{"signatures":[],"areSignaturesLoading":true,"title":"How to clone a Javascript Array of Objects? - Stack Overflow","url":"https://stackoverflow.com/questions/42523881/how-to-clone-a-javascript-array-of-objects","displayLink":"https://stackoverflow.com › questions › how-to-clone-a...","date":"Mar 1, 2017","snippet":"How to clone a Javascript Array of Objects? · use slice(0) . Example: clonedArray = originalArray.slice(0) it will create a new array. – Gerardo.","snippetHighlightWords":["clone","Javascript Array","clonedArray","originalArray","array"]},{"signatures":[],"areSignaturesLoading":true,"title":"How to clone an array and push new value in a chain?","url":"https://stackoverflow.com/questions/57222470/how-to-clone-an-array-and-push-new-value-in-a-chain","displayLink":"https://stackoverflow.com › questions › how-to-clone-a...","snippet":"If you absolutely want to enforce the chaining, you can create your own function on the array prototype. (You should understand its ...","snippetHighlightWords":["array"],"extensions":["Jul 26, 2019","3 answers"]},{"signatures":[],"areSignaturesLoading":true,"title":"Make clone of array (not copy of reference) and modify the ...","url":"https://stackoverflow.com/questions/62861485/make-clone-of-array-not-copy-of-reference-and-modify-the-new-array","displayLink":"https://stackoverflow.com › questions › make-clone-of-...","date":"Jul 12, 2020","snippet":"in javascript, clonedArray=originalArray just creates a reference == the same array. you can overcome this/\"clone\" a simple array by:","snippetHighlightWords":["javascript","clonedArray","originalArray","array","clone","array"]},{"signatures":[],"areSignaturesLoading":true,"title":"Splice method used on a copy of an array of objects","url":"https://stackoverflow.com/questions/67176299/splice-method-used-on-a-copy-of-an-array-of-objects","displayLink":"https://stackoverflow.com › questions › splice-method-...","date":"Apr 20, 2021","snippet":"Only the cloned array is modified. The spread operator shouldn't make a shallow copy of the initial array, and force me to deep clone all ...","snippetHighlightWords":["cloned array","array","clone"]},{"signatures":[],"areSignaturesLoading":true,"title":"Cloning an array in Javascript/Typescript - Stack Overflow","url":"https://stackoverflow.com/questions/44808882/cloning-an-array-in-javascript-typescript","displayLink":"https://stackoverflow.com › questions › cloning-an-arra...","date":"15 answers","snippet":"Clone an object: const myClonedObject = Object.assign({}, myObject);. Clone an Array: Option 1 if you have an array of primitive types:.","snippetHighlightWords":["Clone","Clone","Array","array"]},{"signatures":[],"areSignaturesLoading":true,"title":"JavaScript deep copy an array containing nested objects ...","url":"https://stackoverflow.com/questions/53273218/javascript-deep-copy-an-array-containing-nested-objects-arrays-functions","displayLink":"https://stackoverflow.com › questions › javascript-deep-...","snippet":"Edit- You can use the solution below or just import Lodash and use this https://lodash.com/docs/#cloneDeep. I'm answering my own question ...","snippetHighlightWords":["cloneDeep"],"extensions":["Nov 13, 2018","3 answers"]},{"signatures":[],"areSignaturesLoading":true,"title":"Why my code to clone an array doesn't work JavaScript","url":"https://stackoverflow.com/questions/68764568/why-my-code-to-clone-an-array-doesnt-work-javascript","displayLink":"https://stackoverflow.com › questions › why-my-code-t...","snippet":"When you start, each row of the array is empty. So initialise it to an empty row of array: for (let x = 0; x < arr.length; ...","snippetHighlightWords":["array","array"],"extensions":["Aug 12, 2021","3 answers"]},{"signatures":[],"areSignaturesLoading":true,"title":"How do you clone an array of objects in JavaScript?","url":"https://stackoverflow.com/questions/597588/how-do-you-clone-an-array-of-objects-in-javascript","displayLink":"https://stackoverflow.com › questions › how-do-you-cl...","snippet":"Creating a deep copy with structuredClone. The modern way to deep copy an array in JavaScript is to use structuredClone:","snippetHighlightWords":["structuredClone","array","JavaScript","structuredClone"],"extensions":["Feb 28, 2009","38 answers"]},{"signatures":[],"areSignaturesLoading":true,"title":"javascript - how to clone Array without reference [duplicate]","url":"https://stackoverflow.com/questions/48219487/javascript-how-to-clone-array-without-reference","displayLink":"https://stackoverflow.com › questions › javascript-how-...","snippet":"By using this method we can create a copy of an array. Please check the below example. Credits to this SO Answer. let original = [ [1, 2], ...","snippetHighlightWords":["array"],"extensions":["Jan 12, 2018","1 answer"]}],"events":[{"timestamp":"2022-11-26T20:58:17.576Z","url":"https://stackoverflow.com/questions/3978492/fastest-way-to-duplicate-an-array-in-javascript-slice-vs-for-loop","component":"projection","action":"load","data":{"height":60,"width":367.984375,"wc":21,"lc":1}},{"timestamp":"2022-11-26T20:58:17.576Z","url":"https://stackoverflow.com/questions/42523881/how-to-clone-a-javascript-array-of-objects","component":"projection","action":"load","data":{"height":60,"width":373.390625,"wc":24,"lc":1}},{"timestamp":"2022-11-26T20:58:17.576Z","url":"https://stackoverflow.com/questions/57222470/how-to-clone-an-array-and-push-new-value-in-a-chain","component":"projection","action":"load","data":{"height":60,"width":342.5,"wc":23,"lc":1}},{"timestamp":"2022-11-26T20:58:17.576Z","url":"https://stackoverflow.com/questions/62861485/make-clone-of-array-not-copy-of-reference-and-modify-the-new-array","component":"projection","action":"load","data":{"height":60,"width":373.640625,"wc":19,"lc":1}},{"timestamp":"2022-11-26T20:58:17.576Z","url":"https://stackoverflow.com/questions/67176299/splice-method-used-on-a-copy-of-an-array-of-objects","component":"projection","action":"load","data":{"height":60,"width":372.890625,"wc":26,"lc":1}},{"timestamp":"2022-11-26T20:58:17.576Z","url":"https://stackoverflow.com/questions/44808882/cloning-an-array-in-javascript-typescript","component":"projection","action":"load","data":{"height":60,"width":361.203125,"wc":21,"lc":1}},{"timestamp":"2022-11-26T20:58:17.576Z","url":"https://stackoverflow.com/questions/53273218/javascript-deep-copy-an-array-containing-nested-objects-arrays-functions","component":"projection","action":"load","data":{"height":60,"width":365.359375,"wc":21,"lc":1}},{"timestamp":"2022-11-26T20:58:17.576Z","url":"https://stackoverflow.com/questions/68764568/why-my-code-to-clone-an-array-doesnt-work-javascript","component":"projection","action":"load","data":{"height":38,"width":375.484375,"wc":28,"lc":1}},{"timestamp":"2022-11-26T20:58:17.576Z","url":"https://stackoverflow.com/questions/597588/how-do-you-clone-an-array-of-objects-in-javascript","component":"projection","action":"load","data":{"height":60,"width":362.21875,"wc":20,"lc":1}},{"timestamp":"2022-11-26T20:58:17.576Z","url":"https://stackoverflow.com/questions/48219487/javascript-how-to-clone-array-without-reference","component":"projection","action":"load","data":{"height":60,"width":348.640625,"wc":29,"lc":1}},{"timestamp":"2022-11-26T20:58:18.765Z","url":"https://stackoverflow.com/questions/3978492/fastest-way-to-duplicate-an-array-in-javascript-slice-vs-for-loop","component":"projection","action":"loaded","data":"projection 10 of 10"},{"timestamp":"2022-11-26T20:58:18.765Z","url":"https://stackoverflow.com/questions/42523881/how-to-clone-a-javascript-array-of-objects","component":"projection","action":"loaded","data":"projection 9 of 10"},{"timestamp":"2022-11-26T20:58:18.765Z","url":"https://stackoverflow.com/questions/57222470/how-to-clone-an-array-and-push-new-value-in-a-chain","component":"projection","action":"loaded","data":"projection 8 of 10"},{"timestamp":"2022-11-26T20:58:18.765Z","url":"https://stackoverflow.com/questions/62861485/make-clone-of-array-not-copy-of-reference-and-modify-the-new-array","component":"projection","action":"loaded","data":"projection 7 of 10"},{"timestamp":"2022-11-26T20:58:18.765Z","url":"https://stackoverflow.com/questions/67176299/splice-method-used-on-a-copy-of-an-array-of-objects","component":"projection","action":"loaded","data":"projection 6 of 10"},{"timestamp":"2022-11-26T20:58:18.765Z","url":"https://stackoverflow.com/questions/44808882/cloning-an-array-in-javascript-typescript","component":"projection","action":"loaded","data":"projection 5 of 10"},{"timestamp":"2022-11-26T20:58:18.765Z","url":"https://stackoverflow.com/questions/53273218/javascript-deep-copy-an-array-containing-nested-objects-arrays-functions","component":"projection","action":"loaded","data":"projection 4 of 10"},{"timestamp":"2022-11-26T20:58:18.765Z","url":"https://stackoverflow.com/questions/68764568/why-my-code-to-clone-an-array-doesnt-work-javascript","component":"projection","action":"loaded","data":"projection 3 of 10"},{"timestamp":"2022-11-26T20:58:18.765Z","url":"https://stackoverflow.com/questions/597588/how-do-you-clone-an-array-of-objects-in-javascript","component":"projection","action":"loaded","data":"projection 2 of 10"},{"timestamp":"2022-11-26T20:58:18.765Z","url":"https://stackoverflow.com/questions/48219487/javascript-how-to-clone-array-without-reference","component":"projection","action":"loaded","data":"projection 1 of 10"},{"timestamp":"2022-11-26T20:58:20.738Z","url":"https://stackoverflow.com/questions/3978492/fastest-way-to-duplicate-an-array-in-javascript-slice-vs-for-loop","component":"projection","action":"mouseenter"},{"timestamp":"2022-11-26T20:58:23.839Z","url":"https://stackoverflow.com/questions/3978492/fastest-way-to-duplicate-an-array-in-javascript-slice-vs-for-loop","component":"page","action":"open"},{"timestamp":"2022-11-26T20:58:23.861Z","url":"https://stackoverflow.com/questions/3978492/fastest-way-to-duplicate-an-array-in-javascript-slice-vs-for-loop","component":"projection","action":"mouseleave"},{"timestamp":"2022-11-26T20:58:24.781Z","url":"https://stackoverflow.com/questions/3978492/fastest-way-to-duplicate-an-array-in-javascript-slice-vs-for-loop","component":"page","action":"load"},{"timestamp":"2022-11-26T20:58:29.975Z","url":"https://stackoverflow.com/questions/3978492/fastest-way-to-duplicate-an-array-in-javascript-slice-vs-for-loop","component":"page","action":"scroll","data":{"viewport":{"x":0,"y":900,"height":860,"width":403},"document":{"height":26452,"width":386},"question":{"identifier":"3978492","top":-736.59375,"bottom":238.65625,"right":370,"left":16,"width":354,"height":975.25},"answers":[{"identifier":"20547803","top":318.9375,"bottom":2249.375,"right":370,"left":16,"width":354,"height":1930.4375},{"identifier":"21514254","top":2249.375,"bottom":3204.75,"right":370,"left":16,"width":354,"height":955.375},{"identifier":"31251089","top":3204.75,"bottom":4117.125,"right":370,"left":16,"width":354,"height":912.375},{"identifier":"23481165","top":4117.125,"bottom":5130.5,"right":370,"left":16,"width":354,"height":1013.375},{"identifier":"52929821","top":5130.5,"bottom":6890.703125,"right":370,"left":16,"width":354,"height":1760.203125},{"identifier":"39873377","top":6890.703125,"bottom":7574.078125,"right":370,"left":16,"width":354,"height":683.375},{"identifier":"3978716","top":7574.078125,"bottom":8139.890625,"right":370,"left":16,"width":354,"height":565.8125},{"identifier":"37503916","top":8139.890625,"bottom":8997.453125,"right":370,"left":16,"width":354,"height":857.5625},{"identifier":"66174157","top":8997.453125,"bottom":9989.078125,"right":370,"left":16,"width":354,"height":991.625},{"identifier":"3978577","top":9989.078125,"bottom":11085.828125,"right":370,"left":16,"width":354,"height":1096.75},{"identifier":"47843872","top":11085.828125,"bottom":12004.6875,"right":370,"left":16,"width":354,"height":918.859375},{"identifier":"32253674","top":12004.6875,"bottom":12943.25,"right":370,"left":16,"width":354,"height":938.5625},{"identifier":"57709573","top":12943.25,"bottom":14618.875,"right":370,"left":16,"width":354,"height":1675.625},{"identifier":"3978606","top":14618.875,"bottom":15774.046875,"right":370,"left":16,"width":354,"height":1155.171875},{"identifier":"23342513","top":15774.046875,"bottom":16502.734375,"right":370,"left":16,"width":354,"height":728.6875},{"identifier":"34924599","top":16502.734375,"bottom":17059.796875,"right":370,"left":16,"width":354,"height":557.0625},{"identifier":"33774224","top":17059.796875,"bottom":18416.484375,"right":370,"left":16,"width":354,"height":1356.6875},{"identifier":"61818827","top":18416.484375,"bottom":18947.921875,"right":370,"left":16,"width":354,"height":531.4375},{"identifier":"68053929","top":18947.921875,"bottom":19885.796875,"right":370,"left":16,"width":354,"height":937.875},{"identifier":"45703365","top":19885.796875,"bottom":20217.921875,"right":370,"left":16,"width":354,"height":332.125},{"identifier":"56498992","top":20217.921875,"bottom":21274.234375,"right":370,"left":16,"width":354,"height":1056.3125},{"identifier":"59485360","top":21274.234375,"bottom":21766.671875,"right":370,"left":16,"width":354,"height":492.4375},{"identifier":"60686878","top":21766.671875,"bottom":22156.109375,"right":370,"left":16,"width":354,"height":389.4375},{"identifier":"63587384","top":22156.109375,"bottom":22860.234375,"right":370,"left":16,"width":354,"height":704.125},{"identifier":"72240810","top":22860.234375,"bottom":23325.171875,"right":370,"left":16,"width":354,"height":464.9375}]}},{"timestamp":"2022-11-26T20:58:34.058Z","url":"https://stackoverflow.com/questions/3978492/fastest-way-to-duplicate-an-array-in-javascript-slice-vs-for-loop","component":"page","action":"close"},{"timestamp":"2022-11-26T20:58:34.437Z","url":"https://stackoverflow.com/questions/3978492/fastest-way-to-duplicate-an-array-in-javascript-slice-vs-for-loop","component":"projection","action":"mouseenter"},{"timestamp":"2022-11-26T20:58:34.553Z","url":"https://stackoverflow.com/questions/3978492/fastest-way-to-duplicate-an-array-in-javascript-slice-vs-for-loop","component":"projection","action":"mouseleave"},{"timestamp":"2022-11-26T20:58:34.554Z","url":"https://stackoverflow.com/questions/42523881/how-to-clone-a-javascript-array-of-objects","component":"projection","action":"mouseenter"},{"timestamp":"2022-11-26T20:58:34.753Z","url":"https://stackoverflow.com/questions/42523881/how-to-clone-a-javascript-array-of-objects","component":"projection","action":"mouseleave"},{"timestamp":"2022-11-26T20:58:34.754Z","url":"https://stackoverflow.com/questions/57222470/how-to-clone-an-array-and-push-new-value-in-a-chain","component":"projection","action":"mouseenter"},{"timestamp":"2022-11-26T20:58:35.337Z","url":"https://stackoverflow.com/questions/57222470/how-to-clone-an-array-and-push-new-value-in-a-chain","component":"projection","action":"mouseleave"},{"timestamp":"2022-11-26T20:58:35.339Z","url":"https://stackoverflow.com/questions/42523881/how-to-clone-a-javascript-array-of-objects","component":"projection","action":"mouseenter"},{"timestamp":"2022-11-26T20:58:35.454Z","url":"https://stackoverflow.com/questions/42523881/how-to-clone-a-javascript-array-of-objects","component":"projection","action":"mouseleave"},{"timestamp":"2022-11-26T20:58:35.455Z","url":"https://stackoverflow.com/questions/57222470/how-to-clone-an-array-and-push-new-value-in-a-chain","component":"projection","action":"mouseenter"},{"timestamp":"2022-11-26T20:58:35.670Z","url":"https://stackoverflow.com/questions/57222470/how-to-clone-an-array-and-push-new-value-in-a-chain","component":"projection","action":"mouseleave"},{"timestamp":"2022-11-26T20:58:35.671Z","url":"https://stackoverflow.com/questions/42523881/how-to-clone-a-javascript-array-of-objects","component":"projection","action":"mouseenter"},{"timestamp":"2022-11-26T20:58:36.237Z","url":"https://stackoverflow.com/questions/42523881/how-to-clone-a-javascript-array-of-objects","component":"projection","action":"mouseleave"},{"timestamp":"2022-11-26T20:58:36.238Z","url":"https://stackoverflow.com/questions/57222470/how-to-clone-an-array-and-push-new-value-in-a-chain","component":"projection","action":"mouseenter"},{"timestamp":"2022-11-26T20:58:36.587Z","url":"https://stackoverflow.com/questions/57222470/how-to-clone-an-array-and-push-new-value-in-a-chain","component":"projection","action":"mouseleave"},{"timestamp":"2022-11-26T20:58:36.588Z","url":"https://stackoverflow.com/questions/62861485/make-clone-of-array-not-copy-of-reference-and-modify-the-new-array","component":"projection","action":"mouseenter"},{"timestamp":"2022-11-26T20:58:37.377Z","url":"https://stackoverflow.com/questions/62861485/make-clone-of-array-not-copy-of-reference-and-modify-the-new-array","component":"page","action":"open"},{"timestamp":"2022-11-26T20:58:37.399Z","url":"https://stackoverflow.com/questions/62861485/make-clone-of-array-not-copy-of-reference-and-modify-the-new-array","component":"projection","action":"mouseleave"},{"timestamp":"2022-11-26T20:58:37.961Z","url":"https://stackoverflow.com/questions/62861485/make-clone-of-array-not-copy-of-reference-and-modify-the-new-array","component":"page","action":"load"},{"timestamp":"2022-11-26T20:58:39.771Z","url":"https://stackoverflow.com/questions/62861485/make-clone-of-array-not-copy-of-reference-and-modify-the-new-array","component":"page","action":"scroll","data":{"viewport":{"x":0,"y":1000,"height":860,"width":403},"document":{"height":7607,"width":386},"question":{"identifier":"62861485","top":-805.765625,"bottom":329.953125,"right":370,"left":16,"width":354,"height":1135.71875},"answers":[{"identifier":"62861559","top":410.234375,"bottom":1684.359375,"right":370,"left":16,"width":354,"height":1274.125},{"identifier":"62861601","top":1684.359375,"bottom":2230.71875,"right":370,"left":16,"width":354,"height":546.359375},{"identifier":"62861645","top":2230.71875,"bottom":3092.03125,"right":370,"left":16,"width":354,"height":861.3125},{"identifier":"62861562","top":3092.03125,"bottom":3597.84375,"right":370,"left":16,"width":354,"height":505.8125},{"identifier":"62861508","top":3597.84375,"bottom":4600.59375,"right":370,"left":16,"width":354,"height":1002.75}]}},{"timestamp":"2022-11-26T20:58:45.736Z","url":"https://stackoverflow.com/questions/62861485/make-clone-of-array-not-copy-of-reference-and-modify-the-new-array","component":"page","action":"scroll","data":{"viewport":{"x":0,"y":1100,"height":860,"width":403},"document":{"height":7607,"width":386},"question":{"identifier":"62861485","top":-905.765625,"bottom":229.953125,"right":370,"left":16,"width":354,"height":1135.71875},"answers":[{"identifier":"62861559","top":310.234375,"bottom":1584.359375,"right":370,"left":16,"width":354,"height":1274.125},{"identifier":"62861601","top":1584.359375,"bottom":2130.71875,"right":370,"left":16,"width":354,"height":546.359375},{"identifier":"62861645","top":2130.71875,"bottom":2992.03125,"right":370,"left":16,"width":354,"height":861.3125},{"identifier":"62861562","top":2992.03125,"bottom":3497.84375,"right":370,"left":16,"width":354,"height":505.8125},{"identifier":"62861508","top":3497.84375,"bottom":4500.59375,"right":370,"left":16,"width":354,"height":1002.75}]}},{"timestamp":"2022-11-26T20:58:47.411Z","url":"https://stackoverflow.com/questions/62861485/make-clone-of-array-not-copy-of-reference-and-modify-the-new-array","component":"page","action":"scroll","data":{"viewport":{"x":0,"y":1500,"height":860,"width":403},"document":{"height":7607,"width":386},"question":{"identifier":"62861485","top":-1305.765625,"bottom":-170.046875,"right":370,"left":16,"width":354,"height":1135.71875},"answers":[{"identifier":"62861559","top":-89.765625,"bottom":1184.359375,"right":370,"left":16,"width":354,"height":1274.125},{"identifier":"62861601","top":1184.359375,"bottom":1730.71875,"right":370,"left":16,"width":354,"height":546.359375},{"identifier":"62861645","top":1730.71875,"bottom":2592.03125,"right":370,"left":16,"width":354,"height":861.3125},{"identifier":"62861562","top":2592.03125,"bottom":3097.84375,"right":370,"left":16,"width":354,"height":505.8125},{"identifier":"62861508","top":3097.84375,"bottom":4100.59375,"right":370,"left":16,"width":354,"height":1002.75}]}},{"timestamp":"2022-11-26T20:58:48.379Z","url":"https://stackoverflow.com/questions/62861485/make-clone-of-array-not-copy-of-reference-and-modify-the-new-array","component":"page","action":"scroll","data":{"viewport":{"x":0,"y":1400,"height":860,"width":403},"document":{"height":7607,"width":386},"question":{"identifier":"62861485","top":-1205.765625,"bottom":-70.046875,"right":370,"left":16,"width":354,"height":1135.71875},"answers":[{"identifier":"62861559","top":10.234375,"bottom":1284.359375,"right":370,"left":16,"width":354,"height":1274.125},{"identifier":"62861601","top":1284.359375,"bottom":1830.71875,"right":370,"left":16,"width":354,"height":546.359375},{"identifier":"62861645","top":1830.71875,"bottom":2692.03125,"right":370,"left":16,"width":354,"height":861.3125},{"identifier":"62861562","top":2692.03125,"bottom":3197.84375,"right":370,"left":16,"width":354,"height":505.8125},{"identifier":"62861508","top":3197.84375,"bottom":4200.59375,"right":370,"left":16,"width":354,"height":1002.75}]}},{"timestamp":"2022-11-26T20:58:51.996Z","url":"https://stackoverflow.com/questions/62861485/make-clone-of-array-not-copy-of-reference-and-modify-the-new-array","component":"page","action":"selection","data":"og(te"},{"timestamp":"2022-11-26T20:59:16.241Z","url":"https://stackoverflow.com/questions/62861485/make-clone-of-array-not-copy-of-reference-and-modify-the-new-array","component":"page","action":"selection","data":"rapper { "},{"timestamp":"2022-11-26T20:59:18.213Z","url":"https://stackoverflow.com/questions/62861485/make-clone-of-array-not-copy-of-reference-and-modify-the-new-array","component":"page","action":"scroll","data":{"viewport":{"x":0,"y":1800,"height":860,"width":403},"document":{"height":7607,"width":386},"question":{"identifier":"62861485","top":-1605.765625,"bottom":-470.046875,"right":370,"left":16,"width":354,"height":1135.71875},"answers":[{"identifier":"62861559","top":-389.765625,"bottom":884.359375,"right":370,"left":16,"width":354,"height":1274.125},{"identifier":"62861601","top":884.359375,"bottom":1430.71875,"right":370,"left":16,"width":354,"height":546.359375},{"identifier":"62861645","top":1430.71875,"bottom":2292.03125,"right":370,"left":16,"width":354,"height":861.3125},{"identifier":"62861562","top":2292.03125,"bottom":2797.84375,"right":370,"left":16,"width":354,"height":505.8125},{"identifier":"62861508","top":2797.84375,"bottom":3800.59375,"right":370,"left":16,"width":354,"height":1002.75}]}},{"timestamp":"2022-11-26T20:59:20.375Z","url":"https://stackoverflow.com/questions/62861485/make-clone-of-array-not-copy-of-reference-and-modify-the-new-array","component":"page","action":"scroll","data":{"viewport":{"x":0,"y":1200,"height":860,"width":403},"document":{"height":7607,"width":386},"question":{"identifier":"62861485","top":-1005.765625,"bottom":129.953125,"right":370,"left":16,"width":354,"height":1135.71875},"answers":[{"identifier":"62861559","top":210.234375,"bottom":1484.359375,"right":370,"left":16,"width":354,"height":1274.125},{"identifier":"62861601","top":1484.359375,"bottom":2030.71875,"right":370,"left":16,"width":354,"height":546.359375},{"identifier":"62861645","top":2030.71875,"bottom":2892.03125,"right":370,"left":16,"width":354,"height":861.3125},{"identifier":"62861562","top":2892.03125,"bottom":3397.84375,"right":370,"left":16,"width":354,"height":505.8125},{"identifier":"62861508","top":3397.84375,"bottom":4400.59375,"right":370,"left":16,"width":354,"height":1002.75}]}},{"timestamp":"2022-11-26T20:59:36.693Z","url":"https://stackoverflow.com/questions/62861485/make-clone-of-array-not-copy-of-reference-and-modify-the-new-array","component":"page","action":"scroll","data":{"viewport":{"x":0,"y":0,"height":860,"width":403},"document":{"height":7607,"width":386},"question":{"identifier":"62861485","top":194.234375,"bottom":1329.953125,"right":370,"left":16,"width":354,"height":1135.71875},"answers":[{"identifier":"62861559","top":1410.234375,"bottom":2684.359375,"right":370,"left":16,"width":354,"height":1274.125},{"identifier":"62861601","top":2684.359375,"bottom":3230.71875,"right":370,"left":16,"width":354,"height":546.359375},{"identifier":"62861645","top":3230.71875,"bottom":4092.03125,"right":370,"left":16,"width":354,"height":861.3125},{"identifier":"62861562","top":4092.03125,"bottom":4597.84375,"right":370,"left":16,"width":354,"height":505.8125},{"identifier":"62861508","top":4597.84375,"bottom":5600.59375,"right":370,"left":16,"width":354,"height":1002.75}]}},{"timestamp":"2022-11-26T20:59:51.500Z","url":"https://stackoverflow.com/questions/62861485/make-clone-of-array-not-copy-of-reference-and-modify-the-new-array","component":"page","action":"selection","data":"\nlet testArr = [...arr1];"},{"timestamp":"2022-11-26T20:59:53.764Z","url":"https://stackoverflow.com/questions/62861485/make-clone-of-array-not-copy-of-reference-and-modify-the-new-array","component":"page","action":"selection","data":"const arr1 = [\n  { department: \"Lebensmittel\", id: \"id6\", product: \"Nudeln\", status: false },\n  { department: \"Ceralien\", id: \"id5\", product: \"Marmelade\", status: false },\n  { department: \"Ceralien\", id: \"id3\", product: \"Müsli\", status: false },\n  { department: \"Ceralien\", id: \"id4\", product: \"Honig\", status: false },\n  { department: \"Molkereiprodukte\", id: \"id1\", product: \"Milch\", status: false }\n];\n\nlet testArr = [...arr1];"},{"timestamp":"2022-11-26T20:59:55.804Z","url":"https://stackoverflow.com/questions/62861485/make-clone-of-array-not-copy-of-reference-and-modify-the-new-array","component":"page","action":"selection","data":"let testArr = [...arr1];"}]}]}