{"trialId":"21752_4","taskId":"serve","appEvents":[{"timestamp":"2022-11-26T21:21:00.956Z","name":"resize","data":{"height":920,"width":407}},{"timestamp":"2022-11-26T21:21:12.387Z","name":"search","data":"search-start"},{"timestamp":"2022-11-26T21:21:15.028Z","name":"search","data":"search-done"},{"timestamp":"2022-11-26T21:23:10.199Z","name":"search","data":"search-start"},{"timestamp":"2022-11-26T21:23:11.450Z","name":"search","data":"search-done"},{"timestamp":"2022-11-26T21:23:16.552Z","name":"search","data":"search-start"},{"timestamp":"2022-11-26T21:23:19.611Z","name":"search","data":"search-done"}],"searches":[{"keywords":["express","add","a","static","file","server"],"context":{"tokens":[{"kind":"library","value":"express"},{"kind":"library","value":"path"},{"kind":"language","value":"javascript"}]},"timestamp":"2022-11-26T21:21:12.387Z","results":[{"signatures":[],"areSignaturesLoading":true,"title":"How to serve static files in ExpressJS on some paths and not ...","snippet":"I have this piece of code: var express = require('express'); var app = express(); express. static(__dirname); app.","url":"https://stackoverflow.com/questions/65115458/how-to-serve-static-files-in-expressjs-on-some-paths-and-not-others","displayLink":"https://stackoverflow.com › questions › how-to-serve-st...","snippetHighlightWords":["express","express","express","express","static"],"date":"Dec 2, 2020"},{"signatures":[],"areSignaturesLoading":true,"title":"Static Files in express - node.js - Stack Overflow","snippet":"First off, you need to make sure you realize that with a nodejs web server, no files from the server file system are served by default.","url":"https://stackoverflow.com/questions/71668735/static-files-in-express","displayLink":"https://stackoverflow.com › questions › static-files-in-ex...","snippetHighlightWords":["nodejs","server","files","server file"],"date":"Mar 29, 2022 2 answers"},{"signatures":[],"areSignaturesLoading":true,"title":"How to server specifc static files with express.js - Stack Overflow","snippet":"I want to serve index.html and /media subdirectory as static files. The index file should be served both at /index.html and / URLs. ... web_server.use(\"/media\", ...","url":"https://stackoverflow.com/questions/10434001/static-files-with-express-js","displayLink":"https://stackoverflow.com › questions › static-files-with-...","snippetHighlightWords":["static files","file"],"date":"11 answers"},{"signatures":[],"areSignaturesLoading":true,"title":"How to serve static files to different routes in Express?","snippet":"How to serve static files to different routes in Express? ; Try app.use('/public(/*)?', express.static(__dirname + '/public')) . Does that work?","url":"https://stackoverflow.com/questions/55853857/how-to-serve-static-files-to-different-routes-in-express","displayLink":"https://stackoverflow.com › questions › how-to-serve-st...","snippetHighlightWords":["static files","Express","express","static"],"date":"Apr 25, 2019"},{"signatures":[],"areSignaturesLoading":true,"title":"How to make express serve static files from another upper ...","snippet":"SOLVED this by using: app.use(express.static(path.join(__dirname, '/../client/public')));.","url":"https://stackoverflow.com/questions/50008552/how-to-make-express-serve-static-files-from-another-upper-directory","displayLink":"https://stackoverflow.com › questions › how-to-make-e...","snippetHighlightWords":["express","static","path"],"date":"Apr 24, 2018"},{"signatures":[],"areSignaturesLoading":true,"title":"nodejs express app serve static files from public/js folder not ...","snippet":"1. Add this middleware in the index.js above you set view engine. app.use(express.static(path.join(__dirname, \"public\"))); ...","url":"https://stackoverflow.com/questions/72411261/nodejs-express-app-serve-static-files-from-public-js-folder-not-work","displayLink":"https://stackoverflow.com › questions › nodejs-express-...","snippetHighlightWords":["Add","js","set","express","static","path"],"date":"May 27, 2022 1 answer"},{"signatures":[],"areSignaturesLoading":true,"title":"How to serve static files from root path '/' - Stack Overflow","snippet":"To serve static files such as images, CSS files, and JavaScript files, use the express.static built-in middleware function in Express.","url":"https://stackoverflow.com/questions/72861892/how-to-serve-static-files-from-root-path","displayLink":"https://stackoverflow.com › questions › how-to-serve-st...","snippetHighlightWords":["static files","files","JavaScript files","express","static","Express"],"date":"Jul 4, 2022"},{"signatures":[],"areSignaturesLoading":true,"title":"Node.js + Express.js: How to use the root (/) for serving static ...","snippet":"The argument you pass to express.static needs to be the path to the directory where the file is. It shouldn't be / which is the root of the ...","url":"https://stackoverflow.com/questions/72828800/node-js-express-js-how-to-use-the-root-for-serving-static-files","displayLink":"https://stackoverflow.com › questions › node-js-express...","snippetHighlightWords":["express","static","path","directory","file"],"date":"Jul 1, 2022 3 answers"},{"signatures":[],"areSignaturesLoading":true,"title":"Can someone please explain how static files in express js work?","snippet":"NOTE: DO NOT PUT PRIVATE FILES INSIDE YOUR STATIC FOLDER. app.use(express.static(__dirname + '/public'));.","url":"https://stackoverflow.com/questions/68816405/can-someone-please-explain-how-static-files-in-express-js-work","displayLink":"https://stackoverflow.com › questions › can-someone-pl...","snippetHighlightWords":["PUT","FILES","STATIC","express","static"],"date":"Aug 17, 2021 1 answer"},{"signatures":[],"areSignaturesLoading":true,"title":"express.static() unable to send static files - node.js","snippet":"app.use(\"/static\",express.static(path.join(__dirname, \"public\") ...","url":"https://stackoverflow.com/questions/71936084/express-static-unable-to-send-static-files","displayLink":"https://stackoverflow.com › questions › express-static-u...","snippetHighlightWords":["static","express","static","path"],"date":"Apr 20, 2022"}],"events":[{"timestamp":"2022-11-26T21:21:13.840Z","url":"https://stackoverflow.com/questions/65115458/how-to-serve-static-files-in-expressjs-on-some-paths-and-not-others","component":"projection","action":"load","data":{"height":60,"width":349.796875,"wc":17,"lc":1}},{"timestamp":"2022-11-26T21:21:13.840Z","url":"https://stackoverflow.com/questions/71668735/static-files-in-express","component":"projection","action":"load","data":{"height":60,"width":376.46875,"wc":26,"lc":1}},{"timestamp":"2022-11-26T21:21:13.840Z","url":"https://stackoverflow.com/questions/10434001/static-files-with-express-js","component":"projection","action":"load","data":{"height":82,"width":334.359375,"wc":26,"lc":1}},{"timestamp":"2022-11-26T21:21:13.840Z","url":"https://stackoverflow.com/questions/55853857/how-to-serve-static-files-to-different-routes-in-express","component":"projection","action":"load","data":{"height":60,"width":353.765625,"wc":20,"lc":1}},{"timestamp":"2022-11-26T21:21:13.840Z","url":"https://stackoverflow.com/questions/50008552/how-to-make-express-serve-static-files-from-another-upper-directory","component":"projection","action":"load","data":{"height":60,"width":286.84375,"wc":6,"lc":1}},{"timestamp":"2022-11-26T21:21:13.840Z","url":"https://stackoverflow.com/questions/72411261/nodejs-express-app-serve-static-files-from-public-js-folder-not-work","component":"projection","action":"load","data":{"height":60,"width":372.375,"wc":15,"lc":1}},{"timestamp":"2022-11-26T21:21:13.840Z","url":"https://stackoverflow.com/questions/72861892/how-to-serve-static-files-from-root-path","component":"projection","action":"load","data":{"height":60,"width":370.734375,"wc":20,"lc":1}},{"timestamp":"2022-11-26T21:21:13.840Z","url":"https://stackoverflow.com/questions/72828800/node-js-express-js-how-to-use-the-root-for-serving-static-files","component":"projection","action":"load","data":{"height":60,"width":377.84375,"wc":29,"lc":1}},{"timestamp":"2022-11-26T21:21:13.840Z","url":"https://stackoverflow.com/questions/68816405/can-someone-please-explain-how-static-files-in-express-js-work","component":"projection","action":"load","data":{"height":60,"width":365.0625,"wc":13,"lc":1}},{"timestamp":"2022-11-26T21:21:13.840Z","url":"https://stackoverflow.com/questions/71936084/express-static-unable-to-send-static-files","component":"projection","action":"load","data":{"height":38,"width":342.140625,"wc":3,"lc":1}},{"timestamp":"2022-11-26T21:21:14.029Z","url":"https://stackoverflow.com/questions/65115458/how-to-serve-static-files-in-expressjs-on-some-paths-and-not-others","component":"projection","action":"mouseenter"},{"timestamp":"2022-11-26T21:21:15.028Z","url":"https://stackoverflow.com/questions/65115458/how-to-serve-static-files-in-expressjs-on-some-paths-and-not-others","component":"projection","action":"loaded","data":"projection 10 of 10"},{"timestamp":"2022-11-26T21:21:15.028Z","url":"https://stackoverflow.com/questions/71668735/static-files-in-express","component":"projection","action":"loaded","data":"projection 9 of 10"},{"timestamp":"2022-11-26T21:21:15.028Z","url":"https://stackoverflow.com/questions/10434001/static-files-with-express-js","component":"projection","action":"loaded","data":"projection 8 of 10"},{"timestamp":"2022-11-26T21:21:15.028Z","url":"https://stackoverflow.com/questions/55853857/how-to-serve-static-files-to-different-routes-in-express","component":"projection","action":"loaded","data":"projection 7 of 10"},{"timestamp":"2022-11-26T21:21:15.028Z","url":"https://stackoverflow.com/questions/50008552/how-to-make-express-serve-static-files-from-another-upper-directory","component":"projection","action":"loaded","data":"projection 6 of 10"},{"timestamp":"2022-11-26T21:21:15.028Z","url":"https://stackoverflow.com/questions/72411261/nodejs-express-app-serve-static-files-from-public-js-folder-not-work","component":"projection","action":"loaded","data":"projection 5 of 10"},{"timestamp":"2022-11-26T21:21:15.028Z","url":"https://stackoverflow.com/questions/72861892/how-to-serve-static-files-from-root-path","component":"projection","action":"loaded","data":"projection 4 of 10"},{"timestamp":"2022-11-26T21:21:15.028Z","url":"https://stackoverflow.com/questions/72828800/node-js-express-js-how-to-use-the-root-for-serving-static-files","component":"projection","action":"loaded","data":"projection 3 of 10"},{"timestamp":"2022-11-26T21:21:15.028Z","url":"https://stackoverflow.com/questions/68816405/can-someone-please-explain-how-static-files-in-express-js-work","component":"projection","action":"loaded","data":"projection 2 of 10"},{"timestamp":"2022-11-26T21:21:15.028Z","url":"https://stackoverflow.com/questions/71936084/express-static-unable-to-send-static-files","component":"projection","action":"loaded","data":"projection 1 of 10"},{"timestamp":"2022-11-26T21:21:15.339Z","url":"https://stackoverflow.com/questions/65115458/how-to-serve-static-files-in-expressjs-on-some-paths-and-not-others","component":"page","action":"open"},{"timestamp":"2022-11-26T21:21:15.364Z","url":"https://stackoverflow.com/questions/65115458/how-to-serve-static-files-in-expressjs-on-some-paths-and-not-others","component":"projection","action":"mouseleave"},{"timestamp":"2022-11-26T21:21:15.855Z","url":"https://stackoverflow.com/questions/65115458/how-to-serve-static-files-in-expressjs-on-some-paths-and-not-others","component":"page","action":"load"},{"timestamp":"2022-11-26T21:21:23.129Z","url":"https://stackoverflow.com/questions/65115458/how-to-serve-static-files-in-expressjs-on-some-paths-and-not-others","component":"page","action":"scroll","data":{"viewport":{"x":0,"y":1200,"height":860,"width":403},"document":{"height":3966,"width":386},"question":{"identifier":"65115458","top":-1005.765625,"bottom":17.265625,"right":370,"left":16,"width":354,"height":1023.03125},"answers":[{"identifier":"65116954","top":97.546875,"bottom":547.171875,"right":370,"left":16,"width":354,"height":449.625},{"identifier":"68244233","top":547.171875,"bottom":970.171875,"right":370,"left":16,"width":354,"height":423}]}},{"timestamp":"2022-11-26T21:21:36.625Z","url":"https://stackoverflow.com/questions/65115458/how-to-serve-static-files-in-expressjs-on-some-paths-and-not-others","component":"page","action":"selection","data":"app.use(\"/files\", function (req, res) {\n  return res.send(\"I will be served instead of a files directory\");\n});\n\n// Static\napp.use(\"/\", express.static(__dirname));"},{"timestamp":"2022-11-26T21:23:06.015Z","url":"https://stackoverflow.com/questions/65115458/how-to-serve-static-files-in-expressjs-on-some-paths-and-not-others","component":"page","action":"scroll","data":{"viewport":{"x":0,"y":1600,"height":860,"width":403},"document":{"height":3966,"width":386},"question":{"identifier":"65115458","top":-1405.765625,"bottom":-382.734375,"right":370,"left":16,"width":354,"height":1023.03125},"answers":[{"identifier":"65116954","top":-302.453125,"bottom":147.171875,"right":370,"left":16,"width":354,"height":449.625},{"identifier":"68244233","top":147.171875,"bottom":570.171875,"right":370,"left":16,"width":354,"height":423}]}},{"timestamp":"2022-11-26T21:23:08.814Z","url":"https://stackoverflow.com/questions/65115458/how-to-serve-static-files-in-expressjs-on-some-paths-and-not-others","component":"page","action":"close"},{"timestamp":"2022-11-26T21:23:09.163Z","url":"https://stackoverflow.com/questions/65115458/how-to-serve-static-files-in-expressjs-on-some-paths-and-not-others","component":"projection","action":"mouseenter"},{"timestamp":"2022-11-26T21:23:09.329Z","url":"https://stackoverflow.com/questions/65115458/how-to-serve-static-files-in-expressjs-on-some-paths-and-not-others","component":"projection","action":"mouseleave"},{"timestamp":"2022-11-26T21:23:09.330Z","url":"https://stackoverflow.com/questions/71668735/static-files-in-express","component":"projection","action":"mouseenter"}]},{"keywords":["express","add","a","static","file","server"],"context":{"tokens":[{"kind":"library","value":"express"},{"kind":"library","value":"path"},{"kind":"call","value":"static"},{"kind":"language","value":"javascript"}]},"timestamp":"2022-11-26T21:23:10.197Z","results":[{"signatures":[],"areSignaturesLoading":true,"title":"How to serve static files in ExpressJS on some paths and not ...","snippet":"I have this piece of code: var express = require('express'); var app = express(); express. static(__dirname); app.","url":"https://stackoverflow.com/questions/65115458/how-to-serve-static-files-in-expressjs-on-some-paths-and-not-others","displayLink":"https://stackoverflow.com › questions › how-to-serve-st...","snippetHighlightWords":["express","express","express","express","static"],"date":"Dec 2, 2020"},{"signatures":[],"areSignaturesLoading":true,"title":"Static Files in express - node.js - Stack Overflow","snippet":"First off, you need to make sure you realize that with a nodejs web server, no files from the server file system are served by default.","url":"https://stackoverflow.com/questions/71668735/static-files-in-express","displayLink":"https://stackoverflow.com › questions › static-files-in-ex...","snippetHighlightWords":["nodejs","server","files","server file"],"date":"Mar 29, 2022 2 answers"},{"signatures":[],"areSignaturesLoading":true,"title":"How to server specifc static files with express.js - Stack Overflow","snippet":"I want to serve index.html and /media subdirectory as static files. The index file should be served both at /index.html and / URLs. ... web_server.use(\"/media\", ...","url":"https://stackoverflow.com/questions/10434001/static-files-with-express-js","displayLink":"https://stackoverflow.com › questions › static-files-with-...","snippetHighlightWords":["static files","file"],"date":"11 answers"},{"signatures":[],"areSignaturesLoading":true,"title":"How to serve static files to different routes in Express?","snippet":"How to serve static files to different routes in Express? ; Try app.use('/public(/*)?', express.static(__dirname + '/public')) . Does that work?","url":"https://stackoverflow.com/questions/55853857/how-to-serve-static-files-to-different-routes-in-express","displayLink":"https://stackoverflow.com › questions › how-to-serve-st...","snippetHighlightWords":["static files","Express","express","static"],"date":"Apr 25, 2019"},{"signatures":[],"areSignaturesLoading":true,"title":"How to make express serve static files from another upper ...","snippet":"SOLVED this by using: app.use(express.static(path.join(__dirname, '/../client/public')));.","url":"https://stackoverflow.com/questions/50008552/how-to-make-express-serve-static-files-from-another-upper-directory","displayLink":"https://stackoverflow.com › questions › how-to-make-e...","snippetHighlightWords":["express","static","path"],"date":"Apr 24, 2018"},{"signatures":[],"areSignaturesLoading":true,"title":"nodejs express app serve static files from public/js folder not ...","snippet":"1. Add this middleware in the index.js above you set view engine. app.use(express.static(path.join(__dirname, \"public\"))); ...","url":"https://stackoverflow.com/questions/72411261/nodejs-express-app-serve-static-files-from-public-js-folder-not-work","displayLink":"https://stackoverflow.com › questions › nodejs-express-...","snippetHighlightWords":["Add","js","set","express","static","path"],"date":"May 27, 2022 1 answer"},{"signatures":[],"areSignaturesLoading":true,"title":"How to serve static files from root path '/' - Stack Overflow","snippet":"To serve static files such as images, CSS files, and JavaScript files, use the express.static built-in middleware function in Express.","url":"https://stackoverflow.com/questions/72861892/how-to-serve-static-files-from-root-path","displayLink":"https://stackoverflow.com › questions › how-to-serve-st...","snippetHighlightWords":["static files","files","JavaScript files","express","static","Express"],"date":"Jul 4, 2022"},{"signatures":[],"areSignaturesLoading":true,"title":"Node.js + Express.js: How to use the root (/) for serving static ...","snippet":"The argument you pass to express.static needs to be the path to the directory where the file is. It shouldn't be / which is the root of the ...","url":"https://stackoverflow.com/questions/72828800/node-js-express-js-how-to-use-the-root-for-serving-static-files","displayLink":"https://stackoverflow.com › questions › node-js-express...","snippetHighlightWords":["express","static","path","directory","file"],"date":"Jul 1, 2022 3 answers"},{"signatures":[],"areSignaturesLoading":true,"title":"Can someone please explain how static files in express js work?","snippet":"NOTE: DO NOT PUT PRIVATE FILES INSIDE YOUR STATIC FOLDER. app.use(express.static(__dirname + '/public'));.","url":"https://stackoverflow.com/questions/68816405/can-someone-please-explain-how-static-files-in-express-js-work","displayLink":"https://stackoverflow.com › questions › can-someone-pl...","snippetHighlightWords":["PUT","FILES","STATIC","express","static"],"date":"Aug 17, 2021 1 answer"},{"signatures":[],"areSignaturesLoading":true,"title":"express.static() unable to send static files - node.js","snippet":"app.use(\"/static\",express.static(path.join(__dirname, \"public\") ...","url":"https://stackoverflow.com/questions/71936084/express-static-unable-to-send-static-files","displayLink":"https://stackoverflow.com › questions › express-static-u...","snippetHighlightWords":["static","express","static","path"],"date":"Apr 20, 2022"}],"events":[{"timestamp":"2022-11-26T21:23:10.255Z","url":"https://stackoverflow.com/questions/65115458/how-to-serve-static-files-in-expressjs-on-some-paths-and-not-others","component":"projection","action":"load","data":{"height":60,"width":349.796875,"wc":17,"lc":1}},{"timestamp":"2022-11-26T21:23:10.255Z","url":"https://stackoverflow.com/questions/71668735/static-files-in-express","component":"projection","action":"load","data":{"height":60,"width":376.46875,"wc":26,"lc":1}},{"timestamp":"2022-11-26T21:23:10.255Z","url":"https://stackoverflow.com/questions/10434001/static-files-with-express-js","component":"projection","action":"load","data":{"height":82,"width":334.359375,"wc":26,"lc":1}},{"timestamp":"2022-11-26T21:23:10.256Z","url":"https://stackoverflow.com/questions/55853857/how-to-serve-static-files-to-different-routes-in-express","component":"projection","action":"load","data":{"height":60,"width":353.765625,"wc":20,"lc":1}},{"timestamp":"2022-11-26T21:23:10.256Z","url":"https://stackoverflow.com/questions/50008552/how-to-make-express-serve-static-files-from-another-upper-directory","component":"projection","action":"load","data":{"height":60,"width":286.84375,"wc":6,"lc":1}},{"timestamp":"2022-11-26T21:23:10.256Z","url":"https://stackoverflow.com/questions/72411261/nodejs-express-app-serve-static-files-from-public-js-folder-not-work","component":"projection","action":"load","data":{"height":60,"width":372.375,"wc":15,"lc":1}},{"timestamp":"2022-11-26T21:23:10.256Z","url":"https://stackoverflow.com/questions/72861892/how-to-serve-static-files-from-root-path","component":"projection","action":"load","data":{"height":60,"width":370.734375,"wc":20,"lc":1}},{"timestamp":"2022-11-26T21:23:10.256Z","url":"https://stackoverflow.com/questions/72828800/node-js-express-js-how-to-use-the-root-for-serving-static-files","component":"projection","action":"load","data":{"height":60,"width":377.84375,"wc":29,"lc":1}},{"timestamp":"2022-11-26T21:23:10.256Z","url":"https://stackoverflow.com/questions/68816405/can-someone-please-explain-how-static-files-in-express-js-work","component":"projection","action":"load","data":{"height":60,"width":365.0625,"wc":13,"lc":1}},{"timestamp":"2022-11-26T21:23:10.256Z","url":"https://stackoverflow.com/questions/71936084/express-static-unable-to-send-static-files","component":"projection","action":"load","data":{"height":38,"width":342.140625,"wc":3,"lc":1}},{"timestamp":"2022-11-26T21:23:10.259Z","url":"https://stackoverflow.com/questions/71668735/static-files-in-express","component":"projection","action":"mouseenter"},{"timestamp":"2022-11-26T21:23:10.281Z","url":"https://stackoverflow.com/questions/71668735/static-files-in-express","component":"projection","action":"mouseleave"},{"timestamp":"2022-11-26T21:23:10.283Z","url":"https://stackoverflow.com/questions/10434001/static-files-with-express-js","component":"projection","action":"mouseenter"},{"timestamp":"2022-11-26T21:23:11.450Z","url":"https://stackoverflow.com/questions/65115458/how-to-serve-static-files-in-expressjs-on-some-paths-and-not-others","component":"projection","action":"loaded","data":"projection 10 of 10"},{"timestamp":"2022-11-26T21:23:11.450Z","url":"https://stackoverflow.com/questions/71668735/static-files-in-express","component":"projection","action":"loaded","data":"projection 9 of 10"},{"timestamp":"2022-11-26T21:23:11.450Z","url":"https://stackoverflow.com/questions/10434001/static-files-with-express-js","component":"projection","action":"loaded","data":"projection 8 of 10"},{"timestamp":"2022-11-26T21:23:11.450Z","url":"https://stackoverflow.com/questions/55853857/how-to-serve-static-files-to-different-routes-in-express","component":"projection","action":"loaded","data":"projection 7 of 10"},{"timestamp":"2022-11-26T21:23:11.450Z","url":"https://stackoverflow.com/questions/50008552/how-to-make-express-serve-static-files-from-another-upper-directory","component":"projection","action":"loaded","data":"projection 6 of 10"},{"timestamp":"2022-11-26T21:23:11.450Z","url":"https://stackoverflow.com/questions/72411261/nodejs-express-app-serve-static-files-from-public-js-folder-not-work","component":"projection","action":"loaded","data":"projection 5 of 10"},{"timestamp":"2022-11-26T21:23:11.450Z","url":"https://stackoverflow.com/questions/72861892/how-to-serve-static-files-from-root-path","component":"projection","action":"loaded","data":"projection 4 of 10"},{"timestamp":"2022-11-26T21:23:11.450Z","url":"https://stackoverflow.com/questions/72828800/node-js-express-js-how-to-use-the-root-for-serving-static-files","component":"projection","action":"loaded","data":"projection 3 of 10"},{"timestamp":"2022-11-26T21:23:11.450Z","url":"https://stackoverflow.com/questions/68816405/can-someone-please-explain-how-static-files-in-express-js-work","component":"projection","action":"loaded","data":"projection 2 of 10"},{"timestamp":"2022-11-26T21:23:11.450Z","url":"https://stackoverflow.com/questions/71936084/express-static-unable-to-send-static-files","component":"projection","action":"loaded","data":"projection 1 of 10"},{"timestamp":"2022-11-26T21:23:11.631Z","url":"https://stackoverflow.com/questions/10434001/static-files-with-express-js","component":"projection","action":"mouseleave"},{"timestamp":"2022-11-26T21:23:11.632Z","url":"https://stackoverflow.com/questions/71668735/static-files-in-express","component":"projection","action":"mouseenter"},{"timestamp":"2022-11-26T21:23:12.130Z","url":"https://stackoverflow.com/questions/71668735/static-files-in-express","component":"projection","action":"mouseleave"},{"timestamp":"2022-11-26T21:23:12.132Z","url":"https://stackoverflow.com/questions/65115458/how-to-serve-static-files-in-expressjs-on-some-paths-and-not-others","component":"projection","action":"mouseenter"},{"timestamp":"2022-11-26T21:23:12.329Z","url":"https://stackoverflow.com/questions/65115458/how-to-serve-static-files-in-expressjs-on-some-paths-and-not-others","component":"projection","action":"mouseleave"}]},{"keywords":["express","serve","pdf","file"],"context":{"tokens":[{"kind":"library","value":"express"},{"kind":"library","value":"path"},{"kind":"call","value":"static"},{"kind":"language","value":"javascript"}]},"timestamp":"2022-11-26T21:23:16.551Z","results":[{"signatures":[],"areSignaturesLoading":true,"title":"serve pdf files using node js & express - Stack Overflow","snippet":"1 Answer 1 ... You can use express.static , set it up early in your app: app.use('/pdf', express.static(__dirname + '/pathToPDF'));. And it will ...","url":"https://stackoverflow.com/questions/17831942/serve-pdf-files-using-node-js-express","displayLink":"https://stackoverflow.com › questions › serve-pdf-files-...","snippetHighlightWords":["express","static","pdf","express","static"],"date":"Jul 24, 2013 1 answer"},{"signatures":[],"areSignaturesLoading":true,"title":"Can't get my static PDF files to display on the page (express.js)","snippet":"I'm trying to display PDF files on the page. They are stored on the server. I've tried all solution I found, but none seems to work with ...","url":"https://stackoverflow.com/questions/74510483/cant-get-my-static-pdf-files-to-display-on-the-page-express-js","displayLink":"https://stackoverflow.com › questions › cant-get-my-sta...","snippetHighlightWords":["display PDF files","server"],"date":"6 days ago"},{"signatures":[],"areSignaturesLoading":true,"title":"How to serve 30GB of pdf files(static) from server using node ...","snippet":"A simple way to create a web server and serve your files from that folder, assuming you are in a node.js environment you can create web ...","url":"https://stackoverflow.com/questions/49749348/how-to-serve-30gb-of-pdf-filesstatic-from-server-using-node-js-to-angular-fron","displayLink":"https://stackoverflow.com › questions › how-to-serve-3...","snippetHighlightWords":["way","server","serve","files","node","js"],"date":"Apr 10, 2018 3 answers"},{"signatures":[],"areSignaturesLoading":true,"title":"Using Node, Express, EJS: How to Serve a PDF File","snippet":"I'm trying to create a link that serves a PDF file in a new tab. Ideally, the PDF will open in a new tab (i.e. not download).","url":"https://stackoverflow.com/questions/66836399/using-node-express-ejs-how-to-serve-a-pdf-file","displayLink":"https://stackoverflow.com › questions › using-node-exp...","snippetHighlightWords":["serves","PDF file","PDF"],"date":"Mar 27, 2021"},{"signatures":[],"areSignaturesLoading":true,"title":"How to send a pdf file from Node/Express app to the browser","snippet":"var file = fs.createReadStream('./public/modules/datacollectors/output.pdf'); var stat = fs.statSync('./public/modules/datacollectors/output.pdf'); res.","url":"https://stackoverflow.com/questions/31105846/how-to-send-a-pdf-file-from-node-express-app-to-the-browser","displayLink":"https://stackoverflow.com › questions › how-to-send-a-...","snippetHighlightWords":["file","output","pdf","output","pdf"]},{"signatures":[],"areSignaturesLoading":true,"title":"How to serve static files from root path '/' - Stack Overflow","snippet":"To serve static files such as images, CSS files, and JavaScript files, use the express.static built-in middleware function in Express.","url":"https://stackoverflow.com/questions/72861892/how-to-serve-static-files-from-root-path","displayLink":"https://stackoverflow.com › questions › how-to-serve-st...","snippetHighlightWords":["serve static files","files","JavaScript files","express","static","Express"],"date":"Jul 4, 2022"},{"signatures":[],"areSignaturesLoading":true,"title":"Express serve static files inside Router - Stack Overflow","snippet":"Use the express.static middleware in your route1.js file instead of simply passing the folder path string to the route.","url":"https://stackoverflow.com/questions/69692368/express-serve-static-files-inside-router","displayLink":"https://stackoverflow.com › questions › express-serve-st...","snippetHighlightWords":["express","static","js file","of","path","route"],"date":"Oct 23, 2021 1 answer"},{"signatures":[],"areSignaturesLoading":true,"title":"NodeJs/Express display pdf file in browser - Stack Overflow","snippet":"Last, and most important, I created a reading stream of the file and piped the result to the response with fs.createReadStream(path).pipe(res) .","url":"https://stackoverflow.com/questions/60516509/nodejs-express-display-pdf-file-in-browser","displayLink":"https://stackoverflow.com › questions › nodejs-express-...","snippetHighlightWords":["stream of","file","path"],"date":"Mar 3, 2020"},{"signatures":[],"areSignaturesLoading":true,"title":"Display Pdf in browser using express js - Stack Overflow","snippet":"app.post('/url/to/hit', function(req, res, next) { var stream = fs.readStream('/location/of/pdf'); var filename = \"WhateverFilenameYouWant.pdf\"; ...","url":"https://stackoverflow.com/questions/11598274/display-pdf-in-browser-using-express-js","displayLink":"https://stackoverflow.com › questions › display-pdf-in-...","snippetHighlightWords":["stream","of","pdf","pdf"],"date":"Jul 22, 2012"},{"signatures":[],"areSignaturesLoading":true,"title":"Can't serve static files using express.Router? - Stack Overflow","snippet":"From the express docs. the path that you provide to the express.static function is relative to the directory from where you launch your node ...","url":"https://stackoverflow.com/questions/59960222/cant-serve-static-files-using-express-router","displayLink":"https://stackoverflow.com › questions › cant-serve-static...","snippetHighlightWords":["express","path","express","static","directory","node"],"date":"Jan 29, 2020 2 answers"}],"events":[{"timestamp":"2022-11-26T21:23:18.402Z","url":"https://stackoverflow.com/questions/17831942/serve-pdf-files-using-node-js-express","component":"projection","action":"load","data":{"height":60,"width":364.796875,"wc":24,"lc":1}},{"timestamp":"2022-11-26T21:23:18.402Z","url":"https://stackoverflow.com/questions/74510483/cant-get-my-static-pdf-files-to-display-on-the-page-express-js","component":"projection","action":"load","data":{"height":60,"width":374.015625,"wc":28,"lc":1}},{"timestamp":"2022-11-26T21:23:18.402Z","url":"https://stackoverflow.com/questions/49749348/how-to-serve-30gb-of-pdf-filesstatic-from-server-using-node-js-to-angular-fron","component":"projection","action":"load","data":{"height":60,"width":375.921875,"wc":27,"lc":1}},{"timestamp":"2022-11-26T21:23:18.402Z","url":"https://stackoverflow.com/questions/66836399/using-node-express-ejs-how-to-serve-a-pdf-file","component":"projection","action":"load","data":{"height":60,"width":360.421875,"wc":27,"lc":1}},{"timestamp":"2022-11-26T21:23:18.402Z","url":"https://stackoverflow.com/questions/31105846/how-to-send-a-pdf-file-from-node-express-app-to-the-browser","component":"projection","action":"load","data":{"height":104,"width":370.96875,"wc":9,"lc":1}},{"timestamp":"2022-11-26T21:23:18.402Z","url":"https://stackoverflow.com/questions/72861892/how-to-serve-static-files-from-root-path","component":"projection","action":"load","data":{"height":60,"width":373.109375,"wc":20,"lc":1}},{"timestamp":"2022-11-26T21:23:18.402Z","url":"https://stackoverflow.com/questions/69692368/express-serve-static-files-inside-router","component":"projection","action":"load","data":{"height":60,"width":371.640625,"wc":19,"lc":1}},{"timestamp":"2022-11-26T21:23:18.403Z","url":"https://stackoverflow.com/questions/60516509/nodejs-express-display-pdf-file-in-browser","component":"projection","action":"load","data":{"height":60,"width":333.453125,"wc":22,"lc":1}},{"timestamp":"2022-11-26T21:23:18.403Z","url":"https://stackoverflow.com/questions/11598274/display-pdf-in-browser-using-express-js","component":"projection","action":"load","data":{"height":60,"width":378.390625,"wc":14,"lc":1}},{"timestamp":"2022-11-26T21:23:18.403Z","url":"https://stackoverflow.com/questions/59960222/cant-serve-static-files-using-express-router","component":"projection","action":"load","data":{"height":82,"width":367.546875,"wc":25,"lc":1}},{"timestamp":"2022-11-26T21:23:18.406Z","url":"https://stackoverflow.com/questions/17831942/serve-pdf-files-using-node-js-express","component":"projection","action":"mouseenter"},{"timestamp":"2022-11-26T21:23:18.530Z","url":"https://stackoverflow.com/questions/17831942/serve-pdf-files-using-node-js-express","component":"projection","action":"mouseleave"},{"timestamp":"2022-11-26T21:23:18.946Z","url":"https://stackoverflow.com/questions/17831942/serve-pdf-files-using-node-js-express","component":"projection","action":"mouseenter"},{"timestamp":"2022-11-26T21:23:19.576Z","url":"https://stackoverflow.com/questions/17831942/serve-pdf-files-using-node-js-express","component":"page","action":"open"},{"timestamp":"2022-11-26T21:23:19.601Z","url":"https://stackoverflow.com/questions/17831942/serve-pdf-files-using-node-js-express","component":"projection","action":"mouseleave"},{"timestamp":"2022-11-26T21:23:19.611Z","url":"https://stackoverflow.com/questions/17831942/serve-pdf-files-using-node-js-express","component":"projection","action":"loaded","data":"projection 10 of 10"},{"timestamp":"2022-11-26T21:23:19.611Z","url":"https://stackoverflow.com/questions/74510483/cant-get-my-static-pdf-files-to-display-on-the-page-express-js","component":"projection","action":"loaded","data":"projection 9 of 10"},{"timestamp":"2022-11-26T21:23:19.611Z","url":"https://stackoverflow.com/questions/49749348/how-to-serve-30gb-of-pdf-filesstatic-from-server-using-node-js-to-angular-fron","component":"projection","action":"loaded","data":"projection 8 of 10"},{"timestamp":"2022-11-26T21:23:19.611Z","url":"https://stackoverflow.com/questions/66836399/using-node-express-ejs-how-to-serve-a-pdf-file","component":"projection","action":"loaded","data":"projection 7 of 10"},{"timestamp":"2022-11-26T21:23:19.611Z","url":"https://stackoverflow.com/questions/31105846/how-to-send-a-pdf-file-from-node-express-app-to-the-browser","component":"projection","action":"loaded","data":"projection 6 of 10"},{"timestamp":"2022-11-26T21:23:19.611Z","url":"https://stackoverflow.com/questions/72861892/how-to-serve-static-files-from-root-path","component":"projection","action":"loaded","data":"projection 5 of 10"},{"timestamp":"2022-11-26T21:23:19.611Z","url":"https://stackoverflow.com/questions/69692368/express-serve-static-files-inside-router","component":"projection","action":"loaded","data":"projection 4 of 10"},{"timestamp":"2022-11-26T21:23:19.611Z","url":"https://stackoverflow.com/questions/60516509/nodejs-express-display-pdf-file-in-browser","component":"projection","action":"loaded","data":"projection 3 of 10"},{"timestamp":"2022-11-26T21:23:19.611Z","url":"https://stackoverflow.com/questions/11598274/display-pdf-in-browser-using-express-js","component":"projection","action":"loaded","data":"projection 2 of 10"},{"timestamp":"2022-11-26T21:23:19.611Z","url":"https://stackoverflow.com/questions/59960222/cant-serve-static-files-using-express-router","component":"projection","action":"loaded","data":"projection 1 of 10"},{"timestamp":"2022-11-26T21:23:24.562Z","url":"https://stackoverflow.com/questions/17831942/serve-pdf-files-using-node-js-express","component":"page","action":"load"},{"timestamp":"2022-11-26T21:23:34.154Z","url":"https://stackoverflow.com/questions/17831942/serve-pdf-files-using-node-js-express","component":"page","action":"scroll","data":{"viewport":{"x":0,"y":400,"height":860,"width":403},"document":{"height":3795,"width":386},"question":{"identifier":"17831942","top":-236.59375,"bottom":447.9375,"right":370,"left":16,"width":354,"height":684.53125},"answers":[{"identifier":"17832325","top":528.21875,"bottom":1457.03125,"right":370,"left":16,"width":354,"height":928.8125}]}},{"timestamp":"2022-11-26T21:23:35.114Z","url":"https://stackoverflow.com/questions/17831942/serve-pdf-files-using-node-js-express","component":"page","action":"scroll","data":{"viewport":{"x":0,"y":500,"height":860,"width":403},"document":{"height":3795,"width":386},"question":{"identifier":"17831942","top":-336.59375,"bottom":347.9375,"right":370,"left":16,"width":354,"height":684.53125},"answers":[{"identifier":"17832325","top":428.21875,"bottom":1357.03125,"right":370,"left":16,"width":354,"height":928.8125}]}}]}]}