{"id":"21752_4","conditions":[{"taskId":4,"taskName":"sort","enableFragments":false,"enableContext":true,"showContext":false,"provideSearchTerms":true,"sequence":3},{"taskId":3,"taskName":"clone","enableFragments":false,"enableContext":true,"showContext":false,"provideSearchTerms":true,"sequence":4},{"taskId":2,"taskName":"find","enableFragments":true,"enableContext":true,"showContext":true,"provideSearchTerms":true,"sequence":5},{"taskId":1,"taskName":"currency","enableFragments":true,"enableContext":true,"showContext":true,"provideSearchTerms":true,"sequence":6},{"taskId":5,"taskName":"recent","enableFragments":true,"enableContext":true,"showContext":true,"provideSearchTerms":false,"sequence":7},{"taskId":6,"taskName":"serve","enableFragments":false,"enableContext":false,"showContext":false,"provideSearchTerms":false,"sequence":8}],"activeTaskId":"serve","tasks":[{"id":"pre-study"},{"enableFragments":true,"enableContext":true,"showContext":true,"provideSearchTerms":true,"contextOverride":[{"source":"src/tutorial.js","name":"sumTradedShares","position":{"start":397,"end":545},"variables":[],"parameters":[{"source":"src/tutorial.js","name":"trades","position":{"start":429,"end":435},"type":{"name":"Trade[]"}}],"returnType":"number"}],"id":"tutorial","startTime":"2022-11-26T20:40:55.515Z","duration":479210,"timer":{"startTime":"2022-11-26T20:42:21.231Z","endTime":"2022-11-26T20:49:31.213Z"},"endTime":"2022-11-26T20:49:31.213Z"},{"enableFragments":true,"enableContext":true,"showContext":true,"contextOverride":[{"source":"src/currency.js","name":"printCurrency","position":{"start":593,"end":782},"variables":[],"parameters":[{"source":"src/currency.js","name":"amount","position":{"start":623,"end":629},"type":{"name":"number"}},{"source":"src/currency.js","name":"locale","position":{"start":631,"end":637},"type":{"name":"string"}},{"source":"src/currency.js","name":"currency","position":{"start":639,"end":647},"type":{"name":"string"}}],"returnType":"string"}],"provideSearchTerms":true,"searchTerms":"format currency","id":"currency","startTime":"2022-11-26T21:06:23.235Z","timer":{"startTime":"2022-11-26T21:06:23.235Z","endTime":"2022-11-26T21:10:08.167Z"},"duration":223534,"data":{"Q1":"4","Q2":"None","Q3":"None","Q4":"I opened the Mozilla developer documentation for NumberFormat to double-check my answer."},"endTime":"2022-11-26T21:11:00.886Z"},{"enableFragments":true,"enableContext":true,"showContext":true,"contextOverride":[{"source":"src/find.js","name":"getTradeById","position":{"start":286,"end":506},"variables":[],"parameters":[{"source":"src/find.js","name":"trades","position":{"start":315,"end":321},"type":{"name":"Trade[]"}},{"source":"src/find.js","name":"id","position":{"start":323,"end":325},"type":{"name":"number"}}],"returnType":"Trade"}],"provideSearchTerms":true,"searchTerms":"find item in array by value","id":"find","startTime":"2022-11-26T21:02:06.764Z","timer":{"startTime":"2022-11-26T21:02:06.764Z","endTime":"2022-11-26T21:04:40.873Z"},"duration":153261,"data":{"Q1":"5","Q2":"Could you possibly sort the results by a function of date/relevancy?","Q3":"","Q4":"I opened the Mozilla developer page for array.prototype.find to see the current return value (stackoverflow can sometimes be outdated)."},"endTime":"2022-11-26T21:06:14.388Z"},{"enableFragments":false,"enableContext":true,"showContext":false,"contextOverride":[{"source":"src/clone.js","name":"cloneTradeLedger","position":{"start":239,"end":406},"variables":[],"parameters":[{"source":"src/clone.js","name":"trades","position":{"start":272,"end":278},"type":{"name":"Trade[]"}}],"returnType":"Trade[]"}],"provideSearchTerms":true,"searchTerms":"clone array","id":"clone","startTime":"2022-11-26T20:57:56.798Z","timer":{"startTime":"2022-11-26T20:57:56.798Z","endTime":"2022-11-26T21:00:22.250Z"},"duration":144146,"data":{"Q1":"5","Q2":"I'd like to know if Scout had an idea ahead-of-time what I would need to search for this problem, because if so, I love it.","Q3":"None","Q4":"I didn't"},"endTime":"2022-11-26T21:01:58.345Z"},{"enableFragments":false,"enableContext":true,"showContext":false,"contextOverride":[{"source":"src/sort.js","name":"sortTradesByShareCount","position":{"start":285,"end":524},"variables":[],"parameters":[{"source":"src/sort.js","name":"trades","position":{"start":324,"end":330},"type":{"name":"Trade[]"}}],"returnType":"Trade[]"}],"provideSearchTerms":true,"searchTerms":"sort array of objects descending","id":"sort","startTime":"2022-11-26T20:49:37.417Z","timer":{"startTime":"2022-11-26T20:49:37.418Z","endTime":"2022-11-26T20:55:28.707Z"},"duration":350203,"data":{"Q1":"4","Q2":"I disliked the initial width of the Scout results, but I've now changed the width. It works great.","Q3":"None","Q4":"I didn't search outside of the IDE but I stepped back and thought about the problem after failing initially."},"endTime":"2022-11-26T20:57:48.450Z"},{"enableFragments":true,"enableContext":true,"showContext":true,"contextOverride":[{"source":"src/recent.js","name":"moment","position":{"start":7,"end":13},"module":{"name":"moment","position":{"start":19,"end":27}},"references":[{"start":485,"end":491},{"start":753,"end":759},{"start":836,"end":842}]},{"source":"src/recent.js","name":"moment","position":{"start":485,"end":503},"variables":[],"arguments":[{"source":"src/recent.js","name":"","type":"Date","value":"new Date()","position":{"start":492,"end":502}}],"returnType":"any"},{"source":"src/recent.js","name":"moment","position":{"start":753,"end":768},"variables":[],"arguments":[{"source":"src/recent.js","name":"","type":"any","value":"endDate","position":{"start":760,"end":767}}],"returnType":"any"},{"source":"src/recent.js","name":"moment","position":{"start":836,"end":854},"variables":[],"arguments":[{"source":"src/recent.js","name":"","type":"any","value":"trade.date","position":{"start":843,"end":853}}],"returnType":"any"},{"source":"src/recent.js","name":"getPastTradesFrom","position":{"start":400,"end":938},"variables":[{"source":"src/recent.js","name":"endDate","position":{"start":475,"end":503},"type":{"name":"any"}},{"source":"src/recent.js","name":"startDate","position":{"start":741,"end":768},"type":{"name":"any"}}],"parameters":[{"source":"src/recent.js","name":"trades","position":{"start":434,"end":440},"type":{"name":"Trade[]"}},{"source":"src/recent.js","name":"from","position":{"start":442,"end":446},"type":{"name":"number"}},{"source":"src/recent.js","name":"unit","position":{"start":448,"end":461},"type":{"name":"string"}}],"returnType":"Trade[]"}],"provideSearchTerms":false,"searchTerms":"","id":"recent","startTime":"2022-11-26T21:11:09.615Z","timer":{"startTime":"2022-11-26T21:11:09.615Z","endTime":"2022-11-26T21:19:42.519Z"},"duration":419696,"data":{"Q1":"4","Q2":"Nothing stuck out to me this time.","Q3":"None","Q4":"None"},"endTime":"2022-11-26T21:20:05.901Z"},{"enableFragments":false,"enableContext":false,"showContext":false,"contextOverride":[],"provideSearchTerms":false,"searchTerms":"","id":"serve","startTime":"2022-11-26T21:20:16.157Z","timer":{"startTime":"2022-11-26T21:20:16.157Z","endTime":"2022-11-26T21:24:31.791Z"},"duration":253525,"data":{"Q1":"4","Q2":"The searches loaded slowly but it was probably just on my end.","Q3":"None","Q4":"None"},"endTime":"2022-11-26T21:24:54.659Z"},{"id":"post-study"}],"activations":["2022-11-26T20:40:10.473Z"]}