{"trialId":"32156_1","taskId":"find","appEvents":[{"timestamp":"2022-10-25T23:16:59.476Z","name":"resize","data":{"height":1250,"width":491}},{"timestamp":"2022-10-25T23:17:00.072Z","name":"search","data":"search-start"},{"timestamp":"2022-10-25T23:17:01.289Z","name":"search","data":"search-done"},{"timestamp":"2022-10-25T23:18:39.710Z","name":"resize","data":{"height":0,"width":0}}],"searches":[{"keywords":["find","item","in","array","by","value"],"context":{"tokens":[{"kind":"language","value":"javascript"}]},"timestamp":"2022-10-25T23:17:00.072Z","results":[{"signatures":[],"areSignaturesLoading":true,"title":"Find a value in an array of objects in Javascript - Stack Overflow","url":"https://stackoverflow.com/questions/12462318/find-a-value-in-an-array-of-objects-in-javascript","displayLink":"https://stackoverflow.com › questions › find-a-value-in-...","date":"Sep 17, 2012","snippet":"The find() method returns the first value that matches from the collection. Once it matches the value in findings, it will not check the ...","snippetHighlightWords":["find","value","value","check"]},{"signatures":[],"areSignaturesLoading":true,"title":"How to find if an array contains a specific string in JavaScript ...","url":"https://stackoverflow.com/questions/6116474/how-to-find-if-an-array-contains-a-specific-string-in-javascript-jquery","displayLink":"https://stackoverflow.com › questions › how-to-find-if-...","date":"May 24, 2011","snippet":"var found = categories.includes('specialword');. No comparisons and no confusing -1 results. It does what we want: it returns true ..."},{"signatures":[],"areSignaturesLoading":true,"title":"Find object with specific value in array - Stack Overflow","url":"https://stackoverflow.com/questions/52460473/find-object-with-specific-value-in-array","displayLink":"https://stackoverflow.com › questions › find-object-wit...","date":"Sep 22, 2018","snippet":"Now, I would like to check if my array contains an object with the name \"Mike\". How do I go about this in javascript? I am thinking something ...","snippetHighlightWords":["check","array","object","javascript"]},{"signatures":[],"areSignaturesLoading":true,"title":"Get JavaScript object from array of objects by value of property","url":"https://stackoverflow.com/questions/13964155/get-javascript-object-from-array-of-objects-by-value-of-property","displayLink":"https://stackoverflow.com › questions › get-javascript-o...","date":"Dec 20, 2012","snippet":"The find() method returns a value in the array, if an element in the array satisfies the provided testing function.","snippetHighlightWords":["find","value","array","element","array"]},{"signatures":[],"areSignaturesLoading":true,"title":"Find object by id in an array of JavaScript objects","url":"https://stackoverflow.com/questions/7364150/find-object-by-id-in-an-array-of-javascript-objects","displayLink":"https://stackoverflow.com › questions › find-object-by-i...","snippet":"Use the find() method: myArray.find(x => x.id === '45').foo;. From MDN: The find() method returns the first value in the array, ...","snippetHighlightWords":["find","find","find","value","array"],"extensions":["Sep 9, 2011","36 answers"]},{"signatures":[],"areSignaturesLoading":true,"title":"Find all matching elements with in an array of objects [duplicate]","url":"https://stackoverflow.com/questions/52311150/find-all-matching-elements-with-in-an-array-of-objects","displayLink":"https://stackoverflow.com › questions › find-all-matchi...","snippet":"Two things: first, Array.find() returns the first matching element, undefined if it finds nothing. Array.filter returns a new array ...","snippetHighlightWords":["Array","find","element","Array","array"],"extensions":["Sep 13, 2018","6 answers"]},{"signatures":[],"areSignaturesLoading":true,"title":"How do I check if an array includes a value in JavaScript?","url":"https://stackoverflow.com/questions/237104/how-do-i-check-if-an-array-includes-a-value-in-javascript","displayLink":"https://stackoverflow.com › questions › how-do-i-check...","snippet":"inArray is a terrible name for a function that returns the index of the element, and -1 if it doesn't exist. I would expect a boolean to be returned. – Tim. Jul ...","snippetHighlightWords":["element"]},{"signatures":[],"areSignaturesLoading":true,"title":"How can I find and update values in an array of objects?","url":"https://stackoverflow.com/questions/35206125/how-can-i-find-and-update-values-in-an-array-of-objects","displayLink":"https://stackoverflow.com › questions › how-can-i-find-...","date":"Feb 4, 2016","snippet":"var item = {...} var items = [{id:2}, {id:2}, {id: ...","snippetHighlightWords":["item"]},{"signatures":[],"areSignaturesLoading":true,"title":"Find an item in array and get whats left - Stack Overflow","url":"https://stackoverflow.com/questions/57607836/find-an-item-in-array-and-get-whats-left","displayLink":"https://stackoverflow.com › questions › find-an-item-in...","date":"Aug 22, 2019","snippet":"var fruit = [ \"apples\", \"pears\" ]; var alreadyHave = \"apples\"; for( var i = 0; i < fruit.length; i++){ if (! fruit[i] === alreadyHave) { fruit."},{"signatures":[],"areSignaturesLoading":true,"title":"Best way to find if an item is in a JavaScript array? [duplicate]","url":"https://stackoverflow.com/questions/143847/best-way-to-find-if-an-item-is-in-a-javascript-array","displayLink":"https://stackoverflow.com › questions › best-way-to-fin...","snippet":"Note that \"inArray\" is a misnomer, because it doesn't return boolean value - it returns index of first element found. So if you are checking if ...","extensions":["Sep 27, 2008","8 answers"]}],"events":[{"timestamp":"2022-10-25T23:17:00.089Z","url":"https://stackoverflow.com/questions/12462318/find-a-value-in-an-array-of-objects-in-javascript","component":"projection","action":"load","data":{"height":59.333335876464844,"width":446.3125,"wc":25,"lc":1}},{"timestamp":"2022-10-25T23:17:00.089Z","url":"https://stackoverflow.com/questions/6116474/how-to-find-if-an-array-contains-a-specific-string-in-javascript-jquery","component":"projection","action":"load","data":{"height":59.333335876464844,"width":459.41668701171875,"wc":20,"lc":1}},{"timestamp":"2022-10-25T23:17:00.089Z","url":"https://stackoverflow.com/questions/52460473/find-object-with-specific-value-in-array","component":"projection","action":"load","data":{"height":59.333335876464844,"width":452.82293701171875,"wc":29,"lc":1}},{"timestamp":"2022-10-25T23:17:00.089Z","url":"https://stackoverflow.com/questions/13964155/get-javascript-object-from-array-of-objects-by-value-of-property","component":"projection","action":"load","data":{"height":37.333335876464844,"width":434.57293701171875,"wc":20,"lc":1}},{"timestamp":"2022-10-25T23:17:00.089Z","url":"https://stackoverflow.com/questions/7364150/find-object-by-id-in-an-array-of-javascript-objects","component":"projection","action":"load","data":{"height":37.333335876464844,"width":456.04168701171875,"wc":22,"lc":1}},{"timestamp":"2022-10-25T23:17:00.089Z","url":"https://stackoverflow.com/questions/52311150/find-all-matching-elements-with-in-an-array-of-objects","component":"projection","action":"load","data":{"height":37.333335876464844,"width":405.8645935058594,"wc":20,"lc":1}},{"timestamp":"2022-10-25T23:17:00.089Z","url":"https://stackoverflow.com/questions/237104/how-do-i-check-if-an-array-includes-a-value-in-javascript","component":"projection","action":"load","data":{"height":59.333335876464844,"width":421.875,"wc":33,"lc":1}},{"timestamp":"2022-10-25T23:17:00.089Z","url":"https://stackoverflow.com/questions/35206125/how-can-i-find-and-update-values-in-an-array-of-objects","component":"projection","action":"load","data":{"height":15.333333969116211,"width":291.8020935058594,"wc":11,"lc":1}},{"timestamp":"2022-10-25T23:17:00.089Z","url":"https://stackoverflow.com/questions/57607836/find-an-item-in-array-and-get-whats-left","component":"projection","action":"load","data":{"height":59.333335876464844,"width":456.7395935058594,"wc":27,"lc":1}},{"timestamp":"2022-10-25T23:17:00.089Z","url":"https://stackoverflow.com/questions/143847/best-way-to-find-if-an-item-is-in-a-javascript-array","component":"projection","action":"load","data":{"height":37.333335876464844,"width":452.13543701171875,"wc":27,"lc":1}},{"timestamp":"2022-10-25T23:17:00.099Z","url":"https://stackoverflow.com/questions/6116474/how-to-find-if-an-array-contains-a-specific-string-in-javascript-jquery","component":"projection","action":"mouseenter"},{"timestamp":"2022-10-25T23:17:01.289Z","url":"https://stackoverflow.com/questions/12462318/find-a-value-in-an-array-of-objects-in-javascript","component":"projection","action":"loaded","data":"projection 10 of 10"},{"timestamp":"2022-10-25T23:17:01.289Z","url":"https://stackoverflow.com/questions/6116474/how-to-find-if-an-array-contains-a-specific-string-in-javascript-jquery","component":"projection","action":"loaded","data":"projection 9 of 10"},{"timestamp":"2022-10-25T23:17:01.289Z","url":"https://stackoverflow.com/questions/52460473/find-object-with-specific-value-in-array","component":"projection","action":"loaded","data":"projection 8 of 10"},{"timestamp":"2022-10-25T23:17:01.289Z","url":"https://stackoverflow.com/questions/13964155/get-javascript-object-from-array-of-objects-by-value-of-property","component":"projection","action":"loaded","data":"projection 7 of 10"},{"timestamp":"2022-10-25T23:17:01.289Z","url":"https://stackoverflow.com/questions/7364150/find-object-by-id-in-an-array-of-javascript-objects","component":"projection","action":"loaded","data":"projection 6 of 10"},{"timestamp":"2022-10-25T23:17:01.289Z","url":"https://stackoverflow.com/questions/52311150/find-all-matching-elements-with-in-an-array-of-objects","component":"projection","action":"loaded","data":"projection 5 of 10"},{"timestamp":"2022-10-25T23:17:01.289Z","url":"https://stackoverflow.com/questions/237104/how-do-i-check-if-an-array-includes-a-value-in-javascript","component":"projection","action":"loaded","data":"projection 4 of 10"},{"timestamp":"2022-10-25T23:17:01.289Z","url":"https://stackoverflow.com/questions/35206125/how-can-i-find-and-update-values-in-an-array-of-objects","component":"projection","action":"loaded","data":"projection 3 of 10"},{"timestamp":"2022-10-25T23:17:01.289Z","url":"https://stackoverflow.com/questions/57607836/find-an-item-in-array-and-get-whats-left","component":"projection","action":"loaded","data":"projection 2 of 10"},{"timestamp":"2022-10-25T23:17:01.289Z","url":"https://stackoverflow.com/questions/143847/best-way-to-find-if-an-item-is-in-a-javascript-array","component":"projection","action":"loaded","data":"projection 1 of 10"},{"timestamp":"2022-10-25T23:17:02.464Z","url":"https://stackoverflow.com/questions/6116474/how-to-find-if-an-array-contains-a-specific-string-in-javascript-jquery","component":"projection","action":"mouseleave"},{"timestamp":"2022-10-25T23:17:02.466Z","url":"https://stackoverflow.com/questions/12462318/find-a-value-in-an-array-of-objects-in-javascript","component":"projection","action":"mouseenter"},{"timestamp":"2022-10-25T23:17:02.487Z","url":"https://stackoverflow.com/questions/12462318/find-a-value-in-an-array-of-objects-in-javascript","component":"projection","action":"mouseleave"},{"timestamp":"2022-10-25T23:17:17.263Z","url":"https://stackoverflow.com/questions/12462318/find-a-value-in-an-array-of-objects-in-javascript","component":"projection","action":"mouseenter"},{"timestamp":"2022-10-25T23:17:20.223Z","url":"https://stackoverflow.com/questions/12462318/find-a-value-in-an-array-of-objects-in-javascript","component":"page","action":"open"},{"timestamp":"2022-10-25T23:17:20.239Z","url":"https://stackoverflow.com/questions/12462318/find-a-value-in-an-array-of-objects-in-javascript","component":"projection","action":"mouseleave"},{"timestamp":"2022-10-25T23:17:20.992Z","url":"https://stackoverflow.com/questions/12462318/find-a-value-in-an-array-of-objects-in-javascript","component":"page","action":"load"},{"timestamp":"2022-10-25T23:17:22.503Z","url":"https://stackoverflow.com/questions/12462318/find-a-value-in-an-array-of-objects-in-javascript","component":"page","action":"close"},{"timestamp":"2022-10-25T23:17:22.898Z","url":"https://stackoverflow.com/questions/6116474/how-to-find-if-an-array-contains-a-specific-string-in-javascript-jquery","component":"projection","action":"mouseenter"},{"timestamp":"2022-10-25T23:17:23.697Z","url":"https://stackoverflow.com/questions/6116474/how-to-find-if-an-array-contains-a-specific-string-in-javascript-jquery","component":"projection","action":"mouseleave"},{"timestamp":"2022-10-25T23:17:23.697Z","url":"https://stackoverflow.com/questions/52460473/find-object-with-specific-value-in-array","component":"projection","action":"mouseenter"},{"timestamp":"2022-10-25T23:17:23.931Z","url":"https://stackoverflow.com/questions/52460473/find-object-with-specific-value-in-array","component":"projection","action":"mouseleave"},{"timestamp":"2022-10-25T23:17:23.932Z","url":"https://stackoverflow.com/questions/6116474/how-to-find-if-an-array-contains-a-specific-string-in-javascript-jquery","component":"projection","action":"mouseenter"},{"timestamp":"2022-10-25T23:17:24.464Z","url":"https://stackoverflow.com/questions/6116474/how-to-find-if-an-array-contains-a-specific-string-in-javascript-jquery","component":"projection","action":"mouseleave"},{"timestamp":"2022-10-25T23:17:24.464Z","url":"https://stackoverflow.com/questions/12462318/find-a-value-in-an-array-of-objects-in-javascript","component":"projection","action":"mouseenter"},{"timestamp":"2022-10-25T23:17:25.591Z","url":"https://stackoverflow.com/questions/12462318/find-a-value-in-an-array-of-objects-in-javascript","component":"page","action":"open"},{"timestamp":"2022-10-25T23:17:25.605Z","url":"https://stackoverflow.com/questions/12462318/find-a-value-in-an-array-of-objects-in-javascript","component":"projection","action":"mouseleave"},{"timestamp":"2022-10-25T23:17:26.098Z","url":"https://stackoverflow.com/questions/12462318/find-a-value-in-an-array-of-objects-in-javascript","component":"page","action":"load"},{"timestamp":"2022-10-25T23:17:32.501Z","url":"https://stackoverflow.com/questions/12462318/find-a-value-in-an-array-of-objects-in-javascript","component":"page","action":"scroll","data":{"viewport":{"x":0,"y":333.3333435058594,"height":1190,"width":487},"document":{"height":18173,"width":471},"question":{"identifier":"12462318","top":-192.2916717529297,"bottom":580.1042022705078,"right":454.66668701171875,"left":16,"width":438.66668701171875,"height":772.3958740234375},"answers":[{"identifier":"12462414","top":660.375,"bottom":1963.447998046875,"right":454.66668701171875,"left":16,"width":438.66668701171875,"height":1303.072998046875},{"identifier":"12462387","top":1963.447998046875,"bottom":2712.979248046875,"right":454.66668701171875,"left":16,"width":438.66668701171875,"height":749.53125},{"identifier":"38500417","top":2712.979248046875,"bottom":3624.7396850585938,"right":454.66668701171875,"left":16,"width":438.66668701171875,"height":911.7604370117188},{"identifier":"44048398","top":3624.73974609375,"bottom":4175.77099609375,"right":454.66668701171875,"left":16,"width":438.66668701171875,"height":551.03125},{"identifier":"48718969","top":4175.77099609375,"bottom":5169.48974609375,"right":454.66668701171875,"left":16,"width":438.66668701171875,"height":993.71875},{"identifier":"47790805","top":5169.48974609375,"bottom":5856.718933105469,"right":454.66668701171875,"left":16,"width":438.66668701171875,"height":687.2291870117188},{"identifier":"43778799","top":5856.71875,"bottom":6609.15625,"right":454.66668701171875,"left":16,"width":438.66668701171875,"height":752.4375},{"identifier":"12462406","top":6609.15625,"bottom":7207.010437011719,"right":454.66668701171875,"left":16,"width":438.66668701171875,"height":597.8541870117188},{"identifier":"31748358","top":7207.0107421875,"bottom":7844.052429199219,"right":454.66668701171875,"left":16,"width":438.66668701171875,"height":637.0416870117188},{"identifier":"47194061","top":7844.05224609375,"bottom":8205.61474609375,"right":454.66668701171875,"left":16,"width":438.66668701171875,"height":361.5625},{"identifier":"33097318","top":8205.615234375,"bottom":11098.47998046875,"right":454.66668701171875,"left":16,"width":438.66668701171875,"height":2892.86474609375},{"identifier":"12462347","top":11098.4794921875,"bottom":11711.812866210938,"right":454.66668701171875,"left":16,"width":438.66668701171875,"height":613.3333740234375},{"identifier":"37735967","top":11711.8125,"bottom":12018.875,"right":454.66668701171875,"left":16,"width":438.66668701171875,"height":307.0625},{"identifier":"33825763","top":12018.875,"bottom":12506.125,"right":454.66668701171875,"left":16,"width":438.66668701171875,"height":487.25},{"identifier":"24263355","top":12506.125,"bottom":12843.1875,"right":454.66668701171875,"left":16,"width":438.66668701171875,"height":337.0625},{"identifier":"42891511","top":12843.1875,"bottom":13977.0625,"right":454.66668701171875,"left":16,"width":438.66668701171875,"height":1133.875},{"identifier":"37489965","top":13977.0625,"bottom":14190.32292175293,"right":454.66668701171875,"left":16,"width":438.66668701171875,"height":213.2604217529297},{"identifier":"38786112","top":14190.3232421875,"bottom":14989.8857421875,"right":454.66668701171875,"left":16,"width":438.66668701171875,"height":799.5625},{"identifier":"27443358","top":14989.8857421875,"bottom":15353.9482421875,"right":454.66668701171875,"left":16,"width":438.66668701171875,"height":364.0625},{"identifier":"45355935","top":15353.9482421875,"bottom":15901.5107421875,"right":454.66668701171875,"left":16,"width":438.66668701171875,"height":547.5625}]}},{"timestamp":"2022-10-25T23:18:08.037Z","url":"https://stackoverflow.com/questions/12462318/find-a-value-in-an-array-of-objects-in-javascript","component":"page","action":"scroll","data":{"viewport":{"x":0,"y":0,"height":1190,"width":487},"document":{"height":18173,"width":471},"question":{"identifier":"12462318","top":141.0416717529297,"bottom":913.4375457763672,"right":454.66668701171875,"left":16,"width":438.66668701171875,"height":772.3958740234375},"answers":[{"identifier":"12462414","top":993.7083740234375,"bottom":2296.7813720703125,"right":454.66668701171875,"left":16,"width":438.66668701171875,"height":1303.072998046875},{"identifier":"12462387","top":2296.78125,"bottom":3046.3125,"right":454.66668701171875,"left":16,"width":438.66668701171875,"height":749.53125},{"identifier":"38500417","top":3046.3125,"bottom":3958.0729370117188,"right":454.66668701171875,"left":16,"width":438.66668701171875,"height":911.7604370117188},{"identifier":"44048398","top":3958.072998046875,"bottom":4509.104248046875,"right":454.66668701171875,"left":16,"width":438.66668701171875,"height":551.03125},{"identifier":"48718969","top":4509.1044921875,"bottom":5502.8232421875,"right":454.66668701171875,"left":16,"width":438.66668701171875,"height":993.71875},{"identifier":"47790805","top":5502.8232421875,"bottom":6190.052429199219,"right":454.66668701171875,"left":16,"width":438.66668701171875,"height":687.2291870117188},{"identifier":"43778799","top":6190.05224609375,"bottom":6942.48974609375,"right":454.66668701171875,"left":16,"width":438.66668701171875,"height":752.4375},{"identifier":"12462406","top":6942.48974609375,"bottom":7540.343933105469,"right":454.66668701171875,"left":16,"width":438.66668701171875,"height":597.8541870117188},{"identifier":"31748358","top":7540.34375,"bottom":8177.385437011719,"right":454.66668701171875,"left":16,"width":438.66668701171875,"height":637.0416870117188},{"identifier":"47194061","top":8177.3857421875,"bottom":8538.9482421875,"right":454.66668701171875,"left":16,"width":438.66668701171875,"height":361.5625},{"identifier":"33097318","top":8538.9482421875,"bottom":11431.81298828125,"right":454.66668701171875,"left":16,"width":438.66668701171875,"height":2892.86474609375},{"identifier":"12462347","top":11431.8125,"bottom":12045.145874023438,"right":454.66668701171875,"left":16,"width":438.66668701171875,"height":613.3333740234375},{"identifier":"37735967","top":12045.146484375,"bottom":12352.208984375,"right":454.66668701171875,"left":16,"width":438.66668701171875,"height":307.0625},{"identifier":"33825763","top":12352.208984375,"bottom":12839.458984375,"right":454.66668701171875,"left":16,"width":438.66668701171875,"height":487.25},{"identifier":"24263355","top":12839.458984375,"bottom":13176.521484375,"right":454.66668701171875,"left":16,"width":438.66668701171875,"height":337.0625},{"identifier":"42891511","top":13176.521484375,"bottom":14310.396484375,"right":454.66668701171875,"left":16,"width":438.66668701171875,"height":1133.875},{"identifier":"37489965","top":14310.396484375,"bottom":14523.65690612793,"right":454.66668701171875,"left":16,"width":438.66668701171875,"height":213.2604217529297},{"identifier":"38786112","top":14523.65625,"bottom":15323.21875,"right":454.66668701171875,"left":16,"width":438.66668701171875,"height":799.5625},{"identifier":"27443358","top":15323.21875,"bottom":15687.28125,"right":454.66668701171875,"left":16,"width":438.66668701171875,"height":364.0625},{"identifier":"45355935","top":15687.28125,"bottom":16234.84375,"right":454.66668701171875,"left":16,"width":438.66668701171875,"height":547.5625}]}},{"timestamp":"2022-10-25T23:18:09.206Z","url":"https://stackoverflow.com/questions/12462318/find-a-value-in-an-array-of-objects-in-javascript","component":"page","action":"close"}]}]}