{"trialId":"32156_1","taskId":"clone","appEvents":[{"timestamp":"2022-10-25T23:07:42.168Z","name":"resize","data":{"height":1250,"width":491}},{"timestamp":"2022-10-25T23:07:42.685Z","name":"search","data":"search-start"},{"timestamp":"2022-10-25T23:07:43.898Z","name":"search","data":"search-done"},{"timestamp":"2022-10-25T23:16:41.817Z","name":"resize","data":{"height":0,"width":0}}],"searches":[{"keywords":["clone","array"],"context":{"tokens":[{"kind":"language","value":"javascript"}]},"timestamp":"2022-10-25T23:07:42.684Z","results":[{"signatures":[],"areSignaturesLoading":true,"title":"Fastest way to duplicate an array in JavaScript - slice vs. 'for ...","url":"https://stackoverflow.com/questions/3978492/fastest-way-to-duplicate-an-array-in-javascript-slice-vs-for-loop","displayLink":"https://stackoverflow.com › questions › fastest-way-to-d...","snippet":"There are at least 6 (!) ways to clone an array: loop; slice; Array.from(); concat; spread operator (FASTEST); map A.map(function(e){return ...","snippetHighlightWords":["clone","array","Array"],"extensions":["Oct 20, 2010","25 answers"]},{"signatures":[],"areSignaturesLoading":true,"title":"How to clone a Javascript Array of Objects? - Stack Overflow","url":"https://stackoverflow.com/questions/42523881/how-to-clone-a-javascript-array-of-objects","displayLink":"https://stackoverflow.com › questions › how-to-clone-a...","date":"Mar 1, 2017","snippet":"How to clone a Javascript Array of Objects? · use slice(0) . Example: clonedArray = originalArray.slice(0) it will create a new array. – Gerardo.","snippetHighlightWords":["clone","Javascript Array","clonedArray","originalArray","array"]},{"signatures":[],"areSignaturesLoading":true,"title":"How to clone an array and push new value in a chain?","url":"https://stackoverflow.com/questions/57222470/how-to-clone-an-array-and-push-new-value-in-a-chain","displayLink":"https://stackoverflow.com › questions › how-to-clone-a...","snippet":"If you absolutely want to enforce the chaining, you can create your own function on the array prototype. (You should understand its ...","snippetHighlightWords":["array"],"extensions":["Jul 26, 2019","3 answers"]},{"signatures":[],"areSignaturesLoading":true,"title":"Make clone of array (not copy of reference) and modify the ...","url":"https://stackoverflow.com/questions/62861485/make-clone-of-array-not-copy-of-reference-and-modify-the-new-array","displayLink":"https://stackoverflow.com › questions › make-clone-of-...","date":"Jul 12, 2020","snippet":"in javascript, clonedArray=originalArray just creates a reference == the same array. you can overcome this/\"clone\" a simple array by:","snippetHighlightWords":["javascript","clonedArray","originalArray","array","clone","array"]},{"signatures":[],"areSignaturesLoading":true,"title":"Splice method used on a copy of an array of objects","url":"https://stackoverflow.com/questions/67176299/splice-method-used-on-a-copy-of-an-array-of-objects","displayLink":"https://stackoverflow.com › questions › splice-method-...","date":"Apr 20, 2021","snippet":"Only the cloned array is modified. The spread operator shouldn't make a shallow copy of the initial array, and force me to deep clone all ...","snippetHighlightWords":["cloned array","array","clone"]},{"signatures":[],"areSignaturesLoading":true,"title":"Cloning an array in Javascript/Typescript - Stack Overflow","url":"https://stackoverflow.com/questions/44808882/cloning-an-array-in-javascript-typescript","displayLink":"https://stackoverflow.com › questions › cloning-an-arra...","date":"15 answers","snippet":"Clone an object: const myClonedObject = Object.assign({}, myObject);. Clone an Array: Option 1 if you have an array of primitive types:.","snippetHighlightWords":["Clone","Clone","Array","array"]},{"signatures":[],"areSignaturesLoading":true,"title":"JavaScript deep copy an array containing nested objects ...","url":"https://stackoverflow.com/questions/53273218/javascript-deep-copy-an-array-containing-nested-objects-arrays-functions","displayLink":"https://stackoverflow.com › questions › javascript-deep-...","snippet":"Edit- You can use the solution below or just import Lodash and use this https://lodash.com/docs/#cloneDeep. I'm answering my own question ...","snippetHighlightWords":["cloneDeep"],"extensions":["Nov 13, 2018","3 answers"]},{"signatures":[],"areSignaturesLoading":true,"title":"Why my code to clone an array doesn't work JavaScript","url":"https://stackoverflow.com/questions/68764568/why-my-code-to-clone-an-array-doesnt-work-javascript","displayLink":"https://stackoverflow.com › questions › why-my-code-t...","snippet":"When you start, each row of the array is empty. So initialise it to an empty row of array: for (let x = 0; x < arr.length; ...","snippetHighlightWords":["array","array"],"extensions":["Aug 12, 2021","3 answers"]},{"signatures":[],"areSignaturesLoading":true,"title":"How do you clone an array of objects in JavaScript?","url":"https://stackoverflow.com/questions/597588/how-do-you-clone-an-array-of-objects-in-javascript","displayLink":"https://stackoverflow.com › questions › how-do-you-cl...","snippet":"Creating a deep copy with structuredClone. The modern way to deep copy an array in JavaScript is to use structuredClone:","snippetHighlightWords":["structuredClone","array","JavaScript","structuredClone"],"extensions":["Feb 28, 2009","38 answers"]},{"signatures":[],"areSignaturesLoading":true,"title":"javascript - how to clone Array without reference [duplicate]","url":"https://stackoverflow.com/questions/48219487/javascript-how-to-clone-array-without-reference","displayLink":"https://stackoverflow.com › questions › javascript-how-...","snippet":"By using this method we can create a copy of an array. Please check the below example. Credits to this SO Answer. let original = [ [1, 2], ...","snippetHighlightWords":["array"],"extensions":["Jan 12, 2018","1 answer"]}],"events":[{"timestamp":"2022-10-25T23:07:42.708Z","url":"https://stackoverflow.com/questions/3978492/fastest-way-to-duplicate-an-array-in-javascript-slice-vs-for-loop","component":"projection","action":"load","data":{"height":37.333335876464844,"width":454.9583435058594,"wc":21,"lc":1}},{"timestamp":"2022-10-25T23:07:42.708Z","url":"https://stackoverflow.com/questions/42523881/how-to-clone-a-javascript-array-of-objects","component":"projection","action":"load","data":{"height":59.333335876464844,"width":444.96875,"wc":24,"lc":1}},{"timestamp":"2022-10-25T23:07:42.708Z","url":"https://stackoverflow.com/questions/57222470/how-to-clone-an-array-and-push-new-value-in-a-chain","component":"projection","action":"load","data":{"height":37.333335876464844,"width":447.59375,"wc":23,"lc":1}},{"timestamp":"2022-10-25T23:07:42.708Z","url":"https://stackoverflow.com/questions/62861485/make-clone-of-array-not-copy-of-reference-and-modify-the-new-array","component":"projection","action":"load","data":{"height":59.333335876464844,"width":462.3020935058594,"wc":19,"lc":1}},{"timestamp":"2022-10-25T23:07:42.708Z","url":"https://stackoverflow.com/questions/67176299/splice-method-used-on-a-copy-of-an-array-of-objects","component":"projection","action":"load","data":{"height":59.333335876464844,"width":455.13543701171875,"wc":26,"lc":1}},{"timestamp":"2022-10-25T23:07:42.708Z","url":"https://stackoverflow.com/questions/44808882/cloning-an-array-in-javascript-typescript","component":"projection","action":"load","data":{"height":59.333335876464844,"width":439.5833435058594,"wc":21,"lc":1}},{"timestamp":"2022-10-25T23:07:42.708Z","url":"https://stackoverflow.com/questions/53273218/javascript-deep-copy-an-array-containing-nested-objects-arrays-functions","component":"projection","action":"load","data":{"height":37.333335876464844,"width":454.6875,"wc":21,"lc":1}},{"timestamp":"2022-10-25T23:07:42.708Z","url":"https://stackoverflow.com/questions/68764568/why-my-code-to-clone-an-array-doesnt-work-javascript","component":"projection","action":"load","data":{"height":37.333335876464844,"width":422.3020935058594,"wc":28,"lc":1}},{"timestamp":"2022-10-25T23:07:42.708Z","url":"https://stackoverflow.com/questions/597588/how-do-you-clone-an-array-of-objects-in-javascript","component":"projection","action":"load","data":{"height":37.333335876464844,"width":442.8020935058594,"wc":20,"lc":1}},{"timestamp":"2022-10-25T23:07:42.708Z","url":"https://stackoverflow.com/questions/48219487/javascript-how-to-clone-array-without-reference","component":"projection","action":"load","data":{"height":37.333335876464844,"width":460.8333435058594,"wc":29,"lc":1}},{"timestamp":"2022-10-25T23:07:43.897Z","url":"https://stackoverflow.com/questions/3978492/fastest-way-to-duplicate-an-array-in-javascript-slice-vs-for-loop","component":"projection","action":"loaded","data":"projection 10 of 10"},{"timestamp":"2022-10-25T23:07:43.898Z","url":"https://stackoverflow.com/questions/42523881/how-to-clone-a-javascript-array-of-objects","component":"projection","action":"loaded","data":"projection 9 of 10"},{"timestamp":"2022-10-25T23:07:43.898Z","url":"https://stackoverflow.com/questions/57222470/how-to-clone-an-array-and-push-new-value-in-a-chain","component":"projection","action":"loaded","data":"projection 8 of 10"},{"timestamp":"2022-10-25T23:07:43.898Z","url":"https://stackoverflow.com/questions/62861485/make-clone-of-array-not-copy-of-reference-and-modify-the-new-array","component":"projection","action":"loaded","data":"projection 7 of 10"},{"timestamp":"2022-10-25T23:07:43.898Z","url":"https://stackoverflow.com/questions/67176299/splice-method-used-on-a-copy-of-an-array-of-objects","component":"projection","action":"loaded","data":"projection 6 of 10"},{"timestamp":"2022-10-25T23:07:43.898Z","url":"https://stackoverflow.com/questions/44808882/cloning-an-array-in-javascript-typescript","component":"projection","action":"loaded","data":"projection 5 of 10"},{"timestamp":"2022-10-25T23:07:43.898Z","url":"https://stackoverflow.com/questions/53273218/javascript-deep-copy-an-array-containing-nested-objects-arrays-functions","component":"projection","action":"loaded","data":"projection 4 of 10"},{"timestamp":"2022-10-25T23:07:43.898Z","url":"https://stackoverflow.com/questions/68764568/why-my-code-to-clone-an-array-doesnt-work-javascript","component":"projection","action":"loaded","data":"projection 3 of 10"},{"timestamp":"2022-10-25T23:07:43.898Z","url":"https://stackoverflow.com/questions/597588/how-do-you-clone-an-array-of-objects-in-javascript","component":"projection","action":"loaded","data":"projection 2 of 10"},{"timestamp":"2022-10-25T23:07:43.898Z","url":"https://stackoverflow.com/questions/48219487/javascript-how-to-clone-array-without-reference","component":"projection","action":"loaded","data":"projection 1 of 10"},{"timestamp":"2022-10-25T23:07:48.365Z","url":"https://stackoverflow.com/questions/3978492/fastest-way-to-duplicate-an-array-in-javascript-slice-vs-for-loop","component":"projection","action":"mouseenter"},{"timestamp":"2022-10-25T23:07:50.553Z","url":"https://stackoverflow.com/questions/3978492/fastest-way-to-duplicate-an-array-in-javascript-slice-vs-for-loop","component":"page","action":"open"},{"timestamp":"2022-10-25T23:07:50.567Z","url":"https://stackoverflow.com/questions/3978492/fastest-way-to-duplicate-an-array-in-javascript-slice-vs-for-loop","component":"projection","action":"mouseleave"},{"timestamp":"2022-10-25T23:07:51.445Z","url":"https://stackoverflow.com/questions/3978492/fastest-way-to-duplicate-an-array-in-javascript-slice-vs-for-loop","component":"page","action":"load"},{"timestamp":"2022-10-25T23:07:54.154Z","url":"https://stackoverflow.com/questions/3978492/fastest-way-to-duplicate-an-array-in-javascript-slice-vs-for-loop","component":"page","action":"close"},{"timestamp":"2022-10-25T23:07:54.531Z","url":"https://stackoverflow.com/questions/3978492/fastest-way-to-duplicate-an-array-in-javascript-slice-vs-for-loop","component":"projection","action":"mouseenter"},{"timestamp":"2022-10-25T23:07:55.097Z","url":"https://stackoverflow.com/questions/3978492/fastest-way-to-duplicate-an-array-in-javascript-slice-vs-for-loop","component":"projection","action":"mouseleave"},{"timestamp":"2022-10-25T23:07:55.098Z","url":"https://stackoverflow.com/questions/42523881/how-to-clone-a-javascript-array-of-objects","component":"projection","action":"mouseenter"},{"timestamp":"2022-10-25T23:07:55.164Z","url":"https://stackoverflow.com/questions/42523881/how-to-clone-a-javascript-array-of-objects","component":"projection","action":"mouseleave"},{"timestamp":"2022-10-25T23:07:55.165Z","url":"https://stackoverflow.com/questions/57222470/how-to-clone-an-array-and-push-new-value-in-a-chain","component":"projection","action":"mouseenter"},{"timestamp":"2022-10-25T23:07:55.531Z","url":"https://stackoverflow.com/questions/57222470/how-to-clone-an-array-and-push-new-value-in-a-chain","component":"projection","action":"mouseleave"},{"timestamp":"2022-10-25T23:07:55.532Z","url":"https://stackoverflow.com/questions/42523881/how-to-clone-a-javascript-array-of-objects","component":"projection","action":"mouseenter"},{"timestamp":"2022-10-25T23:07:55.664Z","url":"https://stackoverflow.com/questions/42523881/how-to-clone-a-javascript-array-of-objects","component":"projection","action":"mouseleave"},{"timestamp":"2022-10-25T23:07:55.665Z","url":"https://stackoverflow.com/questions/3978492/fastest-way-to-duplicate-an-array-in-javascript-slice-vs-for-loop","component":"projection","action":"mouseenter"},{"timestamp":"2022-10-25T23:07:56.384Z","url":"https://stackoverflow.com/questions/3978492/fastest-way-to-duplicate-an-array-in-javascript-slice-vs-for-loop","component":"page","action":"open"},{"timestamp":"2022-10-25T23:07:56.397Z","url":"https://stackoverflow.com/questions/3978492/fastest-way-to-duplicate-an-array-in-javascript-slice-vs-for-loop","component":"projection","action":"mouseleave"},{"timestamp":"2022-10-25T23:07:56.948Z","url":"https://stackoverflow.com/questions/3978492/fastest-way-to-duplicate-an-array-in-javascript-slice-vs-for-loop","component":"page","action":"load"},{"timestamp":"2022-10-25T23:08:04.342Z","url":"https://stackoverflow.com/questions/3978492/fastest-way-to-duplicate-an-array-in-javascript-slice-vs-for-loop","component":"page","action":"scroll","data":{"viewport":{"x":0,"y":1166.6666259765625,"height":1190,"width":487},"document":{"height":24472,"width":471},"question":{"identifier":"3978492","top":-1025.625,"bottom":-147.2291259765625,"right":454.66668701171875,"left":16,"width":438.66668701171875,"height":878.3958740234375},"answers":[{"identifier":"20547803","top":-66.95833587646484,"bottom":1651.0209121704102,"right":454.66668701171875,"left":16,"width":438.66668701171875,"height":1717.979248046875},{"identifier":"21514254","top":1651.0208740234375,"bottom":2468.7396240234375,"right":454.66668701171875,"left":16,"width":438.66668701171875,"height":817.71875},{"identifier":"31251089","top":2468.73974609375,"bottom":3266.0418701171875,"right":454.66668701171875,"left":16,"width":438.66668701171875,"height":797.3021240234375},{"identifier":"23481165","top":3266.041748046875,"bottom":4091.6459350585938,"right":454.66668701171875,"left":16,"width":438.66668701171875,"height":825.6041870117188},{"identifier":"52929821","top":4091.64599609375,"bottom":6237.86474609375,"right":454.66668701171875,"left":16,"width":438.66668701171875,"height":2146.21875},{"identifier":"39873377","top":6237.86474609375,"bottom":6848.48974609375,"right":454.66668701171875,"left":16,"width":438.66668701171875,"height":610.625},{"identifier":"3978716","top":6848.48974609375,"bottom":7331.125183105469,"right":454.66668701171875,"left":16,"width":438.66668701171875,"height":482.63543701171875},{"identifier":"37503916","top":7331.125,"bottom":8060.46875,"right":454.66668701171875,"left":16,"width":438.66668701171875,"height":729.34375},{"identifier":"66174157","top":8060.46875,"bottom":8952.041687011719,"right":454.66668701171875,"left":16,"width":438.66668701171875,"height":891.5729370117188},{"identifier":"3978577","top":8952.0419921875,"bottom":9956.927429199219,"right":454.66668701171875,"left":16,"width":438.66668701171875,"height":1004.8854370117188},{"identifier":"47843872","top":9956.927734375,"bottom":10810.771484375,"right":454.66668701171875,"left":16,"width":438.66668701171875,"height":853.84375},{"identifier":"32253674","top":10810.771484375,"bottom":11621.865234375,"right":454.66668701171875,"left":16,"width":438.66668701171875,"height":811.09375},{"identifier":"57709573","top":11621.865234375,"bottom":13273.115234375,"right":454.66668701171875,"left":16,"width":438.66668701171875,"height":1651.25},{"identifier":"3978606","top":13273.115234375,"bottom":14444.792358398438,"right":454.66668701171875,"left":16,"width":438.66668701171875,"height":1171.6771240234375},{"identifier":"23342513","top":14444.7919921875,"bottom":15126.719116210938,"right":454.66668701171875,"left":16,"width":438.66668701171875,"height":681.9271240234375},{"identifier":"34924599","top":15126.71875,"bottom":15618.760437011719,"right":454.66668701171875,"left":16,"width":438.66668701171875,"height":492.04168701171875},{"identifier":"33774224","top":15618.7607421875,"bottom":16842.906616210938,"right":454.66668701171875,"left":16,"width":438.66668701171875,"height":1224.1458740234375},{"identifier":"61818827","top":16842.90625,"bottom":17327.46875,"right":454.66668701171875,"left":16,"width":438.66668701171875,"height":484.5625},{"identifier":"68053929","top":17327.46875,"bottom":18197.302124023438,"right":454.66668701171875,"left":16,"width":438.66668701171875,"height":869.8333740234375},{"identifier":"45703365","top":18197.302734375,"bottom":18505.052734375,"right":454.66668701171875,"left":16,"width":438.66668701171875,"height":307.75},{"identifier":"56498992","top":18505.052734375,"bottom":19450.00067138672,"right":454.66668701171875,"left":16,"width":438.66668701171875,"height":944.9479370117188},{"identifier":"59485360","top":19450,"bottom":19879.0625,"right":454.66668701171875,"left":16,"width":438.66668701171875,"height":429.0625},{"identifier":"60686878","top":19879.0625,"bottom":20222.95834350586,"right":454.66668701171875,"left":16,"width":438.66668701171875,"height":343.8958435058594},{"identifier":"63587384","top":20222.958984375,"bottom":20802.708984375,"right":454.66668701171875,"left":16,"width":438.66668701171875,"height":579.75},{"identifier":"72240810","top":20802.708984375,"bottom":21221.43817138672,"right":454.66668701171875,"left":16,"width":438.66668701171875,"height":418.72918701171875}]}},{"timestamp":"2022-10-25T23:08:05.305Z","url":"https://stackoverflow.com/questions/3978492/fastest-way-to-duplicate-an-array-in-javascript-slice-vs-for-loop","component":"page","action":"scroll","data":{"viewport":{"x":0,"y":1000,"height":1190,"width":487},"document":{"height":24472,"width":471},"question":{"identifier":"3978492","top":-858.9583740234375,"bottom":19.4375,"right":454.66668701171875,"left":16,"width":438.66668701171875,"height":878.3958740234375},"answers":[{"identifier":"20547803","top":99.70833587646484,"bottom":1817.6875839233398,"right":454.66668701171875,"left":16,"width":438.66668701171875,"height":1717.979248046875},{"identifier":"21514254","top":1817.6875,"bottom":2635.40625,"right":454.66668701171875,"left":16,"width":438.66668701171875,"height":817.71875},{"identifier":"31251089","top":2635.40625,"bottom":3432.7083740234375,"right":454.66668701171875,"left":16,"width":438.66668701171875,"height":797.3021240234375},{"identifier":"23481165","top":3432.70849609375,"bottom":4258.312683105469,"right":454.66668701171875,"left":16,"width":438.66668701171875,"height":825.6041870117188},{"identifier":"52929821","top":4258.3125,"bottom":6404.53125,"right":454.66668701171875,"left":16,"width":438.66668701171875,"height":2146.21875},{"identifier":"39873377","top":6404.53125,"bottom":7015.15625,"right":454.66668701171875,"left":16,"width":438.66668701171875,"height":610.625},{"identifier":"3978716","top":7015.15625,"bottom":7497.791687011719,"right":454.66668701171875,"left":16,"width":438.66668701171875,"height":482.63543701171875},{"identifier":"37503916","top":7497.7919921875,"bottom":8227.1357421875,"right":454.66668701171875,"left":16,"width":438.66668701171875,"height":729.34375},{"identifier":"66174157","top":8227.1357421875,"bottom":9118.708679199219,"right":454.66668701171875,"left":16,"width":438.66668701171875,"height":891.5729370117188},{"identifier":"3978577","top":9118.708984375,"bottom":10123.594421386719,"right":454.66668701171875,"left":16,"width":438.66668701171875,"height":1004.8854370117188},{"identifier":"47843872","top":10123.59375,"bottom":10977.4375,"right":454.66668701171875,"left":16,"width":438.66668701171875,"height":853.84375},{"identifier":"32253674","top":10977.4375,"bottom":11788.53125,"right":454.66668701171875,"left":16,"width":438.66668701171875,"height":811.09375},{"identifier":"57709573","top":11788.53125,"bottom":13439.78125,"right":454.66668701171875,"left":16,"width":438.66668701171875,"height":1651.25},{"identifier":"3978606","top":13439.78125,"bottom":14611.458374023438,"right":454.66668701171875,"left":16,"width":438.66668701171875,"height":1171.6771240234375},{"identifier":"23342513","top":14611.458984375,"bottom":15293.386108398438,"right":454.66668701171875,"left":16,"width":438.66668701171875,"height":681.9271240234375},{"identifier":"34924599","top":15293.3857421875,"bottom":15785.427429199219,"right":454.66668701171875,"left":16,"width":438.66668701171875,"height":492.04168701171875},{"identifier":"33774224","top":15785.427734375,"bottom":17009.573608398438,"right":454.66668701171875,"left":16,"width":438.66668701171875,"height":1224.1458740234375},{"identifier":"61818827","top":17009.57421875,"bottom":17494.13671875,"right":454.66668701171875,"left":16,"width":438.66668701171875,"height":484.5625},{"identifier":"68053929","top":17494.13671875,"bottom":18363.970092773438,"right":454.66668701171875,"left":16,"width":438.66668701171875,"height":869.8333740234375},{"identifier":"45703365","top":18363.96875,"bottom":18671.71875,"right":454.66668701171875,"left":16,"width":438.66668701171875,"height":307.75},{"identifier":"56498992","top":18671.71875,"bottom":19616.66668701172,"right":454.66668701171875,"left":16,"width":438.66668701171875,"height":944.9479370117188},{"identifier":"59485360","top":19616.66796875,"bottom":20045.73046875,"right":454.66668701171875,"left":16,"width":438.66668701171875,"height":429.0625},{"identifier":"60686878","top":20045.73046875,"bottom":20389.62631225586,"right":454.66668701171875,"left":16,"width":438.66668701171875,"height":343.8958435058594},{"identifier":"63587384","top":20389.625,"bottom":20969.375,"right":454.66668701171875,"left":16,"width":438.66668701171875,"height":579.75},{"identifier":"72240810","top":20969.375,"bottom":21388.10418701172,"right":454.66668701171875,"left":16,"width":438.66668701171875,"height":418.72918701171875}]}},{"timestamp":"2022-10-25T23:08:08.638Z","url":"https://stackoverflow.com/questions/3978492/fastest-way-to-duplicate-an-array-in-javascript-slice-vs-for-loop","component":"page","action":"scroll","data":{"viewport":{"x":0,"y":1500,"height":1190,"width":487},"document":{"height":24472,"width":471},"question":{"identifier":"3978492","top":-1358.9583740234375,"bottom":-480.5625,"right":454.66668701171875,"left":16,"width":438.66668701171875,"height":878.3958740234375},"answers":[{"identifier":"20547803","top":-400.29168701171875,"bottom":1317.6875610351562,"right":454.66668701171875,"left":16,"width":438.66668701171875,"height":1717.979248046875},{"identifier":"21514254","top":1317.6875,"bottom":2135.40625,"right":454.66668701171875,"left":16,"width":438.66668701171875,"height":817.71875},{"identifier":"31251089","top":2135.40625,"bottom":2932.7083740234375,"right":454.66668701171875,"left":16,"width":438.66668701171875,"height":797.3021240234375},{"identifier":"23481165","top":2932.70849609375,"bottom":3758.3126831054688,"right":454.66668701171875,"left":16,"width":438.66668701171875,"height":825.6041870117188},{"identifier":"52929821","top":3758.3125,"bottom":5904.53125,"right":454.66668701171875,"left":16,"width":438.66668701171875,"height":2146.21875},{"identifier":"39873377","top":5904.53125,"bottom":6515.15625,"right":454.66668701171875,"left":16,"width":438.66668701171875,"height":610.625},{"identifier":"3978716","top":6515.15625,"bottom":6997.791687011719,"right":454.66668701171875,"left":16,"width":438.66668701171875,"height":482.63543701171875},{"identifier":"37503916","top":6997.7919921875,"bottom":7727.1357421875,"right":454.66668701171875,"left":16,"width":438.66668701171875,"height":729.34375},{"identifier":"66174157","top":7727.1357421875,"bottom":8618.708679199219,"right":454.66668701171875,"left":16,"width":438.66668701171875,"height":891.5729370117188},{"identifier":"3978577","top":8618.708984375,"bottom":9623.594421386719,"right":454.66668701171875,"left":16,"width":438.66668701171875,"height":1004.8854370117188},{"identifier":"47843872","top":9623.59375,"bottom":10477.4375,"right":454.66668701171875,"left":16,"width":438.66668701171875,"height":853.84375},{"identifier":"32253674","top":10477.4375,"bottom":11288.53125,"right":454.66668701171875,"left":16,"width":438.66668701171875,"height":811.09375},{"identifier":"57709573","top":11288.53125,"bottom":12939.78125,"right":454.66668701171875,"left":16,"width":438.66668701171875,"height":1651.25},{"identifier":"3978606","top":12939.78125,"bottom":14111.458374023438,"right":454.66668701171875,"left":16,"width":438.66668701171875,"height":1171.6771240234375},{"identifier":"23342513","top":14111.458984375,"bottom":14793.386108398438,"right":454.66668701171875,"left":16,"width":438.66668701171875,"height":681.9271240234375},{"identifier":"34924599","top":14793.3857421875,"bottom":15285.427429199219,"right":454.66668701171875,"left":16,"width":438.66668701171875,"height":492.04168701171875},{"identifier":"33774224","top":15285.427734375,"bottom":16509.573608398438,"right":454.66668701171875,"left":16,"width":438.66668701171875,"height":1224.1458740234375},{"identifier":"61818827","top":16509.57421875,"bottom":16994.13671875,"right":454.66668701171875,"left":16,"width":438.66668701171875,"height":484.5625},{"identifier":"68053929","top":16994.13671875,"bottom":17863.970092773438,"right":454.66668701171875,"left":16,"width":438.66668701171875,"height":869.8333740234375},{"identifier":"45703365","top":17863.96875,"bottom":18171.71875,"right":454.66668701171875,"left":16,"width":438.66668701171875,"height":307.75},{"identifier":"56498992","top":18171.71875,"bottom":19116.66668701172,"right":454.66668701171875,"left":16,"width":438.66668701171875,"height":944.9479370117188},{"identifier":"59485360","top":19116.66796875,"bottom":19545.73046875,"right":454.66668701171875,"left":16,"width":438.66668701171875,"height":429.0625},{"identifier":"60686878","top":19545.73046875,"bottom":19889.62631225586,"right":454.66668701171875,"left":16,"width":438.66668701171875,"height":343.8958435058594},{"identifier":"63587384","top":19889.625,"bottom":20469.375,"right":454.66668701171875,"left":16,"width":438.66668701171875,"height":579.75},{"identifier":"72240810","top":20469.375,"bottom":20888.10418701172,"right":454.66668701171875,"left":16,"width":438.66668701171875,"height":418.72918701171875}]}},{"timestamp":"2022-10-25T23:08:28.172Z","url":"https://stackoverflow.com/questions/3978492/fastest-way-to-duplicate-an-array-in-javascript-slice-vs-for-loop","component":"page","action":"scroll","data":{"viewport":{"x":0,"y":2666.666748046875,"height":1190,"width":487},"document":{"height":24472,"width":471},"question":{"identifier":"3978492","top":-2525.625,"bottom":-1647.2291259765625,"right":454.66668701171875,"left":16,"width":438.66668701171875,"height":878.3958740234375},"answers":[{"identifier":"20547803","top":-1566.9583740234375,"bottom":151.0208740234375,"right":454.66668701171875,"left":16,"width":438.66668701171875,"height":1717.979248046875},{"identifier":"21514254","top":151.02084350585938,"bottom":968.7395935058594,"right":454.66668701171875,"left":16,"width":438.66668701171875,"height":817.71875},{"identifier":"31251089","top":968.7396240234375,"bottom":1766.041748046875,"right":454.66668701171875,"left":16,"width":438.66668701171875,"height":797.3021240234375},{"identifier":"23481165","top":1766.041748046875,"bottom":2591.6459350585938,"right":454.66668701171875,"left":16,"width":438.66668701171875,"height":825.6041870117188},{"identifier":"52929821","top":2591.64599609375,"bottom":4737.86474609375,"right":454.66668701171875,"left":16,"width":438.66668701171875,"height":2146.21875},{"identifier":"39873377","top":4737.86474609375,"bottom":5348.48974609375,"right":454.66668701171875,"left":16,"width":438.66668701171875,"height":610.625},{"identifier":"3978716","top":5348.48974609375,"bottom":5831.125183105469,"right":454.66668701171875,"left":16,"width":438.66668701171875,"height":482.63543701171875},{"identifier":"37503916","top":5831.125,"bottom":6560.46875,"right":454.66668701171875,"left":16,"width":438.66668701171875,"height":729.34375},{"identifier":"66174157","top":6560.46875,"bottom":7452.041687011719,"right":454.66668701171875,"left":16,"width":438.66668701171875,"height":891.5729370117188},{"identifier":"3978577","top":7452.0419921875,"bottom":8456.927429199219,"right":454.66668701171875,"left":16,"width":438.66668701171875,"height":1004.8854370117188},{"identifier":"47843872","top":8456.927734375,"bottom":9310.771484375,"right":454.66668701171875,"left":16,"width":438.66668701171875,"height":853.84375},{"identifier":"32253674","top":9310.771484375,"bottom":10121.865234375,"right":454.66668701171875,"left":16,"width":438.66668701171875,"height":811.09375},{"identifier":"57709573","top":10121.865234375,"bottom":11773.115234375,"right":454.66668701171875,"left":16,"width":438.66668701171875,"height":1651.25},{"identifier":"3978606","top":11773.115234375,"bottom":12944.792358398438,"right":454.66668701171875,"left":16,"width":438.66668701171875,"height":1171.6771240234375},{"identifier":"23342513","top":12944.7919921875,"bottom":13626.719116210938,"right":454.66668701171875,"left":16,"width":438.66668701171875,"height":681.9271240234375},{"identifier":"34924599","top":13626.71875,"bottom":14118.760437011719,"right":454.66668701171875,"left":16,"width":438.66668701171875,"height":492.04168701171875},{"identifier":"33774224","top":14118.7607421875,"bottom":15342.906616210938,"right":454.66668701171875,"left":16,"width":438.66668701171875,"height":1224.1458740234375},{"identifier":"61818827","top":15342.90625,"bottom":15827.46875,"right":454.66668701171875,"left":16,"width":438.66668701171875,"height":484.5625},{"identifier":"68053929","top":15827.46875,"bottom":16697.302124023438,"right":454.66668701171875,"left":16,"width":438.66668701171875,"height":869.8333740234375},{"identifier":"45703365","top":16697.302734375,"bottom":17005.052734375,"right":454.66668701171875,"left":16,"width":438.66668701171875,"height":307.75},{"identifier":"56498992","top":17005.052734375,"bottom":17950.00067138672,"right":454.66668701171875,"left":16,"width":438.66668701171875,"height":944.9479370117188},{"identifier":"59485360","top":17950,"bottom":18379.0625,"right":454.66668701171875,"left":16,"width":438.66668701171875,"height":429.0625},{"identifier":"60686878","top":18379.0625,"bottom":18722.95834350586,"right":454.66668701171875,"left":16,"width":438.66668701171875,"height":343.8958435058594},{"identifier":"63587384","top":18722.958984375,"bottom":19302.708984375,"right":454.66668701171875,"left":16,"width":438.66668701171875,"height":579.75},{"identifier":"72240810","top":19302.708984375,"bottom":19721.43817138672,"right":454.66668701171875,"left":16,"width":438.66668701171875,"height":418.72918701171875}]}},{"timestamp":"2022-10-25T23:16:18.800Z","url":"https://stackoverflow.com/questions/3978492/fastest-way-to-duplicate-an-array-in-javascript-slice-vs-for-loop","component":"page","action":"scroll","data":{"viewport":{"x":0,"y":2166.666748046875,"height":1190,"width":487},"document":{"height":24472,"width":471},"question":{"identifier":"3978492","top":-2025.625,"bottom":-1147.2291259765625,"right":454.66668701171875,"left":16,"width":438.66668701171875,"height":878.3958740234375},"answers":[{"identifier":"20547803","top":-1066.9583740234375,"bottom":651.0208740234375,"right":454.66668701171875,"left":16,"width":438.66668701171875,"height":1717.979248046875},{"identifier":"21514254","top":651.0208740234375,"bottom":1468.7396240234375,"right":454.66668701171875,"left":16,"width":438.66668701171875,"height":817.71875},{"identifier":"31251089","top":1468.7396240234375,"bottom":2266.041748046875,"right":454.66668701171875,"left":16,"width":438.66668701171875,"height":797.3021240234375},{"identifier":"23481165","top":2266.041748046875,"bottom":3091.6459350585938,"right":454.66668701171875,"left":16,"width":438.66668701171875,"height":825.6041870117188},{"identifier":"52929821","top":3091.64599609375,"bottom":5237.86474609375,"right":454.66668701171875,"left":16,"width":438.66668701171875,"height":2146.21875},{"identifier":"39873377","top":5237.86474609375,"bottom":5848.48974609375,"right":454.66668701171875,"left":16,"width":438.66668701171875,"height":610.625},{"identifier":"3978716","top":5848.48974609375,"bottom":6331.125183105469,"right":454.66668701171875,"left":16,"width":438.66668701171875,"height":482.63543701171875},{"identifier":"37503916","top":6331.125,"bottom":7060.46875,"right":454.66668701171875,"left":16,"width":438.66668701171875,"height":729.34375},{"identifier":"66174157","top":7060.46875,"bottom":7952.041687011719,"right":454.66668701171875,"left":16,"width":438.66668701171875,"height":891.5729370117188},{"identifier":"3978577","top":7952.0419921875,"bottom":8956.927429199219,"right":454.66668701171875,"left":16,"width":438.66668701171875,"height":1004.8854370117188},{"identifier":"47843872","top":8956.927734375,"bottom":9810.771484375,"right":454.66668701171875,"left":16,"width":438.66668701171875,"height":853.84375},{"identifier":"32253674","top":9810.771484375,"bottom":10621.865234375,"right":454.66668701171875,"left":16,"width":438.66668701171875,"height":811.09375},{"identifier":"57709573","top":10621.865234375,"bottom":12273.115234375,"right":454.66668701171875,"left":16,"width":438.66668701171875,"height":1651.25},{"identifier":"3978606","top":12273.115234375,"bottom":13444.792358398438,"right":454.66668701171875,"left":16,"width":438.66668701171875,"height":1171.6771240234375},{"identifier":"23342513","top":13444.7919921875,"bottom":14126.719116210938,"right":454.66668701171875,"left":16,"width":438.66668701171875,"height":681.9271240234375},{"identifier":"34924599","top":14126.71875,"bottom":14618.760437011719,"right":454.66668701171875,"left":16,"width":438.66668701171875,"height":492.04168701171875},{"identifier":"33774224","top":14618.7607421875,"bottom":15842.906616210938,"right":454.66668701171875,"left":16,"width":438.66668701171875,"height":1224.1458740234375},{"identifier":"61818827","top":15842.90625,"bottom":16327.46875,"right":454.66668701171875,"left":16,"width":438.66668701171875,"height":484.5625},{"identifier":"68053929","top":16327.46875,"bottom":17197.302124023438,"right":454.66668701171875,"left":16,"width":438.66668701171875,"height":869.8333740234375},{"identifier":"45703365","top":17197.302734375,"bottom":17505.052734375,"right":454.66668701171875,"left":16,"width":438.66668701171875,"height":307.75},{"identifier":"56498992","top":17505.052734375,"bottom":18450.00067138672,"right":454.66668701171875,"left":16,"width":438.66668701171875,"height":944.9479370117188},{"identifier":"59485360","top":18450,"bottom":18879.0625,"right":454.66668701171875,"left":16,"width":438.66668701171875,"height":429.0625},{"identifier":"60686878","top":18879.0625,"bottom":19222.95834350586,"right":454.66668701171875,"left":16,"width":438.66668701171875,"height":343.8958435058594},{"identifier":"63587384","top":19222.958984375,"bottom":19802.708984375,"right":454.66668701171875,"left":16,"width":438.66668701171875,"height":579.75},{"identifier":"72240810","top":19802.708984375,"bottom":20221.43817138672,"right":454.66668701171875,"left":16,"width":438.66668701171875,"height":418.72918701171875}]}},{"timestamp":"2022-10-25T23:16:20.245Z","url":"https://stackoverflow.com/questions/3978492/fastest-way-to-duplicate-an-array-in-javascript-slice-vs-for-loop","component":"page","action":"scroll","data":{"viewport":{"x":0,"y":166.6666717529297,"height":1190,"width":487},"document":{"height":24472,"width":471},"question":{"identifier":"3978492","top":-25.625,"bottom":852.7708740234375,"right":454.66668701171875,"left":16,"width":438.66668701171875,"height":878.3958740234375},"answers":[{"identifier":"20547803","top":933.0416870117188,"bottom":2651.0209350585938,"right":454.66668701171875,"left":16,"width":438.66668701171875,"height":1717.979248046875},{"identifier":"21514254","top":2651.02099609375,"bottom":3468.73974609375,"right":454.66668701171875,"left":16,"width":438.66668701171875,"height":817.71875},{"identifier":"31251089","top":3468.73974609375,"bottom":4266.0418701171875,"right":454.66668701171875,"left":16,"width":438.66668701171875,"height":797.3021240234375},{"identifier":"23481165","top":4266.0419921875,"bottom":5091.646179199219,"right":454.66668701171875,"left":16,"width":438.66668701171875,"height":825.6041870117188},{"identifier":"52929821","top":5091.64599609375,"bottom":7237.86474609375,"right":454.66668701171875,"left":16,"width":438.66668701171875,"height":2146.21875},{"identifier":"39873377","top":7237.86474609375,"bottom":7848.48974609375,"right":454.66668701171875,"left":16,"width":438.66668701171875,"height":610.625},{"identifier":"3978716","top":7848.48974609375,"bottom":8331.125183105469,"right":454.66668701171875,"left":16,"width":438.66668701171875,"height":482.63543701171875},{"identifier":"37503916","top":8331.125,"bottom":9060.46875,"right":454.66668701171875,"left":16,"width":438.66668701171875,"height":729.34375},{"identifier":"66174157","top":9060.46875,"bottom":9952.041687011719,"right":454.66668701171875,"left":16,"width":438.66668701171875,"height":891.5729370117188},{"identifier":"3978577","top":9952.0419921875,"bottom":10956.927429199219,"right":454.66668701171875,"left":16,"width":438.66668701171875,"height":1004.8854370117188},{"identifier":"47843872","top":10956.927734375,"bottom":11810.771484375,"right":454.66668701171875,"left":16,"width":438.66668701171875,"height":853.84375},{"identifier":"32253674","top":11810.771484375,"bottom":12621.865234375,"right":454.66668701171875,"left":16,"width":438.66668701171875,"height":811.09375},{"identifier":"57709573","top":12621.865234375,"bottom":14273.115234375,"right":454.66668701171875,"left":16,"width":438.66668701171875,"height":1651.25},{"identifier":"3978606","top":14273.115234375,"bottom":15444.792358398438,"right":454.66668701171875,"left":16,"width":438.66668701171875,"height":1171.6771240234375},{"identifier":"23342513","top":15444.7919921875,"bottom":16126.719116210938,"right":454.66668701171875,"left":16,"width":438.66668701171875,"height":681.9271240234375},{"identifier":"34924599","top":16126.71875,"bottom":16618.76043701172,"right":454.66668701171875,"left":16,"width":438.66668701171875,"height":492.04168701171875},{"identifier":"33774224","top":16618.76171875,"bottom":17842.907592773438,"right":454.66668701171875,"left":16,"width":438.66668701171875,"height":1224.1458740234375},{"identifier":"61818827","top":17842.90625,"bottom":18327.46875,"right":454.66668701171875,"left":16,"width":438.66668701171875,"height":484.5625},{"identifier":"68053929","top":18327.46875,"bottom":19197.302124023438,"right":454.66668701171875,"left":16,"width":438.66668701171875,"height":869.8333740234375},{"identifier":"45703365","top":19197.302734375,"bottom":19505.052734375,"right":454.66668701171875,"left":16,"width":438.66668701171875,"height":307.75},{"identifier":"56498992","top":19505.052734375,"bottom":20450.00067138672,"right":454.66668701171875,"left":16,"width":438.66668701171875,"height":944.9479370117188},{"identifier":"59485360","top":20450,"bottom":20879.0625,"right":454.66668701171875,"left":16,"width":438.66668701171875,"height":429.0625},{"identifier":"60686878","top":20879.0625,"bottom":21222.95834350586,"right":454.66668701171875,"left":16,"width":438.66668701171875,"height":343.8958435058594},{"identifier":"63587384","top":21222.958984375,"bottom":21802.708984375,"right":454.66668701171875,"left":16,"width":438.66668701171875,"height":579.75},{"identifier":"72240810","top":21802.708984375,"bottom":22221.43817138672,"right":454.66668701171875,"left":16,"width":438.66668701171875,"height":418.72918701171875}]}},{"timestamp":"2022-10-25T23:16:21.146Z","url":"https://stackoverflow.com/questions/3978492/fastest-way-to-duplicate-an-array-in-javascript-slice-vs-for-loop","component":"page","action":"scroll","data":{"viewport":{"x":0,"y":0,"height":1190,"width":487},"document":{"height":24472,"width":471},"question":{"identifier":"3978492","top":141.0416717529297,"bottom":1019.4375457763672,"right":454.66668701171875,"left":16,"width":438.66668701171875,"height":878.3958740234375},"answers":[{"identifier":"20547803","top":1099.7083740234375,"bottom":2817.6876220703125,"right":454.66668701171875,"left":16,"width":438.66668701171875,"height":1717.979248046875},{"identifier":"21514254","top":2817.6875,"bottom":3635.40625,"right":454.66668701171875,"left":16,"width":438.66668701171875,"height":817.71875},{"identifier":"31251089","top":3635.40625,"bottom":4432.7083740234375,"right":454.66668701171875,"left":16,"width":438.66668701171875,"height":797.3021240234375},{"identifier":"23481165","top":4432.70849609375,"bottom":5258.312683105469,"right":454.66668701171875,"left":16,"width":438.66668701171875,"height":825.6041870117188},{"identifier":"52929821","top":5258.3125,"bottom":7404.53125,"right":454.66668701171875,"left":16,"width":438.66668701171875,"height":2146.21875},{"identifier":"39873377","top":7404.53125,"bottom":8015.15625,"right":454.66668701171875,"left":16,"width":438.66668701171875,"height":610.625},{"identifier":"3978716","top":8015.15625,"bottom":8497.791687011719,"right":454.66668701171875,"left":16,"width":438.66668701171875,"height":482.63543701171875},{"identifier":"37503916","top":8497.7919921875,"bottom":9227.1357421875,"right":454.66668701171875,"left":16,"width":438.66668701171875,"height":729.34375},{"identifier":"66174157","top":9227.1357421875,"bottom":10118.708679199219,"right":454.66668701171875,"left":16,"width":438.66668701171875,"height":891.5729370117188},{"identifier":"3978577","top":10118.708984375,"bottom":11123.594421386719,"right":454.66668701171875,"left":16,"width":438.66668701171875,"height":1004.8854370117188},{"identifier":"47843872","top":11123.59375,"bottom":11977.4375,"right":454.66668701171875,"left":16,"width":438.66668701171875,"height":853.84375},{"identifier":"32253674","top":11977.4375,"bottom":12788.53125,"right":454.66668701171875,"left":16,"width":438.66668701171875,"height":811.09375},{"identifier":"57709573","top":12788.53125,"bottom":14439.78125,"right":454.66668701171875,"left":16,"width":438.66668701171875,"height":1651.25},{"identifier":"3978606","top":14439.78125,"bottom":15611.458374023438,"right":454.66668701171875,"left":16,"width":438.66668701171875,"height":1171.6771240234375},{"identifier":"23342513","top":15611.458984375,"bottom":16293.386108398438,"right":454.66668701171875,"left":16,"width":438.66668701171875,"height":681.9271240234375},{"identifier":"34924599","top":16293.3857421875,"bottom":16785.42742919922,"right":454.66668701171875,"left":16,"width":438.66668701171875,"height":492.04168701171875},{"identifier":"33774224","top":16785.427734375,"bottom":18009.573608398438,"right":454.66668701171875,"left":16,"width":438.66668701171875,"height":1224.1458740234375},{"identifier":"61818827","top":18009.57421875,"bottom":18494.13671875,"right":454.66668701171875,"left":16,"width":438.66668701171875,"height":484.5625},{"identifier":"68053929","top":18494.13671875,"bottom":19363.970092773438,"right":454.66668701171875,"left":16,"width":438.66668701171875,"height":869.8333740234375},{"identifier":"45703365","top":19363.96875,"bottom":19671.71875,"right":454.66668701171875,"left":16,"width":438.66668701171875,"height":307.75},{"identifier":"56498992","top":19671.71875,"bottom":20616.66668701172,"right":454.66668701171875,"left":16,"width":438.66668701171875,"height":944.9479370117188},{"identifier":"59485360","top":20616.66796875,"bottom":21045.73046875,"right":454.66668701171875,"left":16,"width":438.66668701171875,"height":429.0625},{"identifier":"60686878","top":21045.73046875,"bottom":21389.62631225586,"right":454.66668701171875,"left":16,"width":438.66668701171875,"height":343.8958435058594},{"identifier":"63587384","top":21389.625,"bottom":21969.375,"right":454.66668701171875,"left":16,"width":438.66668701171875,"height":579.75},{"identifier":"72240810","top":21969.375,"bottom":22388.10418701172,"right":454.66668701171875,"left":16,"width":438.66668701171875,"height":418.72918701171875}]}}]}]}