{"trialId":"32156_1","taskId":"recent","appEvents":[{"timestamp":"2022-10-25T23:18:47.810Z","name":"resize","data":{"height":1250,"width":491}},{"timestamp":"2022-10-25T23:19:59.416Z","name":"search","data":"search-start"},{"timestamp":"2022-10-25T23:20:02.175Z","name":"search","data":"search-done"},{"timestamp":"2022-10-25T23:20:36.031Z","name":"search","data":"search-start"},{"timestamp":"2022-10-25T23:20:39.000Z","name":"search","data":"search-done"},{"timestamp":"2022-10-25T23:21:06.294Z","name":"search","data":"search-start"},{"timestamp":"2022-10-25T23:21:09.383Z","name":"search","data":"search-done"},{"timestamp":"2022-10-25T23:21:21.267Z","name":"search","data":"search-start"},{"timestamp":"2022-10-25T23:21:25.098Z","name":"search","data":"search-done"},{"timestamp":"2022-10-25T23:23:07.329Z","name":"search","data":"search-start"},{"timestamp":"2022-10-25T23:23:11.380Z","name":"search","data":"search-done"},{"timestamp":"2022-10-25T23:25:32.670Z","name":"resize","data":{"height":0,"width":0}}],"searches":[{"keywords":["javascript","date","subtraction"],"context":{"tokens":[{"kind":"language","value":"javascript"}]},"timestamp":"2022-10-25T23:19:59.415Z","results":[{"signatures":[],"areSignaturesLoading":true,"title":"How to subtract date/time in JavaScript? - Stack Overflow","snippet":"5 Answers 5 ... var diff = Math.abs(new Date() - compareDate);. You need to make sure that compareDate is a valid Date object. ... var diff = Math.","url":"https://stackoverflow.com/questions/4944750/how-to-subtract-date-time-in-javascript","displayLink":"https://stackoverflow.com › questions › how-to-subtract...","snippetHighlightWords":["Date","Date"],"date":"Feb 9, 2011"},{"signatures":[],"areSignaturesLoading":true,"title":"How to subtract days from a plain Date? - Stack Overflow","snippet":"You can use d.setDate(d.getDate() + days) with both positive and negative values for days to add and subtract days respectively. And it should work on ...","url":"https://stackoverflow.com/questions/1296358/how-to-subtract-days-from-a-plain-date","displayLink":"https://stackoverflow.com › questions › how-to-subtract...","snippetHighlightWords":["subtract"]},{"signatures":[],"areSignaturesLoading":true,"title":"Get difference between 2 dates in JavaScript? - Stack Overflow","snippet":"This is the code to subtract one date from another. This example converts the dates to objects as the getTime() ...","url":"https://stackoverflow.com/questions/3224834/get-difference-between-2-dates-in-javascript","displayLink":"https://stackoverflow.com › questions › get-difference-...","snippetHighlightWords":["subtract","date","dates"]},{"signatures":[],"areSignaturesLoading":true,"title":"How to calculate date difference in JavaScript? - Stack Overflow","snippet":"Assuming you have two Date objects, you can just subtract them to get the difference in milliseconds: var difference = date2 - date1;.","url":"https://stackoverflow.com/questions/7763327/how-to-calculate-date-difference-in-javascript","displayLink":"https://stackoverflow.com › questions › how-to-calculat...","snippetHighlightWords":["Date","subtract"]},{"signatures":[],"areSignaturesLoading":true,"title":"Subtract days, months, years from a date in JavaScript","snippet":"In JavaScript, the Date.getDate() function returns the current day of the month from 1-31. You are subtracting 6 from this number, ...","url":"https://stackoverflow.com/questions/37002681/subtract-days-months-years-from-a-date-in-javascript","displayLink":"https://stackoverflow.com › questions › subtract-days-m...","snippetHighlightWords":["JavaScript","Date","subtracting"],"date":"May 3, 2016"},{"signatures":[],"areSignaturesLoading":true,"title":"How to add/subtract dates with JavaScript? - Stack Overflow","snippet":"You need to use getTime() and setTime() to add or substract the time in a javascript Date object. Using setDate() and getDate() will lead to errors when ...","url":"https://stackoverflow.com/questions/10931288/how-to-add-subtract-dates-with-javascript","displayLink":"https://stackoverflow.com › questions › how-to-add-sub...","snippetHighlightWords":["javascript Date"]},{"signatures":[],"areSignaturesLoading":true,"title":"JS Date subtraction returning NaN - javascript - Stack Overflow","snippet":"The minus operator coerces the values to Number, so the Date is converted to it's time value (which might be NaN but not if created by new Date ...","url":"https://stackoverflow.com/questions/62748455/js-date-subtraction-returning-nan","displayLink":"https://stackoverflow.com › questions › js-date-subtracti...","snippetHighlightWords":["minus","Date","Date"],"date":"Jul 6, 2020"},{"signatures":[],"areSignaturesLoading":true,"title":"How To Subtract Two Dates In Javascript and Add Days To A ...","snippet":"If you take a look at the Date Object and its methods and properties in JavaScript, you'll notice that JavaScript bases its time on ...","url":"https://stackoverflow.com/questions/43041065/how-to-subtract-two-dates-in-javascript-and-add-days-to-a-specific-date","displayLink":"https://stackoverflow.com › questions › how-to-subtract...","snippetHighlightWords":["Date","JavaScript","JavaScript"],"date":"Mar 27, 2017 1 answer"},{"signatures":[],"areSignaturesLoading":true,"title":"Subtract date with format DD-MMM-YYYY - Stack Overflow","snippet":"Break it down in to steps. First accept that you can't subtract strings from each other, you have to convert your string into a date object. You ...","url":"https://stackoverflow.com/questions/63002502/subtract-date-with-format-dd-mmm-yyyy","displayLink":"https://stackoverflow.com › questions › subtract-date-wi...","snippetHighlightWords":["subtract","date"],"date":"Jul 20, 2020"},{"signatures":[],"areSignaturesLoading":true,"title":"Subtracting 3 days from date - javascript - Stack Overflow","snippet":"subtract(2, 'days').format(\"DD.MM.YYYY\"); } else if (dt.getDay() == ...","url":"https://stackoverflow.com/questions/62778705/subtracting-3-days-from-date","displayLink":"https://stackoverflow.com › questions › subtracting-3-d...","snippetHighlightWords":["subtract"],"date":"Jul 7, 2020"}],"events":[{"timestamp":"2022-10-25T23:20:00.984Z","url":"https://stackoverflow.com/questions/4944750/how-to-subtract-date-time-in-javascript","component":"projection","action":"load","data":{"height":59.333335876464844,"width":459.84375,"wc":28,"lc":1}},{"timestamp":"2022-10-25T23:20:00.984Z","url":"https://stackoverflow.com/questions/1296358/how-to-subtract-days-from-a-plain-date","component":"projection","action":"load","data":{"height":59.333335876464844,"width":440.21875,"wc":26,"lc":1}},{"timestamp":"2022-10-25T23:20:00.984Z","url":"https://stackoverflow.com/questions/3224834/get-difference-between-2-dates-in-javascript","component":"projection","action":"load","data":{"height":37.333335876464844,"width":412.3645935058594,"wc":21,"lc":1}},{"timestamp":"2022-10-25T23:20:00.984Z","url":"https://stackoverflow.com/questions/7763327/how-to-calculate-date-difference-in-javascript","component":"projection","action":"load","data":{"height":37.333335876464844,"width":452.8020935058594,"wc":23,"lc":1}},{"timestamp":"2022-10-25T23:20:00.984Z","url":"https://stackoverflow.com/questions/37002681/subtract-days-months-years-from-a-date-in-javascript","component":"projection","action":"load","data":{"height":59.333335876464844,"width":440.29168701171875,"wc":22,"lc":1}},{"timestamp":"2022-10-25T23:20:00.984Z","url":"https://stackoverflow.com/questions/10931288/how-to-add-subtract-dates-with-javascript","component":"projection","action":"load","data":{"height":59.333335876464844,"width":460.97918701171875,"wc":28,"lc":1}},{"timestamp":"2022-10-25T23:20:00.984Z","url":"https://stackoverflow.com/questions/62748455/js-date-subtraction-returning-nan","component":"projection","action":"load","data":{"height":59.333335876464844,"width":463.0625,"wc":29,"lc":1}},{"timestamp":"2022-10-25T23:20:00.984Z","url":"https://stackoverflow.com/questions/43041065/how-to-subtract-two-dates-in-javascript-and-add-days-to-a-specific-date","component":"projection","action":"load","data":{"height":59.333335876464844,"width":440.3645935058594,"wc":25,"lc":1}},{"timestamp":"2022-10-25T23:20:00.984Z","url":"https://stackoverflow.com/questions/63002502/subtract-date-with-format-dd-mmm-yyyy","component":"projection","action":"load","data":{"height":59.333335876464844,"width":446.0833435058594,"wc":28,"lc":1}},{"timestamp":"2022-10-25T23:20:00.984Z","url":"https://stackoverflow.com/questions/62778705/subtracting-3-days-from-date","component":"projection","action":"load","data":{"height":37.333335876464844,"width":416.25,"wc":8,"lc":1}},{"timestamp":"2022-10-25T23:20:02.175Z","url":"https://stackoverflow.com/questions/4944750/how-to-subtract-date-time-in-javascript","component":"projection","action":"loaded","data":"projection 10 of 10"},{"timestamp":"2022-10-25T23:20:02.175Z","url":"https://stackoverflow.com/questions/1296358/how-to-subtract-days-from-a-plain-date","component":"projection","action":"loaded","data":"projection 9 of 10"},{"timestamp":"2022-10-25T23:20:02.175Z","url":"https://stackoverflow.com/questions/3224834/get-difference-between-2-dates-in-javascript","component":"projection","action":"loaded","data":"projection 8 of 10"},{"timestamp":"2022-10-25T23:20:02.175Z","url":"https://stackoverflow.com/questions/7763327/how-to-calculate-date-difference-in-javascript","component":"projection","action":"loaded","data":"projection 7 of 10"},{"timestamp":"2022-10-25T23:20:02.175Z","url":"https://stackoverflow.com/questions/37002681/subtract-days-months-years-from-a-date-in-javascript","component":"projection","action":"loaded","data":"projection 6 of 10"},{"timestamp":"2022-10-25T23:20:02.175Z","url":"https://stackoverflow.com/questions/10931288/how-to-add-subtract-dates-with-javascript","component":"projection","action":"loaded","data":"projection 5 of 10"},{"timestamp":"2022-10-25T23:20:02.175Z","url":"https://stackoverflow.com/questions/62748455/js-date-subtraction-returning-nan","component":"projection","action":"loaded","data":"projection 4 of 10"},{"timestamp":"2022-10-25T23:20:02.175Z","url":"https://stackoverflow.com/questions/43041065/how-to-subtract-two-dates-in-javascript-and-add-days-to-a-specific-date","component":"projection","action":"loaded","data":"projection 3 of 10"},{"timestamp":"2022-10-25T23:20:02.175Z","url":"https://stackoverflow.com/questions/63002502/subtract-date-with-format-dd-mmm-yyyy","component":"projection","action":"loaded","data":"projection 2 of 10"},{"timestamp":"2022-10-25T23:20:02.175Z","url":"https://stackoverflow.com/questions/62778705/subtracting-3-days-from-date","component":"projection","action":"loaded","data":"projection 1 of 10"},{"timestamp":"2022-10-25T23:20:02.232Z","url":"https://stackoverflow.com/questions/4944750/how-to-subtract-date-time-in-javascript","component":"projection","action":"mouseenter"},{"timestamp":"2022-10-25T23:20:02.830Z","url":"https://stackoverflow.com/questions/4944750/how-to-subtract-date-time-in-javascript","component":"page","action":"open"},{"timestamp":"2022-10-25T23:20:02.846Z","url":"https://stackoverflow.com/questions/4944750/how-to-subtract-date-time-in-javascript","component":"projection","action":"mouseleave"},{"timestamp":"2022-10-25T23:20:03.589Z","url":"https://stackoverflow.com/questions/4944750/how-to-subtract-date-time-in-javascript","component":"page","action":"load"},{"timestamp":"2022-10-25T23:20:06.414Z","url":"https://stackoverflow.com/questions/4944750/how-to-subtract-date-time-in-javascript","component":"page","action":"scroll","data":{"viewport":{"x":0,"y":833.3333129882812,"height":1190,"width":487},"document":{"height":6073,"width":471},"question":{"identifier":"4944750","top":-692.2916870117188,"bottom":11.42706298828125,"right":454.66668701171875,"left":16,"width":438.66668701171875,"height":703.71875},"answers":[{"identifier":"4944782","top":91.69792175292969,"bottom":1068.9271087646484,"right":454.66668701171875,"left":16,"width":438.66668701171875,"height":977.2291870117188},{"identifier":"4944807","top":1068.9271240234375,"bottom":1649.6563110351562,"right":454.66668701171875,"left":16,"width":438.66668701171875,"height":580.7291870117188},{"identifier":"23147044","top":1649.65625,"bottom":2179.7083740234375,"right":454.66668701171875,"left":16,"width":438.66668701171875,"height":530.0521240234375},{"identifier":"14779469","top":2179.70849609375,"bottom":2961.36474609375,"right":454.66668701171875,"left":16,"width":438.66668701171875,"height":781.65625},{"identifier":"4944942","top":2961.36474609375,"bottom":3286.61474609375,"right":454.66668701171875,"left":16,"width":438.66668701171875,"height":325.25}]}},{"timestamp":"2022-10-25T23:20:08.965Z","url":"https://stackoverflow.com/questions/4944750/how-to-subtract-date-time-in-javascript","component":"page","action":"selection","data":"This will give you the difference between two dates, in milliseconds\n\nvar diff = Math.abs(date1 - date2);\nIn your example, it'd be\n\nvar diff = Math.abs(new Date() - compareDate);"},{"timestamp":"2022-10-25T23:20:23.135Z","url":"https://stackoverflow.com/questions/4944750/how-to-subtract-date-time-in-javascript","component":"page","action":"scroll","data":{"viewport":{"x":0,"y":0,"height":1190,"width":487},"document":{"height":6073,"width":471},"question":{"identifier":"4944750","top":141.0416717529297,"bottom":844.7604217529297,"right":454.66668701171875,"left":16,"width":438.66668701171875,"height":703.71875},"answers":[{"identifier":"4944782","top":925.03125,"bottom":1902.2604370117188,"right":454.66668701171875,"left":16,"width":438.66668701171875,"height":977.2291870117188},{"identifier":"4944807","top":1902.260498046875,"bottom":2482.9896850585938,"right":454.66668701171875,"left":16,"width":438.66668701171875,"height":580.7291870117188},{"identifier":"23147044","top":2482.98974609375,"bottom":3013.0418701171875,"right":454.66668701171875,"left":16,"width":438.66668701171875,"height":530.0521240234375},{"identifier":"14779469","top":3013.041748046875,"bottom":3794.697998046875,"right":454.66668701171875,"left":16,"width":438.66668701171875,"height":781.65625},{"identifier":"4944942","top":3794.697998046875,"bottom":4119.947998046875,"right":454.66668701171875,"left":16,"width":438.66668701171875,"height":325.25}]}},{"timestamp":"2022-10-25T23:20:24.567Z","url":"https://stackoverflow.com/questions/4944750/how-to-subtract-date-time-in-javascript","component":"page","action":"close"}]},{"keywords":["javascript","subtract","date"],"context":{"tokens":[{"kind":"language","value":"javascript"}]},"timestamp":"2022-10-25T23:20:36.030Z","results":[{"signatures":[],"areSignaturesLoading":true,"title":"How to subtract date/time in JavaScript? - Stack Overflow","snippet":"5 Answers 5 ... var diff = Math.abs(new Date() - compareDate);. You need to make sure that compareDate is a valid Date object. ... var diff = Math.","url":"https://stackoverflow.com/questions/4944750/how-to-subtract-date-time-in-javascript","displayLink":"https://stackoverflow.com › questions › how-to-subtract...","snippetHighlightWords":["Date","Date"],"date":"Feb 9, 2011"},{"signatures":[],"areSignaturesLoading":true,"title":"How to subtract days from a plain Date? - Stack Overflow","snippet":"You can use d.setDate(d.getDate() + days) with both positive and negative values for days to add and subtract days respectively. And it should work on ...","url":"https://stackoverflow.com/questions/1296358/how-to-subtract-days-from-a-plain-date","displayLink":"https://stackoverflow.com › questions › how-to-subtract...","snippetHighlightWords":["subtract"]},{"signatures":[],"areSignaturesLoading":true,"title":"How to add/subtract dates with JavaScript? - Stack Overflow","snippet":"I want to let users easily add and subtract dates using JavaScript in order to browse their entries by date.","url":"https://stackoverflow.com/questions/10931288/how-to-add-subtract-dates-with-javascript","displayLink":"https://stackoverflow.com › questions › how-to-add-sub...","snippetHighlightWords":["subtract dates","JavaScript","date"]},{"signatures":[],"areSignaturesLoading":true,"title":"Subtract days, months, years from a date in JavaScript","snippet":"In JavaScript, the Date.getDate() function returns the current day of the month from 1-31. You are subtracting 6 from this number, ...","url":"https://stackoverflow.com/questions/37002681/subtract-days-months-years-from-a-date-in-javascript","displayLink":"https://stackoverflow.com › questions › subtract-days-m...","snippetHighlightWords":["JavaScript","Date","subtracting"],"date":"May 3, 2016"},{"signatures":[],"areSignaturesLoading":true,"title":"Get difference between 2 dates in JavaScript? - Stack Overflow","snippet":"Observe that we need to enclose the date in quotes. The rest of the code gets the time difference in milliseconds and then divides to get the number of days.","url":"https://stackoverflow.com/questions/3224834/get-difference-between-2-dates-in-javascript","displayLink":"https://stackoverflow.com › questions › get-difference-...","snippetHighlightWords":["date"]},{"signatures":[],"areSignaturesLoading":true,"title":"How To Subtract Two Dates In Javascript and Add Days To A ...","snippet":"If you take a look at the Date Object and its methods and properties in JavaScript, you'll notice that JavaScript bases its time on ...","url":"https://stackoverflow.com/questions/43041065/how-to-subtract-two-dates-in-javascript-and-add-days-to-a-specific-date","displayLink":"https://stackoverflow.com › questions › how-to-subtract...","snippetHighlightWords":["Date","JavaScript","JavaScript"],"date":"Mar 27, 2017 1 answer"},{"signatures":[],"areSignaturesLoading":true,"title":"JS Date subtraction returning NaN - javascript - Stack Overflow","snippet":"dateRan is a String; specifically, the new Date() converted to a String by toLocaleString(). An Object minus a String yields Nan.","url":"https://stackoverflow.com/questions/62748455/js-date-subtraction-returning-nan","displayLink":"https://stackoverflow.com › questions › js-date-subtracti...","snippetHighlightWords":["Date"],"date":"Jul 6, 2020 1 answer"},{"signatures":[],"areSignaturesLoading":true,"title":"Why can I directly subtract two Date objects? - Stack Overflow","snippet":"var a = new Date(); var b = new Date(); var diff = Math.abs(a.getTime() - b.getTime()); console.log(diff);.","url":"https://stackoverflow.com/questions/50656814/why-can-i-directly-subtract-two-date-objects","displayLink":"https://stackoverflow.com › questions › why-can-i-direc...","snippetHighlightWords":["Date","Date"],"date":"Jun 2, 2018"},{"signatures":[],"areSignaturesLoading":true,"title":"Subtract date with format DD-MMM-YYYY - Stack Overflow","snippet":"You can choose to use the native javascript Date object or a library like moment.js. Once you have your 2 dates then use one of the operations.","url":"https://stackoverflow.com/questions/63002502/subtract-date-with-format-dd-mmm-yyyy","displayLink":"https://stackoverflow.com › questions › subtract-date-wi...","snippetHighlightWords":["javascript Date","js","dates"],"date":"Jul 20, 2020"},{"signatures":[],"areSignaturesLoading":true,"title":"Subtracting 3 days from date - javascript - Stack Overflow","snippet":"subtract(2, 'days').format(\"DD.MM.YYYY\"); } else if (dt.getDay() == ...","url":"https://stackoverflow.com/questions/62778705/subtracting-3-days-from-date","displayLink":"https://stackoverflow.com › questions › subtracting-3-d...","snippetHighlightWords":["subtract"],"date":"Jul 7, 2020"}],"events":[{"timestamp":"2022-10-25T23:20:37.815Z","url":"https://stackoverflow.com/questions/4944750/how-to-subtract-date-time-in-javascript","component":"projection","action":"load","data":{"height":59.333335876464844,"width":459.84375,"wc":28,"lc":1}},{"timestamp":"2022-10-25T23:20:37.815Z","url":"https://stackoverflow.com/questions/1296358/how-to-subtract-days-from-a-plain-date","component":"projection","action":"load","data":{"height":59.333335876464844,"width":440.21875,"wc":26,"lc":1}},{"timestamp":"2022-10-25T23:20:37.815Z","url":"https://stackoverflow.com/questions/10931288/how-to-add-subtract-dates-with-javascript","component":"projection","action":"load","data":{"height":37.333335876464844,"width":442.4895935058594,"wc":20,"lc":1}},{"timestamp":"2022-10-25T23:20:37.816Z","url":"https://stackoverflow.com/questions/37002681/subtract-days-months-years-from-a-date-in-javascript","component":"projection","action":"load","data":{"height":59.333335876464844,"width":440.29168701171875,"wc":22,"lc":1}},{"timestamp":"2022-10-25T23:20:37.816Z","url":"https://stackoverflow.com/questions/3224834/get-difference-between-2-dates-in-javascript","component":"projection","action":"load","data":{"height":59.333335876464844,"width":460.6770935058594,"wc":30,"lc":1}},{"timestamp":"2022-10-25T23:20:37.816Z","url":"https://stackoverflow.com/questions/43041065/how-to-subtract-two-dates-in-javascript-and-add-days-to-a-specific-date","component":"projection","action":"load","data":{"height":59.333335876464844,"width":440.3645935058594,"wc":25,"lc":1}},{"timestamp":"2022-10-25T23:20:37.816Z","url":"https://stackoverflow.com/questions/62748455/js-date-subtraction-returning-nan","component":"projection","action":"load","data":{"height":59.333335876464844,"width":459.5208435058594,"wc":21,"lc":1}},{"timestamp":"2022-10-25T23:20:37.816Z","url":"https://stackoverflow.com/questions/50656814/why-can-i-directly-subtract-two-date-objects","component":"projection","action":"load","data":{"height":37.333335876464844,"width":403.40625,"wc":17,"lc":1}},{"timestamp":"2022-10-25T23:20:37.816Z","url":"https://stackoverflow.com/questions/63002502/subtract-date-with-format-dd-mmm-yyyy","component":"projection","action":"load","data":{"height":59.333335876464844,"width":455.3333435058594,"wc":27,"lc":1}},{"timestamp":"2022-10-25T23:20:37.816Z","url":"https://stackoverflow.com/questions/62778705/subtracting-3-days-from-date","component":"projection","action":"load","data":{"height":37.333335876464844,"width":416.25,"wc":8,"lc":1}},{"timestamp":"2022-10-25T23:20:37.966Z","url":"https://stackoverflow.com/questions/4944750/how-to-subtract-date-time-in-javascript","component":"projection","action":"mouseenter"},{"timestamp":"2022-10-25T23:20:37.998Z","url":"https://stackoverflow.com/questions/4944750/how-to-subtract-date-time-in-javascript","component":"projection","action":"mouseleave"},{"timestamp":"2022-10-25T23:20:38.000Z","url":"https://stackoverflow.com/questions/1296358/how-to-subtract-days-from-a-plain-date","component":"projection","action":"mouseenter"},{"timestamp":"2022-10-25T23:20:38.031Z","url":"https://stackoverflow.com/questions/1296358/how-to-subtract-days-from-a-plain-date","component":"projection","action":"mouseleave"},{"timestamp":"2022-10-25T23:20:38.033Z","url":"https://stackoverflow.com/questions/10931288/how-to-add-subtract-dates-with-javascript","component":"projection","action":"mouseenter"},{"timestamp":"2022-10-25T23:20:38.599Z","url":"https://stackoverflow.com/questions/10931288/how-to-add-subtract-dates-with-javascript","component":"projection","action":"mouseleave"},{"timestamp":"2022-10-25T23:20:38.600Z","url":"https://stackoverflow.com/questions/37002681/subtract-days-months-years-from-a-date-in-javascript","component":"projection","action":"mouseenter"},{"timestamp":"2022-10-25T23:20:39.000Z","url":"https://stackoverflow.com/questions/4944750/how-to-subtract-date-time-in-javascript","component":"projection","action":"loaded","data":"projection 10 of 10"},{"timestamp":"2022-10-25T23:20:39.000Z","url":"https://stackoverflow.com/questions/1296358/how-to-subtract-days-from-a-plain-date","component":"projection","action":"loaded","data":"projection 9 of 10"},{"timestamp":"2022-10-25T23:20:39.000Z","url":"https://stackoverflow.com/questions/10931288/how-to-add-subtract-dates-with-javascript","component":"projection","action":"loaded","data":"projection 8 of 10"},{"timestamp":"2022-10-25T23:20:39.000Z","url":"https://stackoverflow.com/questions/37002681/subtract-days-months-years-from-a-date-in-javascript","component":"projection","action":"loaded","data":"projection 7 of 10"},{"timestamp":"2022-10-25T23:20:39.000Z","url":"https://stackoverflow.com/questions/3224834/get-difference-between-2-dates-in-javascript","component":"projection","action":"loaded","data":"projection 6 of 10"},{"timestamp":"2022-10-25T23:20:39.000Z","url":"https://stackoverflow.com/questions/43041065/how-to-subtract-two-dates-in-javascript-and-add-days-to-a-specific-date","component":"projection","action":"loaded","data":"projection 5 of 10"},{"timestamp":"2022-10-25T23:20:39.000Z","url":"https://stackoverflow.com/questions/62748455/js-date-subtraction-returning-nan","component":"projection","action":"loaded","data":"projection 4 of 10"},{"timestamp":"2022-10-25T23:20:39.000Z","url":"https://stackoverflow.com/questions/50656814/why-can-i-directly-subtract-two-date-objects","component":"projection","action":"loaded","data":"projection 3 of 10"},{"timestamp":"2022-10-25T23:20:39.000Z","url":"https://stackoverflow.com/questions/63002502/subtract-date-with-format-dd-mmm-yyyy","component":"projection","action":"loaded","data":"projection 2 of 10"},{"timestamp":"2022-10-25T23:20:39.000Z","url":"https://stackoverflow.com/questions/62778705/subtracting-3-days-from-date","component":"projection","action":"loaded","data":"projection 1 of 10"},{"timestamp":"2022-10-25T23:20:41.365Z","url":"https://stackoverflow.com/questions/37002681/subtract-days-months-years-from-a-date-in-javascript","component":"projection","action":"mouseleave"},{"timestamp":"2022-10-25T23:20:41.367Z","url":"https://stackoverflow.com/questions/10931288/how-to-add-subtract-dates-with-javascript","component":"projection","action":"mouseenter"},{"timestamp":"2022-10-25T23:20:41.398Z","url":"https://stackoverflow.com/questions/10931288/how-to-add-subtract-dates-with-javascript","component":"projection","action":"mouseleave"},{"timestamp":"2022-10-25T23:20:41.399Z","url":"https://stackoverflow.com/questions/1296358/how-to-subtract-days-from-a-plain-date","component":"projection","action":"mouseenter"},{"timestamp":"2022-10-25T23:20:41.531Z","url":"https://stackoverflow.com/questions/1296358/how-to-subtract-days-from-a-plain-date","component":"projection","action":"mouseleave"},{"timestamp":"2022-10-25T23:20:41.533Z","url":"https://stackoverflow.com/questions/4944750/how-to-subtract-date-time-in-javascript","component":"projection","action":"mouseenter"},{"timestamp":"2022-10-25T23:20:42.364Z","url":"https://stackoverflow.com/questions/4944750/how-to-subtract-date-time-in-javascript","component":"projection","action":"mouseleave"},{"timestamp":"2022-10-25T23:20:46.903Z","url":"https://stackoverflow.com/questions/4944750/how-to-subtract-date-time-in-javascript","component":"projection","action":"mouseenter"},{"timestamp":"2022-10-25T23:20:46.965Z","url":"https://stackoverflow.com/questions/4944750/how-to-subtract-date-time-in-javascript","component":"projection","action":"mouseleave"},{"timestamp":"2022-10-25T23:20:46.967Z","url":"https://stackoverflow.com/questions/10931288/how-to-add-subtract-dates-with-javascript","component":"projection","action":"mouseenter"},{"timestamp":"2022-10-25T23:20:46.998Z","url":"https://stackoverflow.com/questions/10931288/how-to-add-subtract-dates-with-javascript","component":"projection","action":"mouseleave"},{"timestamp":"2022-10-25T23:20:47.000Z","url":"https://stackoverflow.com/questions/3224834/get-difference-between-2-dates-in-javascript","component":"projection","action":"mouseenter"},{"timestamp":"2022-10-25T23:20:47.032Z","url":"https://stackoverflow.com/questions/3224834/get-difference-between-2-dates-in-javascript","component":"projection","action":"mouseleave"},{"timestamp":"2022-10-25T23:20:47.034Z","url":"https://stackoverflow.com/questions/62748455/js-date-subtraction-returning-nan","component":"projection","action":"mouseenter"},{"timestamp":"2022-10-25T23:20:47.598Z","url":"https://stackoverflow.com/questions/62748455/js-date-subtraction-returning-nan","component":"projection","action":"mouseleave"},{"timestamp":"2022-10-25T23:20:47.600Z","url":"https://stackoverflow.com/questions/43041065/how-to-subtract-two-dates-in-javascript-and-add-days-to-a-specific-date","component":"projection","action":"mouseenter"},{"timestamp":"2022-10-25T23:20:47.664Z","url":"https://stackoverflow.com/questions/43041065/how-to-subtract-two-dates-in-javascript-and-add-days-to-a-specific-date","component":"projection","action":"mouseleave"},{"timestamp":"2022-10-25T23:20:47.665Z","url":"https://stackoverflow.com/questions/3224834/get-difference-between-2-dates-in-javascript","component":"projection","action":"mouseenter"},{"timestamp":"2022-10-25T23:20:47.766Z","url":"https://stackoverflow.com/questions/3224834/get-difference-between-2-dates-in-javascript","component":"projection","action":"mouseleave"},{"timestamp":"2022-10-25T23:20:47.768Z","url":"https://stackoverflow.com/questions/62748455/js-date-subtraction-returning-nan","component":"projection","action":"mouseenter"},{"timestamp":"2022-10-25T23:20:47.799Z","url":"https://stackoverflow.com/questions/62748455/js-date-subtraction-returning-nan","component":"projection","action":"mouseleave"},{"timestamp":"2022-10-25T23:20:47.800Z","url":"https://stackoverflow.com/questions/50656814/why-can-i-directly-subtract-two-date-objects","component":"projection","action":"mouseenter"},{"timestamp":"2022-10-25T23:20:47.931Z","url":"https://stackoverflow.com/questions/50656814/why-can-i-directly-subtract-two-date-objects","component":"projection","action":"mouseleave"},{"timestamp":"2022-10-25T23:20:47.932Z","url":"https://stackoverflow.com/questions/63002502/subtract-date-with-format-dd-mmm-yyyy","component":"projection","action":"mouseenter"},{"timestamp":"2022-10-25T23:20:48.254Z","url":"https://stackoverflow.com/questions/63002502/subtract-date-with-format-dd-mmm-yyyy","component":"page","action":"open"},{"timestamp":"2022-10-25T23:20:48.271Z","url":"https://stackoverflow.com/questions/63002502/subtract-date-with-format-dd-mmm-yyyy","component":"projection","action":"mouseleave"},{"timestamp":"2022-10-25T23:20:48.646Z","url":"https://stackoverflow.com/questions/63002502/subtract-date-with-format-dd-mmm-yyyy","component":"page","action":"load"},{"timestamp":"2022-10-25T23:20:51.134Z","url":"https://stackoverflow.com/questions/63002502/subtract-date-with-format-dd-mmm-yyyy","component":"page","action":"close"}]},{"keywords":["javascript","date"],"context":{"tokens":[{"kind":"language","value":"javascript"}]},"timestamp":"2022-10-25T23:21:06.293Z","results":[{"signatures":[],"areSignaturesLoading":true,"title":"Format JavaScript date as yyyy-mm-dd - Stack Overflow","snippet":"Save this answer. Show activity on this post. The simplest way to convert your date to the yyyy-mm-dd format, is to do this: var date = new Date(\"Sun May 11, ...","url":"https://stackoverflow.com/questions/23593052/format-javascript-date-as-yyyy-mm-dd","displayLink":"https://stackoverflow.com › questions › format-javascri...","snippetHighlightWords":["date"]},{"signatures":[],"areSignaturesLoading":true,"title":"Javascript date 01/01/0001 - Stack Overflow","snippet":"Zero time is 01 January 1970 00:00:00 UTC. So in this case time in JS counting from year 1970.","url":"https://stackoverflow.com/questions/29968116/javascript-date-01-01-0001","displayLink":"https://stackoverflow.com › questions › javascript-date-...","snippetHighlightWords":["01 January 1970 00:00:00 UTC"],"date":"Apr 30, 2015"},{"signatures":[],"areSignaturesLoading":true,"title":"How do I get the current date in JavaScript? - Stack Overflow","snippet":"Use new Date() to generate a new Date object containing the current date and time. var today = new Date(); var dd = String(today.getDate()).","url":"https://stackoverflow.com/questions/1531093/how-do-i-get-the-current-date-in-javascript","displayLink":"https://stackoverflow.com › questions › how-do-i-get-th...","snippetHighlightWords":["new Date"],"date":"61 answers"},{"signatures":[],"areSignaturesLoading":true,"title":"Javascript Date get today date minus 1 week - Stack Overflow","snippet":"The day it starts is shorter by the interval (usually 1 hour but sometimes 30 minutes), and the day it ends is longer by the same amount.","url":"https://stackoverflow.com/questions/48821374/javascript-date-get-today-date-minus-1-week","displayLink":"https://stackoverflow.com › questions › javascript-date-...","date":"Feb 16, 2018"},{"signatures":[],"areSignaturesLoading":true,"title":"How do I format a date in JavaScript? - Stack Overflow","snippet":"The simple solution I've found is this: var today = new Date().toISOString().slice(0, 10);","url":"https://stackoverflow.com/questions/3552461/how-do-i-format-a-date-in-javascript","displayLink":"https://stackoverflow.com › questions › how-do-i-form...","snippetHighlightWords":["var today = new Date().toISOString().slice(0"]},{"signatures":[],"areSignaturesLoading":true,"title":"JavaScript new Date Ordinal (st, nd, rd, th) - Stack Overflow","snippet":"Note this works for day numbers from 1 to 31. const nth = function(d) { if (d > 3 && d < 21) return 'th'; switch (d % 10) { case 1: return \"st\"; ...","url":"https://stackoverflow.com/questions/15397372/javascript-new-date-ordinal-st-nd-rd-th","displayLink":"https://stackoverflow.com › questions › javascript-new-...","date":"22 answers"},{"signatures":[],"areSignaturesLoading":true,"title":"Incrementing a date in JavaScript - Stack Overflow","snippet":"Three options for you: 1. Using just JavaScript's Date object (no libraries):. My previous answer for #1 was wrong (it added 24 hours, ...","url":"https://stackoverflow.com/questions/3674539/incrementing-a-date-in-javascript","displayLink":"https://stackoverflow.com › questions › incrementing-a-...","snippetHighlightWords":["JavaScript's Date object"],"date":"Sep 9, 2010 19 answers"},{"signatures":[],"areSignaturesLoading":true,"title":"Javascript Date - set just the date, ignoring time?","snippet":"How about .toDateString() ? Alternatively, use .getDate() , .getMonth() , and .getYear() ? In my mind, if you want to group things by date, ...","url":"https://stackoverflow.com/questions/11847806/javascript-date-set-just-the-date-ignoring-time","displayLink":"https://stackoverflow.com › questions › javascript-date-...","snippetHighlightWords":["date"],"date":"Aug 7, 2012 8 answers"},{"signatures":[],"areSignaturesLoading":true,"title":"Javascript Date object issue [duplicate] - Stack Overflow","snippet":"If you use / to separate the time, the error will not occur. ie: MM/DD/YYYY, Date time format works differently in different browser.","url":"https://stackoverflow.com/questions/50102890/javascript-date-object-issue","displayLink":"https://stackoverflow.com › questions › javascript-date-...","snippetHighlightWords":["Date"],"date":"Apr 30, 2018 2 answers"},{"signatures":[],"areSignaturesLoading":true,"title":"Javascript Date() give wrong date off by one hour","snippet":"This JS handling of Date is a quite a head-flip. I'm in the UK... \"easy\" because we're on GMT (UTC)... except during the summer months, ...","url":"https://stackoverflow.com/questions/32469269/javascript-date-give-wrong-date-off-by-one-hour","displayLink":"https://stackoverflow.com › questions › javascript-date-...","snippetHighlightWords":["Date"],"date":"Sep 9, 2015 4 answers"}],"events":[{"timestamp":"2022-10-25T23:21:08.193Z","url":"https://stackoverflow.com/questions/23593052/format-javascript-date-as-yyyy-mm-dd","component":"projection","action":"load","data":{"height":59.333335876464844,"width":459.13543701171875,"wc":31,"lc":1}},{"timestamp":"2022-10-25T23:21:08.193Z","url":"https://stackoverflow.com/questions/29968116/javascript-date-01-01-0001","component":"projection","action":"load","data":{"height":37.333335876464844,"width":451.94793701171875,"wc":19,"lc":1}},{"timestamp":"2022-10-25T23:21:08.193Z","url":"https://stackoverflow.com/questions/1531093/how-do-i-get-the-current-date-in-javascript","component":"projection","action":"load","data":{"height":59.333335876464844,"width":460.5,"wc":24,"lc":1}},{"timestamp":"2022-10-25T23:21:08.193Z","url":"https://stackoverflow.com/questions/48821374/javascript-date-get-today-date-minus-1-week","component":"projection","action":"load","data":{"height":59.333335876464844,"width":459.3645935058594,"wc":27,"lc":1}},{"timestamp":"2022-10-25T23:21:08.193Z","url":"https://stackoverflow.com/questions/3552461/how-do-i-format-a-date-in-javascript","component":"projection","action":"load","data":{"height":37.333335876464844,"width":343.1770935058594,"wc":13,"lc":1}},{"timestamp":"2022-10-25T23:21:08.193Z","url":"https://stackoverflow.com/questions/15397372/javascript-new-date-ordinal-st-nd-rd-th","component":"projection","action":"load","data":{"height":59.333335876464844,"width":456.375,"wc":35,"lc":1}},{"timestamp":"2022-10-25T23:21:08.193Z","url":"https://stackoverflow.com/questions/3674539/incrementing-a-date-in-javascript","component":"projection","action":"load","data":{"height":59.333335876464844,"width":454.71875,"wc":24,"lc":1}},{"timestamp":"2022-10-25T23:21:08.193Z","url":"https://stackoverflow.com/questions/11847806/javascript-date-set-just-the-date-ignoring-time","component":"projection","action":"load","data":{"height":59.333335876464844,"width":454.2083435058594,"wc":25,"lc":1}},{"timestamp":"2022-10-25T23:21:08.193Z","url":"https://stackoverflow.com/questions/50102890/javascript-date-object-issue","component":"projection","action":"load","data":{"height":59.333335876464844,"width":457.1875,"wc":23,"lc":1}},{"timestamp":"2022-10-25T23:21:08.193Z","url":"https://stackoverflow.com/questions/32469269/javascript-date-give-wrong-date-off-by-one-hour","component":"projection","action":"load","data":{"height":59.333335876464844,"width":458.3333435058594,"wc":26,"lc":1}},{"timestamp":"2022-10-25T23:21:08.199Z","url":"https://stackoverflow.com/questions/23593052/format-javascript-date-as-yyyy-mm-dd","component":"projection","action":"mouseenter"},{"timestamp":"2022-10-25T23:21:08.932Z","url":"https://stackoverflow.com/questions/23593052/format-javascript-date-as-yyyy-mm-dd","component":"projection","action":"mouseleave"},{"timestamp":"2022-10-25T23:21:08.935Z","url":"https://stackoverflow.com/questions/29968116/javascript-date-01-01-0001","component":"projection","action":"mouseenter"},{"timestamp":"2022-10-25T23:21:09.382Z","url":"https://stackoverflow.com/questions/23593052/format-javascript-date-as-yyyy-mm-dd","component":"projection","action":"loaded","data":"projection 10 of 10"},{"timestamp":"2022-10-25T23:21:09.382Z","url":"https://stackoverflow.com/questions/29968116/javascript-date-01-01-0001","component":"projection","action":"loaded","data":"projection 9 of 10"},{"timestamp":"2022-10-25T23:21:09.382Z","url":"https://stackoverflow.com/questions/1531093/how-do-i-get-the-current-date-in-javascript","component":"projection","action":"loaded","data":"projection 8 of 10"},{"timestamp":"2022-10-25T23:21:09.382Z","url":"https://stackoverflow.com/questions/48821374/javascript-date-get-today-date-minus-1-week","component":"projection","action":"loaded","data":"projection 7 of 10"},{"timestamp":"2022-10-25T23:21:09.382Z","url":"https://stackoverflow.com/questions/3552461/how-do-i-format-a-date-in-javascript","component":"projection","action":"loaded","data":"projection 6 of 10"},{"timestamp":"2022-10-25T23:21:09.382Z","url":"https://stackoverflow.com/questions/15397372/javascript-new-date-ordinal-st-nd-rd-th","component":"projection","action":"loaded","data":"projection 5 of 10"},{"timestamp":"2022-10-25T23:21:09.382Z","url":"https://stackoverflow.com/questions/3674539/incrementing-a-date-in-javascript","component":"projection","action":"loaded","data":"projection 4 of 10"},{"timestamp":"2022-10-25T23:21:09.382Z","url":"https://stackoverflow.com/questions/11847806/javascript-date-set-just-the-date-ignoring-time","component":"projection","action":"loaded","data":"projection 3 of 10"},{"timestamp":"2022-10-25T23:21:09.382Z","url":"https://stackoverflow.com/questions/50102890/javascript-date-object-issue","component":"projection","action":"loaded","data":"projection 2 of 10"},{"timestamp":"2022-10-25T23:21:09.382Z","url":"https://stackoverflow.com/questions/32469269/javascript-date-give-wrong-date-off-by-one-hour","component":"projection","action":"loaded","data":"projection 1 of 10"},{"timestamp":"2022-10-25T23:21:09.932Z","url":"https://stackoverflow.com/questions/29968116/javascript-date-01-01-0001","component":"projection","action":"mouseleave"},{"timestamp":"2022-10-25T23:21:09.935Z","url":"https://stackoverflow.com/questions/23593052/format-javascript-date-as-yyyy-mm-dd","component":"projection","action":"mouseenter"},{"timestamp":"2022-10-25T23:21:11.365Z","url":"https://stackoverflow.com/questions/23593052/format-javascript-date-as-yyyy-mm-dd","component":"projection","action":"mouseleave"},{"timestamp":"2022-10-25T23:21:11.368Z","url":"https://stackoverflow.com/questions/29968116/javascript-date-01-01-0001","component":"projection","action":"mouseenter"},{"timestamp":"2022-10-25T23:21:18.031Z","url":"https://stackoverflow.com/questions/29968116/javascript-date-01-01-0001","component":"projection","action":"mouseleave"},{"timestamp":"2022-10-25T23:21:18.033Z","url":"https://stackoverflow.com/questions/23593052/format-javascript-date-as-yyyy-mm-dd","component":"projection","action":"mouseenter"},{"timestamp":"2022-10-25T23:21:18.264Z","url":"https://stackoverflow.com/questions/23593052/format-javascript-date-as-yyyy-mm-dd","component":"projection","action":"mouseleave"}]},{"keywords":["javascript","date","decrement"],"context":{"tokens":[{"kind":"language","value":"javascript"}]},"timestamp":"2022-10-25T23:21:21.266Z","results":[{"signatures":[],"areSignaturesLoading":true,"title":"What's the simplest way to decrement a date in Javascript by 1 ...","snippet":"I need to decrement a Javascript date by 1 day, so that it rolls back across months/years correctly. That is, if I have a date of 'Today', ...","url":"https://stackoverflow.com/questions/31931/whats-the-simplest-way-to-decrement-a-date-in-javascript-by-1-day","displayLink":"https://stackoverflow.com › questions › whats-the-simpl...","snippetHighlightWords":["decrement","Javascript date","date"],"date":"Aug 28, 2008"},{"signatures":[],"areSignaturesLoading":true,"title":"How to subtract days from a plain Date? - Stack Overflow","snippet":"Is there an easy way of taking a olain JavaScript Date (e.g. today) and going back X days? So, for example, if I want to calculate the date 5 days before today.","url":"https://stackoverflow.com/questions/1296358/how-to-subtract-days-from-a-plain-date","displayLink":"https://stackoverflow.com › questions › how-to-subtract...","snippetHighlightWords":["JavaScript Date","date"]},{"signatures":[],"areSignaturesLoading":true,"title":"Decrement the date by one day using javascript for loop?","snippet":"var date = new Date(); // Date you want, here I got the current date and time date.setDate(date.getDate()-1);. getDate() will give you the ...","url":"https://stackoverflow.com/questions/24773971/decrement-the-date-by-one-day-using-javascript-for-loop","displayLink":"https://stackoverflow.com › questions › decrement-the-...","snippetHighlightWords":["date","Date","Date","date","date","date"],"date":"Jul 16, 2014 3 answers"},{"signatures":[],"areSignaturesLoading":true,"title":"Javascript increment and decrement YYYY-MM-DD by 1 day","snippet":"It works but how can I convert this function to decrement the date instead of increment? I'm doing this on a react native component so I dont ...","url":"https://stackoverflow.com/questions/43132524/javascript-increment-and-decrement-yyyy-mm-dd-by-1-day","displayLink":"https://stackoverflow.com › questions › javascript-incre...","snippetHighlightWords":["decrement","date"],"date":"Mar 31, 2017"},{"signatures":[],"areSignaturesLoading":true,"title":"Incrementing a date in JavaScript - Stack Overflow","snippet":"I love this one, integer representation rule. – exebook · This is the best answer. Can increment/decrement easily as much days as requested; just ...","url":"https://stackoverflow.com/questions/3674539/incrementing-a-date-in-javascript","displayLink":"https://stackoverflow.com › questions › incrementing-a-...","snippetHighlightWords":["decrement"],"date":"Sep 9, 2010"},{"signatures":[],"areSignaturesLoading":true,"title":"How to decrement the time in the below code till it becomes ...","snippet":"only decrements the number one time. I want to decrement it till zero like time counter. // Set the date we're counting down to var d = new ...","url":"https://stackoverflow.com/questions/65019450/how-to-decrement-the-time-in-the-below-code-till-it-becomes-zero","displayLink":"https://stackoverflow.com › questions › how-to-decrem...","snippetHighlightWords":["decrements","decrement","date"],"date":"Nov 26, 2020"},{"signatures":[],"areSignaturesLoading":true,"title":"Why is my date from mysql decrementing by one day in ...","snippet":"The Z means \"zero hour offset\" also known as \"Zulu time\" (UTC). When you are querying the date from the database there are two possible ...","url":"https://stackoverflow.com/questions/40774904/why-is-my-date-from-mysql-decrementing-by-one-day-in-javascript","displayLink":"https://stackoverflow.com › questions › why-is-my-date...","snippetHighlightWords":["date"],"date":"Nov 23, 2016 1 answer"},{"signatures":[],"areSignaturesLoading":true,"title":"Stop increment and decrement of months at certain months","snippet":"(So if two dates are a year apart, this function will return 12). ... to when you determine whether or not to increment/decrement.","url":"https://stackoverflow.com/questions/58980439/stop-increment-and-decrement-of-months-at-certain-months","displayLink":"https://stackoverflow.com › questions › stop-increment-...","snippetHighlightWords":["dates","decrement"],"date":"Nov 21, 2019"},{"signatures":[],"areSignaturesLoading":true,"title":"Subtract days, months, years from a date in JavaScript","snippet":"In JavaScript, the Date.getDate() function returns the current day of the month from 1-31. You are subtracting 6 from this number, ...","url":"https://stackoverflow.com/questions/37002681/subtract-days-months-years-from-a-date-in-javascript","displayLink":"https://stackoverflow.com › questions › subtract-days-m...","snippetHighlightWords":["JavaScript","Date"],"date":"May 3, 2016"},{"signatures":[],"areSignaturesLoading":true,"title":"How to correctly increment or decrement the day in a date?","snippet":"I'm trying to set in Javascript as data attribute to a h5 on button click the current date, next day date and previous day date.","url":"https://stackoverflow.com/questions/55615657/how-to-correctly-increment-or-decrement-the-day-in-a-date","displayLink":"https://stackoverflow.com › questions › how-to-correctl...","snippetHighlightWords":["Javascript","date","date","date"],"date":"Apr 10, 2019"}],"events":[{"timestamp":"2022-10-25T23:21:23.904Z","url":"https://stackoverflow.com/questions/31931/whats-the-simplest-way-to-decrement-a-date-in-javascript-by-1-day","component":"projection","action":"load","data":{"height":59.333335876464844,"width":460.13543701171875,"wc":28,"lc":1}},{"timestamp":"2022-10-25T23:21:23.904Z","url":"https://stackoverflow.com/questions/1296358/how-to-subtract-days-from-a-plain-date","component":"projection","action":"load","data":{"height":59.333335876464844,"width":448.375,"wc":32,"lc":1}},{"timestamp":"2022-10-25T23:21:23.904Z","url":"https://stackoverflow.com/questions/24773971/decrement-the-date-by-one-day-using-javascript-for-loop","component":"projection","action":"load","data":{"height":59.333335876464844,"width":455.625,"wc":24,"lc":1}},{"timestamp":"2022-10-25T23:21:23.904Z","url":"https://stackoverflow.com/questions/43132524/javascript-increment-and-decrement-yyyy-mm-dd-by-1-day","component":"projection","action":"load","data":{"height":59.333335876464844,"width":423.28125,"wc":28,"lc":1}},{"timestamp":"2022-10-25T23:21:23.904Z","url":"https://stackoverflow.com/questions/3674539/incrementing-a-date-in-javascript","component":"projection","action":"load","data":{"height":59.333335876464844,"width":452.66668701171875,"wc":25,"lc":1}},{"timestamp":"2022-10-25T23:21:23.904Z","url":"https://stackoverflow.com/questions/65019450/how-to-decrement-the-time-in-the-below-code-till-it-becomes-zero","component":"projection","action":"load","data":{"height":59.333335876464844,"width":432.40625,"wc":29,"lc":1}},{"timestamp":"2022-10-25T23:21:23.904Z","url":"https://stackoverflow.com/questions/40774904/why-is-my-date-from-mysql-decrementing-by-one-day-in-javascript","component":"projection","action":"load","data":{"height":59.333335876464844,"width":458.25,"wc":26,"lc":1}},{"timestamp":"2022-10-25T23:21:23.904Z","url":"https://stackoverflow.com/questions/58980439/stop-increment-and-decrement-of-months-at-certain-months","component":"projection","action":"load","data":{"height":37.333335876464844,"width":460.38543701171875,"wc":23,"lc":1}},{"timestamp":"2022-10-25T23:21:23.904Z","url":"https://stackoverflow.com/questions/37002681/subtract-days-months-years-from-a-date-in-javascript","component":"projection","action":"load","data":{"height":59.333335876464844,"width":440.29168701171875,"wc":22,"lc":1}},{"timestamp":"2022-10-25T23:21:23.904Z","url":"https://stackoverflow.com/questions/55615657/how-to-correctly-increment-or-decrement-the-day-in-a-date","component":"projection","action":"load","data":{"height":37.333335876464844,"width":462.34375,"wc":25,"lc":1}},{"timestamp":"2022-10-25T23:21:23.908Z","url":"https://stackoverflow.com/questions/31931/whats-the-simplest-way-to-decrement-a-date-in-javascript-by-1-day","component":"projection","action":"mouseenter"},{"timestamp":"2022-10-25T23:21:25.098Z","url":"https://stackoverflow.com/questions/31931/whats-the-simplest-way-to-decrement-a-date-in-javascript-by-1-day","component":"projection","action":"loaded","data":"projection 10 of 10"},{"timestamp":"2022-10-25T23:21:25.098Z","url":"https://stackoverflow.com/questions/1296358/how-to-subtract-days-from-a-plain-date","component":"projection","action":"loaded","data":"projection 9 of 10"},{"timestamp":"2022-10-25T23:21:25.098Z","url":"https://stackoverflow.com/questions/24773971/decrement-the-date-by-one-day-using-javascript-for-loop","component":"projection","action":"loaded","data":"projection 8 of 10"},{"timestamp":"2022-10-25T23:21:25.098Z","url":"https://stackoverflow.com/questions/43132524/javascript-increment-and-decrement-yyyy-mm-dd-by-1-day","component":"projection","action":"loaded","data":"projection 7 of 10"},{"timestamp":"2022-10-25T23:21:25.098Z","url":"https://stackoverflow.com/questions/3674539/incrementing-a-date-in-javascript","component":"projection","action":"loaded","data":"projection 6 of 10"},{"timestamp":"2022-10-25T23:21:25.098Z","url":"https://stackoverflow.com/questions/65019450/how-to-decrement-the-time-in-the-below-code-till-it-becomes-zero","component":"projection","action":"loaded","data":"projection 5 of 10"},{"timestamp":"2022-10-25T23:21:25.098Z","url":"https://stackoverflow.com/questions/40774904/why-is-my-date-from-mysql-decrementing-by-one-day-in-javascript","component":"projection","action":"loaded","data":"projection 4 of 10"},{"timestamp":"2022-10-25T23:21:25.098Z","url":"https://stackoverflow.com/questions/58980439/stop-increment-and-decrement-of-months-at-certain-months","component":"projection","action":"loaded","data":"projection 3 of 10"},{"timestamp":"2022-10-25T23:21:25.098Z","url":"https://stackoverflow.com/questions/37002681/subtract-days-months-years-from-a-date-in-javascript","component":"projection","action":"loaded","data":"projection 2 of 10"},{"timestamp":"2022-10-25T23:21:25.098Z","url":"https://stackoverflow.com/questions/55615657/how-to-correctly-increment-or-decrement-the-day-in-a-date","component":"projection","action":"loaded","data":"projection 1 of 10"},{"timestamp":"2022-10-25T23:21:25.791Z","url":"https://stackoverflow.com/questions/31931/whats-the-simplest-way-to-decrement-a-date-in-javascript-by-1-day","component":"page","action":"open"},{"timestamp":"2022-10-25T23:21:25.809Z","url":"https://stackoverflow.com/questions/31931/whats-the-simplest-way-to-decrement-a-date-in-javascript-by-1-day","component":"projection","action":"mouseleave"},{"timestamp":"2022-10-25T23:21:26.222Z","url":"https://stackoverflow.com/questions/31931/whats-the-simplest-way-to-decrement-a-date-in-javascript-by-1-day","component":"page","action":"load"},{"timestamp":"2022-10-25T23:21:30.511Z","url":"https://stackoverflow.com/questions/31931/whats-the-simplest-way-to-decrement-a-date-in-javascript-by-1-day","component":"page","action":"scroll","data":{"viewport":{"x":0,"y":166.6666717529297,"height":1190,"width":487},"document":{"height":5641,"width":471},"question":{"identifier":"31931","top":-25.625,"bottom":581.96875,"right":454.66668701171875,"left":16,"width":438.66668701171875,"height":607.59375},"answers":[{"identifier":"31939","top":662.2396240234375,"bottom":1217.072998046875,"right":454.66668701171875,"left":16,"width":438.66668701171875,"height":554.8333740234375},{"identifier":"31938","top":1217.072998046875,"bottom":1430.3334197998047,"right":454.66668701171875,"left":16,"width":438.66668701171875,"height":213.2604217529297},{"identifier":"25114400","top":1430.3333740234375,"bottom":1934.7500610351562,"right":454.66668701171875,"left":16,"width":438.66668701171875,"height":504.41668701171875},{"identifier":"31943","top":1934.75,"bottom":2300.5,"right":454.66668701171875,"left":16,"width":438.66668701171875,"height":365.75},{"identifier":"20407757","top":2300.5,"bottom":2615.25,"right":454.66668701171875,"left":16,"width":438.66668701171875,"height":314.75},{"identifier":"357000","top":2615.25,"bottom":3119,"right":454.66668701171875,"left":16,"width":438.66668701171875,"height":503.75},{"identifier":"49706911","top":3119,"bottom":3421.0625,"right":454.66668701171875,"left":16,"width":438.66668701171875,"height":302.0625}]}},{"timestamp":"2022-10-25T23:23:06.351Z","url":"https://stackoverflow.com/questions/31931/whats-the-simplest-way-to-decrement-a-date-in-javascript-by-1-day","component":"page","action":"close"},{"timestamp":"2022-10-25T23:23:06.732Z","url":"https://stackoverflow.com/questions/43132524/javascript-increment-and-decrement-yyyy-mm-dd-by-1-day","component":"projection","action":"mouseenter"},{"timestamp":"2022-10-25T23:23:07.265Z","url":"https://stackoverflow.com/questions/43132524/javascript-increment-and-decrement-yyyy-mm-dd-by-1-day","component":"projection","action":"mouseleave"},{"timestamp":"2022-10-25T23:23:07.266Z","url":"https://stackoverflow.com/questions/3674539/incrementing-a-date-in-javascript","component":"projection","action":"mouseenter"}]},{"keywords":["javascript","date","decrement"],"context":{"tokens":[{"kind":"library","value":"moment"},{"kind":"language","value":"javascript"}]},"timestamp":"2022-10-25T23:23:07.329Z","results":[{"signatures":[],"areSignaturesLoading":true,"title":"How to subtract 2 dates on momentjs - Stack Overflow","snippet":"You are correct, you can use moment's diff function to subtract two dates (see my example on Plunker): var date1 = moment('2016-10-08 ...","url":"https://stackoverflow.com/questions/40459932/how-to-subtract-2-dates-on-momentjs","displayLink":"https://stackoverflow.com › questions › how-to-subtract...","snippetHighlightWords":["moment's","subtract","dates","moment"],"date":"Nov 7, 2016 1 answer"},{"signatures":[],"areSignaturesLoading":true,"title":"Format date and Subtract days using Moment.js - Stack Overflow","snippet":"I would like a variable to hold yesterday's date in the format DD-MM-YYYY using Moment.js. So if today is 15-04-2015, I would like to subtract a day and ...","url":"https://stackoverflow.com/questions/29651815/format-date-and-subtract-days-using-moment-js","displayLink":"https://stackoverflow.com › questions › format-date-an...","snippetHighlightWords":["date","Moment","js","subtract"]},{"signatures":[],"areSignaturesLoading":true,"title":"How to subtract one month using moment.js? - Stack Overflow","snippet":"I have a current month generated using moment().format('MMM YYYY'). I need to get last six months using this current month. How to subtract one month using ...","url":"https://stackoverflow.com/questions/41505492/how-to-subtract-one-month-using-moment-js","displayLink":"https://stackoverflow.com › questions › how-to-subtract...","snippetHighlightWords":["moment","subtract"]},{"signatures":[],"areSignaturesLoading":true,"title":"Perform Subtraction in Moment Js - javascript - Stack Overflow","snippet":"I want to subtract the duration value from the end value. How can I do that with moment.js? I am currently getting the error not valid ...","url":"https://stackoverflow.com/questions/72720240/perform-subtraction-in-moment-js","displayLink":"https://stackoverflow.com › questions › perform-subtra...","snippetHighlightWords":["subtract","moment","js"],"date":"Jun 22, 2022"},{"signatures":[],"areSignaturesLoading":true,"title":"Moment JS - how to subtract 7 days from current date?","snippet":"You can use: moment().subtract(1,'w'). to subtract one week (7 days) from the current date. NOTE: 1. w for week 2. d for days 3. M for month 4. y for year.","url":"https://stackoverflow.com/questions/25888182/moment-js-how-to-subtract-7-days-from-current-date","displayLink":"https://stackoverflow.com › questions › moment-js-how...","snippetHighlightWords":["moment","subtract","subtract","date"]},{"signatures":[],"areSignaturesLoading":true,"title":"How add and subtract days using Moment JS for the given ...","snippet":"You could format the given timestamp by chaining methods to get previous day and the next day date values.","url":"https://stackoverflow.com/questions/68756983/how-add-and-subtract-days-using-moment-js-for-the-given-timestamp-value","displayLink":"https://stackoverflow.com › questions › how-add-and-s...","snippetHighlightWords":["date"],"date":"Aug 12, 2021"},{"signatures":[],"areSignaturesLoading":true,"title":"Subtract one day from a particular date using MomentJs","snippet":"Closed 3 years ago. I get the second week of 2018 like this using moment.js var date =moment([ ...","url":"https://stackoverflow.com/questions/54019837/subtract-one-day-from-a-particular-date-using-momentjs","displayLink":"https://stackoverflow.com › questions › subtract-one-da...","snippetHighlightWords":["moment","js","date","moment"],"date":"Jan 3, 2019"},{"signatures":[],"areSignaturesLoading":true,"title":"How can I subtract 1 month using moment.js? - Stack Overflow","snippet":"How can I subtract one month using moment.js? tl,dr; moment(date).add(-1, 'months'); // or: moment(date).subtract(1, 'months'); ...","url":"https://stackoverflow.com/questions/67649925/how-can-i-subtract-1-month-using-moment-js","displayLink":"https://stackoverflow.com › questions › how-can-i-subtr...","snippetHighlightWords":["subtract","moment","js","moment","date","moment","date","subtract"],"date":"May 22, 2021 1 answer"},{"signatures":[],"areSignaturesLoading":true,"title":"subtract days after the current date moment js - Stack Overflow","snippet":"const day = 5; const checkedDate = Datetime.moment().subtract(day, 'day');. javascript · momentjs.","url":"https://stackoverflow.com/questions/58626988/subtract-days-after-the-current-date-moment-js","displayLink":"https://stackoverflow.com › questions › subtract-days-af...","snippetHighlightWords":["moment","subtract","javascript","momentjs"],"date":"Oct 30, 2019"},{"signatures":[],"areSignaturesLoading":true,"title":"javascript - subtract time from date - moment js - Stack Overflow","snippet":"There is a simple function subtract which moment library gives us to subtract time from some time. Using it ...","url":"https://stackoverflow.com/questions/24428656/subtract-time-from-date-moment-js","displayLink":"https://stackoverflow.com › questions › subtract-time-fr...","snippetHighlightWords":["subtract","moment","subtract"],"date":"Jun 26, 2014"}],"events":[{"timestamp":"2022-10-25T23:23:10.188Z","url":"https://stackoverflow.com/questions/40459932/how-to-subtract-2-dates-on-momentjs","component":"projection","action":"load","data":{"height":59.333335876464844,"width":461.1770935058594,"wc":23,"lc":1}},{"timestamp":"2022-10-25T23:23:10.188Z","url":"https://stackoverflow.com/questions/29651815/format-date-and-subtract-days-using-moment-js","component":"projection","action":"load","data":{"height":59.333335876464844,"width":432.07293701171875,"wc":29,"lc":1}},{"timestamp":"2022-10-25T23:23:10.188Z","url":"https://stackoverflow.com/questions/41505492/how-to-subtract-one-month-using-moment-js","component":"projection","action":"load","data":{"height":59.333335876464844,"width":456.85418701171875,"wc":27,"lc":1}},{"timestamp":"2022-10-25T23:23:10.188Z","url":"https://stackoverflow.com/questions/72720240/perform-subtraction-in-moment-js","component":"projection","action":"load","data":{"height":59.333335876464844,"width":460.9270935058594,"wc":27,"lc":1}},{"timestamp":"2022-10-25T23:23:10.188Z","url":"https://stackoverflow.com/questions/25888182/moment-js-how-to-subtract-7-days-from-current-date","component":"projection","action":"load","data":{"height":59.333335876464844,"width":450.59375,"wc":31,"lc":1}},{"timestamp":"2022-10-25T23:23:10.188Z","url":"https://stackoverflow.com/questions/68756983/how-add-and-subtract-days-using-moment-js-for-the-given-timestamp-value","component":"projection","action":"load","data":{"height":37.333335876464844,"width":419.5625,"wc":19,"lc":1}},{"timestamp":"2022-10-25T23:23:10.188Z","url":"https://stackoverflow.com/questions/54019837/subtract-one-day-from-a-particular-date-using-momentjs","component":"projection","action":"load","data":{"height":37.333335876464844,"width":441.8645935058594,"wc":19,"lc":1}},{"timestamp":"2022-10-25T23:23:10.188Z","url":"https://stackoverflow.com/questions/67649925/how-can-i-subtract-1-month-using-moment-js","component":"projection","action":"load","data":{"height":59.333335876464844,"width":401.91668701171875,"wc":16,"lc":1}},{"timestamp":"2022-10-25T23:23:10.188Z","url":"https://stackoverflow.com/questions/58626988/subtract-days-after-the-current-date-moment-js","component":"projection","action":"load","data":{"height":37.333335876464844,"width":413.63543701171875,"wc":12,"lc":1}},{"timestamp":"2022-10-25T23:23:10.188Z","url":"https://stackoverflow.com/questions/24428656/subtract-time-from-date-moment-js","component":"projection","action":"load","data":{"height":37.333335876464844,"width":425.47918701171875,"wc":20,"lc":1}},{"timestamp":"2022-10-25T23:23:10.665Z","url":"https://stackoverflow.com/questions/40459932/how-to-subtract-2-dates-on-momentjs","component":"projection","action":"mouseenter"},{"timestamp":"2022-10-25T23:23:10.799Z","url":"https://stackoverflow.com/questions/40459932/how-to-subtract-2-dates-on-momentjs","component":"projection","action":"mouseleave"},{"timestamp":"2022-10-25T23:23:10.801Z","url":"https://stackoverflow.com/questions/29651815/format-date-and-subtract-days-using-moment-js","component":"projection","action":"mouseenter"},{"timestamp":"2022-10-25T23:23:10.832Z","url":"https://stackoverflow.com/questions/29651815/format-date-and-subtract-days-using-moment-js","component":"projection","action":"mouseleave"},{"timestamp":"2022-10-25T23:23:10.835Z","url":"https://stackoverflow.com/questions/41505492/how-to-subtract-one-month-using-moment-js","component":"projection","action":"mouseenter"},{"timestamp":"2022-10-25T23:23:10.865Z","url":"https://stackoverflow.com/questions/41505492/how-to-subtract-one-month-using-moment-js","component":"projection","action":"mouseleave"},{"timestamp":"2022-10-25T23:23:10.868Z","url":"https://stackoverflow.com/questions/72720240/perform-subtraction-in-moment-js","component":"projection","action":"mouseenter"},{"timestamp":"2022-10-25T23:23:10.999Z","url":"https://stackoverflow.com/questions/72720240/perform-subtraction-in-moment-js","component":"projection","action":"mouseleave"},{"timestamp":"2022-10-25T23:23:11.002Z","url":"https://stackoverflow.com/questions/25888182/moment-js-how-to-subtract-7-days-from-current-date","component":"projection","action":"mouseenter"},{"timestamp":"2022-10-25T23:23:11.380Z","url":"https://stackoverflow.com/questions/40459932/how-to-subtract-2-dates-on-momentjs","component":"projection","action":"loaded","data":"projection 10 of 10"},{"timestamp":"2022-10-25T23:23:11.380Z","url":"https://stackoverflow.com/questions/29651815/format-date-and-subtract-days-using-moment-js","component":"projection","action":"loaded","data":"projection 9 of 10"},{"timestamp":"2022-10-25T23:23:11.380Z","url":"https://stackoverflow.com/questions/41505492/how-to-subtract-one-month-using-moment-js","component":"projection","action":"loaded","data":"projection 8 of 10"},{"timestamp":"2022-10-25T23:23:11.380Z","url":"https://stackoverflow.com/questions/72720240/perform-subtraction-in-moment-js","component":"projection","action":"loaded","data":"projection 7 of 10"},{"timestamp":"2022-10-25T23:23:11.380Z","url":"https://stackoverflow.com/questions/25888182/moment-js-how-to-subtract-7-days-from-current-date","component":"projection","action":"loaded","data":"projection 6 of 10"},{"timestamp":"2022-10-25T23:23:11.380Z","url":"https://stackoverflow.com/questions/68756983/how-add-and-subtract-days-using-moment-js-for-the-given-timestamp-value","component":"projection","action":"loaded","data":"projection 5 of 10"},{"timestamp":"2022-10-25T23:23:11.380Z","url":"https://stackoverflow.com/questions/54019837/subtract-one-day-from-a-particular-date-using-momentjs","component":"projection","action":"loaded","data":"projection 4 of 10"},{"timestamp":"2022-10-25T23:23:11.380Z","url":"https://stackoverflow.com/questions/67649925/how-can-i-subtract-1-month-using-moment-js","component":"projection","action":"loaded","data":"projection 3 of 10"},{"timestamp":"2022-10-25T23:23:11.380Z","url":"https://stackoverflow.com/questions/58626988/subtract-days-after-the-current-date-moment-js","component":"projection","action":"loaded","data":"projection 2 of 10"},{"timestamp":"2022-10-25T23:23:11.380Z","url":"https://stackoverflow.com/questions/24428656/subtract-time-from-date-moment-js","component":"projection","action":"loaded","data":"projection 1 of 10"},{"timestamp":"2022-10-25T23:23:11.432Z","url":"https://stackoverflow.com/questions/25888182/moment-js-how-to-subtract-7-days-from-current-date","component":"projection","action":"mouseleave"},{"timestamp":"2022-10-25T23:23:11.436Z","url":"https://stackoverflow.com/questions/72720240/perform-subtraction-in-moment-js","component":"projection","action":"mouseenter"},{"timestamp":"2022-10-25T23:23:11.665Z","url":"https://stackoverflow.com/questions/72720240/perform-subtraction-in-moment-js","component":"projection","action":"mouseleave"},{"timestamp":"2022-10-25T23:23:11.668Z","url":"https://stackoverflow.com/questions/25888182/moment-js-how-to-subtract-7-days-from-current-date","component":"projection","action":"mouseenter"},{"timestamp":"2022-10-25T23:23:12.534Z","url":"https://stackoverflow.com/questions/25888182/moment-js-how-to-subtract-7-days-from-current-date","component":"page","action":"open"},{"timestamp":"2022-10-25T23:23:12.552Z","url":"https://stackoverflow.com/questions/25888182/moment-js-how-to-subtract-7-days-from-current-date","component":"projection","action":"mouseleave"},{"timestamp":"2022-10-25T23:23:12.936Z","url":"https://stackoverflow.com/questions/25888182/moment-js-how-to-subtract-7-days-from-current-date","component":"page","action":"load"},{"timestamp":"2022-10-25T23:23:16.078Z","url":"https://stackoverflow.com/questions/25888182/moment-js-how-to-subtract-7-days-from-current-date","component":"page","action":"scroll","data":{"viewport":{"x":0,"y":500,"height":1190,"width":487},"document":{"height":5274,"width":471},"question":{"identifier":"25888182","top":-358.9583435058594,"bottom":167.54165649414062,"right":454.66668701171875,"left":16,"width":438.66668701171875,"height":526.5},"answers":[{"identifier":"25890180","top":247.8125,"bottom":681.9583435058594,"right":454.66668701171875,"left":16,"width":438.66668701171875,"height":434.1458435058594},{"identifier":"25888269","top":681.9583740234375,"bottom":1101.4063110351562,"right":454.66668701171875,"left":16,"width":438.66668701171875,"height":419.44793701171875},{"identifier":"70415040","top":1101.40625,"bottom":1699.6458740234375,"right":454.66668701171875,"left":16,"width":438.66668701171875,"height":598.2396240234375},{"identifier":"60741919","top":1699.6458740234375,"bottom":2019.7083740234375,"right":454.66668701171875,"left":16,"width":438.66668701171875,"height":320.0625},{"identifier":"65061290","top":2019.7083740234375,"bottom":2458.2708740234375,"right":454.66668701171875,"left":16,"width":438.66668701171875,"height":438.5625},{"identifier":"55780341","top":2458.27099609375,"bottom":2687.0001678466797,"right":454.66668701171875,"left":16,"width":438.66668701171875,"height":228.7291717529297}]}}]}]}