{"id":"32156_1","conditions":[{"taskId":1,"taskName":"currency","enableFragments":true,"enableContext":true,"showContext":true,"provideSearchTerms":true,"sequence":3},{"taskId":4,"taskName":"sort","enableFragments":true,"enableContext":true,"showContext":true,"provideSearchTerms":true,"sequence":4},{"taskId":3,"taskName":"clone","enableFragments":false,"enableContext":true,"showContext":false,"provideSearchTerms":true,"sequence":5},{"taskId":2,"taskName":"find","enableFragments":false,"enableContext":true,"showContext":false,"provideSearchTerms":true,"sequence":6},{"taskId":5,"taskName":"recent","enableFragments":false,"enableContext":false,"showContext":false,"provideSearchTerms":false,"sequence":7},{"taskId":6,"taskName":"serve","enableFragments":true,"enableContext":true,"showContext":true,"provideSearchTerms":false,"sequence":8}],"activeTaskId":"serve","tasks":[{"id":"pre-study"},{"enableFragments":true,"enableContext":true,"showContext":true,"provideSearchTerms":true,"contextOverride":[{"source":"src/tutorial.js","name":"sumTradedShares","position":{"start":397,"end":545},"variables":[],"parameters":[{"source":"src/tutorial.js","name":"trades","position":{"start":429,"end":435},"type":{"name":"Trade[]"}}],"returnType":"number"}],"id":"tutorial","startTime":"2022-10-25T22:38:08.192Z","duration":347311,"timer":{"startTime":"2022-10-25T22:39:32.376Z","endTime":"2022-10-25T22:43:56.326Z"},"endTime":"2022-10-25T22:43:56.326Z"},{"enableFragments":true,"enableContext":true,"showContext":true,"contextOverride":[{"source":"src/currency.js","name":"printCurrency","position":{"start":593,"end":782},"variables":[],"parameters":[{"source":"src/currency.js","name":"amount","position":{"start":623,"end":629},"type":{"name":"number"}},{"source":"src/currency.js","name":"locale","position":{"start":631,"end":637},"type":{"name":"string"}},{"source":"src/currency.js","name":"currency","position":{"start":639,"end":647},"type":{"name":"string"}}],"returnType":"string"}],"provideSearchTerms":true,"searchTerms":"format currency","id":"currency","startTime":"2022-10-25T22:44:01.318Z","timer":{"startTime":"2022-10-25T22:44:01.318Z","endTime":"2022-10-25T22:46:20.671Z"},"duration":138082,"data":{"Q1":"5","Q2":"It is very helpful and easy to use. I liked the idea of being able to see function signatures of answers and the ability to expand them without clicking into the webpage. Is the default search prompt generated based on question descriptions or hard-coded as a part of the practice?","Q3":" It would be cool to perhaps include number of upvotes/how many answers suggested the same solution for each option to help us make the decision of which method to use. Maybe also pulling up the official documentation for each function being used could also be useful?","Q4":""},"endTime":"2022-10-25T22:51:22.082Z"},{"enableFragments":false,"enableContext":true,"showContext":false,"contextOverride":[{"source":"src/find.js","name":"getTradeById","position":{"start":286,"end":506},"variables":[],"parameters":[{"source":"src/find.js","name":"trades","position":{"start":315,"end":321},"type":{"name":"Trade[]"}},{"source":"src/find.js","name":"id","position":{"start":323,"end":325},"type":{"name":"number"}}],"returnType":"Trade"}],"provideSearchTerms":true,"searchTerms":"find item in array by value","id":"find","startTime":"2022-10-25T23:16:55.468Z","timer":{"startTime":"2022-10-25T23:16:55.468Z","endTime":"2022-10-25T23:18:04.858Z"},"duration":69111,"data":{"Q1":"4","Q2":"function signatures preview are gone ","Q3":"","Q4":""},"endTime":"2022-10-25T23:18:34.120Z"},{"enableFragments":false,"enableContext":true,"showContext":false,"contextOverride":[{"source":"src/clone.js","name":"cloneTradeLedger","position":{"start":239,"end":406},"variables":[],"parameters":[{"source":"src/clone.js","name":"trades","position":{"start":272,"end":278},"type":{"name":"Trade[]"}}],"returnType":"Trade[]"}],"provideSearchTerms":true,"searchTerms":"clone array","id":"clone","startTime":"2022-10-25T22:57:07.127Z","timer":{"startTime":"2022-10-25T22:57:07.127Z","endTime":"2022-10-25T23:16:13.649Z"},"duration":359364,"data":{"Q1":"5","Q2":"","Q3":"","Q4":""},"endTime":"2022-10-25T23:16:48.534Z"},{"enableFragments":true,"enableContext":true,"showContext":true,"contextOverride":[{"source":"src/sort.js","name":"sortTradesByShareCount","position":{"start":285,"end":524},"variables":[],"parameters":[{"source":"src/sort.js","name":"trades","position":{"start":324,"end":330},"type":{"name":"Trade[]"}}],"returnType":"Trade[]"}],"provideSearchTerms":true,"searchTerms":"sort array of objects descending","id":"sort","startTime":"2022-10-25T22:51:28.483Z","timer":{"startTime":"2022-10-25T22:51:28.483Z","endTime":"2022-10-25T22:55:28.081Z"},"duration":239251,"data":{"Q1":"4","Q2":"This one's slightly harder to navigate had I never used sort because the output of the sort callback could be confusing.","Q3":"Again, maybe showing the official documentation/W3schools/tutorial could be helpul.","Q4":""},"endTime":"2022-10-25T22:57:00.465Z"},{"enableFragments":false,"enableContext":false,"showContext":false,"contextOverride":[],"provideSearchTerms":false,"searchTerms":"","id":"recent","startTime":"2022-10-25T23:18:41.143Z","timer":{"startTime":"2022-10-25T23:18:41.143Z","endTime":"2022-10-25T23:24:05.357Z"},"duration":323557,"data":{"Q1":"3","Q2":"It was a bit harder to come up with the right search terms, and since soo is very particular about looking up an exact functionality (instead of general Date documentation) it was a bit extra difficult.","Q3":"Intelligently generated search based on problem spec","Q4":""},"endTime":"2022-10-25T23:25:27.417Z"},{"enableFragments":true,"enableContext":true,"showContext":true,"contextOverride":[{"source":"src/serve.js","name":"express","position":{"start":7,"end":14},"module":{"name":"express","position":{"start":20,"end":29}},"references":[{"start":181,"end":188}]},{"source":"src/serve.js","name":"path","position":{"start":38,"end":42},"module":{"name":"path","position":{"start":48,"end":54}},"references":[]},{"source":"src/serve.js","name":"setup","position":{"start":193,"end":290},"variables":[],"parameters":[],"returnType":"void"}],"provideSearchTerms":false,"searchTerms":"","id":"serve","startTime":"2022-10-25T23:25:34.333Z","timer":{"startTime":"2022-10-25T23:25:34.333Z","endTime":"2022-10-25T23:35:05.369Z"},"duration":419368,"data":{"Q1":"2","Q2":"Only pulling up information from soo seems to be insufficient for certain tasks.","Q3":"Suggest documentation pages based on problem spec?","Q4":""},"endTime":"2022-10-25T23:36:04.659Z"},{"id":"post-study"}],"activations":["2022-10-25T22:37:31.201Z"]}