{"numFailedTestSuites":1,"numFailedTests":3,"numPassedTestSuites":0,"numPassedTests":0,"numPendingTestSuites":0,"numPendingTests":0,"numRuntimeErrorTestSuites":0,"numTodoTests":0,"numTotalTestSuites":1,"numTotalTests":3,"openHandles":[],"snapshot":{"added":0,"didUpdate":false,"failure":false,"filesAdded":0,"filesRemoved":0,"filesRemovedList":[],"filesUnmatched":0,"filesUpdated":0,"matched":0,"total":0,"unchecked":0,"uncheckedKeysByFile":[],"unmatched":0,"updated":0},"startTime":1668352912485,"success":false,"testResults":[{"assertionResults":[{"ancestorTitles":["printCurrency()"],"failureMessages":["ReferenceError: string is not defined\n    at printCurrency (/workspaces/17135_4/src/currency.js:20:11)\n    at Object.<anonymous> (/workspaces/17135_4/test/currency.test.js:6:24)\n    at Promise.then.completed (/workspaces/17135_4/node_modules/jest-circus/build/utils.js:391:28)\n    at new Promise (<anonymous>)\n    at callAsyncCircusFn (/workspaces/17135_4/node_modules/jest-circus/build/utils.js:316:10)\n    at _callCircusTest (/workspaces/17135_4/node_modules/jest-circus/build/run.js:218:40)\n    at _runTest (/workspaces/17135_4/node_modules/jest-circus/build/run.js:155:3)\n    at _runTestsForDescribeBlock (/workspaces/17135_4/node_modules/jest-circus/build/run.js:66:9)\n    at _runTestsForDescribeBlock (/workspaces/17135_4/node_modules/jest-circus/build/run.js:60:9)\n    at run (/workspaces/17135_4/node_modules/jest-circus/build/run.js:25:3)"],"fullName":"printCurrency() Should format amount as Yen in en-US locale","location":null,"status":"failed","title":"Should format amount as Yen in en-US locale"},{"ancestorTitles":["printCurrency()"],"failureMessages":["ReferenceError: string is not defined\n    at printCurrency (/workspaces/17135_4/src/currency.js:20:11)\n    at Object.<anonymous> (/workspaces/17135_4/test/currency.test.js:11:24)\n    at Promise.then.completed (/workspaces/17135_4/node_modules/jest-circus/build/utils.js:391:28)\n    at new Promise (<anonymous>)\n    at callAsyncCircusFn (/workspaces/17135_4/node_modules/jest-circus/build/utils.js:316:10)\n    at _callCircusTest (/workspaces/17135_4/node_modules/jest-circus/build/run.js:218:40)\n    at _runTest (/workspaces/17135_4/node_modules/jest-circus/build/run.js:155:3)\n    at _runTestsForDescribeBlock (/workspaces/17135_4/node_modules/jest-circus/build/run.js:66:9)\n    at _runTestsForDescribeBlock (/workspaces/17135_4/node_modules/jest-circus/build/run.js:60:9)\n    at run (/workspaces/17135_4/node_modules/jest-circus/build/run.js:25:3)"],"fullName":"printCurrency() Should format amount as sterling in en-UK locale","location":null,"status":"failed","title":"Should format amount as sterling in en-UK locale"},{"ancestorTitles":["printCurrency()"],"failureMessages":["ReferenceError: string is not defined\n    at printCurrency (/workspaces/17135_4/src/currency.js:20:11)\n    at Object.<anonymous> (/workspaces/17135_4/test/currency.test.js:16:24)\n    at Promise.then.completed (/workspaces/17135_4/node_modules/jest-circus/build/utils.js:391:28)\n    at new Promise (<anonymous>)\n    at callAsyncCircusFn (/workspaces/17135_4/node_modules/jest-circus/build/utils.js:316:10)\n    at _callCircusTest (/workspaces/17135_4/node_modules/jest-circus/build/run.js:218:40)\n    at _runTest (/workspaces/17135_4/node_modules/jest-circus/build/run.js:155:3)\n    at _runTestsForDescribeBlock (/workspaces/17135_4/node_modules/jest-circus/build/run.js:66:9)\n    at _runTestsForDescribeBlock (/workspaces/17135_4/node_modules/jest-circus/build/run.js:60:9)\n    at run (/workspaces/17135_4/node_modules/jest-circus/build/run.js:25:3)"],"fullName":"printCurrency() Should format amount as sterling in fr-FR locale","location":null,"status":"failed","title":"Should format amount as sterling in fr-FR locale"}],"endTime":1668352912802,"message":"\u001b[1m\u001b[31m  \u001b[1m● \u001b[22m\u001b[1mprintCurrency() › Should format amount as Yen in en-US locale\u001b[39m\u001b[22m\n\n    ReferenceError: string is not defined\n\u001b[2m\u001b[22m\n\u001b[2m    \u001b[0m \u001b[90m 18 |\u001b[39m     \u001b[90m// of currency formatted according to the locale.\u001b[39m\u001b[0m\u001b[22m\n\u001b[2m    \u001b[0m \u001b[90m 19 |\u001b[39m\u001b[0m\u001b[22m\n\u001b[2m    \u001b[0m\u001b[31m\u001b[1m>\u001b[22m\u001b[2m\u001b[39m\u001b[90m 20 |\u001b[39m     string \u001b[33m=\u001b[39m amount \u001b[33m+\u001b[39m \u001b[32m\" \"\u001b[39m \u001b[33m+\u001b[39m locale \u001b[33m+\u001b[39m \u001b[32m\" \"\u001b[39m \u001b[33m+\u001b[39m currency\u001b[0m\u001b[22m\n\u001b[2m    \u001b[0m \u001b[90m    |\u001b[39m           \u001b[31m\u001b[1m^\u001b[22m\u001b[2m\u001b[39m\u001b[0m\u001b[22m\n\u001b[2m    \u001b[0m \u001b[90m 21 |\u001b[39m\u001b[0m\u001b[22m\n\u001b[2m    \u001b[0m \u001b[90m 22 |\u001b[39m\u001b[0m\u001b[22m\n\u001b[2m    \u001b[0m \u001b[90m 23 |\u001b[39m     \u001b[36mreturn\u001b[39m \u001b[32m\"\"\u001b[39m\u001b[33m;\u001b[39m\u001b[0m\u001b[22m\n\u001b[2m\u001b[22m\n\u001b[2m      \u001b[2mat printCurrency (\u001b[22m\u001b[2msrc/currency.js\u001b[2m:20:11)\u001b[22m\u001b[2m\u001b[22m\n\u001b[2m      \u001b[2mat Object.<anonymous> (\u001b[22m\u001b[2m\u001b[0m\u001b[36mtest/currency.test.js\u001b[39m\u001b[0m\u001b[2m:6:24)\u001b[22m\u001b[2m\u001b[22m\n\n\u001b[1m\u001b[31m  \u001b[1m● \u001b[22m\u001b[1mprintCurrency() › Should format amount as sterling in en-UK locale\u001b[39m\u001b[22m\n\n    ReferenceError: string is not defined\n\u001b[2m\u001b[22m\n\u001b[2m    \u001b[0m \u001b[90m 18 |\u001b[39m     \u001b[90m// of currency formatted according to the locale.\u001b[39m\u001b[0m\u001b[22m\n\u001b[2m    \u001b[0m \u001b[90m 19 |\u001b[39m\u001b[0m\u001b[22m\n\u001b[2m    \u001b[0m\u001b[31m\u001b[1m>\u001b[22m\u001b[2m\u001b[39m\u001b[90m 20 |\u001b[39m     string \u001b[33m=\u001b[39m amount \u001b[33m+\u001b[39m \u001b[32m\" \"\u001b[39m \u001b[33m+\u001b[39m locale \u001b[33m+\u001b[39m \u001b[32m\" \"\u001b[39m \u001b[33m+\u001b[39m currency\u001b[0m\u001b[22m\n\u001b[2m    \u001b[0m \u001b[90m    |\u001b[39m           \u001b[31m\u001b[1m^\u001b[22m\u001b[2m\u001b[39m\u001b[0m\u001b[22m\n\u001b[2m    \u001b[0m \u001b[90m 21 |\u001b[39m\u001b[0m\u001b[22m\n\u001b[2m    \u001b[0m \u001b[90m 22 |\u001b[39m\u001b[0m\u001b[22m\n\u001b[2m    \u001b[0m \u001b[90m 23 |\u001b[39m     \u001b[36mreturn\u001b[39m \u001b[32m\"\"\u001b[39m\u001b[33m;\u001b[39m\u001b[0m\u001b[22m\n\u001b[2m\u001b[22m\n\u001b[2m      \u001b[2mat printCurrency (\u001b[22m\u001b[2msrc/currency.js\u001b[2m:20:11)\u001b[22m\u001b[2m\u001b[22m\n\u001b[2m      \u001b[2mat Object.<anonymous> (\u001b[22m\u001b[2m\u001b[0m\u001b[36mtest/currency.test.js\u001b[39m\u001b[0m\u001b[2m:11:24)\u001b[22m\u001b[2m\u001b[22m\n\n\u001b[1m\u001b[31m  \u001b[1m● \u001b[22m\u001b[1mprintCurrency() › Should format amount as sterling in fr-FR locale\u001b[39m\u001b[22m\n\n    ReferenceError: string is not defined\n\u001b[2m\u001b[22m\n\u001b[2m    \u001b[0m \u001b[90m 18 |\u001b[39m     \u001b[90m// of currency formatted according to the locale.\u001b[39m\u001b[0m\u001b[22m\n\u001b[2m    \u001b[0m \u001b[90m 19 |\u001b[39m\u001b[0m\u001b[22m\n\u001b[2m    \u001b[0m\u001b[31m\u001b[1m>\u001b[22m\u001b[2m\u001b[39m\u001b[90m 20 |\u001b[39m     string \u001b[33m=\u001b[39m amount \u001b[33m+\u001b[39m \u001b[32m\" \"\u001b[39m \u001b[33m+\u001b[39m locale \u001b[33m+\u001b[39m \u001b[32m\" \"\u001b[39m \u001b[33m+\u001b[39m currency\u001b[0m\u001b[22m\n\u001b[2m    \u001b[0m \u001b[90m    |\u001b[39m           \u001b[31m\u001b[1m^\u001b[22m\u001b[2m\u001b[39m\u001b[0m\u001b[22m\n\u001b[2m    \u001b[0m \u001b[90m 21 |\u001b[39m\u001b[0m\u001b[22m\n\u001b[2m    \u001b[0m \u001b[90m 22 |\u001b[39m\u001b[0m\u001b[22m\n\u001b[2m    \u001b[0m \u001b[90m 23 |\u001b[39m     \u001b[36mreturn\u001b[39m \u001b[32m\"\"\u001b[39m\u001b[33m;\u001b[39m\u001b[0m\u001b[22m\n\u001b[2m\u001b[22m\n\u001b[2m      \u001b[2mat printCurrency (\u001b[22m\u001b[2msrc/currency.js\u001b[2m:20:11)\u001b[22m\u001b[2m\u001b[22m\n\u001b[2m      \u001b[2mat Object.<anonymous> (\u001b[22m\u001b[2m\u001b[0m\u001b[36mtest/currency.test.js\u001b[39m\u001b[0m\u001b[2m:16:24)\u001b[22m\u001b[2m\u001b[22m\n","name":"/workspaces/17135_4/test/currency.test.js","startTime":1668352912510,"status":"failed","summary":""}],"wasInterrupted":false}