{"trialId":"17135_4","taskId":"serve","appEvents":[{"timestamp":"2022-11-13T15:36:21.036Z","name":"search","data":"search-start"},{"timestamp":"2022-11-13T15:36:27.911Z","name":"search","data":"search-done"},{"timestamp":"2022-11-13T15:36:34.443Z","name":"search","data":"search-start"},{"timestamp":"2022-11-13T15:36:40.451Z","name":"search-error","data":{"message":"The user aborted a request."}},{"timestamp":"2022-11-13T15:36:42.599Z","name":"search","data":"search-start"},{"timestamp":"2022-11-13T15:36:44.332Z","name":"search","data":"search-done"}],"searches":[{"keywords":["ad"],"context":{"tokens":[{"kind":"library","value":"express"},{"kind":"library","value":"path"},{"kind":"language","value":"javascript"}]},"timestamp":"2022-11-13T15:36:21.035Z","results":[{"signatures":[],"areSignaturesLoading":true,"title":"node.js - Active Directory and Express/Node - Stack Overflow","snippet":"Active Directory (AD) authentication is accomplished by binding to the Active Directory with credentials (not the credentials from the User ...","url":"https://stackoverflow.com/questions/50356541/active-directory-and-express-node","displayLink":"https://stackoverflow.com › questions › active-directory...","snippetHighlightWords":["Active Directory","AD","Active Directory"],"date":"May 15, 2018 2 answers"},{"signatures":[],"areSignaturesLoading":true,"title":"How to use route path in express? - javascript - Stack Overflow","snippet":"1 Answer 1 ... You should put your script at the root then specify the public's path like this. app.use(express.static(path.join(__dirname, ' ...","url":"https://stackoverflow.com/questions/46517342/how-to-use-route-path-in-express","displayLink":"https://stackoverflow.com › questions › how-to-use-rou...","snippetHighlightWords":["path","express","path"],"date":"Oct 1, 2017 1 answer"},{"signatures":[],"areSignaturesLoading":true,"title":"how to get request path with express req object - Stack Overflow","snippet":"I'm using express + node.js and I have a req object, the request in the browser is /account but when I log req.path I get '/' --- not ...","url":"https://stackoverflow.com/questions/12525928/how-to-get-request-path-with-express-req-object","displayLink":"https://stackoverflow.com › questions › how-to-get-req...","snippetHighlightWords":["express","node","js","path"],"date":"Sep 21, 2012"},{"signatures":[],"areSignaturesLoading":true,"title":"node.js - Express-js wildcard routing to cover everything under ...","snippet":"I'm trying to have one route cover ...","url":"https://stackoverflow.com/questions/6161567/express-js-wildcard-routing-to-cover-everything-under-and-including-a-path","displayLink":"https://stackoverflow.com › questions › express-js-wildc...","snippetHighlightWords":["route"],"date":"May 28, 2011"},{"signatures":[],"areSignaturesLoading":true,"title":"Nodes Express App.Route Path Confuse the Other folder","snippet":"I am use Nodes.js Express to do my route. For the normal one... localhost:8080/Order its go work wells. But i am try to use use get method ...","url":"https://stackoverflow.com/questions/44562781/nodes-express-app-route-path-confuse-the-other-folder","displayLink":"https://stackoverflow.com › questions › nodes-express-a...","snippetHighlightWords":["js Express","route"],"date":"Jun 15, 2017"},{"signatures":[],"areSignaturesLoading":true,"title":"adding a new route to node express - Stack Overflow","snippet":"set('views', __dirname + '/views'); app.set('view engine', 'ejs'); app.use(express.favicon()) ...","url":"https://stackoverflow.com/questions/16548586/adding-a-new-route-to-node-express","displayLink":"https://stackoverflow.com › questions › adding-a-new-r...","snippetHighlightWords":["express"],"date":"May 14, 2013"},{"signatures":[],"areSignaturesLoading":true,"title":"How to get path variable in express(node.js) - Stack Overflow","snippet":"I think you are wrong with your route, you can't route to /user/:userId/group and post to / that doesn't make sense. I mean to get userId ...","url":"https://stackoverflow.com/questions/31055347/how-to-get-path-variable-in-expressnode-js","displayLink":"https://stackoverflow.com › questions › how-to-get-pat...","snippetHighlightWords":["route","route"],"date":"Jun 25, 2015 1 answer"},{"signatures":[],"areSignaturesLoading":true,"title":"Route parameters in Express JS - Stack Overflow","snippet":"'use strict'; var path = require('path'); var express = require('express'); var router = express.Router(); /* GET route root page. */ router.get ...","url":"https://stackoverflow.com/questions/51144781/route-parameters-in-express-js","displayLink":"https://stackoverflow.com › questions › route-parameter...","snippetHighlightWords":["path","path","express","express","express","route"],"date":"Jul 2, 2018"},{"signatures":[],"areSignaturesLoading":true,"title":"node js express route all paths - Stack Overflow","snippet":"app.get('/app/static/*path', function (req, res) { res.sendfile ...","url":"https://stackoverflow.com/questions/18342453/node-js-express-route-all-paths","displayLink":"https://stackoverflow.com › questions › node-js-express...","snippetHighlightWords":["path"],"date":"Aug 20, 2013"},{"signatures":[],"areSignaturesLoading":true,"title":"Defining multiple Express.js routes using path parameters","snippet":"Routes are executed in the order they are added. So if you want your login route to take precedence, define it first. Otherwise, in cases where you want to ...","url":"https://stackoverflow.com/questions/7794709/defining-multiple-express-js-routes-using-path-parameters","displayLink":"https://stackoverflow.com › questions › defining-multip...","snippetHighlightWords":["route"],"date":"1 answer"}],"events":[{"timestamp":"2022-11-13T15:36:26.739Z","url":"https://stackoverflow.com/questions/50356541/active-directory-and-express-node","component":"projection","action":"load","data":{"height":38,"width":536.390625,"wc":21,"lc":1}},{"timestamp":"2022-11-13T15:36:26.739Z","url":"https://stackoverflow.com/questions/46517342/how-to-use-route-path-in-express","component":"projection","action":"load","data":{"height":38,"width":518.203125,"wc":22,"lc":1}},{"timestamp":"2022-11-13T15:36:26.739Z","url":"https://stackoverflow.com/questions/12525928/how-to-get-request-path-with-express-req-object","component":"projection","action":"load","data":{"height":38,"width":529.640625,"wc":29,"lc":1}},{"timestamp":"2022-11-13T15:36:26.739Z","url":"https://stackoverflow.com/questions/6161567/express-js-wildcard-routing-to-cover-everything-under-and-including-a-path","component":"projection","action":"load","data":{"height":16,"width":229.796875,"wc":8,"lc":1}},{"timestamp":"2022-11-13T15:36:26.739Z","url":"https://stackoverflow.com/questions/44562781/nodes-express-app-route-path-confuse-the-other-folder","component":"projection","action":"load","data":{"height":38,"width":516.75,"wc":28,"lc":1}},{"timestamp":"2022-11-13T15:36:26.739Z","url":"https://stackoverflow.com/questions/16548586/adding-a-new-route-to-node-express","component":"projection","action":"load","data":{"height":38,"width":494.4375,"wc":9,"lc":1}},{"timestamp":"2022-11-13T15:36:26.739Z","url":"https://stackoverflow.com/questions/31055347/how-to-get-path-variable-in-expressnode-js","component":"projection","action":"load","data":{"height":38,"width":518.15625,"wc":27,"lc":1}},{"timestamp":"2022-11-13T15:36:26.739Z","url":"https://stackoverflow.com/questions/51144781/route-parameters-in-express-js","component":"projection","action":"load","data":{"height":38,"width":540.109375,"wc":22,"lc":1}},{"timestamp":"2022-11-13T15:36:26.739Z","url":"https://stackoverflow.com/questions/18342453/node-js-express-route-all-paths","component":"projection","action":"load","data":{"height":16,"width":383.234375,"wc":7,"lc":1}},{"timestamp":"2022-11-13T15:36:26.739Z","url":"https://stackoverflow.com/questions/7794709/defining-multiple-express-js-routes-using-path-parameters","component":"projection","action":"load","data":{"height":60,"width":530.765625,"wc":30,"lc":1}},{"timestamp":"2022-11-13T15:36:26.742Z","url":"https://stackoverflow.com/questions/50356541/active-directory-and-express-node","component":"projection","action":"mouseenter"},{"timestamp":"2022-11-13T15:36:26.801Z","url":"https://stackoverflow.com/questions/50356541/active-directory-and-express-node","component":"projection","action":"mouseleave"},{"timestamp":"2022-11-13T15:36:27.911Z","url":"https://stackoverflow.com/questions/50356541/active-directory-and-express-node","component":"projection","action":"loaded","data":"projection 10 of 10"},{"timestamp":"2022-11-13T15:36:27.911Z","url":"https://stackoverflow.com/questions/46517342/how-to-use-route-path-in-express","component":"projection","action":"loaded","data":"projection 9 of 10"},{"timestamp":"2022-11-13T15:36:27.911Z","url":"https://stackoverflow.com/questions/12525928/how-to-get-request-path-with-express-req-object","component":"projection","action":"loaded","data":"projection 8 of 10"},{"timestamp":"2022-11-13T15:36:27.911Z","url":"https://stackoverflow.com/questions/6161567/express-js-wildcard-routing-to-cover-everything-under-and-including-a-path","component":"projection","action":"loaded","data":"projection 7 of 10"},{"timestamp":"2022-11-13T15:36:27.911Z","url":"https://stackoverflow.com/questions/44562781/nodes-express-app-route-path-confuse-the-other-folder","component":"projection","action":"loaded","data":"projection 6 of 10"},{"timestamp":"2022-11-13T15:36:27.911Z","url":"https://stackoverflow.com/questions/16548586/adding-a-new-route-to-node-express","component":"projection","action":"loaded","data":"projection 5 of 10"},{"timestamp":"2022-11-13T15:36:27.911Z","url":"https://stackoverflow.com/questions/31055347/how-to-get-path-variable-in-expressnode-js","component":"projection","action":"loaded","data":"projection 4 of 10"},{"timestamp":"2022-11-13T15:36:27.911Z","url":"https://stackoverflow.com/questions/51144781/route-parameters-in-express-js","component":"projection","action":"loaded","data":"projection 3 of 10"},{"timestamp":"2022-11-13T15:36:27.911Z","url":"https://stackoverflow.com/questions/18342453/node-js-express-route-all-paths","component":"projection","action":"loaded","data":"projection 2 of 10"},{"timestamp":"2022-11-13T15:36:27.911Z","url":"https://stackoverflow.com/questions/7794709/defining-multiple-express-js-routes-using-path-parameters","component":"projection","action":"loaded","data":"projection 1 of 10"}]},{"keywords":["add","static","to","express"],"context":{"tokens":[{"kind":"library","value":"express"},{"kind":"library","value":"path"},{"kind":"language","value":"javascript"}]},"timestamp":"2022-11-13T15:36:42.597Z","results":[{"signatures":[],"areSignaturesLoading":true,"title":"How to set express static path when app is in dependency ...","snippet":"In static-webserver/server.js I am setting two particular paths. One path, which maps /dev to static-websserver's public/dev directory maps like ...","url":"https://stackoverflow.com/questions/68489291/how-to-set-express-static-path-when-app-is-in-dependency-module","displayLink":"https://stackoverflow.com › questions › how-to-set-expr...","snippetHighlightWords":["static","js","paths","path","static","directory"],"date":"Jul 22, 2021"},{"signatures":[],"areSignaturesLoading":true,"title":"Express, how to always serve static directory? - Stack Overflow","snippet":"js. I basically need my app to always serve 'build/' no matter which path the visitor is on, as the routing is handled by the frontend with ...","url":"https://stackoverflow.com/questions/61090344/express-how-to-always-serve-static-directory","displayLink":"https://stackoverflow.com › questions › express-how-to...","snippetHighlightWords":["js","path"],"date":"Apr 7, 2020"},{"signatures":[],"areSignaturesLoading":true,"title":"How to serve static files in ExpressJS on some paths and not ...","snippet":"I have this piece of code: var express = require('express'); var app = express(); express. static(__dirname); app.","url":"https://stackoverflow.com/questions/65115458/how-to-serve-static-files-in-expressjs-on-some-paths-and-not-others","displayLink":"https://stackoverflow.com › questions › how-to-serve-st...","snippetHighlightWords":["express","express","express","express","static"],"date":"Dec 2, 2020"},{"signatures":[],"areSignaturesLoading":true,"title":"Static Files in express - node.js - Stack Overflow","snippet":"First off, you need to make sure you realize that with a nodejs web server, no files from the server file system are served by default.","url":"https://stackoverflow.com/questions/71668735/static-files-in-express","displayLink":"https://stackoverflow.com › questions › static-files-in-ex...","snippetHighlightWords":["nodejs"],"date":"Mar 29, 2022 2 answers"},{"signatures":[],"areSignaturesLoading":true,"title":"How to server specifc static files with express.js - Stack Overflow","snippet":"express.static() expects the first parameter to be a path of a directory, ... I would add something that is on the express docs, and it's sometimes misread ...","url":"https://stackoverflow.com/questions/10434001/static-files-with-express-js","displayLink":"https://stackoverflow.com › questions › static-files-with-...","snippetHighlightWords":["express","static","path","directory","add","express"],"date":"11 answers"},{"signatures":[],"areSignaturesLoading":true,"title":"Add static middleware to serve static files in express","snippet":"The issue might be caused by the relative path to the public directory because the path is relative to the directory from where you launch ...","url":"https://stackoverflow.com/questions/62782017/add-static-middleware-to-serve-static-files-in-express","displayLink":"https://stackoverflow.com › questions › add-static-midd...","snippetHighlightWords":["path","directory","path","directory"],"date":"Jul 7, 2020 1 answer"},{"signatures":[],"areSignaturesLoading":true,"title":"How do I use express.static() with a directory path based on ...","snippet":"No. You don't ever put express.static() inside another route. express.static() returns a middleware function which is to be ...","url":"https://stackoverflow.com/questions/54355939/how-do-i-use-express-static-with-a-directory-path-based-on-the-url","displayLink":"https://stackoverflow.com › questions › how-do-i-use-e...","snippetHighlightWords":["express","static","route","express","static"],"date":"Jan 24, 2019"},{"signatures":[],"areSignaturesLoading":true,"title":"How to serve static files to different routes in Express?","snippet":"It's got to do with relative path. With express it's safer to use absolute path. After your route goes one level deep, the html file which ...","url":"https://stackoverflow.com/questions/55853857/how-to-serve-static-files-to-different-routes-in-express","displayLink":"https://stackoverflow.com › questions › how-to-serve-st...","snippetHighlightWords":["path","express","path","route"],"date":"Apr 25, 2019 1 answer"},{"signatures":[],"areSignaturesLoading":true,"title":"How to make express serve static files from another upper ...","snippet":"SOLVED this by using: app.use(express.static(path.join(__dirname, '/../client/public')));.","url":"https://stackoverflow.com/questions/50008552/how-to-make-express-serve-static-files-from-another-upper-directory","displayLink":"https://stackoverflow.com › questions › how-to-make-e...","snippetHighlightWords":["express","static","path"],"date":"Apr 24, 2018"},{"signatures":[],"areSignaturesLoading":true,"title":"Express: serving static files in express using app.use() not ...","snippet":"if the folder public in the same root with your node app use: app.use(express.static('public')). To create a virtual path prefix (where the ...","url":"https://stackoverflow.com/questions/71015238/express-serving-static-files-in-express-using-app-use-not-working-on-route","displayLink":"https://stackoverflow.com › questions › express-serving...","snippetHighlightWords":["node","express","static","path"],"date":"Feb 7, 2022 1 answer"}],"events":[{"timestamp":"2022-11-13T15:36:43.148Z","url":"https://stackoverflow.com/questions/68489291/how-to-set-express-static-path-when-app-is-in-dependency-module","component":"projection","action":"load","data":{"height":38,"width":528.703125,"wc":20,"lc":1}},{"timestamp":"2022-11-13T15:36:43.148Z","url":"https://stackoverflow.com/questions/61090344/express-how-to-always-serve-static-directory","component":"projection","action":"load","data":{"height":38,"width":513.9375,"wc":28,"lc":1}},{"timestamp":"2022-11-13T15:36:43.148Z","url":"https://stackoverflow.com/questions/65115458/how-to-serve-static-files-in-expressjs-on-some-paths-and-not-others","component":"projection","action":"load","data":{"height":38,"width":534.4375,"wc":17,"lc":1}},{"timestamp":"2022-11-13T15:36:43.148Z","url":"https://stackoverflow.com/questions/71668735/static-files-in-express","component":"projection","action":"load","data":{"height":38,"width":516,"wc":26,"lc":1}},{"timestamp":"2022-11-13T15:36:43.148Z","url":"https://stackoverflow.com/questions/10434001/static-files-with-express-js","component":"projection","action":"load","data":{"height":60,"width":530.921875,"wc":28,"lc":1}},{"timestamp":"2022-11-13T15:36:43.148Z","url":"https://stackoverflow.com/questions/62782017/add-static-middleware-to-serve-static-files-in-express","component":"projection","action":"load","data":{"height":38,"width":530.25,"wc":26,"lc":1}},{"timestamp":"2022-11-13T15:36:43.148Z","url":"https://stackoverflow.com/questions/54355939/how-do-i-use-express-static-with-a-directory-path-based-on-the-url","component":"projection","action":"load","data":{"height":38,"width":488.96875,"wc":19,"lc":1}},{"timestamp":"2022-11-13T15:36:43.148Z","url":"https://stackoverflow.com/questions/55853857/how-to-serve-static-files-to-different-routes-in-express","component":"projection","action":"load","data":{"height":38,"width":522.015625,"wc":27,"lc":1}},{"timestamp":"2022-11-13T15:36:43.149Z","url":"https://stackoverflow.com/questions/50008552/how-to-make-express-serve-static-files-from-another-upper-directory","component":"projection","action":"load","data":{"height":38,"width":537.734375,"wc":6,"lc":1}},{"timestamp":"2022-11-13T15:36:43.149Z","url":"https://stackoverflow.com/questions/71015238/express-serving-static-files-in-express-using-app-use-not-working-on-route","component":"projection","action":"load","data":{"height":38,"width":534.453125,"wc":23,"lc":1}},{"timestamp":"2022-11-13T15:36:43.153Z","url":"https://stackoverflow.com/questions/68489291/how-to-set-express-static-path-when-app-is-in-dependency-module","component":"projection","action":"mouseenter"},{"timestamp":"2022-11-13T15:36:43.716Z","url":"https://stackoverflow.com/questions/68489291/how-to-set-express-static-path-when-app-is-in-dependency-module","component":"projection","action":"mouseleave"},{"timestamp":"2022-11-13T15:36:43.717Z","url":"https://stackoverflow.com/questions/61090344/express-how-to-always-serve-static-directory","component":"projection","action":"mouseenter"},{"timestamp":"2022-11-13T15:36:43.967Z","url":"https://stackoverflow.com/questions/61090344/express-how-to-always-serve-static-directory","component":"projection","action":"mouseleave"},{"timestamp":"2022-11-13T15:36:43.968Z","url":"https://stackoverflow.com/questions/68489291/how-to-set-express-static-path-when-app-is-in-dependency-module","component":"projection","action":"mouseenter"},{"timestamp":"2022-11-13T15:36:44.332Z","url":"https://stackoverflow.com/questions/68489291/how-to-set-express-static-path-when-app-is-in-dependency-module","component":"projection","action":"loaded","data":"projection 10 of 10"},{"timestamp":"2022-11-13T15:36:44.332Z","url":"https://stackoverflow.com/questions/61090344/express-how-to-always-serve-static-directory","component":"projection","action":"loaded","data":"projection 9 of 10"},{"timestamp":"2022-11-13T15:36:44.332Z","url":"https://stackoverflow.com/questions/65115458/how-to-serve-static-files-in-expressjs-on-some-paths-and-not-others","component":"projection","action":"loaded","data":"projection 8 of 10"},{"timestamp":"2022-11-13T15:36:44.332Z","url":"https://stackoverflow.com/questions/71668735/static-files-in-express","component":"projection","action":"loaded","data":"projection 7 of 10"},{"timestamp":"2022-11-13T15:36:44.332Z","url":"https://stackoverflow.com/questions/10434001/static-files-with-express-js","component":"projection","action":"loaded","data":"projection 6 of 10"},{"timestamp":"2022-11-13T15:36:44.332Z","url":"https://stackoverflow.com/questions/62782017/add-static-middleware-to-serve-static-files-in-express","component":"projection","action":"loaded","data":"projection 5 of 10"},{"timestamp":"2022-11-13T15:36:44.332Z","url":"https://stackoverflow.com/questions/54355939/how-do-i-use-express-static-with-a-directory-path-based-on-the-url","component":"projection","action":"loaded","data":"projection 4 of 10"},{"timestamp":"2022-11-13T15:36:44.332Z","url":"https://stackoverflow.com/questions/55853857/how-to-serve-static-files-to-different-routes-in-express","component":"projection","action":"loaded","data":"projection 3 of 10"},{"timestamp":"2022-11-13T15:36:44.332Z","url":"https://stackoverflow.com/questions/50008552/how-to-make-express-serve-static-files-from-another-upper-directory","component":"projection","action":"loaded","data":"projection 2 of 10"},{"timestamp":"2022-11-13T15:36:44.332Z","url":"https://stackoverflow.com/questions/71015238/express-serving-static-files-in-express-using-app-use-not-working-on-route","component":"projection","action":"loaded","data":"projection 1 of 10"},{"timestamp":"2022-11-13T15:36:45.056Z","url":"https://stackoverflow.com/questions/68489291/how-to-set-express-static-path-when-app-is-in-dependency-module","component":"page","action":"open"},{"timestamp":"2022-11-13T15:36:45.086Z","url":"https://stackoverflow.com/questions/68489291/how-to-set-express-static-path-when-app-is-in-dependency-module","component":"projection","action":"mouseleave"},{"timestamp":"2022-11-13T15:36:45.781Z","url":"https://stackoverflow.com/questions/68489291/how-to-set-express-static-path-when-app-is-in-dependency-module","component":"page","action":"load"},{"timestamp":"2022-11-13T15:36:50.483Z","url":"https://stackoverflow.com/questions/68489291/how-to-set-express-static-path-when-app-is-in-dependency-module","component":"page","action":"scroll","data":{"viewport":{"x":0,"y":1000,"height":858,"width":570},"document":{"height":3791,"width":553},"question":{"identifier":"68489291","top":-858.96875,"bottom":273.375,"right":537,"left":16,"width":521,"height":1132.34375},"answers":[{"identifier":"68489611","top":353.65625,"bottom":858.03125,"right":537,"left":16,"width":521,"height":504.375}]}},{"timestamp":"2022-11-13T15:36:53.407Z","url":"https://stackoverflow.com/questions/68489291/how-to-set-express-static-path-when-app-is-in-dependency-module","component":"page","action":"selection","data":"app.get('/dist', express.static(process.cwd() + '/dist'));"},{"timestamp":"2022-11-13T15:36:53.416Z","url":"https://stackoverflow.com/questions/68489291/how-to-set-express-static-path-when-app-is-in-dependency-module","component":"page","action":"copy","data":"app.get('/dist', express.static(process.cwd() + '/dist'));"}]}]}