{"trialId":"17135_4","taskId":"sort","appEvents":[{"timestamp":"2022-11-13T14:59:21.122Z","name":"search","data":"search-start"},{"timestamp":"2022-11-13T14:59:22.335Z","name":"search","data":"search-done"},{"timestamp":"2022-11-13T14:59:28.614Z","name":"resize","data":{"height":918,"width":681}},{"timestamp":"2022-11-13T14:59:31.095Z","name":"resize","data":{"height":918,"width":602}},{"timestamp":"2022-11-13T15:05:12.843Z","name":"resize","data":{"height":918,"width":559}},{"timestamp":"2022-11-13T15:08:04.047Z","name":"resize","data":{"height":0,"width":0}},{"timestamp":"2022-11-13T15:10:10.327Z","name":"resize","data":{"height":918,"width":559}}],"searches":[{"keywords":["sort","array","of","objects","descending"],"context":{"tokens":[{"kind":"language","value":"javascript"}]},"timestamp":"2022-11-13T14:59:21.122Z","results":[{"signatures":[],"areSignaturesLoading":true,"title":"Sorting an array of objects by property values - Stack Overflow","url":"https://stackoverflow.com/questions/979256/sorting-an-array-of-objects-by-property-values","displayLink":"https://stackoverflow.com › questions › sorting-an-arra...","date":"33 answers","snippet":"Sort homes by price in ascending order: homes.sort(function(a, b) { return parseFloat(a.price) - parseFloat(b.price); });. Or after ES6 version:","snippetHighlightWords":["Sort","ascending","sort"]},{"signatures":[],"areSignaturesLoading":true,"title":"Sorting an array of objects on both ascending and descending ...","url":"https://stackoverflow.com/questions/56809727/sorting-an-array-of-objects-on-both-ascending-and-descending-order-on-same-click","displayLink":"https://stackoverflow.com › questions › sorting-an-arra...","date":"Jun 28, 2019","snippet":"Sorting an array of objects on both ascending and descending order on same click · reverse the > to < and create a variable that can store the ...","snippetHighlightWords":["Sorting","array of objects","ascending","descending","reverse"]},{"signatures":[],"areSignaturesLoading":true,"title":"JavaScript: Sort an array of objects by a numeric property in ...","url":"https://stackoverflow.com/questions/54623130/javascript-sort-an-array-of-objects-by-a-numeric-property-in-each-object","displayLink":"https://stackoverflow.com › questions › javascript-sort-a...","date":"Feb 11, 2019","snippet":"sort() method does two things, it changes the original array so that it is in sorted order, and it also returns a reference to your original ...","snippetHighlightWords":["sort","array","sorted"]},{"signatures":[],"areSignaturesLoading":true,"title":"Sort by object key in descending order on Javascript/underscore","url":"https://stackoverflow.com/questions/31553155/sort-by-object-key-in-descending-order-on-javascript-underscore","displayLink":"https://stackoverflow.com › questions › sort-by-object-...","date":"Jul 22, 2015","snippet":"I want to sort this array object by key in descending order. So the expected output will be following like the latest date will come first.","snippetHighlightWords":["sort","array object","descending"]},{"signatures":[],"areSignaturesLoading":true,"title":"Javascript: Sorting Objects (not arrays) in descending","url":"https://stackoverflow.com/questions/56996782/javascript-sorting-objects-not-arrays-in-descending","displayLink":"https://stackoverflow.com › questions › javascript-sortin...","date":"Jul 11, 2019","snippet":"Get an array of arrays from Object.entries() .reverse() it; Convert it into a Map ( Map() guarantees order according to how it was entered) ...","snippetHighlightWords":["array","arrays","Object","reverse"]},{"signatures":[],"areSignaturesLoading":true,"title":"Sort array of objects by string property value - Stack Overflow","url":"https://stackoverflow.com/questions/1129216/sort-array-of-objects-by-string-property-value","displayLink":"https://stackoverflow.com › questions › sort-array-of-o...","snippet":"Use JavaScript sort method ... The sort method can be modified to sort anything like an array of numbers, strings and even objects using a compare function. A ...","snippetHighlightWords":["JavaScript sort","sort","sort","array","objects"]},{"signatures":[],"areSignaturesLoading":true,"title":"sort array of objects with letters and numbers in descending ...","url":"https://stackoverflow.com/questions/49365109/sort-array-of-objects-with-letters-and-numbers-in-descending-order","displayLink":"https://stackoverflow.com › questions › sort-array-of-o...","snippet":"You can use array#sort with string#localeCompare with numeric property set to true . const data = [{\"map_name\": \"PHX7260.","snippetHighlightWords":["array#sort"],"extensions":["Mar 19, 2018","3 answers"]},{"signatures":[],"areSignaturesLoading":true,"title":"How do I sort array of objects in descending order based on ...","url":"https://stackoverflow.com/questions/72084911/how-do-i-sort-array-of-objects-in-descending-order-based-on-alphanumeric-value-i","displayLink":"https://stackoverflow.com › questions › how-do-i-sort-a...","snippet":"You need a custom comparer function that will use the value property of your objects to make a descending alphabetic sort on your ArrOfObj.","snippetHighlightWords":["objects","descending","sort"],"extensions":["May 2, 2022","1 answer"]},{"signatures":[],"areSignaturesLoading":true,"title":"JS sort array of objets by specific string property (not ...","url":"https://stackoverflow.com/questions/65687818/js-sort-array-of-objets-by-specific-string-property-not-ascending-or-descending","displayLink":"https://stackoverflow.com › questions › js-sort-array-of-...","snippet":"You could take an object with the wanted order and take a large value as default for sorting. const data = [{ name: \"strawberries\", ...","snippetHighlightWords":["object","sorting"],"extensions":["Jan 12, 2021","5 answers"]},{"signatures":[],"areSignaturesLoading":true,"title":"How can I sort a javascript array of objects numerically and ...","url":"https://stackoverflow.com/questions/12900058/how-can-i-sort-a-javascript-array-of-objects-numerically-and-then-alphabetically","displayLink":"https://stackoverflow.com › questions › how-can-i-sort-...","snippet":"items.sort(function(a, b) { return (a.id - b.id); ...","snippetHighlightWords":["sort"]}],"events":[{"timestamp":"2022-11-13T14:59:21.150Z","url":"https://stackoverflow.com/questions/979256/sorting-an-array-of-objects-by-property-values","component":"projection","action":"load","data":{"height":104,"width":259.921875,"wc":19,"lc":1}},{"timestamp":"2022-11-13T14:59:21.151Z","url":"https://stackoverflow.com/questions/56809727/sorting-an-array-of-objects-on-both-ascending-and-descending-order-on-same-click","component":"projection","action":"load","data":{"height":104,"width":269.34375,"wc":29,"lc":1}},{"timestamp":"2022-11-13T14:59:21.151Z","url":"https://stackoverflow.com/questions/54623130/javascript-sort-an-array-of-objects-by-a-numeric-property-in-each-object","component":"projection","action":"load","data":{"height":82,"width":269.921875,"wc":27,"lc":1}},{"timestamp":"2022-11-13T14:59:21.151Z","url":"https://stackoverflow.com/questions/31553155/sort-by-object-key-in-descending-order-on-javascript-underscore","component":"projection","action":"load","data":{"height":82,"width":270.234375,"wc":26,"lc":1}},{"timestamp":"2022-11-13T14:59:21.151Z","url":"https://stackoverflow.com/questions/56996782/javascript-sorting-objects-not-arrays-in-descending","component":"projection","action":"load","data":{"height":82,"width":269.734375,"wc":25,"lc":1}},{"timestamp":"2022-11-13T14:59:21.151Z","url":"https://stackoverflow.com/questions/1129216/sort-array-of-objects-by-string-property-value","component":"projection","action":"load","data":{"height":82,"width":267.28125,"wc":29,"lc":1}},{"timestamp":"2022-11-13T14:59:21.151Z","url":"https://stackoverflow.com/questions/49365109/sort-array-of-objects-with-letters-and-numbers-in-descending-order","component":"projection","action":"load","data":{"height":82,"width":221.953125,"wc":18,"lc":1}},{"timestamp":"2022-11-13T14:59:21.151Z","url":"https://stackoverflow.com/questions/72084911/how-do-i-sort-array-of-objects-in-descending-order-based-on-alphanumeric-value-i","component":"projection","action":"load","data":{"height":82,"width":266.546875,"wc":24,"lc":1}},{"timestamp":"2022-11-13T14:59:21.151Z","url":"https://stackoverflow.com/questions/65687818/js-sort-array-of-objets-by-specific-string-property-not-ascending-or-descending","component":"projection","action":"load","data":{"height":82,"width":263.46875,"wc":25,"lc":1}},{"timestamp":"2022-11-13T14:59:21.151Z","url":"https://stackoverflow.com/questions/12900058/how-can-i-sort-a-javascript-array-of-objects-numerically-and-then-alphabetically","component":"projection","action":"load","data":{"height":38,"width":243.09375,"wc":8,"lc":1}},{"timestamp":"2022-11-13T14:59:22.335Z","url":"https://stackoverflow.com/questions/979256/sorting-an-array-of-objects-by-property-values","component":"projection","action":"loaded","data":"projection 10 of 10"},{"timestamp":"2022-11-13T14:59:22.335Z","url":"https://stackoverflow.com/questions/56809727/sorting-an-array-of-objects-on-both-ascending-and-descending-order-on-same-click","component":"projection","action":"loaded","data":"projection 9 of 10"},{"timestamp":"2022-11-13T14:59:22.335Z","url":"https://stackoverflow.com/questions/54623130/javascript-sort-an-array-of-objects-by-a-numeric-property-in-each-object","component":"projection","action":"loaded","data":"projection 8 of 10"},{"timestamp":"2022-11-13T14:59:22.335Z","url":"https://stackoverflow.com/questions/31553155/sort-by-object-key-in-descending-order-on-javascript-underscore","component":"projection","action":"loaded","data":"projection 7 of 10"},{"timestamp":"2022-11-13T14:59:22.335Z","url":"https://stackoverflow.com/questions/56996782/javascript-sorting-objects-not-arrays-in-descending","component":"projection","action":"loaded","data":"projection 6 of 10"},{"timestamp":"2022-11-13T14:59:22.335Z","url":"https://stackoverflow.com/questions/1129216/sort-array-of-objects-by-string-property-value","component":"projection","action":"loaded","data":"projection 5 of 10"},{"timestamp":"2022-11-13T14:59:22.335Z","url":"https://stackoverflow.com/questions/49365109/sort-array-of-objects-with-letters-and-numbers-in-descending-order","component":"projection","action":"loaded","data":"projection 4 of 10"},{"timestamp":"2022-11-13T14:59:22.335Z","url":"https://stackoverflow.com/questions/72084911/how-do-i-sort-array-of-objects-in-descending-order-based-on-alphanumeric-value-i","component":"projection","action":"loaded","data":"projection 3 of 10"},{"timestamp":"2022-11-13T14:59:22.335Z","url":"https://stackoverflow.com/questions/65687818/js-sort-array-of-objets-by-specific-string-property-not-ascending-or-descending","component":"projection","action":"loaded","data":"projection 2 of 10"},{"timestamp":"2022-11-13T14:59:22.335Z","url":"https://stackoverflow.com/questions/12900058/how-can-i-sort-a-javascript-array-of-objects-numerically-and-then-alphabetically","component":"projection","action":"loaded","data":"projection 1 of 10"},{"timestamp":"2022-11-13T14:59:24.390Z","url":"https://stackoverflow.com/questions/979256/sorting-an-array-of-objects-by-property-values","component":"projection","action":"mouseenter"},{"timestamp":"2022-11-13T14:59:24.623Z","url":"https://stackoverflow.com/questions/979256/sorting-an-array-of-objects-by-property-values","component":"projection","action":"mouseleave"},{"timestamp":"2022-11-13T14:59:24.624Z","url":"https://stackoverflow.com/questions/56809727/sorting-an-array-of-objects-on-both-ascending-and-descending-order-on-same-click","component":"projection","action":"mouseenter"},{"timestamp":"2022-11-13T14:59:24.640Z","url":"https://stackoverflow.com/questions/56809727/sorting-an-array-of-objects-on-both-ascending-and-descending-order-on-same-click","component":"projection","action":"mouseleave"},{"timestamp":"2022-11-13T14:59:25.573Z","url":"https://stackoverflow.com/questions/56996782/javascript-sorting-objects-not-arrays-in-descending","component":"projection","action":"mouseenter"},{"timestamp":"2022-11-13T14:59:25.690Z","url":"https://stackoverflow.com/questions/56996782/javascript-sorting-objects-not-arrays-in-descending","component":"projection","action":"mouseleave"},{"timestamp":"2022-11-13T14:59:30.756Z","url":"https://stackoverflow.com/questions/49365109/sort-array-of-objects-with-letters-and-numbers-in-descending-order","component":"projection","action":"mouseenter"},{"timestamp":"2022-11-13T14:59:30.806Z","url":"https://stackoverflow.com/questions/49365109/sort-array-of-objects-with-letters-and-numbers-in-descending-order","component":"projection","action":"mouseleave"},{"timestamp":"2022-11-13T14:59:31.806Z","url":"https://stackoverflow.com/questions/49365109/sort-array-of-objects-with-letters-and-numbers-in-descending-order","component":"projection","action":"mouseenter"},{"timestamp":"2022-11-13T14:59:32.106Z","url":"https://stackoverflow.com/questions/49365109/sort-array-of-objects-with-letters-and-numbers-in-descending-order","component":"projection","action":"mouseleave"},{"timestamp":"2022-11-13T14:59:32.107Z","url":"https://stackoverflow.com/questions/1129216/sort-array-of-objects-by-string-property-value","component":"projection","action":"mouseenter"},{"timestamp":"2022-11-13T14:59:32.139Z","url":"https://stackoverflow.com/questions/1129216/sort-array-of-objects-by-string-property-value","component":"projection","action":"mouseleave"},{"timestamp":"2022-11-13T14:59:32.140Z","url":"https://stackoverflow.com/questions/56996782/javascript-sorting-objects-not-arrays-in-descending","component":"projection","action":"mouseenter"},{"timestamp":"2022-11-13T14:59:32.174Z","url":"https://stackoverflow.com/questions/56996782/javascript-sorting-objects-not-arrays-in-descending","component":"projection","action":"mouseleave"},{"timestamp":"2022-11-13T14:59:32.175Z","url":"https://stackoverflow.com/questions/31553155/sort-by-object-key-in-descending-order-on-javascript-underscore","component":"projection","action":"mouseenter"},{"timestamp":"2022-11-13T14:59:32.206Z","url":"https://stackoverflow.com/questions/31553155/sort-by-object-key-in-descending-order-on-javascript-underscore","component":"projection","action":"mouseleave"},{"timestamp":"2022-11-13T14:59:32.208Z","url":"https://stackoverflow.com/questions/54623130/javascript-sort-an-array-of-objects-by-a-numeric-property-in-each-object","component":"projection","action":"mouseenter"},{"timestamp":"2022-11-13T14:59:32.223Z","url":"https://stackoverflow.com/questions/54623130/javascript-sort-an-array-of-objects-by-a-numeric-property-in-each-object","component":"projection","action":"mouseleave"},{"timestamp":"2022-11-13T14:59:32.224Z","url":"https://stackoverflow.com/questions/56809727/sorting-an-array-of-objects-on-both-ascending-and-descending-order-on-same-click","component":"projection","action":"mouseenter"},{"timestamp":"2022-11-13T14:59:32.256Z","url":"https://stackoverflow.com/questions/56809727/sorting-an-array-of-objects-on-both-ascending-and-descending-order-on-same-click","component":"projection","action":"mouseleave"},{"timestamp":"2022-11-13T14:59:32.257Z","url":"https://stackoverflow.com/questions/979256/sorting-an-array-of-objects-by-property-values","component":"projection","action":"mouseenter"},{"timestamp":"2022-11-13T14:59:36.322Z","url":"https://stackoverflow.com/questions/979256/sorting-an-array-of-objects-by-property-values","component":"projection","action":"mouseleave"},{"timestamp":"2022-11-13T14:59:36.373Z","url":"https://stackoverflow.com/questions/979256/sorting-an-array-of-objects-by-property-values","component":"projection","action":"mouseenter"},{"timestamp":"2022-11-13T14:59:36.390Z","url":"https://stackoverflow.com/questions/979256/sorting-an-array-of-objects-by-property-values","component":"projection","action":"mouseleave"},{"timestamp":"2022-11-13T14:59:36.889Z","url":"https://stackoverflow.com/questions/54623130/javascript-sort-an-array-of-objects-by-a-numeric-property-in-each-object","component":"projection","action":"mouseenter"},{"timestamp":"2022-11-13T14:59:37.006Z","url":"https://stackoverflow.com/questions/54623130/javascript-sort-an-array-of-objects-by-a-numeric-property-in-each-object","component":"projection","action":"mouseleave"},{"timestamp":"2022-11-13T14:59:52.588Z","url":"https://stackoverflow.com/questions/56809727/sorting-an-array-of-objects-on-both-ascending-and-descending-order-on-same-click","component":"projection","action":"mouseenter"},{"timestamp":"2022-11-13T14:59:53.055Z","url":"https://stackoverflow.com/questions/56809727/sorting-an-array-of-objects-on-both-ascending-and-descending-order-on-same-click","component":"projection","action":"mouseleave"},{"timestamp":"2022-11-13T14:59:53.057Z","url":"https://stackoverflow.com/questions/979256/sorting-an-array-of-objects-by-property-values","component":"projection","action":"mouseenter"},{"timestamp":"2022-11-13T14:59:53.671Z","url":"https://stackoverflow.com/questions/979256/sorting-an-array-of-objects-by-property-values","component":"projection","action":"mouseleave"},{"timestamp":"2022-11-13T14:59:53.672Z","url":"https://stackoverflow.com/questions/56809727/sorting-an-array-of-objects-on-both-ascending-and-descending-order-on-same-click","component":"projection","action":"mouseenter"},{"timestamp":"2022-11-13T14:59:54.594Z","url":"https://stackoverflow.com/questions/56809727/sorting-an-array-of-objects-on-both-ascending-and-descending-order-on-same-click","component":"page","action":"open"},{"timestamp":"2022-11-13T14:59:54.618Z","url":"https://stackoverflow.com/questions/56809727/sorting-an-array-of-objects-on-both-ascending-and-descending-order-on-same-click","component":"projection","action":"mouseleave"},{"timestamp":"2022-11-13T14:59:57.104Z","url":"https://stackoverflow.com/questions/56809727/sorting-an-array-of-objects-on-both-ascending-and-descending-order-on-same-click","component":"page","action":"load"},{"timestamp":"2022-11-13T15:00:00.007Z","url":"https://stackoverflow.com/questions/56809727/sorting-an-array-of-objects-on-both-ascending-and-descending-order-on-same-click","component":"page","action":"scroll","data":{"viewport":{"x":0,"y":300,"height":858,"width":598},"document":{"height":5694,"width":581},"question":{"identifier":"56809727","top":-158.96875,"bottom":827.9375,"right":565,"left":16,"width":549,"height":986.90625},"answers":[{"identifier":"56809881","top":908.21875,"bottom":1421.65625,"right":565,"left":16,"width":549,"height":513.4375},{"identifier":"56812352","top":1421.65625,"bottom":2035.40625,"right":565,"left":16,"width":549,"height":613.75},{"identifier":"56809837","top":2035.40625,"bottom":2489.46875,"right":565,"left":16,"width":549,"height":454.0625},{"identifier":"56809839","top":2489.46875,"bottom":2819.53125,"right":565,"left":16,"width":549,"height":330.0625},{"identifier":"56809851","top":2819.53125,"bottom":3032.78125,"right":565,"left":16,"width":549,"height":213.25},{"identifier":"56809870","top":3032.78125,"bottom":3494.34375,"right":565,"left":16,"width":549,"height":461.5625}]}},{"timestamp":"2022-11-13T15:00:07.205Z","url":"https://stackoverflow.com/questions/56809727/sorting-an-array-of-objects-on-both-ascending-and-descending-order-on-same-click","component":"page","action":"scroll","data":{"viewport":{"x":0,"y":900,"height":858,"width":598},"document":{"height":5694,"width":581},"question":{"identifier":"56809727","top":-758.96875,"bottom":227.9375,"right":565,"left":16,"width":549,"height":986.90625},"answers":[{"identifier":"56809881","top":308.21875,"bottom":821.65625,"right":565,"left":16,"width":549,"height":513.4375},{"identifier":"56812352","top":821.65625,"bottom":1435.40625,"right":565,"left":16,"width":549,"height":613.75},{"identifier":"56809837","top":1435.40625,"bottom":1889.46875,"right":565,"left":16,"width":549,"height":454.0625},{"identifier":"56809839","top":1889.46875,"bottom":2219.53125,"right":565,"left":16,"width":549,"height":330.0625},{"identifier":"56809851","top":2219.53125,"bottom":2432.78125,"right":565,"left":16,"width":549,"height":213.25},{"identifier":"56809870","top":2432.78125,"bottom":2894.34375,"right":565,"left":16,"width":549,"height":461.5625}]}},{"timestamp":"2022-11-13T15:00:08.173Z","url":"https://stackoverflow.com/questions/56809727/sorting-an-array-of-objects-on-both-ascending-and-descending-order-on-same-click","component":"page","action":"scroll","data":{"viewport":{"x":0,"y":1100,"height":858,"width":598},"document":{"height":5694,"width":581},"question":{"identifier":"56809727","top":-958.96875,"bottom":27.9375,"right":565,"left":16,"width":549,"height":986.90625},"answers":[{"identifier":"56809881","top":108.21875,"bottom":621.65625,"right":565,"left":16,"width":549,"height":513.4375},{"identifier":"56812352","top":621.65625,"bottom":1235.40625,"right":565,"left":16,"width":549,"height":613.75},{"identifier":"56809837","top":1235.40625,"bottom":1689.46875,"right":565,"left":16,"width":549,"height":454.0625},{"identifier":"56809839","top":1689.46875,"bottom":2019.53125,"right":565,"left":16,"width":549,"height":330.0625},{"identifier":"56809851","top":2019.53125,"bottom":2232.78125,"right":565,"left":16,"width":549,"height":213.25},{"identifier":"56809870","top":2232.78125,"bottom":2694.34375,"right":565,"left":16,"width":549,"height":461.5625}]}},{"timestamp":"2022-11-13T15:00:20.126Z","url":"https://stackoverflow.com/questions/56809727/sorting-an-array-of-objects-on-both-ascending-and-descending-order-on-same-click","component":"page","action":"selection","data":"self.arr= self.arr.sort((a, b) => (a.title > b.title) ? -1 : 1);"},{"timestamp":"2022-11-13T15:00:20.927Z","url":"https://stackoverflow.com/questions/56809727/sorting-an-array-of-objects-on-both-ascending-and-descending-order-on-same-click","component":"page","action":"copy","data":"self.arr= self.arr.sort((a, b) => (a.title > b.title) ? -1 : 1);"},{"timestamp":"2022-11-13T15:00:29.895Z","url":"https://stackoverflow.com/questions/56809727/sorting-an-array-of-objects-on-both-ascending-and-descending-order-on-same-click","component":"page","action":"scroll","data":{"viewport":{"x":0,"y":1200,"height":858,"width":598},"document":{"height":5694,"width":581},"question":{"identifier":"56809727","top":-1058.96875,"bottom":-72.0625,"right":565,"left":16,"width":549,"height":986.90625},"answers":[{"identifier":"56809881","top":8.21875,"bottom":521.65625,"right":565,"left":16,"width":549,"height":513.4375},{"identifier":"56812352","top":521.65625,"bottom":1135.40625,"right":565,"left":16,"width":549,"height":613.75},{"identifier":"56809837","top":1135.40625,"bottom":1589.46875,"right":565,"left":16,"width":549,"height":454.0625},{"identifier":"56809839","top":1589.46875,"bottom":1919.53125,"right":565,"left":16,"width":549,"height":330.0625},{"identifier":"56809851","top":1919.53125,"bottom":2132.78125,"right":565,"left":16,"width":549,"height":213.25},{"identifier":"56809870","top":2132.78125,"bottom":2594.34375,"right":565,"left":16,"width":549,"height":461.5625}]}},{"timestamp":"2022-11-13T15:00:30.654Z","url":"https://stackoverflow.com/questions/56809727/sorting-an-array-of-objects-on-both-ascending-and-descending-order-on-same-click","component":"page","action":"scroll","data":{"viewport":{"x":0,"y":1000,"height":858,"width":598},"document":{"height":5694,"width":581},"question":{"identifier":"56809727","top":-858.96875,"bottom":127.9375,"right":565,"left":16,"width":549,"height":986.90625},"answers":[{"identifier":"56809881","top":208.21875,"bottom":721.65625,"right":565,"left":16,"width":549,"height":513.4375},{"identifier":"56812352","top":721.65625,"bottom":1335.40625,"right":565,"left":16,"width":549,"height":613.75},{"identifier":"56809837","top":1335.40625,"bottom":1789.46875,"right":565,"left":16,"width":549,"height":454.0625},{"identifier":"56809839","top":1789.46875,"bottom":2119.53125,"right":565,"left":16,"width":549,"height":330.0625},{"identifier":"56809851","top":2119.53125,"bottom":2332.78125,"right":565,"left":16,"width":549,"height":213.25},{"identifier":"56809870","top":2332.78125,"bottom":2794.34375,"right":565,"left":16,"width":549,"height":461.5625}]}},{"timestamp":"2022-11-13T15:00:45.158Z","url":"https://stackoverflow.com/questions/56809727/sorting-an-array-of-objects-on-both-ascending-and-descending-order-on-same-click","component":"page","action":"scroll","data":{"viewport":{"x":0,"y":1300,"height":858,"width":598},"document":{"height":5694,"width":581},"question":{"identifier":"56809727","top":-1158.96875,"bottom":-172.0625,"right":565,"left":16,"width":549,"height":986.90625},"answers":[{"identifier":"56809881","top":-91.78125,"bottom":421.65625,"right":565,"left":16,"width":549,"height":513.4375},{"identifier":"56812352","top":421.65625,"bottom":1035.40625,"right":565,"left":16,"width":549,"height":613.75},{"identifier":"56809837","top":1035.40625,"bottom":1489.46875,"right":565,"left":16,"width":549,"height":454.0625},{"identifier":"56809839","top":1489.46875,"bottom":1819.53125,"right":565,"left":16,"width":549,"height":330.0625},{"identifier":"56809851","top":1819.53125,"bottom":2032.78125,"right":565,"left":16,"width":549,"height":213.25},{"identifier":"56809870","top":2032.78125,"bottom":2494.34375,"right":565,"left":16,"width":549,"height":461.5625}]}},{"timestamp":"2022-11-13T15:00:46.487Z","url":"https://stackoverflow.com/questions/56809727/sorting-an-array-of-objects-on-both-ascending-and-descending-order-on-same-click","component":"page","action":"scroll","data":{"viewport":{"x":0,"y":1200,"height":858,"width":598},"document":{"height":5694,"width":581},"question":{"identifier":"56809727","top":-1058.96875,"bottom":-72.0625,"right":565,"left":16,"width":549,"height":986.90625},"answers":[{"identifier":"56809881","top":8.21875,"bottom":521.65625,"right":565,"left":16,"width":549,"height":513.4375},{"identifier":"56812352","top":521.65625,"bottom":1135.40625,"right":565,"left":16,"width":549,"height":613.75},{"identifier":"56809837","top":1135.40625,"bottom":1589.46875,"right":565,"left":16,"width":549,"height":454.0625},{"identifier":"56809839","top":1589.46875,"bottom":1919.53125,"right":565,"left":16,"width":549,"height":330.0625},{"identifier":"56809851","top":1919.53125,"bottom":2132.78125,"right":565,"left":16,"width":549,"height":213.25},{"identifier":"56809870","top":2132.78125,"bottom":2594.34375,"right":565,"left":16,"width":549,"height":461.5625}]}},{"timestamp":"2022-11-13T15:00:49.354Z","url":"https://stackoverflow.com/questions/56809727/sorting-an-array-of-objects-on-both-ascending-and-descending-order-on-same-click","component":"page","action":"scroll","data":{"viewport":{"x":0,"y":1000,"height":858,"width":598},"document":{"height":5694,"width":581},"question":{"identifier":"56809727","top":-858.96875,"bottom":127.9375,"right":565,"left":16,"width":549,"height":986.90625},"answers":[{"identifier":"56809881","top":208.21875,"bottom":721.65625,"right":565,"left":16,"width":549,"height":513.4375},{"identifier":"56812352","top":721.65625,"bottom":1335.40625,"right":565,"left":16,"width":549,"height":613.75},{"identifier":"56809837","top":1335.40625,"bottom":1789.46875,"right":565,"left":16,"width":549,"height":454.0625},{"identifier":"56809839","top":1789.46875,"bottom":2119.53125,"right":565,"left":16,"width":549,"height":330.0625},{"identifier":"56809851","top":2119.53125,"bottom":2332.78125,"right":565,"left":16,"width":549,"height":213.25},{"identifier":"56809870","top":2332.78125,"bottom":2794.34375,"right":565,"left":16,"width":549,"height":461.5625}]}},{"timestamp":"2022-11-13T15:01:55.472Z","url":"https://stackoverflow.com/questions/56809727/sorting-an-array-of-objects-on-both-ascending-and-descending-order-on-same-click","component":"page","action":"scroll","data":{"viewport":{"x":0,"y":1146,"height":858,"width":598},"document":{"height":5694,"width":581},"question":{"identifier":"56809727","top":-1004.96875,"bottom":-18.0625,"right":565,"left":16,"width":549,"height":986.90625},"answers":[{"identifier":"56809881","top":62.21875,"bottom":575.65625,"right":565,"left":16,"width":549,"height":513.4375},{"identifier":"56812352","top":575.65625,"bottom":1189.40625,"right":565,"left":16,"width":549,"height":613.75},{"identifier":"56809837","top":1189.40625,"bottom":1643.46875,"right":565,"left":16,"width":549,"height":454.0625},{"identifier":"56809839","top":1643.46875,"bottom":1973.53125,"right":565,"left":16,"width":549,"height":330.0625},{"identifier":"56809851","top":1973.53125,"bottom":2186.78125,"right":565,"left":16,"width":549,"height":213.25},{"identifier":"56809870","top":2186.78125,"bottom":2648.34375,"right":565,"left":16,"width":549,"height":461.5625}]}},{"timestamp":"2022-11-13T15:01:56.879Z","url":"https://stackoverflow.com/questions/56809727/sorting-an-array-of-objects-on-both-ascending-and-descending-order-on-same-click","component":"page","action":"scroll","data":{"viewport":{"x":0,"y":1119,"height":858,"width":598},"document":{"height":5694,"width":581},"question":{"identifier":"56809727","top":-977.96875,"bottom":8.9375,"right":565,"left":16,"width":549,"height":986.90625},"answers":[{"identifier":"56809881","top":89.21875,"bottom":602.65625,"right":565,"left":16,"width":549,"height":513.4375},{"identifier":"56812352","top":602.65625,"bottom":1216.40625,"right":565,"left":16,"width":549,"height":613.75},{"identifier":"56809837","top":1216.40625,"bottom":1670.46875,"right":565,"left":16,"width":549,"height":454.0625},{"identifier":"56809839","top":1670.46875,"bottom":2000.53125,"right":565,"left":16,"width":549,"height":330.0625},{"identifier":"56809851","top":2000.53125,"bottom":2213.78125,"right":565,"left":16,"width":549,"height":213.25},{"identifier":"56809870","top":2213.78125,"bottom":2675.34375,"right":565,"left":16,"width":549,"height":461.5625}]}},{"timestamp":"2022-11-13T15:01:57.615Z","url":"https://stackoverflow.com/questions/56809727/sorting-an-array-of-objects-on-both-ascending-and-descending-order-on-same-click","component":"page","action":"scroll","data":{"viewport":{"x":0,"y":1133,"height":858,"width":598},"document":{"height":5694,"width":581},"question":{"identifier":"56809727","top":-991.96875,"bottom":-5.0625,"right":565,"left":16,"width":549,"height":986.90625},"answers":[{"identifier":"56809881","top":75.21875,"bottom":588.65625,"right":565,"left":16,"width":549,"height":513.4375},{"identifier":"56812352","top":588.65625,"bottom":1202.40625,"right":565,"left":16,"width":549,"height":613.75},{"identifier":"56809837","top":1202.40625,"bottom":1656.46875,"right":565,"left":16,"width":549,"height":454.0625},{"identifier":"56809839","top":1656.46875,"bottom":1986.53125,"right":565,"left":16,"width":549,"height":330.0625},{"identifier":"56809851","top":1986.53125,"bottom":2199.78125,"right":565,"left":16,"width":549,"height":213.25},{"identifier":"56809870","top":2199.78125,"bottom":2661.34375,"right":565,"left":16,"width":549,"height":461.5625}]}},{"timestamp":"2022-11-13T15:02:00.383Z","url":"https://stackoverflow.com/questions/56809727/sorting-an-array-of-objects-on-both-ascending-and-descending-order-on-same-click","component":"page","action":"scroll","data":{"viewport":{"x":0,"y":1126,"height":858,"width":598},"document":{"height":5694,"width":581},"question":{"identifier":"56809727","top":-984.96875,"bottom":1.9375,"right":565,"left":16,"width":549,"height":986.90625},"answers":[{"identifier":"56809881","top":82.21875,"bottom":595.65625,"right":565,"left":16,"width":549,"height":513.4375},{"identifier":"56812352","top":595.65625,"bottom":1209.40625,"right":565,"left":16,"width":549,"height":613.75},{"identifier":"56809837","top":1209.40625,"bottom":1663.46875,"right":565,"left":16,"width":549,"height":454.0625},{"identifier":"56809839","top":1663.46875,"bottom":1993.53125,"right":565,"left":16,"width":549,"height":330.0625},{"identifier":"56809851","top":1993.53125,"bottom":2206.78125,"right":565,"left":16,"width":549,"height":213.25},{"identifier":"56809870","top":2206.78125,"bottom":2668.34375,"right":565,"left":16,"width":549,"height":461.5625}]}},{"timestamp":"2022-11-13T15:02:36.534Z","url":"https://stackoverflow.com/questions/56809727/sorting-an-array-of-objects-on-both-ascending-and-descending-order-on-same-click","component":"page","action":"scroll","data":{"viewport":{"x":0,"y":526,"height":858,"width":598},"document":{"height":5694,"width":581},"question":{"identifier":"56809727","top":-384.96875,"bottom":601.9375,"right":565,"left":16,"width":549,"height":986.90625},"answers":[{"identifier":"56809881","top":682.21875,"bottom":1195.65625,"right":565,"left":16,"width":549,"height":513.4375},{"identifier":"56812352","top":1195.65625,"bottom":1809.40625,"right":565,"left":16,"width":549,"height":613.75},{"identifier":"56809837","top":1809.40625,"bottom":2263.46875,"right":565,"left":16,"width":549,"height":454.0625},{"identifier":"56809839","top":2263.46875,"bottom":2593.53125,"right":565,"left":16,"width":549,"height":330.0625},{"identifier":"56809851","top":2593.53125,"bottom":2806.78125,"right":565,"left":16,"width":549,"height":213.25},{"identifier":"56809870","top":2806.78125,"bottom":3268.34375,"right":565,"left":16,"width":549,"height":461.5625}]}},{"timestamp":"2022-11-13T15:02:36.717Z","url":"https://stackoverflow.com/questions/56809727/sorting-an-array-of-objects-on-both-ascending-and-descending-order-on-same-click","component":"page","action":"close"},{"timestamp":"2022-11-13T15:02:37.065Z","url":"https://stackoverflow.com/questions/979256/sorting-an-array-of-objects-by-property-values","component":"projection","action":"mouseenter"},{"timestamp":"2022-11-13T15:02:37.298Z","url":"https://stackoverflow.com/questions/979256/sorting-an-array-of-objects-by-property-values","component":"projection","action":"mouseleave"},{"timestamp":"2022-11-13T15:02:37.300Z","url":"https://stackoverflow.com/questions/56809727/sorting-an-array-of-objects-on-both-ascending-and-descending-order-on-same-click","component":"projection","action":"mouseenter"},{"timestamp":"2022-11-13T15:02:37.314Z","url":"https://stackoverflow.com/questions/56809727/sorting-an-array-of-objects-on-both-ascending-and-descending-order-on-same-click","component":"projection","action":"mouseleave"},{"timestamp":"2022-11-13T15:02:37.317Z","url":"https://stackoverflow.com/questions/979256/sorting-an-array-of-objects-by-property-values","component":"projection","action":"mouseenter"},{"timestamp":"2022-11-13T15:02:37.732Z","url":"https://stackoverflow.com/questions/979256/sorting-an-array-of-objects-by-property-values","component":"page","action":"open"},{"timestamp":"2022-11-13T15:02:37.753Z","url":"https://stackoverflow.com/questions/979256/sorting-an-array-of-objects-by-property-values","component":"projection","action":"mouseleave"},{"timestamp":"2022-11-13T15:02:38.917Z","url":"https://stackoverflow.com/questions/979256/sorting-an-array-of-objects-by-property-values","component":"page","action":"load"},{"timestamp":"2022-11-13T15:02:42.383Z","url":"https://stackoverflow.com/questions/979256/sorting-an-array-of-objects-by-property-values","component":"page","action":"scroll","data":{"viewport":{"x":0,"y":900,"height":858,"width":598},"document":{"height":29383,"width":581},"question":{"identifier":"979256","top":-789.796875,"bottom":93.296875,"right":565,"left":16,"width":549,"height":883.09375},"answers":[{"identifier":"979289","top":210.578125,"bottom":1283.453125,"right":565,"left":16,"width":549,"height":1072.875},{"identifier":"979325","top":1283.453125,"bottom":2454.515625,"right":565,"left":16,"width":549,"height":1171.0625},{"identifier":"979278","top":2454.515625,"bottom":3064.703125,"right":565,"left":16,"width":549,"height":610.1875},{"identifier":"19970578","top":3064.703125,"bottom":3924.515625,"right":565,"left":16,"width":549,"height":859.8125},{"identifier":"40796335","top":3924.515625,"bottom":4934.078125,"right":565,"left":16,"width":549,"height":1009.5625},{"identifier":"979295","top":4934.078125,"bottom":5421.328125,"right":565,"left":16,"width":549,"height":487.25},{"identifier":"26762192","top":5421.328125,"bottom":7876.625,"right":565,"left":16,"width":549,"height":2455.296875},{"identifier":"37440769","top":7876.625,"bottom":8560.3125,"right":565,"left":16,"width":549,"height":683.6875},{"identifier":"54346678","top":8560.3125,"bottom":9024.125,"right":565,"left":16,"width":549,"height":463.8125},{"identifier":"60641752","top":9024.125,"bottom":9508.9375,"right":565,"left":16,"width":549,"height":484.8125},{"identifier":"45534960","top":9508.9375,"bottom":10453.875,"right":565,"left":16,"width":549,"height":944.9375},{"identifier":"56594176","top":10453.875,"bottom":10840.4375,"right":565,"left":16,"width":549,"height":386.5625},{"identifier":"50652203","top":10840.4375,"bottom":11989.5,"right":565,"left":16,"width":549,"height":1149.0625},{"identifier":"21399152","top":11989.5,"bottom":13015.6875,"right":565,"left":16,"width":549,"height":1026.1875},{"identifier":"20421221","top":13015.6875,"bottom":14235.25,"right":565,"left":16,"width":549,"height":1219.5625},{"identifier":"979296","top":14235.25,"bottom":14691.3125,"right":565,"left":16,"width":549,"height":456.0625},{"identifier":"25624937","top":14691.3125,"bottom":15553.875,"right":565,"left":16,"width":549,"height":862.5625},{"identifier":"32773923","top":15553.875,"bottom":17076,"right":565,"left":16,"width":549,"height":1522.125},{"identifier":"38585024","top":17076,"bottom":17346.0625,"right":565,"left":16,"width":549,"height":270.0625},{"identifier":"48662313","top":17346.0625,"bottom":18252.625,"right":565,"left":16,"width":549,"height":906.5625},{"identifier":"66636162","top":18252.625,"bottom":19530.4375,"right":565,"left":16,"width":549,"height":1277.8125},{"identifier":"30066050","top":19530.4375,"bottom":19868.5,"right":565,"left":16,"width":549,"height":338.0625},{"identifier":"42100506","top":19868.5,"bottom":21088.6875,"right":565,"left":16,"width":549,"height":1220.1875},{"identifier":"55088845","top":21088.6875,"bottom":21917.75,"right":565,"left":16,"width":549,"height":829.0625},{"identifier":"72601832","top":21917.75,"bottom":22467.3125,"right":565,"left":16,"width":549,"height":549.5625},{"identifier":"43635307","top":22467.3125,"bottom":22901.375,"right":565,"left":16,"width":549,"height":434.0625},{"identifier":"49146133","top":22901.375,"bottom":23972.4375,"right":565,"left":16,"width":549,"height":1071.0625},{"identifier":"26650562","top":23972.4375,"bottom":24824,"right":565,"left":16,"width":549,"height":851.5625},{"identifier":"28247369","top":24824,"bottom":25174.0625,"right":565,"left":16,"width":549,"height":350.0625},{"identifier":"36379158","top":25174.0625,"bottom":26566.625,"right":565,"left":16,"width":549,"height":1392.5625}]}},{"timestamp":"2022-11-13T15:05:12.591Z","url":"https://stackoverflow.com/questions/979256/sorting-an-array-of-objects-by-property-values","component":"page","action":"scroll","data":{"viewport":{"x":0,"y":922,"height":858,"width":555},"document":{"height":29817,"width":538},"question":{"identifier":"979256","top":-811.796875,"bottom":111.984375,"right":522,"left":16,"width":506,"height":923.78125},"answers":[{"identifier":"979289","top":229.265625,"bottom":1356.703125,"right":522,"left":16,"width":506,"height":1127.4375},{"identifier":"979325","top":1356.703125,"bottom":2564.140625,"right":522,"left":16,"width":506,"height":1207.4375},{"identifier":"979278","top":2564.140625,"bottom":3192.515625,"right":522,"left":16,"width":506,"height":628.375},{"identifier":"19970578","top":3192.515625,"bottom":4052.328125,"right":522,"left":16,"width":506,"height":859.8125},{"identifier":"40796335","top":4052.328125,"bottom":5071.890625,"right":522,"left":16,"width":506,"height":1019.5625},{"identifier":"979295","top":5071.890625,"bottom":5591.640625,"right":522,"left":16,"width":506,"height":519.75},{"identifier":"26762192","top":5591.640625,"bottom":8065.125,"right":522,"left":16,"width":506,"height":2473.484375},{"identifier":"37440769","top":8065.125,"bottom":8767,"right":522,"left":16,"width":506,"height":701.875},{"identifier":"54346678","top":8767,"bottom":9240.8125,"right":522,"left":16,"width":506,"height":473.8125},{"identifier":"60641752","top":9240.8125,"bottom":9743.8125,"right":522,"left":16,"width":506,"height":503},{"identifier":"45534960","top":9743.8125,"bottom":10688.75,"right":522,"left":16,"width":506,"height":944.9375},{"identifier":"56594176","top":10688.75,"bottom":11075.3125,"right":522,"left":16,"width":506,"height":386.5625},{"identifier":"50652203","top":11075.3125,"bottom":12269.375,"right":522,"left":16,"width":506,"height":1194.0625},{"identifier":"21399152","top":12269.375,"bottom":13295.5625,"right":522,"left":16,"width":506,"height":1026.1875},{"identifier":"20421221","top":13295.5625,"bottom":14525.125,"right":522,"left":16,"width":506,"height":1229.5625},{"identifier":"979296","top":14525.125,"bottom":14991.1875,"right":522,"left":16,"width":506,"height":466.0625},{"identifier":"25624937","top":14991.1875,"bottom":15853.75,"right":522,"left":16,"width":506,"height":862.5625},{"identifier":"32773923","top":15853.75,"bottom":17398.375,"right":522,"left":16,"width":506,"height":1544.625},{"identifier":"38585024","top":17398.375,"bottom":17690.9375,"right":522,"left":16,"width":506,"height":292.5625},{"identifier":"48662313","top":17690.9375,"bottom":18597.5,"right":522,"left":16,"width":506,"height":906.5625},{"identifier":"66636162","top":18597.5,"bottom":19885.3125,"right":522,"left":16,"width":506,"height":1287.8125},{"identifier":"30066050","top":19885.3125,"bottom":20233.375,"right":522,"left":16,"width":506,"height":348.0625},{"identifier":"42100506","top":20233.375,"bottom":21476.0625,"right":522,"left":16,"width":506,"height":1242.6875},{"identifier":"55088845","top":21476.0625,"bottom":22305.125,"right":522,"left":16,"width":506,"height":829.0625},{"identifier":"72601832","top":22305.125,"bottom":22854.6875,"right":522,"left":16,"width":506,"height":549.5625},{"identifier":"43635307","top":22854.6875,"bottom":23288.75,"right":522,"left":16,"width":506,"height":434.0625},{"identifier":"49146133","top":23288.75,"bottom":24359.8125,"right":522,"left":16,"width":506,"height":1071.0625},{"identifier":"26650562","top":24359.8125,"bottom":25211.375,"right":522,"left":16,"width":506,"height":851.5625},{"identifier":"28247369","top":25211.375,"bottom":25571.4375,"right":522,"left":16,"width":506,"height":360.0625},{"identifier":"36379158","top":25571.4375,"bottom":26964,"right":522,"left":16,"width":506,"height":1392.5625}]}},{"timestamp":"2022-11-13T15:10:10.471Z","url":"https://stackoverflow.com/questions/979256/sorting-an-array-of-objects-by-property-values","component":"page","action":"scroll","data":{"viewport":{"x":0,"y":922,"height":858,"width":555},"document":{"height":29817,"width":538},"question":{"identifier":"979256","top":-811.796875,"bottom":111.984375,"right":522,"left":16,"width":506,"height":923.78125},"answers":[{"identifier":"979289","top":229.265625,"bottom":1356.703125,"right":522,"left":16,"width":506,"height":1127.4375},{"identifier":"979325","top":1356.703125,"bottom":2564.140625,"right":522,"left":16,"width":506,"height":1207.4375},{"identifier":"979278","top":2564.140625,"bottom":3192.515625,"right":522,"left":16,"width":506,"height":628.375},{"identifier":"19970578","top":3192.515625,"bottom":4052.328125,"right":522,"left":16,"width":506,"height":859.8125},{"identifier":"40796335","top":4052.328125,"bottom":5071.890625,"right":522,"left":16,"width":506,"height":1019.5625},{"identifier":"979295","top":5071.890625,"bottom":5591.640625,"right":522,"left":16,"width":506,"height":519.75},{"identifier":"26762192","top":5591.640625,"bottom":8065.125,"right":522,"left":16,"width":506,"height":2473.484375},{"identifier":"37440769","top":8065.125,"bottom":8767,"right":522,"left":16,"width":506,"height":701.875},{"identifier":"54346678","top":8767,"bottom":9240.8125,"right":522,"left":16,"width":506,"height":473.8125},{"identifier":"60641752","top":9240.8125,"bottom":9743.8125,"right":522,"left":16,"width":506,"height":503},{"identifier":"45534960","top":9743.8125,"bottom":10688.75,"right":522,"left":16,"width":506,"height":944.9375},{"identifier":"56594176","top":10688.75,"bottom":11075.3125,"right":522,"left":16,"width":506,"height":386.5625},{"identifier":"50652203","top":11075.3125,"bottom":12269.375,"right":522,"left":16,"width":506,"height":1194.0625},{"identifier":"21399152","top":12269.375,"bottom":13295.5625,"right":522,"left":16,"width":506,"height":1026.1875},{"identifier":"20421221","top":13295.5625,"bottom":14525.125,"right":522,"left":16,"width":506,"height":1229.5625},{"identifier":"979296","top":14525.125,"bottom":14991.1875,"right":522,"left":16,"width":506,"height":466.0625},{"identifier":"25624937","top":14991.1875,"bottom":15853.75,"right":522,"left":16,"width":506,"height":862.5625},{"identifier":"32773923","top":15853.75,"bottom":17398.375,"right":522,"left":16,"width":506,"height":1544.625},{"identifier":"38585024","top":17398.375,"bottom":17690.9375,"right":522,"left":16,"width":506,"height":292.5625},{"identifier":"48662313","top":17690.9375,"bottom":18597.5,"right":522,"left":16,"width":506,"height":906.5625},{"identifier":"66636162","top":18597.5,"bottom":19885.3125,"right":522,"left":16,"width":506,"height":1287.8125},{"identifier":"30066050","top":19885.3125,"bottom":20233.375,"right":522,"left":16,"width":506,"height":348.0625},{"identifier":"42100506","top":20233.375,"bottom":21476.0625,"right":522,"left":16,"width":506,"height":1242.6875},{"identifier":"55088845","top":21476.0625,"bottom":22305.125,"right":522,"left":16,"width":506,"height":829.0625},{"identifier":"72601832","top":22305.125,"bottom":22854.6875,"right":522,"left":16,"width":506,"height":549.5625},{"identifier":"43635307","top":22854.6875,"bottom":23288.75,"right":522,"left":16,"width":506,"height":434.0625},{"identifier":"49146133","top":23288.75,"bottom":24359.8125,"right":522,"left":16,"width":506,"height":1071.0625},{"identifier":"26650562","top":24359.8125,"bottom":25211.375,"right":522,"left":16,"width":506,"height":851.5625},{"identifier":"28247369","top":25211.375,"bottom":25571.4375,"right":522,"left":16,"width":506,"height":360.0625},{"identifier":"36379158","top":25571.4375,"bottom":26964,"right":522,"left":16,"width":506,"height":1392.5625}]}}]}]}