{"trialId":"69302_1","taskId":"find","appEvents":[{"timestamp":"2022-11-18T12:31:04.212Z","name":"search","data":"search-start"},{"timestamp":"2022-11-18T12:31:05.421Z","name":"search","data":"search-done"},{"timestamp":"2022-11-18T12:32:47.600Z","name":"resize","data":{"height":0,"width":0}},{"timestamp":"2022-11-18T12:36:14.108Z","name":"resize","data":{"height":666,"width":583}}],"searches":[{"keywords":["find","item","in","array","by","value"],"context":{"tokens":[{"kind":"language","value":"javascript"}]},"timestamp":"2022-11-18T12:31:04.212Z","results":[{"signatures":[],"areSignaturesLoading":true,"title":"Find a value in an array of objects in Javascript - Stack Overflow","url":"https://stackoverflow.com/questions/12462318/find-a-value-in-an-array-of-objects-in-javascript","displayLink":"https://stackoverflow.com › questions › find-a-value-in-...","date":"Sep 17, 2012","snippet":"The find() method returns the first value that matches from the collection. Once it matches the value in findings, it will not check the ...","snippetHighlightWords":["find","value","value","check"]},{"signatures":[],"areSignaturesLoading":true,"title":"How to find if an array contains a specific string in JavaScript ...","url":"https://stackoverflow.com/questions/6116474/how-to-find-if-an-array-contains-a-specific-string-in-javascript-jquery","displayLink":"https://stackoverflow.com › questions › how-to-find-if-...","date":"May 24, 2011","snippet":"var found = categories.includes('specialword');. No comparisons and no confusing -1 results. It does what we want: it returns true ..."},{"signatures":[],"areSignaturesLoading":true,"title":"Find object with specific value in array - Stack Overflow","url":"https://stackoverflow.com/questions/52460473/find-object-with-specific-value-in-array","displayLink":"https://stackoverflow.com › questions › find-object-wit...","date":"Sep 22, 2018","snippet":"Now, I would like to check if my array contains an object with the name \"Mike\". How do I go about this in javascript? I am thinking something ...","snippetHighlightWords":["check","array","object","javascript"]},{"signatures":[],"areSignaturesLoading":true,"title":"Get JavaScript object from array of objects by value of property","url":"https://stackoverflow.com/questions/13964155/get-javascript-object-from-array-of-objects-by-value-of-property","displayLink":"https://stackoverflow.com › questions › get-javascript-o...","date":"Dec 20, 2012","snippet":"The find() method returns a value in the array, if an element in the array satisfies the provided testing function.","snippetHighlightWords":["find","value","array","element","array"]},{"signatures":[],"areSignaturesLoading":true,"title":"Find object by id in an array of JavaScript objects","url":"https://stackoverflow.com/questions/7364150/find-object-by-id-in-an-array-of-javascript-objects","displayLink":"https://stackoverflow.com › questions › find-object-by-i...","snippet":"Use the find() method: myArray.find(x => x.id === '45').foo;. From MDN: The find() method returns the first value in the array, ...","snippetHighlightWords":["find","find","find","value","array"],"extensions":["Sep 9, 2011","36 answers"]},{"signatures":[],"areSignaturesLoading":true,"title":"Find all matching elements with in an array of objects [duplicate]","url":"https://stackoverflow.com/questions/52311150/find-all-matching-elements-with-in-an-array-of-objects","displayLink":"https://stackoverflow.com › questions › find-all-matchi...","snippet":"Two things: first, Array.find() returns the first matching element, undefined if it finds nothing. Array.filter returns a new array ...","snippetHighlightWords":["Array","find","element","Array","array"],"extensions":["Sep 13, 2018","6 answers"]},{"signatures":[],"areSignaturesLoading":true,"title":"How do I check if an array includes a value in JavaScript?","url":"https://stackoverflow.com/questions/237104/how-do-i-check-if-an-array-includes-a-value-in-javascript","displayLink":"https://stackoverflow.com › questions › how-do-i-check...","snippet":"inArray is a terrible name for a function that returns the index of the element, and -1 if it doesn't exist. I would expect a boolean to be returned. – Tim. Jul ...","snippetHighlightWords":["element"]},{"signatures":[],"areSignaturesLoading":true,"title":"How can I find and update values in an array of objects?","url":"https://stackoverflow.com/questions/35206125/how-can-i-find-and-update-values-in-an-array-of-objects","displayLink":"https://stackoverflow.com › questions › how-can-i-find-...","date":"Feb 4, 2016","snippet":"var item = {...} var items = [{id:2}, {id:2}, {id: ...","snippetHighlightWords":["item"]},{"signatures":[],"areSignaturesLoading":true,"title":"Find an item in array and get whats left - Stack Overflow","url":"https://stackoverflow.com/questions/57607836/find-an-item-in-array-and-get-whats-left","displayLink":"https://stackoverflow.com › questions › find-an-item-in...","date":"Aug 22, 2019","snippet":"var fruit = [ \"apples\", \"pears\" ]; var alreadyHave = \"apples\"; for( var i = 0; i < fruit.length; i++){ if (! fruit[i] === alreadyHave) { fruit."},{"signatures":[],"areSignaturesLoading":true,"title":"Best way to find if an item is in a JavaScript array? [duplicate]","url":"https://stackoverflow.com/questions/143847/best-way-to-find-if-an-item-is-in-a-javascript-array","displayLink":"https://stackoverflow.com › questions › best-way-to-fin...","snippet":"Note that \"inArray\" is a misnomer, because it doesn't return boolean value - it returns index of first element found. So if you are checking if ...","extensions":["Sep 27, 2008","8 answers"]}],"events":[{"timestamp":"2022-11-18T12:31:04.229Z","url":"https://stackoverflow.com/questions/12462318/find-a-value-in-an-array-of-objects-in-javascript","component":"projection","action":"load","data":{"height":38,"width":502.4624938964844,"wc":25,"lc":1}},{"timestamp":"2022-11-18T12:31:04.229Z","url":"https://stackoverflow.com/questions/6116474/how-to-find-if-an-array-contains-a-specific-string-in-javascript-jquery","component":"projection","action":"load","data":{"height":38,"width":536.6124877929688,"wc":20,"lc":1}},{"timestamp":"2022-11-18T12:31:04.229Z","url":"https://stackoverflow.com/questions/52460473/find-object-with-specific-value-in-array","component":"projection","action":"load","data":{"height":38,"width":520.9874877929688,"wc":29,"lc":1}},{"timestamp":"2022-11-18T12:31:04.229Z","url":"https://stackoverflow.com/questions/13964155/get-javascript-object-from-array-of-objects-by-value-of-property","component":"projection","action":"load","data":{"height":38,"width":531.0375366210938,"wc":20,"lc":1}},{"timestamp":"2022-11-18T12:31:04.229Z","url":"https://stackoverflow.com/questions/7364150/find-object-by-id-in-an-array-of-javascript-objects","component":"projection","action":"load","data":{"height":38,"width":523.7875366210938,"wc":22,"lc":1}},{"timestamp":"2022-11-18T12:31:04.229Z","url":"https://stackoverflow.com/questions/52311150/find-all-matching-elements-with-in-an-array-of-objects","component":"projection","action":"load","data":{"height":38,"width":531.7999877929688,"wc":20,"lc":1}},{"timestamp":"2022-11-18T12:31:04.229Z","url":"https://stackoverflow.com/questions/237104/how-do-i-check-if-an-array-includes-a-value-in-javascript","component":"projection","action":"load","data":{"height":38,"width":550.1375122070312,"wc":33,"lc":1}},{"timestamp":"2022-11-18T12:31:04.229Z","url":"https://stackoverflow.com/questions/35206125/how-can-i-find-and-update-values-in-an-array-of-objects","component":"projection","action":"load","data":{"height":16,"width":291.8125,"wc":11,"lc":1}},{"timestamp":"2022-11-18T12:31:04.230Z","url":"https://stackoverflow.com/questions/57607836/find-an-item-in-array-and-get-whats-left","component":"projection","action":"load","data":{"height":38,"width":544.2625122070312,"wc":27,"lc":1}},{"timestamp":"2022-11-18T12:31:04.230Z","url":"https://stackoverflow.com/questions/143847/best-way-to-find-if-an-item-is-in-a-javascript-array","component":"projection","action":"load","data":{"height":38,"width":532.5750122070312,"wc":27,"lc":1}},{"timestamp":"2022-11-18T12:31:04.338Z","url":"https://stackoverflow.com/questions/52460473/find-object-with-specific-value-in-array","component":"projection","action":"mouseenter"},{"timestamp":"2022-11-18T12:31:04.821Z","url":"https://stackoverflow.com/questions/52460473/find-object-with-specific-value-in-array","component":"projection","action":"mouseleave"},{"timestamp":"2022-11-18T12:31:04.821Z","url":"https://stackoverflow.com/questions/6116474/how-to-find-if-an-array-contains-a-specific-string-in-javascript-jquery","component":"projection","action":"mouseenter"},{"timestamp":"2022-11-18T12:31:04.823Z","url":"https://stackoverflow.com/questions/6116474/how-to-find-if-an-array-contains-a-specific-string-in-javascript-jquery","component":"projection","action":"mouseleave"},{"timestamp":"2022-11-18T12:31:05.421Z","url":"https://stackoverflow.com/questions/12462318/find-a-value-in-an-array-of-objects-in-javascript","component":"projection","action":"loaded","data":"projection 10 of 10"},{"timestamp":"2022-11-18T12:31:05.421Z","url":"https://stackoverflow.com/questions/6116474/how-to-find-if-an-array-contains-a-specific-string-in-javascript-jquery","component":"projection","action":"loaded","data":"projection 9 of 10"},{"timestamp":"2022-11-18T12:31:05.421Z","url":"https://stackoverflow.com/questions/52460473/find-object-with-specific-value-in-array","component":"projection","action":"loaded","data":"projection 8 of 10"},{"timestamp":"2022-11-18T12:31:05.421Z","url":"https://stackoverflow.com/questions/13964155/get-javascript-object-from-array-of-objects-by-value-of-property","component":"projection","action":"loaded","data":"projection 7 of 10"},{"timestamp":"2022-11-18T12:31:05.421Z","url":"https://stackoverflow.com/questions/7364150/find-object-by-id-in-an-array-of-javascript-objects","component":"projection","action":"loaded","data":"projection 6 of 10"},{"timestamp":"2022-11-18T12:31:05.421Z","url":"https://stackoverflow.com/questions/52311150/find-all-matching-elements-with-in-an-array-of-objects","component":"projection","action":"loaded","data":"projection 5 of 10"},{"timestamp":"2022-11-18T12:31:05.421Z","url":"https://stackoverflow.com/questions/237104/how-do-i-check-if-an-array-includes-a-value-in-javascript","component":"projection","action":"loaded","data":"projection 4 of 10"},{"timestamp":"2022-11-18T12:31:05.421Z","url":"https://stackoverflow.com/questions/35206125/how-can-i-find-and-update-values-in-an-array-of-objects","component":"projection","action":"loaded","data":"projection 3 of 10"},{"timestamp":"2022-11-18T12:31:05.421Z","url":"https://stackoverflow.com/questions/57607836/find-an-item-in-array-and-get-whats-left","component":"projection","action":"loaded","data":"projection 2 of 10"},{"timestamp":"2022-11-18T12:31:05.421Z","url":"https://stackoverflow.com/questions/143847/best-way-to-find-if-an-item-is-in-a-javascript-array","component":"projection","action":"loaded","data":"projection 1 of 10"},{"timestamp":"2022-11-18T12:31:07.137Z","url":"https://stackoverflow.com/questions/12462318/find-a-value-in-an-array-of-objects-in-javascript","component":"projection","action":"mouseenter"},{"timestamp":"2022-11-18T12:31:07.903Z","url":"https://stackoverflow.com/questions/12462318/find-a-value-in-an-array-of-objects-in-javascript","component":"projection","action":"mouseleave"},{"timestamp":"2022-11-18T12:31:07.904Z","url":"https://stackoverflow.com/questions/6116474/how-to-find-if-an-array-contains-a-specific-string-in-javascript-jquery","component":"projection","action":"mouseenter"},{"timestamp":"2022-11-18T12:31:10.103Z","url":"https://stackoverflow.com/questions/6116474/how-to-find-if-an-array-contains-a-specific-string-in-javascript-jquery","component":"projection","action":"mouseleave"},{"timestamp":"2022-11-18T12:31:10.104Z","url":"https://stackoverflow.com/questions/52460473/find-object-with-specific-value-in-array","component":"projection","action":"mouseenter"},{"timestamp":"2022-11-18T12:31:10.137Z","url":"https://stackoverflow.com/questions/52460473/find-object-with-specific-value-in-array","component":"projection","action":"mouseleave"},{"timestamp":"2022-11-18T12:31:10.137Z","url":"https://stackoverflow.com/questions/13964155/get-javascript-object-from-array-of-objects-by-value-of-property","component":"projection","action":"mouseenter"},{"timestamp":"2022-11-18T12:31:10.187Z","url":"https://stackoverflow.com/questions/13964155/get-javascript-object-from-array-of-objects-by-value-of-property","component":"projection","action":"mouseleave"},{"timestamp":"2022-11-18T12:31:10.187Z","url":"https://stackoverflow.com/questions/7364150/find-object-by-id-in-an-array-of-javascript-objects","component":"projection","action":"mouseenter"},{"timestamp":"2022-11-18T12:31:10.240Z","url":"https://stackoverflow.com/questions/7364150/find-object-by-id-in-an-array-of-javascript-objects","component":"projection","action":"mouseleave"},{"timestamp":"2022-11-18T12:31:11.354Z","url":"https://stackoverflow.com/questions/7364150/find-object-by-id-in-an-array-of-javascript-objects","component":"projection","action":"mouseenter"},{"timestamp":"2022-11-18T12:31:11.854Z","url":"https://stackoverflow.com/questions/7364150/find-object-by-id-in-an-array-of-javascript-objects","component":"projection","action":"mouseleave"},{"timestamp":"2022-11-18T12:31:11.854Z","url":"https://stackoverflow.com/questions/13964155/get-javascript-object-from-array-of-objects-by-value-of-property","component":"projection","action":"mouseenter"},{"timestamp":"2022-11-18T12:31:11.887Z","url":"https://stackoverflow.com/questions/13964155/get-javascript-object-from-array-of-objects-by-value-of-property","component":"projection","action":"mouseleave"},{"timestamp":"2022-11-18T12:31:11.887Z","url":"https://stackoverflow.com/questions/52460473/find-object-with-specific-value-in-array","component":"projection","action":"mouseenter"},{"timestamp":"2022-11-18T12:31:11.920Z","url":"https://stackoverflow.com/questions/52460473/find-object-with-specific-value-in-array","component":"projection","action":"mouseleave"},{"timestamp":"2022-11-18T12:31:11.921Z","url":"https://stackoverflow.com/questions/6116474/how-to-find-if-an-array-contains-a-specific-string-in-javascript-jquery","component":"projection","action":"mouseenter"},{"timestamp":"2022-11-18T12:31:15.720Z","url":"https://stackoverflow.com/questions/6116474/how-to-find-if-an-array-contains-a-specific-string-in-javascript-jquery","component":"projection","action":"mouseleave"},{"timestamp":"2022-11-18T12:31:15.721Z","url":"https://stackoverflow.com/questions/12462318/find-a-value-in-an-array-of-objects-in-javascript","component":"projection","action":"mouseenter"},{"timestamp":"2022-11-18T12:31:15.770Z","url":"https://stackoverflow.com/questions/12462318/find-a-value-in-an-array-of-objects-in-javascript","component":"projection","action":"mouseleave"},{"timestamp":"2022-11-18T12:31:19.304Z","url":"https://stackoverflow.com/questions/12462318/find-a-value-in-an-array-of-objects-in-javascript","component":"projection","action":"mouseenter"},{"timestamp":"2022-11-18T12:31:19.487Z","url":"https://stackoverflow.com/questions/12462318/find-a-value-in-an-array-of-objects-in-javascript","component":"projection","action":"mouseleave"},{"timestamp":"2022-11-18T12:31:19.488Z","url":"https://stackoverflow.com/questions/6116474/how-to-find-if-an-array-contains-a-specific-string-in-javascript-jquery","component":"projection","action":"mouseenter"},{"timestamp":"2022-11-18T12:31:21.820Z","url":"https://stackoverflow.com/questions/6116474/how-to-find-if-an-array-contains-a-specific-string-in-javascript-jquery","component":"projection","action":"mouseleave"},{"timestamp":"2022-11-18T12:31:21.821Z","url":"https://stackoverflow.com/questions/52460473/find-object-with-specific-value-in-array","component":"projection","action":"mouseenter"},{"timestamp":"2022-11-18T12:31:22.921Z","url":"https://stackoverflow.com/questions/52460473/find-object-with-specific-value-in-array","component":"page","action":"open"},{"timestamp":"2022-11-18T12:31:22.938Z","url":"https://stackoverflow.com/questions/52460473/find-object-with-specific-value-in-array","component":"projection","action":"mouseleave"},{"timestamp":"2022-11-18T12:31:23.649Z","url":"https://stackoverflow.com/questions/52460473/find-object-with-specific-value-in-array","component":"page","action":"load"},{"timestamp":"2022-11-18T12:31:25.700Z","url":"https://stackoverflow.com/questions/52460473/find-object-with-specific-value-in-array","component":"page","action":"scroll","data":{"viewport":{"x":0,"y":57.599998474121094,"height":606,"width":579},"document":{"height":5500,"width":562},"question":{"identifier":"52460473","top":52.61249923706055,"bottom":1073.8624992370605,"right":546.4000244140625,"left":16,"width":530.4000244140625,"height":1021.25},"answers":[{"identifier":"52460509","top":1154.1500244140625,"bottom":2180.4500732421875,"right":546.4000244140625,"left":16,"width":530.4000244140625,"height":1026.300048828125},{"identifier":"52460496","top":2180.449951171875,"bottom":2497.012451171875,"right":546.4000244140625,"left":16,"width":530.4000244140625,"height":316.5625},{"identifier":"52460531","top":2497.012451171875,"bottom":2752.574951171875,"right":546.4000244140625,"left":16,"width":530.4000244140625,"height":255.5625},{"identifier":"52460547","top":2752.574951171875,"bottom":3346.824951171875,"right":546.4000244140625,"left":16,"width":530.4000244140625,"height":594.25},{"identifier":"52460497","top":3346.824951171875,"bottom":3859.1749877929688,"right":546.4000244140625,"left":16,"width":530.4000244140625,"height":512.3500366210938}]}},{"timestamp":"2022-11-18T12:31:28.841Z","url":"https://stackoverflow.com/questions/52460473/find-object-with-specific-value-in-array","component":"page","action":"scroll","data":{"viewport":{"x":0,"y":276.79998779296875,"height":606,"width":579},"document":{"height":5500,"width":562},"question":{"identifier":"52460473","top":-166.58750915527344,"bottom":854.6624908447266,"right":546.4000244140625,"left":16,"width":530.4000244140625,"height":1021.25},"answers":[{"identifier":"52460509","top":934.9500122070312,"bottom":1961.2500610351562,"right":546.4000244140625,"left":16,"width":530.4000244140625,"height":1026.300048828125},{"identifier":"52460496","top":1961.25,"bottom":2277.8125,"right":546.4000244140625,"left":16,"width":530.4000244140625,"height":316.5625},{"identifier":"52460531","top":2277.8125,"bottom":2533.375,"right":546.4000244140625,"left":16,"width":530.4000244140625,"height":255.5625},{"identifier":"52460547","top":2533.375,"bottom":3127.625,"right":546.4000244140625,"left":16,"width":530.4000244140625,"height":594.25},{"identifier":"52460497","top":3127.625,"bottom":3639.9750366210938,"right":546.4000244140625,"left":16,"width":530.4000244140625,"height":512.3500366210938}]}},{"timestamp":"2022-11-18T12:31:34.534Z","url":"https://stackoverflow.com/questions/52460473/find-object-with-specific-value-in-array","component":"page","action":"scroll","data":{"viewport":{"x":0,"y":1478.4000244140625,"height":606,"width":579},"document":{"height":5500,"width":562},"question":{"identifier":"52460473","top":-1368.1875,"bottom":-346.9375,"right":546.4000244140625,"left":16,"width":530.4000244140625,"height":1021.25},"answers":[{"identifier":"52460509","top":-266.6499938964844,"bottom":759.6500549316406,"right":546.4000244140625,"left":16,"width":530.4000244140625,"height":1026.300048828125},{"identifier":"52460496","top":759.6500244140625,"bottom":1076.2125244140625,"right":546.4000244140625,"left":16,"width":530.4000244140625,"height":316.5625},{"identifier":"52460531","top":1076.2125244140625,"bottom":1331.7750244140625,"right":546.4000244140625,"left":16,"width":530.4000244140625,"height":255.5625},{"identifier":"52460547","top":1331.7750244140625,"bottom":1926.0250244140625,"right":546.4000244140625,"left":16,"width":530.4000244140625,"height":594.25},{"identifier":"52460497","top":1926.0250244140625,"bottom":2438.3750610351562,"right":546.4000244140625,"left":16,"width":530.4000244140625,"height":512.3500366210938}]}},{"timestamp":"2022-11-18T12:31:49.815Z","url":"https://stackoverflow.com/questions/52460473/find-object-with-specific-value-in-array","component":"page","action":"scroll","data":{"viewport":{"x":0,"y":1161.5999755859375,"height":606,"width":579},"document":{"height":5500,"width":562},"question":{"identifier":"52460473","top":-1051.3875732421875,"bottom":-30.1375732421875,"right":546.4000244140625,"left":16,"width":530.4000244140625,"height":1021.25},"answers":[{"identifier":"52460509","top":50.150001525878906,"bottom":1076.450050354004,"right":546.4000244140625,"left":16,"width":530.4000244140625,"height":1026.300048828125},{"identifier":"52460496","top":1076.4500732421875,"bottom":1393.0125732421875,"right":546.4000244140625,"left":16,"width":530.4000244140625,"height":316.5625},{"identifier":"52460531","top":1393.0125732421875,"bottom":1648.5750732421875,"right":546.4000244140625,"left":16,"width":530.4000244140625,"height":255.5625},{"identifier":"52460547","top":1648.5750732421875,"bottom":2242.8250732421875,"right":546.4000244140625,"left":16,"width":530.4000244140625,"height":594.25},{"identifier":"52460497","top":2242.824951171875,"bottom":2755.1749877929688,"right":546.4000244140625,"left":16,"width":530.4000244140625,"height":512.3500366210938}]}},{"timestamp":"2022-11-18T12:31:53.092Z","url":"https://stackoverflow.com/questions/52460473/find-object-with-specific-value-in-array","component":"page","action":"scroll","data":{"viewport":{"x":0,"y":1264.800048828125,"height":606,"width":579},"document":{"height":5500,"width":562},"question":{"identifier":"52460473","top":-1154.5875244140625,"bottom":-133.3375244140625,"right":546.4000244140625,"left":16,"width":530.4000244140625,"height":1021.25},"answers":[{"identifier":"52460509","top":-53.04999923706055,"bottom":973.2500495910645,"right":546.4000244140625,"left":16,"width":530.4000244140625,"height":1026.300048828125},{"identifier":"52460496","top":973.25,"bottom":1289.8125,"right":546.4000244140625,"left":16,"width":530.4000244140625,"height":316.5625},{"identifier":"52460531","top":1289.8125,"bottom":1545.375,"right":546.4000244140625,"left":16,"width":530.4000244140625,"height":255.5625},{"identifier":"52460547","top":1545.375,"bottom":2139.625,"right":546.4000244140625,"left":16,"width":530.4000244140625,"height":594.25},{"identifier":"52460497","top":2139.625,"bottom":2651.9750366210938,"right":546.4000244140625,"left":16,"width":530.4000244140625,"height":512.3500366210938}]}},{"timestamp":"2022-11-18T12:31:56.499Z","url":"https://stackoverflow.com/questions/52460473/find-object-with-specific-value-in-array","component":"page","action":"scroll","data":{"viewport":{"x":0,"y":1348.800048828125,"height":606,"width":579},"document":{"height":5500,"width":562},"question":{"identifier":"52460473","top":-1238.5875244140625,"bottom":-217.3375244140625,"right":546.4000244140625,"left":16,"width":530.4000244140625,"height":1021.25},"answers":[{"identifier":"52460509","top":-137.0500030517578,"bottom":889.2500457763672,"right":546.4000244140625,"left":16,"width":530.4000244140625,"height":1026.300048828125},{"identifier":"52460496","top":889.25,"bottom":1205.8125,"right":546.4000244140625,"left":16,"width":530.4000244140625,"height":316.5625},{"identifier":"52460531","top":1205.8125,"bottom":1461.375,"right":546.4000244140625,"left":16,"width":530.4000244140625,"height":255.5625},{"identifier":"52460547","top":1461.375,"bottom":2055.625,"right":546.4000244140625,"left":16,"width":530.4000244140625,"height":594.25},{"identifier":"52460497","top":2055.625,"bottom":2567.9750366210938,"right":546.4000244140625,"left":16,"width":530.4000244140625,"height":512.3500366210938}]}},{"timestamp":"2022-11-18T12:31:57.914Z","url":"https://stackoverflow.com/questions/52460473/find-object-with-specific-value-in-array","component":"page","action":"scroll","data":{"viewport":{"x":0,"y":1424.800048828125,"height":606,"width":579},"document":{"height":5500,"width":562},"question":{"identifier":"52460473","top":-1314.5875244140625,"bottom":-293.3375244140625,"right":546.4000244140625,"left":16,"width":530.4000244140625,"height":1021.25},"answers":[{"identifier":"52460509","top":-213.0500030517578,"bottom":813.2500457763672,"right":546.4000244140625,"left":16,"width":530.4000244140625,"height":1026.300048828125},{"identifier":"52460496","top":813.25,"bottom":1129.8125,"right":546.4000244140625,"left":16,"width":530.4000244140625,"height":316.5625},{"identifier":"52460531","top":1129.8125,"bottom":1385.375,"right":546.4000244140625,"left":16,"width":530.4000244140625,"height":255.5625},{"identifier":"52460547","top":1385.375,"bottom":1979.625,"right":546.4000244140625,"left":16,"width":530.4000244140625,"height":594.25},{"identifier":"52460497","top":1979.625,"bottom":2491.9750366210938,"right":546.4000244140625,"left":16,"width":530.4000244140625,"height":512.3500366210938}]}},{"timestamp":"2022-11-18T12:32:03.047Z","url":"https://stackoverflow.com/questions/52460473/find-object-with-specific-value-in-array","component":"page","action":"selection","data":"users.find(item => item.name === 'Mike');"},{"timestamp":"2022-11-18T12:32:03.786Z","url":"https://stackoverflow.com/questions/52460473/find-object-with-specific-value-in-array","component":"page","action":"copy","data":"users.find(item => item.name === 'Mike');"},{"timestamp":"2022-11-18T12:32:11.635Z","url":"https://stackoverflow.com/questions/52460473/find-object-with-specific-value-in-array","component":"page","action":"scroll","data":{"viewport":{"x":0,"y":1188.800048828125,"height":606,"width":579},"document":{"height":5500,"width":562},"question":{"identifier":"52460473","top":-1078.5875244140625,"bottom":-57.3375244140625,"right":546.4000244140625,"left":16,"width":530.4000244140625,"height":1021.25},"answers":[{"identifier":"52460509","top":22.950000762939453,"bottom":1049.2500495910645,"right":546.4000244140625,"left":16,"width":530.4000244140625,"height":1026.300048828125},{"identifier":"52460496","top":1049.25,"bottom":1365.8125,"right":546.4000244140625,"left":16,"width":530.4000244140625,"height":316.5625},{"identifier":"52460531","top":1365.8125,"bottom":1621.375,"right":546.4000244140625,"left":16,"width":530.4000244140625,"height":255.5625},{"identifier":"52460547","top":1621.375,"bottom":2215.625,"right":546.4000244140625,"left":16,"width":530.4000244140625,"height":594.25},{"identifier":"52460497","top":2215.625,"bottom":2727.9750366210938,"right":546.4000244140625,"left":16,"width":530.4000244140625,"height":512.3500366210938}]}}]}]}