{"trialId":"69302_1","taskId":"recent","appEvents":[{"timestamp":"2022-11-18T12:36:31.787Z","name":"search","data":"search-start"},{"timestamp":"2022-11-18T12:36:35.519Z","name":"search","data":"search-done"},{"timestamp":"2022-11-18T12:36:49.634Z","name":"search","data":"search-start"},{"timestamp":"2022-11-18T12:36:56.344Z","name":"search","data":"search-done"},{"timestamp":"2022-11-18T12:37:47.360Z","name":"search","data":"search-start"},{"timestamp":"2022-11-18T12:37:48.577Z","name":"search","data":"search-done"},{"timestamp":"2022-11-18T12:37:53.806Z","name":"resize","data":{"height":0,"width":0}},{"timestamp":"2022-11-18T12:42:27.511Z","name":"resize","data":{"height":666,"width":583}}],"searches":[{"keywords":["date","difference","operations"],"context":{"tokens":[{"kind":"library","value":"moment"},{"kind":"language","value":"javascript"}]},"timestamp":"2022-11-18T12:36:31.786Z","results":[{"signatures":[],"areSignaturesLoading":true,"title":"Get hours difference between two dates in Moment Js","snippet":"You were close. You just need to use the duration.asHours() method (see the docs). var duration = moment.duration(end.diff(startTime)); var hours = duration ...","url":"https://stackoverflow.com/questions/25150570/get-hours-difference-between-two-dates-in-moment-js","displayLink":"https://stackoverflow.com › questions › get-hours-differ...","snippetHighlightWords":["duration.asHours() method"],"date":"17 answers"},{"signatures":[],"areSignaturesLoading":true,"title":"How to subtract 2 dates on momentjs - Stack Overflow","snippet":"You are correct, you can use moment's diff function to subtract two dates (see my example on Plunker): var date1 = moment('2016-10-08 10:29:23'); var date2 ...","url":"https://stackoverflow.com/questions/40459932/how-to-subtract-2-dates-on-momentjs","displayLink":"https://stackoverflow.com › questions › how-to-subtract...","snippetHighlightWords":["use moment's diff function to subtract two dates"],"date":"1 answer"},{"signatures":[],"areSignaturesLoading":true,"title":"Using Moment.JS to calculate difference between two dates in ...","snippet":"moment.js is pretty smart to understand two different formats and make operations with that dates. I've tried this and it works:","url":"https://stackoverflow.com/questions/69637547/using-moment-js-to-calculate-difference-between-two-dates-in-different-formats","displayLink":"https://stackoverflow.com › questions › using-moment-j...","snippetHighlightWords":["moment","js","different","operations","dates"],"date":"Oct 19, 2021 2 answers"},{"signatures":[],"areSignaturesLoading":true,"title":"Moment js date time comparison - Stack Overflow","snippet":"I'm using moment.js to format my date time, here I have two date values, and I want to achieve a particular function when one date is ...","url":"https://stackoverflow.com/questions/22600856/moment-js-date-time-comparison","displayLink":"https://stackoverflow.com › questions › moment-js-date...","snippetHighlightWords":["moment","js","format","date","date","function","date"],"date":"Mar 24, 2014"},{"signatures":[],"areSignaturesLoading":true,"title":"Moment.js show diff between 2 dates - Stack Overflow","snippet":"If you want just to get the difference between two dates instead of a relative string just use the diff function.","url":"https://stackoverflow.com/questions/42186717/moment-js-show-diff-between-2-dates","displayLink":"https://stackoverflow.com › questions › moment-js-sho...","snippetHighlightWords":["use the diff function"],"date":"Feb 12, 2017 3 answers"},{"signatures":[],"areSignaturesLoading":true,"title":"Is there any way to get the difference between two datetime in ...","snippet":"You should do it like this: let date = moment('2017-03-21T05:00:00+05:45'); let dateTwo = moment('1990-03-21T07:12:45+05:45'); let diff ...","url":"https://stackoverflow.com/questions/42921218/is-there-any-way-to-get-the-difference-between-two-datetime-in-moment-js","displayLink":"https://stackoverflow.com › questions › is-there-any-wa...","snippetHighlightWords":["date","moment","moment","diff"],"date":"Mar 21, 2017 2 answers"},{"signatures":[],"areSignaturesLoading":true,"title":"How to calculate number of days between two dates","snippet":"Try this Using moment.js (Its quite easy to compute date operations in javascript). firstDate.diff(secondDate, 'days', false);// true|false ...","url":"https://stackoverflow.com/questions/9129928/how-to-calculate-number-of-days-between-two-dates","displayLink":"https://stackoverflow.com › questions › how-to-calculat...","snippetHighlightWords":["firstDate.diff(secondDate"],"date":"Feb 3, 2012"},{"signatures":[],"areSignaturesLoading":true,"title":"How to do a greater than or equal to with moments (moment.js ...","snippet":"@JohnZabroski that's not true, JS is using the valueOf prototype method to compare, so operators like >, >=, < and <= are valid on Moment ...","url":"https://stackoverflow.com/questions/27326937/how-to-do-a-greater-than-or-equal-to-with-moments-moment-js-in-javascript","displayLink":"https://stackoverflow.com › questions › how-to-do-a-gr...","snippetHighlightWords":["the valueOf prototype method"],"date":"Dec 6, 2014"},{"signatures":[],"areSignaturesLoading":true,"title":"Moment JS: Difference of days ignoring the year","snippet":"Manually instantiate another momentjs instance, merely reusing the month and day from the first date but the year from the second. Then call your diff ...","url":"https://stackoverflow.com/questions/37039208/moment-js-difference-of-days-ignoring-the-year","displayLink":"https://stackoverflow.com › questions › moment-js-diff...","snippetHighlightWords":["momentjs","date","diff"],"date":"3 answers"},{"signatures":[],"areSignaturesLoading":true,"title":"difference between moment js functions and javascript date ...","snippet":"Moment.js creates a wrapper for the Date object rather than extend it. To reference the wrapper object, simply call the moment() getter function ...","url":"https://stackoverflow.com/questions/29606643/difference-between-moment-js-functions-and-javascript-date-functions","displayLink":"https://stackoverflow.com › questions › difference-betw...","snippetHighlightWords":["Moment.js creates a wrapper for the Date object rather than extend it"],"date":"Apr 13, 2015"}],"events":[{"timestamp":"2022-11-18T12:36:34.325Z","url":"https://stackoverflow.com/questions/25150570/get-hours-difference-between-two-dates-in-moment-js","component":"projection","action":"load","data":{"height":60,"width":555.1625366210938,"wc":23,"lc":1}},{"timestamp":"2022-11-18T12:36:34.325Z","url":"https://stackoverflow.com/questions/40459932/how-to-subtract-2-dates-on-momentjs","component":"projection","action":"load","data":{"height":60,"width":535.2250366210938,"wc":26,"lc":1}},{"timestamp":"2022-11-18T12:36:34.325Z","url":"https://stackoverflow.com/questions/69637547/using-moment-js-to-calculate-difference-between-two-dates-in-different-formats","component":"projection","action":"load","data":{"height":38,"width":514.3624877929688,"wc":21,"lc":1}},{"timestamp":"2022-11-18T12:36:34.325Z","url":"https://stackoverflow.com/questions/22600856/moment-js-date-time-comparison","component":"projection","action":"load","data":{"height":38,"width":526.4874877929688,"wc":27,"lc":1}},{"timestamp":"2022-11-18T12:36:34.325Z","url":"https://stackoverflow.com/questions/42186717/moment-js-show-diff-between-2-dates","component":"projection","action":"load","data":{"height":38,"width":521.5,"wc":21,"lc":1}},{"timestamp":"2022-11-18T12:36:34.325Z","url":"https://stackoverflow.com/questions/42921218/is-there-any-way-to-get-the-difference-between-two-datetime-in-moment-js","component":"projection","action":"load","data":{"height":38,"width":545.2374877929688,"wc":17,"lc":1}},{"timestamp":"2022-11-18T12:36:34.325Z","url":"https://stackoverflow.com/questions/9129928/how-to-calculate-number-of-days-between-two-dates","component":"projection","action":"load","data":{"height":38,"width":537.5499877929688,"wc":18,"lc":1}},{"timestamp":"2022-11-18T12:36:34.325Z","url":"https://stackoverflow.com/questions/27326937/how-to-do-a-greater-than-or-equal-to-with-moments-moment-js-in-javascript","component":"projection","action":"load","data":{"height":38,"width":515.6749877929688,"wc":26,"lc":1}},{"timestamp":"2022-11-18T12:36:34.325Z","url":"https://stackoverflow.com/questions/37039208/moment-js-difference-of-days-ignoring-the-year","component":"projection","action":"load","data":{"height":38,"width":534.4750366210938,"wc":26,"lc":1}},{"timestamp":"2022-11-18T12:36:34.325Z","url":"https://stackoverflow.com/questions/29606643/difference-between-moment-js-functions-and-javascript-date-functions","component":"projection","action":"load","data":{"height":38,"width":555.0750122070312,"wc":24,"lc":1}},{"timestamp":"2022-11-18T12:36:34.327Z","url":"https://stackoverflow.com/questions/40459932/how-to-subtract-2-dates-on-momentjs","component":"projection","action":"mouseenter"},{"timestamp":"2022-11-18T12:36:35.519Z","url":"https://stackoverflow.com/questions/25150570/get-hours-difference-between-two-dates-in-moment-js","component":"projection","action":"loaded","data":"projection 10 of 10"},{"timestamp":"2022-11-18T12:36:35.519Z","url":"https://stackoverflow.com/questions/40459932/how-to-subtract-2-dates-on-momentjs","component":"projection","action":"loaded","data":"projection 9 of 10"},{"timestamp":"2022-11-18T12:36:35.519Z","url":"https://stackoverflow.com/questions/69637547/using-moment-js-to-calculate-difference-between-two-dates-in-different-formats","component":"projection","action":"loaded","data":"projection 8 of 10"},{"timestamp":"2022-11-18T12:36:35.519Z","url":"https://stackoverflow.com/questions/22600856/moment-js-date-time-comparison","component":"projection","action":"loaded","data":"projection 7 of 10"},{"timestamp":"2022-11-18T12:36:35.519Z","url":"https://stackoverflow.com/questions/42186717/moment-js-show-diff-between-2-dates","component":"projection","action":"loaded","data":"projection 6 of 10"},{"timestamp":"2022-11-18T12:36:35.519Z","url":"https://stackoverflow.com/questions/42921218/is-there-any-way-to-get-the-difference-between-two-datetime-in-moment-js","component":"projection","action":"loaded","data":"projection 5 of 10"},{"timestamp":"2022-11-18T12:36:35.519Z","url":"https://stackoverflow.com/questions/9129928/how-to-calculate-number-of-days-between-two-dates","component":"projection","action":"loaded","data":"projection 4 of 10"},{"timestamp":"2022-11-18T12:36:35.519Z","url":"https://stackoverflow.com/questions/27326937/how-to-do-a-greater-than-or-equal-to-with-moments-moment-js-in-javascript","component":"projection","action":"loaded","data":"projection 3 of 10"},{"timestamp":"2022-11-18T12:36:35.519Z","url":"https://stackoverflow.com/questions/37039208/moment-js-difference-of-days-ignoring-the-year","component":"projection","action":"loaded","data":"projection 2 of 10"},{"timestamp":"2022-11-18T12:36:35.519Z","url":"https://stackoverflow.com/questions/29606643/difference-between-moment-js-functions-and-javascript-date-functions","component":"projection","action":"loaded","data":"projection 1 of 10"},{"timestamp":"2022-11-18T12:36:36.842Z","url":"https://stackoverflow.com/questions/40459932/how-to-subtract-2-dates-on-momentjs","component":"projection","action":"mouseleave"},{"timestamp":"2022-11-18T12:36:36.843Z","url":"https://stackoverflow.com/questions/25150570/get-hours-difference-between-two-dates-in-moment-js","component":"projection","action":"mouseenter"},{"timestamp":"2022-11-18T12:36:37.359Z","url":"https://stackoverflow.com/questions/25150570/get-hours-difference-between-two-dates-in-moment-js","component":"projection","action":"mouseleave"},{"timestamp":"2022-11-18T12:36:37.359Z","url":"https://stackoverflow.com/questions/40459932/how-to-subtract-2-dates-on-momentjs","component":"projection","action":"mouseenter"},{"timestamp":"2022-11-18T12:36:37.409Z","url":"https://stackoverflow.com/questions/40459932/how-to-subtract-2-dates-on-momentjs","component":"projection","action":"mouseleave"},{"timestamp":"2022-11-18T12:36:37.409Z","url":"https://stackoverflow.com/questions/69637547/using-moment-js-to-calculate-difference-between-two-dates-in-different-formats","component":"projection","action":"mouseenter"},{"timestamp":"2022-11-18T12:36:38.776Z","url":"https://stackoverflow.com/questions/69637547/using-moment-js-to-calculate-difference-between-two-dates-in-different-formats","component":"projection","action":"mouseleave"},{"timestamp":"2022-11-18T12:36:38.776Z","url":"https://stackoverflow.com/questions/40459932/how-to-subtract-2-dates-on-momentjs","component":"projection","action":"mouseenter"},{"timestamp":"2022-11-18T12:36:38.842Z","url":"https://stackoverflow.com/questions/40459932/how-to-subtract-2-dates-on-momentjs","component":"projection","action":"mouseleave"},{"timestamp":"2022-11-18T12:36:38.843Z","url":"https://stackoverflow.com/questions/25150570/get-hours-difference-between-two-dates-in-moment-js","component":"projection","action":"mouseenter"},{"timestamp":"2022-11-18T12:36:39.292Z","url":"https://stackoverflow.com/questions/25150570/get-hours-difference-between-two-dates-in-moment-js","component":"projection","action":"mouseleave"},{"timestamp":"2022-11-18T12:36:41.759Z","url":"https://stackoverflow.com/questions/25150570/get-hours-difference-between-two-dates-in-moment-js","component":"projection","action":"mouseenter"}]},{"keywords":["date","minus","interval","js"],"context":{"tokens":[{"kind":"library","value":"moment"},{"kind":"language","value":"javascript"}]},"timestamp":"2022-11-18T12:36:49.633Z","results":[{"signatures":[],"areSignaturesLoading":true,"title":"Format date and Subtract days using Moment.js - Stack Overflow","snippet":"I would like a variable to hold yesterday's date in the format DD-MM-YYYY using Moment.js. So if today is 15-04-2015, I would like to subtract a day and have 14 ...","url":"https://stackoverflow.com/questions/29651815/format-date-and-subtract-days-using-moment-js","displayLink":"https://stackoverflow.com › questions › format-date-an...","snippetHighlightWords":["date","Moment","js","subtract"]},{"signatures":[],"areSignaturesLoading":true,"title":"Moment JS - how to subtract 7 days from current date?","snippet":"You can use: moment().subtract(1,'w'). to subtract one week (7 days) from the current date. NOTE: 1. w for week 2. d for days 3. M for month 4. y for year.","url":"https://stackoverflow.com/questions/25888182/moment-js-how-to-subtract-7-days-from-current-date","displayLink":"https://stackoverflow.com › questions › moment-js-how...","snippetHighlightWords":["moment","subtract","subtract","date"]},{"signatures":[],"areSignaturesLoading":true,"title":"javascript - subtract time from date - moment js - Stack Overflow","snippet":"There is a simple function subtract which moment library gives us to subtract time from some time. Using it ...","url":"https://stackoverflow.com/questions/24428656/subtract-time-from-date-moment-js","displayLink":"https://stackoverflow.com › questions › subtract-time-fr...","snippetHighlightWords":["subtract","moment","subtract"],"date":"Jun 26, 2014"},{"signatures":[],"areSignaturesLoading":true,"title":"How to subtract 2 times with moment.js, then ... - Stack Overflow","snippet":"You can use the diff method to calculate the difference between two dates and the subtract method to subtract time. In your case:","url":"https://stackoverflow.com/questions/34247283/how-to-subtract-2-times-with-moment-js-then-subtract-some-minutes","displayLink":"https://stackoverflow.com › questions › how-to-subtract...","snippetHighlightWords":["dates","subtract","subtract"],"date":"Dec 13, 2015"},{"signatures":[],"areSignaturesLoading":true,"title":"Display time duration based on start and end date with interval ...","snippet":"Display time duration based on start and end date with interval using moment js ; function showTimeIntervals( ; value) { let result = value.","url":"https://stackoverflow.com/questions/48276306/display-time-duration-based-on-start-and-end-date-with-interval-using-moment-js","displayLink":"https://stackoverflow.com › questions › display-time-du...","snippetHighlightWords":["date","interval","moment js"],"date":"Jan 16, 2018"},{"signatures":[],"areSignaturesLoading":true,"title":"Subtract Months with Moment.js Correctly Even After ...","snippet":"Folks - I found a workaround though I completely removed the lines of 'Moment.js' and started using just a bit 'Date.js' and normal ...","url":"https://stackoverflow.com/questions/45065987/subtract-months-with-moment-js-correctly-even-after-surpassing-february","displayLink":"https://stackoverflow.com › questions › subtract-months...","snippetHighlightWords":["Moment","js","Date","js"],"date":"Jul 12, 2017 1 answer"},{"signatures":[],"areSignaturesLoading":true,"title":"How to subtract one month using moment.js? - Stack Overflow","snippet":"Before version 2.8.0, the moment#subtract(String, Number) syntax was also supported. It has been deprecated in favor of moment#subtract(Number, String).","url":"https://stackoverflow.com/questions/41505492/how-to-subtract-one-month-using-moment-js","displayLink":"https://stackoverflow.com › questions › how-to-subtract...","snippetHighlightWords":["moment","subtract","moment","subtract"]},{"signatures":[],"areSignaturesLoading":true,"title":"Moment.js Duration between Two Dates - Stack Overflow","snippet":"As stated by others in the comments, you can't format a duration as a date and since dateOne ...","url":"https://stackoverflow.com/questions/54799494/moment-js-duration-between-two-dates","displayLink":"https://stackoverflow.com › questions › moment-js-dura...","snippetHighlightWords":["date"],"date":"Feb 21, 2019"},{"signatures":[],"areSignaturesLoading":true,"title":"How do I subtract minutes from a date in JavaScript?","snippet":"var now = new Date(); // Sun Jan 22 2017 17:12:18 GMT+0200 ... var olderDate = moment(now).subtract(3, 'minutes').toDate ...","url":"https://stackoverflow.com/questions/674721/how-do-i-subtract-minutes-from-a-date-in-javascript","displayLink":"https://stackoverflow.com › questions › how-do-i-subtr...","snippetHighlightWords":["Date","moment","subtract"],"date":"Mar 23, 2009"},{"signatures":[],"areSignaturesLoading":true,"title":"Subtracting hours from date string - javascript - Stack Overflow","snippet":"the docs of moment.js (they're same both client / server side) tells how to subtract 9940 hours (that's a lot ...) Moment.js docs - Subtract ...","url":"https://stackoverflow.com/questions/43322526/subtracting-hours-from-date-string","displayLink":"https://stackoverflow.com › questions › subtracting-hou...","snippetHighlightWords":["moment","js","subtract","Moment","js","Subtract"],"date":"Apr 10, 2017"}],"events":[{"timestamp":"2022-11-18T12:36:55.153Z","url":"https://stackoverflow.com/questions/29651815/format-date-and-subtract-days-using-moment-js","component":"projection","action":"load","data":{"height":38,"width":527.4750366210938,"wc":31,"lc":1}},{"timestamp":"2022-11-18T12:36:55.153Z","url":"https://stackoverflow.com/questions/25888182/moment-js-how-to-subtract-7-days-from-current-date","component":"projection","action":"load","data":{"height":38,"width":551.7875366210938,"wc":31,"lc":1}},{"timestamp":"2022-11-18T12:36:55.154Z","url":"https://stackoverflow.com/questions/24428656/subtract-time-from-date-moment-js","component":"projection","action":"load","data":{"height":38,"width":540.2875366210938,"wc":20,"lc":1}},{"timestamp":"2022-11-18T12:36:55.154Z","url":"https://stackoverflow.com/questions/34247283/how-to-subtract-2-times-with-moment-js-then-subtract-some-minutes","component":"projection","action":"load","data":{"height":38,"width":531.5,"wc":23,"lc":1}},{"timestamp":"2022-11-18T12:36:55.154Z","url":"https://stackoverflow.com/questions/48276306/display-time-duration-based-on-start-and-end-date-with-interval-using-moment-js","component":"projection","action":"load","data":{"height":38,"width":541.5,"wc":24,"lc":1}},{"timestamp":"2022-11-18T12:36:55.154Z","url":"https://stackoverflow.com/questions/45065987/subtract-months-with-moment-js-correctly-even-after-surpassing-february","component":"projection","action":"load","data":{"height":38,"width":551.6000366210938,"wc":24,"lc":1}},{"timestamp":"2022-11-18T12:36:55.154Z","url":"https://stackoverflow.com/questions/41505492/how-to-subtract-one-month-using-moment-js","component":"projection","action":"load","data":{"height":38,"width":514.3875122070312,"wc":19,"lc":1}},{"timestamp":"2022-11-18T12:36:55.154Z","url":"https://stackoverflow.com/questions/54799494/moment-js-duration-between-two-dates","component":"projection","action":"load","data":{"height":38,"width":541.8250122070312,"wc":19,"lc":1}},{"timestamp":"2022-11-18T12:36:55.154Z","url":"https://stackoverflow.com/questions/674721/how-do-i-subtract-minutes-from-a-date-in-javascript","component":"projection","action":"load","data":{"height":38,"width":543.5250244140625,"wc":19,"lc":1}},{"timestamp":"2022-11-18T12:36:55.154Z","url":"https://stackoverflow.com/questions/43322526/subtracting-hours-from-date-string","component":"projection","action":"load","data":{"height":38,"width":552.2250366210938,"wc":26,"lc":1}},{"timestamp":"2022-11-18T12:36:55.156Z","url":"https://stackoverflow.com/questions/29651815/format-date-and-subtract-days-using-moment-js","component":"projection","action":"mouseenter"},{"timestamp":"2022-11-18T12:36:56.344Z","url":"https://stackoverflow.com/questions/29651815/format-date-and-subtract-days-using-moment-js","component":"projection","action":"loaded","data":"projection 10 of 10"},{"timestamp":"2022-11-18T12:36:56.344Z","url":"https://stackoverflow.com/questions/25888182/moment-js-how-to-subtract-7-days-from-current-date","component":"projection","action":"loaded","data":"projection 9 of 10"},{"timestamp":"2022-11-18T12:36:56.344Z","url":"https://stackoverflow.com/questions/24428656/subtract-time-from-date-moment-js","component":"projection","action":"loaded","data":"projection 8 of 10"},{"timestamp":"2022-11-18T12:36:56.344Z","url":"https://stackoverflow.com/questions/34247283/how-to-subtract-2-times-with-moment-js-then-subtract-some-minutes","component":"projection","action":"loaded","data":"projection 7 of 10"},{"timestamp":"2022-11-18T12:36:56.344Z","url":"https://stackoverflow.com/questions/48276306/display-time-duration-based-on-start-and-end-date-with-interval-using-moment-js","component":"projection","action":"loaded","data":"projection 6 of 10"},{"timestamp":"2022-11-18T12:36:56.344Z","url":"https://stackoverflow.com/questions/45065987/subtract-months-with-moment-js-correctly-even-after-surpassing-february","component":"projection","action":"loaded","data":"projection 5 of 10"},{"timestamp":"2022-11-18T12:36:56.344Z","url":"https://stackoverflow.com/questions/41505492/how-to-subtract-one-month-using-moment-js","component":"projection","action":"loaded","data":"projection 4 of 10"},{"timestamp":"2022-11-18T12:36:56.344Z","url":"https://stackoverflow.com/questions/54799494/moment-js-duration-between-two-dates","component":"projection","action":"loaded","data":"projection 3 of 10"},{"timestamp":"2022-11-18T12:36:56.344Z","url":"https://stackoverflow.com/questions/674721/how-do-i-subtract-minutes-from-a-date-in-javascript","component":"projection","action":"loaded","data":"projection 2 of 10"},{"timestamp":"2022-11-18T12:36:56.344Z","url":"https://stackoverflow.com/questions/43322526/subtracting-hours-from-date-string","component":"projection","action":"loaded","data":"projection 1 of 10"},{"timestamp":"2022-11-18T12:37:01.726Z","url":"https://stackoverflow.com/questions/29651815/format-date-and-subtract-days-using-moment-js","component":"page","action":"open"},{"timestamp":"2022-11-18T12:37:01.743Z","url":"https://stackoverflow.com/questions/29651815/format-date-and-subtract-days-using-moment-js","component":"projection","action":"mouseleave"},{"timestamp":"2022-11-18T12:37:02.284Z","url":"https://stackoverflow.com/questions/29651815/format-date-and-subtract-days-using-moment-js","component":"page","action":"load"},{"timestamp":"2022-11-18T12:37:04.957Z","url":"https://stackoverflow.com/questions/29651815/format-date-and-subtract-days-using-moment-js","component":"page","action":"scroll","data":{"viewport":{"x":0,"y":493.6000061035156,"height":606,"width":579},"document":{"height":6071,"width":562},"question":{"identifier":"29651815","top":-383.38751220703125,"bottom":627.1624755859375,"right":546.4000244140625,"left":16,"width":530.4000244140625,"height":1010.5499877929688},"answers":[{"identifier":"29652195","top":707.4500122070312,"bottom":1499.1000366210938,"right":546.4000244140625,"left":16,"width":530.4000244140625,"height":791.6500244140625},{"identifier":"56685858","top":1499.0999755859375,"bottom":1897.9499816894531,"right":546.4000244140625,"left":16,"width":530.4000244140625,"height":398.8500061035156},{"identifier":"29652077","top":1897.9500732421875,"bottom":2111.2125701904297,"right":546.4000244140625,"left":16,"width":530.4000244140625,"height":213.2624969482422},{"identifier":"29652091","top":2111.212646484375,"bottom":2676.1626586914062,"right":546.4000244140625,"left":16,"width":530.4000244140625,"height":564.9500122070312},{"identifier":"54794221","top":2676.16259765625,"bottom":3005.8251037597656,"right":546.4000244140625,"left":16,"width":530.4000244140625,"height":329.6625061035156},{"identifier":"29652120","top":3005.824951171875,"bottom":3416.387451171875,"right":546.4000244140625,"left":16,"width":530.4000244140625,"height":410.5625},{"identifier":"37411397","top":3416.387451171875,"bottom":3629.649948120117,"right":546.4000244140625,"left":16,"width":530.4000244140625,"height":213.2624969482422}]}},{"timestamp":"2022-11-18T12:37:07.770Z","url":"https://stackoverflow.com/questions/29651815/format-date-and-subtract-days-using-moment-js","component":"page","action":"scroll","data":{"viewport":{"x":0,"y":1056,"height":606,"width":579},"document":{"height":6071,"width":562},"question":{"identifier":"29651815","top":-945.7875366210938,"bottom":64.762451171875,"right":546.4000244140625,"left":16,"width":530.4000244140625,"height":1010.5499877929688},"answers":[{"identifier":"29652195","top":145.0500030517578,"bottom":936.7000274658203,"right":546.4000244140625,"left":16,"width":530.4000244140625,"height":791.6500244140625},{"identifier":"56685858","top":936.7000122070312,"bottom":1335.5500183105469,"right":546.4000244140625,"left":16,"width":530.4000244140625,"height":398.8500061035156},{"identifier":"29652077","top":1335.550048828125,"bottom":1548.8125457763672,"right":546.4000244140625,"left":16,"width":530.4000244140625,"height":213.2624969482422},{"identifier":"29652091","top":1548.8125,"bottom":2113.7625122070312,"right":546.4000244140625,"left":16,"width":530.4000244140625,"height":564.9500122070312},{"identifier":"54794221","top":2113.762451171875,"bottom":2443.4249572753906,"right":546.4000244140625,"left":16,"width":530.4000244140625,"height":329.6625061035156},{"identifier":"29652120","top":2443.425048828125,"bottom":2853.987548828125,"right":546.4000244140625,"left":16,"width":530.4000244140625,"height":410.5625},{"identifier":"37411397","top":2853.987548828125,"bottom":3067.250045776367,"right":546.4000244140625,"left":16,"width":530.4000244140625,"height":213.2624969482422}]}},{"timestamp":"2022-11-18T12:37:12.463Z","url":"https://stackoverflow.com/questions/29651815/format-date-and-subtract-days-using-moment-js","component":"page","action":"scroll","data":{"viewport":{"x":0,"y":1166.4000244140625,"height":606,"width":579},"document":{"height":6071,"width":562},"question":{"identifier":"29651815","top":-1056.1875,"bottom":-45.63751220703125,"right":546.4000244140625,"left":16,"width":530.4000244140625,"height":1010.5499877929688},"answers":[{"identifier":"29652195","top":34.650001525878906,"bottom":826.3000259399414,"right":546.4000244140625,"left":16,"width":530.4000244140625,"height":791.6500244140625},{"identifier":"56685858","top":826.2999877929688,"bottom":1225.1499938964844,"right":546.4000244140625,"left":16,"width":530.4000244140625,"height":398.8500061035156},{"identifier":"29652077","top":1225.1500244140625,"bottom":1438.4125213623047,"right":546.4000244140625,"left":16,"width":530.4000244140625,"height":213.2624969482422},{"identifier":"29652091","top":1438.4124755859375,"bottom":2003.3624877929688,"right":546.4000244140625,"left":16,"width":530.4000244140625,"height":564.9500122070312},{"identifier":"54794221","top":2003.362548828125,"bottom":2333.0250549316406,"right":546.4000244140625,"left":16,"width":530.4000244140625,"height":329.6625061035156},{"identifier":"29652120","top":2333.025146484375,"bottom":2743.587646484375,"right":546.4000244140625,"left":16,"width":530.4000244140625,"height":410.5625},{"identifier":"37411397","top":2743.587646484375,"bottom":2956.850143432617,"right":546.4000244140625,"left":16,"width":530.4000244140625,"height":213.2624969482422}]}},{"timestamp":"2022-11-18T12:37:28.703Z","url":"https://stackoverflow.com/questions/29651815/format-date-and-subtract-days-using-moment-js","component":"page","action":"selection","data":".subtract(1, \"days\").format(\"DD-MM-YYYY\");"},{"timestamp":"2022-11-18T12:37:31.992Z","url":"https://stackoverflow.com/questions/29651815/format-date-and-subtract-days-using-moment-js","component":"page","action":"copy","data":".subtract(1, \"days\").format(\"DD-MM-YYYY\");"},{"timestamp":"2022-11-18T12:37:46.055Z","url":"https://stackoverflow.com/questions/29651815/format-date-and-subtract-days-using-moment-js","component":"page","action":"close"},{"timestamp":"2022-11-18T12:37:46.676Z","url":"https://stackoverflow.com/questions/29651815/format-date-and-subtract-days-using-moment-js","component":"projection","action":"mouseenter"},{"timestamp":"2022-11-18T12:37:46.760Z","url":"https://stackoverflow.com/questions/29651815/format-date-and-subtract-days-using-moment-js","component":"projection","action":"mouseleave"},{"timestamp":"2022-11-18T12:37:47.010Z","url":"https://stackoverflow.com/questions/29651815/format-date-and-subtract-days-using-moment-js","component":"projection","action":"mouseenter"},{"timestamp":"2022-11-18T12:37:47.160Z","url":"https://stackoverflow.com/questions/29651815/format-date-and-subtract-days-using-moment-js","component":"projection","action":"mouseleave"}]},{"keywords":["date","minus","interval","js"],"context":{"tokens":[{"kind":"library","value":"moment"},{"kind":"language","value":"javascript"}]},"timestamp":"2022-11-18T12:37:47.359Z","results":[{"signatures":[],"areSignaturesLoading":true,"title":"Format date and Subtract days using Moment.js - Stack Overflow","snippet":"I would like a variable to hold yesterday's date in the format DD-MM-YYYY using Moment.js. So if today is 15-04-2015, I would like to subtract a day and have 14 ...","url":"https://stackoverflow.com/questions/29651815/format-date-and-subtract-days-using-moment-js","displayLink":"https://stackoverflow.com › questions › format-date-an...","snippetHighlightWords":["date","Moment","js","subtract"]},{"signatures":[],"areSignaturesLoading":true,"title":"Moment JS - how to subtract 7 days from current date?","snippet":"You can use: moment().subtract(1,'w'). to subtract one week (7 days) from the current date. NOTE: 1. w for week 2. d for days 3. M for month 4. y for year.","url":"https://stackoverflow.com/questions/25888182/moment-js-how-to-subtract-7-days-from-current-date","displayLink":"https://stackoverflow.com › questions › moment-js-how...","snippetHighlightWords":["moment","subtract","subtract","date"]},{"signatures":[],"areSignaturesLoading":true,"title":"javascript - subtract time from date - moment js - Stack Overflow","snippet":"There is a simple function subtract which moment library gives us to subtract time from some time. Using it ...","url":"https://stackoverflow.com/questions/24428656/subtract-time-from-date-moment-js","displayLink":"https://stackoverflow.com › questions › subtract-time-fr...","snippetHighlightWords":["subtract","moment","subtract"],"date":"Jun 26, 2014"},{"signatures":[],"areSignaturesLoading":true,"title":"How to subtract 2 times with moment.js, then ... - Stack Overflow","snippet":"You can use the diff method to calculate the difference between two dates and the subtract method to subtract time. In your case:","url":"https://stackoverflow.com/questions/34247283/how-to-subtract-2-times-with-moment-js-then-subtract-some-minutes","displayLink":"https://stackoverflow.com › questions › how-to-subtract...","snippetHighlightWords":["dates","subtract","subtract"],"date":"Dec 13, 2015"},{"signatures":[],"areSignaturesLoading":true,"title":"Display time duration based on start and end date with interval ...","snippet":"Display time duration based on start and end date with interval using moment js ; function showTimeIntervals( ; value) { let result = value.","url":"https://stackoverflow.com/questions/48276306/display-time-duration-based-on-start-and-end-date-with-interval-using-moment-js","displayLink":"https://stackoverflow.com › questions › display-time-du...","snippetHighlightWords":["date","interval","moment js"],"date":"Jan 16, 2018"},{"signatures":[],"areSignaturesLoading":true,"title":"Subtract Months with Moment.js Correctly Even After ...","snippet":"Folks - I found a workaround though I completely removed the lines of 'Moment.js' and started using just a bit 'Date.js' and normal ...","url":"https://stackoverflow.com/questions/45065987/subtract-months-with-moment-js-correctly-even-after-surpassing-february","displayLink":"https://stackoverflow.com › questions › subtract-months...","snippetHighlightWords":["Moment","js","Date","js"],"date":"Jul 12, 2017 1 answer"},{"signatures":[],"areSignaturesLoading":true,"title":"How to subtract one month using moment.js? - Stack Overflow","snippet":"Before version 2.8.0, the moment#subtract(String, Number) syntax was also supported. It has been deprecated in favor of moment#subtract(Number, String).","url":"https://stackoverflow.com/questions/41505492/how-to-subtract-one-month-using-moment-js","displayLink":"https://stackoverflow.com › questions › how-to-subtract...","snippetHighlightWords":["moment","subtract","moment","subtract"]},{"signatures":[],"areSignaturesLoading":true,"title":"Moment.js Duration between Two Dates - Stack Overflow","snippet":"As stated by others in the comments, you can't format a duration as a date and since dateOne ...","url":"https://stackoverflow.com/questions/54799494/moment-js-duration-between-two-dates","displayLink":"https://stackoverflow.com › questions › moment-js-dura...","snippetHighlightWords":["date"],"date":"Feb 21, 2019"},{"signatures":[],"areSignaturesLoading":true,"title":"How do I subtract minutes from a date in JavaScript?","snippet":"var now = new Date(); // Sun Jan 22 2017 17:12:18 GMT+0200 ... var olderDate = moment(now).subtract(3, 'minutes').toDate ...","url":"https://stackoverflow.com/questions/674721/how-do-i-subtract-minutes-from-a-date-in-javascript","displayLink":"https://stackoverflow.com › questions › how-do-i-subtr...","snippetHighlightWords":["Date","moment","subtract"],"date":"Mar 23, 2009"},{"signatures":[],"areSignaturesLoading":true,"title":"Subtracting hours from date string - javascript - Stack Overflow","snippet":"the docs of moment.js (they're same both client / server side) tells how to subtract 9940 hours (that's a lot ...) Moment.js docs - Subtract ...","url":"https://stackoverflow.com/questions/43322526/subtracting-hours-from-date-string","displayLink":"https://stackoverflow.com › questions › subtracting-hou...","snippetHighlightWords":["moment","js","subtract","Moment","js","Subtract"],"date":"Apr 10, 2017"}],"events":[{"timestamp":"2022-11-18T12:37:47.389Z","url":"https://stackoverflow.com/questions/29651815/format-date-and-subtract-days-using-moment-js","component":"projection","action":"load","data":{"height":38,"width":527.4750366210938,"wc":31,"lc":1}},{"timestamp":"2022-11-18T12:37:47.389Z","url":"https://stackoverflow.com/questions/25888182/moment-js-how-to-subtract-7-days-from-current-date","component":"projection","action":"load","data":{"height":38,"width":551.7875366210938,"wc":31,"lc":1}},{"timestamp":"2022-11-18T12:37:47.389Z","url":"https://stackoverflow.com/questions/24428656/subtract-time-from-date-moment-js","component":"projection","action":"load","data":{"height":38,"width":540.2875366210938,"wc":20,"lc":1}},{"timestamp":"2022-11-18T12:37:47.389Z","url":"https://stackoverflow.com/questions/34247283/how-to-subtract-2-times-with-moment-js-then-subtract-some-minutes","component":"projection","action":"load","data":{"height":38,"width":531.5,"wc":23,"lc":1}},{"timestamp":"2022-11-18T12:37:47.389Z","url":"https://stackoverflow.com/questions/48276306/display-time-duration-based-on-start-and-end-date-with-interval-using-moment-js","component":"projection","action":"load","data":{"height":38,"width":541.5,"wc":24,"lc":1}},{"timestamp":"2022-11-18T12:37:47.389Z","url":"https://stackoverflow.com/questions/45065987/subtract-months-with-moment-js-correctly-even-after-surpassing-february","component":"projection","action":"load","data":{"height":38,"width":551.6000366210938,"wc":24,"lc":1}},{"timestamp":"2022-11-18T12:37:47.389Z","url":"https://stackoverflow.com/questions/41505492/how-to-subtract-one-month-using-moment-js","component":"projection","action":"load","data":{"height":38,"width":514.3875122070312,"wc":19,"lc":1}},{"timestamp":"2022-11-18T12:37:47.389Z","url":"https://stackoverflow.com/questions/54799494/moment-js-duration-between-two-dates","component":"projection","action":"load","data":{"height":38,"width":541.8250122070312,"wc":19,"lc":1}},{"timestamp":"2022-11-18T12:37:47.389Z","url":"https://stackoverflow.com/questions/674721/how-do-i-subtract-minutes-from-a-date-in-javascript","component":"projection","action":"load","data":{"height":38,"width":543.5250244140625,"wc":19,"lc":1}},{"timestamp":"2022-11-18T12:37:47.389Z","url":"https://stackoverflow.com/questions/43322526/subtracting-hours-from-date-string","component":"projection","action":"load","data":{"height":38,"width":552.2250366210938,"wc":26,"lc":1}},{"timestamp":"2022-11-18T12:37:47.777Z","url":"https://stackoverflow.com/questions/29651815/format-date-and-subtract-days-using-moment-js","component":"projection","action":"mouseenter"},{"timestamp":"2022-11-18T12:37:47.910Z","url":"https://stackoverflow.com/questions/29651815/format-date-and-subtract-days-using-moment-js","component":"projection","action":"mouseleave"},{"timestamp":"2022-11-18T12:37:48.244Z","url":"https://stackoverflow.com/questions/29651815/format-date-and-subtract-days-using-moment-js","component":"projection","action":"mouseenter"},{"timestamp":"2022-11-18T12:37:48.260Z","url":"https://stackoverflow.com/questions/29651815/format-date-and-subtract-days-using-moment-js","component":"projection","action":"mouseleave"},{"timestamp":"2022-11-18T12:37:48.261Z","url":"https://stackoverflow.com/questions/25888182/moment-js-how-to-subtract-7-days-from-current-date","component":"projection","action":"mouseenter"},{"timestamp":"2022-11-18T12:37:48.277Z","url":"https://stackoverflow.com/questions/25888182/moment-js-how-to-subtract-7-days-from-current-date","component":"projection","action":"mouseleave"},{"timestamp":"2022-11-18T12:37:48.278Z","url":"https://stackoverflow.com/questions/24428656/subtract-time-from-date-moment-js","component":"projection","action":"mouseenter"},{"timestamp":"2022-11-18T12:37:48.309Z","url":"https://stackoverflow.com/questions/24428656/subtract-time-from-date-moment-js","component":"projection","action":"mouseleave"},{"timestamp":"2022-11-18T12:37:48.311Z","url":"https://stackoverflow.com/questions/34247283/how-to-subtract-2-times-with-moment-js-then-subtract-some-minutes","component":"projection","action":"mouseenter"},{"timestamp":"2022-11-18T12:37:48.350Z","url":"https://stackoverflow.com/questions/34247283/how-to-subtract-2-times-with-moment-js-then-subtract-some-minutes","component":"projection","action":"mouseleave"},{"timestamp":"2022-11-18T12:37:48.577Z","url":"https://stackoverflow.com/questions/29651815/format-date-and-subtract-days-using-moment-js","component":"projection","action":"loaded","data":"projection 10 of 10"},{"timestamp":"2022-11-18T12:37:48.577Z","url":"https://stackoverflow.com/questions/25888182/moment-js-how-to-subtract-7-days-from-current-date","component":"projection","action":"loaded","data":"projection 9 of 10"},{"timestamp":"2022-11-18T12:37:48.577Z","url":"https://stackoverflow.com/questions/24428656/subtract-time-from-date-moment-js","component":"projection","action":"loaded","data":"projection 8 of 10"},{"timestamp":"2022-11-18T12:37:48.577Z","url":"https://stackoverflow.com/questions/34247283/how-to-subtract-2-times-with-moment-js-then-subtract-some-minutes","component":"projection","action":"loaded","data":"projection 7 of 10"},{"timestamp":"2022-11-18T12:37:48.577Z","url":"https://stackoverflow.com/questions/48276306/display-time-duration-based-on-start-and-end-date-with-interval-using-moment-js","component":"projection","action":"loaded","data":"projection 6 of 10"},{"timestamp":"2022-11-18T12:37:48.577Z","url":"https://stackoverflow.com/questions/45065987/subtract-months-with-moment-js-correctly-even-after-surpassing-february","component":"projection","action":"loaded","data":"projection 5 of 10"},{"timestamp":"2022-11-18T12:37:48.577Z","url":"https://stackoverflow.com/questions/41505492/how-to-subtract-one-month-using-moment-js","component":"projection","action":"loaded","data":"projection 4 of 10"},{"timestamp":"2022-11-18T12:37:48.577Z","url":"https://stackoverflow.com/questions/54799494/moment-js-duration-between-two-dates","component":"projection","action":"loaded","data":"projection 3 of 10"},{"timestamp":"2022-11-18T12:37:48.577Z","url":"https://stackoverflow.com/questions/674721/how-do-i-subtract-minutes-from-a-date-in-javascript","component":"projection","action":"loaded","data":"projection 2 of 10"},{"timestamp":"2022-11-18T12:37:48.577Z","url":"https://stackoverflow.com/questions/43322526/subtracting-hours-from-date-string","component":"projection","action":"loaded","data":"projection 1 of 10"},{"timestamp":"2022-11-18T12:42:27.126Z","url":"https://stackoverflow.com/questions/24428656/subtract-time-from-date-moment-js","component":"projection","action":"mouseenter"},{"timestamp":"2022-11-18T12:42:27.147Z","url":"https://stackoverflow.com/questions/24428656/subtract-time-from-date-moment-js","component":"projection","action":"mouseleave"},{"timestamp":"2022-11-18T12:42:27.149Z","url":"https://stackoverflow.com/questions/25888182/moment-js-how-to-subtract-7-days-from-current-date","component":"projection","action":"mouseenter"}]}]}