{"trialId":"69302_1","taskId":"clone","appEvents":[{"timestamp":"2022-11-18T12:27:25.788Z","name":"search","data":"search-start"},{"timestamp":"2022-11-18T12:27:27.001Z","name":"search","data":"search-done"},{"timestamp":"2022-11-18T12:28:03.950Z","name":"resize","data":{"height":0,"width":0}},{"timestamp":"2022-11-18T12:31:03.213Z","name":"resize","data":{"height":666,"width":583}}],"searches":[{"keywords":["clone","array"],"context":{"tokens":[{"kind":"language","value":"javascript"}]},"timestamp":"2022-11-18T12:27:25.788Z","results":[{"signatures":[],"areSignaturesLoading":true,"title":"Fastest way to duplicate an array in JavaScript - slice vs. 'for ...","url":"https://stackoverflow.com/questions/3978492/fastest-way-to-duplicate-an-array-in-javascript-slice-vs-for-loop","displayLink":"https://stackoverflow.com › questions › fastest-way-to-d...","snippet":"There are at least 6 (!) ways to clone an array: loop; slice; Array.from(); concat; spread operator (FASTEST); map A.map(function(e){return ...","snippetHighlightWords":["clone","array","Array"],"extensions":["Oct 20, 2010","25 answers"]},{"signatures":[],"areSignaturesLoading":true,"title":"How to clone a Javascript Array of Objects? - Stack Overflow","url":"https://stackoverflow.com/questions/42523881/how-to-clone-a-javascript-array-of-objects","displayLink":"https://stackoverflow.com › questions › how-to-clone-a...","date":"Mar 1, 2017","snippet":"How to clone a Javascript Array of Objects? · use slice(0) . Example: clonedArray = originalArray.slice(0) it will create a new array. – Gerardo.","snippetHighlightWords":["clone","Javascript Array","clonedArray","originalArray","array"]},{"signatures":[],"areSignaturesLoading":true,"title":"How to clone an array and push new value in a chain?","url":"https://stackoverflow.com/questions/57222470/how-to-clone-an-array-and-push-new-value-in-a-chain","displayLink":"https://stackoverflow.com › questions › how-to-clone-a...","snippet":"If you absolutely want to enforce the chaining, you can create your own function on the array prototype. (You should understand its ...","snippetHighlightWords":["array"],"extensions":["Jul 26, 2019","3 answers"]},{"signatures":[],"areSignaturesLoading":true,"title":"Make clone of array (not copy of reference) and modify the ...","url":"https://stackoverflow.com/questions/62861485/make-clone-of-array-not-copy-of-reference-and-modify-the-new-array","displayLink":"https://stackoverflow.com › questions › make-clone-of-...","date":"Jul 12, 2020","snippet":"in javascript, clonedArray=originalArray just creates a reference == the same array. you can overcome this/\"clone\" a simple array by:","snippetHighlightWords":["javascript","clonedArray","originalArray","array","clone","array"]},{"signatures":[],"areSignaturesLoading":true,"title":"Splice method used on a copy of an array of objects","url":"https://stackoverflow.com/questions/67176299/splice-method-used-on-a-copy-of-an-array-of-objects","displayLink":"https://stackoverflow.com › questions › splice-method-...","date":"Apr 20, 2021","snippet":"Only the cloned array is modified. The spread operator shouldn't make a shallow copy of the initial array, and force me to deep clone all ...","snippetHighlightWords":["cloned array","array","clone"]},{"signatures":[],"areSignaturesLoading":true,"title":"Cloning an array in Javascript/Typescript - Stack Overflow","url":"https://stackoverflow.com/questions/44808882/cloning-an-array-in-javascript-typescript","displayLink":"https://stackoverflow.com › questions › cloning-an-arra...","date":"15 answers","snippet":"Clone an object: const myClonedObject = Object.assign({}, myObject);. Clone an Array: Option 1 if you have an array of primitive types:.","snippetHighlightWords":["Clone","Clone","Array","array"]},{"signatures":[],"areSignaturesLoading":true,"title":"JavaScript deep copy an array containing nested objects ...","url":"https://stackoverflow.com/questions/53273218/javascript-deep-copy-an-array-containing-nested-objects-arrays-functions","displayLink":"https://stackoverflow.com › questions › javascript-deep-...","snippet":"Edit- You can use the solution below or just import Lodash and use this https://lodash.com/docs/#cloneDeep. I'm answering my own question ...","snippetHighlightWords":["cloneDeep"],"extensions":["Nov 13, 2018","3 answers"]},{"signatures":[],"areSignaturesLoading":true,"title":"Why my code to clone an array doesn't work JavaScript","url":"https://stackoverflow.com/questions/68764568/why-my-code-to-clone-an-array-doesnt-work-javascript","displayLink":"https://stackoverflow.com › questions › why-my-code-t...","snippet":"When you start, each row of the array is empty. So initialise it to an empty row of array: for (let x = 0; x < arr.length; ...","snippetHighlightWords":["array","array"],"extensions":["Aug 12, 2021","3 answers"]},{"signatures":[],"areSignaturesLoading":true,"title":"How do you clone an array of objects in JavaScript?","url":"https://stackoverflow.com/questions/597588/how-do-you-clone-an-array-of-objects-in-javascript","displayLink":"https://stackoverflow.com › questions › how-do-you-cl...","snippet":"Creating a deep copy with structuredClone. The modern way to deep copy an array in JavaScript is to use structuredClone:","snippetHighlightWords":["structuredClone","array","JavaScript","structuredClone"],"extensions":["Feb 28, 2009","38 answers"]},{"signatures":[],"areSignaturesLoading":true,"title":"javascript - how to clone Array without reference [duplicate]","url":"https://stackoverflow.com/questions/48219487/javascript-how-to-clone-array-without-reference","displayLink":"https://stackoverflow.com › questions › javascript-how-...","snippet":"By using this method we can create a copy of an array. Please check the below example. Credits to this SO Answer. let original = [ [1, 2], ...","snippetHighlightWords":["array"],"extensions":["Jan 12, 2018","1 answer"]}],"events":[{"timestamp":"2022-11-18T12:27:25.809Z","url":"https://stackoverflow.com/questions/3978492/fastest-way-to-duplicate-an-array-in-javascript-slice-vs-for-loop","component":"projection","action":"load","data":{"height":38,"width":552.2000122070312,"wc":21,"lc":1}},{"timestamp":"2022-11-18T12:27:25.809Z","url":"https://stackoverflow.com/questions/42523881/how-to-clone-a-javascript-array-of-objects","component":"projection","action":"load","data":{"height":38,"width":542.4000244140625,"wc":24,"lc":1}},{"timestamp":"2022-11-18T12:27:25.809Z","url":"https://stackoverflow.com/questions/57222470/how-to-clone-an-array-and-push-new-value-in-a-chain","component":"projection","action":"load","data":{"height":38,"width":544.9249877929688,"wc":23,"lc":1}},{"timestamp":"2022-11-18T12:27:25.809Z","url":"https://stackoverflow.com/questions/62861485/make-clone-of-array-not-copy-of-reference-and-modify-the-new-array","component":"projection","action":"load","data":{"height":38,"width":546.8875122070312,"wc":19,"lc":1}},{"timestamp":"2022-11-18T12:27:25.809Z","url":"https://stackoverflow.com/questions/67176299/splice-method-used-on-a-copy-of-an-array-of-objects","component":"projection","action":"load","data":{"height":38,"width":525.1875,"wc":26,"lc":1}},{"timestamp":"2022-11-18T12:27:25.809Z","url":"https://stackoverflow.com/questions/44808882/cloning-an-array-in-javascript-typescript","component":"projection","action":"load","data":{"height":38,"width":546.2750244140625,"wc":21,"lc":1}},{"timestamp":"2022-11-18T12:27:25.809Z","url":"https://stackoverflow.com/questions/53273218/javascript-deep-copy-an-array-containing-nested-objects-arrays-functions","component":"projection","action":"load","data":{"height":38,"width":454.6750183105469,"wc":21,"lc":1}},{"timestamp":"2022-11-18T12:27:25.809Z","url":"https://stackoverflow.com/questions/68764568/why-my-code-to-clone-an-array-doesnt-work-javascript","component":"projection","action":"load","data":{"height":38,"width":550.3875122070312,"wc":28,"lc":1}},{"timestamp":"2022-11-18T12:27:25.809Z","url":"https://stackoverflow.com/questions/597588/how-do-you-clone-an-array-of-objects-in-javascript","component":"projection","action":"load","data":{"height":38,"width":550.3624877929688,"wc":20,"lc":1}},{"timestamp":"2022-11-18T12:27:25.809Z","url":"https://stackoverflow.com/questions/48219487/javascript-how-to-clone-array-without-reference","component":"projection","action":"load","data":{"height":38,"width":501.8999938964844,"wc":29,"lc":1}},{"timestamp":"2022-11-18T12:27:27.001Z","url":"https://stackoverflow.com/questions/3978492/fastest-way-to-duplicate-an-array-in-javascript-slice-vs-for-loop","component":"projection","action":"loaded","data":"projection 10 of 10"},{"timestamp":"2022-11-18T12:27:27.001Z","url":"https://stackoverflow.com/questions/42523881/how-to-clone-a-javascript-array-of-objects","component":"projection","action":"loaded","data":"projection 9 of 10"},{"timestamp":"2022-11-18T12:27:27.001Z","url":"https://stackoverflow.com/questions/57222470/how-to-clone-an-array-and-push-new-value-in-a-chain","component":"projection","action":"loaded","data":"projection 8 of 10"},{"timestamp":"2022-11-18T12:27:27.001Z","url":"https://stackoverflow.com/questions/62861485/make-clone-of-array-not-copy-of-reference-and-modify-the-new-array","component":"projection","action":"loaded","data":"projection 7 of 10"},{"timestamp":"2022-11-18T12:27:27.001Z","url":"https://stackoverflow.com/questions/67176299/splice-method-used-on-a-copy-of-an-array-of-objects","component":"projection","action":"loaded","data":"projection 6 of 10"},{"timestamp":"2022-11-18T12:27:27.001Z","url":"https://stackoverflow.com/questions/44808882/cloning-an-array-in-javascript-typescript","component":"projection","action":"loaded","data":"projection 5 of 10"},{"timestamp":"2022-11-18T12:27:27.001Z","url":"https://stackoverflow.com/questions/53273218/javascript-deep-copy-an-array-containing-nested-objects-arrays-functions","component":"projection","action":"loaded","data":"projection 4 of 10"},{"timestamp":"2022-11-18T12:27:27.001Z","url":"https://stackoverflow.com/questions/68764568/why-my-code-to-clone-an-array-doesnt-work-javascript","component":"projection","action":"loaded","data":"projection 3 of 10"},{"timestamp":"2022-11-18T12:27:27.001Z","url":"https://stackoverflow.com/questions/597588/how-do-you-clone-an-array-of-objects-in-javascript","component":"projection","action":"loaded","data":"projection 2 of 10"},{"timestamp":"2022-11-18T12:27:27.001Z","url":"https://stackoverflow.com/questions/48219487/javascript-how-to-clone-array-without-reference","component":"projection","action":"loaded","data":"projection 1 of 10"},{"timestamp":"2022-11-18T12:27:27.018Z","url":"https://stackoverflow.com/questions/42523881/how-to-clone-a-javascript-array-of-objects","component":"projection","action":"mouseenter"},{"timestamp":"2022-11-18T12:27:28.317Z","url":"https://stackoverflow.com/questions/42523881/how-to-clone-a-javascript-array-of-objects","component":"projection","action":"mouseleave"},{"timestamp":"2022-11-18T12:27:28.317Z","url":"https://stackoverflow.com/questions/57222470/how-to-clone-an-array-and-push-new-value-in-a-chain","component":"projection","action":"mouseenter"},{"timestamp":"2022-11-18T12:27:30.367Z","url":"https://stackoverflow.com/questions/57222470/how-to-clone-an-array-and-push-new-value-in-a-chain","component":"projection","action":"mouseleave"},{"timestamp":"2022-11-18T12:27:30.368Z","url":"https://stackoverflow.com/questions/42523881/how-to-clone-a-javascript-array-of-objects","component":"projection","action":"mouseenter"},{"timestamp":"2022-11-18T12:27:31.509Z","url":"https://stackoverflow.com/questions/42523881/how-to-clone-a-javascript-array-of-objects","component":"page","action":"open"},{"timestamp":"2022-11-18T12:27:31.525Z","url":"https://stackoverflow.com/questions/42523881/how-to-clone-a-javascript-array-of-objects","component":"projection","action":"mouseleave"},{"timestamp":"2022-11-18T12:27:32.298Z","url":"https://stackoverflow.com/questions/42523881/how-to-clone-a-javascript-array-of-objects","component":"page","action":"load"},{"timestamp":"2022-11-18T12:27:37.421Z","url":"https://stackoverflow.com/questions/42523881/how-to-clone-a-javascript-array-of-objects","component":"page","action":"scroll","data":{"viewport":{"x":0,"y":977.5999755859375,"height":606,"width":579},"document":{"height":8021,"width":562},"question":{"identifier":"42523881","top":-867.3875122070312,"bottom":27.86248779296875,"right":546.4000244140625,"left":16,"width":530.4000244140625,"height":895.25},"answers":[{"identifier":"42523934","top":108.1500015258789,"bottom":1019.4000015258789,"right":546.4000244140625,"left":16,"width":530.4000244140625,"height":911.25},{"identifier":"52234857","top":1019.4000244140625,"bottom":1504.1625366210938,"right":546.4000244140625,"left":16,"width":530.4000244140625,"height":484.76251220703125},{"identifier":"42524192","top":1504.1624755859375,"bottom":1959.0124816894531,"right":546.4000244140625,"left":16,"width":530.4000244140625,"height":454.8500061035156},{"identifier":"42523945","top":1959.0125732421875,"bottom":2203.5750732421875,"right":546.4000244140625,"left":16,"width":530.4000244140625,"height":244.5625},{"identifier":"42523976","top":2203.574951171875,"bottom":2720.824951171875,"right":546.4000244140625,"left":16,"width":530.4000244140625,"height":517.25},{"identifier":"69317115","top":2720.824951171875,"bottom":3172.074951171875,"right":546.4000244140625,"left":16,"width":530.4000244140625,"height":451.25},{"identifier":"42524097","top":3172.074951171875,"bottom":3863.7374877929688,"right":546.4000244140625,"left":16,"width":530.4000244140625,"height":691.6625366210938},{"identifier":"42524121","top":3863.737548828125,"bottom":4879.2000732421875,"right":546.4000244140625,"left":16,"width":530.4000244140625,"height":1015.4625244140625}]}},{"timestamp":"2022-11-18T12:27:53.536Z","url":"https://stackoverflow.com/questions/42523881/how-to-clone-a-javascript-array-of-objects","component":"page","action":"selection","data":"clone = arr.slice(0)"},{"timestamp":"2022-11-18T12:27:54.160Z","url":"https://stackoverflow.com/questions/42523881/how-to-clone-a-javascript-array-of-objects","component":"page","action":"copy","data":"clone = arr.slice(0)"},{"timestamp":"2022-11-18T12:27:56.486Z","url":"https://stackoverflow.com/questions/42523881/how-to-clone-a-javascript-array-of-objects","component":"page","action":"close"},{"timestamp":"2022-11-18T12:27:58.067Z","url":"https://stackoverflow.com/questions/62861485/make-clone-of-array-not-copy-of-reference-and-modify-the-new-array","component":"projection","action":"mouseenter"},{"timestamp":"2022-11-18T12:27:58.101Z","url":"https://stackoverflow.com/questions/62861485/make-clone-of-array-not-copy-of-reference-and-modify-the-new-array","component":"projection","action":"mouseleave"},{"timestamp":"2022-11-18T12:27:58.101Z","url":"https://stackoverflow.com/questions/57222470/how-to-clone-an-array-and-push-new-value-in-a-chain","component":"projection","action":"mouseenter"},{"timestamp":"2022-11-18T12:27:58.134Z","url":"https://stackoverflow.com/questions/57222470/how-to-clone-an-array-and-push-new-value-in-a-chain","component":"projection","action":"mouseleave"},{"timestamp":"2022-11-18T12:27:58.135Z","url":"https://stackoverflow.com/questions/42523881/how-to-clone-a-javascript-array-of-objects","component":"projection","action":"mouseenter"},{"timestamp":"2022-11-18T12:27:58.151Z","url":"https://stackoverflow.com/questions/42523881/how-to-clone-a-javascript-array-of-objects","component":"projection","action":"mouseleave"},{"timestamp":"2022-11-18T12:27:58.151Z","url":"https://stackoverflow.com/questions/3978492/fastest-way-to-duplicate-an-array-in-javascript-slice-vs-for-loop","component":"projection","action":"mouseenter"},{"timestamp":"2022-11-18T12:27:58.552Z","url":"https://stackoverflow.com/questions/3978492/fastest-way-to-duplicate-an-array-in-javascript-slice-vs-for-loop","component":"projection","action":"mouseleave"},{"timestamp":"2022-11-18T12:27:59.985Z","url":"https://stackoverflow.com/questions/3978492/fastest-way-to-duplicate-an-array-in-javascript-slice-vs-for-loop","component":"projection","action":"mouseenter"},{"timestamp":"2022-11-18T12:28:00.015Z","url":"https://stackoverflow.com/questions/3978492/fastest-way-to-duplicate-an-array-in-javascript-slice-vs-for-loop","component":"projection","action":"mouseleave"},{"timestamp":"2022-11-18T12:28:00.268Z","url":"https://stackoverflow.com/questions/3978492/fastest-way-to-duplicate-an-array-in-javascript-slice-vs-for-loop","component":"projection","action":"mouseenter"},{"timestamp":"2022-11-18T12:28:00.650Z","url":"https://stackoverflow.com/questions/3978492/fastest-way-to-duplicate-an-array-in-javascript-slice-vs-for-loop","component":"projection","action":"mouseleave"},{"timestamp":"2022-11-18T12:28:00.867Z","url":"https://stackoverflow.com/questions/3978492/fastest-way-to-duplicate-an-array-in-javascript-slice-vs-for-loop","component":"projection","action":"mouseenter"},{"timestamp":"2022-11-18T12:28:00.940Z","url":"https://stackoverflow.com/questions/3978492/fastest-way-to-duplicate-an-array-in-javascript-slice-vs-for-loop","component":"projection","action":"mouseleave"},{"timestamp":"2022-11-18T12:28:01.194Z","url":"https://stackoverflow.com/questions/42523881/how-to-clone-a-javascript-array-of-objects","component":"projection","action":"mouseenter"},{"timestamp":"2022-11-18T12:28:01.206Z","url":"https://stackoverflow.com/questions/42523881/how-to-clone-a-javascript-array-of-objects","component":"projection","action":"mouseleave"},{"timestamp":"2022-11-18T12:28:01.206Z","url":"https://stackoverflow.com/questions/57222470/how-to-clone-an-array-and-push-new-value-in-a-chain","component":"projection","action":"mouseenter"},{"timestamp":"2022-11-18T12:28:01.251Z","url":"https://stackoverflow.com/questions/57222470/how-to-clone-an-array-and-push-new-value-in-a-chain","component":"projection","action":"mouseleave"},{"timestamp":"2022-11-18T12:28:01.251Z","url":"https://stackoverflow.com/questions/62861485/make-clone-of-array-not-copy-of-reference-and-modify-the-new-array","component":"projection","action":"mouseenter"},{"timestamp":"2022-11-18T12:28:01.267Z","url":"https://stackoverflow.com/questions/62861485/make-clone-of-array-not-copy-of-reference-and-modify-the-new-array","component":"projection","action":"mouseleave"},{"timestamp":"2022-11-18T12:28:01.268Z","url":"https://stackoverflow.com/questions/67176299/splice-method-used-on-a-copy-of-an-array-of-objects","component":"projection","action":"mouseenter"},{"timestamp":"2022-11-18T12:28:01.554Z","url":"https://stackoverflow.com/questions/67176299/splice-method-used-on-a-copy-of-an-array-of-objects","component":"projection","action":"mouseleave"},{"timestamp":"2022-11-18T12:28:01.696Z","url":"https://stackoverflow.com/questions/67176299/splice-method-used-on-a-copy-of-an-array-of-objects","component":"projection","action":"mouseenter"},{"timestamp":"2022-11-18T12:28:01.744Z","url":"https://stackoverflow.com/questions/67176299/splice-method-used-on-a-copy-of-an-array-of-objects","component":"projection","action":"mouseleave"},{"timestamp":"2022-11-18T12:28:02.167Z","url":"https://stackoverflow.com/questions/67176299/splice-method-used-on-a-copy-of-an-array-of-objects","component":"projection","action":"mouseenter"},{"timestamp":"2022-11-18T12:28:02.201Z","url":"https://stackoverflow.com/questions/67176299/splice-method-used-on-a-copy-of-an-array-of-objects","component":"projection","action":"mouseleave"},{"timestamp":"2022-11-18T12:28:02.202Z","url":"https://stackoverflow.com/questions/62861485/make-clone-of-array-not-copy-of-reference-and-modify-the-new-array","component":"projection","action":"mouseenter"},{"timestamp":"2022-11-18T12:28:02.234Z","url":"https://stackoverflow.com/questions/62861485/make-clone-of-array-not-copy-of-reference-and-modify-the-new-array","component":"projection","action":"mouseleave"},{"timestamp":"2022-11-18T12:28:02.235Z","url":"https://stackoverflow.com/questions/57222470/how-to-clone-an-array-and-push-new-value-in-a-chain","component":"projection","action":"mouseenter"},{"timestamp":"2022-11-18T12:28:02.267Z","url":"https://stackoverflow.com/questions/57222470/how-to-clone-an-array-and-push-new-value-in-a-chain","component":"projection","action":"mouseleave"}]}]}