{"id":"69302_1","conditions":[{"taskId":1,"taskName":"currency","enableFragments":true,"enableContext":true,"showContext":true,"provideSearchTerms":true,"sequence":3},{"taskId":4,"taskName":"sort","enableFragments":true,"enableContext":true,"showContext":true,"provideSearchTerms":true,"sequence":4},{"taskId":3,"taskName":"clone","enableFragments":false,"enableContext":true,"showContext":false,"provideSearchTerms":true,"sequence":5},{"taskId":2,"taskName":"find","enableFragments":false,"enableContext":true,"showContext":false,"provideSearchTerms":true,"sequence":6},{"taskId":5,"taskName":"recent","enableFragments":false,"enableContext":false,"showContext":false,"provideSearchTerms":false,"sequence":7},{"taskId":6,"taskName":"serve","enableFragments":true,"enableContext":true,"showContext":true,"provideSearchTerms":false,"sequence":8}],"activeTaskId":"serve","tasks":[{"id":"pre-study"},{"enableFragments":true,"enableContext":true,"showContext":true,"provideSearchTerms":true,"contextOverride":[{"source":"src/tutorial.js","name":"sumTradedShares","position":{"start":397,"end":545},"variables":[],"parameters":[{"source":"src/tutorial.js","name":"trades","position":{"start":429,"end":435},"type":{"name":"Trade[]"}}],"returnType":"number"}],"id":"tutorial","startTime":"2022-11-18T11:59:16.638Z","duration":402533,"timer":{"startTime":"2022-11-18T12:00:23.938Z","endTime":"2022-11-18T12:06:00.342Z"},"endTime":"2022-11-18T12:06:00.342Z"},{"enableFragments":true,"enableContext":true,"showContext":true,"contextOverride":[{"source":"src/currency.js","name":"printCurrency","position":{"start":593,"end":782},"variables":[],"parameters":[{"source":"src/currency.js","name":"amount","position":{"start":623,"end":629},"type":{"name":"number"}},{"source":"src/currency.js","name":"locale","position":{"start":631,"end":637},"type":{"name":"string"}},{"source":"src/currency.js","name":"currency","position":{"start":639,"end":647},"type":{"name":"string"}}],"returnType":"string"}],"provideSearchTerms":true,"searchTerms":"format currency","id":"currency","startTime":"2022-11-18T12:06:07.070Z","timer":{"startTime":"2022-11-18T12:06:07.070Z","endTime":"2022-11-18T12:12:06.048Z"},"duration":357509,"data":{"Q1":"4","Q2":"I liked that it generated a search string automatically and that it gives me several options. I didn't like that the result that I needed was third in line, I would have expected more relevant results to come up earlier. I found the interaction a bit clunky, the interface is a bit too busy","Q3":"no","Q4":"NA"},"endTime":"2022-11-18T12:14:10.596Z"},{"enableFragments":false,"enableContext":true,"showContext":false,"contextOverride":[{"source":"src/find.js","name":"getTradeById","position":{"start":286,"end":506},"variables":[],"parameters":[{"source":"src/find.js","name":"trades","position":{"start":315,"end":321},"type":{"name":"Trade[]"}},{"source":"src/find.js","name":"id","position":{"start":323,"end":325},"type":{"name":"number"}}],"returnType":"Trade"}],"provideSearchTerms":true,"searchTerms":"find item in array by value","id":"find","startTime":"2022-11-18T12:30:34.897Z","timer":{"startTime":"2022-11-18T12:30:34.898Z","endTime":"2022-11-18T12:32:58.454Z"},"duration":141582,"data":{"Q1":"4","Q2":"I would have liked to see the embedded search results rather than going directly to google search but it worked","Q3":"nothing","Q4":"NA"},"endTime":"2022-11-18T12:34:22.646Z"},{"enableFragments":false,"enableContext":true,"showContext":false,"contextOverride":[{"source":"src/clone.js","name":"cloneTradeLedger","position":{"start":239,"end":406},"variables":[],"parameters":[{"source":"src/clone.js","name":"trades","position":{"start":272,"end":278},"type":{"name":"Trade[]"}}],"returnType":"Trade[]"}],"provideSearchTerms":true,"searchTerms":"clone array","id":"clone","startTime":"2022-11-18T12:20:52.261Z","timer":{"startTime":"2022-11-18T12:20:52.261Z","endTime":"2022-11-18T12:28:18.787Z"},"duration":359555,"data":{"Q1":"2","Q2":"the signature wasn't available, it had to go through the normal Google searches. There was a network delay so it took longer than expected to load","Q3":"having the code view instead of just the google search would have been helpful","Q4":"NA"},"endTime":"2022-11-18T12:30:24.756Z"},{"enableFragments":true,"enableContext":true,"showContext":true,"contextOverride":[{"source":"src/sort.js","name":"sortTradesByShareCount","position":{"start":285,"end":524},"variables":[],"parameters":[{"source":"src/sort.js","name":"trades","position":{"start":324,"end":330},"type":{"name":"Trade[]"}}],"returnType":"Trade[]"}],"provideSearchTerms":true,"searchTerms":"sort array of objects descending","id":"sort","startTime":"2022-11-18T12:14:20.616Z","timer":{"startTime":"2022-11-18T12:14:20.616Z","endTime":"2022-11-18T12:19:28.681Z"},"duration":306044,"data":{"Q1":"4","Q2":"I still think the Scout interface is a bit too busy and I had to refine the original search but it gave me what I needed","Q3":"adding the type of object type directly in the autogenerated search would have been better","Q4":"NA"},"endTime":"2022-11-18T12:20:42.421Z"},{"enableFragments":false,"enableContext":false,"showContext":false,"contextOverride":[],"provideSearchTerms":false,"searchTerms":"","id":"recent","startTime":"2022-11-18T12:34:32.915Z","timer":{"startTime":"2022-11-18T12:34:32.915Z","endTime":"2022-11-18T12:39:46.215Z"},"duration":311794,"data":{"Q1":"4","Q2":"I would have liked not having to come up with my own search terms and getting the signature page rather than the google search. It felt like a more cramped version of just googling stuff myself so not super different from using my browser","Q3":"no really, once I got to the solution it was straightforward enough","Q4":"no"},"endTime":"2022-11-18T12:41:39.893Z"},{"enableFragments":true,"enableContext":true,"showContext":true,"contextOverride":[{"source":"src/serve.js","name":"express","position":{"start":7,"end":14},"module":{"name":"express","position":{"start":20,"end":29}},"references":[{"start":181,"end":188}]},{"source":"src/serve.js","name":"path","position":{"start":38,"end":42},"module":{"name":"path","position":{"start":48,"end":54}},"references":[]},{"source":"src/serve.js","name":"setup","position":{"start":193,"end":290},"variables":[],"parameters":[],"returnType":"void"}],"provideSearchTerms":false,"searchTerms":"","id":"serve","startTime":"2022-11-18T12:41:50.186Z","timer":{"startTime":"2022-11-18T12:41:50.186Z","endTime":"2022-11-18T12:48:35.386Z"},"duration":403503,"data":{"Q1":"2","Q2":"adding path to my search terms wasn't useful, I found it fairly confusing and had to poke at the code by trial and error. However I am not familiar with using express ","Q3":"a more structured suggested query","Q4":"NA"},"endTime":"2022-11-18T12:50:04.372Z"},{"id":"post-study"}],"activations":["2022-11-18T11:58:41.267Z"]}