{"numFailedTestSuites":0,"numFailedTests":0,"numPassedTestSuites":1,"numPassedTests":3,"numPendingTestSuites":0,"numPendingTests":0,"numRuntimeErrorTestSuites":0,"numTodoTests":0,"numTotalTestSuites":1,"numTotalTests":3,"openHandles":[],"snapshot":{"added":0,"didUpdate":false,"failure":false,"filesAdded":0,"filesRemoved":0,"filesRemovedList":[],"filesUnmatched":0,"filesUpdated":0,"matched":0,"total":0,"unchecked":0,"uncheckedKeysByFile":[],"unmatched":0,"updated":0},"startTime":1668773159362,"success":true,"testResults":[{"assertionResults":[{"ancestorTitles":["simplifyTrade"],"failureMessages":[],"fullName":"simplifyTrade Should sum shareCount from all trades.","location":null,"status":"passed","title":"Should sum shareCount from all trades."},{"ancestorTitles":["simplifyTrade"],"failureMessages":[],"fullName":"simplifyTrade Should return the shareCount for a single trade.","location":null,"status":"passed","title":"Should return the shareCount for a single trade."},{"ancestorTitles":["simplifyTrade"],"failureMessages":[],"fullName":"simplifyTrade Should return 0 when there are no trades.","location":null,"status":"passed","title":"Should return 0 when there are no trades."}],"endTime":1668773159656,"message":"","name":"/workspaces/69302_1/test/tutorial.test.js","startTime":1668773159388,"status":"passed","summary":""}],"wasInterrupted":false}