{"trialId":"12830_1","taskId":"find","appEvents":[{"timestamp":"2022-11-18T16:10:31.055Z","name":"search","data":"search-start"},{"timestamp":"2022-11-18T16:10:31.204Z","name":"resize","data":{"height":1250,"width":327}},{"timestamp":"2022-11-18T16:10:32.271Z","name":"search","data":"search-done"},{"timestamp":"2022-11-18T16:18:06.773Z","name":"resize","data":{"height":0,"width":0}}],"searches":[{"keywords":["find","item","in","array","by","value"],"context":{"tokens":[{"kind":"language","value":"javascript"}]},"timestamp":"2022-11-18T16:10:31.055Z","results":[{"signatures":[],"areSignaturesLoading":true,"title":"Find a value in an array of objects in Javascript - Stack Overflow","url":"https://stackoverflow.com/questions/12462318/find-a-value-in-an-array-of-objects-in-javascript","displayLink":"https://stackoverflow.com › questions › find-a-value-in-...","date":"Sep 17, 2012","snippet":"The find() method returns the first value that matches from the collection. Once it matches the value in findings, it will not check the ...","snippetHighlightWords":["find","value","value","check"]},{"signatures":[],"areSignaturesLoading":true,"title":"How to find if an array contains a specific string in JavaScript ...","url":"https://stackoverflow.com/questions/6116474/how-to-find-if-an-array-contains-a-specific-string-in-javascript-jquery","displayLink":"https://stackoverflow.com › questions › how-to-find-if-...","date":"May 24, 2011","snippet":"var found = categories.includes('specialword');. No comparisons and no confusing -1 results. It does what we want: it returns true ..."},{"signatures":[],"areSignaturesLoading":true,"title":"Find object with specific value in array - Stack Overflow","url":"https://stackoverflow.com/questions/52460473/find-object-with-specific-value-in-array","displayLink":"https://stackoverflow.com › questions › find-object-wit...","date":"Sep 22, 2018","snippet":"Now, I would like to check if my array contains an object with the name \"Mike\". How do I go about this in javascript? I am thinking something ...","snippetHighlightWords":["check","array","object","javascript"]},{"signatures":[],"areSignaturesLoading":true,"title":"Get JavaScript object from array of objects by value of property","url":"https://stackoverflow.com/questions/13964155/get-javascript-object-from-array-of-objects-by-value-of-property","displayLink":"https://stackoverflow.com › questions › get-javascript-o...","date":"Dec 20, 2012","snippet":"The find() method returns a value in the array, if an element in the array satisfies the provided testing function.","snippetHighlightWords":["find","value","array","element","array"]},{"signatures":[],"areSignaturesLoading":true,"title":"Find object by id in an array of JavaScript objects","url":"https://stackoverflow.com/questions/7364150/find-object-by-id-in-an-array-of-javascript-objects","displayLink":"https://stackoverflow.com › questions › find-object-by-i...","snippet":"Use the find() method: myArray.find(x => x.id === '45').foo;. From MDN: The find() method returns the first value in the array, ...","snippetHighlightWords":["find","find","find","value","array"],"extensions":["Sep 9, 2011","36 answers"]},{"signatures":[],"areSignaturesLoading":true,"title":"Find all matching elements with in an array of objects [duplicate]","url":"https://stackoverflow.com/questions/52311150/find-all-matching-elements-with-in-an-array-of-objects","displayLink":"https://stackoverflow.com › questions › find-all-matchi...","snippet":"Two things: first, Array.find() returns the first matching element, undefined if it finds nothing. Array.filter returns a new array ...","snippetHighlightWords":["Array","find","element","Array","array"],"extensions":["Sep 13, 2018","6 answers"]},{"signatures":[],"areSignaturesLoading":true,"title":"How do I check if an array includes a value in JavaScript?","url":"https://stackoverflow.com/questions/237104/how-do-i-check-if-an-array-includes-a-value-in-javascript","displayLink":"https://stackoverflow.com › questions › how-do-i-check...","snippet":"inArray is a terrible name for a function that returns the index of the element, and -1 if it doesn't exist. I would expect a boolean to be returned. – Tim. Jul ...","snippetHighlightWords":["element"]},{"signatures":[],"areSignaturesLoading":true,"title":"How can I find and update values in an array of objects?","url":"https://stackoverflow.com/questions/35206125/how-can-i-find-and-update-values-in-an-array-of-objects","displayLink":"https://stackoverflow.com › questions › how-can-i-find-...","date":"Feb 4, 2016","snippet":"var item = {...} var items = [{id:2}, {id:2}, {id: ...","snippetHighlightWords":["item"]},{"signatures":[],"areSignaturesLoading":true,"title":"Find an item in array and get whats left - Stack Overflow","url":"https://stackoverflow.com/questions/57607836/find-an-item-in-array-and-get-whats-left","displayLink":"https://stackoverflow.com › questions › find-an-item-in...","date":"Aug 22, 2019","snippet":"var fruit = [ \"apples\", \"pears\" ]; var alreadyHave = \"apples\"; for( var i = 0; i < fruit.length; i++){ if (! fruit[i] === alreadyHave) { fruit."},{"signatures":[],"areSignaturesLoading":true,"title":"Best way to find if an item is in a JavaScript array? [duplicate]","url":"https://stackoverflow.com/questions/143847/best-way-to-find-if-an-item-is-in-a-javascript-array","displayLink":"https://stackoverflow.com › questions › best-way-to-fin...","snippet":"Note that \"inArray\" is a misnomer, because it doesn't return boolean value - it returns index of first element found. So if you are checking if ...","extensions":["Sep 27, 2008","8 answers"]}],"events":[{"timestamp":"2022-11-18T16:10:31.078Z","url":"https://stackoverflow.com/questions/12462318/find-a-value-in-an-array-of-objects-in-javascript","component":"projection","action":"load","data":{"height":82,"width":293.640625,"wc":25,"lc":1}},{"timestamp":"2022-11-18T16:10:31.078Z","url":"https://stackoverflow.com/questions/6116474/how-to-find-if-an-array-contains-a-specific-string-in-javascript-jquery","component":"projection","action":"load","data":{"height":82,"width":271.21875,"wc":20,"lc":1}},{"timestamp":"2022-11-18T16:10:31.078Z","url":"https://stackoverflow.com/questions/52460473/find-object-with-specific-value-in-array","component":"projection","action":"load","data":{"height":82,"width":290.921875,"wc":29,"lc":1}},{"timestamp":"2022-11-18T16:10:31.078Z","url":"https://stackoverflow.com/questions/13964155/get-javascript-object-from-array-of-objects-by-value-of-property","component":"projection","action":"load","data":{"height":60,"width":284.0625,"wc":20,"lc":1}},{"timestamp":"2022-11-18T16:10:31.078Z","url":"https://stackoverflow.com/questions/7364150/find-object-by-id-in-an-array-of-javascript-objects","component":"projection","action":"load","data":{"height":60,"width":288.234375,"wc":22,"lc":1}},{"timestamp":"2022-11-18T16:10:31.078Z","url":"https://stackoverflow.com/questions/52311150/find-all-matching-elements-with-in-an-array-of-objects","component":"projection","action":"load","data":{"height":60,"width":282.6875,"wc":20,"lc":1}},{"timestamp":"2022-11-18T16:10:31.078Z","url":"https://stackoverflow.com/questions/237104/how-do-i-check-if-an-array-includes-a-value-in-javascript","component":"projection","action":"load","data":{"height":82,"width":279.59375,"wc":33,"lc":1}},{"timestamp":"2022-11-18T16:10:31.078Z","url":"https://stackoverflow.com/questions/35206125/how-can-i-find-and-update-values-in-an-array-of-objects","component":"projection","action":"load","data":{"height":38,"width":264.921875,"wc":11,"lc":1}},{"timestamp":"2022-11-18T16:10:31.078Z","url":"https://stackoverflow.com/questions/57607836/find-an-item-in-array-and-get-whats-left","component":"projection","action":"load","data":{"height":82,"width":296,"wc":27,"lc":1}},{"timestamp":"2022-11-18T16:10:31.078Z","url":"https://stackoverflow.com/questions/143847/best-way-to-find-if-an-item-is-in-a-javascript-array","component":"projection","action":"load","data":{"height":82,"width":292.0625,"wc":27,"lc":1}},{"timestamp":"2022-11-18T16:10:31.779Z","url":"https://stackoverflow.com/questions/12462318/find-a-value-in-an-array-of-objects-in-javascript","component":"projection","action":"mouseenter"},{"timestamp":"2022-11-18T16:10:32.271Z","url":"https://stackoverflow.com/questions/12462318/find-a-value-in-an-array-of-objects-in-javascript","component":"projection","action":"loaded","data":"projection 10 of 10"},{"timestamp":"2022-11-18T16:10:32.271Z","url":"https://stackoverflow.com/questions/6116474/how-to-find-if-an-array-contains-a-specific-string-in-javascript-jquery","component":"projection","action":"loaded","data":"projection 9 of 10"},{"timestamp":"2022-11-18T16:10:32.271Z","url":"https://stackoverflow.com/questions/52460473/find-object-with-specific-value-in-array","component":"projection","action":"loaded","data":"projection 8 of 10"},{"timestamp":"2022-11-18T16:10:32.271Z","url":"https://stackoverflow.com/questions/13964155/get-javascript-object-from-array-of-objects-by-value-of-property","component":"projection","action":"loaded","data":"projection 7 of 10"},{"timestamp":"2022-11-18T16:10:32.271Z","url":"https://stackoverflow.com/questions/7364150/find-object-by-id-in-an-array-of-javascript-objects","component":"projection","action":"loaded","data":"projection 6 of 10"},{"timestamp":"2022-11-18T16:10:32.271Z","url":"https://stackoverflow.com/questions/52311150/find-all-matching-elements-with-in-an-array-of-objects","component":"projection","action":"loaded","data":"projection 5 of 10"},{"timestamp":"2022-11-18T16:10:32.271Z","url":"https://stackoverflow.com/questions/237104/how-do-i-check-if-an-array-includes-a-value-in-javascript","component":"projection","action":"loaded","data":"projection 4 of 10"},{"timestamp":"2022-11-18T16:10:32.271Z","url":"https://stackoverflow.com/questions/35206125/how-can-i-find-and-update-values-in-an-array-of-objects","component":"projection","action":"loaded","data":"projection 3 of 10"},{"timestamp":"2022-11-18T16:10:32.271Z","url":"https://stackoverflow.com/questions/57607836/find-an-item-in-array-and-get-whats-left","component":"projection","action":"loaded","data":"projection 2 of 10"},{"timestamp":"2022-11-18T16:10:32.271Z","url":"https://stackoverflow.com/questions/143847/best-way-to-find-if-an-item-is-in-a-javascript-array","component":"projection","action":"loaded","data":"projection 1 of 10"},{"timestamp":"2022-11-18T16:10:33.731Z","url":"https://stackoverflow.com/questions/12462318/find-a-value-in-an-array-of-objects-in-javascript","component":"page","action":"open"},{"timestamp":"2022-11-18T16:10:33.747Z","url":"https://stackoverflow.com/questions/12462318/find-a-value-in-an-array-of-objects-in-javascript","component":"projection","action":"mouseleave"},{"timestamp":"2022-11-18T16:10:34.218Z","url":"https://stackoverflow.com/questions/12462318/find-a-value-in-an-array-of-objects-in-javascript","component":"page","action":"load"},{"timestamp":"2022-11-18T16:10:42.871Z","url":"https://stackoverflow.com/questions/12462318/find-a-value-in-an-array-of-objects-in-javascript","component":"page","action":"scroll","data":{"viewport":{"x":0,"y":367,"height":1190,"width":323},"document":{"height":22722,"width":306},"question":{"identifier":"12462318","top":-172.765625,"bottom":872.890625,"right":290,"left":16,"width":274,"height":1045.65625},"answers":[{"identifier":"12462414","top":953.171875,"bottom":2701.40625,"right":290,"left":16,"width":274,"height":1748.234375},{"identifier":"12462387","top":2701.40625,"bottom":3625.03125,"right":290,"left":16,"width":274,"height":923.625},{"identifier":"38500417","top":3625.03125,"bottom":4973.15625,"right":290,"left":16,"width":274,"height":1348.125},{"identifier":"44048398","top":4973.15625,"bottom":5693.96875,"right":290,"left":16,"width":274,"height":720.8125},{"identifier":"48718969","top":5693.96875,"bottom":7116.78125,"right":290,"left":16,"width":274,"height":1422.8125},{"identifier":"47790805","top":7116.78125,"bottom":8137.40625,"right":290,"left":16,"width":274,"height":1020.625},{"identifier":"43778799","top":8137.40625,"bottom":9043.28125,"right":290,"left":16,"width":274,"height":905.875},{"identifier":"12462406","top":9043.28125,"bottom":9785.03125,"right":290,"left":16,"width":274,"height":741.75},{"identifier":"31748358","top":9785.03125,"bottom":10650.71875,"right":290,"left":16,"width":274,"height":865.6875},{"identifier":"47194061","top":10650.71875,"bottom":11036.65625,"right":290,"left":16,"width":274,"height":385.9375},{"identifier":"33097318","top":11036.65625,"bottom":14338.03125,"right":290,"left":16,"width":274,"height":3301.375},{"identifier":"12462347","top":14338.03125,"bottom":15135.46875,"right":290,"left":16,"width":274,"height":797.4375},{"identifier":"37735967","top":15135.46875,"bottom":15534.40625,"right":290,"left":16,"width":274,"height":398.9375},{"identifier":"33825763","top":15534.40625,"bottom":16068.53125,"right":290,"left":16,"width":274,"height":534.125},{"identifier":"24263355","top":16068.53125,"bottom":16462.46875,"right":290,"left":16,"width":274,"height":393.9375},{"identifier":"42891511","top":16462.46875,"bottom":17633.25,"right":290,"left":16,"width":274,"height":1170.78125},{"identifier":"37489965","top":17633.25,"bottom":17902.1875,"right":290,"left":16,"width":274,"height":268.9375},{"identifier":"38786112","top":17902.1875,"bottom":18748.625,"right":290,"left":16,"width":274,"height":846.4375},{"identifier":"27443358","top":18748.625,"bottom":19147.0625,"right":290,"left":16,"width":274,"height":398.4375},{"identifier":"45355935","top":19147.0625,"bottom":20034,"right":290,"left":16,"width":274,"height":886.9375}]}},{"timestamp":"2022-11-18T16:12:32.356Z","url":"https://stackoverflow.com/questions/12462318/find-a-value-in-an-array-of-objects-in-javascript","component":"page","action":"scroll","data":{"viewport":{"x":0,"y":734,"height":1190,"width":323},"document":{"height":22722,"width":306},"question":{"identifier":"12462318","top":-539.765625,"bottom":505.890625,"right":290,"left":16,"width":274,"height":1045.65625},"answers":[{"identifier":"12462414","top":586.171875,"bottom":2334.40625,"right":290,"left":16,"width":274,"height":1748.234375},{"identifier":"12462387","top":2334.40625,"bottom":3258.03125,"right":290,"left":16,"width":274,"height":923.625},{"identifier":"38500417","top":3258.03125,"bottom":4606.15625,"right":290,"left":16,"width":274,"height":1348.125},{"identifier":"44048398","top":4606.15625,"bottom":5326.96875,"right":290,"left":16,"width":274,"height":720.8125},{"identifier":"48718969","top":5326.96875,"bottom":6749.78125,"right":290,"left":16,"width":274,"height":1422.8125},{"identifier":"47790805","top":6749.78125,"bottom":7770.40625,"right":290,"left":16,"width":274,"height":1020.625},{"identifier":"43778799","top":7770.40625,"bottom":8676.28125,"right":290,"left":16,"width":274,"height":905.875},{"identifier":"12462406","top":8676.28125,"bottom":9418.03125,"right":290,"left":16,"width":274,"height":741.75},{"identifier":"31748358","top":9418.03125,"bottom":10283.71875,"right":290,"left":16,"width":274,"height":865.6875},{"identifier":"47194061","top":10283.71875,"bottom":10669.65625,"right":290,"left":16,"width":274,"height":385.9375},{"identifier":"33097318","top":10669.65625,"bottom":13971.03125,"right":290,"left":16,"width":274,"height":3301.375},{"identifier":"12462347","top":13971.03125,"bottom":14768.46875,"right":290,"left":16,"width":274,"height":797.4375},{"identifier":"37735967","top":14768.46875,"bottom":15167.40625,"right":290,"left":16,"width":274,"height":398.9375},{"identifier":"33825763","top":15167.40625,"bottom":15701.53125,"right":290,"left":16,"width":274,"height":534.125},{"identifier":"24263355","top":15701.53125,"bottom":16095.46875,"right":290,"left":16,"width":274,"height":393.9375},{"identifier":"42891511","top":16095.46875,"bottom":17266.25,"right":290,"left":16,"width":274,"height":1170.78125},{"identifier":"37489965","top":17266.25,"bottom":17535.1875,"right":290,"left":16,"width":274,"height":268.9375},{"identifier":"38786112","top":17535.1875,"bottom":18381.625,"right":290,"left":16,"width":274,"height":846.4375},{"identifier":"27443358","top":18381.625,"bottom":18780.0625,"right":290,"left":16,"width":274,"height":398.4375},{"identifier":"45355935","top":18780.0625,"bottom":19667,"right":290,"left":16,"width":274,"height":886.9375}]}},{"timestamp":"2022-11-18T16:12:33.136Z","url":"https://stackoverflow.com/questions/12462318/find-a-value-in-an-array-of-objects-in-javascript","component":"page","action":"scroll","data":{"viewport":{"x":0,"y":1101,"height":1190,"width":323},"document":{"height":22722,"width":306},"question":{"identifier":"12462318","top":-906.765625,"bottom":138.890625,"right":290,"left":16,"width":274,"height":1045.65625},"answers":[{"identifier":"12462414","top":219.171875,"bottom":1967.40625,"right":290,"left":16,"width":274,"height":1748.234375},{"identifier":"12462387","top":1967.40625,"bottom":2891.03125,"right":290,"left":16,"width":274,"height":923.625},{"identifier":"38500417","top":2891.03125,"bottom":4239.15625,"right":290,"left":16,"width":274,"height":1348.125},{"identifier":"44048398","top":4239.15625,"bottom":4959.96875,"right":290,"left":16,"width":274,"height":720.8125},{"identifier":"48718969","top":4959.96875,"bottom":6382.78125,"right":290,"left":16,"width":274,"height":1422.8125},{"identifier":"47790805","top":6382.78125,"bottom":7403.40625,"right":290,"left":16,"width":274,"height":1020.625},{"identifier":"43778799","top":7403.40625,"bottom":8309.28125,"right":290,"left":16,"width":274,"height":905.875},{"identifier":"12462406","top":8309.28125,"bottom":9051.03125,"right":290,"left":16,"width":274,"height":741.75},{"identifier":"31748358","top":9051.03125,"bottom":9916.71875,"right":290,"left":16,"width":274,"height":865.6875},{"identifier":"47194061","top":9916.71875,"bottom":10302.65625,"right":290,"left":16,"width":274,"height":385.9375},{"identifier":"33097318","top":10302.65625,"bottom":13604.03125,"right":290,"left":16,"width":274,"height":3301.375},{"identifier":"12462347","top":13604.03125,"bottom":14401.46875,"right":290,"left":16,"width":274,"height":797.4375},{"identifier":"37735967","top":14401.46875,"bottom":14800.40625,"right":290,"left":16,"width":274,"height":398.9375},{"identifier":"33825763","top":14800.40625,"bottom":15334.53125,"right":290,"left":16,"width":274,"height":534.125},{"identifier":"24263355","top":15334.53125,"bottom":15728.46875,"right":290,"left":16,"width":274,"height":393.9375},{"identifier":"42891511","top":15728.46875,"bottom":16899.25,"right":290,"left":16,"width":274,"height":1170.78125},{"identifier":"37489965","top":16899.25,"bottom":17168.1875,"right":290,"left":16,"width":274,"height":268.9375},{"identifier":"38786112","top":17168.1875,"bottom":18014.625,"right":290,"left":16,"width":274,"height":846.4375},{"identifier":"27443358","top":18014.625,"bottom":18413.0625,"right":290,"left":16,"width":274,"height":398.4375},{"identifier":"45355935","top":18413.0625,"bottom":19300,"right":290,"left":16,"width":274,"height":886.9375}]}},{"timestamp":"2022-11-18T16:12:33.775Z","url":"https://stackoverflow.com/questions/12462318/find-a-value-in-an-array-of-objects-in-javascript","component":"page","action":"scroll","data":{"viewport":{"x":0,"y":1468,"height":1190,"width":323},"document":{"height":22722,"width":306},"question":{"identifier":"12462318","top":-1273.765625,"bottom":-228.109375,"right":290,"left":16,"width":274,"height":1045.65625},"answers":[{"identifier":"12462414","top":-147.828125,"bottom":1600.40625,"right":290,"left":16,"width":274,"height":1748.234375},{"identifier":"12462387","top":1600.40625,"bottom":2524.03125,"right":290,"left":16,"width":274,"height":923.625},{"identifier":"38500417","top":2524.03125,"bottom":3872.15625,"right":290,"left":16,"width":274,"height":1348.125},{"identifier":"44048398","top":3872.15625,"bottom":4592.96875,"right":290,"left":16,"width":274,"height":720.8125},{"identifier":"48718969","top":4592.96875,"bottom":6015.78125,"right":290,"left":16,"width":274,"height":1422.8125},{"identifier":"47790805","top":6015.78125,"bottom":7036.40625,"right":290,"left":16,"width":274,"height":1020.625},{"identifier":"43778799","top":7036.40625,"bottom":7942.28125,"right":290,"left":16,"width":274,"height":905.875},{"identifier":"12462406","top":7942.28125,"bottom":8684.03125,"right":290,"left":16,"width":274,"height":741.75},{"identifier":"31748358","top":8684.03125,"bottom":9549.71875,"right":290,"left":16,"width":274,"height":865.6875},{"identifier":"47194061","top":9549.71875,"bottom":9935.65625,"right":290,"left":16,"width":274,"height":385.9375},{"identifier":"33097318","top":9935.65625,"bottom":13237.03125,"right":290,"left":16,"width":274,"height":3301.375},{"identifier":"12462347","top":13237.03125,"bottom":14034.46875,"right":290,"left":16,"width":274,"height":797.4375},{"identifier":"37735967","top":14034.46875,"bottom":14433.40625,"right":290,"left":16,"width":274,"height":398.9375},{"identifier":"33825763","top":14433.40625,"bottom":14967.53125,"right":290,"left":16,"width":274,"height":534.125},{"identifier":"24263355","top":14967.53125,"bottom":15361.46875,"right":290,"left":16,"width":274,"height":393.9375},{"identifier":"42891511","top":15361.46875,"bottom":16532.25,"right":290,"left":16,"width":274,"height":1170.78125},{"identifier":"37489965","top":16532.25,"bottom":16801.1875,"right":290,"left":16,"width":274,"height":268.9375},{"identifier":"38786112","top":16801.1875,"bottom":17647.625,"right":290,"left":16,"width":274,"height":846.4375},{"identifier":"27443358","top":17647.625,"bottom":18046.0625,"right":290,"left":16,"width":274,"height":398.4375},{"identifier":"45355935","top":18046.0625,"bottom":18933,"right":290,"left":16,"width":274,"height":886.9375}]}},{"timestamp":"2022-11-18T16:12:34.882Z","url":"https://stackoverflow.com/questions/12462318/find-a-value-in-an-array-of-objects-in-javascript","component":"page","action":"close"},{"timestamp":"2022-11-18T16:12:35.431Z","url":"https://stackoverflow.com/questions/12462318/find-a-value-in-an-array-of-objects-in-javascript","component":"projection","action":"mouseenter"},{"timestamp":"2022-11-18T16:12:35.519Z","url":"https://stackoverflow.com/questions/12462318/find-a-value-in-an-array-of-objects-in-javascript","component":"projection","action":"mouseleave"},{"timestamp":"2022-11-18T16:12:36.338Z","url":"https://stackoverflow.com/questions/12462318/find-a-value-in-an-array-of-objects-in-javascript","component":"projection","action":"mouseenter"},{"timestamp":"2022-11-18T16:12:36.511Z","url":"https://stackoverflow.com/questions/12462318/find-a-value-in-an-array-of-objects-in-javascript","component":"projection","action":"mouseleave"},{"timestamp":"2022-11-18T16:12:36.512Z","url":"https://stackoverflow.com/questions/6116474/how-to-find-if-an-array-contains-a-specific-string-in-javascript-jquery","component":"projection","action":"mouseenter"},{"timestamp":"2022-11-18T16:12:37.485Z","url":"https://stackoverflow.com/questions/6116474/how-to-find-if-an-array-contains-a-specific-string-in-javascript-jquery","component":"projection","action":"mouseleave"},{"timestamp":"2022-11-18T16:12:37.486Z","url":"https://stackoverflow.com/questions/12462318/find-a-value-in-an-array-of-objects-in-javascript","component":"projection","action":"mouseenter"},{"timestamp":"2022-11-18T16:12:38.269Z","url":"https://stackoverflow.com/questions/12462318/find-a-value-in-an-array-of-objects-in-javascript","component":"page","action":"open"},{"timestamp":"2022-11-18T16:12:38.287Z","url":"https://stackoverflow.com/questions/12462318/find-a-value-in-an-array-of-objects-in-javascript","component":"projection","action":"mouseleave"},{"timestamp":"2022-11-18T16:12:38.684Z","url":"https://stackoverflow.com/questions/12462318/find-a-value-in-an-array-of-objects-in-javascript","component":"page","action":"load"},{"timestamp":"2022-11-18T16:14:16.277Z","url":"https://stackoverflow.com/questions/12462318/find-a-value-in-an-array-of-objects-in-javascript","component":"page","action":"scroll","data":{"viewport":{"x":0,"y":367,"height":1190,"width":323},"document":{"height":22746,"width":306},"question":{"identifier":"12462318","top":-172.765625,"bottom":872.890625,"right":290,"left":16,"width":274,"height":1045.65625},"answers":[{"identifier":"12462414","top":953.171875,"bottom":2701.40625,"right":290,"left":16,"width":274,"height":1748.234375},{"identifier":"12462387","top":2701.40625,"bottom":3625.03125,"right":290,"left":16,"width":274,"height":923.625},{"identifier":"38500417","top":3625.03125,"bottom":4973.15625,"right":290,"left":16,"width":274,"height":1348.125},{"identifier":"44048398","top":4973.15625,"bottom":5693.96875,"right":290,"left":16,"width":274,"height":720.8125},{"identifier":"48718969","top":5693.96875,"bottom":7116.78125,"right":290,"left":16,"width":274,"height":1422.8125},{"identifier":"47790805","top":7116.78125,"bottom":8137.40625,"right":290,"left":16,"width":274,"height":1020.625},{"identifier":"43778799","top":8137.40625,"bottom":9043.28125,"right":290,"left":16,"width":274,"height":905.875},{"identifier":"12462406","top":9043.28125,"bottom":9785.03125,"right":290,"left":16,"width":274,"height":741.75},{"identifier":"31748358","top":9785.03125,"bottom":10650.71875,"right":290,"left":16,"width":274,"height":865.6875},{"identifier":"47194061","top":10650.71875,"bottom":11036.65625,"right":290,"left":16,"width":274,"height":385.9375},{"identifier":"33097318","top":11036.65625,"bottom":14338.03125,"right":290,"left":16,"width":274,"height":3301.375},{"identifier":"12462347","top":14338.03125,"bottom":15135.46875,"right":290,"left":16,"width":274,"height":797.4375},{"identifier":"37735967","top":15135.46875,"bottom":15534.40625,"right":290,"left":16,"width":274,"height":398.9375},{"identifier":"33825763","top":15534.40625,"bottom":16068.53125,"right":290,"left":16,"width":274,"height":534.125},{"identifier":"24263355","top":16068.53125,"bottom":16462.46875,"right":290,"left":16,"width":274,"height":393.9375},{"identifier":"42891511","top":16462.46875,"bottom":17633.25,"right":290,"left":16,"width":274,"height":1170.78125},{"identifier":"37489965","top":17633.25,"bottom":17902.1875,"right":290,"left":16,"width":274,"height":268.9375},{"identifier":"38786112","top":17902.1875,"bottom":18748.625,"right":290,"left":16,"width":274,"height":846.4375},{"identifier":"27443358","top":18748.625,"bottom":19147.0625,"right":290,"left":16,"width":274,"height":398.4375},{"identifier":"45355935","top":19147.0625,"bottom":20034,"right":290,"left":16,"width":274,"height":886.9375}]}},{"timestamp":"2022-11-18T16:15:48.324Z","url":"https://stackoverflow.com/questions/12462318/find-a-value-in-an-array-of-objects-in-javascript","component":"page","action":"scroll","data":{"viewport":{"x":0,"y":734,"height":1190,"width":323},"document":{"height":22746,"width":306},"question":{"identifier":"12462318","top":-539.765625,"bottom":505.890625,"right":290,"left":16,"width":274,"height":1045.65625},"answers":[{"identifier":"12462414","top":586.171875,"bottom":2334.40625,"right":290,"left":16,"width":274,"height":1748.234375},{"identifier":"12462387","top":2334.40625,"bottom":3258.03125,"right":290,"left":16,"width":274,"height":923.625},{"identifier":"38500417","top":3258.03125,"bottom":4606.15625,"right":290,"left":16,"width":274,"height":1348.125},{"identifier":"44048398","top":4606.15625,"bottom":5326.96875,"right":290,"left":16,"width":274,"height":720.8125},{"identifier":"48718969","top":5326.96875,"bottom":6749.78125,"right":290,"left":16,"width":274,"height":1422.8125},{"identifier":"47790805","top":6749.78125,"bottom":7770.40625,"right":290,"left":16,"width":274,"height":1020.625},{"identifier":"43778799","top":7770.40625,"bottom":8676.28125,"right":290,"left":16,"width":274,"height":905.875},{"identifier":"12462406","top":8676.28125,"bottom":9418.03125,"right":290,"left":16,"width":274,"height":741.75},{"identifier":"31748358","top":9418.03125,"bottom":10283.71875,"right":290,"left":16,"width":274,"height":865.6875},{"identifier":"47194061","top":10283.71875,"bottom":10669.65625,"right":290,"left":16,"width":274,"height":385.9375},{"identifier":"33097318","top":10669.65625,"bottom":13971.03125,"right":290,"left":16,"width":274,"height":3301.375},{"identifier":"12462347","top":13971.03125,"bottom":14768.46875,"right":290,"left":16,"width":274,"height":797.4375},{"identifier":"37735967","top":14768.46875,"bottom":15167.40625,"right":290,"left":16,"width":274,"height":398.9375},{"identifier":"33825763","top":15167.40625,"bottom":15701.53125,"right":290,"left":16,"width":274,"height":534.125},{"identifier":"24263355","top":15701.53125,"bottom":16095.46875,"right":290,"left":16,"width":274,"height":393.9375},{"identifier":"42891511","top":16095.46875,"bottom":17266.25,"right":290,"left":16,"width":274,"height":1170.78125},{"identifier":"37489965","top":17266.25,"bottom":17535.1875,"right":290,"left":16,"width":274,"height":268.9375},{"identifier":"38786112","top":17535.1875,"bottom":18381.625,"right":290,"left":16,"width":274,"height":846.4375},{"identifier":"27443358","top":18381.625,"bottom":18780.0625,"right":290,"left":16,"width":274,"height":398.4375},{"identifier":"45355935","top":18780.0625,"bottom":19667,"right":290,"left":16,"width":274,"height":886.9375}]}},{"timestamp":"2022-11-18T16:15:49.751Z","url":"https://stackoverflow.com/questions/12462318/find-a-value-in-an-array-of-objects-in-javascript","component":"page","action":"scroll","data":{"viewport":{"x":0,"y":1467,"height":1190,"width":323},"document":{"height":22746,"width":306},"question":{"identifier":"12462318","top":-1272.765625,"bottom":-227.109375,"right":290,"left":16,"width":274,"height":1045.65625},"answers":[{"identifier":"12462414","top":-146.828125,"bottom":1601.40625,"right":290,"left":16,"width":274,"height":1748.234375},{"identifier":"12462387","top":1601.40625,"bottom":2525.03125,"right":290,"left":16,"width":274,"height":923.625},{"identifier":"38500417","top":2525.03125,"bottom":3873.15625,"right":290,"left":16,"width":274,"height":1348.125},{"identifier":"44048398","top":3873.15625,"bottom":4593.96875,"right":290,"left":16,"width":274,"height":720.8125},{"identifier":"48718969","top":4593.96875,"bottom":6016.78125,"right":290,"left":16,"width":274,"height":1422.8125},{"identifier":"47790805","top":6016.78125,"bottom":7037.40625,"right":290,"left":16,"width":274,"height":1020.625},{"identifier":"43778799","top":7037.40625,"bottom":7943.28125,"right":290,"left":16,"width":274,"height":905.875},{"identifier":"12462406","top":7943.28125,"bottom":8685.03125,"right":290,"left":16,"width":274,"height":741.75},{"identifier":"31748358","top":8685.03125,"bottom":9550.71875,"right":290,"left":16,"width":274,"height":865.6875},{"identifier":"47194061","top":9550.71875,"bottom":9936.65625,"right":290,"left":16,"width":274,"height":385.9375},{"identifier":"33097318","top":9936.65625,"bottom":13238.03125,"right":290,"left":16,"width":274,"height":3301.375},{"identifier":"12462347","top":13238.03125,"bottom":14035.46875,"right":290,"left":16,"width":274,"height":797.4375},{"identifier":"37735967","top":14035.46875,"bottom":14434.40625,"right":290,"left":16,"width":274,"height":398.9375},{"identifier":"33825763","top":14434.40625,"bottom":14968.53125,"right":290,"left":16,"width":274,"height":534.125},{"identifier":"24263355","top":14968.53125,"bottom":15362.46875,"right":290,"left":16,"width":274,"height":393.9375},{"identifier":"42891511","top":15362.46875,"bottom":16533.25,"right":290,"left":16,"width":274,"height":1170.78125},{"identifier":"37489965","top":16533.25,"bottom":16802.1875,"right":290,"left":16,"width":274,"height":268.9375},{"identifier":"38786112","top":16802.1875,"bottom":17648.625,"right":290,"left":16,"width":274,"height":846.4375},{"identifier":"27443358","top":17648.625,"bottom":18047.0625,"right":290,"left":16,"width":274,"height":398.4375},{"identifier":"45355935","top":18047.0625,"bottom":18934,"right":290,"left":16,"width":274,"height":886.9375}]}},{"timestamp":"2022-11-18T16:15:57.814Z","url":"https://stackoverflow.com/questions/12462318/find-a-value-in-an-array-of-objects-in-javascript","component":"page","action":"scroll","data":{"viewport":{"x":0,"y":2200,"height":1190,"width":323},"document":{"height":22746,"width":306},"question":{"identifier":"12462318","top":-2005.765625,"bottom":-960.109375,"right":290,"left":16,"width":274,"height":1045.65625},"answers":[{"identifier":"12462414","top":-879.828125,"bottom":868.40625,"right":290,"left":16,"width":274,"height":1748.234375},{"identifier":"12462387","top":868.40625,"bottom":1792.03125,"right":290,"left":16,"width":274,"height":923.625},{"identifier":"38500417","top":1792.03125,"bottom":3140.15625,"right":290,"left":16,"width":274,"height":1348.125},{"identifier":"44048398","top":3140.15625,"bottom":3860.96875,"right":290,"left":16,"width":274,"height":720.8125},{"identifier":"48718969","top":3860.96875,"bottom":5283.78125,"right":290,"left":16,"width":274,"height":1422.8125},{"identifier":"47790805","top":5283.78125,"bottom":6304.40625,"right":290,"left":16,"width":274,"height":1020.625},{"identifier":"43778799","top":6304.40625,"bottom":7210.28125,"right":290,"left":16,"width":274,"height":905.875},{"identifier":"12462406","top":7210.28125,"bottom":7952.03125,"right":290,"left":16,"width":274,"height":741.75},{"identifier":"31748358","top":7952.03125,"bottom":8817.71875,"right":290,"left":16,"width":274,"height":865.6875},{"identifier":"47194061","top":8817.71875,"bottom":9203.65625,"right":290,"left":16,"width":274,"height":385.9375},{"identifier":"33097318","top":9203.65625,"bottom":12505.03125,"right":290,"left":16,"width":274,"height":3301.375},{"identifier":"12462347","top":12505.03125,"bottom":13302.46875,"right":290,"left":16,"width":274,"height":797.4375},{"identifier":"37735967","top":13302.46875,"bottom":13701.40625,"right":290,"left":16,"width":274,"height":398.9375},{"identifier":"33825763","top":13701.40625,"bottom":14235.53125,"right":290,"left":16,"width":274,"height":534.125},{"identifier":"24263355","top":14235.53125,"bottom":14629.46875,"right":290,"left":16,"width":274,"height":393.9375},{"identifier":"42891511","top":14629.46875,"bottom":15800.25,"right":290,"left":16,"width":274,"height":1170.78125},{"identifier":"37489965","top":15800.25,"bottom":16069.1875,"right":290,"left":16,"width":274,"height":268.9375},{"identifier":"38786112","top":16069.1875,"bottom":16915.625,"right":290,"left":16,"width":274,"height":846.4375},{"identifier":"27443358","top":16915.625,"bottom":17314.0625,"right":290,"left":16,"width":274,"height":398.4375},{"identifier":"45355935","top":17314.0625,"bottom":18201,"right":290,"left":16,"width":274,"height":886.9375}]}},{"timestamp":"2022-11-18T16:15:59.294Z","url":"https://stackoverflow.com/questions/12462318/find-a-value-in-an-array-of-objects-in-javascript","component":"page","action":"scroll","data":{"viewport":{"x":0,"y":2567,"height":1190,"width":323},"document":{"height":22746,"width":306},"question":{"identifier":"12462318","top":-2372.765625,"bottom":-1327.109375,"right":290,"left":16,"width":274,"height":1045.65625},"answers":[{"identifier":"12462414","top":-1246.828125,"bottom":501.40625,"right":290,"left":16,"width":274,"height":1748.234375},{"identifier":"12462387","top":501.40625,"bottom":1425.03125,"right":290,"left":16,"width":274,"height":923.625},{"identifier":"38500417","top":1425.03125,"bottom":2773.15625,"right":290,"left":16,"width":274,"height":1348.125},{"identifier":"44048398","top":2773.15625,"bottom":3493.96875,"right":290,"left":16,"width":274,"height":720.8125},{"identifier":"48718969","top":3493.96875,"bottom":4916.78125,"right":290,"left":16,"width":274,"height":1422.8125},{"identifier":"47790805","top":4916.78125,"bottom":5937.40625,"right":290,"left":16,"width":274,"height":1020.625},{"identifier":"43778799","top":5937.40625,"bottom":6843.28125,"right":290,"left":16,"width":274,"height":905.875},{"identifier":"12462406","top":6843.28125,"bottom":7585.03125,"right":290,"left":16,"width":274,"height":741.75},{"identifier":"31748358","top":7585.03125,"bottom":8450.71875,"right":290,"left":16,"width":274,"height":865.6875},{"identifier":"47194061","top":8450.71875,"bottom":8836.65625,"right":290,"left":16,"width":274,"height":385.9375},{"identifier":"33097318","top":8836.65625,"bottom":12138.03125,"right":290,"left":16,"width":274,"height":3301.375},{"identifier":"12462347","top":12138.03125,"bottom":12935.46875,"right":290,"left":16,"width":274,"height":797.4375},{"identifier":"37735967","top":12935.46875,"bottom":13334.40625,"right":290,"left":16,"width":274,"height":398.9375},{"identifier":"33825763","top":13334.40625,"bottom":13868.53125,"right":290,"left":16,"width":274,"height":534.125},{"identifier":"24263355","top":13868.53125,"bottom":14262.46875,"right":290,"left":16,"width":274,"height":393.9375},{"identifier":"42891511","top":14262.46875,"bottom":15433.25,"right":290,"left":16,"width":274,"height":1170.78125},{"identifier":"37489965","top":15433.25,"bottom":15702.1875,"right":290,"left":16,"width":274,"height":268.9375},{"identifier":"38786112","top":15702.1875,"bottom":16548.625,"right":290,"left":16,"width":274,"height":846.4375},{"identifier":"27443358","top":16548.625,"bottom":16947.0625,"right":290,"left":16,"width":274,"height":398.4375},{"identifier":"45355935","top":16947.0625,"bottom":17834,"right":290,"left":16,"width":274,"height":886.9375}]}},{"timestamp":"2022-11-18T16:16:06.784Z","url":"https://stackoverflow.com/questions/12462318/find-a-value-in-an-array-of-objects-in-javascript","component":"page","action":"scroll","data":{"viewport":{"x":0,"y":2934,"height":1190,"width":323},"document":{"height":22746,"width":306},"question":{"identifier":"12462318","top":-2739.765625,"bottom":-1694.109375,"right":290,"left":16,"width":274,"height":1045.65625},"answers":[{"identifier":"12462414","top":-1613.828125,"bottom":134.40625,"right":290,"left":16,"width":274,"height":1748.234375},{"identifier":"12462387","top":134.40625,"bottom":1058.03125,"right":290,"left":16,"width":274,"height":923.625},{"identifier":"38500417","top":1058.03125,"bottom":2406.15625,"right":290,"left":16,"width":274,"height":1348.125},{"identifier":"44048398","top":2406.15625,"bottom":3126.96875,"right":290,"left":16,"width":274,"height":720.8125},{"identifier":"48718969","top":3126.96875,"bottom":4549.78125,"right":290,"left":16,"width":274,"height":1422.8125},{"identifier":"47790805","top":4549.78125,"bottom":5570.40625,"right":290,"left":16,"width":274,"height":1020.625},{"identifier":"43778799","top":5570.40625,"bottom":6476.28125,"right":290,"left":16,"width":274,"height":905.875},{"identifier":"12462406","top":6476.28125,"bottom":7218.03125,"right":290,"left":16,"width":274,"height":741.75},{"identifier":"31748358","top":7218.03125,"bottom":8083.71875,"right":290,"left":16,"width":274,"height":865.6875},{"identifier":"47194061","top":8083.71875,"bottom":8469.65625,"right":290,"left":16,"width":274,"height":385.9375},{"identifier":"33097318","top":8469.65625,"bottom":11771.03125,"right":290,"left":16,"width":274,"height":3301.375},{"identifier":"12462347","top":11771.03125,"bottom":12568.46875,"right":290,"left":16,"width":274,"height":797.4375},{"identifier":"37735967","top":12568.46875,"bottom":12967.40625,"right":290,"left":16,"width":274,"height":398.9375},{"identifier":"33825763","top":12967.40625,"bottom":13501.53125,"right":290,"left":16,"width":274,"height":534.125},{"identifier":"24263355","top":13501.53125,"bottom":13895.46875,"right":290,"left":16,"width":274,"height":393.9375},{"identifier":"42891511","top":13895.46875,"bottom":15066.25,"right":290,"left":16,"width":274,"height":1170.78125},{"identifier":"37489965","top":15066.25,"bottom":15335.1875,"right":290,"left":16,"width":274,"height":268.9375},{"identifier":"38786112","top":15335.1875,"bottom":16181.625,"right":290,"left":16,"width":274,"height":846.4375},{"identifier":"27443358","top":16181.625,"bottom":16580.0625,"right":290,"left":16,"width":274,"height":398.4375},{"identifier":"45355935","top":16580.0625,"bottom":17467,"right":290,"left":16,"width":274,"height":886.9375}]}},{"timestamp":"2022-11-18T16:16:08.259Z","url":"https://stackoverflow.com/questions/12462318/find-a-value-in-an-array-of-objects-in-javascript","component":"page","action":"scroll","data":{"viewport":{"x":0,"y":3301,"height":1190,"width":323},"document":{"height":22746,"width":306},"question":{"identifier":"12462318","top":-3106.765625,"bottom":-2061.109375,"right":290,"left":16,"width":274,"height":1045.65625},"answers":[{"identifier":"12462414","top":-1980.828125,"bottom":-232.59375,"right":290,"left":16,"width":274,"height":1748.234375},{"identifier":"12462387","top":-232.59375,"bottom":691.03125,"right":290,"left":16,"width":274,"height":923.625},{"identifier":"38500417","top":691.03125,"bottom":2039.15625,"right":290,"left":16,"width":274,"height":1348.125},{"identifier":"44048398","top":2039.15625,"bottom":2759.96875,"right":290,"left":16,"width":274,"height":720.8125},{"identifier":"48718969","top":2759.96875,"bottom":4182.78125,"right":290,"left":16,"width":274,"height":1422.8125},{"identifier":"47790805","top":4182.78125,"bottom":5203.40625,"right":290,"left":16,"width":274,"height":1020.625},{"identifier":"43778799","top":5203.40625,"bottom":6109.28125,"right":290,"left":16,"width":274,"height":905.875},{"identifier":"12462406","top":6109.28125,"bottom":6851.03125,"right":290,"left":16,"width":274,"height":741.75},{"identifier":"31748358","top":6851.03125,"bottom":7716.71875,"right":290,"left":16,"width":274,"height":865.6875},{"identifier":"47194061","top":7716.71875,"bottom":8102.65625,"right":290,"left":16,"width":274,"height":385.9375},{"identifier":"33097318","top":8102.65625,"bottom":11404.03125,"right":290,"left":16,"width":274,"height":3301.375},{"identifier":"12462347","top":11404.03125,"bottom":12201.46875,"right":290,"left":16,"width":274,"height":797.4375},{"identifier":"37735967","top":12201.46875,"bottom":12600.40625,"right":290,"left":16,"width":274,"height":398.9375},{"identifier":"33825763","top":12600.40625,"bottom":13134.53125,"right":290,"left":16,"width":274,"height":534.125},{"identifier":"24263355","top":13134.53125,"bottom":13528.46875,"right":290,"left":16,"width":274,"height":393.9375},{"identifier":"42891511","top":13528.46875,"bottom":14699.25,"right":290,"left":16,"width":274,"height":1170.78125},{"identifier":"37489965","top":14699.25,"bottom":14968.1875,"right":290,"left":16,"width":274,"height":268.9375},{"identifier":"38786112","top":14968.1875,"bottom":15814.625,"right":290,"left":16,"width":274,"height":846.4375},{"identifier":"27443358","top":15814.625,"bottom":16213.0625,"right":290,"left":16,"width":274,"height":398.4375},{"identifier":"45355935","top":16213.0625,"bottom":17100,"right":290,"left":16,"width":274,"height":886.9375}]}},{"timestamp":"2022-11-18T16:16:10.890Z","url":"https://stackoverflow.com/questions/12462318/find-a-value-in-an-array-of-objects-in-javascript","component":"page","action":"selection","data":"y.f"},{"timestamp":"2022-11-18T16:16:16.860Z","url":"https://stackoverflow.com/questions/12462318/find-a-value-in-an-array-of-objects-in-javascript","component":"page","action":"selection","data":"array.find(x => x.name === 'string 1')"},{"timestamp":"2022-11-18T16:16:17.650Z","url":"https://stackoverflow.com/questions/12462318/find-a-value-in-an-array-of-objects-in-javascript","component":"page","action":"copy","data":"array.find(x => x.name === 'string 1')"},{"timestamp":"2022-11-18T16:16:51.237Z","url":"https://stackoverflow.com/questions/12462318/find-a-value-in-an-array-of-objects-in-javascript","component":"page","action":"scroll","data":{"viewport":{"x":0,"y":3668,"height":1190,"width":323},"document":{"height":22746,"width":306},"question":{"identifier":"12462318","top":-3473.765625,"bottom":-2428.109375,"right":290,"left":16,"width":274,"height":1045.65625},"answers":[{"identifier":"12462414","top":-2347.828125,"bottom":-599.59375,"right":290,"left":16,"width":274,"height":1748.234375},{"identifier":"12462387","top":-599.59375,"bottom":324.03125,"right":290,"left":16,"width":274,"height":923.625},{"identifier":"38500417","top":324.03125,"bottom":1672.15625,"right":290,"left":16,"width":274,"height":1348.125},{"identifier":"44048398","top":1672.15625,"bottom":2392.96875,"right":290,"left":16,"width":274,"height":720.8125},{"identifier":"48718969","top":2392.96875,"bottom":3815.78125,"right":290,"left":16,"width":274,"height":1422.8125},{"identifier":"47790805","top":3815.78125,"bottom":4836.40625,"right":290,"left":16,"width":274,"height":1020.625},{"identifier":"43778799","top":4836.40625,"bottom":5742.28125,"right":290,"left":16,"width":274,"height":905.875},{"identifier":"12462406","top":5742.28125,"bottom":6484.03125,"right":290,"left":16,"width":274,"height":741.75},{"identifier":"31748358","top":6484.03125,"bottom":7349.71875,"right":290,"left":16,"width":274,"height":865.6875},{"identifier":"47194061","top":7349.71875,"bottom":7735.65625,"right":290,"left":16,"width":274,"height":385.9375},{"identifier":"33097318","top":7735.65625,"bottom":11037.03125,"right":290,"left":16,"width":274,"height":3301.375},{"identifier":"12462347","top":11037.03125,"bottom":11834.46875,"right":290,"left":16,"width":274,"height":797.4375},{"identifier":"37735967","top":11834.46875,"bottom":12233.40625,"right":290,"left":16,"width":274,"height":398.9375},{"identifier":"33825763","top":12233.40625,"bottom":12767.53125,"right":290,"left":16,"width":274,"height":534.125},{"identifier":"24263355","top":12767.53125,"bottom":13161.46875,"right":290,"left":16,"width":274,"height":393.9375},{"identifier":"42891511","top":13161.46875,"bottom":14332.25,"right":290,"left":16,"width":274,"height":1170.78125},{"identifier":"37489965","top":14332.25,"bottom":14601.1875,"right":290,"left":16,"width":274,"height":268.9375},{"identifier":"38786112","top":14601.1875,"bottom":15447.625,"right":290,"left":16,"width":274,"height":846.4375},{"identifier":"27443358","top":15447.625,"bottom":15846.0625,"right":290,"left":16,"width":274,"height":398.4375},{"identifier":"45355935","top":15846.0625,"bottom":16733,"right":290,"left":16,"width":274,"height":886.9375}]}}]}]}