{"trialId":"12830_1","taskId":"recent","appEvents":[{"timestamp":"2022-11-18T16:18:30.495Z","name":"resize","data":{"height":1250,"width":327}},{"timestamp":"2022-11-18T16:19:36.552Z","name":"search","data":"search-start"},{"timestamp":"2022-11-18T16:19:39.886Z","name":"search","data":"search-done"},{"timestamp":"2022-11-18T16:21:45.681Z","name":"resize","data":{"height":0,"width":0}}],"searches":[{"keywords":["subtract","days","from","moment"],"context":{"tokens":[{"kind":"library","value":"moment"},{"kind":"language","value":"javascript"}]},"timestamp":"2022-11-18T16:19:36.551Z","results":[{"signatures":[],"areSignaturesLoading":true,"title":"Format date and Subtract days using Moment.js - Stack Overflow","snippet":"I would like a variable to hold yesterday's date in the format DD-MM-YYYY using Moment.js. So if today is 15-04-2015, I would like to subtract a day and have 14 ...","url":"https://stackoverflow.com/questions/29651815/format-date-and-subtract-days-using-moment-js","displayLink":"https://stackoverflow.com › questions › format-date-an...","snippetHighlightWords":["Moment","js","subtract","day"]},{"signatures":[],"areSignaturesLoading":true,"title":"Moment JS - how to subtract 7 days from current date?","snippet":"You can use: moment().subtract(1,'w'). to subtract one week (7 days) from the current date. NOTE: 1. w for week 2. d for days 3. M for month 4. y for year.","url":"https://stackoverflow.com/questions/25888182/moment-js-how-to-subtract-7-days-from-current-date","displayLink":"https://stackoverflow.com › questions › moment-js-how...","snippetHighlightWords":["moment","subtract","subtract","days","days"]},{"signatures":[],"areSignaturesLoading":true,"title":"How add and subtract days using Moment JS for the given ...","snippet":"Here's how, just add and subtract directly using your selectedDate. var selectedDate = moment(1628312400000); let next = \"Next Day :: \" + ...","url":"https://stackoverflow.com/questions/68756983/how-add-and-subtract-days-using-moment-js-for-the-given-timestamp-value","displayLink":"https://stackoverflow.com › questions › how-add-and-s...","snippetHighlightWords":["subtract","moment","Day"],"date":"Aug 12, 2021 4 answers"},{"signatures":[],"areSignaturesLoading":true,"title":"subtract days after the current date moment js - Stack Overflow","snippet":"Moment js isValidDate I needed a little review. Example <Datetime locale=\"tr\" value={request.travelEndDate} isValidDate={this.","url":"https://stackoverflow.com/questions/58626988/subtract-days-after-the-current-date-moment-js","displayLink":"https://stackoverflow.com › questions › subtract-days-af...","snippetHighlightWords":["Moment js"],"date":"Oct 30, 2019"},{"signatures":[],"areSignaturesLoading":true,"title":"Subtract one day from a particular date using MomentJs","snippet":"Use moment substract method: .subtract(1, 'days');.","url":"https://stackoverflow.com/questions/54019837/subtract-one-day-from-a-particular-date-using-momentjs","displayLink":"https://stackoverflow.com › questions › subtract-one-da...","snippetHighlightWords":["moment","subtract","days"],"date":"Jan 3, 2019 1 answer"},{"signatures":[],"areSignaturesLoading":true,"title":"Subtracting 30 days from an ISODate using MomentJS","snippet":"cosnt deceasedDate = '2021-12-23T23:00:00.000Z'; const thirtyDaysAgo = moment(deceasedDate) .subtract(30, 'days') .startOf('day'); try { ...","url":"https://stackoverflow.com/questions/67533168/subtracting-30-days-from-an-isodate-using-momentjs","displayLink":"https://stackoverflow.com › questions › subtracting-30-...","snippetHighlightWords":["moment","subtract","days","day"],"date":"May 14, 2021"},{"signatures":[],"areSignaturesLoading":true,"title":"How to subtract days from a plain Date? - Stack Overflow","snippet":"var n = 5; var dateMnsFive = moment(<your date>).subtract(n , 'day');. Optional! Convert to JS Date obj for Angular binding. var date ...","url":"https://stackoverflow.com/questions/1296358/how-to-subtract-days-from-a-plain-date","displayLink":"https://stackoverflow.com › questions › how-to-subtract...","snippetHighlightWords":["moment","subtract","day","JS"]},{"signatures":[],"areSignaturesLoading":true,"title":"moment.js - subtract 1 day from Sunday not working as expected","snippet":"var timeFormat = 'dddd h:mma'; var originalDate = moment(\"sunday 12:00:00pm\", timeFormat); var previousDay = moment(originalDate).subtract(1, ' ...","url":"https://stackoverflow.com/questions/51428671/moment-js-subtract-1-day-from-sunday-not-working-as-expected","displayLink":"https://stackoverflow.com › questions › moment-js-subt...","snippetHighlightWords":["moment","moment","subtract"],"date":"Jul 19, 2018"},{"signatures":[],"areSignaturesLoading":true,"title":"moment.js add/subtract days without affecting the original date","snippet":"moment.js add/subtract days without affecting the original date · try this moment().add(7, 'days'); .Also go through this. – Raviteja. Mar 4, 2016 at 5:37 · this ...","url":"https://stackoverflow.com/questions/35788718/moment-js-add-subtract-days-without-affecting-the-original-date","displayLink":"https://stackoverflow.com › questions › moment-js-add-...","snippetHighlightWords":["moment","js","subtract days","moment","days"]},{"signatures":[],"areSignaturesLoading":true,"title":"Subtract 7 days from moment date getting Invalid Date","snippet":"Running the example - yeah, that's EXACTLY what that warning is about. You are feeding moment some date but without a known format to it, it ...","url":"https://stackoverflow.com/questions/57901065/subtract-7-days-from-moment-date-getting-invalid-date","displayLink":"https://stackoverflow.com › questions › subtract-7-days...","snippetHighlightWords":["moment"],"date":"Sep 12, 2019"}],"events":[{"timestamp":"2022-11-18T16:19:38.700Z","url":"https://stackoverflow.com/questions/29651815/format-date-and-subtract-days-using-moment-js","component":"projection","action":"load","data":{"height":82,"width":291.546875,"wc":31,"lc":1}},{"timestamp":"2022-11-18T16:19:38.700Z","url":"https://stackoverflow.com/questions/25888182/moment-js-how-to-subtract-7-days-from-current-date","component":"projection","action":"load","data":{"height":82,"width":282.96875,"wc":31,"lc":1}},{"timestamp":"2022-11-18T16:19:38.700Z","url":"https://stackoverflow.com/questions/68756983/how-add-and-subtract-days-using-moment-js-for-the-given-timestamp-value","component":"projection","action":"load","data":{"height":104,"width":275.265625,"wc":23,"lc":1}},{"timestamp":"2022-11-18T16:19:38.700Z","url":"https://stackoverflow.com/questions/58626988/subtract-days-after-the-current-date-moment-js","component":"projection","action":"load","data":{"height":38,"width":256.4375,"wc":13,"lc":1}},{"timestamp":"2022-11-18T16:19:38.700Z","url":"https://stackoverflow.com/questions/54019837/subtract-one-day-from-a-particular-date-using-momentjs","component":"projection","action":"load","data":{"height":38,"width":248.25,"wc":6,"lc":1}},{"timestamp":"2022-11-18T16:19:38.700Z","url":"https://stackoverflow.com/questions/67533168/subtracting-30-days-from-an-isodate-using-momentjs","component":"projection","action":"load","data":{"height":82,"width":294.375,"wc":14,"lc":1}},{"timestamp":"2022-11-18T16:19:38.700Z","url":"https://stackoverflow.com/questions/1296358/how-to-subtract-days-from-a-plain-date","component":"projection","action":"load","data":{"height":82,"width":294.21875,"wc":23,"lc":1}},{"timestamp":"2022-11-18T16:19:38.700Z","url":"https://stackoverflow.com/questions/51428671/moment-js-subtract-1-day-from-sunday-not-working-as-expected","component":"projection","action":"load","data":{"height":82,"width":287.453125,"wc":17,"lc":1}},{"timestamp":"2022-11-18T16:19:38.700Z","url":"https://stackoverflow.com/questions/35788718/moment-js-add-subtract-days-without-affecting-the-original-date","component":"projection","action":"load","data":{"height":82,"width":297.203125,"wc":27,"lc":1}},{"timestamp":"2022-11-18T16:19:38.700Z","url":"https://stackoverflow.com/questions/57901065/subtract-7-days-from-moment-date-getting-invalid-date","component":"projection","action":"load","data":{"height":82,"width":288.28125,"wc":27,"lc":1}},{"timestamp":"2022-11-18T16:19:38.702Z","url":"https://stackoverflow.com/questions/29651815/format-date-and-subtract-days-using-moment-js","component":"projection","action":"mouseenter"},{"timestamp":"2022-11-18T16:19:39.886Z","url":"https://stackoverflow.com/questions/29651815/format-date-and-subtract-days-using-moment-js","component":"projection","action":"loaded","data":"projection 10 of 10"},{"timestamp":"2022-11-18T16:19:39.886Z","url":"https://stackoverflow.com/questions/25888182/moment-js-how-to-subtract-7-days-from-current-date","component":"projection","action":"loaded","data":"projection 9 of 10"},{"timestamp":"2022-11-18T16:19:39.886Z","url":"https://stackoverflow.com/questions/68756983/how-add-and-subtract-days-using-moment-js-for-the-given-timestamp-value","component":"projection","action":"loaded","data":"projection 8 of 10"},{"timestamp":"2022-11-18T16:19:39.886Z","url":"https://stackoverflow.com/questions/58626988/subtract-days-after-the-current-date-moment-js","component":"projection","action":"loaded","data":"projection 7 of 10"},{"timestamp":"2022-11-18T16:19:39.886Z","url":"https://stackoverflow.com/questions/54019837/subtract-one-day-from-a-particular-date-using-momentjs","component":"projection","action":"loaded","data":"projection 6 of 10"},{"timestamp":"2022-11-18T16:19:39.886Z","url":"https://stackoverflow.com/questions/67533168/subtracting-30-days-from-an-isodate-using-momentjs","component":"projection","action":"loaded","data":"projection 5 of 10"},{"timestamp":"2022-11-18T16:19:39.886Z","url":"https://stackoverflow.com/questions/1296358/how-to-subtract-days-from-a-plain-date","component":"projection","action":"loaded","data":"projection 4 of 10"},{"timestamp":"2022-11-18T16:19:39.886Z","url":"https://stackoverflow.com/questions/51428671/moment-js-subtract-1-day-from-sunday-not-working-as-expected","component":"projection","action":"loaded","data":"projection 3 of 10"},{"timestamp":"2022-11-18T16:19:39.886Z","url":"https://stackoverflow.com/questions/35788718/moment-js-add-subtract-days-without-affecting-the-original-date","component":"projection","action":"loaded","data":"projection 2 of 10"},{"timestamp":"2022-11-18T16:19:39.886Z","url":"https://stackoverflow.com/questions/57901065/subtract-7-days-from-moment-date-getting-invalid-date","component":"projection","action":"loaded","data":"projection 1 of 10"},{"timestamp":"2022-11-18T16:19:42.539Z","url":"https://stackoverflow.com/questions/29651815/format-date-and-subtract-days-using-moment-js","component":"page","action":"open"},{"timestamp":"2022-11-18T16:19:42.555Z","url":"https://stackoverflow.com/questions/29651815/format-date-and-subtract-days-using-moment-js","component":"projection","action":"mouseleave"},{"timestamp":"2022-11-18T16:19:42.837Z","url":"https://stackoverflow.com/questions/29651815/format-date-and-subtract-days-using-moment-js","component":"page","action":"load"},{"timestamp":"2022-11-18T16:19:46.384Z","url":"https://stackoverflow.com/questions/29651815/format-date-and-subtract-days-using-moment-js","component":"page","action":"selection","data":" = moment().format('DD-MM-YYYY').subtract(1, 'd');\nand also"},{"timestamp":"2022-11-18T16:19:49.871Z","url":"https://stackoverflow.com/questions/29651815/format-date-and-subtract-days-using-moment-js","component":"page","action":"scroll","data":{"viewport":{"x":0,"y":367,"height":1190,"width":323},"document":{"height":7638,"width":306},"question":{"identifier":"29651815","top":-203.59375,"bottom":1205.8125,"right":290,"left":16,"width":274,"height":1409.40625},"answers":[{"identifier":"29652195","top":1286.09375,"bottom":2432.71875,"right":290,"left":16,"width":274,"height":1146.625},{"identifier":"56685858","top":2432.71875,"bottom":2901.34375,"right":290,"left":16,"width":274,"height":468.625},{"identifier":"29652077","top":2901.34375,"bottom":3114.78125,"right":290,"left":16,"width":274,"height":213.4375},{"identifier":"29652091","top":3114.78125,"bottom":3782.40625,"right":290,"left":16,"width":274,"height":667.625},{"identifier":"54794221","top":3782.40625,"bottom":4136.84375,"right":290,"left":16,"width":274,"height":354.4375},{"identifier":"29652120","top":4136.84375,"bottom":4626.78125,"right":290,"left":16,"width":274,"height":489.9375},{"identifier":"37411397","top":4626.78125,"bottom":4856.71875,"right":290,"left":16,"width":274,"height":229.9375}]}}]}]}