{"id":"12830_1","conditions":[{"taskId":1,"taskName":"currency","enableFragments":true,"enableContext":true,"showContext":true,"provideSearchTerms":true,"sequence":3},{"taskId":4,"taskName":"sort","enableFragments":true,"enableContext":true,"showContext":true,"provideSearchTerms":true,"sequence":4},{"taskId":3,"taskName":"clone","enableFragments":false,"enableContext":true,"showContext":false,"provideSearchTerms":true,"sequence":5},{"taskId":2,"taskName":"find","enableFragments":false,"enableContext":true,"showContext":false,"provideSearchTerms":true,"sequence":6},{"taskId":5,"taskName":"recent","enableFragments":false,"enableContext":false,"showContext":false,"provideSearchTerms":false,"sequence":7},{"taskId":6,"taskName":"serve","enableFragments":true,"enableContext":true,"showContext":true,"provideSearchTerms":false,"sequence":8}],"activeTaskId":"serve","tasks":[{"id":"pre-study"},{"enableFragments":true,"enableContext":true,"showContext":true,"provideSearchTerms":true,"contextOverride":[{"source":"src/tutorial.js","name":"sumTradedShares","position":{"start":397,"end":545},"variables":[],"parameters":[{"source":"src/tutorial.js","name":"trades","position":{"start":429,"end":435},"type":{"name":"Trade[]"}}],"returnType":"number"}],"id":"tutorial","startTime":"2022-11-18T15:46:30.495Z","duration":479509,"timer":{"startTime":"2022-11-18T15:48:40.819Z","endTime":"2022-11-18T15:54:37.277Z"},"endTime":"2022-11-18T15:54:37.277Z"},{"enableFragments":true,"enableContext":true,"showContext":true,"contextOverride":[{"source":"src/currency.js","name":"printCurrency","position":{"start":593,"end":782},"variables":[],"parameters":[{"source":"src/currency.js","name":"amount","position":{"start":623,"end":629},"type":{"name":"number"}},{"source":"src/currency.js","name":"locale","position":{"start":631,"end":637},"type":{"name":"string"}},{"source":"src/currency.js","name":"currency","position":{"start":639,"end":647},"type":{"name":"string"}}],"returnType":"string"}],"provideSearchTerms":true,"searchTerms":"format currency","id":"currency","startTime":"2022-11-18T15:54:42.351Z","timer":{"startTime":"2022-11-18T15:54:42.351Z","endTime":"2022-11-18T16:00:48.553Z"},"duration":359372,"data":{"Q1":"5","Q2":"It was good, I found the exact answer I needed, just wasnt able to format it correctly in time.","Q3":"Nope.","Q4":"I didn't. "},"endTime":"2022-11-18T16:01:36.968Z"},{"enableFragments":false,"enableContext":true,"showContext":false,"contextOverride":[{"source":"src/find.js","name":"getTradeById","position":{"start":286,"end":506},"variables":[],"parameters":[{"source":"src/find.js","name":"trades","position":{"start":315,"end":321},"type":{"name":"Trade[]"}},{"source":"src/find.js","name":"id","position":{"start":323,"end":325},"type":{"name":"number"}}],"returnType":"Trade"}],"provideSearchTerms":true,"searchTerms":"find item in array by value","id":"find","startTime":"2022-11-18T16:10:17.150Z","timer":{"startTime":"2022-11-18T16:10:17.150Z","endTime":"2022-11-18T16:17:14.019Z"},"duration":359666,"data":{"Q1":"4","Q2":"I think I was really on the right track just in a time crunch. The result was right there I just didn't have the right implementation.","Q3":"No.","Q4":""},"endTime":"2022-11-18T16:17:59.317Z"},{"enableFragments":false,"enableContext":true,"showContext":false,"contextOverride":[{"source":"src/clone.js","name":"cloneTradeLedger","position":{"start":239,"end":406},"variables":[],"parameters":[{"source":"src/clone.js","name":"trades","position":{"start":272,"end":278},"type":{"name":"Trade[]"}}],"returnType":"Trade[]"}],"provideSearchTerms":true,"searchTerms":"clone array","id":"clone","startTime":"2022-11-18T16:08:45.262Z","timer":{"startTime":"2022-11-18T16:08:45.262Z","endTime":"2022-11-18T16:09:42.687Z"},"duration":56036,"data":{"Q1":"5","Q2":"This was super easy, I found the correct answer almost immediately and it was very easy to implement.","Q3":"No.","Q4":""},"endTime":"2022-11-18T16:10:09.204Z"},{"enableFragments":true,"enableContext":true,"showContext":true,"contextOverride":[{"source":"src/sort.js","name":"sortTradesByShareCount","position":{"start":285,"end":524},"variables":[],"parameters":[{"source":"src/sort.js","name":"trades","position":{"start":324,"end":330},"type":{"name":"Trade[]"}}],"returnType":"Trade[]"}],"provideSearchTerms":true,"searchTerms":"sort array of objects descending","id":"sort","startTime":"2022-11-18T16:01:44.662Z","timer":{"startTime":"2022-11-18T16:01:44.663Z","endTime":"2022-11-18T16:07:52.580Z"},"duration":359349,"data":{"Q1":"5","Q2":"I got the exact documentation I needed, I just didn't add the '.shareCount' to my variables, otherwise I would've had the correct answer in 30 seconds.","Q3":"Nope.","Q4":""},"endTime":"2022-11-18T16:08:37.145Z"},{"enableFragments":false,"enableContext":false,"showContext":false,"contextOverride":[],"provideSearchTerms":false,"searchTerms":"","id":"recent","startTime":"2022-11-18T16:18:07.367Z","timer":{"startTime":"2022-11-18T16:18:07.367Z","endTime":"2022-11-18T16:20:49.714Z"},"duration":161228,"data":{"Q1":"5","Q2":"The first search term I used gave me a great suggestion as the top result and it was easy to implement.","Q3":"Nope.","Q4":""},"endTime":"2022-11-18T16:21:38.051Z"},{"enableFragments":true,"enableContext":true,"showContext":true,"contextOverride":[{"source":"src/serve.js","name":"express","position":{"start":7,"end":14},"module":{"name":"express","position":{"start":20,"end":29}},"references":[{"start":181,"end":188}]},{"source":"src/serve.js","name":"path","position":{"start":38,"end":42},"module":{"name":"path","position":{"start":48,"end":54}},"references":[]},{"source":"src/serve.js","name":"setup","position":{"start":193,"end":290},"variables":[],"parameters":[],"returnType":"void"}],"provideSearchTerms":false,"searchTerms":"","id":"serve","startTime":"2022-11-18T16:21:46.010Z","timer":{"startTime":"2022-11-18T16:21:46.010Z","endTime":"2022-11-18T16:28:50.267Z"},"duration":419452,"data":{"Q1":"5","Q2":"I'm pretty sure I was on the right track, just missed out on the path.join part. There was a lot of documentation and my attempt fell short with the time limit.","Q3":"No.","Q4":""},"endTime":"2022-11-18T16:29:57.923Z"},{"id":"post-study"}],"activations":["2022-11-18T15:45:30.705Z"]}