pid,tid,search,result,loadSeq,time
12830,find,0,0,0,1216
12830,find,0,1,1,1216
12830,find,0,2,2,1216
12830,find,0,3,3,1216
12830,find,0,4,4,1216
12830,find,0,5,5,1216
12830,find,0,6,6,1216
12830,find,0,7,7,1216
12830,find,0,8,8,1216
12830,find,0,9,9,1216
12830,clone,0,0,0,1212
12830,clone,0,1,1,1212
12830,clone,0,2,2,1212
12830,clone,0,3,3,1212
12830,clone,0,4,4,1212
12830,clone,0,5,5,1212
12830,clone,0,6,6,1212
12830,clone,0,7,7,1212
12830,clone,0,8,8,1212
12830,clone,0,9,9,1212
12830,recent,0,0,0,3335
12830,recent,0,1,1,3335
12830,recent,0,2,2,3335
12830,recent,0,3,3,3335
12830,recent,0,4,4,3335
12830,recent,0,5,5,3335
12830,recent,0,6,6,3335
12830,recent,0,7,7,3335
12830,recent,0,8,8,3335
12830,recent,0,9,9,3335
12830,currency,0,0,0,5341
12830,currency,0,1,1,5790
12830,currency,0,2,2,6244
12830,currency,0,3,3,6913
12830,currency,0,4,4,7511
12830,currency,0,5,5,7875
12830,currency,0,6,6,8270
12830,currency,0,7,7,9521
12830,currency,0,8,8,9896
12830,serve,0,0,0,1790
12830,serve,0,1,1,2090
12830,serve,0,2,2,2608
12830,serve,0,3,3,3038
12830,serve,0,4,4,3652
12830,serve,0,5,5,3841
12830,serve,0,6,6,4273
12830,serve,0,7,7,4864
12830,serve,0,8,8,5479
12830,serve,0,9,9,5852
12830,serve,1,0,0,7343
12830,serve,1,1,1,7969
12830,serve,1,2,2,8606
12830,serve,1,3,3,8974
12830,serve,1,4,4,9239
12830,serve,1,5,5,9686
12830,serve,1,6,6,10029
12830,serve,1,7,7,11245
12830,serve,1,8,8,12173
12830,serve,1,9,9,14165
14987,sort,0,0,0,1225
14987,sort,0,1,1,1225
14987,sort,0,2,2,1225
14987,sort,0,3,3,1225
14987,sort,0,4,4,1225
14987,sort,0,5,5,1225
14987,sort,0,6,6,1225
14987,sort,0,7,7,1225
14987,sort,0,8,8,1225
14987,sort,0,9,9,1225
14987,currency,0,2,0,1521
14987,currency,0,1,1,1565
14987,currency,0,3,2,2366
14987,currency,0,5,3,2441
14987,currency,0,6,4,2493
14987,currency,0,4,5,3077
14987,currency,0,8,6,5454
14987,currency,0,7,7,6472
14987,currency,0,0,8,8703
14987,find,0,2,0,4017
14987,find,0,1,1,4519
14987,find,0,5,2,5887
14987,find,0,3,3,7721
14987,find,0,0,4,9369
14987,find,0,8,5,9598
14987,find,0,7,6,10465
14987,find,0,9,7,12140
14987,find,0,4,8,12333
14987,find,0,6,9,12551
14987,clone,0,0,0,1220
14987,clone,0,1,1,1220
14987,clone,0,2,2,1220
14987,clone,0,3,3,1220
14987,clone,0,4,4,1220
14987,clone,0,5,5,1220
14987,clone,0,6,6,1220
14987,clone,0,7,7,1220
14987,clone,0,8,8,1220
14987,clone,0,9,9,1220
14987,serve,0,0,0,3968
14987,serve,0,1,1,3968
14987,serve,0,2,2,3968
14987,serve,0,3,3,3968
14987,serve,0,4,4,3968
14987,serve,0,5,5,3968
14987,serve,0,6,6,3968
14987,serve,0,7,7,3968
14987,serve,0,8,8,3968
14987,serve,0,9,9,3968
14987,serve,1,0,0,1266
14987,serve,1,1,1,1266
14987,serve,1,2,2,1266
14987,serve,1,3,3,1266
14987,serve,1,4,4,1266
14987,serve,1,5,5,1266
14987,serve,1,6,6,1266
14987,serve,1,7,7,1267
14987,serve,1,8,8,1267
14987,serve,1,9,9,1267
14987,serve,2,0,0,3428
14987,serve,2,1,1,3429
14987,serve,2,2,2,3429
14987,serve,2,3,3,3429
14987,serve,2,4,4,3429
14987,serve,2,5,5,3429
14987,serve,2,6,6,3429
14987,serve,2,7,7,3429
14987,serve,2,8,8,3429
14987,serve,2,9,9,3429
17135,sort,0,0,0,1213
17135,sort,0,1,1,1213
17135,sort,0,2,2,1213
17135,sort,0,3,3,1213
17135,sort,0,4,4,1213
17135,sort,0,5,5,1213
17135,sort,0,6,6,1213
17135,sort,0,7,7,1213
17135,sort,0,8,8,1213
17135,sort,0,9,9,1213
17135,clone,0,0,0,1212
17135,clone,0,1,1,1212
17135,clone,0,2,2,1212
17135,clone,0,3,3,1212
17135,clone,0,4,4,1212
17135,clone,0,5,5,1212
17135,clone,0,6,6,1212
17135,clone,0,7,7,1212
17135,clone,0,8,8,1212
17135,clone,0,9,9,1212
17135,currency,0,0,0,5730
17135,currency,0,1,1,6106
17135,currency,0,2,2,6516
17135,currency,0,3,3,7360
17135,currency,0,4,4,7930
17135,currency,0,5,5,8430
17135,currency,0,6,6,8683
17135,currency,0,7,7,10201
17135,currency,0,8,8,10649
17135,serve,0,0,0,6876
17135,serve,0,1,1,6876
17135,serve,0,2,2,6876
17135,serve,0,3,3,6876
17135,serve,0,4,4,6876
17135,serve,0,5,5,6876
17135,serve,0,6,6,6876
17135,serve,0,7,7,6876
17135,serve,0,8,8,6876
17135,serve,0,9,9,6876
17135,serve,1,0,0,1735
17135,serve,1,1,1,1735
17135,serve,1,2,2,1735
17135,serve,1,3,3,1735
17135,serve,1,4,4,1735
17135,serve,1,5,5,1735
17135,serve,1,6,6,1735
17135,serve,1,7,7,1735
17135,serve,1,8,8,1735
17135,serve,1,9,9,1735
17380,sort,0,0,0,1217
17380,sort,0,1,1,1217
17380,sort,0,2,2,1217
17380,sort,0,3,3,1217
17380,sort,0,4,4,1217
17380,sort,0,5,5,1217
17380,sort,0,6,6,1217
17380,sort,0,7,7,1217
17380,sort,0,8,8,1217
17380,sort,0,9,9,1217
17135,recent,0,0,0,2749
17135,recent,0,1,1,4223
17135,recent,0,2,2,4923
17135,recent,0,3,3,6238
17135,recent,0,4,4,7747
17135,recent,0,5,5,8724
17135,recent,0,6,6,9103
17135,recent,0,7,7,9494
17135,recent,0,8,8,9916
17135,recent,0,9,9,10299
17380,currency,0,0,0,1210
17380,currency,0,1,1,1210
17380,currency,0,2,2,1210
17380,currency,0,3,3,1210
17380,currency,0,4,4,1210
17380,currency,0,5,5,1210
17380,currency,0,6,6,1210
17380,currency,0,7,7,1210
17380,currency,0,8,8,1210
17380,currency,0,9,9,1210
17380,find,0,2,0,2013
17380,find,0,1,1,2306
17380,find,0,0,2,4940
17380,find,0,3,3,5585
17380,find,0,5,4,5989
17380,find,0,4,5,8311
17380,find,0,7,6,8512
17380,find,0,8,7,9418
17380,find,0,9,8,9605
17380,find,0,6,9,11689
17380,clone,0,4,0,1491
17380,clone,0,2,1,2769
17380,clone,0,3,2,3136
17380,clone,0,6,3,3600
17380,clone,0,7,4,3747
17380,clone,0,1,5,4013
17380,clone,0,9,6,4284
17380,clone,0,5,7,6000
17380,clone,0,0,8,7016
17380,clone,0,8,9,9403
17380,serve,0,0,0,4555
17380,serve,0,1,1,4555
17380,serve,0,2,2,4555
17380,serve,0,3,3,4555
17380,serve,0,4,4,4555
17380,serve,0,5,5,4555
17380,serve,0,6,6,4555
17380,serve,0,7,7,4555
17380,serve,0,8,8,4555
17380,serve,0,9,9,4555
17380,serve,1,0,0,7017
17380,serve,1,1,1,7017
17380,serve,1,2,2,7017
17380,serve,1,3,3,7017
17380,serve,1,4,4,7017
17380,serve,1,5,5,7018
17380,serve,1,6,6,7018
17380,serve,1,7,7,7018
17380,serve,1,8,8,7018
17380,serve,1,9,9,7018
17380,serve,2,0,0,3170
17380,serve,2,1,1,3170
17380,serve,2,2,2,3170
17380,serve,2,3,3,3170
17380,serve,2,4,4,3170
17380,serve,2,5,5,3170
17380,serve,2,6,6,3170
17380,serve,2,7,7,3170
17380,serve,2,8,8,3170
17380,serve,2,9,9,3170
17380,serve,3,0,0,1228
17380,serve,3,1,1,1228
17380,serve,3,2,2,1228
17380,serve,3,3,3,1228
17380,serve,3,4,4,1228
17380,serve,3,5,5,1228
17380,serve,3,6,6,1228
17380,serve,3,7,7,1228
17380,serve,3,8,8,1228
17380,serve,3,9,9,1228
17380,serve,4,0,0,2810
17380,serve,4,1,1,2810
17380,serve,4,2,2,2810
17380,serve,4,3,3,2810
17380,serve,4,4,4,2811
17380,serve,4,5,5,2811
17380,serve,4,6,6,2811
17380,serve,4,7,7,2811
17380,serve,4,8,8,2811
17380,serve,4,9,9,2811
20014,sort,0,1,0,3769
20014,sort,0,4,1,3854
20014,sort,0,3,2,3905
20014,sort,0,2,3,3946
20014,sort,0,7,4,3986
20014,sort,0,6,5,4238
20014,sort,0,9,6,5426
20014,sort,0,8,7,5579
20014,sort,0,0,8,9402
20014,sort,0,5,9,10527
20014,find,0,0,0,1211
20014,find,0,1,1,1211
20014,find,0,2,2,1211
20014,find,0,3,3,1211
20014,find,0,4,4,1211
20014,find,0,5,5,1211
20014,find,0,6,6,1211
20014,find,0,7,7,1211
20014,find,0,8,8,1211
20014,find,0,9,9,1211
20014,clone,0,0,0,1226
20014,clone,0,1,1,1226
20014,clone,0,2,2,1226
20014,clone,0,3,3,1226
20014,clone,0,4,4,1226
20014,clone,0,5,5,1226
20014,clone,0,6,6,1226
20014,clone,0,7,7,1226
20014,clone,0,8,8,1226
20014,clone,0,9,9,1226
20014,recent,0,0,0,2944
20014,recent,0,1,1,2944
20014,recent,0,2,2,2944
20014,recent,0,3,3,2944
20014,recent,0,4,4,2944
20014,recent,0,5,5,2944
20014,recent,0,6,6,2944
20014,recent,0,7,7,2944
20014,recent,0,8,8,2944
20014,recent,0,9,9,2944
20014,recent,1,0,0,1228
20014,recent,1,1,1,1228
20014,recent,1,2,2,1228
20014,recent,1,3,3,1228
20014,recent,1,4,4,1228
20014,recent,1,5,5,1228
20014,recent,1,6,6,1228
20014,recent,1,7,7,1228
20014,recent,1,8,8,1228
20014,recent,1,9,9,1228
20014,recent,2,0,0,3928
20014,recent,2,1,1,3928
20014,recent,2,2,2,3928
20014,recent,2,3,3,3928
20014,recent,2,4,4,3928
20014,recent,2,5,5,3928
20014,recent,2,6,6,3928
20014,recent,2,7,7,3928
20014,recent,2,8,8,3928
20014,recent,2,9,9,3928
20014,serve,0,3,0,3887
20014,serve,0,1,1,3934
20014,serve,0,6,2,4215
20014,serve,0,4,3,4904
20014,serve,0,2,4,5265
20014,serve,0,8,5,5312
20014,serve,0,0,6,5433
20014,serve,0,7,7,5476
20014,serve,0,9,8,5544
20014,serve,0,5,9,5914
20964,sort,0,0,0,1251
20964,sort,0,1,1,1251
20964,sort,0,2,2,1251
20964,sort,0,3,3,1251
20964,sort,0,4,4,1251
20964,sort,0,5,5,1251
20964,sort,0,6,6,1251
20964,sort,0,7,7,1251
20964,sort,0,8,8,1251
20964,sort,0,9,9,1252
20014,currency,0,0,0,6202
20014,currency,0,1,1,6279
20014,currency,0,2,2,6557
20014,currency,0,3,3,8094
20014,currency,0,4,4,8172
20014,currency,0,5,5,8816
20014,currency,0,6,6,8858
20014,currency,0,7,7,9799
20014,currency,0,8,8,10850
20964,clone,0,0,0,1290
20964,clone,0,1,1,1290
20964,clone,0,2,2,1290
20964,clone,0,3,3,1290
20964,clone,0,4,4,1290
20964,clone,0,5,5,1290
20964,clone,0,6,6,1290
20964,clone,0,7,7,1291
20964,clone,0,8,8,1291
20964,clone,0,9,9,1291
20964,currency,0,0,0,5819
20964,currency,0,1,1,6184
20964,currency,0,2,2,6603
20964,currency,0,3,3,7358
20964,currency,0,4,4,8023
20964,currency,0,5,5,8447
20964,currency,0,6,6,8817
20964,currency,0,7,7,10219
20964,currency,0,8,8,10589
20964,serve,0,0,0,1849
20964,serve,0,1,1,1849
20964,serve,0,2,2,1849
20964,serve,0,3,3,1849
20964,serve,0,4,4,1849
20964,serve,0,5,5,1849
20964,serve,0,6,6,1849
20964,serve,0,7,7,1849
20964,serve,0,8,8,1850
20964,serve,0,9,9,1850
20964,find,0,0,0,4659
20964,find,0,1,1,5916
20964,find,0,2,2,6934
20964,find,0,3,3,9604
20964,find,0,4,4,14216
20964,find,0,5,5,15169
20964,find,0,6,6,18809
20964,recent,0,0,0,11544
20964,recent,0,1,1,17867
20964,recent,0,2,2,22023
20998,currency,0,0,0,1242
20998,currency,0,1,1,1242
20998,currency,0,2,2,1242
20998,currency,0,3,3,1242
20998,currency,0,4,4,1242
20998,currency,0,5,5,1242
20998,currency,0,6,6,1242
20998,currency,0,7,7,1242
20998,currency,0,8,8,1242
20998,currency,0,9,9,1243
20998,find,0,0,0,1215
20998,find,0,1,1,1215
20998,find,0,2,2,1216
20998,find,0,3,3,1216
20998,find,0,4,4,1216
20998,find,0,5,5,1216
20998,find,0,6,6,1216
20998,find,0,7,7,1216
20998,find,0,8,8,1216
20998,find,0,9,9,1216
20998,sort,0,0,0,6203
20998,sort,0,1,1,6697
20998,sort,0,2,2,7649
20998,sort,0,3,3,8400
20998,sort,0,4,4,9077
20998,sort,0,5,5,14691
20998,sort,0,6,6,15374
20998,sort,0,7,7,15743
20998,sort,0,8,8,16821
20998,sort,0,9,9,17796
20998,recent,0,0,0,3939
20998,recent,0,1,1,3939
20998,recent,0,2,2,3940
20998,recent,0,3,3,3940
20998,recent,0,4,4,3940
20998,recent,0,5,5,3940
20998,recent,0,6,6,3940
20998,recent,0,7,7,3940
20998,recent,0,8,8,3940
20998,recent,0,9,9,3940
20998,recent,1,0,0,5719
20998,recent,1,1,1,5719
20998,recent,1,2,2,5719
20998,recent,1,3,3,5720
20998,recent,1,4,4,5720
20998,recent,1,5,5,5720
20998,recent,1,6,6,5720
20998,recent,1,7,7,5720
20998,recent,1,8,8,5720
20998,recent,1,9,9,5720
20998,clone,0,0,0,4179
20998,clone,0,1,1,5546
20998,clone,0,2,2,6217
20998,clone,0,3,3,7284
20998,clone,0,4,4,7695
20998,clone,0,5,5,10351
20998,clone,0,6,6,10734
20998,clone,0,7,7,11074
20998,clone,0,8,8,14899
20998,clone,0,9,9,15144
20998,serve,0,0,0,3853
20998,serve,0,1,1,4369
20998,serve,0,2,2,4739
20998,serve,0,3,3,4948
20998,serve,0,4,4,5659
20998,serve,0,5,5,6097
20998,serve,0,6,6,6476
20998,serve,0,7,7,7041
20998,serve,0,8,8,7725
20998,serve,0,9,9,7994
21752,sort,0,0,0,1222
21752,sort,0,1,1,1222
21752,sort,0,2,2,1222
21752,sort,0,3,3,1222
21752,sort,0,4,4,1222
21752,sort,0,5,5,1222
21752,sort,0,6,6,1222
21752,sort,0,7,7,1222
21752,sort,0,8,8,1222
21752,sort,0,9,9,1222
21752,sort,1,0,0,2631
21752,sort,1,1,1,2631
21752,sort,1,2,2,2631
21752,sort,1,3,3,2631
21752,sort,1,4,4,2631
21752,sort,1,5,5,2631
21752,sort,1,6,6,2631
21752,sort,1,7,7,2631
21752,sort,1,8,8,2631
21752,sort,1,9,9,2631
21752,clone,0,0,0,1214
21752,clone,0,1,1,1214
21752,clone,0,2,2,1214
21752,clone,0,3,3,1214
21752,clone,0,4,4,1214
21752,clone,0,5,5,1214
21752,clone,0,6,6,1214
21752,clone,0,7,7,1214
21752,clone,0,8,8,1214
21752,clone,0,9,9,1214
21752,find,0,0,0,4318
21752,find,0,1,1,5475
21752,find,0,2,2,6440
21752,find,0,3,3,9150
21752,find,0,4,4,13899
21752,find,0,5,5,14751
21752,find,0,6,6,18807
21752,currency,0,0,0,5594
21752,currency,0,1,1,6086
21752,currency,0,2,2,6527
21752,currency,0,3,3,7403
21752,currency,0,4,4,8033
21752,currency,0,5,5,8391
21752,currency,0,6,6,8678
21752,currency,0,7,7,10012
21752,currency,0,8,8,10492
21752,serve,0,0,0,2641
21752,serve,0,1,1,2641
21752,serve,0,2,2,2641
21752,serve,0,3,3,2641
21752,serve,0,4,4,2641
21752,serve,0,5,5,2641
21752,serve,0,6,6,2641
21752,serve,0,7,7,2641
21752,serve,0,8,8,2641
21752,serve,0,9,9,2641
21752,serve,1,0,0,1253
21752,serve,1,1,1,1253
21752,serve,1,2,2,1253
21752,serve,1,3,3,1253
21752,serve,1,4,4,1253
21752,serve,1,5,5,1253
21752,serve,1,6,6,1253
21752,serve,1,7,7,1253
21752,serve,1,8,8,1253
21752,serve,1,9,9,1253
21752,serve,2,0,0,3060
21752,serve,2,1,1,3060
21752,serve,2,2,2,3060
21752,serve,2,3,3,3060
21752,serve,2,4,4,3060
21752,serve,2,5,5,3060
21752,serve,2,6,6,3060
21752,serve,2,7,7,3060
21752,serve,2,8,8,3060
21752,serve,2,9,9,3060
27362,sort,0,0,0,1206
27362,sort,0,1,1,1206
27362,sort,0,2,2,1206
27362,sort,0,3,3,1206
27362,sort,0,4,4,1206
27362,sort,0,5,5,1206
27362,sort,0,6,6,1206
27362,sort,0,7,7,1206
27362,sort,0,8,8,1206
27362,sort,0,9,9,1206
27362,currency,0,0,0,1207
27362,currency,0,1,1,1207
27362,currency,0,2,2,1207
27362,currency,0,3,3,1207
27362,currency,0,4,4,1207
27362,currency,0,5,5,1207
27362,currency,0,6,6,1207
27362,currency,0,7,7,1207
27362,currency,0,8,8,1207
27362,currency,0,9,9,1208
21752,recent,0,0,0,3960
21752,recent,0,1,1,4396
21752,recent,0,2,2,5041
21752,recent,0,3,3,5559
21752,recent,0,4,4,6193
21752,recent,0,5,5,6411
21752,recent,0,6,6,6655
21752,recent,0,7,7,7466
21752,recent,0,8,8,8046
21752,recent,0,9,9,9070
21752,recent,1,0,0,2822
21752,recent,1,1,1,3405
21752,recent,1,2,2,6485
21752,recent,1,3,3,7103
21752,recent,1,4,4,7615
21752,recent,1,5,5,7878
21752,recent,1,6,6,8392
21752,recent,1,7,7,11479
21752,recent,1,8,8,12221
21752,recent,1,9,9,13202
27362,clone,0,4,0,1915
27362,clone,0,2,1,3351
27362,clone,0,3,2,4359
27362,clone,0,6,3,4394
27362,clone,0,7,4,5171
27362,clone,0,1,5,5215
27362,clone,0,9,6,5704
27362,clone,0,5,7,7915
27362,clone,0,0,8,9001
27362,clone,0,8,9,10173
27362,find,0,2,0,2047
27362,find,0,1,1,2696
27362,find,0,0,2,5581
27362,find,0,3,3,6253
27362,find,0,5,4,6959
27362,find,0,4,5,9575
27362,find,0,7,6,9847
27362,find,0,8,7,10735
27362,find,0,9,8,11040
27362,find,0,6,9,11832
27362,serve,0,0,0,2632
27362,serve,0,1,1,2632
27362,serve,0,2,2,2632
27362,serve,0,3,3,2632
27362,serve,0,4,4,2632
27362,serve,0,5,5,2632
27362,serve,0,6,6,2632
27362,serve,0,7,7,2632
27362,serve,0,8,8,2632
27362,serve,0,9,9,2632
27362,serve,1,0,0,2882
27362,serve,1,1,1,2882
27362,serve,1,2,2,2882
27362,serve,1,3,3,2882
27362,serve,1,4,4,2882
27362,serve,1,5,5,2882
27362,serve,1,6,6,2882
27362,serve,1,7,7,2882
27362,serve,1,8,8,2882
27362,serve,1,9,9,2882
29016,sort,0,0,0,1219
29016,sort,0,1,1,1219
29016,sort,0,2,2,1220
29016,sort,0,3,3,1220
29016,sort,0,4,4,1220
29016,sort,0,5,5,1220
29016,sort,0,6,6,1220
29016,sort,0,7,7,1221
29016,sort,0,8,8,1221
29016,sort,0,9,9,1221
27362,recent,0,4,0,3358
27362,recent,0,1,1,5641
27362,recent,0,0,2,5755
27362,recent,0,3,3,6141
27362,recent,0,6,4,7563
27362,recent,0,9,5,7793
27362,recent,0,2,6,10828
27362,recent,0,7,7,11319
29016,currency,0,0,0,1218
29016,currency,0,1,1,1218
29016,currency,0,2,2,1218
29016,currency,0,3,3,1218
29016,currency,0,4,4,1218
29016,currency,0,5,5,1218
29016,currency,0,6,6,1218
29016,currency,0,7,7,1218
29016,currency,0,8,8,1218
29016,currency,0,9,9,1218
29016,currency,1,0,0,1318
29016,currency,1,1,1,1318
29016,currency,1,2,2,1318
29016,currency,1,3,3,1319
29016,currency,1,4,4,1319
29016,currency,1,5,5,1319
29016,currency,1,6,6,1319
29016,currency,1,7,7,1319
29016,currency,1,8,8,1319
29016,currency,1,9,9,1319
29016,find,0,0,0,3609
29016,find,0,1,1,4761
29016,find,0,2,2,5709
29016,find,0,3,3,8467
29016,find,0,4,4,13093
29016,find,0,5,5,13945
29016,find,0,6,6,17839
29016,find,0,7,7,19818
29016,recent,0,0,0,3267
29016,recent,0,1,1,4786
29016,recent,0,2,2,6146
29016,recent,0,3,3,7464
29016,recent,0,4,4,7920
29016,recent,0,5,5,8689
29016,recent,0,6,6,9127
29016,recent,0,7,7,9573
29016,recent,0,8,8,9926
29016,recent,0,9,9,10811
29016,serve,0,0,0,3594
29016,serve,0,1,1,3594
29016,serve,0,2,2,3594
29016,serve,0,3,3,3594
29016,serve,0,4,4,3594
29016,serve,0,5,5,3594
29016,serve,0,6,6,3594
29016,serve,0,7,7,3594
29016,serve,0,8,8,3594
29016,serve,0,9,9,3594
29016,serve,1,0,0,2393
29016,serve,1,1,1,2393
29016,serve,1,2,2,2393
29016,serve,1,3,3,2393
29016,serve,1,4,4,2393
29016,serve,1,5,5,2393
29016,serve,1,6,6,2393
29016,serve,1,7,7,2393
29016,serve,1,8,8,2393
29016,serve,1,9,9,2393
29016,serve,2,0,0,4077
29016,serve,2,1,1,4077
29016,serve,2,2,2,4077
29016,serve,2,3,3,4077
29016,serve,2,4,4,4077
29016,serve,2,5,5,4077
29016,serve,2,6,6,4077
29016,serve,2,7,7,4077
29016,serve,2,8,8,4077
29016,serve,2,9,9,4077
29016,serve,3,0,0,6690
29016,serve,3,1,1,6690
29016,serve,3,2,2,6690
29016,serve,3,3,3,6691
29016,serve,3,4,4,6691
29016,serve,3,5,5,6691
29016,serve,3,6,6,6691
29016,serve,3,7,7,6691
29016,serve,3,8,8,6691
29016,serve,3,9,9,6691
30065,sort,0,0,0,8478
30065,sort,0,1,1,9010
30065,sort,0,2,2,9968
30065,sort,0,3,3,10811
30065,sort,0,4,4,11423
30065,sort,0,5,5,17089
30065,sort,0,6,6,17991
30065,sort,0,7,7,18169
30065,sort,0,8,8,19433
30065,sort,0,9,9,20724
30065,clone,0,0,0,1228
30065,clone,0,1,1,1228
30065,clone,0,2,2,1228
30065,clone,0,3,3,1228
30065,clone,0,4,4,1228
30065,clone,0,5,5,1228
30065,clone,0,6,6,1228
30065,clone,0,7,7,1229
30065,clone,0,8,8,1229
30065,clone,0,9,9,1229
30065,recent,0,0,0,3235
30065,recent,0,1,1,3235
30065,recent,0,2,2,3235
30065,recent,0,3,3,3235
30065,recent,0,4,4,3235
30065,recent,0,5,5,3235
30065,recent,0,6,6,3235
30065,recent,0,7,7,3235
30065,recent,0,8,8,3235
30065,recent,0,9,9,3235
30065,serve,0,0,0,6572
30065,serve,0,1,1,7171
30065,serve,0,2,2,7445
30065,serve,0,3,3,7739
30065,serve,0,4,4,8158
30065,serve,0,5,5,8715
30065,serve,0,6,6,9323
30065,serve,0,7,7,9753
30065,serve,0,8,8,10126
30065,serve,0,9,9,10311
31472,currency,0,0,0,1209
31472,currency,0,1,1,1209
31472,currency,0,2,2,1209
31472,currency,0,3,3,1209
31472,currency,0,4,4,1209
31472,currency,0,5,5,1209
31472,currency,0,6,6,1209
31472,currency,0,7,7,1209
31472,currency,0,8,8,1209
31472,currency,0,9,9,1210
31472,find,0,0,0,1209
31472,find,0,1,1,1209
31472,find,0,2,2,1209
31472,find,0,3,3,1209
31472,find,0,4,4,1210
31472,find,0,5,5,1210
31472,find,0,6,6,1210
31472,find,0,7,7,1210
31472,find,0,8,8,1210
31472,find,0,9,9,1210
31472,sort,0,0,0,6086
31472,sort,0,1,1,6542
31472,sort,0,2,2,7632
31472,sort,0,3,3,8341
31472,sort,0,4,4,8905
31472,sort,0,5,5,14482
31472,sort,0,6,6,15206
31472,sort,0,7,7,15563
31472,sort,0,8,8,16766
31472,sort,0,9,9,17540
31472,recent,0,0,0,3599
31472,recent,0,1,1,3599
31472,recent,0,2,2,3599
31472,recent,0,3,3,3599
31472,recent,0,4,4,3599
31472,recent,0,5,5,3599
31472,recent,0,6,6,3599
31472,recent,0,7,7,3599
31472,recent,0,8,8,3599
31472,recent,0,9,9,3599
31472,recent,1,0,0,1233
31472,recent,1,1,1,1233
31472,recent,1,2,2,1233
31472,recent,1,3,3,1233
31472,recent,1,4,4,1233
31472,recent,1,5,5,1233
31472,recent,1,6,6,1233
31472,recent,1,7,7,1233
31472,recent,1,8,8,1233
31472,recent,1,9,9,1233
31472,recent,2,0,0,4883
31472,recent,2,1,1,4883
31472,recent,2,2,2,4883
31472,recent,2,3,3,4883
31472,recent,2,4,4,4883
31472,recent,2,5,5,4883
31472,recent,2,6,6,4883
31472,recent,2,7,7,4883
31472,recent,2,8,8,4883
31472,recent,2,9,9,4883
31472,recent,3,0,0,1380
31472,recent,3,1,1,1380
31472,recent,3,2,2,1380
31472,recent,3,3,3,1380
31472,recent,3,4,4,1380
31472,recent,3,5,5,1380
31472,recent,3,6,6,1380
31472,recent,3,7,7,1380
31472,recent,3,8,8,1380
31472,recent,3,9,9,1380
31472,recent,4,0,0,2331
31472,recent,4,1,1,2331
31472,recent,4,2,2,2331
31472,recent,4,3,3,2331
31472,recent,4,4,4,2331
31472,recent,4,5,5,2331
31472,recent,4,6,6,2331
31472,recent,4,7,7,2331
31472,recent,4,8,8,2331
31472,recent,4,9,9,2331
31472,recent,5,0,0,1706
31472,recent,5,1,1,1706
31472,recent,5,2,2,1706
31472,recent,5,3,3,1706
31472,recent,5,4,4,1706
31472,recent,5,5,5,1706
31472,recent,5,6,6,1706
31472,recent,5,7,7,1706
31472,recent,5,8,8,1706
31472,recent,5,9,9,1706
31472,recent,6,0,0,1226
31472,recent,6,1,1,1226
31472,recent,6,2,2,1226
31472,recent,6,3,3,1226
31472,recent,6,4,4,1226
31472,recent,6,5,5,1227
31472,recent,6,6,6,1227
31472,recent,6,7,7,1227
31472,recent,6,8,8,1227
31472,recent,6,9,9,1227
31472,recent,7,0,0,2886
31472,recent,7,1,1,2886
31472,recent,7,2,2,2886
31472,recent,7,3,3,2886
31472,recent,7,4,4,2886
31472,recent,7,5,5,2886
31472,recent,7,6,6,2886
31472,recent,7,7,7,2886
31472,recent,7,8,8,2886
31472,recent,7,9,9,2886
31472,recent,8,0,0,2916
31472,recent,8,1,1,2916
31472,recent,8,2,2,2916
31472,recent,8,3,3,2916
31472,recent,8,4,4,2916
31472,recent,8,5,5,2916
31472,recent,8,6,6,2916
31472,recent,8,7,7,2916
31472,recent,8,8,8,2916
31472,recent,8,9,9,2916
31472,serve,0,0,0,3334
31472,serve,0,1,1,3603
31472,serve,0,2,2,3798
31472,serve,0,3,3,4192
31472,serve,0,4,4,4584
31472,serve,0,5,5,5127
31472,serve,0,6,6,5734
31472,serve,0,7,7,6379
31472,serve,0,8,8,6703
31472,serve,0,9,9,6957
31472,clone,0,0,0,4213
31472,clone,0,1,1,5464
31472,clone,0,2,2,6217
31472,clone,0,3,3,7197
31472,clone,0,4,4,7622
31472,clone,0,5,5,10478
31472,clone,0,6,6,10886
31472,clone,0,7,7,11314
31472,clone,0,8,8,15317
31472,clone,0,9,9,15606
31472,clone,1,0,0,11029
31472,clone,1,1,1,12158
31472,clone,1,2,2,13856
31472,clone,1,3,3,14313
31472,clone,1,4,4,17257
31472,clone,1,5,5,17536
31472,clone,1,6,6,18481
32156,find,0,0,0,1217
32156,find,0,1,1,1217
32156,find,0,2,2,1217
32156,find,0,3,3,1217
32156,find,0,4,4,1217
32156,find,0,5,5,1217
32156,find,0,6,6,1217
32156,find,0,7,7,1217
32156,find,0,8,8,1217
32156,find,0,9,9,1217
32156,sort,0,0,0,5459
32156,sort,0,1,1,5803
32156,sort,0,2,2,6696
32156,sort,0,3,3,7483
32156,sort,0,4,4,8184
32156,sort,0,5,5,13652
32156,sort,0,6,6,14548
32156,sort,0,7,7,14917
32156,sort,0,8,8,16170
32156,sort,0,9,9,17131
32156,clone,0,0,0,1213
32156,clone,0,1,1,1214
32156,clone,0,2,2,1214
32156,clone,0,3,3,1214
32156,clone,0,4,4,1214
32156,clone,0,5,5,1214
32156,clone,0,6,6,1214
32156,clone,0,7,7,1214
32156,clone,0,8,8,1214
32156,clone,0,9,9,1214
32156,recent,0,0,0,2760
32156,recent,0,1,1,2760
32156,recent,0,2,2,2760
32156,recent,0,3,3,2760
32156,recent,0,4,4,2760
32156,recent,0,5,5,2760
32156,recent,0,6,6,2760
32156,recent,0,7,7,2760
32156,recent,0,8,8,2760
32156,recent,0,9,9,2760
32156,recent,1,0,0,2970
32156,recent,1,1,1,2970
32156,recent,1,2,2,2970
32156,recent,1,3,3,2970
32156,recent,1,4,4,2970
32156,recent,1,5,5,2970
32156,recent,1,6,6,2970
32156,recent,1,7,7,2970
32156,recent,1,8,8,2970
32156,recent,1,9,9,2970
32156,recent,2,0,0,3089
32156,recent,2,1,1,3089
32156,recent,2,2,2,3089
32156,recent,2,3,3,3089
32156,recent,2,4,4,3089
32156,recent,2,5,5,3089
32156,recent,2,6,6,3089
32156,recent,2,7,7,3089
32156,recent,2,8,8,3089
32156,recent,2,9,9,3089
32156,recent,3,0,0,3832
32156,recent,3,1,1,3832
32156,recent,3,2,2,3832
32156,recent,3,3,3,3832
32156,recent,3,4,4,3832
32156,recent,3,5,5,3832
32156,recent,3,6,6,3832
32156,recent,3,7,7,3832
32156,recent,3,8,8,3832
32156,recent,3,9,9,3832
32156,recent,4,0,0,4051
32156,recent,4,1,1,4051
32156,recent,4,2,2,4051
32156,recent,4,3,3,4051
32156,recent,4,4,4,4051
32156,recent,4,5,5,4051
32156,recent,4,6,6,4051
32156,recent,4,7,7,4051
32156,recent,4,8,8,4051
32156,recent,4,9,9,4051
32156,currency,0,0,0,5446
32156,currency,0,1,1,5894
32156,currency,0,2,2,6343
32156,currency,0,3,3,7037
32156,currency,0,4,4,7642
32156,currency,0,5,5,8052
32156,currency,0,6,6,8355
32156,currency,0,7,7,9669
32156,currency,0,8,8,10252
32919,sort,0,0,0,6017
32919,sort,0,1,1,6501
32919,sort,0,2,2,7544
32919,sort,0,3,3,8379
32919,sort,0,4,4,9110
32919,sort,0,5,5,14742
32919,sort,0,6,6,15539
32919,sort,0,7,7,15898
32919,sort,0,8,8,17018
32919,sort,0,9,9,18096
32919,find,0,0,0,1205
32919,find,0,1,1,1205
32919,find,0,2,2,1205
32919,find,0,3,3,1205
32919,find,0,4,4,1205
32919,find,0,5,5,1205
32919,find,0,6,6,1205
32919,find,0,7,7,1205
32919,find,0,8,8,1205
32919,find,0,9,9,1205
32919,currency,0,0,0,1206
32919,currency,0,1,1,1206
32919,currency,0,2,2,1206
32919,currency,0,3,3,1206
32919,currency,0,4,4,1206
32919,currency,0,5,5,1206
32919,currency,0,6,6,1206
32919,currency,0,7,7,1206
32919,currency,0,8,8,1206
32919,currency,0,9,9,1206
32919,currency,1,0,0,5030
32919,currency,1,1,1,5030
32919,currency,1,2,2,5030
32919,currency,1,3,3,5030
32919,currency,1,4,4,5030
32919,currency,1,5,5,5030
32919,currency,1,6,6,5030
32919,currency,1,7,7,5030
32919,currency,1,8,8,5030
32919,currency,1,9,9,5030
32919,recent,0,0,0,4721
32919,recent,0,1,1,4721
32919,recent,0,2,2,4721
32919,recent,0,3,3,4721
32919,recent,0,4,4,4721
32919,recent,0,5,5,4721
32919,recent,0,6,6,4721
32919,recent,0,7,7,4721
32919,recent,0,8,8,4721
32919,recent,0,9,9,4721
32919,recent,1,0,0,2960
32919,recent,1,1,1,2960
32919,recent,1,2,2,2960
32919,recent,1,3,3,2960
32919,recent,1,4,4,2960
32919,recent,1,5,5,2960
32919,recent,1,6,6,2960
32919,recent,1,7,7,2960
32919,recent,1,8,8,2960
32919,recent,1,9,9,2960
32919,recent,2,0,0,2986
32919,recent,2,1,1,2986
32919,recent,2,2,2,2986
32919,recent,2,3,3,2986
32919,recent,2,4,4,2986
32919,recent,2,5,5,2986
32919,recent,2,6,6,2986
32919,recent,2,7,7,2986
32919,recent,2,8,8,2986
32919,recent,2,9,9,2986
32919,recent,3,0,0,1447
32919,recent,3,1,1,1447
32919,recent,3,2,2,1447
32919,recent,3,3,3,1447
32919,recent,3,4,4,1447
32919,recent,3,5,5,1447
32919,recent,3,6,6,1447
32919,recent,3,7,7,1447
32919,recent,3,8,8,1447
32919,recent,3,9,9,1447
32919,serve,0,0,0,2883
32919,serve,0,1,1,3385
32919,serve,0,2,2,3577
32919,serve,0,3,3,3962
32919,serve,0,4,4,4578
32919,serve,0,5,5,5269
32919,serve,0,6,6,5721
32919,serve,0,7,7,6318
32919,serve,0,8,8,8406
32919,serve,0,9,9,9027
32919,clone,0,0,0,4275
32919,clone,0,1,1,5668
32919,clone,0,2,2,6511
32919,clone,0,3,3,7515
32919,clone,0,4,4,7872
32919,clone,0,5,5,10750
32919,clone,0,6,6,11185
32919,clone,0,7,7,11559
32919,clone,0,8,8,15616
32919,clone,0,9,9,16004
36615,sort,0,0,0,1247
36615,sort,0,1,1,1247
36615,sort,0,2,2,1247
36615,sort,0,3,3,1247
36615,sort,0,4,4,1247
36615,sort,0,5,5,1247
36615,sort,0,6,6,1247
36615,sort,0,7,7,1247
36615,sort,0,8,8,1247
36615,sort,0,9,9,1247
36615,currency,0,0,0,1218
36615,currency,0,1,1,1218
36615,currency,0,2,2,1218
36615,currency,0,3,3,1218
36615,currency,0,4,4,1218
36615,currency,0,5,5,1218
36615,currency,0,6,6,1218
36615,currency,0,7,7,1218
36615,currency,0,8,8,1218
36615,currency,0,9,9,1218
36615,currency,1,0,0,1226
36615,currency,1,1,1,1226
36615,currency,1,2,2,1226
36615,currency,1,3,3,1226
36615,currency,1,4,4,1226
36615,currency,1,5,5,1226
36615,currency,1,6,6,1226
36615,currency,1,7,7,1226
36615,currency,1,8,8,1226
36615,currency,1,9,9,1226
36615,currency,2,0,0,1221
36615,currency,2,1,1,1221
36615,currency,2,2,2,1221
36615,currency,2,3,3,1221
36615,currency,2,4,4,1221
36615,currency,2,5,5,1221
36615,currency,2,6,6,1221
36615,currency,2,7,7,1221
36615,currency,2,8,8,1221
36615,currency,2,9,9,1221
36615,find,1,0,0,6907
36615,find,1,1,1,8158
36615,find,1,2,2,9107
36615,find,1,3,3,11865
36615,find,1,4,4,16478
36615,find,1,5,5,17322
36615,clone,0,0,0,4274
36615,clone,0,1,1,5630
36615,clone,0,2,2,6418
36615,clone,0,3,3,7465
36615,clone,0,4,4,7850
36615,clone,0,5,5,10449
36615,clone,0,6,6,10882
36615,clone,0,7,7,11438
36615,clone,0,8,8,15469
36615,clone,0,9,9,15771
36615,serve,0,0,0,3031
36615,serve,0,1,1,3031
36615,serve,0,2,2,3031
36615,serve,0,3,3,3031
36615,serve,0,4,4,3031
36615,serve,0,5,5,3031
36615,serve,0,6,6,3031
36615,serve,0,7,7,3031
36615,serve,0,8,8,3031
36615,serve,0,9,9,3031
36615,serve,1,0,0,1270
36615,serve,1,1,1,1270
36615,serve,1,2,2,1270
36615,serve,1,3,3,1270
36615,serve,1,4,4,1270
36615,serve,1,5,5,1270
36615,serve,1,6,6,1270
36615,serve,1,7,7,1270
36615,serve,1,8,8,1270
36615,serve,1,9,9,1270
36615,serve,2,0,0,1235
36615,serve,2,1,1,1235
36615,serve,2,2,2,1235
36615,serve,2,3,3,1235
36615,serve,2,4,4,1235
36615,serve,2,5,5,1235
36615,serve,2,6,6,1235
36615,serve,2,7,7,1235
36615,serve,2,8,8,1235
36615,serve,2,9,9,1235
36615,recent,0,0,0,5218
36615,recent,0,1,1,7080
36615,recent,0,2,2,7577
36615,recent,0,3,3,8956
36615,recent,0,4,4,10423
36615,recent,0,5,5,10787
36615,recent,0,6,6,10846
36615,recent,0,7,7,11402
36615,recent,0,8,8,13442
36615,recent,0,9,9,13578
39681,currency,0,0,0,1207
39681,currency,0,1,1,1207
39681,currency,0,2,2,1207
39681,currency,0,3,3,1207
39681,currency,0,4,4,1207
39681,currency,0,5,5,1207
39681,currency,0,6,6,1207
39681,currency,0,7,7,1207
39681,currency,0,8,8,1207
39681,currency,0,9,9,1207
39681,currency,1,0,0,1212
39681,currency,1,1,1,1212
39681,currency,1,2,2,1212
39681,currency,1,3,3,1212
39681,currency,1,4,4,1212
39681,currency,1,5,5,1212
39681,currency,1,6,6,1212
39681,currency,1,7,7,1212
39681,currency,1,8,8,1212
39681,currency,1,9,9,1212
39681,find,0,0,0,1207
39681,find,0,1,1,1207
39681,find,0,2,2,1207
39681,find,0,3,3,1207
39681,find,0,4,4,1207
39681,find,0,5,5,1207
39681,find,0,6,6,1207
39681,find,0,7,7,1207
39681,find,0,8,8,1207
39681,find,0,9,9,1207
39681,sort,0,0,0,7223
39681,sort,0,1,1,7266
39681,sort,0,2,2,11789
39681,sort,0,3,3,11888
39681,sort,0,4,4,13018
39681,sort,0,5,5,20394
39681,sort,0,6,6,20491
39681,sort,0,7,7,20521
39681,sort,0,8,8,20596
39681,sort,0,9,9,26024
39681,clone,0,0,0,4955
39681,clone,0,1,1,7070
39681,clone,0,2,2,7114
39681,clone,0,3,3,7878
39681,clone,0,4,4,7900
39681,clone,0,5,5,13319
39681,clone,0,6,6,13379
39681,clone,0,7,7,13412
39681,clone,0,8,8,18989
39681,clone,0,9,9,19015
39681,recent,0,0,0,4270
39681,recent,0,1,1,4270
39681,recent,0,2,2,4270
39681,recent,0,3,3,4270
39681,recent,0,4,4,4270
39681,recent,0,5,5,4270
39681,recent,0,6,6,4270
39681,recent,0,7,7,4270
39681,recent,0,8,8,4270
39681,recent,0,9,9,4270
39681,recent,1,0,0,3485
39681,recent,1,1,1,3485
39681,recent,1,2,2,3485
39681,recent,1,3,3,3485
39681,recent,1,4,4,3485
39681,recent,1,5,5,3485
39681,recent,1,6,6,3485
39681,recent,1,7,7,3485
39681,recent,1,8,8,3485
39681,recent,1,9,9,3485
39681,recent,2,0,0,3268
39681,recent,2,1,1,3268
39681,recent,2,2,2,3268
39681,recent,2,3,3,3268
39681,recent,2,4,4,3268
39681,recent,2,5,5,3268
39681,recent,2,6,6,3268
39681,recent,2,7,7,3268
39681,recent,2,8,8,3268
39681,recent,2,9,9,3268
42904,sort,0,0,0,1231
42904,sort,0,1,1,1231
42904,sort,0,2,2,1232
42904,sort,0,3,3,1232
42904,sort,0,4,4,1232
42904,sort,0,5,5,1232
42904,sort,0,6,6,1232
42904,sort,0,7,7,1232
42904,sort,0,8,8,1232
42904,sort,0,9,9,1232
42904,currency,0,0,0,1218
42904,currency,0,1,1,1218
42904,currency,0,2,2,1218
42904,currency,0,3,3,1218
42904,currency,0,4,4,1218
42904,currency,0,5,5,1218
42904,currency,0,6,6,1218
42904,currency,0,7,7,1218
42904,currency,0,8,8,1218
42904,currency,0,9,9,1218
39681,serve,0,0,0,2504
39681,serve,0,1,1,3605
39681,serve,0,2,2,4240
39681,serve,0,3,3,5464
39681,serve,0,4,4,5486
39681,serve,0,5,5,5499
39681,serve,0,6,6,5507
39681,serve,0,7,7,7311
39681,serve,0,8,8,7328
39681,serve,1,0,0,3700
39681,serve,1,1,1,4594
39681,serve,1,2,2,4950
39681,serve,1,3,3,5826
39681,serve,1,4,4,6867
39681,serve,1,5,5,7527
39681,serve,1,6,6,7614
39681,serve,1,7,7,8223
39681,serve,1,8,8,8788
39681,serve,1,9,9,12133
39681,serve,2,0,0,1800
39681,serve,2,1,1,1828
39681,serve,2,2,2,4349
39681,serve,2,3,3,5156
39681,serve,2,4,4,5218
39681,serve,2,5,5,5251
39681,serve,2,6,6,5312
39681,serve,2,7,7,5395
39681,serve,2,8,8,6331
39681,serve,2,9,9,15820
42904,find,0,0,0,3822
42904,find,0,1,1,5104
42904,find,0,2,2,6053
42904,find,0,3,3,8730
42904,find,0,4,4,13536
42904,find,0,5,5,14454
42904,find,0,6,6,18489
42904,clone,0,0,0,4605
42904,clone,0,1,1,5954
42904,clone,0,2,2,6733
42904,clone,0,3,3,7766
42904,clone,0,4,4,8166
42904,clone,0,5,5,11063
42904,clone,0,6,6,11582
42904,clone,0,7,7,12001
42904,clone,0,8,8,15834
42904,clone,0,9,9,16170
42904,recent,0,0,0,2721
42904,recent,0,1,1,4340
42904,recent,0,2,2,5657
42904,recent,0,3,3,6814
42904,recent,0,4,4,7407
42904,recent,0,5,5,8081
42904,recent,0,6,6,8338
42904,recent,0,7,7,8689
42904,recent,0,8,8,9077
42904,recent,0,9,9,9616
42904,serve,0,0,0,3680
42904,serve,0,1,1,3680
42904,serve,0,2,2,3680
42904,serve,0,3,3,3680
42904,serve,0,4,4,3680
42904,serve,0,5,5,3680
42904,serve,0,6,6,3680
42904,serve,0,7,7,3680
42904,serve,0,8,8,3680
42904,serve,0,9,9,3680
42904,serve,1,0,0,5260
42904,serve,1,1,1,5261
42904,serve,1,2,2,5261
42904,serve,1,3,3,5261
42904,serve,1,4,4,5261
42904,serve,1,5,5,5261
42904,serve,1,6,6,5261
42904,serve,1,7,7,5261
42904,serve,1,8,8,5261
42904,serve,1,9,9,5261
42904,serve,2,0,0,2487
42904,serve,2,1,1,2487
42904,serve,2,2,2,2487
42904,serve,2,3,3,2487
42904,serve,2,4,4,2487
42904,serve,2,5,5,2487
42904,serve,2,6,6,2487
42904,serve,2,7,7,2487
42904,serve,2,8,8,2488
42904,serve,2,9,9,2488
42904,serve,3,0,0,1327
42904,serve,3,1,1,1327
42904,serve,3,2,2,1327
42904,serve,3,3,3,1327
42904,serve,3,4,4,1327
42904,serve,3,5,5,1327
42904,serve,3,6,6,1327
42904,serve,3,7,7,1327
42904,serve,3,8,8,1327
42904,serve,3,9,9,1327
46094,sort,0,0,0,6314
46094,sort,0,1,1,6696
46094,sort,0,2,2,7754
46094,sort,0,3,3,8522
46094,sort,0,4,4,9139
46094,sort,0,5,5,14882
46094,sort,0,6,6,15735
46094,sort,0,7,7,15947
46094,sort,0,8,8,17178
46094,sort,0,9,9,18021
46094,currency,0,0,0,1216
46094,currency,0,1,1,1216
46094,currency,0,2,2,1217
46094,currency,0,3,3,1217
46094,currency,0,4,4,1217
46094,currency,0,5,5,1217
46094,currency,0,6,6,1217
46094,currency,0,7,7,1217
46094,currency,0,8,8,1217
46094,currency,0,9,9,1217
46094,find,0,0,0,1213
46094,find,0,1,1,1213
46094,find,0,2,2,1213
46094,find,0,3,3,1213
46094,find,0,4,4,1213
46094,find,0,5,5,1213
46094,find,0,6,6,1213
46094,find,0,7,7,1213
46094,find,0,8,8,1213
46094,find,0,9,9,1213
46094,clone,0,0,0,4494
46094,clone,0,1,1,5908
46094,clone,0,2,2,6706
46094,clone,0,3,3,7694
46094,clone,0,4,4,8065
46094,clone,0,5,5,10983
46094,clone,0,6,6,11398
46094,clone,0,7,7,11839
46094,clone,0,8,8,15940
46094,clone,0,9,9,16177
46094,recent,0,0,0,7011
46094,recent,0,1,1,7011
46094,recent,0,2,2,7011
46094,recent,0,3,3,7011
46094,recent,0,4,4,7011
46094,recent,0,5,5,7011
46094,recent,0,6,6,7011
46094,recent,0,7,7,7011
46094,recent,0,8,8,7011
46094,recent,0,9,9,7012
46094,serve,0,0,0,2974
46094,serve,0,1,1,3211
46094,serve,0,2,2,3717
46094,serve,0,3,3,3994
46094,serve,0,4,4,4352
46094,serve,0,5,5,5055
46094,serve,0,6,6,5566
46094,serve,0,7,7,5671
46094,serve,0,8,8,6288
46094,serve,0,9,9,7197
48128,sort,0,0,0,1216
48128,sort,0,1,1,1216
48128,sort,0,2,2,1216
48128,sort,0,3,3,1216
48128,sort,0,4,4,1216
48128,sort,0,5,5,1216
48128,sort,0,6,6,1216
48128,sort,0,7,7,1216
48128,sort,0,8,8,1216
48128,sort,0,9,9,1216
48128,clone,0,0,0,1255
48128,clone,0,1,1,1255
48128,clone,0,2,2,1255
48128,clone,0,3,3,1255
48128,clone,0,4,4,1255
48128,clone,0,5,5,1255
48128,clone,0,6,6,1255
48128,clone,0,7,7,1255
48128,clone,0,8,8,1255
48128,clone,0,9,9,1255
48128,find,0,0,0,4152
48128,find,0,1,1,5492
48128,find,0,2,2,6431
48128,find,0,3,3,9201
48128,find,0,4,4,13759
48128,find,0,5,5,14633
48128,find,0,6,6,18510
48128,currency,0,0,0,5613
48128,currency,0,1,1,5928
48128,currency,0,2,2,6399
48128,currency,0,3,3,6981
48128,currency,0,4,4,7792
48128,currency,0,5,5,8236
48128,currency,0,6,6,8639
48128,currency,0,7,7,10287
48128,currency,0,8,8,10355
48128,serve,0,0,0,4157
48128,serve,0,1,1,4157
48128,serve,0,2,2,4158
48128,serve,0,3,3,4158
48128,serve,0,4,4,4158
48128,serve,0,5,5,4158
48128,serve,0,6,6,4158
48128,serve,0,7,7,4158
48128,serve,0,8,8,4158
48128,serve,0,9,9,4158
48128,recent,0,0,0,7668
48128,recent,0,1,1,8231
48128,recent,0,2,2,8597
48128,recent,0,3,3,9098
48128,recent,0,4,4,9757
48128,recent,0,5,5,10734
48128,recent,0,6,6,12142
48128,recent,0,7,7,12677
48128,recent,0,8,8,13121
48128,recent,0,9,9,13350
49394,currency,0,0,0,1213
49394,currency,0,1,1,1213
49394,currency,0,2,2,1213
49394,currency,0,3,3,1213
49394,currency,0,4,4,1213
49394,currency,0,5,5,1213
49394,currency,0,6,6,1213
49394,currency,0,7,7,1213
49394,currency,0,8,8,1213
49394,currency,0,9,9,1213
49394,find,0,0,0,4004
49394,find,0,1,1,5204
49394,find,0,2,2,6045
49394,find,0,3,3,9041
49394,find,0,4,4,13416
49394,find,0,5,5,14300
49394,find,0,6,6,18238
49394,find,0,7,7,20231
49394,clone,0,0,0,4515
49394,clone,0,1,1,5764
49394,clone,0,2,2,6595
49394,clone,0,3,3,7485
49394,clone,0,4,4,7957
49394,clone,0,5,5,10481
49394,clone,0,6,6,11306
49394,clone,0,7,7,11704
49394,clone,0,8,8,15167
49394,clone,0,9,9,15571
49394,recent,0,0,0,3784
49394,recent,0,1,1,4387
49394,recent,0,2,2,5780
49394,recent,0,3,3,10764
49394,serve,0,0,0,3424
49394,serve,0,1,1,3424
49394,serve,0,2,2,3424
49394,serve,0,3,3,3424
49394,serve,0,4,4,3424
49394,serve,0,5,5,3424
49394,serve,0,6,6,3424
49394,serve,0,7,7,3424
49394,serve,0,8,8,3424
49394,serve,0,9,9,3424
49394,serve,1,0,0,3715
49394,serve,1,1,1,3715
49394,serve,1,2,2,3715
49394,serve,1,3,3,3715
49394,serve,1,4,4,3715
49394,serve,1,5,5,3715
49394,serve,1,6,6,3715
49394,serve,1,7,7,3715
49394,serve,1,8,8,3715
49394,serve,1,9,9,3715
49394,serve,2,0,0,4620
49394,serve,2,1,1,4620
49394,serve,2,2,2,4620
49394,serve,2,3,3,4620
49394,serve,2,4,4,4620
49394,serve,2,5,5,4620
49394,serve,2,6,6,4620
49394,serve,2,7,7,4620
49394,serve,2,8,8,4620
49394,serve,2,9,9,4620
49394,serve,3,0,0,2561
49394,serve,3,1,1,2561
49394,serve,3,2,2,2561
49394,serve,3,3,3,2561
49394,serve,3,4,4,2561
49394,serve,3,5,5,2561
49394,serve,3,6,6,2561
49394,serve,3,7,7,2562
49394,serve,3,8,8,2562
49394,serve,3,9,9,2562
55264,sort,0,0,0,1213
55264,sort,0,1,1,1213
55264,sort,0,2,2,1213
55264,sort,0,3,3,1213
55264,sort,0,4,4,1213
55264,sort,0,5,5,1213
55264,sort,0,6,6,1213
55264,sort,0,7,7,1213
55264,sort,0,8,8,1213
55264,sort,0,9,9,1213
55264,currency,0,0,0,1216
55264,currency,0,1,1,1216
55264,currency,0,2,2,1216
55264,currency,0,3,3,1216
55264,currency,0,4,4,1216
55264,currency,0,5,5,1216
55264,currency,0,6,6,1216
55264,currency,0,7,7,1216
55264,currency,0,8,8,1216
55264,currency,0,9,9,1216
55264,clone,0,0,0,4720
55264,clone,0,1,1,6035
55264,clone,0,2,2,6759
55264,clone,0,3,3,7716
55264,clone,0,4,4,8216
55264,clone,0,5,5,10853
55264,clone,0,6,6,11235
55264,clone,0,7,7,11669
55264,clone,0,8,8,15572
55264,clone,0,9,9,15864
55264,find,0,0,0,3821
55264,find,0,1,1,5077
55264,find,0,2,2,6029
55264,find,0,3,3,8739
55264,find,0,4,4,13440
55264,find,0,5,5,14254
55264,find,0,6,6,18373
55264,recent,0,0,0,6639
55264,recent,0,1,1,7333
55264,recent,0,2,2,7764
55264,recent,0,3,3,8244
55264,recent,0,4,4,8829
55264,recent,0,5,5,9757
55264,recent,0,6,6,10225
55264,recent,0,7,7,10408
55264,recent,0,8,8,11334
55264,recent,0,9,9,11712
55264,serve,0,0,0,3877
55264,serve,0,1,1,3877
55264,serve,0,2,2,3877
55264,serve,0,3,3,3878
55264,serve,0,4,4,3878
55264,serve,0,5,5,3878
55264,serve,0,6,6,3878
55264,serve,0,7,7,3878
55264,serve,0,8,8,3878
55264,serve,0,9,9,3878
55264,serve,1,0,0,2961
55264,serve,1,1,1,2961
55264,serve,1,2,2,2961
55264,serve,1,3,3,2961
55264,serve,1,4,4,2961
55264,serve,1,5,5,2961
55264,serve,1,6,6,2961
55264,serve,1,7,7,2961
55264,serve,1,8,8,2961
55264,serve,1,9,9,2961
55264,serve,2,0,0,3585
55264,serve,2,1,1,3585
55264,serve,2,2,2,3585
55264,serve,2,3,3,3585
55264,serve,2,4,4,3585
55264,serve,2,5,5,3585
55264,serve,2,6,6,3585
55264,serve,2,7,7,3585
55264,serve,2,8,8,3585
55264,serve,2,9,9,3585
55264,serve,3,0,0,2372
55264,serve,3,1,1,2372
55264,serve,3,2,2,2372
55264,serve,3,3,3,2372
55264,serve,3,4,4,2372
55264,serve,3,5,5,2372
55264,serve,3,6,6,2372
55264,serve,3,7,7,2372
55264,serve,3,8,8,2372
55264,serve,3,9,9,2372
56883,currency,0,0,0,1335
56883,currency,0,1,1,1335
56883,currency,0,2,2,1335
56883,currency,0,3,3,1341
56883,currency,0,4,4,1341
56883,currency,0,5,5,1341
56883,currency,0,6,6,1342
56883,currency,0,7,7,1342
56883,currency,0,8,8,1342
56883,currency,0,9,9,1342
56883,find,0,0,0,1355
56883,find,0,1,1,1355
56883,find,0,2,2,1355
56883,find,0,3,3,1356
56883,find,0,4,4,1356
56883,find,0,5,5,1356
56883,find,0,6,6,1356
56883,find,0,7,7,1356
56883,find,0,8,8,1357
56883,find,0,9,9,1357
56883,sort,0,1,0,2151
56883,sort,0,4,1,2758
56883,sort,0,3,2,3443
56883,sort,0,2,3,4366
56883,sort,0,7,4,5209
56883,sort,0,6,5,5614
56883,sort,0,8,6,6216
56883,sort,0,9,7,6674
56883,sort,0,0,8,10450
56883,sort,0,5,9,12224
56883,recent,0,0,0,3600
56883,recent,0,1,1,3600
56883,recent,0,2,2,3601
56883,recent,0,3,3,3601
56883,recent,0,4,4,3601
56883,recent,0,5,5,3601
56883,recent,0,6,6,3601
56883,recent,0,7,7,3601
56883,recent,0,8,8,3601
56883,recent,0,9,9,3601
56883,recent,1,0,0,3652
56883,recent,1,1,1,3652
56883,recent,1,2,2,3653
56883,recent,1,3,3,3654
56883,recent,1,4,4,3654
56883,recent,1,5,5,3654
56883,recent,1,6,6,3654
56883,recent,1,7,7,3654
56883,recent,1,8,8,3654
56883,recent,1,9,9,3654
56883,recent,2,0,0,4003
56883,recent,2,1,1,4004
56883,recent,2,2,2,4004
56883,recent,2,3,3,4004
56883,recent,2,4,4,4004
56883,recent,2,5,5,4004
56883,recent,2,6,6,4004
56883,recent,2,7,7,4004
56883,recent,2,8,8,4004
56883,recent,2,9,9,4004
56883,recent,3,0,0,3971
56883,recent,3,1,1,3971
56883,recent,3,2,2,3971
56883,recent,3,3,3,3971
56883,recent,3,4,4,3971
56883,recent,3,5,5,3972
56883,recent,3,6,6,3972
56883,recent,3,7,7,3972
56883,recent,3,8,8,3972
56883,recent,3,9,9,3976
56883,recent,4,0,0,3934
56883,recent,4,1,1,3934
56883,recent,4,2,2,3934
56883,recent,4,3,3,3934
56883,recent,4,4,4,3934
56883,recent,4,5,5,3934
56883,recent,4,6,6,3934
56883,recent,4,7,7,3934
56883,recent,4,8,8,3934
56883,recent,4,9,9,3934
56883,clone,0,2,0,2514
56883,clone,0,3,1,3042
56883,clone,0,4,2,3519
56883,clone,0,1,3,3952
56883,clone,0,6,4,4934
56883,clone,0,7,5,5449
56883,clone,0,9,6,5734
56883,clone,0,0,7,6469
56883,clone,0,5,8,7158
56883,clone,0,8,9,8719
56883,serve,0,1,0,3806
56883,serve,0,3,1,4040
56883,serve,0,0,2,4565
56883,serve,0,2,3,5643
56883,serve,0,4,4,6669
56883,serve,0,6,5,7069
56883,serve,0,5,6,7431
56883,serve,0,7,7,7766
56883,serve,0,9,8,7983
56883,serve,0,8,9,8112
57414,sort,0,0,0,6520
57414,sort,0,1,1,6725
57414,sort,0,2,2,7550
57414,sort,0,3,3,8365
57414,sort,0,4,4,8801
57414,sort,0,5,5,14839
57414,sort,0,6,6,15076
57414,sort,0,7,7,15519
57414,sort,0,8,8,16421
57414,sort,0,9,9,17450
57414,currency,0,0,0,1222
57414,currency,0,1,1,1222
57414,currency,0,2,2,1222
57414,currency,0,3,3,1222
57414,currency,0,4,4,1222
57414,currency,0,5,5,1222
57414,currency,0,6,6,1222
57414,currency,0,7,7,1222
57414,currency,0,8,8,1222
57414,currency,0,9,9,1222
57414,currency,1,0,0,3067
57414,currency,1,1,1,3067
57414,currency,1,2,2,3067
57414,currency,1,3,3,3067
57414,currency,1,4,4,3067
57414,currency,1,5,5,3067
57414,currency,1,6,6,3067
57414,currency,1,7,7,3067
57414,currency,1,8,8,3067
57414,currency,1,9,9,3067
57414,find,0,0,0,1266
57414,find,0,1,1,1266
57414,find,0,2,2,1266
57414,find,0,3,3,1266
57414,find,0,4,4,1266
57414,find,0,5,5,1266
57414,find,0,6,6,1266
57414,find,0,7,7,1266
57414,find,0,8,8,1266
57414,find,0,9,9,1266
57414,find,1,0,0,1283
57414,find,1,1,1,1283
57414,find,1,2,2,1283
57414,find,1,3,3,1283
57414,find,1,4,4,1283
57414,find,1,5,5,1283
57414,find,1,6,6,1283
57414,find,1,7,7,1283
57414,find,1,8,8,1283
57414,find,1,9,9,1283
57414,recent,0,0,0,2935
57414,recent,0,1,1,2935
57414,recent,0,2,2,2935
57414,recent,0,3,3,2935
57414,recent,0,4,4,2935
57414,recent,0,5,5,2935
57414,recent,0,6,6,2935
57414,recent,0,7,7,2935
57414,recent,0,8,8,2935
57414,recent,0,9,9,2935
57414,recent,1,0,0,3027
57414,recent,1,1,1,3027
57414,recent,1,2,2,3027
57414,recent,1,3,3,3027
57414,recent,1,4,4,3028
57414,recent,1,5,5,3028
57414,recent,1,6,6,3028
57414,recent,1,7,7,3028
57414,recent,1,8,8,3028
57414,recent,1,9,9,3028
57414,recent,2,0,0,3139
57414,recent,2,1,1,3139
57414,recent,2,2,2,3139
57414,recent,2,3,3,3139
57414,recent,2,4,4,3139
57414,recent,2,5,5,3139
57414,recent,2,6,6,3139
57414,recent,2,7,7,3139
57414,recent,2,8,8,3139
57414,recent,2,9,9,3139
57414,recent,3,0,0,1312
57414,recent,3,1,1,1312
57414,recent,3,2,2,1312
57414,recent,3,3,3,1312
57414,recent,3,4,4,1312
57414,recent,3,5,5,1312
57414,recent,3,6,6,1312
57414,recent,3,7,7,1312
57414,recent,3,8,8,1312
57414,recent,3,9,9,1312
57414,clone,0,0,0,4862
57414,clone,0,1,1,5902
57414,clone,0,2,2,6298
57414,clone,0,3,3,7234
57414,clone,0,4,4,7670
57414,clone,0,5,5,10364
57414,clone,0,6,6,10783
57414,clone,0,7,7,11212
57414,clone,0,8,8,15161
57414,clone,0,9,9,15686
57414,clone,1,0,0,5853
57414,clone,1,1,1,6335
57414,clone,1,2,2,6802
57414,clone,1,3,3,7641
57414,clone,1,4,4,7721
57414,clone,1,5,5,7787
57414,clone,1,6,6,8003
57414,clone,1,7,7,8722
57414,clone,1,8,8,9372
57414,clone,1,9,9,9680
57414,serve,0,0,0,3479
57414,serve,0,1,1,3737
57414,serve,0,2,2,4242
57414,serve,0,3,3,4633
57414,serve,0,4,4,5834
57414,serve,0,5,5,6035
57414,serve,0,6,6,6731
57414,serve,0,7,7,7346
57414,serve,0,8,8,7717
57414,serve,0,9,9,8329
57414,serve,1,0,0,2246
57414,serve,1,1,1,3463
57414,serve,1,2,2,3741
57414,serve,1,3,3,3866
57414,serve,1,4,4,4321
57414,serve,1,5,5,5137
57414,serve,1,6,6,5380
57414,serve,1,7,7,5709
57414,serve,1,8,8,6415
57414,serve,1,9,9,6519
59191,sort,0,0,0,1226
59191,sort,0,1,1,1226
59191,sort,0,2,2,1226
59191,sort,0,3,3,1226
59191,sort,0,4,4,1226
59191,sort,0,5,5,1226
59191,sort,0,6,6,1226
59191,sort,0,7,7,1226
59191,sort,0,8,8,1226
59191,sort,0,9,9,1226
59191,currency,0,0,0,1242
59191,currency,0,1,1,1242
59191,currency,0,2,2,1242
59191,currency,0,3,3,1242
59191,currency,0,4,4,1242
59191,currency,0,5,5,1242
59191,currency,0,6,6,1242
59191,currency,0,7,7,1242
59191,currency,0,8,8,1242
59191,currency,0,9,9,1243
59191,find,0,0,0,3910
59191,find,0,1,1,5140
59191,find,0,2,2,6167
59191,find,0,3,3,9041
59191,find,0,4,4,13612
59191,find,0,5,5,14657
59191,find,0,6,6,18708
59191,clone,0,0,0,4797
59191,clone,0,1,1,5932
59191,clone,0,2,2,6711
59191,clone,0,3,3,7739
59191,clone,0,4,4,8239
59191,clone,0,5,5,11317
59191,clone,0,6,6,11625
59191,clone,0,7,7,12153
59191,clone,0,8,8,15303
59191,clone,0,9,9,16014
59191,serve,0,0,0,3134
59191,serve,0,1,1,3134
59191,serve,0,2,2,3134
59191,serve,0,3,3,3134
59191,serve,0,4,4,3134
59191,serve,0,5,5,3134
59191,serve,0,6,6,3134
59191,serve,0,7,7,3134
59191,serve,0,8,8,3134
59191,serve,0,9,9,3134
59191,serve,1,0,0,1270
59191,serve,1,1,1,1270
59191,serve,1,2,2,1270
59191,serve,1,3,3,1270
59191,serve,1,4,4,1270
59191,serve,1,5,5,1270
59191,serve,1,6,6,1270
59191,serve,1,7,7,1270
59191,serve,1,8,8,1270
59191,serve,1,9,9,1270
59191,serve,2,0,0,1247
59191,serve,2,1,1,1247
59191,serve,2,2,2,1247
59191,serve,2,3,3,1247
59191,serve,2,4,4,1247
59191,serve,2,5,5,1247
59191,serve,2,6,6,1247
59191,serve,2,7,7,1247
59191,serve,2,8,8,1247
59191,serve,2,9,9,1247
61514,sort,0,0,0,1209
61514,sort,0,1,1,1209
61514,sort,0,2,2,1209
61514,sort,0,3,3,1209
61514,sort,0,4,4,1209
61514,sort,0,5,5,1209
61514,sort,0,6,6,1209
61514,sort,0,7,7,1209
61514,sort,0,8,8,1209
61514,sort,0,9,9,1209
59191,recent,0,0,0,4716
59191,recent,0,1,1,5822
59191,recent,0,2,2,8975
59191,recent,0,3,3,10607
59191,recent,0,4,4,13110
59191,recent,0,5,5,17919
59191,recent,0,6,6,19715
59191,recent,0,7,7,20267
59191,recent,0,8,8,22170
61514,currency,0,0,0,5751
61514,currency,0,1,1,6166
61514,currency,0,2,2,6566
61514,currency,0,3,3,7391
61514,currency,0,4,4,7916
61514,currency,0,5,5,8282
61514,currency,0,6,6,8638
61514,currency,0,7,7,10134
61514,currency,0,8,8,10589
61514,clone,0,0,0,1212
61514,clone,0,1,1,1212
61514,clone,0,2,2,1212
61514,clone,0,3,3,1212
61514,clone,0,4,4,1212
61514,clone,0,5,5,1212
61514,clone,0,6,6,1212
61514,clone,0,7,7,1212
61514,clone,0,8,8,1212
61514,clone,0,9,9,1212
61514,find,0,0,0,4069
61514,find,0,1,1,5358
61514,find,0,2,2,6282
61514,find,0,3,3,9083
61514,find,0,4,4,13591
61514,find,0,5,5,14618
61514,find,0,6,6,18451
61514,serve,0,0,0,2713
61514,serve,0,1,1,2713
61514,serve,0,2,2,2713
61514,serve,0,3,3,2713
61514,serve,0,4,4,2713
61514,serve,0,5,5,2713
61514,serve,0,6,6,2713
61514,serve,0,7,7,2713
61514,serve,0,8,8,2713
61514,serve,0,9,9,2713
61514,serve,1,0,0,2861
61514,serve,1,1,1,2861
61514,serve,1,2,2,2861
61514,serve,1,3,3,2861
61514,serve,1,4,4,2861
61514,serve,1,5,5,2861
61514,serve,1,6,6,2861
61514,serve,1,7,7,2861
61514,serve,1,8,8,2861
61514,serve,1,9,9,2861
61514,serve,2,0,0,3413
61514,serve,2,1,1,3413
61514,serve,2,2,2,3413
61514,serve,2,3,3,3413
61514,serve,2,4,4,3413
61514,serve,2,5,5,3413
61514,serve,2,6,6,3413
61514,serve,2,7,7,3413
61514,serve,2,8,8,3413
61514,serve,2,9,9,3413
61514,serve,3,0,0,2685
61514,serve,3,1,1,2685
61514,serve,3,2,2,2685
61514,serve,3,3,3,2685
61514,serve,3,4,4,2685
61514,serve,3,5,5,2685
61514,serve,3,6,6,2685
61514,serve,3,7,7,2685
61514,serve,3,8,8,2685
61514,serve,3,9,9,2685
62905,currency,0,0,0,1207
62905,currency,0,1,1,1207
62905,currency,0,2,2,1207
62905,currency,0,3,3,1207
62905,currency,0,4,4,1207
62905,currency,0,5,5,1207
62905,currency,0,6,6,1207
62905,currency,0,7,7,1207
62905,currency,0,8,8,1207
62905,currency,0,9,9,1207
62905,find,0,0,0,1206
62905,find,0,1,1,1206
62905,find,0,2,2,1206
62905,find,0,3,3,1206
62905,find,0,4,4,1206
62905,find,0,5,5,1206
62905,find,0,6,6,1206
62905,find,0,7,7,1206
62905,find,0,8,8,1206
62905,find,0,9,9,1206
62905,find,1,0,0,1207
62905,find,1,1,1,1207
62905,find,1,2,2,1207
62905,find,1,3,3,1207
62905,find,1,4,4,1207
62905,find,1,5,5,1207
62905,find,1,6,6,1207
62905,find,1,7,7,1207
62905,find,1,8,8,1207
62905,find,1,9,9,1207
62905,find,2,0,0,2949
62905,find,2,1,1,2949
62905,find,2,2,2,2949
62905,find,2,3,3,2949
62905,find,2,4,4,2949
62905,find,2,5,5,2949
62905,find,2,6,6,2949
62905,find,2,7,7,2949
62905,find,2,8,8,2949
62905,find,2,9,9,2949
62905,sort,0,0,0,6087
62905,sort,0,1,1,6553
62905,sort,0,2,2,7740
62905,sort,0,3,3,8509
62905,sort,0,4,4,9133
62905,sort,0,5,5,14588
62905,sort,0,6,6,15320
62905,sort,0,7,7,15712
62905,sort,0,8,8,16941
62905,sort,0,9,9,17936
62905,clone,0,0,0,4418
62905,clone,0,1,1,5787
62905,clone,0,2,2,6510
62905,clone,0,3,3,7520
62905,clone,0,4,4,7958
62905,clone,0,5,5,10662
62905,clone,0,6,6,14239
62905,clone,0,7,7,14953
62905,clone,0,8,8,18902
62905,clone,0,9,9,19267
62905,clone,1,0,0,2135
62905,clone,1,1,1,5667
62905,clone,1,2,2,5739
62905,clone,1,3,3,6032
62905,clone,1,4,4,6071
62905,clone,1,5,5,7321
62905,clone,1,6,6,7362
62905,clone,1,7,7,11282
62905,clone,1,8,8,11346
62905,clone,1,9,9,11650
62905,recent,0,0,0,2686
62905,recent,0,1,1,2686
62905,recent,0,2,2,2686
62905,recent,0,3,3,2686
62905,recent,0,4,4,2686
62905,recent,0,5,5,2686
62905,recent,0,6,6,2686
62905,recent,0,7,7,2686
62905,recent,0,8,8,2686
62905,recent,0,9,9,2686
62905,recent,1,0,0,3349
62905,recent,1,1,1,3349
62905,recent,1,2,2,3349
62905,recent,1,3,3,3349
62905,recent,1,4,4,3349
62905,recent,1,5,5,3349
62905,recent,1,6,6,3349
62905,recent,1,7,7,3349
62905,recent,1,8,8,3349
62905,recent,1,9,9,3349
65727,sort,0,0,0,1227
65727,sort,0,1,1,1227
65727,sort,0,2,2,1227
65727,sort,0,3,3,1227
65727,sort,0,4,4,1227
65727,sort,0,5,5,1227
65727,sort,0,6,6,1227
65727,sort,0,7,7,1227
65727,sort,0,8,8,1227
65727,sort,0,9,9,1227
62905,serve,0,0,0,4297
62905,serve,0,1,1,4953
62905,serve,0,2,2,5480
62905,serve,0,3,3,5956
62905,serve,0,4,4,6140
62905,serve,0,5,5,9610
62905,serve,0,6,6,9807
62905,serve,0,7,7,10415
62905,serve,0,8,8,10851
62905,serve,0,9,9,11297
62905,serve,1,0,0,2774
62905,serve,1,1,1,3536
62905,serve,1,2,2,4137
62905,serve,1,3,3,4526
62905,serve,1,4,4,4717
62905,serve,1,5,5,8275
62905,serve,1,6,6,8466
62905,serve,1,7,7,9054
62905,serve,1,8,8,9427
62905,serve,1,9,9,9971
62905,serve,2,0,0,5243
62905,serve,2,1,1,8856
62905,serve,2,2,2,9454
62905,serve,2,3,3,9880
62905,serve,2,4,4,10479
62905,serve,2,5,5,11461
62905,serve,2,6,6,12370
62905,serve,2,7,7,12623
62905,serve,2,8,8,13426
62905,serve,2,9,9,14353
65727,clone,0,0,0,1228
65727,clone,0,1,1,1229
65727,clone,0,2,2,1229
65727,clone,0,3,3,1229
65727,clone,0,4,4,1229
65727,clone,0,5,5,1229
65727,clone,0,6,6,1229
65727,clone,0,7,7,1229
65727,clone,0,8,8,1229
65727,clone,0,9,9,1229
65727,clone,1,0,0,2972
65727,clone,1,1,1,2972
65727,clone,1,2,2,2972
65727,clone,1,3,3,2972
65727,clone,1,4,4,2972
65727,clone,1,5,5,2972
65727,clone,1,6,6,2972
65727,clone,1,7,7,2972
65727,clone,1,8,8,2972
65727,clone,1,9,9,2972
65727,find,0,0,0,4320
65727,find,0,1,1,5909
65727,find,0,2,2,6593
65727,find,0,3,3,9359
65727,find,0,4,4,14042
65727,find,0,5,5,14804
65727,find,0,6,6,18686
65727,serve,0,0,0,4076
65727,serve,0,1,1,4076
65727,serve,0,2,2,4076
65727,serve,0,3,3,4076
65727,serve,0,4,4,4076
65727,serve,0,5,5,4076
65727,serve,0,6,6,4076
65727,serve,0,7,7,4076
65727,serve,0,8,8,4076
65727,serve,0,9,9,4076
65727,serve,1,0,0,2894
65727,serve,1,1,1,2894
65727,serve,1,2,2,2894
65727,serve,1,3,3,2894
65727,serve,1,4,4,2894
65727,serve,1,5,5,2894
65727,serve,1,6,6,2895
65727,serve,1,7,7,2895
65727,serve,1,8,8,2895
65727,serve,1,9,9,2895
65727,currency,0,0,0,5622
65727,currency,0,1,1,6132
65727,currency,0,2,2,6561
65727,currency,0,3,3,7774
65727,currency,0,4,4,8535
65727,currency,0,5,5,8711
65727,currency,0,6,6,8925
65727,currency,0,7,7,9789
65727,currency,0,8,8,10249
65727,recent,0,0,0,1982
65727,recent,0,1,1,2548
65727,recent,0,2,2,8149
65727,recent,0,3,3,8599
65727,recent,0,4,4,8879
65727,recent,0,5,5,11490
65727,recent,0,6,6,12025
65727,recent,0,7,7,12429
65727,recent,0,8,8,14007
65727,recent,0,9,9,14373
65727,recent,1,0,0,3480
65727,recent,1,1,1,4634
65727,recent,1,2,2,5343
65727,recent,1,3,3,5740
65727,recent,1,4,4,6197
65727,recent,1,5,5,6745
65727,recent,1,6,6,6991
65727,recent,1,7,7,7668
65727,recent,1,8,8,9035
65727,recent,1,9,9,9659
69302,find,0,0,0,1209
69302,find,0,1,1,1209
69302,find,0,2,2,1209
69302,find,0,3,3,1209
69302,find,0,4,4,1209
69302,find,0,5,5,1209
69302,find,0,6,6,1209
69302,find,0,7,7,1209
69302,find,0,8,8,1209
69302,find,0,9,9,1209
69302,clone,0,0,0,1213
69302,clone,0,1,1,1213
69302,clone,0,2,2,1213
69302,clone,0,3,3,1213
69302,clone,0,4,4,1213
69302,clone,0,5,5,1213
69302,clone,0,6,6,1213
69302,clone,0,7,7,1213
69302,clone,0,8,8,1213
69302,clone,0,9,9,1213
69302,recent,0,0,0,3733
69302,recent,0,1,1,3733
69302,recent,0,2,2,3733
69302,recent,0,3,3,3733
69302,recent,0,4,4,3733
69302,recent,0,5,5,3733
69302,recent,0,6,6,3733
69302,recent,0,7,7,3733
69302,recent,0,8,8,3733
69302,recent,0,9,9,3733
69302,recent,1,0,0,6711
69302,recent,1,1,1,6711
69302,recent,1,2,2,6711
69302,recent,1,3,3,6711
69302,recent,1,4,4,6711
69302,recent,1,5,5,6711
69302,recent,1,6,6,6711
69302,recent,1,7,7,6711
69302,recent,1,8,8,6711
69302,recent,1,9,9,6711
69302,recent,2,0,0,1218
69302,recent,2,1,1,1218
69302,recent,2,2,2,1218
69302,recent,2,3,3,1218
69302,recent,2,4,4,1218
69302,recent,2,5,5,1218
69302,recent,2,6,6,1218
69302,recent,2,7,7,1218
69302,recent,2,8,8,1218
69302,recent,2,9,9,1218
69302,currency,0,0,0,5444
69302,currency,0,1,1,6050
69302,currency,0,2,2,6388
69302,currency,0,3,3,7050
69302,currency,0,4,4,7648
69302,currency,0,5,5,8024
69302,currency,0,6,6,8544
69302,currency,0,7,7,9811
69302,currency,0,8,8,10292
69302,serve,0,0,0,2284
69302,serve,0,1,1,3367
69302,serve,0,2,2,3906
69302,serve,0,3,3,4119
69302,serve,0,4,4,4520
69302,serve,0,5,5,5738
69302,serve,0,6,6,6356
69302,serve,0,7,7,6933
69302,serve,0,8,8,7803
69302,serve,0,9,9,8369
69302,serve,1,0,0,2657
69302,serve,1,1,1,3266
69302,serve,1,2,2,3787
69302,serve,1,3,3,4503
69302,serve,1,4,4,4683
69302,serve,1,5,5,5537
69302,serve,1,6,6,6117
69302,serve,1,7,7,7872
69302,serve,1,8,8,8641
69302,serve,1,9,9,9154
69302,serve,2,0,0,2305
69302,serve,2,1,1,3795
69302,serve,2,2,2,4391
69302,serve,2,3,3,4745
69302,serve,2,4,4,5043
69302,serve,2,5,5,5599
69302,serve,2,6,6,6069
69302,serve,2,7,7,6632
69302,serve,2,8,8,6920
69302,serve,2,9,9,7636
69321,sort,0,0,0,5634
69321,sort,0,1,1,6061
69321,sort,0,2,2,7194
69321,sort,0,3,3,7971
69321,sort,0,4,4,8605
69321,sort,0,5,5,14345
69321,sort,0,6,6,15066
69321,sort,0,7,7,15432
69321,sort,0,8,8,16539
69321,sort,0,9,9,17710
69321,currency,0,0,0,5580
69321,currency,0,1,1,6103
69321,currency,0,2,2,6481
69321,currency,0,3,3,7225
69321,currency,0,4,4,7789
69321,currency,0,5,5,8154
69321,currency,0,6,6,8619
69321,currency,0,7,7,9819
69321,currency,0,8,8,10294
69321,find,0,0,0,1210
69321,find,0,1,1,1210
69321,find,0,2,2,1210
69321,find,0,3,3,1210
69321,find,0,4,4,1210
69321,find,0,5,5,1210
69321,find,0,6,6,1210
69321,find,0,7,7,1210
69321,find,0,8,8,1210
69321,find,0,9,9,1210
69321,clone,0,0,0,1211
69321,clone,0,1,1,1211
69321,clone,0,2,2,1211
69321,clone,0,3,3,1211
69321,clone,0,4,4,1211
69321,clone,0,5,5,1211
69321,clone,0,6,6,1211
69321,clone,0,7,7,1211
69321,clone,0,8,8,1211
69321,clone,0,9,9,1211
69321,clone,1,0,0,2890
69321,clone,1,1,1,2890
69321,clone,1,2,2,2890
69321,clone,1,3,3,2890
69321,clone,1,4,4,2890
69321,clone,1,5,5,2890
69321,clone,1,6,6,2890
69321,clone,1,7,7,2890
69321,clone,1,8,8,2890
69321,clone,1,9,9,2890
69321,recent,0,0,0,3170
69321,recent,0,1,1,3170
69321,recent,0,2,2,3170
69321,recent,0,3,3,3170
69321,recent,0,4,4,3170
69321,recent,0,5,5,3170
69321,recent,0,6,6,3170
69321,recent,0,7,7,3170
69321,recent,0,8,8,3170
69321,recent,0,9,9,3170
69321,serve,0,2,0,4348
69321,serve,0,3,1,4750
69321,serve,0,0,2,4787
69321,serve,0,1,3,5396
69321,serve,0,7,4,5472
69321,serve,0,5,5,5536
69321,serve,0,8,6,5631
69321,serve,0,9,7,5772
69321,serve,0,6,8,5807
69321,serve,0,4,9,6431
69321,serve,1,1,0,1611
69321,serve,1,3,1,1639
69321,serve,1,2,2,2034
69321,serve,1,5,3,2137
69321,serve,1,0,4,2242
69321,serve,1,4,5,2323
69321,serve,1,7,6,2606
69321,serve,1,8,7,2715
69321,serve,1,6,8,2822
69321,serve,1,9,9,2961
73430,sort,0,0,0,1212
73430,sort,0,1,1,1212
73430,sort,0,2,2,1212
73430,sort,0,3,3,1212
73430,sort,0,4,4,1212
73430,sort,0,5,5,1212
73430,sort,0,6,6,1212
73430,sort,0,7,7,1212
73430,sort,0,8,8,1212
73430,sort,0,9,9,1212
73430,currency,0,0,0,8766
73430,currency,0,1,1,9550
73430,currency,0,2,2,10015
73430,currency,0,3,3,10830
73430,currency,0,4,4,11729
73430,currency,0,5,5,12323
73430,currency,0,6,6,12939
73430,currency,0,7,7,14367
73430,currency,0,8,8,14998
73430,find,0,0,0,4681
73430,find,0,1,1,6660
73430,find,0,2,2,7742
73430,find,0,3,3,10761
73430,find,0,4,4,15491
73430,find,0,5,5,16454
73430,clone,0,0,0,1211
73430,clone,0,1,1,1211
73430,clone,0,2,2,1211
73430,clone,0,3,3,1211
73430,clone,0,4,4,1211
73430,clone,0,5,5,1211
73430,clone,0,6,6,1211
73430,clone,0,7,7,1211
73430,clone,0,8,8,1211
73430,clone,0,9,9,1211
73430,serve,0,0,0,4261
73430,serve,0,1,1,4261
73430,serve,0,2,2,4261
73430,serve,0,3,3,4261
73430,serve,0,4,4,4261
73430,serve,0,5,5,4261
73430,serve,0,6,6,4261
73430,serve,0,7,7,4261
73430,serve,0,8,8,4261
73430,serve,0,9,9,4261
73430,serve,1,0,0,1513
73430,serve,1,1,1,1513
73430,serve,1,2,2,1513
73430,serve,1,3,3,1513
73430,serve,1,4,4,1513
73430,serve,1,5,5,1513
73430,serve,1,6,6,1513
73430,serve,1,7,7,1513
73430,serve,1,8,8,1513
73430,serve,1,9,9,1513
73430,serve,2,0,0,2815
73430,serve,2,1,1,2815
73430,serve,2,2,2,2815
73430,serve,2,3,3,2815
73430,serve,2,4,4,2815
73430,serve,2,5,5,2815
73430,serve,2,6,6,2815
73430,serve,2,7,7,2815
73430,serve,2,8,8,2815
73430,serve,2,9,9,2815
76613,sort,0,0,0,1267
76613,sort,0,1,1,1267
76613,sort,0,2,2,1267
76613,sort,0,3,3,1267
76613,sort,0,4,4,1267
76613,sort,0,5,5,1267
76613,sort,0,6,6,1267
76613,sort,0,7,7,1267
76613,sort,0,8,8,1267
76613,sort,0,9,9,1267
76613,sort,1,0,0,1211
76613,sort,1,1,1,1211
76613,sort,1,2,2,1211
76613,sort,1,3,3,1211
76613,sort,1,4,4,1211
76613,sort,1,5,5,1211
76613,sort,1,6,6,1211
76613,sort,1,7,7,1211
76613,sort,1,8,8,1211
76613,sort,1,9,9,1211
76613,sort,2,0,0,1210
76613,sort,2,1,1,1210
76613,sort,2,2,2,1210
76613,sort,2,3,3,1211
76613,sort,2,4,4,1211
76613,sort,2,5,5,1211
76613,sort,2,6,6,1211
76613,sort,2,7,7,1211
76613,sort,2,8,8,1211
76613,sort,2,9,9,1211
76613,sort,3,0,0,1210
76613,sort,3,1,1,1210
76613,sort,3,2,2,1210
76613,sort,3,3,3,1210
76613,sort,3,4,4,1210
76613,sort,3,5,5,1210
76613,sort,3,6,6,1210
76613,sort,3,7,7,1210
76613,sort,3,8,8,1210
76613,sort,3,9,9,1210
73430,recent,0,0,0,5861
73430,recent,0,1,1,6370
73430,recent,0,2,2,7305
73430,recent,0,3,3,7860
73430,recent,0,4,4,8959
73430,recent,0,5,5,9539
73430,recent,0,6,6,10559
73430,recent,0,7,7,11135
73430,recent,0,8,8,11896
73430,recent,0,9,9,12719
76613,currency,0,1,0,1001
76613,currency,0,2,1,1166
76613,currency,0,3,2,1557
76613,currency,0,5,3,1766
76613,currency,0,4,4,1980
76613,currency,0,6,5,2022
76613,currency,0,8,6,2670
76613,currency,0,7,7,3451
76613,currency,0,0,8,6118
76613,find,0,2,0,3726
76613,find,0,1,1,4061
76613,find,0,5,2,5422
76613,find,0,3,3,6927
76613,find,0,0,4,8170
76613,find,0,8,5,8840
76613,find,0,7,6,9488
76613,find,0,9,7,9905
76613,find,0,4,8,10448
76613,find,0,6,9,10899
76613,clone,0,0,0,1211
76613,clone,0,1,1,1211
76613,clone,0,2,2,1211
76613,clone,0,3,3,1211
76613,clone,0,4,4,1211
76613,clone,0,5,5,1211
76613,clone,0,6,6,1211
76613,clone,0,7,7,1211
76613,clone,0,8,8,1211
76613,clone,0,9,9,1211
76613,clone,1,0,0,3000
76613,clone,1,1,1,3000
76613,clone,1,2,2,3000
76613,clone,1,3,3,3000
76613,clone,1,4,4,3000
76613,clone,1,5,5,3000
76613,clone,1,6,6,3000
76613,clone,1,7,7,3000
76613,clone,1,8,8,3000
76613,clone,1,9,9,3000
76613,recent,0,0,0,3149
76613,recent,0,1,1,4499
76613,recent,0,3,2,4585
76613,recent,0,2,3,4651
76613,recent,0,4,4,4899
76613,recent,0,6,5,5169
76613,recent,0,7,6,5269
76613,recent,0,5,7,5464
76613,recent,0,8,8,5618
76613,recent,0,9,9,5671
76613,serve,0,0,0,2916
76613,serve,0,1,1,2916
76613,serve,0,2,2,2916
76613,serve,0,3,3,2916
76613,serve,0,4,4,2916
76613,serve,0,5,5,2916
76613,serve,0,6,6,2916
76613,serve,0,7,7,2916
76613,serve,0,8,8,2916
76613,serve,0,9,9,2916
76613,serve,1,0,0,3238
76613,serve,1,1,1,3238
76613,serve,1,2,2,3238
76613,serve,1,3,3,3238
76613,serve,1,4,4,3238
76613,serve,1,5,5,3238
76613,serve,1,6,6,3238
76613,serve,1,7,7,3238
76613,serve,1,8,8,3238
76613,serve,1,9,9,3238
81897,sort,0,0,0,6101
81897,sort,0,1,1,6582
81897,sort,0,2,2,7461
81897,sort,0,3,3,8279
81897,sort,0,4,4,8967
81897,sort,0,5,5,14735
81897,sort,0,6,6,15533
81897,sort,0,7,7,15868
81897,sort,0,8,8,17051
81897,sort,0,9,9,17889
81897,currency,0,0,0,1217
81897,currency,0,1,1,1217
81897,currency,0,2,2,1217
81897,currency,0,3,3,1217
81897,currency,0,4,4,1217
81897,currency,0,5,5,1217
81897,currency,0,6,6,1217
81897,currency,0,7,7,1217
81897,currency,0,8,8,1217
81897,currency,0,9,9,1217
81897,currency,1,0,0,1228
81897,currency,1,1,1,1228
81897,currency,1,2,2,1228
81897,currency,1,3,3,1228
81897,currency,1,4,4,1228
81897,currency,1,5,5,1228
81897,currency,1,6,6,1228
81897,currency,1,7,7,1228
81897,currency,1,8,8,1228
81897,currency,1,9,9,1228
81897,find,0,0,0,1218
81897,find,0,1,1,1219
81897,find,0,2,2,1219
81897,find,0,3,3,1220
81897,find,0,4,4,1220
81897,find,0,5,5,1220
81897,find,0,6,6,1220
81897,find,0,7,7,1220
81897,find,0,8,8,1220
81897,find,0,9,9,1220
81897,find,1,0,0,1218
81897,find,1,1,1,1218
81897,find,1,2,2,1218
81897,find,1,3,3,1218
81897,find,1,4,4,1218
81897,find,1,5,5,1218
81897,find,1,6,6,1218
81897,find,1,7,7,1218
81897,find,1,8,8,1218
81897,find,1,9,9,1218
81897,clone,0,0,0,4024
81897,clone,0,1,1,5368
81897,clone,0,2,2,6117
81897,clone,0,3,3,7224
81897,clone,0,4,4,7568
81897,clone,0,5,5,10186
81897,clone,0,6,6,10656
81897,clone,0,7,7,11091
81897,clone,0,8,8,15141
81897,clone,0,9,9,15492
81897,recent,0,0,0,6761
81897,recent,0,1,1,6761
81897,recent,0,2,2,6761
81897,recent,0,3,3,6761
81897,recent,0,4,4,6761
81897,recent,0,5,5,6761
81897,recent,0,6,6,6762
81897,recent,0,7,7,6762
81897,recent,0,8,8,6762
81897,recent,0,9,9,6762
81897,recent,1,0,0,7040
81897,recent,1,1,1,7040
81897,recent,1,2,2,7040
81897,recent,1,3,3,7040
81897,recent,1,4,4,7040
81897,recent,1,5,5,7040
81897,recent,1,6,6,7040
81897,recent,1,7,7,7040
81897,recent,1,8,8,7040
81897,recent,1,9,9,7040
81897,serve,0,0,0,3930
81897,serve,0,1,1,4742
81897,serve,0,2,2,5489
81897,serve,0,3,3,5823
81897,serve,0,4,4,6203
81897,serve,0,5,5,6648
81897,serve,0,6,6,7117
81897,serve,0,7,7,7766
81897,serve,0,8,8,8190
81897,serve,0,9,9,8780
87190,find,0,0,0,1216
87190,find,0,1,1,1216
87190,find,0,2,2,1216
87190,find,0,3,3,1216
87190,find,0,4,4,1216
87190,find,0,5,5,1216
87190,find,0,6,6,1216
87190,find,0,7,7,1216
87190,find,0,8,8,1216
87190,find,0,9,9,1216
87190,sort,0,0,0,5709
87190,sort,0,1,1,6133
87190,sort,0,2,2,7120
87190,sort,0,3,3,7845
87190,sort,0,4,4,8566
87190,sort,0,5,5,14265
87190,sort,0,6,6,15015
87190,sort,0,7,7,15379
87190,sort,0,8,8,16455
87190,sort,0,9,9,17376
87190,clone,0,0,0,1224
87190,clone,0,1,1,1224
87190,clone,0,2,2,1224
87190,clone,0,3,3,1224
87190,clone,0,4,4,1224
87190,clone,0,5,5,1224
87190,clone,0,6,6,1224
87190,clone,0,7,7,1224
87190,clone,0,8,8,1224
87190,clone,0,9,9,1224
87190,currency,0,0,0,5458
87190,currency,0,1,1,5952
87190,currency,0,2,2,6420
87190,currency,0,3,3,7167
87190,currency,0,4,4,7505
87190,currency,0,5,5,7848
87190,currency,0,6,6,8211
87190,currency,0,7,7,9492
87190,currency,0,8,8,9953
87190,recent,0,0,0,4523
87190,recent,0,1,1,4523
87190,recent,0,2,2,4523
87190,recent,0,3,3,4523
87190,recent,0,4,4,4523
87190,recent,0,5,5,4523
87190,recent,0,6,6,4523
87190,recent,0,7,7,4523
87190,recent,0,8,8,4523
87190,recent,0,9,9,4523
87190,recent,1,0,0,1243
87190,recent,1,1,1,1243
87190,recent,1,2,2,1243
87190,recent,1,3,3,1243
87190,recent,1,4,4,1243
87190,recent,1,5,5,1243
87190,recent,1,6,6,1243
87190,recent,1,7,7,1243
87190,recent,1,8,8,1244
87190,recent,1,9,9,1244
87190,serve,0,0,0,3523
87190,serve,0,1,1,3636
87190,serve,0,2,2,4102
87190,serve,0,3,3,4279
87190,serve,0,4,4,4699
87190,serve,0,5,5,5840
87190,serve,0,6,6,6458
87190,serve,0,7,7,7005
87190,serve,0,8,8,7453
87190,serve,0,9,9,7878
91073,currency,0,0,0,1268
91073,currency,0,1,1,1268
91073,currency,0,2,2,1268
91073,currency,0,3,3,1268
91073,currency,0,4,4,1268
91073,currency,0,5,5,1268
91073,currency,0,6,6,1268
91073,currency,0,7,7,1268
91073,currency,0,8,8,1268
91073,currency,0,9,9,1268
91073,sort,0,1,0,1899
91073,sort,0,4,1,2412
91073,sort,0,3,2,2996
91073,sort,0,2,3,3291
91073,sort,0,7,4,3745
91073,sort,0,6,5,4050
91073,sort,0,8,6,5094
91073,sort,0,9,7,5273
91073,sort,0,0,8,8573
91073,sort,0,5,9,9987
91073,find,0,0,0,1247
91073,find,0,1,1,1247
91073,find,0,2,2,1247
91073,find,0,3,3,1248
91073,find,0,4,4,1248
91073,find,0,5,5,1248
91073,find,0,6,6,1248
91073,find,0,7,7,1248
91073,find,0,8,8,1248
91073,find,0,9,9,1248
91073,find,1,0,0,1229
91073,find,1,1,1,1229
91073,find,1,2,2,1230
91073,find,1,3,3,1230
91073,find,1,4,4,1230
91073,find,1,5,5,1230
91073,find,1,6,6,1231
91073,find,1,7,7,1231
91073,find,1,8,8,1231
91073,find,1,9,9,1231
91073,find,2,0,0,1237
91073,find,2,1,1,1237
91073,find,2,2,2,1237
91073,find,2,3,3,1237
91073,find,2,4,4,1237
91073,find,2,5,5,1238
91073,find,2,6,6,1238
91073,find,2,7,7,1238
91073,find,2,8,8,1238
91073,find,2,9,9,1238
91073,recent,0,0,0,3427
91073,recent,0,1,1,3427
91073,recent,0,2,2,3427
91073,recent,0,3,3,3427
91073,recent,0,4,4,3427
91073,recent,0,5,5,3427
91073,recent,0,6,6,3427
91073,recent,0,7,7,3427
91073,recent,0,8,8,3427
91073,recent,0,9,9,3427
91073,recent,1,0,0,3187
91073,recent,1,1,1,3188
91073,recent,1,2,2,3188
91073,recent,1,3,3,3188
91073,recent,1,4,4,3188
91073,recent,1,5,5,3188
91073,recent,1,6,6,3188
91073,recent,1,7,7,3188
91073,recent,1,8,8,3188
91073,recent,1,9,9,3188
91073,clone,0,2,0,2148
91073,clone,0,3,1,2469
91073,clone,0,4,2,2602
91073,clone,0,1,3,2749
91073,clone,0,6,4,3542
91073,clone,0,7,5,3641
91073,clone,0,9,6,4075
91073,clone,0,0,7,5974
91073,clone,0,5,8,6119
91073,clone,0,8,9,7983
91073,serve,0,2,0,4809
91073,serve,0,0,1,5389
91073,serve,0,3,2,5537
91073,serve,0,1,3,5655
91073,serve,0,6,4,6089
91073,serve,0,5,5,6145
91073,serve,0,8,6,6677
91073,serve,0,9,7,6865
91073,serve,0,7,8,6906
91073,serve,0,4,9,7236
91073,serve,1,1,0,2225
91073,serve,1,2,1,3225
91073,serve,1,4,2,4100
91073,serve,1,5,3,4385
91073,serve,1,6,4,4636
91073,serve,1,0,5,5079
91073,serve,1,8,6,5308
91073,serve,1,9,7,5585
91073,serve,1,3,8,6675
91073,serve,1,7,9,8318
92307,sort,0,0,0,6823
92307,sort,0,1,1,7316
92307,sort,0,2,2,8311
92307,sort,0,3,3,9252
92307,sort,0,4,4,9921
92307,sort,0,5,5,16652
92307,sort,0,6,6,17504
92307,sort,0,7,7,17889
92307,sort,0,8,8,19233
92307,find,0,0,0,1210
92307,find,0,1,1,1210
92307,find,0,2,2,1210
92307,find,0,3,3,1210
92307,find,0,4,4,1210
92307,find,0,5,5,1210
92307,find,0,6,6,1210
92307,find,0,7,7,1210
92307,find,0,8,8,1210
92307,find,0,9,9,1210
92307,currency,0,0,0,6394
92307,currency,0,1,1,6865
92307,currency,0,2,2,7597
92307,currency,0,3,3,8374
92307,currency,0,4,4,9021
92307,currency,0,5,5,9324
92307,currency,0,6,6,9771
92307,currency,0,7,7,11219
92307,currency,0,8,8,11545
92307,clone,0,0,0,1212
92307,clone,0,1,1,1212
92307,clone,0,2,2,1212
92307,clone,0,3,3,1212
92307,clone,0,4,4,1212
92307,clone,0,5,5,1212
92307,clone,0,6,6,1212
92307,clone,0,7,7,1212
92307,clone,0,8,8,1212
92307,clone,0,9,9,1212
92307,recent,0,0,0,3646
92307,recent,0,1,1,3646
92307,recent,0,2,2,3646
92307,recent,0,3,3,3646
92307,recent,0,4,4,3646
92307,recent,0,5,5,3646
92307,recent,0,6,6,3646
92307,recent,0,7,7,3646
92307,recent,0,8,8,3646
92307,recent,0,9,9,3646
92307,recent,1,0,0,3288
92307,recent,1,1,1,3288
92307,recent,1,2,2,3288
92307,recent,1,3,3,3288
92307,recent,1,4,4,3288
92307,recent,1,5,5,3288
92307,recent,1,6,6,3288
92307,recent,1,7,7,3288
92307,recent,1,8,8,3288
92307,recent,1,9,9,3288
92307,serve,0,0,0,2599
92307,serve,0,1,1,3707
92307,serve,0,2,2,4467
92307,serve,0,3,3,4742
92307,serve,0,4,4,5147
92307,serve,0,5,5,6256
92307,serve,0,6,6,6647
92307,serve,0,7,7,7036
92307,serve,0,8,8,7700
92307,serve,0,9,9,8150
92652,currency,0,0,0,1215
92652,currency,0,1,1,1216
92652,currency,0,2,2,1216
92652,currency,0,3,3,1216
92652,currency,0,4,4,1216
92652,currency,0,5,5,1216
92652,currency,0,6,6,1216
92652,currency,0,7,7,1216
92652,currency,0,8,8,1216
92652,currency,0,9,9,1216
92652,find,0,2,0,3507
92652,find,0,1,1,4017
92652,find,0,5,2,5138
92652,find,0,3,3,6931
92652,find,0,0,4,7629
92652,find,0,8,5,8811
92652,find,0,7,6,9319
92652,find,0,9,7,9727
92652,find,0,4,8,9924
92652,find,0,6,9,10589
92652,recent,0,4,0,3269
92652,recent,0,2,1,3516
92652,recent,0,5,2,3675
92652,recent,0,1,3,3865
92652,recent,0,7,4,4535
92652,recent,0,8,5,4822
92652,recent,0,3,6,5013
92652,recent,0,6,7,5091
92652,recent,0,0,8,5268
92652,recent,0,9,9,5557
93100,sort,0,1,0,1821
93100,sort,0,4,1,2210
93100,sort,0,3,2,2941
93100,sort,0,2,3,3406
93100,sort,0,7,4,3822
93100,sort,0,6,5,4311
93100,sort,0,9,6,5689
93100,sort,0,8,7,5871
93100,sort,0,0,8,9787
93100,sort,0,5,9,10907
93100,clone,0,0,0,1209
93100,clone,0,1,1,1209
93100,clone,0,2,2,1209
93100,clone,0,3,3,1209
93100,clone,0,4,4,1209
93100,clone,0,5,5,1209
93100,clone,0,6,6,1209
93100,clone,0,7,7,1209
93100,clone,0,8,8,1209
93100,clone,0,9,9,1209
93100,recent,0,0,0,3360
93100,recent,0,1,1,3360
93100,recent,0,2,2,3360
93100,recent,0,3,3,3360
93100,recent,0,4,4,3360
93100,recent,0,5,5,3360
93100,recent,0,6,6,3360
93100,recent,0,7,7,3360
93100,recent,0,8,8,3360
93100,recent,0,9,9,3360
93100,recent,1,0,0,3003
93100,recent,1,1,1,3003
93100,recent,1,2,2,3003
93100,recent,1,3,3,3003
93100,recent,1,4,4,3003
93100,recent,1,5,5,3003
93100,recent,1,6,6,3003
93100,recent,1,7,7,3003
93100,recent,1,8,8,3003
93100,recent,1,9,9,3003
93100,currency,0,0,0,5347
93100,currency,0,1,1,5793
93100,currency,0,2,2,6208
93100,currency,0,3,3,6812
93100,currency,0,4,4,7409
93100,currency,0,5,5,7767
93100,currency,0,6,6,8129
93100,currency,0,7,7,9424
93100,currency,0,8,8,9887
96947,currency,0,0,0,1207
96947,currency,0,1,1,1207
96947,currency,0,2,2,1207
96947,currency,0,3,3,1207
96947,currency,0,4,4,1207
96947,currency,0,5,5,1207
96947,currency,0,6,6,1207
96947,currency,0,7,7,1207
96947,currency,0,8,8,1207
96947,currency,0,9,9,1207
96947,currency,1,0,0,3781
96947,currency,1,1,1,3781
96947,currency,1,2,2,3781
96947,currency,1,3,3,3781
96947,currency,1,4,4,3781
96947,currency,1,5,5,3781
96947,currency,1,6,6,3781
96947,currency,1,7,7,3781
96947,currency,1,8,8,3781
96947,currency,1,9,9,3781
96947,recent,0,0,0,3739
96947,recent,0,1,1,4363
96947,recent,0,2,2,4704
96947,recent,0,3,3,5173
96947,recent,0,4,4,6061
96947,recent,0,5,5,6309
96947,recent,0,6,6,7369
96947,recent,0,7,7,7751
96947,recent,0,8,8,8543
96947,recent,0,9,9,8738
96947,serve,0,0,0,3553
96947,serve,0,1,1,3553
96947,serve,0,2,2,3553
96947,serve,0,3,3,3553
96947,serve,0,4,4,3553
96947,serve,0,5,5,3553
96947,serve,0,6,6,3553
96947,serve,0,7,7,3553
96947,serve,0,8,8,3553
96947,serve,0,9,9,3553
96947,serve,1,0,0,2546
96947,serve,1,1,1,2546
96947,serve,1,2,2,2546
96947,serve,1,3,3,2546
96947,serve,1,4,4,2546
96947,serve,1,5,5,2546
96947,serve,1,6,6,2547
96947,serve,1,7,7,2547
96947,serve,1,8,8,2547
96947,serve,1,9,9,2547
99741,sort,0,0,0,5496
99741,sort,0,1,1,6048
99741,sort,0,2,2,7095
99741,sort,0,3,3,7997
99741,sort,0,4,4,8564
99741,sort,0,5,5,14024
99741,sort,0,6,6,14727
99741,sort,0,7,7,15161
99741,sort,0,8,8,16268
99741,sort,0,9,9,17523
99741,find,0,0,0,1205
99741,find,0,1,1,1205
99741,find,0,2,2,1205
99741,find,0,3,3,1205
99741,find,0,4,4,1205
99741,find,0,5,5,1205
99741,find,0,6,6,1205
99741,find,0,7,7,1205
99741,find,0,8,8,1205
99741,find,0,9,9,1205
99741,clone,0,0,0,1205
99741,clone,0,1,1,1205
99741,clone,0,2,2,1205
99741,clone,0,3,3,1205
99741,clone,0,4,4,1205
99741,clone,0,5,5,1205
99741,clone,0,6,6,1205
99741,clone,0,7,7,1205
99741,clone,0,8,8,1205
99741,clone,0,9,9,1205
99741,clone,1,0,0,1204
99741,clone,1,1,1,1204
99741,clone,1,2,2,1204
99741,clone,1,3,3,1204
99741,clone,1,4,4,1204
99741,clone,1,5,5,1204
99741,clone,1,6,6,1204
99741,clone,1,7,7,1204
99741,clone,1,8,8,1204
99741,clone,1,9,9,1204
99741,recent,0,0,0,4979
99741,recent,0,1,1,4979
99741,recent,0,2,2,4979
99741,recent,0,3,3,4979
99741,recent,0,4,4,4979
99741,recent,0,5,5,4979
99741,recent,0,6,6,4979
99741,recent,0,7,7,4979
99741,recent,0,8,8,4979
99741,recent,0,9,9,4979
99741,recent,1,0,0,5138
99741,recent,1,1,1,5138
99741,recent,1,2,2,5138
99741,recent,1,3,3,5138
99741,recent,1,4,4,5138
99741,recent,1,5,5,5138
99741,recent,1,6,6,5138
99741,recent,1,7,7,5138
99741,recent,1,8,8,5138
99741,recent,1,9,9,5138
99741,recent,2,0,0,4584
99741,recent,2,1,1,4584
99741,recent,2,2,2,4584
99741,recent,2,3,3,4584
99741,recent,2,4,4,4584
99741,recent,2,5,5,4584
99741,recent,2,6,6,4584
99741,recent,2,7,7,4584
99741,recent,2,8,8,4584
99741,recent,2,9,9,4584
99741,recent,3,0,0,1212
99741,recent,3,1,1,1212
99741,recent,3,2,2,1212
99741,recent,3,3,3,1212
99741,recent,3,4,4,1212
99741,recent,3,5,5,1212
99741,recent,3,6,6,1212
99741,recent,3,7,7,1212
99741,recent,3,8,8,1212
99741,recent,3,9,9,1212
99741,currency,0,0,0,5472
99741,currency,0,1,1,8260
99741,currency,0,2,2,8733
99741,currency,0,3,3,9448
99741,currency,0,4,4,10048
99741,currency,0,5,5,10523
99741,currency,0,6,6,10838
99741,currency,0,7,7,12177
99741,currency,0,8,8,12715
99741,serve,0,0,0,2829
99741,serve,0,1,1,3277
99741,serve,0,2,2,3907
99741,serve,0,3,3,5798
99741,serve,0,4,4,6111
99741,serve,0,5,5,6889
99741,serve,0,6,6,7148
99741,serve,0,7,7,7474
99741,serve,0,8,8,8396
99741,serve,0,9,9,9416
99907,sort,0,0,0,1206
99907,sort,0,1,1,1206
99907,sort,0,2,2,1206
99907,sort,0,3,3,1206
99907,sort,0,4,4,1206
99907,sort,0,5,5,1206
99907,sort,0,6,6,1206
99907,sort,0,7,7,1206
99907,sort,0,8,8,1206
99907,sort,0,9,9,1206
99907,sort,1,0,0,3743
99907,sort,1,1,1,3743
99907,sort,1,2,2,3743
99907,sort,1,3,3,3743
99907,sort,1,4,4,3743
99907,sort,1,5,5,3743
99907,sort,1,6,6,3743
99907,sort,1,7,7,3743
99907,sort,1,8,8,3743
99907,sort,1,9,9,3743
99907,find,0,0,0,7104
99907,find,0,1,1,8419
99907,find,0,2,2,9507
99907,find,0,3,3,12098
99907,find,0,4,4,16798
99907,find,0,5,5,17664
99907,clone,0,0,0,1207
99907,clone,0,1,1,1208
99907,clone,0,2,2,1208
99907,clone,0,3,3,1208
99907,clone,0,4,4,1208
99907,clone,0,5,5,1208
99907,clone,0,6,6,1208
99907,clone,0,7,7,1208
99907,clone,0,8,8,1208
99907,clone,0,9,9,1208
99907,currency,0,0,0,5560
99907,currency,0,1,1,6069
99907,currency,0,2,2,6447
99907,currency,0,3,3,7107
99907,currency,0,4,4,7707
99907,currency,0,5,5,8180
99907,currency,0,6,6,8561
99907,currency,0,7,7,10075
99907,currency,0,8,8,10550
99907,recent,0,0,0,6026
99907,recent,0,1,1,6731
99907,recent,0,2,2,8511
99907,recent,0,3,3,9090
99907,recent,0,4,4,9695
99907,recent,0,5,5,9876
99907,recent,0,6,6,10494
99907,recent,0,7,7,11036
99907,recent,0,8,8,11478
99907,recent,0,9,9,12290
99907,recent,1,0,0,2810
99907,recent,1,1,1,3743
99907,recent,1,2,2,4102
99907,recent,1,3,3,4482
99907,recent,1,4,4,4934
99907,recent,1,5,5,5385
99907,recent,1,6,6,5603
99907,recent,1,7,7,7113
99907,recent,1,8,8,7530
99907,recent,1,9,9,8101
99907,serve,0,0,0,2950
99907,serve,0,1,1,2950
99907,serve,0,2,2,2950
99907,serve,0,3,3,2950
99907,serve,0,4,4,2950
99907,serve,0,5,5,2950
99907,serve,0,6,6,2950
99907,serve,0,7,7,2950
99907,serve,0,8,8,2950
99907,serve,0,9,9,2950
99907,serve,1,0,0,2441
99907,serve,1,1,1,2441
99907,serve,1,2,2,2441
99907,serve,1,3,3,2441
99907,serve,1,4,4,2441
99907,serve,1,5,5,2441
99907,serve,1,6,6,2441
99907,serve,1,7,7,2441
99907,serve,1,8,8,2441
99907,serve,1,9,9,2441
99907,serve,2,0,0,2589
99907,serve,2,1,1,2589
99907,serve,2,2,2,2589
99907,serve,2,3,3,2589
99907,serve,2,4,4,2589
99907,serve,2,5,5,2589
99907,serve,2,6,6,2589
99907,serve,2,7,7,2589
99907,serve,2,8,8,2589
99907,serve,2,9,9,2589
99907,serve,3,0,0,2605
99907,serve,3,1,1,2605
99907,serve,3,2,2,2605
99907,serve,3,3,3,2605
99907,serve,3,4,4,2605
99907,serve,3,5,5,2605
99907,serve,3,6,6,2605
99907,serve,3,7,7,2605
99907,serve,3,8,8,2605
99907,serve,3,9,9,2605
99907,serve,4,0,0,4536
99907,serve,4,1,1,4536
99907,serve,4,2,2,4536
99907,serve,4,3,3,4536
99907,serve,4,4,4,4536
99907,serve,4,5,5,4536
99907,serve,4,6,6,4536
99907,serve,4,7,7,4536
99907,serve,4,8,8,4536
99907,serve,4,9,9,4536
99907,serve,5,0,0,3258
99907,serve,5,1,1,3258
99907,serve,5,2,2,3258
99907,serve,5,3,3,3258
99907,serve,5,4,4,3258
99907,serve,5,5,5,3258
99907,serve,5,6,6,3258
99907,serve,5,7,7,3258
99907,serve,5,8,8,3258
99907,serve,5,9,9,3258
99907,serve,6,0,0,3725
99907,serve,6,1,1,3725
99907,serve,6,2,2,3725
99907,serve,6,3,3,3725
99907,serve,6,4,4,3725
99907,serve,6,5,5,3725
99907,serve,6,6,6,3725
99907,serve,6,7,7,3725
99907,serve,6,8,8,3725
99907,serve,6,9,9,3725
99907,serve,7,0,0,4096
99907,serve,7,1,1,4096
99907,serve,7,2,2,4096
99907,serve,7,3,3,4096
99907,serve,7,4,4,4096
99907,serve,7,5,5,4096
99907,serve,7,6,6,4096
99907,serve,7,7,7,4096
99907,serve,7,8,8,4096
99907,serve,7,9,9,4096
12830,sort,0,0,0,5444
12830,sort,0,1,1,5911
12830,sort,0,2,2,6889
12830,sort,0,3,3,7628
12830,sort,0,4,4,8263
12830,sort,0,5,5,13877
12830,sort,0,6,6,14627
12830,sort,0,7,7,14990
12830,sort,0,8,8,16151
12830,sort,0,9,9,17253
12830,sort,1,0,0,6775
12830,sort,1,1,1,7234
12830,sort,1,2,2,8402
12830,sort,1,3,3,8846
12830,sort,1,4,4,13543
12830,sort,1,5,5,14141
12830,sort,1,6,6,14520
12830,sort,1,7,7,15452
12830,sort,1,8,8,16178
12830,sort,1,9,9,16360
14987,recent,0,2,0,3721
14987,recent,0,1,1,5222
14987,recent,0,3,2,6306
14987,recent,0,0,3,7276
14987,recent,0,5,4,7506
14987,recent,0,7,5,9761
14987,recent,0,4,6,9836
14987,recent,0,9,7,11310
14987,recent,0,8,8,14172
14987,recent,0,6,9,14393
17380,recent,0,0,0,2485
17380,recent,0,1,1,3803
17380,recent,0,2,2,3920
17380,recent,0,3,3,3960
17380,recent,0,6,4,4542
17380,recent,0,4,5,4582
17380,recent,0,5,6,4998
17380,recent,0,8,7,5062
17380,recent,0,7,8,5093
17380,recent,0,9,9,5311
17380,recent,1,1,0,4951
17380,recent,1,0,1,5289
17380,recent,1,2,2,5610
17380,recent,1,4,3,5846
17380,recent,1,3,4,7006
17380,recent,1,7,5,8962
17380,recent,1,8,6,9680
17380,recent,1,5,7,9910
17380,recent,1,6,8,10698
17380,recent,1,9,9,12028
29016,clone,0,0,0,3995
29016,clone,0,1,1,5348
29016,clone,0,2,2,6087
29016,clone,0,3,3,7193
29016,clone,0,4,4,7623
29016,clone,0,5,5,10207
29016,clone,0,6,6,10646
29016,clone,0,7,7,11065
29016,clone,0,8,8,14983
29016,clone,0,9,9,15371
29016,clone,1,0,0,12279
29016,clone,1,1,1,13056
29016,clone,1,2,2,15662
29016,clone,1,3,3,16341
29016,clone,1,4,4,17074
29016,clone,1,5,5,18188
29016,clone,1,6,6,19548
29016,clone,1,7,7,19732
29016,clone,1,8,8,20488
29016,clone,1,9,9,24578
32156,serve,0,0,0,3279
32156,serve,0,1,1,4446
32156,serve,0,2,2,5098
32156,serve,0,3,3,6898
32156,serve,0,4,4,7351
32156,serve,0,5,5,8013
32156,serve,0,6,6,8716
32156,serve,0,7,7,9896
32156,serve,0,8,8,10739
32156,serve,0,9,9,11452
32156,serve,1,0,0,5367
32156,serve,1,1,1,5844
32156,serve,1,2,2,6121
32156,serve,1,3,3,6717
32156,serve,1,4,4,7117
32156,serve,1,5,5,7376
32156,serve,1,6,6,7792
32156,serve,1,7,7,8082
32156,serve,1,8,8,8271
32156,serve,1,9,9,8473
32156,serve,2,0,0,3924
32156,serve,2,1,1,4216
32156,serve,2,2,2,4709
32156,serve,2,3,3,5026
32156,serve,2,4,4,6720
32156,serve,2,5,5,7161
32156,serve,2,6,6,7611
32156,serve,2,7,7,9484
32156,serve,2,8,8,10126
32156,serve,2,9,9,10735
32156,serve,3,0,0,5545
32156,serve,3,1,1,6314
32156,serve,3,2,2,8098
32156,serve,3,3,3,8371
32156,serve,3,4,4,8832
32156,serve,3,5,5,13517
32156,serve,3,6,6,14468
32156,serve,3,7,7,16143
32156,serve,3,8,8,16531
32156,serve,3,9,9,16995
32156,serve,4,0,0,2369
32156,serve,4,1,1,2828
32156,serve,4,2,2,6154
32156,serve,4,3,3,6580
32156,serve,4,4,4,6907
32156,serve,4,5,5,7054
32156,serve,4,6,6,7635
32156,serve,4,7,7,8647
32156,serve,4,8,8,8926
32156,serve,4,9,9,9289
32156,serve,5,0,0,2418
32156,serve,5,1,1,3015
32156,serve,5,2,2,3282
32156,serve,5,3,3,3760
32156,serve,5,4,4,4489
32156,serve,5,5,5,4948
32156,serve,5,6,6,5400
32156,serve,5,7,7,5999
32156,serve,5,8,8,6467
32156,serve,5,9,9,6662
61514,recent,0,0,0,3210
61514,recent,0,1,1,3843
61514,recent,0,2,2,4214
61514,recent,0,3,3,4840
61514,recent,0,4,4,5271
61514,recent,0,5,5,6346
61514,recent,0,6,6,7376
61514,recent,0,7,7,9045
61514,recent,0,8,8,9431
61514,recent,0,9,9,10650
61514,recent,1,0,0,3031
61514,recent,1,1,1,3764
61514,recent,1,2,2,4376
61514,recent,1,3,3,5182
61514,recent,1,4,4,5675
61514,recent,1,5,5,6091
61514,recent,1,6,6,6693
61514,recent,1,7,7,8277
61514,recent,1,8,8,9237
61514,recent,1,9,9,9513
61514,recent,2,0,0,3751
61514,recent,2,1,1,4034
61514,recent,2,2,2,4749
61514,recent,2,3,3,5275
61514,recent,2,4,4,5980
61514,recent,2,5,5,6467
61514,recent,2,6,6,6981
61514,recent,2,7,7,7181
61514,recent,2,8,8,7755
61514,recent,2,9,9,8556
61514,recent,3,0,0,5816
61514,recent,3,1,1,6428
61514,recent,3,2,2,7023
61514,recent,3,3,3,7132
61514,recent,3,4,4,8085
61514,recent,3,5,5,9086
61514,recent,3,6,6,9457
61514,recent,3,7,7,9911
61514,recent,3,8,8,10341
61514,recent,3,9,9,11353
93100,serve,0,4,0,2817
93100,serve,0,2,1,3480
93100,serve,0,0,2,3496
93100,serve,0,5,3,4035
93100,serve,0,1,4,4534
93100,serve,0,6,5,4912
93100,serve,0,9,6,5407
93100,serve,0,8,7,5577
93100,serve,0,7,8,5594
93100,serve,0,3,9,5610
93100,serve,1,2,0,3509
93100,serve,1,1,1,3574
93100,serve,1,3,2,3687
93100,serve,1,4,3,4189
93100,serve,1,7,4,4505
93100,serve,1,6,5,4514
93100,serve,1,5,6,4587
93100,serve,1,9,7,4780
93100,serve,1,0,8,4964
93100,serve,1,8,9,5035
93100,serve,2,2,0,3296
93100,serve,2,3,1,3834
93100,serve,2,0,2,3851
93100,serve,2,1,3,3870
93100,serve,2,5,4,4092
93100,serve,2,4,5,4311
93100,serve,2,6,6,4358
93100,serve,2,8,7,4969
93100,serve,2,9,8,4982
93100,serve,2,7,9,5998
93100,serve,3,2,0,1055
93100,serve,3,0,1,1249
93100,serve,3,4,2,2116
93100,serve,3,1,3,2170
93100,serve,3,5,4,2836
93100,serve,3,6,5,3105
93100,serve,3,3,6,3497
93100,serve,3,8,7,4254
93100,serve,3,7,8,4517
93100,serve,3,9,9,4539
93100,serve,4,0,0,2227
93100,serve,4,2,1,2916
93100,serve,4,3,2,3042
93100,serve,4,4,3,3702
93100,serve,4,1,4,4004
93100,serve,4,5,5,4129
93100,serve,4,7,6,4615
93100,serve,4,8,7,4635
93100,serve,4,6,8,5004
93100,serve,4,9,9,5253
93100,serve,5,1,0,4067
93100,serve,5,2,1,4415
93100,serve,5,0,2,5165
93100,serve,5,3,3,5748
93100,serve,5,5,4,5934
93100,serve,5,7,5,7189
93100,serve,5,4,6,7217
93100,serve,5,6,7,8240
93100,serve,5,8,8,8381
93100,serve,5,9,9,9798
93100,serve,6,1,0,3400
93100,serve,6,0,1,3459
93100,serve,6,3,2,4021
93100,serve,6,4,3,4047
93100,serve,6,6,4,4743
93100,serve,6,5,5,4770
93100,serve,6,2,6,5251
93100,serve,6,8,7,5430
93100,serve,6,9,8,5459
93100,serve,6,7,9,5484
93100,serve,7,2,0,2974
93100,serve,7,1,1,3220
93100,serve,7,3,2,3245
93100,serve,7,5,3,3463
93100,serve,7,4,4,4004
93100,serve,7,0,5,4288
93100,serve,7,7,6,4388
93100,serve,7,8,7,4494
93100,serve,7,9,8,4790
93100,serve,7,6,9,4824
93100,serve,8,1,0,1127
93100,serve,8,2,1,1343
93100,serve,8,0,2,1677
93100,serve,8,5,3,2529
93100,serve,8,3,4,2766
93100,serve,8,7,5,3876
93100,serve,8,4,6,4089
93100,serve,8,6,7,4720
93100,serve,8,8,8,5560
93100,serve,8,9,9,6603
69302,sort,0,0,0,5578
69302,sort,0,1,1,5896
69302,sort,0,2,2,6840
69302,sort,0,3,3,7617
69302,sort,0,4,4,8265
69302,sort,0,5,5,14124
69302,sort,0,6,6,14870
69302,sort,0,7,7,15449
69302,sort,0,8,8,16419
69302,sort,0,9,9,17270
69302,sort,1,0,0,7200
69302,sort,1,1,1,12234
69302,sort,1,2,2,13100
69302,sort,1,3,3,19107
69302,sort,1,4,4,19291
69302,sort,1,5,5,20112
69302,sort,1,6,6,21179
69302,sort,1,7,7,21628