{"trialId":"65727_4","taskId":"clone","appEvents":[{"timestamp":"2022-11-15T22:50:58.559Z","name":"resize","data":{"height":702,"width":299}},{"timestamp":"2022-11-15T22:50:59.222Z","name":"search","data":"search-start"},{"timestamp":"2022-11-15T22:51:00.449Z","name":"search","data":"search-done"},{"timestamp":"2022-11-15T22:51:17.604Z","name":"search","data":"search-start"},{"timestamp":"2022-11-15T22:51:20.570Z","name":"search","data":"search-done"}],"searches":[{"keywords":["clone","array"],"context":{"tokens":[{"kind":"language","value":"javascript"}]},"timestamp":"2022-11-15T22:50:59.220Z","results":[{"signatures":[],"areSignaturesLoading":true,"title":"Fastest way to duplicate an array in JavaScript - slice vs. 'for ...","url":"https://stackoverflow.com/questions/3978492/fastest-way-to-duplicate-an-array-in-javascript-slice-vs-for-loop","displayLink":"https://stackoverflow.com › questions › fastest-way-to-d...","snippet":"There are at least 6 (!) ways to clone an array: loop; slice; Array.from(); concat; spread operator (FASTEST); map A.map(function(e){return ...","snippetHighlightWords":["clone","array","Array"],"extensions":["Oct 20, 2010","25 answers"]},{"signatures":[],"areSignaturesLoading":true,"title":"How to clone a Javascript Array of Objects? - Stack Overflow","url":"https://stackoverflow.com/questions/42523881/how-to-clone-a-javascript-array-of-objects","displayLink":"https://stackoverflow.com › questions › how-to-clone-a...","date":"Mar 1, 2017","snippet":"How to clone a Javascript Array of Objects? · use slice(0) . Example: clonedArray = originalArray.slice(0) it will create a new array. – Gerardo.","snippetHighlightWords":["clone","Javascript Array","clonedArray","originalArray","array"]},{"signatures":[],"areSignaturesLoading":true,"title":"How to clone an array and push new value in a chain?","url":"https://stackoverflow.com/questions/57222470/how-to-clone-an-array-and-push-new-value-in-a-chain","displayLink":"https://stackoverflow.com › questions › how-to-clone-a...","snippet":"If you absolutely want to enforce the chaining, you can create your own function on the array prototype. (You should understand its ...","snippetHighlightWords":["array"],"extensions":["Jul 26, 2019","3 answers"]},{"signatures":[],"areSignaturesLoading":true,"title":"Make clone of array (not copy of reference) and modify the ...","url":"https://stackoverflow.com/questions/62861485/make-clone-of-array-not-copy-of-reference-and-modify-the-new-array","displayLink":"https://stackoverflow.com › questions › make-clone-of-...","date":"Jul 12, 2020","snippet":"in javascript, clonedArray=originalArray just creates a reference == the same array. you can overcome this/\"clone\" a simple array by:","snippetHighlightWords":["javascript","clonedArray","originalArray","array","clone","array"]},{"signatures":[],"areSignaturesLoading":true,"title":"Splice method used on a copy of an array of objects","url":"https://stackoverflow.com/questions/67176299/splice-method-used-on-a-copy-of-an-array-of-objects","displayLink":"https://stackoverflow.com › questions › splice-method-...","date":"Apr 20, 2021","snippet":"Only the cloned array is modified. The spread operator shouldn't make a shallow copy of the initial array, and force me to deep clone all ...","snippetHighlightWords":["cloned array","array","clone"]},{"signatures":[],"areSignaturesLoading":true,"title":"Cloning an array in Javascript/Typescript - Stack Overflow","url":"https://stackoverflow.com/questions/44808882/cloning-an-array-in-javascript-typescript","displayLink":"https://stackoverflow.com › questions › cloning-an-arra...","date":"15 answers","snippet":"Clone an object: const myClonedObject = Object.assign({}, myObject);. Clone an Array: Option 1 if you have an array of primitive types:.","snippetHighlightWords":["Clone","Clone","Array","array"]},{"signatures":[],"areSignaturesLoading":true,"title":"JavaScript deep copy an array containing nested objects ...","url":"https://stackoverflow.com/questions/53273218/javascript-deep-copy-an-array-containing-nested-objects-arrays-functions","displayLink":"https://stackoverflow.com › questions › javascript-deep-...","snippet":"Edit- You can use the solution below or just import Lodash and use this https://lodash.com/docs/#cloneDeep. I'm answering my own question ...","snippetHighlightWords":["cloneDeep"],"extensions":["Nov 13, 2018","3 answers"]},{"signatures":[],"areSignaturesLoading":true,"title":"Why my code to clone an array doesn't work JavaScript","url":"https://stackoverflow.com/questions/68764568/why-my-code-to-clone-an-array-doesnt-work-javascript","displayLink":"https://stackoverflow.com › questions › why-my-code-t...","snippet":"When you start, each row of the array is empty. So initialise it to an empty row of array: for (let x = 0; x < arr.length; ...","snippetHighlightWords":["array","array"],"extensions":["Aug 12, 2021","3 answers"]},{"signatures":[],"areSignaturesLoading":true,"title":"How do you clone an array of objects in JavaScript?","url":"https://stackoverflow.com/questions/597588/how-do-you-clone-an-array-of-objects-in-javascript","displayLink":"https://stackoverflow.com › questions › how-do-you-cl...","snippet":"Creating a deep copy with structuredClone. The modern way to deep copy an array in JavaScript is to use structuredClone:","snippetHighlightWords":["structuredClone","array","JavaScript","structuredClone"],"extensions":["Feb 28, 2009","38 answers"]},{"signatures":[],"areSignaturesLoading":true,"title":"javascript - how to clone Array without reference [duplicate]","url":"https://stackoverflow.com/questions/48219487/javascript-how-to-clone-array-without-reference","displayLink":"https://stackoverflow.com › questions › javascript-how-...","snippet":"By using this method we can create a copy of an array. Please check the below example. Credits to this SO Answer. let original = [ [1, 2], ...","snippetHighlightWords":["array"],"extensions":["Jan 12, 2018","1 answer"]}],"events":[{"timestamp":"2022-11-15T22:50:59.327Z","url":"https://stackoverflow.com/questions/3978492/fastest-way-to-duplicate-an-array-in-javascript-slice-vs-for-loop","component":"projection","action":"load","data":{"height":82.80000305175781,"width":263.3000183105469,"wc":21,"lc":1}},{"timestamp":"2022-11-15T22:50:59.328Z","url":"https://stackoverflow.com/questions/42523881/how-to-clone-a-javascript-array-of-objects","component":"projection","action":"load","data":{"height":104.80000305175781,"width":266.70001220703125,"wc":24,"lc":1}},{"timestamp":"2022-11-15T22:50:59.328Z","url":"https://stackoverflow.com/questions/57222470/how-to-clone-an-array-and-push-new-value-in-a-chain","component":"projection","action":"load","data":{"height":82.80000305175781,"width":238.90000915527344,"wc":23,"lc":1}},{"timestamp":"2022-11-15T22:50:59.328Z","url":"https://stackoverflow.com/questions/62861485/make-clone-of-array-not-copy-of-reference-and-modify-the-new-array","component":"projection","action":"load","data":{"height":82.80000305175781,"width":271,"wc":19,"lc":1}},{"timestamp":"2022-11-15T22:50:59.328Z","url":"https://stackoverflow.com/questions/67176299/splice-method-used-on-a-copy-of-an-array-of-objects","component":"projection","action":"load","data":{"height":104.80000305175781,"width":262.8000183105469,"wc":26,"lc":1}},{"timestamp":"2022-11-15T22:50:59.329Z","url":"https://stackoverflow.com/questions/44808882/cloning-an-array-in-javascript-typescript","component":"projection","action":"load","data":{"height":82.80000305175781,"width":257.5,"wc":21,"lc":1}},{"timestamp":"2022-11-15T22:50:59.329Z","url":"https://stackoverflow.com/questions/53273218/javascript-deep-copy-an-array-containing-nested-objects-arrays-functions","component":"projection","action":"load","data":{"height":82.80000305175781,"width":266.3000183105469,"wc":21,"lc":1}},{"timestamp":"2022-11-15T22:50:59.329Z","url":"https://stackoverflow.com/questions/68764568/why-my-code-to-clone-an-array-doesnt-work-javascript","component":"projection","action":"load","data":{"height":60.79999923706055,"width":261.6000061035156,"wc":28,"lc":1}},{"timestamp":"2022-11-15T22:50:59.329Z","url":"https://stackoverflow.com/questions/597588/how-do-you-clone-an-array-of-objects-in-javascript","component":"projection","action":"load","data":{"height":82.80000305175781,"width":253.40000915527344,"wc":20,"lc":1}},{"timestamp":"2022-11-15T22:50:59.329Z","url":"https://stackoverflow.com/questions/48219487/javascript-how-to-clone-array-without-reference","component":"projection","action":"load","data":{"height":82.80000305175781,"width":269.6000061035156,"wc":29,"lc":1}},{"timestamp":"2022-11-15T22:51:00.448Z","url":"https://stackoverflow.com/questions/3978492/fastest-way-to-duplicate-an-array-in-javascript-slice-vs-for-loop","component":"projection","action":"loaded","data":"projection 10 of 10"},{"timestamp":"2022-11-15T22:51:00.449Z","url":"https://stackoverflow.com/questions/42523881/how-to-clone-a-javascript-array-of-objects","component":"projection","action":"loaded","data":"projection 9 of 10"},{"timestamp":"2022-11-15T22:51:00.449Z","url":"https://stackoverflow.com/questions/57222470/how-to-clone-an-array-and-push-new-value-in-a-chain","component":"projection","action":"loaded","data":"projection 8 of 10"},{"timestamp":"2022-11-15T22:51:00.449Z","url":"https://stackoverflow.com/questions/62861485/make-clone-of-array-not-copy-of-reference-and-modify-the-new-array","component":"projection","action":"loaded","data":"projection 7 of 10"},{"timestamp":"2022-11-15T22:51:00.449Z","url":"https://stackoverflow.com/questions/67176299/splice-method-used-on-a-copy-of-an-array-of-objects","component":"projection","action":"loaded","data":"projection 6 of 10"},{"timestamp":"2022-11-15T22:51:00.449Z","url":"https://stackoverflow.com/questions/44808882/cloning-an-array-in-javascript-typescript","component":"projection","action":"loaded","data":"projection 5 of 10"},{"timestamp":"2022-11-15T22:51:00.449Z","url":"https://stackoverflow.com/questions/53273218/javascript-deep-copy-an-array-containing-nested-objects-arrays-functions","component":"projection","action":"loaded","data":"projection 4 of 10"},{"timestamp":"2022-11-15T22:51:00.449Z","url":"https://stackoverflow.com/questions/68764568/why-my-code-to-clone-an-array-doesnt-work-javascript","component":"projection","action":"loaded","data":"projection 3 of 10"},{"timestamp":"2022-11-15T22:51:00.449Z","url":"https://stackoverflow.com/questions/597588/how-do-you-clone-an-array-of-objects-in-javascript","component":"projection","action":"loaded","data":"projection 2 of 10"},{"timestamp":"2022-11-15T22:51:00.449Z","url":"https://stackoverflow.com/questions/48219487/javascript-how-to-clone-array-without-reference","component":"projection","action":"loaded","data":"projection 1 of 10"},{"timestamp":"2022-11-15T22:51:03.635Z","url":"https://stackoverflow.com/questions/3978492/fastest-way-to-duplicate-an-array-in-javascript-slice-vs-for-loop","component":"projection","action":"mouseenter"},{"timestamp":"2022-11-15T22:51:07.492Z","url":"https://stackoverflow.com/questions/3978492/fastest-way-to-duplicate-an-array-in-javascript-slice-vs-for-loop","component":"projection","action":"mouseleave"},{"timestamp":"2022-11-15T22:51:07.494Z","url":"https://stackoverflow.com/questions/42523881/how-to-clone-a-javascript-array-of-objects","component":"projection","action":"mouseenter"},{"timestamp":"2022-11-15T22:51:07.845Z","url":"https://stackoverflow.com/questions/42523881/how-to-clone-a-javascript-array-of-objects","component":"projection","action":"mouseleave"},{"timestamp":"2022-11-15T22:51:07.846Z","url":"https://stackoverflow.com/questions/3978492/fastest-way-to-duplicate-an-array-in-javascript-slice-vs-for-loop","component":"projection","action":"mouseenter"},{"timestamp":"2022-11-15T22:51:08.029Z","url":"https://stackoverflow.com/questions/3978492/fastest-way-to-duplicate-an-array-in-javascript-slice-vs-for-loop","component":"projection","action":"mouseleave"},{"timestamp":"2022-11-15T22:51:09.191Z","url":"https://stackoverflow.com/questions/3978492/fastest-way-to-duplicate-an-array-in-javascript-slice-vs-for-loop","component":"projection","action":"mouseenter"},{"timestamp":"2022-11-15T22:51:10.051Z","url":"https://stackoverflow.com/questions/3978492/fastest-way-to-duplicate-an-array-in-javascript-slice-vs-for-loop","component":"projection","action":"mouseleave"},{"timestamp":"2022-11-15T22:51:11.295Z","url":"https://stackoverflow.com/questions/3978492/fastest-way-to-duplicate-an-array-in-javascript-slice-vs-for-loop","component":"projection","action":"mouseenter"},{"timestamp":"2022-11-15T22:51:13.183Z","url":"https://stackoverflow.com/questions/3978492/fastest-way-to-duplicate-an-array-in-javascript-slice-vs-for-loop","component":"projection","action":"mouseleave"},{"timestamp":"2022-11-15T22:51:13.185Z","url":"https://stackoverflow.com/questions/42523881/how-to-clone-a-javascript-array-of-objects","component":"projection","action":"mouseenter"},{"timestamp":"2022-11-15T22:51:13.669Z","url":"https://stackoverflow.com/questions/42523881/how-to-clone-a-javascript-array-of-objects","component":"projection","action":"mouseleave"},{"timestamp":"2022-11-15T22:51:13.671Z","url":"https://stackoverflow.com/questions/3978492/fastest-way-to-duplicate-an-array-in-javascript-slice-vs-for-loop","component":"projection","action":"mouseenter"},{"timestamp":"2022-11-15T22:51:13.821Z","url":"https://stackoverflow.com/questions/3978492/fastest-way-to-duplicate-an-array-in-javascript-slice-vs-for-loop","component":"projection","action":"mouseleave"}]},{"keywords":["clone","array","shallow","copy"],"context":{"tokens":[{"kind":"language","value":"javascript"}]},"timestamp":"2022-11-15T22:51:17.598Z","results":[{"signatures":[],"areSignaturesLoading":true,"title":"Fastest way to duplicate an array in JavaScript - slice vs. 'for ...","snippet":"Basically, Cloning was categorized in two ways: Shallow copy; Deep copy. Shallow copies only cover the 1st level of the array and the rest are ...","url":"https://stackoverflow.com/questions/3978492/fastest-way-to-duplicate-an-array-in-javascript-slice-vs-for-loop","displayLink":"https://stackoverflow.com › questions › fastest-way-to-d...","snippetHighlightWords":["Cloning","Shallow copy","Shallow copies","array"],"date":"Oct 20, 2010"},{"signatures":[],"areSignaturesLoading":true,"title":"c# - (Array.Clone) Shallow Copy vs Deep Copy of an Array","snippet":"A Shallow Copy of an Array is not the same as a copy of an array: Copying an array, copies the reference to the array to a new variable.","url":"https://stackoverflow.com/questions/72343479/array-clone-shallow-copy-vs-deep-copy-of-an-array","displayLink":"https://stackoverflow.com › questions › array-clone-sha...","snippetHighlightWords":["Shallow Copy","Array","array","Copying","array","array"],"date":"May 23, 2022 2 answers"},{"signatures":[],"areSignaturesLoading":true,"title":"How can I create a shallow copy of an array with a map like ...","snippet":"You cannot make a \"shallow copy\" of primitive values - when you make arr.map(tile => tile[3]) you are making a new array with new values, ...","url":"https://stackoverflow.com/questions/56666496/how-can-i-create-a-shallow-copy-of-an-array-with-a-map-like-function","displayLink":"https://stackoverflow.com › questions › how-can-i-creat...","snippetHighlightWords":["shallow copy","array"],"date":"Jun 19, 2019 3 answers"},{"signatures":[],"areSignaturesLoading":true,"title":"What is the fastest way to copy an array? - javascript","snippet":"The first is a shallow copy without memory preallocation and the second isn't a copy of the array. – jabaa. May 27 at 18:23. Add a comment ...","url":"https://stackoverflow.com/questions/72409416/what-is-the-fastest-way-to-copy-an-array","displayLink":"https://stackoverflow.com › questions › what-is-the-fast...","snippetHighlightWords":["shallow copy","array"],"date":"May 27, 2022"},{"signatures":[],"areSignaturesLoading":true,"title":"shallow copying an array of an array - Stack Overflow","snippet":"I have an array with child arrays. I'd want to shift the first element in the first child array ( arr[0].shift ). But my code below shifts all ...","url":"https://stackoverflow.com/questions/73665813/shallow-copying-an-array-of-an-array","displayLink":"https://stackoverflow.com › questions › shallow-copyin...","snippetHighlightWords":["array","arrays","array"],"date":"Sep 9, 2022"},{"signatures":[],"areSignaturesLoading":true,"title":"Does javascript Array.slice(0) return a shallow copy? [duplicate]","snippet":"The slice() method returns a shallow copy of a portion of an array into a new array object selected from begin to end (end not included).","url":"https://stackoverflow.com/questions/49890067/does-javascript-array-slice0-return-a-shallow-copy","displayLink":"https://stackoverflow.com › questions › does-javascript-...","snippetHighlightWords":["shallow copy","array","array"],"date":"Apr 18, 2018"},{"signatures":[],"areSignaturesLoading":true,"title":"Cloning an array in Javascript/Typescript - Stack Overflow","snippet":"Looks like you made a shallow copy of the array. · They are pointing to the same reference. · slice() will create new object from another array I ...","url":"https://stackoverflow.com/questions/44808882/cloning-an-array-in-javascript-typescript","displayLink":"https://stackoverflow.com › questions › cloning-an-arra...","snippetHighlightWords":["shallow copy","array","array"],"date":"Jun 28, 2017"},{"signatures":[],"areSignaturesLoading":true,"title":"Does Array.filter make a clone (copy) of the array?","snippet":"The references are copied, but not the objects they refer to. This is a so-called \"shallow\" copy. To make a \"deep\" copy that is entirely ...","url":"https://stackoverflow.com/questions/60817758/does-array-filter-make-a-clone-copy-of-the-array","displayLink":"https://stackoverflow.com › questions › does-array-filte...","snippetHighlightWords":["shallow","copy"],"date":"Mar 23, 2020"},{"signatures":[],"areSignaturesLoading":true,"title":"How do you clone an array of objects in JavaScript?","snippet":"Creating a deep copy with structuredClone. The modern way to deep copy an array in JavaScript is to use structuredClone:","url":"https://stackoverflow.com/questions/597588/how-do-you-clone-an-array-of-objects-in-javascript","displayLink":"https://stackoverflow.com › questions › how-do-you-cl...","snippetHighlightWords":["copy","structuredClone","copy","array","JavaScript","structuredClone"],"date":"Feb 28, 2009 38 answers"},{"signatures":[],"areSignaturesLoading":true,"title":"Modify copied array without modifying the original array js","snippet":"Here in the above code when you are copying one array to an other array the slice method and spread operator from javascript does a shallow ...","url":"https://stackoverflow.com/questions/70002721/modify-copied-array-without-modifying-the-original-array-js","displayLink":"https://stackoverflow.com › questions › modify-copied-...","snippetHighlightWords":["copying","array","array","javascript","shallow"],"date":"Nov 17, 2021 1 answer"}],"events":[{"timestamp":"2022-11-15T22:51:19.440Z","url":"https://stackoverflow.com/questions/3978492/fastest-way-to-duplicate-an-array-in-javascript-slice-vs-for-loop","component":"projection","action":"load","data":{"height":104.80000305175781,"width":265.8999938964844,"wc":26,"lc":1}},{"timestamp":"2022-11-15T22:51:19.440Z","url":"https://stackoverflow.com/questions/72343479/array-clone-shallow-copy-vs-deep-copy-of-an-array","component":"projection","action":"load","data":{"height":104.80000305175781,"width":250.90000915527344,"wc":29,"lc":1}},{"timestamp":"2022-11-15T22:51:19.440Z","url":"https://stackoverflow.com/questions/56666496/how-can-i-create-a-shallow-copy-of-an-array-with-a-map-like-function","component":"projection","action":"load","data":{"height":104.80000305175781,"width":256.8000183105469,"wc":26,"lc":1}},{"timestamp":"2022-11-15T22:51:19.441Z","url":"https://stackoverflow.com/questions/72409416/what-is-the-fastest-way-to-copy-an-array","component":"projection","action":"load","data":{"height":104.80000305175781,"width":255.6999969482422,"wc":28,"lc":1}},{"timestamp":"2022-11-15T22:51:19.441Z","url":"https://stackoverflow.com/questions/73665813/shallow-copying-an-array-of-an-array","component":"projection","action":"load","data":{"height":82.80000305175781,"width":271,"wc":29,"lc":1}},{"timestamp":"2022-11-15T22:51:19.441Z","url":"https://stackoverflow.com/questions/49890067/does-javascript-array-slice0-return-a-shallow-copy","component":"projection","action":"load","data":{"height":82.80000305175781,"width":268.8999938964844,"wc":26,"lc":1}},{"timestamp":"2022-11-15T22:51:19.441Z","url":"https://stackoverflow.com/questions/44808882/cloning-an-array-in-javascript-typescript","component":"projection","action":"load","data":{"height":104.80000305175781,"width":265.70001220703125,"wc":29,"lc":1}},{"timestamp":"2022-11-15T22:51:19.441Z","url":"https://stackoverflow.com/questions/60817758/does-array-filter-make-a-clone-copy-of-the-array","component":"projection","action":"load","data":{"height":82.80000305175781,"width":257,"wc":26,"lc":1}},{"timestamp":"2022-11-15T22:51:19.441Z","url":"https://stackoverflow.com/questions/597588/how-do-you-clone-an-array-of-objects-in-javascript","component":"projection","action":"load","data":{"height":82.80000305175781,"width":255.6999969482422,"wc":20,"lc":1}},{"timestamp":"2022-11-15T22:51:19.441Z","url":"https://stackoverflow.com/questions/70002721/modify-copied-array-without-modifying-the-original-array-js","component":"projection","action":"load","data":{"height":104.80000305175781,"width":260.8000183105469,"wc":27,"lc":1}},{"timestamp":"2022-11-15T22:51:20.440Z","url":"https://stackoverflow.com/questions/3978492/fastest-way-to-duplicate-an-array-in-javascript-slice-vs-for-loop","component":"projection","action":"mouseenter"},{"timestamp":"2022-11-15T22:51:20.570Z","url":"https://stackoverflow.com/questions/3978492/fastest-way-to-duplicate-an-array-in-javascript-slice-vs-for-loop","component":"projection","action":"loaded","data":"projection 10 of 10"},{"timestamp":"2022-11-15T22:51:20.570Z","url":"https://stackoverflow.com/questions/72343479/array-clone-shallow-copy-vs-deep-copy-of-an-array","component":"projection","action":"loaded","data":"projection 9 of 10"},{"timestamp":"2022-11-15T22:51:20.570Z","url":"https://stackoverflow.com/questions/56666496/how-can-i-create-a-shallow-copy-of-an-array-with-a-map-like-function","component":"projection","action":"loaded","data":"projection 8 of 10"},{"timestamp":"2022-11-15T22:51:20.570Z","url":"https://stackoverflow.com/questions/72409416/what-is-the-fastest-way-to-copy-an-array","component":"projection","action":"loaded","data":"projection 7 of 10"},{"timestamp":"2022-11-15T22:51:20.570Z","url":"https://stackoverflow.com/questions/73665813/shallow-copying-an-array-of-an-array","component":"projection","action":"loaded","data":"projection 6 of 10"},{"timestamp":"2022-11-15T22:51:20.570Z","url":"https://stackoverflow.com/questions/49890067/does-javascript-array-slice0-return-a-shallow-copy","component":"projection","action":"loaded","data":"projection 5 of 10"},{"timestamp":"2022-11-15T22:51:20.570Z","url":"https://stackoverflow.com/questions/44808882/cloning-an-array-in-javascript-typescript","component":"projection","action":"loaded","data":"projection 4 of 10"},{"timestamp":"2022-11-15T22:51:20.570Z","url":"https://stackoverflow.com/questions/60817758/does-array-filter-make-a-clone-copy-of-the-array","component":"projection","action":"loaded","data":"projection 3 of 10"},{"timestamp":"2022-11-15T22:51:20.570Z","url":"https://stackoverflow.com/questions/597588/how-do-you-clone-an-array-of-objects-in-javascript","component":"projection","action":"loaded","data":"projection 2 of 10"},{"timestamp":"2022-11-15T22:51:20.570Z","url":"https://stackoverflow.com/questions/70002721/modify-copied-array-without-modifying-the-original-array-js","component":"projection","action":"loaded","data":"projection 1 of 10"},{"timestamp":"2022-11-15T22:51:21.633Z","url":"https://stackoverflow.com/questions/3978492/fastest-way-to-duplicate-an-array-in-javascript-slice-vs-for-loop","component":"projection","action":"mouseleave"},{"timestamp":"2022-11-15T22:51:21.637Z","url":"https://stackoverflow.com/questions/72343479/array-clone-shallow-copy-vs-deep-copy-of-an-array","component":"projection","action":"mouseenter"},{"timestamp":"2022-11-15T22:51:22.551Z","url":"https://stackoverflow.com/questions/72343479/array-clone-shallow-copy-vs-deep-copy-of-an-array","component":"page","action":"open"},{"timestamp":"2022-11-15T22:51:22.628Z","url":"https://stackoverflow.com/questions/72343479/array-clone-shallow-copy-vs-deep-copy-of-an-array","component":"projection","action":"mouseleave"},{"timestamp":"2022-11-15T22:51:23.672Z","url":"https://stackoverflow.com/questions/72343479/array-clone-shallow-copy-vs-deep-copy-of-an-array","component":"page","action":"load"},{"timestamp":"2022-11-15T22:51:36.149Z","url":"https://stackoverflow.com/questions/72343479/array-clone-shallow-copy-vs-deep-copy-of-an-array","component":"page","action":"close"},{"timestamp":"2022-11-15T22:51:36.771Z","url":"https://stackoverflow.com/questions/3978492/fastest-way-to-duplicate-an-array-in-javascript-slice-vs-for-loop","component":"projection","action":"mouseenter"},{"timestamp":"2022-11-15T22:51:37.528Z","url":"https://stackoverflow.com/questions/3978492/fastest-way-to-duplicate-an-array-in-javascript-slice-vs-for-loop","component":"projection","action":"mouseleave"},{"timestamp":"2022-11-15T22:51:37.578Z","url":"https://stackoverflow.com/questions/3978492/fastest-way-to-duplicate-an-array-in-javascript-slice-vs-for-loop","component":"projection","action":"mouseenter"},{"timestamp":"2022-11-15T22:51:37.847Z","url":"https://stackoverflow.com/questions/3978492/fastest-way-to-duplicate-an-array-in-javascript-slice-vs-for-loop","component":"projection","action":"mouseleave"},{"timestamp":"2022-11-15T22:51:37.850Z","url":"https://stackoverflow.com/questions/72343479/array-clone-shallow-copy-vs-deep-copy-of-an-array","component":"projection","action":"mouseenter"},{"timestamp":"2022-11-15T22:51:38.656Z","url":"https://stackoverflow.com/questions/72343479/array-clone-shallow-copy-vs-deep-copy-of-an-array","component":"projection","action":"mouseleave"},{"timestamp":"2022-11-15T22:51:38.659Z","url":"https://stackoverflow.com/questions/56666496/how-can-i-create-a-shallow-copy-of-an-array-with-a-map-like-function","component":"projection","action":"mouseenter"},{"timestamp":"2022-11-15T22:51:44.397Z","url":"https://stackoverflow.com/questions/56666496/how-can-i-create-a-shallow-copy-of-an-array-with-a-map-like-function","component":"projection","action":"mouseleave"},{"timestamp":"2022-11-15T22:51:44.400Z","url":"https://stackoverflow.com/questions/72409416/what-is-the-fastest-way-to-copy-an-array","component":"projection","action":"mouseenter"},{"timestamp":"2022-11-15T22:51:45.069Z","url":"https://stackoverflow.com/questions/72409416/what-is-the-fastest-way-to-copy-an-array","component":"page","action":"open"},{"timestamp":"2022-11-15T22:51:45.154Z","url":"https://stackoverflow.com/questions/72409416/what-is-the-fastest-way-to-copy-an-array","component":"projection","action":"mouseleave"},{"timestamp":"2022-11-15T22:51:45.604Z","url":"https://stackoverflow.com/questions/72409416/what-is-the-fastest-way-to-copy-an-array","component":"page","action":"load"},{"timestamp":"2022-11-15T22:51:48.893Z","url":"https://stackoverflow.com/questions/72409416/what-is-the-fastest-way-to-copy-an-array","component":"page","action":"scroll","data":{"viewport":{"x":0,"y":214.39999389648438,"height":642,"width":295},"document":{"height":5445,"width":278},"question":{"identifier":"72409416","top":-20.137500762939453,"bottom":2037.2875480651855,"right":262.40000915527344,"left":16,"width":246.40000915527344,"height":2057.425048828125},"answers":[{"identifier":"72409602","top":2117.574951171875,"bottom":3323.9124755859375,"right":262.40000915527344,"left":16,"width":246.40000915527344,"height":1206.3375244140625}]}},{"timestamp":"2022-11-15T22:51:51.213Z","url":"https://stackoverflow.com/questions/72409416/what-is-the-fastest-way-to-copy-an-array","component":"page","action":"scroll","data":{"viewport":{"x":0,"y":693.5999755859375,"height":642,"width":295},"document":{"height":5445,"width":278},"question":{"identifier":"72409416","top":-499.3374938964844,"bottom":1558.0875549316406,"right":262.40000915527344,"left":16,"width":246.40000915527344,"height":2057.425048828125},"answers":[{"identifier":"72409602","top":1638.375,"bottom":2844.7125244140625,"right":262.40000915527344,"left":16,"width":246.40000915527344,"height":1206.3375244140625}]}},{"timestamp":"2022-11-15T22:51:53.284Z","url":"https://stackoverflow.com/questions/72409416/what-is-the-fastest-way-to-copy-an-array","component":"page","action":"scroll","data":{"viewport":{"x":0,"y":1237.5999755859375,"height":642,"width":295},"document":{"height":5445,"width":278},"question":{"identifier":"72409416","top":-1043.3375244140625,"bottom":1014.0875244140625,"right":262.40000915527344,"left":16,"width":246.40000915527344,"height":2057.425048828125},"answers":[{"identifier":"72409602","top":1094.375,"bottom":2300.7125244140625,"right":262.40000915527344,"left":16,"width":246.40000915527344,"height":1206.3375244140625}]}},{"timestamp":"2022-11-15T22:51:55.202Z","url":"https://stackoverflow.com/questions/72409416/what-is-the-fastest-way-to-copy-an-array","component":"page","action":"scroll","data":{"viewport":{"x":0,"y":1545.5999755859375,"height":642,"width":295},"document":{"height":5445,"width":278},"question":{"identifier":"72409416","top":-1351.3375244140625,"bottom":706.0875244140625,"right":262.40000915527344,"left":16,"width":246.40000915527344,"height":2057.425048828125},"answers":[{"identifier":"72409602","top":786.375,"bottom":1992.7125244140625,"right":262.40000915527344,"left":16,"width":246.40000915527344,"height":1206.3375244140625}]}},{"timestamp":"2022-11-15T22:51:56.534Z","url":"https://stackoverflow.com/questions/72409416/what-is-the-fastest-way-to-copy-an-array","component":"page","action":"scroll","data":{"viewport":{"x":0,"y":2024.800048828125,"height":642,"width":295},"document":{"height":5445,"width":278},"question":{"identifier":"72409416","top":-1830.5374755859375,"bottom":226.8875732421875,"right":262.40000915527344,"left":16,"width":246.40000915527344,"height":2057.425048828125},"answers":[{"identifier":"72409602","top":307.1750183105469,"bottom":1513.5125427246094,"right":262.40000915527344,"left":16,"width":246.40000915527344,"height":1206.3375244140625}]}},{"timestamp":"2022-11-15T22:51:58.403Z","url":"https://stackoverflow.com/questions/72409416/what-is-the-fastest-way-to-copy-an-array","component":"page","action":"scroll","data":{"viewport":{"x":0,"y":0,"height":642,"width":295},"document":{"height":5445,"width":278},"question":{"identifier":"72409416","top":194.2624969482422,"bottom":2251.687545776367,"right":262.40000915527344,"left":16,"width":246.40000915527344,"height":2057.425048828125},"answers":[{"identifier":"72409602","top":2331.97509765625,"bottom":3538.3126220703125,"right":262.40000915527344,"left":16,"width":246.40000915527344,"height":1206.3375244140625}]}},{"timestamp":"2022-11-15T22:52:00.439Z","url":"https://stackoverflow.com/questions/72409416/what-is-the-fastest-way-to-copy-an-array","component":"page","action":"scroll","data":{"viewport":{"x":0,"y":0,"height":642,"width":295},"document":{"height":5445,"width":278},"question":{"identifier":"72409416","top":194.2624969482422,"bottom":2251.687545776367,"right":262.40000915527344,"left":16,"width":246.40000915527344,"height":2057.425048828125},"answers":[{"identifier":"72409602","top":2331.97509765625,"bottom":3538.3126220703125,"right":262.40000915527344,"left":16,"width":246.40000915527344,"height":1206.3375244140625}]}},{"timestamp":"2022-11-15T22:52:01.634Z","url":"https://stackoverflow.com/questions/72409416/what-is-the-fastest-way-to-copy-an-array","component":"page","action":"close"},{"timestamp":"2022-11-15T22:52:02.196Z","url":"https://stackoverflow.com/questions/3978492/fastest-way-to-duplicate-an-array-in-javascript-slice-vs-for-loop","component":"projection","action":"mouseenter"},{"timestamp":"2022-11-15T22:52:03.011Z","url":"https://stackoverflow.com/questions/3978492/fastest-way-to-duplicate-an-array-in-javascript-slice-vs-for-loop","component":"page","action":"open"},{"timestamp":"2022-11-15T22:52:03.098Z","url":"https://stackoverflow.com/questions/3978492/fastest-way-to-duplicate-an-array-in-javascript-slice-vs-for-loop","component":"projection","action":"mouseleave"},{"timestamp":"2022-11-15T22:52:04.494Z","url":"https://stackoverflow.com/questions/3978492/fastest-way-to-duplicate-an-array-in-javascript-slice-vs-for-loop","component":"page","action":"load"},{"timestamp":"2022-11-15T22:52:11.858Z","url":"https://stackoverflow.com/questions/3978492/fastest-way-to-duplicate-an-array-in-javascript-slice-vs-for-loop","component":"page","action":"scroll","data":{"viewport":{"x":0,"y":40,"height":642,"width":295},"document":{"height":33613,"width":278},"question":{"identifier":"3978492","top":154.2624969482422,"bottom":1444.3874969482422,"right":262.40000915527344,"left":16,"width":246.40000915527344,"height":1290.125},"answers":[{"identifier":"20547803","top":1524.675048828125,"bottom":4199.587646484375,"right":262.40000915527344,"left":16,"width":246.40000915527344,"height":2674.91259765625},{"identifier":"21514254","top":4199.58740234375,"bottom":5468.512451171875,"right":262.40000915527344,"left":16,"width":246.40000915527344,"height":1268.925048828125},{"identifier":"31251089","top":5468.5126953125,"bottom":6818.8377685546875,"right":262.40000915527344,"left":16,"width":246.40000915527344,"height":1350.3250732421875},{"identifier":"23481165","top":6818.83740234375,"bottom":8310.574951171875,"right":262.40000915527344,"left":16,"width":246.40000915527344,"height":1491.737548828125},{"identifier":"52929821","top":8310.5751953125,"bottom":11183.8251953125,"right":262.40000915527344,"left":16,"width":246.40000915527344,"height":2873.25},{"identifier":"39873377","top":11183.8251953125,"bottom":12141.087707519531,"right":262.40000915527344,"left":16,"width":246.40000915527344,"height":957.2625122070312},{"identifier":"3978716","top":12141.087890625,"bottom":12941.412902832031,"right":262.40000915527344,"left":16,"width":246.40000915527344,"height":800.3250122070312},{"identifier":"37503916","top":12941.4130859375,"bottom":14043.425659179688,"right":262.40000915527344,"left":16,"width":246.40000915527344,"height":1102.0125732421875},{"identifier":"66174157","top":14043.4248046875,"bottom":15282.449829101562,"right":262.40000915527344,"left":16,"width":246.40000915527344,"height":1239.0250244140625},{"identifier":"3978577","top":15282.4501953125,"bottom":16688.987670898438,"right":262.40000915527344,"left":16,"width":246.40000915527344,"height":1406.5374755859375},{"identifier":"47843872","top":16688.98828125,"bottom":17760.11328125,"right":262.40000915527344,"left":16,"width":246.40000915527344,"height":1071.125},{"identifier":"32253674","top":17760.11328125,"bottom":18986.525756835938,"right":262.40000915527344,"left":16,"width":246.40000915527344,"height":1226.4124755859375},{"identifier":"57709573","top":18986.525390625,"bottom":20776.237915039062,"right":262.40000915527344,"left":16,"width":246.40000915527344,"height":1789.7125244140625},{"identifier":"3978606","top":20776.23828125,"bottom":22046.650756835938,"right":262.40000915527344,"left":16,"width":246.40000915527344,"height":1270.4124755859375},{"identifier":"23342513","top":22046.650390625,"bottom":23023.375427246094,"right":262.40000915527344,"left":16,"width":246.40000915527344,"height":976.7250366210938},{"identifier":"34924599","top":23023.375,"bottom":23702.400024414062,"right":262.40000915527344,"left":16,"width":246.40000915527344,"height":679.0250244140625},{"identifier":"33774224","top":23702.400390625,"bottom":25274.325439453125,"right":262.40000915527344,"left":16,"width":246.40000915527344,"height":1571.925048828125},{"identifier":"61818827","top":25274.326171875,"bottom":25875.65118408203,"right":262.40000915527344,"left":16,"width":246.40000915527344,"height":601.3250122070312},{"identifier":"68053929","top":25875.650390625,"bottom":26970.625366210938,"right":262.40000915527344,"left":16,"width":246.40000915527344,"height":1094.9749755859375},{"identifier":"45703365","top":26970.625,"bottom":27312.350006103516,"right":262.40000915527344,"left":16,"width":246.40000915527344,"height":341.7250061035156},{"identifier":"56498992","top":27312.349609375,"bottom":28495.387084960938,"right":262.40000915527344,"left":16,"width":246.40000915527344,"height":1183.0374755859375},{"identifier":"59485360","top":28495.388671875,"bottom":29145.326171875,"right":262.40000915527344,"left":16,"width":246.40000915527344,"height":649.9375},{"identifier":"60686878","top":29145.326171875,"bottom":29582.551177978516,"right":262.40000915527344,"left":16,"width":246.40000915527344,"height":437.2250061035156},{"identifier":"63587384","top":29582.55078125,"bottom":30504.463317871094,"right":262.40000915527344,"left":16,"width":246.40000915527344,"height":921.9125366210938},{"identifier":"72240810","top":30504.462890625,"bottom":31014.000396728516,"right":262.40000915527344,"left":16,"width":246.40000915527344,"height":509.5375061035156}]}},{"timestamp":"2022-11-15T22:52:12.736Z","url":"https://stackoverflow.com/questions/3978492/fastest-way-to-duplicate-an-array-in-javascript-slice-vs-for-loop","component":"page","action":"scroll","data":{"viewport":{"x":0,"y":80,"height":642,"width":295},"document":{"height":33613,"width":278},"question":{"identifier":"3978492","top":114.26250457763672,"bottom":1404.3875045776367,"right":262.40000915527344,"left":16,"width":246.40000915527344,"height":1290.125},"answers":[{"identifier":"20547803","top":1484.675048828125,"bottom":4159.587646484375,"right":262.40000915527344,"left":16,"width":246.40000915527344,"height":2674.91259765625},{"identifier":"21514254","top":4159.58740234375,"bottom":5428.512451171875,"right":262.40000915527344,"left":16,"width":246.40000915527344,"height":1268.925048828125},{"identifier":"31251089","top":5428.5126953125,"bottom":6778.8377685546875,"right":262.40000915527344,"left":16,"width":246.40000915527344,"height":1350.3250732421875},{"identifier":"23481165","top":6778.83740234375,"bottom":8270.574951171875,"right":262.40000915527344,"left":16,"width":246.40000915527344,"height":1491.737548828125},{"identifier":"52929821","top":8270.5751953125,"bottom":11143.8251953125,"right":262.40000915527344,"left":16,"width":246.40000915527344,"height":2873.25},{"identifier":"39873377","top":11143.8251953125,"bottom":12101.087707519531,"right":262.40000915527344,"left":16,"width":246.40000915527344,"height":957.2625122070312},{"identifier":"3978716","top":12101.087890625,"bottom":12901.412902832031,"right":262.40000915527344,"left":16,"width":246.40000915527344,"height":800.3250122070312},{"identifier":"37503916","top":12901.4130859375,"bottom":14003.425659179688,"right":262.40000915527344,"left":16,"width":246.40000915527344,"height":1102.0125732421875},{"identifier":"66174157","top":14003.4248046875,"bottom":15242.449829101562,"right":262.40000915527344,"left":16,"width":246.40000915527344,"height":1239.0250244140625},{"identifier":"3978577","top":15242.4501953125,"bottom":16648.987670898438,"right":262.40000915527344,"left":16,"width":246.40000915527344,"height":1406.5374755859375},{"identifier":"47843872","top":16648.98828125,"bottom":17720.11328125,"right":262.40000915527344,"left":16,"width":246.40000915527344,"height":1071.125},{"identifier":"32253674","top":17720.11328125,"bottom":18946.525756835938,"right":262.40000915527344,"left":16,"width":246.40000915527344,"height":1226.4124755859375},{"identifier":"57709573","top":18946.525390625,"bottom":20736.237915039062,"right":262.40000915527344,"left":16,"width":246.40000915527344,"height":1789.7125244140625},{"identifier":"3978606","top":20736.23828125,"bottom":22006.650756835938,"right":262.40000915527344,"left":16,"width":246.40000915527344,"height":1270.4124755859375},{"identifier":"23342513","top":22006.650390625,"bottom":22983.375427246094,"right":262.40000915527344,"left":16,"width":246.40000915527344,"height":976.7250366210938},{"identifier":"34924599","top":22983.375,"bottom":23662.400024414062,"right":262.40000915527344,"left":16,"width":246.40000915527344,"height":679.0250244140625},{"identifier":"33774224","top":23662.400390625,"bottom":25234.325439453125,"right":262.40000915527344,"left":16,"width":246.40000915527344,"height":1571.925048828125},{"identifier":"61818827","top":25234.326171875,"bottom":25835.65118408203,"right":262.40000915527344,"left":16,"width":246.40000915527344,"height":601.3250122070312},{"identifier":"68053929","top":25835.650390625,"bottom":26930.625366210938,"right":262.40000915527344,"left":16,"width":246.40000915527344,"height":1094.9749755859375},{"identifier":"45703365","top":26930.625,"bottom":27272.350006103516,"right":262.40000915527344,"left":16,"width":246.40000915527344,"height":341.7250061035156},{"identifier":"56498992","top":27272.349609375,"bottom":28455.387084960938,"right":262.40000915527344,"left":16,"width":246.40000915527344,"height":1183.0374755859375},{"identifier":"59485360","top":28455.388671875,"bottom":29105.326171875,"right":262.40000915527344,"left":16,"width":246.40000915527344,"height":649.9375},{"identifier":"60686878","top":29105.326171875,"bottom":29542.551177978516,"right":262.40000915527344,"left":16,"width":246.40000915527344,"height":437.2250061035156},{"identifier":"63587384","top":29542.55078125,"bottom":30464.463317871094,"right":262.40000915527344,"left":16,"width":246.40000915527344,"height":921.9125366210938},{"identifier":"72240810","top":30464.462890625,"bottom":30974.000396728516,"right":262.40000915527344,"left":16,"width":246.40000915527344,"height":509.5375061035156}]}},{"timestamp":"2022-11-15T22:52:13.339Z","url":"https://stackoverflow.com/questions/3978492/fastest-way-to-duplicate-an-array-in-javascript-slice-vs-for-loop","component":"page","action":"scroll","data":{"viewport":{"x":0,"y":120,"height":642,"width":295},"document":{"height":33613,"width":278},"question":{"identifier":"3978492","top":74.26250457763672,"bottom":1364.3875045776367,"right":262.40000915527344,"left":16,"width":246.40000915527344,"height":1290.125},"answers":[{"identifier":"20547803","top":1444.675048828125,"bottom":4119.587646484375,"right":262.40000915527344,"left":16,"width":246.40000915527344,"height":2674.91259765625},{"identifier":"21514254","top":4119.58740234375,"bottom":5388.512451171875,"right":262.40000915527344,"left":16,"width":246.40000915527344,"height":1268.925048828125},{"identifier":"31251089","top":5388.5126953125,"bottom":6738.8377685546875,"right":262.40000915527344,"left":16,"width":246.40000915527344,"height":1350.3250732421875},{"identifier":"23481165","top":6738.83740234375,"bottom":8230.574951171875,"right":262.40000915527344,"left":16,"width":246.40000915527344,"height":1491.737548828125},{"identifier":"52929821","top":8230.5751953125,"bottom":11103.8251953125,"right":262.40000915527344,"left":16,"width":246.40000915527344,"height":2873.25},{"identifier":"39873377","top":11103.8251953125,"bottom":12061.087707519531,"right":262.40000915527344,"left":16,"width":246.40000915527344,"height":957.2625122070312},{"identifier":"3978716","top":12061.087890625,"bottom":12861.412902832031,"right":262.40000915527344,"left":16,"width":246.40000915527344,"height":800.3250122070312},{"identifier":"37503916","top":12861.4130859375,"bottom":13963.425659179688,"right":262.40000915527344,"left":16,"width":246.40000915527344,"height":1102.0125732421875},{"identifier":"66174157","top":13963.4248046875,"bottom":15202.449829101562,"right":262.40000915527344,"left":16,"width":246.40000915527344,"height":1239.0250244140625},{"identifier":"3978577","top":15202.4501953125,"bottom":16608.987670898438,"right":262.40000915527344,"left":16,"width":246.40000915527344,"height":1406.5374755859375},{"identifier":"47843872","top":16608.98828125,"bottom":17680.11328125,"right":262.40000915527344,"left":16,"width":246.40000915527344,"height":1071.125},{"identifier":"32253674","top":17680.11328125,"bottom":18906.525756835938,"right":262.40000915527344,"left":16,"width":246.40000915527344,"height":1226.4124755859375},{"identifier":"57709573","top":18906.525390625,"bottom":20696.237915039062,"right":262.40000915527344,"left":16,"width":246.40000915527344,"height":1789.7125244140625},{"identifier":"3978606","top":20696.23828125,"bottom":21966.650756835938,"right":262.40000915527344,"left":16,"width":246.40000915527344,"height":1270.4124755859375},{"identifier":"23342513","top":21966.650390625,"bottom":22943.375427246094,"right":262.40000915527344,"left":16,"width":246.40000915527344,"height":976.7250366210938},{"identifier":"34924599","top":22943.375,"bottom":23622.400024414062,"right":262.40000915527344,"left":16,"width":246.40000915527344,"height":679.0250244140625},{"identifier":"33774224","top":23622.400390625,"bottom":25194.325439453125,"right":262.40000915527344,"left":16,"width":246.40000915527344,"height":1571.925048828125},{"identifier":"61818827","top":25194.326171875,"bottom":25795.65118408203,"right":262.40000915527344,"left":16,"width":246.40000915527344,"height":601.3250122070312},{"identifier":"68053929","top":25795.650390625,"bottom":26890.625366210938,"right":262.40000915527344,"left":16,"width":246.40000915527344,"height":1094.9749755859375},{"identifier":"45703365","top":26890.625,"bottom":27232.350006103516,"right":262.40000915527344,"left":16,"width":246.40000915527344,"height":341.7250061035156},{"identifier":"56498992","top":27232.349609375,"bottom":28415.387084960938,"right":262.40000915527344,"left":16,"width":246.40000915527344,"height":1183.0374755859375},{"identifier":"59485360","top":28415.388671875,"bottom":29065.326171875,"right":262.40000915527344,"left":16,"width":246.40000915527344,"height":649.9375},{"identifier":"60686878","top":29065.326171875,"bottom":29502.551177978516,"right":262.40000915527344,"left":16,"width":246.40000915527344,"height":437.2250061035156},{"identifier":"63587384","top":29502.55078125,"bottom":30424.463317871094,"right":262.40000915527344,"left":16,"width":246.40000915527344,"height":921.9125366210938},{"identifier":"72240810","top":30424.462890625,"bottom":30934.000396728516,"right":262.40000915527344,"left":16,"width":246.40000915527344,"height":509.5375061035156}]}},{"timestamp":"2022-11-15T22:52:18.525Z","url":"https://stackoverflow.com/questions/3978492/fastest-way-to-duplicate-an-array-in-javascript-slice-vs-for-loop","component":"page","action":"selection","data":"   dup_array[i] = original_array[i];\n"},{"timestamp":"2022-11-15T22:52:20.481Z","url":"https://stackoverflow.com/questions/3978492/fastest-way-to-duplicate-an-array-in-javascript-slice-vs-for-loop","component":"page","action":"selection","data":"for(var i = 0, len = original_array.length; i < len; ++i)\n   dup_array[i] = original_array[i];"},{"timestamp":"2022-11-15T22:52:23.202Z","url":"https://stackoverflow.com/questions/3978492/fastest-way-to-duplicate-an-array-in-javascript-slice-vs-for-loop","component":"page","action":"copy","data":"for(var i = 0, len = original_array.length; i < len; ++i)\n   dup_array[i] = original_array[i];"},{"timestamp":"2022-11-15T22:52:29.169Z","url":"https://stackoverflow.com/questions/3978492/fastest-way-to-duplicate-an-array-in-javascript-slice-vs-for-loop","component":"page","action":"selection","data":"In order to duplicate an array in JavaScript: Which of the following is faster to use?\n\nSlice method\nvar dup_array = original_array.slice();"},{"timestamp":"2022-11-15T22:52:30.679Z","url":"https://stackoverflow.com/questions/3978492/fastest-way-to-duplicate-an-array-in-javascript-slice-vs-for-loop","component":"page","action":"copy","data":"var dup_array = original_array.slice();\n"},{"timestamp":"2022-11-15T22:52:30.907Z","url":"https://stackoverflow.com/questions/3978492/fastest-way-to-duplicate-an-array-in-javascript-slice-vs-for-loop","component":"page","action":"selection","data":"var dup_array = original_array.slice();\n"}]}]}