{"trialId":"65727_4","taskId":"sort","appEvents":[{"timestamp":"2022-11-15T22:47:53.694Z","name":"resize","data":{"height":702,"width":299}},{"timestamp":"2022-11-15T22:47:54.470Z","name":"search","data":"search-start"},{"timestamp":"2022-11-15T22:47:55.695Z","name":"search","data":"search-done"}],"searches":[{"keywords":["sort","array","of","objects","descending"],"context":{"tokens":[{"kind":"language","value":"javascript"}]},"timestamp":"2022-11-15T22:47:54.468Z","results":[{"signatures":[],"areSignaturesLoading":true,"title":"Sorting an array of objects by property values - Stack Overflow","url":"https://stackoverflow.com/questions/979256/sorting-an-array-of-objects-by-property-values","displayLink":"https://stackoverflow.com › questions › sorting-an-arra...","date":"33 answers","snippet":"Sort homes by price in ascending order: homes.sort(function(a, b) { return parseFloat(a.price) - parseFloat(b.price); });. Or after ES6 version:","snippetHighlightWords":["Sort","ascending","sort"]},{"signatures":[],"areSignaturesLoading":true,"title":"Sorting an array of objects on both ascending and descending ...","url":"https://stackoverflow.com/questions/56809727/sorting-an-array-of-objects-on-both-ascending-and-descending-order-on-same-click","displayLink":"https://stackoverflow.com › questions › sorting-an-arra...","date":"Jun 28, 2019","snippet":"Sorting an array of objects on both ascending and descending order on same click · reverse the > to < and create a variable that can store the ...","snippetHighlightWords":["Sorting","array of objects","ascending","descending","reverse"]},{"signatures":[],"areSignaturesLoading":true,"title":"JavaScript: Sort an array of objects by a numeric property in ...","url":"https://stackoverflow.com/questions/54623130/javascript-sort-an-array-of-objects-by-a-numeric-property-in-each-object","displayLink":"https://stackoverflow.com › questions › javascript-sort-a...","date":"Feb 11, 2019","snippet":"sort() method does two things, it changes the original array so that it is in sorted order, and it also returns a reference to your original ...","snippetHighlightWords":["sort","array","sorted"]},{"signatures":[],"areSignaturesLoading":true,"title":"Sort by object key in descending order on Javascript/underscore","url":"https://stackoverflow.com/questions/31553155/sort-by-object-key-in-descending-order-on-javascript-underscore","displayLink":"https://stackoverflow.com › questions › sort-by-object-...","date":"Jul 22, 2015","snippet":"I want to sort this array object by key in descending order. So the expected output will be following like the latest date will come first.","snippetHighlightWords":["sort","array object","descending"]},{"signatures":[],"areSignaturesLoading":true,"title":"Javascript: Sorting Objects (not arrays) in descending","url":"https://stackoverflow.com/questions/56996782/javascript-sorting-objects-not-arrays-in-descending","displayLink":"https://stackoverflow.com › questions › javascript-sortin...","date":"Jul 11, 2019","snippet":"Get an array of arrays from Object.entries() .reverse() it; Convert it into a Map ( Map() guarantees order according to how it was entered) ...","snippetHighlightWords":["array","arrays","Object","reverse"]},{"signatures":[],"areSignaturesLoading":true,"title":"Sort array of objects by string property value - Stack Overflow","url":"https://stackoverflow.com/questions/1129216/sort-array-of-objects-by-string-property-value","displayLink":"https://stackoverflow.com › questions › sort-array-of-o...","snippet":"Use JavaScript sort method ... The sort method can be modified to sort anything like an array of numbers, strings and even objects using a compare function. A ...","snippetHighlightWords":["JavaScript sort","sort","sort","array","objects"]},{"signatures":[],"areSignaturesLoading":true,"title":"sort array of objects with letters and numbers in descending ...","url":"https://stackoverflow.com/questions/49365109/sort-array-of-objects-with-letters-and-numbers-in-descending-order","displayLink":"https://stackoverflow.com › questions › sort-array-of-o...","snippet":"You can use array#sort with string#localeCompare with numeric property set to true . const data = [{\"map_name\": \"PHX7260.","snippetHighlightWords":["array#sort"],"extensions":["Mar 19, 2018","3 answers"]},{"signatures":[],"areSignaturesLoading":true,"title":"How do I sort array of objects in descending order based on ...","url":"https://stackoverflow.com/questions/72084911/how-do-i-sort-array-of-objects-in-descending-order-based-on-alphanumeric-value-i","displayLink":"https://stackoverflow.com › questions › how-do-i-sort-a...","snippet":"You need a custom comparer function that will use the value property of your objects to make a descending alphabetic sort on your ArrOfObj.","snippetHighlightWords":["objects","descending","sort"],"extensions":["May 2, 2022","1 answer"]},{"signatures":[],"areSignaturesLoading":true,"title":"JS sort array of objets by specific string property (not ...","url":"https://stackoverflow.com/questions/65687818/js-sort-array-of-objets-by-specific-string-property-not-ascending-or-descending","displayLink":"https://stackoverflow.com › questions › js-sort-array-of-...","snippet":"You could take an object with the wanted order and take a large value as default for sorting. const data = [{ name: \"strawberries\", ...","snippetHighlightWords":["object","sorting"],"extensions":["Jan 12, 2021","5 answers"]},{"signatures":[],"areSignaturesLoading":true,"title":"How can I sort a javascript array of objects numerically and ...","url":"https://stackoverflow.com/questions/12900058/how-can-i-sort-a-javascript-array-of-objects-numerically-and-then-alphabetically","displayLink":"https://stackoverflow.com › questions › how-can-i-sort-...","snippet":"items.sort(function(a, b) { return (a.id - b.id); ...","snippetHighlightWords":["sort"]}],"events":[{"timestamp":"2022-11-15T22:47:54.611Z","url":"https://stackoverflow.com/questions/979256/sorting-an-array-of-objects-by-property-values","component":"projection","action":"load","data":{"height":104.80000305175781,"width":267.1000061035156,"wc":19,"lc":1}},{"timestamp":"2022-11-15T22:47:54.611Z","url":"https://stackoverflow.com/questions/56809727/sorting-an-array-of-objects-on-both-ascending-and-descending-order-on-same-click","component":"projection","action":"load","data":{"height":104.80000305175781,"width":262.3999938964844,"wc":29,"lc":1}},{"timestamp":"2022-11-15T22:47:54.611Z","url":"https://stackoverflow.com/questions/54623130/javascript-sort-an-array-of-objects-by-a-numeric-property-in-each-object","component":"projection","action":"load","data":{"height":82.80000305175781,"width":259.70001220703125,"wc":27,"lc":1}},{"timestamp":"2022-11-15T22:47:54.611Z","url":"https://stackoverflow.com/questions/31553155/sort-by-object-key-in-descending-order-on-javascript-underscore","component":"projection","action":"load","data":{"height":82.80000305175781,"width":259.3999938964844,"wc":26,"lc":1}},{"timestamp":"2022-11-15T22:47:54.611Z","url":"https://stackoverflow.com/questions/56996782/javascript-sorting-objects-not-arrays-in-descending","component":"projection","action":"load","data":{"height":82.80000305175781,"width":265,"wc":25,"lc":1}},{"timestamp":"2022-11-15T22:47:54.612Z","url":"https://stackoverflow.com/questions/1129216/sort-array-of-objects-by-string-property-value","component":"projection","action":"load","data":{"height":104.80000305175781,"width":271.1000061035156,"wc":29,"lc":1}},{"timestamp":"2022-11-15T22:47:54.612Z","url":"https://stackoverflow.com/questions/49365109/sort-array-of-objects-with-letters-and-numbers-in-descending-order","component":"projection","action":"load","data":{"height":82.80000305175781,"width":226.5,"wc":18,"lc":1}},{"timestamp":"2022-11-15T22:47:54.612Z","url":"https://stackoverflow.com/questions/72084911/how-do-i-sort-array-of-objects-in-descending-order-based-on-alphanumeric-value-i","component":"projection","action":"load","data":{"height":82.80000305175781,"width":272,"wc":24,"lc":1}},{"timestamp":"2022-11-15T22:47:54.612Z","url":"https://stackoverflow.com/questions/65687818/js-sort-array-of-objets-by-specific-string-property-not-ascending-or-descending","component":"projection","action":"load","data":{"height":82.80000305175781,"width":270.70001220703125,"wc":25,"lc":1}},{"timestamp":"2022-11-15T22:47:54.612Z","url":"https://stackoverflow.com/questions/12900058/how-can-i-sort-a-javascript-array-of-objects-numerically-and-then-alphabetically","component":"projection","action":"load","data":{"height":38.79999923706055,"width":249,"wc":8,"lc":1}},{"timestamp":"2022-11-15T22:47:55.695Z","url":"https://stackoverflow.com/questions/979256/sorting-an-array-of-objects-by-property-values","component":"projection","action":"loaded","data":"projection 10 of 10"},{"timestamp":"2022-11-15T22:47:55.695Z","url":"https://stackoverflow.com/questions/56809727/sorting-an-array-of-objects-on-both-ascending-and-descending-order-on-same-click","component":"projection","action":"loaded","data":"projection 9 of 10"},{"timestamp":"2022-11-15T22:47:55.695Z","url":"https://stackoverflow.com/questions/54623130/javascript-sort-an-array-of-objects-by-a-numeric-property-in-each-object","component":"projection","action":"loaded","data":"projection 8 of 10"},{"timestamp":"2022-11-15T22:47:55.695Z","url":"https://stackoverflow.com/questions/31553155/sort-by-object-key-in-descending-order-on-javascript-underscore","component":"projection","action":"loaded","data":"projection 7 of 10"},{"timestamp":"2022-11-15T22:47:55.695Z","url":"https://stackoverflow.com/questions/56996782/javascript-sorting-objects-not-arrays-in-descending","component":"projection","action":"loaded","data":"projection 6 of 10"},{"timestamp":"2022-11-15T22:47:55.695Z","url":"https://stackoverflow.com/questions/1129216/sort-array-of-objects-by-string-property-value","component":"projection","action":"loaded","data":"projection 5 of 10"},{"timestamp":"2022-11-15T22:47:55.695Z","url":"https://stackoverflow.com/questions/49365109/sort-array-of-objects-with-letters-and-numbers-in-descending-order","component":"projection","action":"loaded","data":"projection 4 of 10"},{"timestamp":"2022-11-15T22:47:55.695Z","url":"https://stackoverflow.com/questions/72084911/how-do-i-sort-array-of-objects-in-descending-order-based-on-alphanumeric-value-i","component":"projection","action":"loaded","data":"projection 3 of 10"},{"timestamp":"2022-11-15T22:47:55.695Z","url":"https://stackoverflow.com/questions/65687818/js-sort-array-of-objets-by-specific-string-property-not-ascending-or-descending","component":"projection","action":"loaded","data":"projection 2 of 10"},{"timestamp":"2022-11-15T22:47:55.695Z","url":"https://stackoverflow.com/questions/12900058/how-can-i-sort-a-javascript-array-of-objects-numerically-and-then-alphabetically","component":"projection","action":"loaded","data":"projection 1 of 10"},{"timestamp":"2022-11-15T22:47:59.278Z","url":"https://stackoverflow.com/questions/979256/sorting-an-array-of-objects-by-property-values","component":"projection","action":"mouseenter"},{"timestamp":"2022-11-15T22:47:59.657Z","url":"https://stackoverflow.com/questions/979256/sorting-an-array-of-objects-by-property-values","component":"projection","action":"mouseleave"},{"timestamp":"2022-11-15T22:48:02.216Z","url":"https://stackoverflow.com/questions/979256/sorting-an-array-of-objects-by-property-values","component":"projection","action":"mouseenter"},{"timestamp":"2022-11-15T22:48:06.763Z","url":"https://stackoverflow.com/questions/979256/sorting-an-array-of-objects-by-property-values","component":"page","action":"open"},{"timestamp":"2022-11-15T22:48:06.852Z","url":"https://stackoverflow.com/questions/979256/sorting-an-array-of-objects-by-property-values","component":"projection","action":"mouseleave"},{"timestamp":"2022-11-15T22:48:09.197Z","url":"https://stackoverflow.com/questions/979256/sorting-an-array-of-objects-by-property-values","component":"page","action":"load"},{"timestamp":"2022-11-15T22:48:13.339Z","url":"https://stackoverflow.com/questions/979256/sorting-an-array-of-objects-by-property-values","component":"page","action":"scroll","data":{"viewport":{"x":0,"y":459.20001220703125,"height":642,"width":295},"document":{"height":38443,"width":278},"question":{"identifier":"979256","top":-264.9375,"bottom":978.5999755859375,"right":262.40000915527344,"left":16,"width":246.40000915527344,"height":1243.5374755859375},"answers":[{"identifier":"979289","top":1095.8875732421875,"bottom":3144.1126708984375,"right":262.40000915527344,"left":16,"width":246.40000915527344,"height":2048.22509765625},{"identifier":"979325","top":3144.112548828125,"bottom":4970.6375732421875,"right":262.40000915527344,"left":16,"width":246.40000915527344,"height":1826.5250244140625},{"identifier":"979278","top":4970.6376953125,"bottom":5948.862731933594,"right":262.40000915527344,"left":16,"width":246.40000915527344,"height":978.2250366210938},{"identifier":"19970578","top":5948.86279296875,"bottom":6992.600341796875,"right":262.40000915527344,"left":16,"width":246.40000915527344,"height":1043.737548828125},{"identifier":"40796335","top":6992.60009765625,"bottom":8193.237670898438,"right":262.40000915527344,"left":16,"width":246.40000915527344,"height":1200.6375732421875},{"identifier":"979295","top":8193.2373046875,"bottom":8933.962341308594,"right":262.40000915527344,"left":16,"width":246.40000915527344,"height":740.7250366210938},{"identifier":"26762192","top":8933.962890625,"bottom":12073.150390625,"right":262.40000915527344,"left":16,"width":246.40000915527344,"height":3139.1875},{"identifier":"37440769","top":12073.150390625,"bottom":13152.375366210938,"right":262.40000915527344,"left":16,"width":246.40000915527344,"height":1079.2249755859375},{"identifier":"54346678","top":13152.375,"bottom":13804.412536621094,"right":262.40000915527344,"left":16,"width":246.40000915527344,"height":652.0375366210938},{"identifier":"60641752","top":13804.4130859375,"bottom":14577.050598144531,"right":262.40000915527344,"left":16,"width":246.40000915527344,"height":772.6375122070312},{"identifier":"45534960","top":14577.0498046875,"bottom":15672.387329101562,"right":262.40000915527344,"left":16,"width":246.40000915527344,"height":1095.3375244140625},{"identifier":"56594176","top":15672.3876953125,"bottom":16102.525207519531,"right":262.40000915527344,"left":16,"width":246.40000915527344,"height":430.13751220703125},{"identifier":"50652203","top":16102.525390625,"bottom":18152.662841796875,"right":262.40000915527344,"left":16,"width":246.40000915527344,"height":2050.137451171875},{"identifier":"21399152","top":18152.662109375,"bottom":19470.999633789062,"right":262.40000915527344,"left":16,"width":246.40000915527344,"height":1318.3375244140625},{"identifier":"20421221","top":19471,"bottom":21200.037475585938,"right":262.40000915527344,"left":16,"width":246.40000915527344,"height":1729.0374755859375},{"identifier":"979296","top":21200.037109375,"bottom":21735.074645996094,"right":262.40000915527344,"left":16,"width":246.40000915527344,"height":535.0375366210938},{"identifier":"25624937","top":21735.076171875,"bottom":22686.21368408203,"right":262.40000915527344,"left":16,"width":246.40000915527344,"height":951.1375122070312},{"identifier":"32773923","top":22686.212890625,"bottom":24565.750366210938,"right":262.40000915527344,"left":16,"width":246.40000915527344,"height":1879.5374755859375},{"identifier":"38585024","top":24565.75,"bottom":24914.787506103516,"right":262.40000915527344,"left":16,"width":246.40000915527344,"height":349.0375061035156},{"identifier":"48662313","top":24914.787109375,"bottom":25877.42462158203,"right":262.40000915527344,"left":16,"width":246.40000915527344,"height":962.6375122070312},{"identifier":"66636162","top":25877.42578125,"bottom":27279.213256835938,"right":262.40000915527344,"left":16,"width":246.40000915527344,"height":1401.7874755859375},{"identifier":"30066050","top":27279.212890625,"bottom":27673.750396728516,"right":262.40000915527344,"left":16,"width":246.40000915527344,"height":394.5375061035156},{"identifier":"42100506","top":27673.75,"bottom":29392.887573242188,"right":262.40000915527344,"left":16,"width":246.40000915527344,"height":1719.1375732421875},{"identifier":"55088845","top":29392.888671875,"bottom":30307.013671875,"right":262.40000915527344,"left":16,"width":246.40000915527344,"height":914.125},{"identifier":"72601832","top":30307.013671875,"bottom":30890.15118408203,"right":262.40000915527344,"left":16,"width":246.40000915527344,"height":583.1375122070312},{"identifier":"43635307","top":30890.150390625,"bottom":31470.687927246094,"right":262.40000915527344,"left":16,"width":246.40000915527344,"height":580.5375366210938},{"identifier":"49146133","top":31470.6875,"bottom":32597.425048828125,"right":262.40000915527344,"left":16,"width":246.40000915527344,"height":1126.737548828125},{"identifier":"26650562","top":32597.42578125,"bottom":33518.36328125,"right":262.40000915527344,"left":16,"width":246.40000915527344,"height":920.9375},{"identifier":"28247369","top":33518.36328125,"bottom":33902.400787353516,"right":262.40000915527344,"left":16,"width":246.40000915527344,"height":384.0375061035156},{"identifier":"36379158","top":33902.40234375,"bottom":35573.139892578125,"right":262.40000915527344,"left":16,"width":246.40000915527344,"height":1670.737548828125}]}},{"timestamp":"2022-11-15T22:48:58.399Z","url":"https://stackoverflow.com/questions/979256/sorting-an-array-of-objects-by-property-values","component":"page","action":"scroll","data":{"viewport":{"x":0,"y":1634.4000244140625,"height":642,"width":295},"document":{"height":38443,"width":278},"question":{"identifier":"979256","top":-1440.1375732421875,"bottom":-196.60009765625,"right":262.40000915527344,"left":16,"width":246.40000915527344,"height":1243.5374755859375},"answers":[{"identifier":"979289","top":-79.3125,"bottom":1968.91259765625,"right":262.40000915527344,"left":16,"width":246.40000915527344,"height":2048.22509765625},{"identifier":"979325","top":1968.9124755859375,"bottom":3795.4375,"right":262.40000915527344,"left":16,"width":246.40000915527344,"height":1826.5250244140625},{"identifier":"979278","top":3795.4375,"bottom":4773.662536621094,"right":262.40000915527344,"left":16,"width":246.40000915527344,"height":978.2250366210938},{"identifier":"19970578","top":4773.66259765625,"bottom":5817.400146484375,"right":262.40000915527344,"left":16,"width":246.40000915527344,"height":1043.737548828125},{"identifier":"40796335","top":5817.39990234375,"bottom":7018.0374755859375,"right":262.40000915527344,"left":16,"width":246.40000915527344,"height":1200.6375732421875},{"identifier":"979295","top":7018.03759765625,"bottom":7758.762634277344,"right":262.40000915527344,"left":16,"width":246.40000915527344,"height":740.7250366210938},{"identifier":"26762192","top":7758.7626953125,"bottom":10897.9501953125,"right":262.40000915527344,"left":16,"width":246.40000915527344,"height":3139.1875},{"identifier":"37440769","top":10897.9501953125,"bottom":11977.175170898438,"right":262.40000915527344,"left":16,"width":246.40000915527344,"height":1079.2249755859375},{"identifier":"54346678","top":11977.1748046875,"bottom":12629.212341308594,"right":262.40000915527344,"left":16,"width":246.40000915527344,"height":652.0375366210938},{"identifier":"60641752","top":12629.212890625,"bottom":13401.850402832031,"right":262.40000915527344,"left":16,"width":246.40000915527344,"height":772.6375122070312},{"identifier":"45534960","top":13401.8505859375,"bottom":14497.188110351562,"right":262.40000915527344,"left":16,"width":246.40000915527344,"height":1095.3375244140625},{"identifier":"56594176","top":14497.1875,"bottom":14927.325012207031,"right":262.40000915527344,"left":16,"width":246.40000915527344,"height":430.13751220703125},{"identifier":"50652203","top":14927.3251953125,"bottom":16977.462646484375,"right":262.40000915527344,"left":16,"width":246.40000915527344,"height":2050.137451171875},{"identifier":"21399152","top":16977.462890625,"bottom":18295.800415039062,"right":262.40000915527344,"left":16,"width":246.40000915527344,"height":1318.3375244140625},{"identifier":"20421221","top":18295.80078125,"bottom":20024.838256835938,"right":262.40000915527344,"left":16,"width":246.40000915527344,"height":1729.0374755859375},{"identifier":"979296","top":20024.837890625,"bottom":20559.875427246094,"right":262.40000915527344,"left":16,"width":246.40000915527344,"height":535.0375366210938},{"identifier":"25624937","top":20559.875,"bottom":21511.01251220703,"right":262.40000915527344,"left":16,"width":246.40000915527344,"height":951.1375122070312},{"identifier":"32773923","top":21511.013671875,"bottom":23390.551147460938,"right":262.40000915527344,"left":16,"width":246.40000915527344,"height":1879.5374755859375},{"identifier":"38585024","top":23390.55078125,"bottom":23739.588287353516,"right":262.40000915527344,"left":16,"width":246.40000915527344,"height":349.0375061035156},{"identifier":"48662313","top":23739.587890625,"bottom":24702.22540283203,"right":262.40000915527344,"left":16,"width":246.40000915527344,"height":962.6375122070312},{"identifier":"66636162","top":24702.224609375,"bottom":26104.012084960938,"right":262.40000915527344,"left":16,"width":246.40000915527344,"height":1401.7874755859375},{"identifier":"30066050","top":26104.013671875,"bottom":26498.551177978516,"right":262.40000915527344,"left":16,"width":246.40000915527344,"height":394.5375061035156},{"identifier":"42100506","top":26498.55078125,"bottom":28217.688354492188,"right":262.40000915527344,"left":16,"width":246.40000915527344,"height":1719.1375732421875},{"identifier":"55088845","top":28217.6875,"bottom":29131.8125,"right":262.40000915527344,"left":16,"width":246.40000915527344,"height":914.125},{"identifier":"72601832","top":29131.8125,"bottom":29714.95001220703,"right":262.40000915527344,"left":16,"width":246.40000915527344,"height":583.1375122070312},{"identifier":"43635307","top":29714.951171875,"bottom":30295.488708496094,"right":262.40000915527344,"left":16,"width":246.40000915527344,"height":580.5375366210938},{"identifier":"49146133","top":30295.48828125,"bottom":31422.225830078125,"right":262.40000915527344,"left":16,"width":246.40000915527344,"height":1126.737548828125},{"identifier":"26650562","top":31422.224609375,"bottom":32343.162109375,"right":262.40000915527344,"left":16,"width":246.40000915527344,"height":920.9375},{"identifier":"28247369","top":32343.162109375,"bottom":32727.199615478516,"right":262.40000915527344,"left":16,"width":246.40000915527344,"height":384.0375061035156},{"identifier":"36379158","top":32727.201171875,"bottom":34397.938720703125,"right":262.40000915527344,"left":16,"width":246.40000915527344,"height":1670.737548828125}]}},{"timestamp":"2022-11-15T22:49:04.336Z","url":"https://stackoverflow.com/questions/979256/sorting-an-array-of-objects-by-property-values","component":"page","action":"selection","data":"d"},{"timestamp":"2022-11-15T22:49:05.527Z","url":"https://stackoverflow.com/questions/979256/sorting-an-array-of-objects-by-property-values","component":"page","action":"selection","data":"s"},{"timestamp":"2022-11-15T22:49:08.750Z","url":"https://stackoverflow.com/questions/979256/sorting-an-array-of-objects-by-property-values","component":"page","action":"selection","data":"homes.sort((a, b) => parseFloat(b.price) - parseFloat(a.price));\n"},{"timestamp":"2022-11-15T22:49:08.930Z","url":"https://stackoverflow.com/questions/979256/sorting-an-array-of-objects-by-property-values","component":"page","action":"copy","data":"homes.sort((a, b) => parseFloat(b.price) - parseFloat(a.price));\n"}]}]}