{"trialId":"65727_4","taskId":"serve","appEvents":[{"timestamp":"2022-11-15T23:06:14.770Z","name":"resize","data":{"height":702,"width":299}},{"timestamp":"2022-11-15T23:06:34.536Z","name":"search","data":"search-start"},{"timestamp":"2022-11-15T23:06:38.607Z","name":"search","data":"search-done"},{"timestamp":"2022-11-15T23:09:53.319Z","name":"resize","data":{"height":702,"width":414}},{"timestamp":"2022-11-15T23:10:13.757Z","name":"search","data":"search-start"},{"timestamp":"2022-11-15T23:10:16.649Z","name":"search","data":"search-done"}],"searches":[{"keywords":["javascript","serve","files"],"context":{"tokens":[{"kind":"library","value":"express"},{"kind":"library","value":"path"},{"kind":"language","value":"javascript"}]},"timestamp":"2022-11-15T23:06:34.531Z","results":[{"signatures":[],"areSignaturesLoading":true,"title":"How to serve static files in ExpressJS on some paths and not ...","snippet":"I have this piece of code: var express = require('express'); var app = express(); express. static(__dirname); app.","url":"https://stackoverflow.com/questions/65115458/how-to-serve-static-files-in-expressjs-on-some-paths-and-not-others","displayLink":"https://stackoverflow.com › questions › how-to-serve-st...","snippetHighlightWords":["express","express","express","express","static"],"date":"Dec 2, 2020"},{"signatures":[],"areSignaturesLoading":true,"title":"How to force Express JS to serve files from the same directory ...","snippet":"Since you use express.static to serve files in the root directory, try changing the image paths to absolute paths (starting with an / ):","url":"https://stackoverflow.com/questions/64659708/how-to-force-express-js-to-serve-files-from-the-same-directory-regardless-of-rou","displayLink":"https://stackoverflow.com › questions › how-to-force-e...","snippetHighlightWords":["express","static","serve files","directory","paths","paths"],"date":"Nov 3, 2020"},{"signatures":[],"areSignaturesLoading":true,"title":"How to server specifc static files with express.js - Stack Overflow","snippet":"I want to serve index.html and /media subdirectory as static files. The index file should be served both at /index.html and / URLs. ... web_server.use(\"/media\", ...","url":"https://stackoverflow.com/questions/10434001/static-files-with-express-js","displayLink":"https://stackoverflow.com › questions › static-files-with-...","snippetHighlightWords":["serve","static files","file","served"],"date":"11 answers"},{"signatures":[],"areSignaturesLoading":true,"title":"Express, how to always serve static directory? - Stack Overflow","snippet":"To make all files use absolute paths (e.g src=\"/main.js\") I had to set output.publicPath to '/' in my frontend Webpack configuration.","url":"https://stackoverflow.com/questions/61090344/express-how-to-always-serve-static-directory","displayLink":"https://stackoverflow.com › questions › express-how-to...","snippetHighlightWords":["files","paths","js"],"date":"Apr 7, 2020"},{"signatures":[],"areSignaturesLoading":true,"title":"Express.js serve files from directory about project root","snippet":"If /NodeJSProject is at the same directory level as /UI_1 , then it should work if you add a / to the path in the script tag and remove ...","url":"https://stackoverflow.com/questions/57210115/express-js-serve-files-from-directory-about-project-root","displayLink":"https://stackoverflow.com › questions › express-js-serve...","snippetHighlightWords":["directory","path"],"date":"Jul 25, 2019 1 answer"},{"signatures":[],"areSignaturesLoading":true,"title":"how to serve a directory with express? - Stack Overflow","snippet":"join(__dirname, \"shaders\"); app.get(\"*\", (req, res) => { // Build the path of the file ...","url":"https://stackoverflow.com/questions/59490410/how-to-serve-a-directory-with-express","displayLink":"https://stackoverflow.com › questions › how-to-serve-a-...","snippetHighlightWords":["path","file"],"date":"Dec 26, 2019"},{"signatures":[],"areSignaturesLoading":true,"title":"Express routes to serve directory of static content","snippet":"Read the documentation: https://expressjs.com/en/starter/static-files.html app.use(express.static(path.join(__dirname, 'public')));.","url":"https://stackoverflow.com/questions/60878869/express-routes-to-serve-directory-of-static-content","displayLink":"https://stackoverflow.com › questions › express-routes-t...","snippetHighlightWords":["static","files","express","static","path"],"date":"Mar 27, 2020 2 answers"},{"signatures":[],"areSignaturesLoading":true,"title":"Express serve static files inside Router - Stack Overflow","snippet":"Use the express.static middleware in your route1.js file instead of simply passing the folder path string to the route.","url":"https://stackoverflow.com/questions/69692368/express-serve-static-files-inside-router","displayLink":"https://stackoverflow.com › questions › express-serve-st...","snippetHighlightWords":["express","static","js file","path","route"],"date":"Oct 23, 2021 1 answer"},{"signatures":[],"areSignaturesLoading":true,"title":"nodejs express app serve static files from public/js folder not ...","snippet":"1. Add this middleware in the index.js above you set view engine. app.use(express.static(path.join(__dirname, \"public\"))); ...","url":"https://stackoverflow.com/questions/72411261/nodejs-express-app-serve-static-files-from-public-js-folder-not-work","displayLink":"https://stackoverflow.com › questions › nodejs-express-...","snippetHighlightWords":["js","express","static","path"],"date":"May 27, 2022 1 answer"},{"signatures":[],"areSignaturesLoading":true,"title":"How to make express serve static files from another upper ...","snippet":"SOLVED this by using: app.use(express.static(path.join(__dirname, '/../client/public')));.","url":"https://stackoverflow.com/questions/50008552/how-to-make-express-serve-static-files-from-another-upper-directory","displayLink":"https://stackoverflow.com › questions › how-to-make-e...","snippetHighlightWords":["express","static","path"],"date":"Apr 24, 2018"}],"events":[{"timestamp":"2022-11-15T23:06:37.470Z","url":"https://stackoverflow.com/questions/65115458/how-to-serve-static-files-in-expressjs-on-some-paths-and-not-others","component":"projection","action":"load","data":{"height":82.80000305175781,"width":262.3999938964844,"wc":17,"lc":1}},{"timestamp":"2022-11-15T23:06:37.471Z","url":"https://stackoverflow.com/questions/64659708/how-to-force-express-js-to-serve-files-from-the-same-directory-regardless-of-rou","component":"projection","action":"load","data":{"height":82.80000305175781,"width":264.1000061035156,"wc":24,"lc":1}},{"timestamp":"2022-11-15T23:06:37.471Z","url":"https://stackoverflow.com/questions/10434001/static-files-with-express-js","component":"projection","action":"load","data":{"height":104.80000305175781,"width":264.70001220703125,"wc":26,"lc":1}},{"timestamp":"2022-11-15T23:06:37.471Z","url":"https://stackoverflow.com/questions/61090344/express-how-to-always-serve-static-directory","component":"projection","action":"load","data":{"height":82.80000305175781,"width":261.70001220703125,"wc":21,"lc":1}},{"timestamp":"2022-11-15T23:06:37.471Z","url":"https://stackoverflow.com/questions/57210115/express-js-serve-files-from-directory-about-project-root","component":"projection","action":"load","data":{"height":104.80000305175781,"width":263.8999938964844,"wc":30,"lc":1}},{"timestamp":"2022-11-15T23:06:37.472Z","url":"https://stackoverflow.com/questions/59490410/how-to-serve-a-directory-with-express","component":"projection","action":"load","data":{"height":60.79999923706055,"width":254.6999969482422,"wc":15,"lc":1}},{"timestamp":"2022-11-15T23:06:37.472Z","url":"https://stackoverflow.com/questions/60878869/express-routes-to-serve-directory-of-static-content","component":"projection","action":"load","data":{"height":126.80000305175781,"width":264.70001220703125,"wc":6,"lc":1}},{"timestamp":"2022-11-15T23:06:37.472Z","url":"https://stackoverflow.com/questions/69692368/express-serve-static-files-inside-router","component":"projection","action":"load","data":{"height":82.80000305175781,"width":254.40000915527344,"wc":19,"lc":1}},{"timestamp":"2022-11-15T23:06:37.472Z","url":"https://stackoverflow.com/questions/72411261/nodejs-express-app-serve-static-files-from-public-js-folder-not-work","component":"projection","action":"load","data":{"height":104.80000305175781,"width":264.70001220703125,"wc":15,"lc":1}},{"timestamp":"2022-11-15T23:06:37.472Z","url":"https://stackoverflow.com/questions/50008552/how-to-make-express-serve-static-files-from-another-upper-directory","component":"projection","action":"load","data":{"height":60.79999923706055,"width":264.70001220703125,"wc":6,"lc":1}},{"timestamp":"2022-11-15T23:06:37.480Z","url":"https://stackoverflow.com/questions/65115458/how-to-serve-static-files-in-expressjs-on-some-paths-and-not-others","component":"projection","action":"mouseenter"},{"timestamp":"2022-11-15T23:06:38.607Z","url":"https://stackoverflow.com/questions/65115458/how-to-serve-static-files-in-expressjs-on-some-paths-and-not-others","component":"projection","action":"loaded","data":"projection 10 of 10"},{"timestamp":"2022-11-15T23:06:38.607Z","url":"https://stackoverflow.com/questions/64659708/how-to-force-express-js-to-serve-files-from-the-same-directory-regardless-of-rou","component":"projection","action":"loaded","data":"projection 9 of 10"},{"timestamp":"2022-11-15T23:06:38.607Z","url":"https://stackoverflow.com/questions/10434001/static-files-with-express-js","component":"projection","action":"loaded","data":"projection 8 of 10"},{"timestamp":"2022-11-15T23:06:38.607Z","url":"https://stackoverflow.com/questions/61090344/express-how-to-always-serve-static-directory","component":"projection","action":"loaded","data":"projection 7 of 10"},{"timestamp":"2022-11-15T23:06:38.607Z","url":"https://stackoverflow.com/questions/57210115/express-js-serve-files-from-directory-about-project-root","component":"projection","action":"loaded","data":"projection 6 of 10"},{"timestamp":"2022-11-15T23:06:38.607Z","url":"https://stackoverflow.com/questions/59490410/how-to-serve-a-directory-with-express","component":"projection","action":"loaded","data":"projection 5 of 10"},{"timestamp":"2022-11-15T23:06:38.607Z","url":"https://stackoverflow.com/questions/60878869/express-routes-to-serve-directory-of-static-content","component":"projection","action":"loaded","data":"projection 4 of 10"},{"timestamp":"2022-11-15T23:06:38.607Z","url":"https://stackoverflow.com/questions/69692368/express-serve-static-files-inside-router","component":"projection","action":"loaded","data":"projection 3 of 10"},{"timestamp":"2022-11-15T23:06:38.607Z","url":"https://stackoverflow.com/questions/72411261/nodejs-express-app-serve-static-files-from-public-js-folder-not-work","component":"projection","action":"loaded","data":"projection 2 of 10"},{"timestamp":"2022-11-15T23:06:38.607Z","url":"https://stackoverflow.com/questions/50008552/how-to-make-express-serve-static-files-from-another-upper-directory","component":"projection","action":"loaded","data":"projection 1 of 10"},{"timestamp":"2022-11-15T23:06:39.287Z","url":"https://stackoverflow.com/questions/65115458/how-to-serve-static-files-in-expressjs-on-some-paths-and-not-others","component":"page","action":"open"},{"timestamp":"2022-11-15T23:06:39.360Z","url":"https://stackoverflow.com/questions/65115458/how-to-serve-static-files-in-expressjs-on-some-paths-and-not-others","component":"projection","action":"mouseleave"},{"timestamp":"2022-11-15T23:06:40.096Z","url":"https://stackoverflow.com/questions/65115458/how-to-serve-static-files-in-expressjs-on-some-paths-and-not-others","component":"page","action":"load"},{"timestamp":"2022-11-15T23:06:44.867Z","url":"https://stackoverflow.com/questions/65115458/how-to-serve-static-files-in-expressjs-on-some-paths-and-not-others","component":"page","action":"scroll","data":{"viewport":{"x":0,"y":1309.5999755859375,"height":642,"width":295},"document":{"height":4616,"width":278},"question":{"identifier":"65115458","top":-1092.9625244140625,"bottom":177.862548828125,"right":262.40000915527344,"left":16,"width":246.40000915527344,"height":1270.8250732421875},"answers":[{"identifier":"65116954","top":258.1499938964844,"bottom":746.875,"right":262.40000915527344,"left":16,"width":246.40000915527344,"height":488.7250061035156},{"identifier":"68244233","top":746.875,"bottom":1205.9125061035156,"right":262.40000915527344,"left":16,"width":246.40000915527344,"height":459.0375061035156}]}},{"timestamp":"2022-11-15T23:06:55.497Z","url":"https://stackoverflow.com/questions/65115458/how-to-serve-static-files-in-expressjs-on-some-paths-and-not-others","component":"page","action":"selection","data":"// Define `/files` route first\napp.use(\"/files\", function (req, res) {\n  return res.send(\"I will be served instead of a files directory\");\n});\n\n// Static\napp.use(\"/\", express.static(__dirname));"},{"timestamp":"2022-11-15T23:06:56.027Z","url":"https://stackoverflow.com/questions/65115458/how-to-serve-static-files-in-expressjs-on-some-paths-and-not-others","component":"page","action":"copy","data":"// Define `/files` route first\napp.use(\"/files\", function (req, res) {\n  return res.send(\"I will be served instead of a files directory\");\n});\n\n// Static\napp.use(\"/\", express.static(__dirname));"},{"timestamp":"2022-11-15T23:09:48.696Z","url":"https://stackoverflow.com/questions/65115458/how-to-serve-static-files-in-expressjs-on-some-paths-and-not-others","component":"page","action":"scroll","data":{"viewport":{"x":0,"y":1746.4000244140625,"height":642,"width":295},"document":{"height":4616,"width":278},"question":{"identifier":"65115458","top":-1529.7625732421875,"bottom":-258.9375,"right":262.40000915527344,"left":16,"width":246.40000915527344,"height":1270.8250732421875},"answers":[{"identifier":"65116954","top":-178.65000915527344,"bottom":310.0749969482422,"right":262.40000915527344,"left":16,"width":246.40000915527344,"height":488.7250061035156},{"identifier":"68244233","top":310.07501220703125,"bottom":769.1125183105469,"right":262.40000915527344,"left":16,"width":246.40000915527344,"height":459.0375061035156}]}},{"timestamp":"2022-11-15T23:09:49.619Z","url":"https://stackoverflow.com/questions/65115458/how-to-serve-static-files-in-expressjs-on-some-paths-and-not-others","component":"page","action":"scroll","data":{"viewport":{"x":0,"y":1813.5999755859375,"height":642,"width":295},"document":{"height":4616,"width":278},"question":{"identifier":"65115458","top":-1596.9625244140625,"bottom":-326.137451171875,"right":262.40000915527344,"left":16,"width":246.40000915527344,"height":1270.8250732421875},"answers":[{"identifier":"65116954","top":-245.85000610351562,"bottom":242.875,"right":262.40000915527344,"left":16,"width":246.40000915527344,"height":488.7250061035156},{"identifier":"68244233","top":242.875,"bottom":701.9125061035156,"right":262.40000915527344,"left":16,"width":246.40000915527344,"height":459.0375061035156}]}},{"timestamp":"2022-11-15T23:09:53.196Z","url":"https://stackoverflow.com/questions/65115458/how-to-serve-static-files-in-expressjs-on-some-paths-and-not-others","component":"page","action":"scroll","data":{"viewport":{"x":0,"y":1543.199951171875,"height":642,"width":410},"document":{"height":4037,"width":393},"question":{"identifier":"65115458","top":-1348.9375,"bottom":-326.21246337890625,"right":376.8000183105469,"left":16,"width":360.8000183105469,"height":1022.7250366210938},"answers":[{"identifier":"65116954","top":-245.9250030517578,"bottom":203.3000030517578,"right":376.8000183105469,"left":16,"width":360.8000183105469,"height":449.2250061035156},{"identifier":"68244233","top":203.3000030517578,"bottom":625.9375152587891,"right":376.8000183105469,"left":16,"width":360.8000183105469,"height":422.63751220703125}]}},{"timestamp":"2022-11-15T23:10:09.467Z","url":"https://stackoverflow.com/questions/65115458/how-to-serve-static-files-in-expressjs-on-some-paths-and-not-others","component":"page","action":"scroll","data":{"viewport":{"x":0,"y":1219.199951171875,"height":642,"width":410},"document":{"height":4037,"width":393},"question":{"identifier":"65115458","top":-1024.9375,"bottom":-2.21246337890625,"right":376.8000183105469,"left":16,"width":360.8000183105469,"height":1022.7250366210938},"answers":[{"identifier":"65116954","top":78.07500457763672,"bottom":527.3000106811523,"right":376.8000183105469,"left":16,"width":360.8000183105469,"height":449.2250061035156},{"identifier":"68244233","top":527.2999877929688,"bottom":949.9375,"right":376.8000183105469,"left":16,"width":360.8000183105469,"height":422.63751220703125}]}},{"timestamp":"2022-11-15T23:10:11.640Z","url":"https://stackoverflow.com/questions/65115458/how-to-serve-static-files-in-expressjs-on-some-paths-and-not-others","component":"page","action":"scroll","data":{"viewport":{"x":0,"y":0,"height":642,"width":410},"document":{"height":4037,"width":393},"question":{"identifier":"65115458","top":194.2624969482422,"bottom":1216.987533569336,"right":376.8000183105469,"left":16,"width":360.8000183105469,"height":1022.7250366210938},"answers":[{"identifier":"65116954","top":1297.2750244140625,"bottom":1746.5000305175781,"right":376.8000183105469,"left":16,"width":360.8000183105469,"height":449.2250061035156},{"identifier":"68244233","top":1746.5,"bottom":2169.1375122070312,"right":376.8000183105469,"left":16,"width":360.8000183105469,"height":422.63751220703125}]}},{"timestamp":"2022-11-15T23:10:13.487Z","url":"https://stackoverflow.com/questions/65115458/how-to-serve-static-files-in-expressjs-on-some-paths-and-not-others","component":"page","action":"close"}]},{"keywords":["javascript","serve","files"],"context":{"tokens":[{"kind":"language","value":"javascript"}]},"timestamp":"2022-11-15T23:10:13.754Z","results":[{"signatures":[],"areSignaturesLoading":true,"title":"What exactly does 'serving static files' mean? - Stack Overflow","snippet":"Static files are typically files such as scripts, CSS files, images, etc... that aren't server-generated, but must be sent to the browser when ...","url":"https://stackoverflow.com/questions/28918845/what-exactly-does-serving-static-files-mean","displayLink":"https://stackoverflow.com › questions › what-exactly-d...","snippetHighlightWords":["files","files","files","server"],"date":"Mar 7, 2015"},{"signatures":[],"areSignaturesLoading":true,"title":"Node.js quick file server (static files over HTTP) - Stack Overflow","snippet":"Wanted to run a simple example JavaScript application, but had problems with running it through the file:/// protocol? Wanted to share your media directory at a ...","url":"https://stackoverflow.com/questions/16333790/node-js-quick-file-server-static-files-over-http","displayLink":"https://stackoverflow.com › questions › node-js-quick-f...","snippetHighlightWords":["JavaScript","file","share"]},{"signatures":[],"areSignaturesLoading":true,"title":"Read A Server Side File Using JavaScript - html - Stack Overflow","snippet":"Here's the javascript code: // Synchronously read a text file from the web server with Ajax // // The filePath is relative to the web page ...","url":"https://stackoverflow.com/questions/36921947/read-a-server-side-file-using-javascript","displayLink":"https://stackoverflow.com › questions › read-a-server-si...","snippetHighlightWords":["javascript","file","server"],"date":"Apr 28, 2016"},{"signatures":[],"areSignaturesLoading":true,"title":"How to properly use serve-static? - Stack Overflow","snippet":"Issue: I get a blank page, where the console says that everything supplementary in my \"app\" folder (APART FROM HTML FILES THEMSELVES!) ( ...","url":"https://stackoverflow.com/questions/63711537/how-to-properly-use-serve-static","displayLink":"https://stackoverflow.com › questions › how-to-properl...","snippetHighlightWords":["FILES"],"date":"Sep 2, 2020"},{"signatures":[],"areSignaturesLoading":true,"title":"Serve static files embedded in HTML boilerplate in Express","snippet":"I have a directory of text files and serve them using Express. I currently serve the files using express.static","url":"https://stackoverflow.com/questions/70509069/serve-static-files-embedded-in-html-boilerplate-in-express","displayLink":"https://stackoverflow.com › questions › serve-static-files...","snippetHighlightWords":["files","serve","serve","files"],"date":"Dec 28, 2021"},{"signatures":[],"areSignaturesLoading":true,"title":"How to serve static files in ExpressJS on some paths and not ...","snippet":"var express = require('express'); var app = express(); express.static(__dirname); app.use(redirectUnmatched); function redirectUnmatched(req, ...","url":"https://stackoverflow.com/questions/65115458/how-to-serve-static-files-in-expressjs-on-some-paths-and-not-others","displayLink":"https://stackoverflow.com › questions › how-to-serve-st...","date":"Dec 2, 2020"},{"signatures":[],"areSignaturesLoading":true,"title":"Serving Up a Javascript file using Node.js - Stack Overflow","snippet":"js server. The aim is to serve a html file with a script tag referencing a javascript file. When opening the application in the browser the html ...","url":"https://stackoverflow.com/questions/42412006/serving-up-a-javascript-file-using-node-js","displayLink":"https://stackoverflow.com › questions › serving-up-a-ja...","snippetHighlightWords":["server","serve","file","javascript file"],"date":"Feb 23, 2017"},{"signatures":[],"areSignaturesLoading":true,"title":"How to serve static HTML files with vanilla javascript including ...","snippet":"Your index.js file contains JavaScript that should be on the server, not on the client. You can bundle all your client JS files to a single file ...","url":"https://stackoverflow.com/questions/72999906/how-to-serve-static-html-files-with-vanilla-javascript-including-submodules","displayLink":"https://stackoverflow.com › questions › how-to-serve-st...","snippetHighlightWords":["file","JavaScript","server","files","file"],"date":"Jul 15, 2022"},{"signatures":[],"areSignaturesLoading":true,"title":"What is static content in relation to web server? - Stack Overflow","snippet":"Yes, Javascript files are static data as far as the web server is concerned, since the web server is just serving the Javascript file as is, ...","url":"https://stackoverflow.com/questions/37320635/what-is-static-content-in-relation-to-web-server","displayLink":"https://stackoverflow.com › questions › what-is-static-c...","snippetHighlightWords":["Javascript files","server","server","serving","Javascript file"],"date":"May 19, 2016"},{"signatures":[],"areSignaturesLoading":true,"title":"How do I serve static files through Node.js locally?","snippet":"The easiest solution I found on serving local static files is to use Http-Server. Its usage is dead simple. After installing it globally","url":"https://stackoverflow.com/questions/26145451/how-do-i-serve-static-files-through-node-js-locally","displayLink":"https://stackoverflow.com › questions › how-do-i-serve...","snippetHighlightWords":["serving","files","Server"],"date":"Oct 1, 2014 3 answers"}],"events":[{"timestamp":"2022-11-15T23:10:15.521Z","url":"https://stackoverflow.com/questions/28918845/what-exactly-does-serving-static-files-mean","component":"projection","action":"load","data":{"height":60.79999923706055,"width":341.3999938964844,"wc":24,"lc":1}},{"timestamp":"2022-11-15T23:10:15.521Z","url":"https://stackoverflow.com/questions/16333790/node-js-quick-file-server-static-files-over-http","component":"projection","action":"load","data":{"height":60.79999923706055,"width":363,"wc":27,"lc":1}},{"timestamp":"2022-11-15T23:10:15.521Z","url":"https://stackoverflow.com/questions/36921947/read-a-server-side-file-using-javascript","component":"projection","action":"load","data":{"height":60.79999923706055,"width":362.3000183105469,"wc":27,"lc":1}},{"timestamp":"2022-11-15T23:10:15.521Z","url":"https://stackoverflow.com/questions/63711537/how-to-properly-use-serve-static","component":"projection","action":"load","data":{"height":60.79999923706055,"width":385.8000183105469,"wc":24,"lc":1}},{"timestamp":"2022-11-15T23:10:15.522Z","url":"https://stackoverflow.com/questions/70509069/serve-static-files-embedded-in-html-boilerplate-in-express","component":"projection","action":"load","data":{"height":60.79999923706055,"width":371.3000183105469,"wc":19,"lc":1}},{"timestamp":"2022-11-15T23:10:15.522Z","url":"https://stackoverflow.com/questions/65115458/how-to-serve-static-files-in-expressjs-on-some-paths-and-not-others","component":"projection","action":"load","data":{"height":82.80000305175781,"width":373.70001220703125,"wc":13,"lc":1}},{"timestamp":"2022-11-15T23:10:15.522Z","url":"https://stackoverflow.com/questions/42412006/serving-up-a-javascript-file-using-node-js","component":"projection","action":"load","data":{"height":60.79999923706055,"width":385.3000183105469,"wc":28,"lc":1}},{"timestamp":"2022-11-15T23:10:15.522Z","url":"https://stackoverflow.com/questions/72999906/how-to-serve-static-html-files-with-vanilla-javascript-including-submodules","component":"projection","action":"load","data":{"height":60.79999923706055,"width":377.8000183105469,"wc":28,"lc":1}},{"timestamp":"2022-11-15T23:10:15.522Z","url":"https://stackoverflow.com/questions/37320635/what-is-static-content-in-relation-to-web-server","component":"projection","action":"load","data":{"height":60.79999923706055,"width":380.70001220703125,"wc":27,"lc":1}},{"timestamp":"2022-11-15T23:10:15.522Z","url":"https://stackoverflow.com/questions/26145451/how-do-i-serve-static-files-through-node-js-locally","component":"projection","action":"load","data":{"height":60.79999923706055,"width":383.8000183105469,"wc":23,"lc":1}},{"timestamp":"2022-11-15T23:10:16.648Z","url":"https://stackoverflow.com/questions/28918845/what-exactly-does-serving-static-files-mean","component":"projection","action":"loaded","data":"projection 10 of 10"},{"timestamp":"2022-11-15T23:10:16.648Z","url":"https://stackoverflow.com/questions/16333790/node-js-quick-file-server-static-files-over-http","component":"projection","action":"loaded","data":"projection 9 of 10"},{"timestamp":"2022-11-15T23:10:16.648Z","url":"https://stackoverflow.com/questions/36921947/read-a-server-side-file-using-javascript","component":"projection","action":"loaded","data":"projection 8 of 10"},{"timestamp":"2022-11-15T23:10:16.648Z","url":"https://stackoverflow.com/questions/63711537/how-to-properly-use-serve-static","component":"projection","action":"loaded","data":"projection 7 of 10"},{"timestamp":"2022-11-15T23:10:16.648Z","url":"https://stackoverflow.com/questions/70509069/serve-static-files-embedded-in-html-boilerplate-in-express","component":"projection","action":"loaded","data":"projection 6 of 10"},{"timestamp":"2022-11-15T23:10:16.648Z","url":"https://stackoverflow.com/questions/65115458/how-to-serve-static-files-in-expressjs-on-some-paths-and-not-others","component":"projection","action":"loaded","data":"projection 5 of 10"},{"timestamp":"2022-11-15T23:10:16.649Z","url":"https://stackoverflow.com/questions/42412006/serving-up-a-javascript-file-using-node-js","component":"projection","action":"loaded","data":"projection 4 of 10"},{"timestamp":"2022-11-15T23:10:16.649Z","url":"https://stackoverflow.com/questions/72999906/how-to-serve-static-html-files-with-vanilla-javascript-including-submodules","component":"projection","action":"loaded","data":"projection 3 of 10"},{"timestamp":"2022-11-15T23:10:16.649Z","url":"https://stackoverflow.com/questions/37320635/what-is-static-content-in-relation-to-web-server","component":"projection","action":"loaded","data":"projection 2 of 10"},{"timestamp":"2022-11-15T23:10:16.649Z","url":"https://stackoverflow.com/questions/26145451/how-do-i-serve-static-files-through-node-js-locally","component":"projection","action":"loaded","data":"projection 1 of 10"},{"timestamp":"2022-11-15T23:10:16.688Z","url":"https://stackoverflow.com/questions/28918845/what-exactly-does-serving-static-files-mean","component":"projection","action":"mouseenter"},{"timestamp":"2022-11-15T23:10:16.732Z","url":"https://stackoverflow.com/questions/28918845/what-exactly-does-serving-static-files-mean","component":"projection","action":"mouseleave"},{"timestamp":"2022-11-15T23:10:16.735Z","url":"https://stackoverflow.com/questions/16333790/node-js-quick-file-server-static-files-over-http","component":"projection","action":"mouseenter"},{"timestamp":"2022-11-15T23:10:17.317Z","url":"https://stackoverflow.com/questions/16333790/node-js-quick-file-server-static-files-over-http","component":"projection","action":"mouseleave"},{"timestamp":"2022-11-15T23:10:17.322Z","url":"https://stackoverflow.com/questions/28918845/what-exactly-does-serving-static-files-mean","component":"projection","action":"mouseenter"},{"timestamp":"2022-11-15T23:10:18.083Z","url":"https://stackoverflow.com/questions/28918845/what-exactly-does-serving-static-files-mean","component":"page","action":"open"},{"timestamp":"2022-11-15T23:10:18.166Z","url":"https://stackoverflow.com/questions/28918845/what-exactly-does-serving-static-files-mean","component":"projection","action":"mouseleave"},{"timestamp":"2022-11-15T23:10:18.761Z","url":"https://stackoverflow.com/questions/28918845/what-exactly-does-serving-static-files-mean","component":"page","action":"load"},{"timestamp":"2022-11-15T23:10:22.685Z","url":"https://stackoverflow.com/questions/28918845/what-exactly-does-serving-static-files-mean","component":"page","action":"scroll","data":{"viewport":{"x":0,"y":1773.5999755859375,"height":642,"width":410},"document":{"height":7038,"width":393},"question":{"identifier":"28918845","top":-1610.175048828125,"bottom":-69.3499755859375,"right":376.8000183105469,"left":16,"width":360.8000183105469,"height":1540.8250732421875},"answers":[{"identifier":"28918943","top":10.9375,"bottom":1382.2750244140625,"right":376.8000183105469,"left":16,"width":360.8000183105469,"height":1371.3375244140625},{"identifier":"28918951","top":1382.2750244140625,"bottom":3015.3125,"right":376.8000183105469,"left":16,"width":360.8000183105469,"height":1633.0374755859375}]}},{"timestamp":"2022-11-15T23:10:25.530Z","url":"https://stackoverflow.com/questions/28918845/what-exactly-does-serving-static-files-mean","component":"page","action":"scroll","data":{"viewport":{"x":0,"y":3299.199951171875,"height":642,"width":410},"document":{"height":7038,"width":393},"question":{"identifier":"28918845","top":-3135.775146484375,"bottom":-1594.9500732421875,"right":376.8000183105469,"left":16,"width":360.8000183105469,"height":1540.8250732421875},"answers":[{"identifier":"28918943","top":-1514.6624755859375,"bottom":-143.324951171875,"right":376.8000183105469,"left":16,"width":360.8000183105469,"height":1371.3375244140625},{"identifier":"28918951","top":-143.3249969482422,"bottom":1489.7124786376953,"right":376.8000183105469,"left":16,"width":360.8000183105469,"height":1633.0374755859375}]}},{"timestamp":"2022-11-15T23:10:26.810Z","url":"https://stackoverflow.com/questions/28918845/what-exactly-does-serving-static-files-mean","component":"page","action":"scroll","data":{"viewport":{"x":0,"y":2948,"height":642,"width":410},"document":{"height":7038,"width":393},"question":{"identifier":"28918845","top":-2784.574951171875,"bottom":-1243.7498779296875,"right":376.8000183105469,"left":16,"width":360.8000183105469,"height":1540.8250732421875},"answers":[{"identifier":"28918943","top":-1163.4625244140625,"bottom":207.875,"right":376.8000183105469,"left":16,"width":360.8000183105469,"height":1371.3375244140625},{"identifier":"28918951","top":207.875,"bottom":1840.9124755859375,"right":376.8000183105469,"left":16,"width":360.8000183105469,"height":1633.0374755859375}]}},{"timestamp":"2022-11-15T23:10:27.618Z","url":"https://stackoverflow.com/questions/28918845/what-exactly-does-serving-static-files-mean","component":"page","action":"scroll","data":{"viewport":{"x":0,"y":3021.60009765625,"height":642,"width":410},"document":{"height":7038,"width":393},"question":{"identifier":"28918845","top":-2858.175048828125,"bottom":-1317.3499755859375,"right":376.8000183105469,"left":16,"width":360.8000183105469,"height":1540.8250732421875},"answers":[{"identifier":"28918943","top":-1237.0625,"bottom":134.2750244140625,"right":376.8000183105469,"left":16,"width":360.8000183105469,"height":1371.3375244140625},{"identifier":"28918951","top":134.27500915527344,"bottom":1767.312484741211,"right":376.8000183105469,"left":16,"width":360.8000183105469,"height":1633.0374755859375}]}},{"timestamp":"2022-11-15T23:10:37.821Z","url":"https://stackoverflow.com/questions/28918845/what-exactly-does-serving-static-files-mean","component":"page","action":"scroll","data":{"viewport":{"x":0,"y":3123.199951171875,"height":642,"width":410},"document":{"height":7038,"width":393},"question":{"identifier":"28918845","top":-2959.775146484375,"bottom":-1418.9500732421875,"right":376.8000183105469,"left":16,"width":360.8000183105469,"height":1540.8250732421875},"answers":[{"identifier":"28918943","top":-1338.6624755859375,"bottom":32.675048828125,"right":376.8000183105469,"left":16,"width":360.8000183105469,"height":1371.3375244140625},{"identifier":"28918951","top":32.67499923706055,"bottom":1665.712474822998,"right":376.8000183105469,"left":16,"width":360.8000183105469,"height":1633.0374755859375}]}},{"timestamp":"2022-11-15T23:10:40.768Z","url":"https://stackoverflow.com/questions/28918845/what-exactly-does-serving-static-files-mean","component":"page","action":"scroll","data":{"viewport":{"x":0,"y":3280,"height":642,"width":410},"document":{"height":7038,"width":393},"question":{"identifier":"28918845","top":-3116.574951171875,"bottom":-1575.7498779296875,"right":376.8000183105469,"left":16,"width":360.8000183105469,"height":1540.8250732421875},"answers":[{"identifier":"28918943","top":-1495.4625244140625,"bottom":-124.125,"right":376.8000183105469,"left":16,"width":360.8000183105469,"height":1371.3375244140625},{"identifier":"28918951","top":-124.125,"bottom":1508.9124755859375,"right":376.8000183105469,"left":16,"width":360.8000183105469,"height":1633.0374755859375}]}},{"timestamp":"2022-11-15T23:10:43.091Z","url":"https://stackoverflow.com/questions/28918845/what-exactly-does-serving-static-files-mean","component":"page","action":"scroll","data":{"viewport":{"x":0,"y":3492.800048828125,"height":642,"width":410},"document":{"height":7038,"width":393},"question":{"identifier":"28918845","top":-3329.375,"bottom":-1788.5499267578125,"right":376.8000183105469,"left":16,"width":360.8000183105469,"height":1540.8250732421875},"answers":[{"identifier":"28918943","top":-1708.2625732421875,"bottom":-336.925048828125,"right":376.8000183105469,"left":16,"width":360.8000183105469,"height":1371.3375244140625},{"identifier":"28918951","top":-336.9250183105469,"bottom":1296.1124572753906,"right":376.8000183105469,"left":16,"width":360.8000183105469,"height":1633.0374755859375}]}},{"timestamp":"2022-11-15T23:10:43.732Z","url":"https://stackoverflow.com/questions/28918845/what-exactly-does-serving-static-files-mean","component":"page","action":"scroll","data":{"viewport":{"x":0,"y":3659.199951171875,"height":642,"width":410},"document":{"height":7038,"width":393},"question":{"identifier":"28918845","top":-3495.775146484375,"bottom":-1954.9500732421875,"right":376.8000183105469,"left":16,"width":360.8000183105469,"height":1540.8250732421875},"answers":[{"identifier":"28918943","top":-1874.6624755859375,"bottom":-503.324951171875,"right":376.8000183105469,"left":16,"width":360.8000183105469,"height":1371.3375244140625},{"identifier":"28918951","top":-503.32501220703125,"bottom":1129.7124633789062,"right":376.8000183105469,"left":16,"width":360.8000183105469,"height":1633.0374755859375}]}},{"timestamp":"2022-11-15T23:10:48.424Z","url":"https://stackoverflow.com/questions/28918845/what-exactly-does-serving-static-files-mean","component":"page","action":"scroll","data":{"viewport":{"x":0,"y":3890.39990234375,"height":642,"width":410},"document":{"height":7038,"width":393},"question":{"identifier":"28918845","top":-3726.97509765625,"bottom":-2186.1500244140625,"right":376.8000183105469,"left":16,"width":360.8000183105469,"height":1540.8250732421875},"answers":[{"identifier":"28918943","top":-2105.862548828125,"bottom":-734.5250244140625,"right":376.8000183105469,"left":16,"width":360.8000183105469,"height":1371.3375244140625},{"identifier":"28918951","top":-734.5250244140625,"bottom":898.512451171875,"right":376.8000183105469,"left":16,"width":360.8000183105469,"height":1633.0374755859375}]}},{"timestamp":"2022-11-15T23:10:49.876Z","url":"https://stackoverflow.com/questions/28918845/what-exactly-does-serving-static-files-mean","component":"page","action":"scroll","data":{"viewport":{"x":0,"y":4269.60009765625,"height":642,"width":410},"document":{"height":7038,"width":393},"question":{"identifier":"28918845","top":-4106.17529296875,"bottom":-2565.3502197265625,"right":376.8000183105469,"left":16,"width":360.8000183105469,"height":1540.8250732421875},"answers":[{"identifier":"28918943","top":-2485.0625,"bottom":-1113.7249755859375,"right":376.8000183105469,"left":16,"width":360.8000183105469,"height":1371.3375244140625},{"identifier":"28918951","top":-1113.7249755859375,"bottom":519.3125,"right":376.8000183105469,"left":16,"width":360.8000183105469,"height":1633.0374755859375}]}},{"timestamp":"2022-11-15T23:10:50.607Z","url":"https://stackoverflow.com/questions/28918845/what-exactly-does-serving-static-files-mean","component":"page","action":"scroll","data":{"viewport":{"x":0,"y":4250.39990234375,"height":642,"width":410},"document":{"height":7038,"width":393},"question":{"identifier":"28918845","top":-4086.97509765625,"bottom":-2546.1500244140625,"right":376.8000183105469,"left":16,"width":360.8000183105469,"height":1540.8250732421875},"answers":[{"identifier":"28918943","top":-2465.862548828125,"bottom":-1094.5250244140625,"right":376.8000183105469,"left":16,"width":360.8000183105469,"height":1371.3375244140625},{"identifier":"28918951","top":-1094.5250244140625,"bottom":538.512451171875,"right":376.8000183105469,"left":16,"width":360.8000183105469,"height":1633.0374755859375}]}},{"timestamp":"2022-11-15T23:10:54.709Z","url":"https://stackoverflow.com/questions/28918845/what-exactly-does-serving-static-files-mean","component":"page","action":"scroll","data":{"viewport":{"x":0,"y":4020,"height":642,"width":410},"document":{"height":7038,"width":393},"question":{"identifier":"28918845","top":-3856.574951171875,"bottom":-2315.7498779296875,"right":376.8000183105469,"left":16,"width":360.8000183105469,"height":1540.8250732421875},"answers":[{"identifier":"28918943","top":-2235.462646484375,"bottom":-864.1251220703125,"right":376.8000183105469,"left":16,"width":360.8000183105469,"height":1371.3375244140625},{"identifier":"28918951","top":-864.125,"bottom":768.9124755859375,"right":376.8000183105469,"left":16,"width":360.8000183105469,"height":1633.0374755859375}]}},{"timestamp":"2022-11-15T23:10:55.606Z","url":"https://stackoverflow.com/questions/28918845/what-exactly-does-serving-static-files-mean","component":"page","action":"scroll","data":{"viewport":{"x":0,"y":4001.60009765625,"height":642,"width":410},"document":{"height":7038,"width":393},"question":{"identifier":"28918845","top":-3838.175048828125,"bottom":-2297.3499755859375,"right":376.8000183105469,"left":16,"width":360.8000183105469,"height":1540.8250732421875},"answers":[{"identifier":"28918943","top":-2217.0625,"bottom":-845.7249755859375,"right":376.8000183105469,"left":16,"width":360.8000183105469,"height":1371.3375244140625},{"identifier":"28918951","top":-845.7250366210938,"bottom":787.3124389648438,"right":376.8000183105469,"left":16,"width":360.8000183105469,"height":1633.0374755859375}]}},{"timestamp":"2022-11-15T23:10:57.116Z","url":"https://stackoverflow.com/questions/28918845/what-exactly-does-serving-static-files-mean","component":"page","action":"scroll","data":{"viewport":{"x":0,"y":4020,"height":642,"width":410},"document":{"height":7038,"width":393},"question":{"identifier":"28918845","top":-3856.574951171875,"bottom":-2315.7498779296875,"right":376.8000183105469,"left":16,"width":360.8000183105469,"height":1540.8250732421875},"answers":[{"identifier":"28918943","top":-2235.462646484375,"bottom":-864.1251220703125,"right":376.8000183105469,"left":16,"width":360.8000183105469,"height":1371.3375244140625},{"identifier":"28918951","top":-864.125,"bottom":768.9124755859375,"right":376.8000183105469,"left":16,"width":360.8000183105469,"height":1633.0374755859375}]}},{"timestamp":"2022-11-15T23:11:06.494Z","url":"https://stackoverflow.com/questions/28918845/what-exactly-does-serving-static-files-mean","component":"page","action":"scroll","data":{"viewport":{"x":0,"y":3151.199951171875,"height":642,"width":410},"document":{"height":7038,"width":393},"question":{"identifier":"28918845","top":-2987.775146484375,"bottom":-1446.9500732421875,"right":376.8000183105469,"left":16,"width":360.8000183105469,"height":1540.8250732421875},"answers":[{"identifier":"28918943","top":-1366.6624755859375,"bottom":4.675048828125,"right":376.8000183105469,"left":16,"width":360.8000183105469,"height":1371.3375244140625},{"identifier":"28918951","top":4.675000190734863,"bottom":1637.7124757766724,"right":376.8000183105469,"left":16,"width":360.8000183105469,"height":1633.0374755859375}]}},{"timestamp":"2022-11-15T23:11:07.135Z","url":"https://stackoverflow.com/questions/28918845/what-exactly-does-serving-static-files-mean","component":"page","action":"scroll","data":{"viewport":{"x":0,"y":3114.39990234375,"height":642,"width":410},"document":{"height":7038,"width":393},"question":{"identifier":"28918845","top":-2950.97509765625,"bottom":-1410.1500244140625,"right":376.8000183105469,"left":16,"width":360.8000183105469,"height":1540.8250732421875},"answers":[{"identifier":"28918943","top":-1329.862548828125,"bottom":41.4749755859375,"right":376.8000183105469,"left":16,"width":360.8000183105469,"height":1371.3375244140625},{"identifier":"28918951","top":41.47500228881836,"bottom":1674.5124778747559,"right":376.8000183105469,"left":16,"width":360.8000183105469,"height":1633.0374755859375}]}},{"timestamp":"2022-11-15T23:11:10.123Z","url":"https://stackoverflow.com/questions/28918845/what-exactly-does-serving-static-files-mean","component":"page","action":"selection","data":"app.use(express.static(path.join(__dirname, 'public')));\n\n"},{"timestamp":"2022-11-15T23:11:10.480Z","url":"https://stackoverflow.com/questions/28918845/what-exactly-does-serving-static-files-mean","component":"page","action":"copy","data":"app.use(express.static(path.join(__dirname, 'public')));\n\n"}]}]}