{"id":"65727_4","conditions":[{"taskId":4,"taskName":"sort","enableFragments":false,"enableContext":true,"showContext":false,"provideSearchTerms":true,"sequence":3},{"taskId":3,"taskName":"clone","enableFragments":false,"enableContext":true,"showContext":false,"provideSearchTerms":true,"sequence":4},{"taskId":2,"taskName":"find","enableFragments":true,"enableContext":true,"showContext":true,"provideSearchTerms":true,"sequence":5},{"taskId":1,"taskName":"currency","enableFragments":true,"enableContext":true,"showContext":true,"provideSearchTerms":true,"sequence":6},{"taskId":5,"taskName":"recent","enableFragments":true,"enableContext":true,"showContext":true,"provideSearchTerms":false,"sequence":7},{"taskId":6,"taskName":"serve","enableFragments":false,"enableContext":false,"showContext":false,"provideSearchTerms":false,"sequence":8}],"activeTaskId":"serve","tasks":[{"id":"pre-study"},{"enableFragments":true,"enableContext":true,"showContext":true,"provideSearchTerms":true,"contextOverride":[{"source":"src/tutorial.js","name":"sumTradedShares","position":{"start":397,"end":545},"variables":[],"parameters":[{"source":"src/tutorial.js","name":"trades","position":{"start":429,"end":435},"type":{"name":"Trade[]"}}],"returnType":"number"}],"id":"tutorial","startTime":"2022-11-15T22:42:27.899Z","duration":325653,"timer":{"startTime":"2022-11-15T22:42:57.175Z","endTime":"2022-11-15T22:47:54.807Z"},"endTime":"2022-11-15T22:47:54.807Z"},{"enableFragments":true,"enableContext":true,"showContext":true,"contextOverride":[{"source":"src/currency.js","name":"printCurrency","position":{"start":593,"end":782},"variables":[],"parameters":[{"source":"src/currency.js","name":"amount","position":{"start":623,"end":629},"type":{"name":"number"}},{"source":"src/currency.js","name":"locale","position":{"start":631,"end":637},"type":{"name":"string"}},{"source":"src/currency.js","name":"currency","position":{"start":639,"end":647},"type":{"name":"string"}}],"returnType":"string"}],"provideSearchTerms":true,"searchTerms":"format currency","id":"currency","startTime":"2022-11-15T22:56:21.286Z","timer":{"startTime":"2022-11-15T22:56:21.286Z","endTime":"2022-11-15T22:59:52.735Z"},"duration":210319,"data":{"Q1":"5","Q2":"Scout is helping me so much. The results are easy to use.","Q3":"No","Q4":"I did not search outside the IDE."},"endTime":"2022-11-15T23:00:23.826Z"},{"enableFragments":true,"enableContext":true,"showContext":true,"contextOverride":[{"source":"src/find.js","name":"getTradeById","position":{"start":286,"end":506},"variables":[],"parameters":[{"source":"src/find.js","name":"trades","position":{"start":315,"end":321},"type":{"name":"Trade[]"}},{"source":"src/find.js","name":"id","position":{"start":323,"end":325},"type":{"name":"number"}}],"returnType":"Trade"}],"provideSearchTerms":true,"searchTerms":"find item in array by value","id":"find","startTime":"2022-11-15T22:54:02.583Z","timer":{"startTime":"2022-11-15T22:54:02.583Z","endTime":"2022-11-15T22:55:28.346Z"},"duration":85132,"data":{"Q1":"5","Q2":"The first search result in Scout was very useful.","Q3":"No.","Q4":"I did not search outside the IDE."},"endTime":"2022-11-15T22:56:13.064Z"},{"enableFragments":false,"enableContext":true,"showContext":false,"contextOverride":[{"source":"src/clone.js","name":"cloneTradeLedger","position":{"start":239,"end":406},"variables":[],"parameters":[{"source":"src/clone.js","name":"trades","position":{"start":272,"end":278},"type":{"name":"Trade[]"}}],"returnType":"Trade[]"}],"provideSearchTerms":true,"searchTerms":"clone array","id":"clone","startTime":"2022-11-15T22:51:15.919Z","timer":{"startTime":"2022-11-15T22:51:15.919Z","endTime":"2022-11-15T22:53:22.668Z"},"duration":126183,"data":{"Q1":"5","Q2":"Scout was helpful.","Q3":"No.","Q4":"I did not search outside the IDE."},"endTime":"2022-11-15T22:53:54.548Z"},{"enableFragments":false,"enableContext":true,"showContext":false,"contextOverride":[{"source":"src/sort.js","name":"sortTradesByShareCount","position":{"start":285,"end":524},"variables":[],"parameters":[{"source":"src/sort.js","name":"trades","position":{"start":324,"end":330},"type":{"name":"Trade[]"}}],"returnType":"Trade[]"}],"provideSearchTerms":true,"searchTerms":"sort array of objects descending","id":"sort","startTime":"2022-11-15T22:48:01.412Z","timer":{"startTime":"2022-11-15T22:48:01.412Z","endTime":"2022-11-15T22:50:28.583Z"},"duration":146168,"data":{"Q1":"5","Q2":"Finding the solution using Scout was easy.","Q3":"I have no further comments.","Q4":"I did not search outside the IDE."},"endTime":"2022-11-15T22:51:07.865Z"},{"enableFragments":true,"enableContext":true,"showContext":true,"contextOverride":[{"source":"src/recent.js","name":"moment","position":{"start":7,"end":13},"module":{"name":"moment","position":{"start":19,"end":27}},"references":[{"start":485,"end":491},{"start":753,"end":759},{"start":836,"end":842}]},{"source":"src/recent.js","name":"moment","position":{"start":485,"end":503},"variables":[],"arguments":[{"source":"src/recent.js","name":"","type":"Date","value":"new Date()","position":{"start":492,"end":502}}],"returnType":"any"},{"source":"src/recent.js","name":"moment","position":{"start":753,"end":768},"variables":[],"arguments":[{"source":"src/recent.js","name":"","type":"any","value":"endDate","position":{"start":760,"end":767}}],"returnType":"any"},{"source":"src/recent.js","name":"moment","position":{"start":836,"end":854},"variables":[],"arguments":[{"source":"src/recent.js","name":"","type":"any","value":"trade.date","position":{"start":843,"end":853}}],"returnType":"any"},{"source":"src/recent.js","name":"getPastTradesFrom","position":{"start":400,"end":938},"variables":[{"source":"src/recent.js","name":"endDate","position":{"start":475,"end":503},"type":{"name":"any"}},{"source":"src/recent.js","name":"startDate","position":{"start":741,"end":768},"type":{"name":"any"}}],"parameters":[{"source":"src/recent.js","name":"trades","position":{"start":434,"end":440},"type":{"name":"Trade[]"}},{"source":"src/recent.js","name":"from","position":{"start":442,"end":446},"type":{"name":"number"}},{"source":"src/recent.js","name":"unit","position":{"start":448,"end":461},"type":{"name":"string"}}],"returnType":"Trade[]"}],"provideSearchTerms":false,"searchTerms":"","id":"recent","startTime":"2022-11-15T23:00:33.672Z","timer":{"startTime":"2022-11-15T23:00:33.672Z","endTime":"2022-11-15T23:04:37.703Z"},"duration":243357,"data":{"Q1":"5","Q2":"This task was harder than the previous. Still Scout was very helpful!","Q3":"No","Q4":"I did not search outside the IDE."},"endTime":"2022-11-15T23:05:15.490Z"},{"enableFragments":false,"enableContext":false,"showContext":false,"contextOverride":[],"provideSearchTerms":false,"searchTerms":"","id":"serve","startTime":"2022-11-15T23:05:23.703Z","timer":{"startTime":"2022-11-15T23:05:23.703Z","endTime":"2022-11-15T23:12:32.177Z"},"duration":419004,"data":{"Q1":"1","Q2":"I wasn't so sure what search terms to use to find an answer using Scout.","Q3":"It would have been helpful to rank the searches based on number of StackOverflow likes.","Q4":"I did not search outside the IDE."},"endTime":"2022-11-15T23:13:30.258Z"},{"id":"post-study"}],"activations":["2022-11-15T22:41:34.289Z"]}