{"trialId":"17380_3","taskId":"sort","appEvents":[{"timestamp":"2022-11-23T01:28:02.257Z","name":"search","data":"search-start"},{"timestamp":"2022-11-23T01:28:03.473Z","name":"search","data":"search-done"},{"timestamp":"2022-11-23T01:30:07.871Z","name":"resize","data":{"height":698,"width":387}},{"timestamp":"2022-11-23T01:31:12.248Z","name":"resize","data":{"height":0,"width":0}}],"searches":[{"keywords":["sort","array","of","objects","descending"],"context":{"tokens":[{"kind":"language","value":"javascript"}]},"timestamp":"2022-11-23T01:28:02.256Z","results":[{"signatures":[],"areSignaturesLoading":true,"title":"Sorting an array of objects by property values - Stack Overflow","url":"https://stackoverflow.com/questions/979256/sorting-an-array-of-objects-by-property-values","displayLink":"https://stackoverflow.com › questions › sorting-an-arra...","date":"33 answers","snippet":"Sort homes by price in ascending order: homes.sort(function(a, b) { return parseFloat(a.price) - parseFloat(b.price); });. Or after ES6 version:","snippetHighlightWords":["Sort","ascending","sort"]},{"signatures":[],"areSignaturesLoading":true,"title":"Sorting an array of objects on both ascending and descending ...","url":"https://stackoverflow.com/questions/56809727/sorting-an-array-of-objects-on-both-ascending-and-descending-order-on-same-click","displayLink":"https://stackoverflow.com › questions › sorting-an-arra...","date":"Jun 28, 2019","snippet":"Sorting an array of objects on both ascending and descending order on same click · reverse the > to < and create a variable that can store the ...","snippetHighlightWords":["Sorting","array of objects","ascending","descending","reverse"]},{"signatures":[],"areSignaturesLoading":true,"title":"JavaScript: Sort an array of objects by a numeric property in ...","url":"https://stackoverflow.com/questions/54623130/javascript-sort-an-array-of-objects-by-a-numeric-property-in-each-object","displayLink":"https://stackoverflow.com › questions › javascript-sort-a...","date":"Feb 11, 2019","snippet":"sort() method does two things, it changes the original array so that it is in sorted order, and it also returns a reference to your original ...","snippetHighlightWords":["sort","array","sorted"]},{"signatures":[],"areSignaturesLoading":true,"title":"Sort by object key in descending order on Javascript/underscore","url":"https://stackoverflow.com/questions/31553155/sort-by-object-key-in-descending-order-on-javascript-underscore","displayLink":"https://stackoverflow.com › questions › sort-by-object-...","date":"Jul 22, 2015","snippet":"I want to sort this array object by key in descending order. So the expected output will be following like the latest date will come first.","snippetHighlightWords":["sort","array object","descending"]},{"signatures":[],"areSignaturesLoading":true,"title":"Javascript: Sorting Objects (not arrays) in descending","url":"https://stackoverflow.com/questions/56996782/javascript-sorting-objects-not-arrays-in-descending","displayLink":"https://stackoverflow.com › questions › javascript-sortin...","date":"Jul 11, 2019","snippet":"Get an array of arrays from Object.entries() .reverse() it; Convert it into a Map ( Map() guarantees order according to how it was entered) ...","snippetHighlightWords":["array","arrays","Object","reverse"]},{"signatures":[],"areSignaturesLoading":true,"title":"Sort array of objects by string property value - Stack Overflow","url":"https://stackoverflow.com/questions/1129216/sort-array-of-objects-by-string-property-value","displayLink":"https://stackoverflow.com › questions › sort-array-of-o...","snippet":"Use JavaScript sort method ... The sort method can be modified to sort anything like an array of numbers, strings and even objects using a compare function. A ...","snippetHighlightWords":["JavaScript sort","sort","sort","array","objects"]},{"signatures":[],"areSignaturesLoading":true,"title":"sort array of objects with letters and numbers in descending ...","url":"https://stackoverflow.com/questions/49365109/sort-array-of-objects-with-letters-and-numbers-in-descending-order","displayLink":"https://stackoverflow.com › questions › sort-array-of-o...","snippet":"You can use array#sort with string#localeCompare with numeric property set to true . const data = [{\"map_name\": \"PHX7260.","snippetHighlightWords":["array#sort"],"extensions":["Mar 19, 2018","3 answers"]},{"signatures":[],"areSignaturesLoading":true,"title":"How do I sort array of objects in descending order based on ...","url":"https://stackoverflow.com/questions/72084911/how-do-i-sort-array-of-objects-in-descending-order-based-on-alphanumeric-value-i","displayLink":"https://stackoverflow.com › questions › how-do-i-sort-a...","snippet":"You need a custom comparer function that will use the value property of your objects to make a descending alphabetic sort on your ArrOfObj.","snippetHighlightWords":["objects","descending","sort"],"extensions":["May 2, 2022","1 answer"]},{"signatures":[],"areSignaturesLoading":true,"title":"JS sort array of objets by specific string property (not ...","url":"https://stackoverflow.com/questions/65687818/js-sort-array-of-objets-by-specific-string-property-not-ascending-or-descending","displayLink":"https://stackoverflow.com › questions › js-sort-array-of-...","snippet":"You could take an object with the wanted order and take a large value as default for sorting. const data = [{ name: \"strawberries\", ...","snippetHighlightWords":["object","sorting"],"extensions":["Jan 12, 2021","5 answers"]},{"signatures":[],"areSignaturesLoading":true,"title":"How can I sort a javascript array of objects numerically and ...","url":"https://stackoverflow.com/questions/12900058/how-can-i-sort-a-javascript-array-of-objects-numerically-and-then-alphabetically","displayLink":"https://stackoverflow.com › questions › how-can-i-sort-...","snippet":"items.sort(function(a, b) { return (a.id - b.id); ...","snippetHighlightWords":["sort"]}],"events":[{"timestamp":"2022-11-23T01:28:02.299Z","url":"https://stackoverflow.com/questions/979256/sorting-an-array-of-objects-by-property-values","component":"projection","action":"load","data":{"height":60,"width":353.7875061035156,"wc":19,"lc":1}},{"timestamp":"2022-11-23T01:28:02.299Z","url":"https://stackoverflow.com/questions/56809727/sorting-an-array-of-objects-on-both-ascending-and-descending-order-on-same-click","component":"projection","action":"load","data":{"height":82,"width":341.75,"wc":29,"lc":1}},{"timestamp":"2022-11-23T01:28:02.299Z","url":"https://stackoverflow.com/questions/54623130/javascript-sort-an-array-of-objects-by-a-numeric-property-in-each-object","component":"projection","action":"load","data":{"height":60,"width":340.3625183105469,"wc":27,"lc":1}},{"timestamp":"2022-11-23T01:28:02.299Z","url":"https://stackoverflow.com/questions/31553155/sort-by-object-key-in-descending-order-on-javascript-underscore","component":"projection","action":"load","data":{"height":60,"width":355.125,"wc":26,"lc":1}},{"timestamp":"2022-11-23T01:28:02.299Z","url":"https://stackoverflow.com/questions/56996782/javascript-sorting-objects-not-arrays-in-descending","component":"projection","action":"load","data":{"height":82,"width":358.0249938964844,"wc":25,"lc":1}},{"timestamp":"2022-11-23T01:28:02.299Z","url":"https://stackoverflow.com/questions/1129216/sort-array-of-objects-by-string-property-value","component":"projection","action":"load","data":{"height":60,"width":352.70001220703125,"wc":29,"lc":1}},{"timestamp":"2022-11-23T01:28:02.299Z","url":"https://stackoverflow.com/questions/49365109/sort-array-of-objects-with-letters-and-numbers-in-descending-order","component":"projection","action":"load","data":{"height":60,"width":351.8999938964844,"wc":18,"lc":1}},{"timestamp":"2022-11-23T01:28:02.300Z","url":"https://stackoverflow.com/questions/72084911/how-do-i-sort-array-of-objects-in-descending-order-based-on-alphanumeric-value-i","component":"projection","action":"load","data":{"height":60,"width":340.9875183105469,"wc":24,"lc":1}},{"timestamp":"2022-11-23T01:28:02.300Z","url":"https://stackoverflow.com/questions/65687818/js-sort-array-of-objets-by-specific-string-property-not-ascending-or-descending","component":"projection","action":"load","data":{"height":60,"width":356.7749938964844,"wc":25,"lc":1}},{"timestamp":"2022-11-23T01:28:02.300Z","url":"https://stackoverflow.com/questions/12900058/how-can-i-sort-a-javascript-array-of-objects-numerically-and-then-alphabetically","component":"projection","action":"load","data":{"height":16,"width":294.75,"wc":8,"lc":1}},{"timestamp":"2022-11-23T01:28:03.473Z","url":"https://stackoverflow.com/questions/979256/sorting-an-array-of-objects-by-property-values","component":"projection","action":"loaded","data":"projection 10 of 10"},{"timestamp":"2022-11-23T01:28:03.473Z","url":"https://stackoverflow.com/questions/56809727/sorting-an-array-of-objects-on-both-ascending-and-descending-order-on-same-click","component":"projection","action":"loaded","data":"projection 9 of 10"},{"timestamp":"2022-11-23T01:28:03.473Z","url":"https://stackoverflow.com/questions/54623130/javascript-sort-an-array-of-objects-by-a-numeric-property-in-each-object","component":"projection","action":"loaded","data":"projection 8 of 10"},{"timestamp":"2022-11-23T01:28:03.473Z","url":"https://stackoverflow.com/questions/31553155/sort-by-object-key-in-descending-order-on-javascript-underscore","component":"projection","action":"loaded","data":"projection 7 of 10"},{"timestamp":"2022-11-23T01:28:03.473Z","url":"https://stackoverflow.com/questions/56996782/javascript-sorting-objects-not-arrays-in-descending","component":"projection","action":"loaded","data":"projection 6 of 10"},{"timestamp":"2022-11-23T01:28:03.473Z","url":"https://stackoverflow.com/questions/1129216/sort-array-of-objects-by-string-property-value","component":"projection","action":"loaded","data":"projection 5 of 10"},{"timestamp":"2022-11-23T01:28:03.473Z","url":"https://stackoverflow.com/questions/49365109/sort-array-of-objects-with-letters-and-numbers-in-descending-order","component":"projection","action":"loaded","data":"projection 4 of 10"},{"timestamp":"2022-11-23T01:28:03.473Z","url":"https://stackoverflow.com/questions/72084911/how-do-i-sort-array-of-objects-in-descending-order-based-on-alphanumeric-value-i","component":"projection","action":"loaded","data":"projection 3 of 10"},{"timestamp":"2022-11-23T01:28:03.473Z","url":"https://stackoverflow.com/questions/65687818/js-sort-array-of-objets-by-specific-string-property-not-ascending-or-descending","component":"projection","action":"loaded","data":"projection 2 of 10"},{"timestamp":"2022-11-23T01:28:03.473Z","url":"https://stackoverflow.com/questions/12900058/how-can-i-sort-a-javascript-array-of-objects-numerically-and-then-alphabetically","component":"projection","action":"loaded","data":"projection 1 of 10"},{"timestamp":"2022-11-23T01:28:04.695Z","url":"https://stackoverflow.com/questions/56809727/sorting-an-array-of-objects-on-both-ascending-and-descending-order-on-same-click","component":"projection","action":"mouseenter"},{"timestamp":"2022-11-23T01:28:05.145Z","url":"https://stackoverflow.com/questions/56809727/sorting-an-array-of-objects-on-both-ascending-and-descending-order-on-same-click","component":"projection","action":"mouseleave"},{"timestamp":"2022-11-23T01:28:09.242Z","url":"https://stackoverflow.com/questions/979256/sorting-an-array-of-objects-by-property-values","component":"projection","action":"mouseenter"},{"timestamp":"2022-11-23T01:28:11.411Z","url":"https://stackoverflow.com/questions/979256/sorting-an-array-of-objects-by-property-values","component":"page","action":"open"},{"timestamp":"2022-11-23T01:28:11.434Z","url":"https://stackoverflow.com/questions/979256/sorting-an-array-of-objects-by-property-values","component":"projection","action":"mouseleave"},{"timestamp":"2022-11-23T01:28:12.256Z","url":"https://stackoverflow.com/questions/979256/sorting-an-array-of-objects-by-property-values","component":"page","action":"load"},{"timestamp":"2022-11-23T01:28:15.278Z","url":"https://stackoverflow.com/questions/979256/sorting-an-array-of-objects-by-property-values","component":"page","action":"scroll","data":{"viewport":{"x":0,"y":1200,"height":638,"width":383},"document":{"height":34171,"width":366},"question":{"identifier":"979256","top":-1036.5750732421875,"bottom":21.0625,"right":350.3999938964844,"left":16,"width":334.3999938964844,"height":1057.6375732421875},"answers":[{"identifier":"979289","top":138.35000610351562,"bottom":1732.0749816894531,"right":350.3999938964844,"left":16,"width":334.3999938964844,"height":1593.7249755859375},{"identifier":"979325","top":1732.0750732421875,"bottom":3191.2000732421875,"right":350.3999938964844,"left":16,"width":334.3999938964844,"height":1459.125},{"identifier":"979278","top":3191.199951171875,"bottom":3996.324951171875,"right":350.3999938964844,"left":16,"width":334.3999938964844,"height":805.125},{"identifier":"19970578","top":3996.324951171875,"bottom":4967.262451171875,"right":350.3999938964844,"left":16,"width":334.3999938964844,"height":970.9375},{"identifier":"40796335","top":4967.2626953125,"bottom":6077.9002685546875,"right":350.3999938964844,"left":16,"width":334.3999938964844,"height":1110.6375732421875},{"identifier":"26762192","top":6077.89990234375,"bottom":8891.1875,"right":350.3999938964844,"left":16,"width":334.3999938964844,"height":2813.28759765625},{"identifier":"979295","top":8891.1875,"bottom":9502.8125,"right":350.3999938964844,"left":16,"width":334.3999938964844,"height":611.625},{"identifier":"37440769","top":9502.8125,"bottom":10401.150024414062,"right":350.3999938964844,"left":16,"width":334.3999938964844,"height":898.3375244140625},{"identifier":"54346678","top":10401.150390625,"bottom":10957.887878417969,"right":350.3999938964844,"left":16,"width":334.3999938964844,"height":556.7374877929688},{"identifier":"60641752","top":10957.8876953125,"bottom":11617.225219726562,"right":350.3999938964844,"left":16,"width":334.3999938964844,"height":659.3375244140625},{"identifier":"45534960","top":11617.2255859375,"bottom":12649.363159179688,"right":350.3999938964844,"left":16,"width":334.3999938964844,"height":1032.1375732421875},{"identifier":"56594176","top":12649.3623046875,"bottom":13079.499816894531,"right":350.3999938964844,"left":16,"width":334.3999938964844,"height":430.13751220703125},{"identifier":"50652203","top":13079.5,"bottom":14658.337524414062,"right":350.3999938964844,"left":16,"width":334.3999938964844,"height":1578.8375244140625},{"identifier":"21399152","top":14658.337890625,"bottom":15844.975463867188,"right":350.3999938964844,"left":16,"width":334.3999938964844,"height":1186.6375732421875},{"identifier":"20421221","top":15844.9755859375,"bottom":17349.013061523438,"right":350.3999938964844,"left":16,"width":334.3999938964844,"height":1504.0374755859375},{"identifier":"979296","top":17349.013671875,"bottom":17861.75115966797,"right":350.3999938964844,"left":16,"width":334.3999938964844,"height":512.7374877929688},{"identifier":"25624937","top":17861.75,"bottom":18780.787536621094,"right":350.3999938964844,"left":16,"width":334.3999938964844,"height":919.0375366210938},{"identifier":"32773923","top":18780.787109375,"bottom":20494.224609375,"right":350.3999938964844,"left":16,"width":334.3999938964844,"height":1713.4375},{"identifier":"38585024","top":20494.224609375,"bottom":20820.762115478516,"right":350.3999938964844,"left":16,"width":334.3999938964844,"height":326.5375061035156},{"identifier":"48662313","top":20820.763671875,"bottom":21783.40118408203,"right":350.3999938964844,"left":16,"width":334.3999938964844,"height":962.6375122070312},{"identifier":"66636162","top":21783.400390625,"bottom":23095.187866210938,"right":350.3999938964844,"left":16,"width":334.3999938964844,"height":1311.7874755859375},{"identifier":"72601832","top":23095.1875,"bottom":23678.32501220703,"right":350.3999938964844,"left":16,"width":334.3999938964844,"height":583.1375122070312},{"identifier":"30066050","top":23678.326171875,"bottom":24050.363677978516,"right":350.3999938964844,"left":16,"width":334.3999938964844,"height":372.0375061035156},{"identifier":"42100506","top":24050.36328125,"bottom":25502.30078125,"right":350.3999938964844,"left":16,"width":334.3999938964844,"height":1451.9375},{"identifier":"55088845","top":25502.30078125,"bottom":26378.23828125,"right":350.3999938964844,"left":16,"width":334.3999938964844,"height":875.9375},{"identifier":"43635307","top":26378.23828125,"bottom":26891.87579345703,"right":350.3999938964844,"left":16,"width":334.3999938964844,"height":513.6375122070312},{"identifier":"49146133","top":26891.875,"bottom":28018.612548828125,"right":350.3999938964844,"left":16,"width":334.3999938964844,"height":1126.737548828125},{"identifier":"26650562","top":28018.61328125,"bottom":28917.05078125,"right":350.3999938964844,"left":16,"width":334.3999938964844,"height":898.4375},{"identifier":"28247369","top":28917.05078125,"bottom":29301.088287353516,"right":350.3999938964844,"left":16,"width":334.3999938964844,"height":384.0375061035156},{"identifier":"36379158","top":29301.087890625,"bottom":30817.625366210938,"right":350.3999938964844,"left":16,"width":334.3999938964844,"height":1516.5374755859375}]}},{"timestamp":"2022-11-23T01:28:18.867Z","url":"https://stackoverflow.com/questions/979256/sorting-an-array-of-objects-by-property-values","component":"page","action":"copy","data":"homes.sort(function(a, b) {\n    return parseFloat(a.price) - parseFloat(b.price);\n});"},{"timestamp":"2022-11-23T01:28:18.969Z","url":"https://stackoverflow.com/questions/979256/sorting-an-array-of-objects-by-property-values","component":"page","action":"selection","data":"homes.sort(function(a, b) {\n    return parseFloat(a.price) - parseFloat(b.price);\n});"},{"timestamp":"2022-11-23T01:29:01.697Z","url":"https://stackoverflow.com/questions/979256/sorting-an-array-of-objects-by-property-values","component":"page","action":"scroll","data":{"viewport":{"x":0,"y":1300,"height":638,"width":383},"document":{"height":34171,"width":366},"question":{"identifier":"979256","top":-1136.5750732421875,"bottom":-78.9375,"right":350.3999938964844,"left":16,"width":334.3999938964844,"height":1057.6375732421875},"answers":[{"identifier":"979289","top":38.35000228881836,"bottom":1632.0749778747559,"right":350.3999938964844,"left":16,"width":334.3999938964844,"height":1593.7249755859375},{"identifier":"979325","top":1632.0750732421875,"bottom":3091.2000732421875,"right":350.3999938964844,"left":16,"width":334.3999938964844,"height":1459.125},{"identifier":"979278","top":3091.199951171875,"bottom":3896.324951171875,"right":350.3999938964844,"left":16,"width":334.3999938964844,"height":805.125},{"identifier":"19970578","top":3896.324951171875,"bottom":4867.262451171875,"right":350.3999938964844,"left":16,"width":334.3999938964844,"height":970.9375},{"identifier":"40796335","top":4867.2626953125,"bottom":5977.9002685546875,"right":350.3999938964844,"left":16,"width":334.3999938964844,"height":1110.6375732421875},{"identifier":"26762192","top":5977.89990234375,"bottom":8791.1875,"right":350.3999938964844,"left":16,"width":334.3999938964844,"height":2813.28759765625},{"identifier":"979295","top":8791.1875,"bottom":9402.8125,"right":350.3999938964844,"left":16,"width":334.3999938964844,"height":611.625},{"identifier":"37440769","top":9402.8125,"bottom":10301.150024414062,"right":350.3999938964844,"left":16,"width":334.3999938964844,"height":898.3375244140625},{"identifier":"54346678","top":10301.150390625,"bottom":10857.887878417969,"right":350.3999938964844,"left":16,"width":334.3999938964844,"height":556.7374877929688},{"identifier":"60641752","top":10857.8876953125,"bottom":11517.225219726562,"right":350.3999938964844,"left":16,"width":334.3999938964844,"height":659.3375244140625},{"identifier":"45534960","top":11517.2255859375,"bottom":12549.363159179688,"right":350.3999938964844,"left":16,"width":334.3999938964844,"height":1032.1375732421875},{"identifier":"56594176","top":12549.3623046875,"bottom":12979.499816894531,"right":350.3999938964844,"left":16,"width":334.3999938964844,"height":430.13751220703125},{"identifier":"50652203","top":12979.5,"bottom":14558.337524414062,"right":350.3999938964844,"left":16,"width":334.3999938964844,"height":1578.8375244140625},{"identifier":"21399152","top":14558.337890625,"bottom":15744.975463867188,"right":350.3999938964844,"left":16,"width":334.3999938964844,"height":1186.6375732421875},{"identifier":"20421221","top":15744.9755859375,"bottom":17249.013061523438,"right":350.3999938964844,"left":16,"width":334.3999938964844,"height":1504.0374755859375},{"identifier":"979296","top":17249.013671875,"bottom":17761.75115966797,"right":350.3999938964844,"left":16,"width":334.3999938964844,"height":512.7374877929688},{"identifier":"25624937","top":17761.75,"bottom":18680.787536621094,"right":350.3999938964844,"left":16,"width":334.3999938964844,"height":919.0375366210938},{"identifier":"32773923","top":18680.787109375,"bottom":20394.224609375,"right":350.3999938964844,"left":16,"width":334.3999938964844,"height":1713.4375},{"identifier":"38585024","top":20394.224609375,"bottom":20720.762115478516,"right":350.3999938964844,"left":16,"width":334.3999938964844,"height":326.5375061035156},{"identifier":"48662313","top":20720.763671875,"bottom":21683.40118408203,"right":350.3999938964844,"left":16,"width":334.3999938964844,"height":962.6375122070312},{"identifier":"66636162","top":21683.400390625,"bottom":22995.187866210938,"right":350.3999938964844,"left":16,"width":334.3999938964844,"height":1311.7874755859375},{"identifier":"72601832","top":22995.1875,"bottom":23578.32501220703,"right":350.3999938964844,"left":16,"width":334.3999938964844,"height":583.1375122070312},{"identifier":"30066050","top":23578.326171875,"bottom":23950.363677978516,"right":350.3999938964844,"left":16,"width":334.3999938964844,"height":372.0375061035156},{"identifier":"42100506","top":23950.36328125,"bottom":25402.30078125,"right":350.3999938964844,"left":16,"width":334.3999938964844,"height":1451.9375},{"identifier":"55088845","top":25402.30078125,"bottom":26278.23828125,"right":350.3999938964844,"left":16,"width":334.3999938964844,"height":875.9375},{"identifier":"43635307","top":26278.23828125,"bottom":26791.87579345703,"right":350.3999938964844,"left":16,"width":334.3999938964844,"height":513.6375122070312},{"identifier":"49146133","top":26791.875,"bottom":27918.612548828125,"right":350.3999938964844,"left":16,"width":334.3999938964844,"height":1126.737548828125},{"identifier":"26650562","top":27918.61328125,"bottom":28817.05078125,"right":350.3999938964844,"left":16,"width":334.3999938964844,"height":898.4375},{"identifier":"28247369","top":28817.05078125,"bottom":29201.088287353516,"right":350.3999938964844,"left":16,"width":334.3999938964844,"height":384.0375061035156},{"identifier":"36379158","top":29201.087890625,"bottom":30717.625366210938,"right":350.3999938964844,"left":16,"width":334.3999938964844,"height":1516.5374755859375}]}},{"timestamp":"2022-11-23T01:29:06.650Z","url":"https://stackoverflow.com/questions/979256/sorting-an-array-of-objects-by-property-values","component":"page","action":"selection","data":"homes.sort((a, b) => parseFloat(b.price) - parseFloat(a.price))"},{"timestamp":"2022-11-23T01:29:07.596Z","url":"https://stackoverflow.com/questions/979256/sorting-an-array-of-objects-by-property-values","component":"page","action":"copy","data":"homes.sort((a, b) => parseFloat(b.price) - parseFloat(a.price));"},{"timestamp":"2022-11-23T01:29:07.696Z","url":"https://stackoverflow.com/questions/979256/sorting-an-array-of-objects-by-property-values","component":"page","action":"selection","data":"homes.sort((a, b) => parseFloat(b.price) - parseFloat(a.price));"},{"timestamp":"2022-11-23T01:29:51.838Z","url":"https://stackoverflow.com/questions/979256/sorting-an-array-of-objects-by-property-values","component":"page","action":"scroll","data":{"viewport":{"x":0,"y":0,"height":638,"width":383},"document":{"height":34171,"width":366},"question":{"identifier":"979256","top":163.4250030517578,"bottom":1221.0625762939453,"right":350.3999938964844,"left":16,"width":334.3999938964844,"height":1057.6375732421875},"answers":[{"identifier":"979289","top":1338.3499755859375,"bottom":2932.074951171875,"right":350.3999938964844,"left":16,"width":334.3999938964844,"height":1593.7249755859375},{"identifier":"979325","top":2932.074951171875,"bottom":4391.199951171875,"right":350.3999938964844,"left":16,"width":334.3999938964844,"height":1459.125},{"identifier":"979278","top":4391.2001953125,"bottom":5196.3251953125,"right":350.3999938964844,"left":16,"width":334.3999938964844,"height":805.125},{"identifier":"19970578","top":5196.3251953125,"bottom":6167.2626953125,"right":350.3999938964844,"left":16,"width":334.3999938964844,"height":970.9375},{"identifier":"40796335","top":6167.2626953125,"bottom":7277.9002685546875,"right":350.3999938964844,"left":16,"width":334.3999938964844,"height":1110.6375732421875},{"identifier":"26762192","top":7277.89990234375,"bottom":10091.1875,"right":350.3999938964844,"left":16,"width":334.3999938964844,"height":2813.28759765625},{"identifier":"979295","top":10091.1875,"bottom":10702.8125,"right":350.3999938964844,"left":16,"width":334.3999938964844,"height":611.625},{"identifier":"37440769","top":10702.8125,"bottom":11601.150024414062,"right":350.3999938964844,"left":16,"width":334.3999938964844,"height":898.3375244140625},{"identifier":"54346678","top":11601.150390625,"bottom":12157.887878417969,"right":350.3999938964844,"left":16,"width":334.3999938964844,"height":556.7374877929688},{"identifier":"60641752","top":12157.8876953125,"bottom":12817.225219726562,"right":350.3999938964844,"left":16,"width":334.3999938964844,"height":659.3375244140625},{"identifier":"45534960","top":12817.2255859375,"bottom":13849.363159179688,"right":350.3999938964844,"left":16,"width":334.3999938964844,"height":1032.1375732421875},{"identifier":"56594176","top":13849.3623046875,"bottom":14279.499816894531,"right":350.3999938964844,"left":16,"width":334.3999938964844,"height":430.13751220703125},{"identifier":"50652203","top":14279.5,"bottom":15858.337524414062,"right":350.3999938964844,"left":16,"width":334.3999938964844,"height":1578.8375244140625},{"identifier":"21399152","top":15858.337890625,"bottom":17044.975463867188,"right":350.3999938964844,"left":16,"width":334.3999938964844,"height":1186.6375732421875},{"identifier":"20421221","top":17044.974609375,"bottom":18549.012084960938,"right":350.3999938964844,"left":16,"width":334.3999938964844,"height":1504.0374755859375},{"identifier":"979296","top":18549.013671875,"bottom":19061.75115966797,"right":350.3999938964844,"left":16,"width":334.3999938964844,"height":512.7374877929688},{"identifier":"25624937","top":19061.75,"bottom":19980.787536621094,"right":350.3999938964844,"left":16,"width":334.3999938964844,"height":919.0375366210938},{"identifier":"32773923","top":19980.787109375,"bottom":21694.224609375,"right":350.3999938964844,"left":16,"width":334.3999938964844,"height":1713.4375},{"identifier":"38585024","top":21694.224609375,"bottom":22020.762115478516,"right":350.3999938964844,"left":16,"width":334.3999938964844,"height":326.5375061035156},{"identifier":"48662313","top":22020.763671875,"bottom":22983.40118408203,"right":350.3999938964844,"left":16,"width":334.3999938964844,"height":962.6375122070312},{"identifier":"66636162","top":22983.400390625,"bottom":24295.187866210938,"right":350.3999938964844,"left":16,"width":334.3999938964844,"height":1311.7874755859375},{"identifier":"72601832","top":24295.1875,"bottom":24878.32501220703,"right":350.3999938964844,"left":16,"width":334.3999938964844,"height":583.1375122070312},{"identifier":"30066050","top":24878.326171875,"bottom":25250.363677978516,"right":350.3999938964844,"left":16,"width":334.3999938964844,"height":372.0375061035156},{"identifier":"42100506","top":25250.36328125,"bottom":26702.30078125,"right":350.3999938964844,"left":16,"width":334.3999938964844,"height":1451.9375},{"identifier":"55088845","top":26702.30078125,"bottom":27578.23828125,"right":350.3999938964844,"left":16,"width":334.3999938964844,"height":875.9375},{"identifier":"43635307","top":27578.23828125,"bottom":28091.87579345703,"right":350.3999938964844,"left":16,"width":334.3999938964844,"height":513.6375122070312},{"identifier":"49146133","top":28091.875,"bottom":29218.612548828125,"right":350.3999938964844,"left":16,"width":334.3999938964844,"height":1126.737548828125},{"identifier":"26650562","top":29218.61328125,"bottom":30117.05078125,"right":350.3999938964844,"left":16,"width":334.3999938964844,"height":898.4375},{"identifier":"28247369","top":30117.05078125,"bottom":30501.088287353516,"right":350.3999938964844,"left":16,"width":334.3999938964844,"height":384.0375061035156},{"identifier":"36379158","top":30501.087890625,"bottom":32017.625366210938,"right":350.3999938964844,"left":16,"width":334.3999938964844,"height":1516.5374755859375}]}},{"timestamp":"2022-11-23T01:29:51.919Z","url":"https://stackoverflow.com/questions/979256/sorting-an-array-of-objects-by-property-values","component":"page","action":"close"},{"timestamp":"2022-11-23T01:29:52.259Z","url":"https://stackoverflow.com/questions/979256/sorting-an-array-of-objects-by-property-values","component":"projection","action":"mouseenter"},{"timestamp":"2022-11-23T01:29:52.292Z","url":"https://stackoverflow.com/questions/979256/sorting-an-array-of-objects-by-property-values","component":"projection","action":"mouseleave"},{"timestamp":"2022-11-23T01:29:52.294Z","url":"https://stackoverflow.com/questions/56809727/sorting-an-array-of-objects-on-both-ascending-and-descending-order-on-same-click","component":"projection","action":"mouseenter"},{"timestamp":"2022-11-23T01:29:53.976Z","url":"https://stackoverflow.com/questions/56809727/sorting-an-array-of-objects-on-both-ascending-and-descending-order-on-same-click","component":"projection","action":"mouseleave"},{"timestamp":"2022-11-23T01:29:53.979Z","url":"https://stackoverflow.com/questions/979256/sorting-an-array-of-objects-by-property-values","component":"projection","action":"mouseenter"},{"timestamp":"2022-11-23T01:29:54.398Z","url":"https://stackoverflow.com/questions/979256/sorting-an-array-of-objects-by-property-values","component":"projection","action":"mouseleave"},{"timestamp":"2022-11-23T01:30:06.038Z","url":"https://stackoverflow.com/questions/56809727/sorting-an-array-of-objects-on-both-ascending-and-descending-order-on-same-click","component":"projection","action":"mouseenter"},{"timestamp":"2022-11-23T01:30:06.071Z","url":"https://stackoverflow.com/questions/56809727/sorting-an-array-of-objects-on-both-ascending-and-descending-order-on-same-click","component":"projection","action":"mouseleave"},{"timestamp":"2022-11-23T01:30:06.075Z","url":"https://stackoverflow.com/questions/54623130/javascript-sort-an-array-of-objects-by-a-numeric-property-in-each-object","component":"projection","action":"mouseenter"},{"timestamp":"2022-11-23T01:30:06.217Z","url":"https://stackoverflow.com/questions/54623130/javascript-sort-an-array-of-objects-by-a-numeric-property-in-each-object","component":"projection","action":"mouseleave"},{"timestamp":"2022-11-23T01:30:07.621Z","url":"https://stackoverflow.com/questions/56809727/sorting-an-array-of-objects-on-both-ascending-and-descending-order-on-same-click","component":"projection","action":"mouseenter"},{"timestamp":"2022-11-23T01:30:07.670Z","url":"https://stackoverflow.com/questions/56809727/sorting-an-array-of-objects-on-both-ascending-and-descending-order-on-same-click","component":"projection","action":"mouseleave"},{"timestamp":"2022-11-23T01:30:07.672Z","url":"https://stackoverflow.com/questions/979256/sorting-an-array-of-objects-by-property-values","component":"projection","action":"mouseenter"},{"timestamp":"2022-11-23T01:30:07.720Z","url":"https://stackoverflow.com/questions/979256/sorting-an-array-of-objects-by-property-values","component":"projection","action":"mouseleave"},{"timestamp":"2022-11-23T01:30:08.537Z","url":"https://stackoverflow.com/questions/979256/sorting-an-array-of-objects-by-property-values","component":"projection","action":"mouseenter"},{"timestamp":"2022-11-23T01:30:08.670Z","url":"https://stackoverflow.com/questions/979256/sorting-an-array-of-objects-by-property-values","component":"projection","action":"mouseleave"},{"timestamp":"2022-11-23T01:30:08.672Z","url":"https://stackoverflow.com/questions/56809727/sorting-an-array-of-objects-on-both-ascending-and-descending-order-on-same-click","component":"projection","action":"mouseenter"},{"timestamp":"2022-11-23T01:30:09.020Z","url":"https://stackoverflow.com/questions/56809727/sorting-an-array-of-objects-on-both-ascending-and-descending-order-on-same-click","component":"projection","action":"mouseleave"},{"timestamp":"2022-11-23T01:30:09.022Z","url":"https://stackoverflow.com/questions/54623130/javascript-sort-an-array-of-objects-by-a-numeric-property-in-each-object","component":"projection","action":"mouseenter"},{"timestamp":"2022-11-23T01:30:09.087Z","url":"https://stackoverflow.com/questions/54623130/javascript-sort-an-array-of-objects-by-a-numeric-property-in-each-object","component":"projection","action":"mouseleave"},{"timestamp":"2022-11-23T01:30:09.088Z","url":"https://stackoverflow.com/questions/56996782/javascript-sorting-objects-not-arrays-in-descending","component":"projection","action":"mouseenter"},{"timestamp":"2022-11-23T01:30:09.353Z","url":"https://stackoverflow.com/questions/56996782/javascript-sorting-objects-not-arrays-in-descending","component":"projection","action":"mouseleave"},{"timestamp":"2022-11-23T01:30:09.355Z","url":"https://stackoverflow.com/questions/1129216/sort-array-of-objects-by-string-property-value","component":"projection","action":"mouseenter"},{"timestamp":"2022-11-23T01:30:09.387Z","url":"https://stackoverflow.com/questions/1129216/sort-array-of-objects-by-string-property-value","component":"projection","action":"mouseleave"},{"timestamp":"2022-11-23T01:30:09.388Z","url":"https://stackoverflow.com/questions/49365109/sort-array-of-objects-with-letters-and-numbers-in-descending-order","component":"projection","action":"mouseenter"},{"timestamp":"2022-11-23T01:30:09.423Z","url":"https://stackoverflow.com/questions/49365109/sort-array-of-objects-with-letters-and-numbers-in-descending-order","component":"projection","action":"mouseleave"},{"timestamp":"2022-11-23T01:30:09.425Z","url":"https://stackoverflow.com/questions/72084911/how-do-i-sort-array-of-objects-in-descending-order-based-on-alphanumeric-value-i","component":"projection","action":"mouseenter"},{"timestamp":"2022-11-23T01:30:09.703Z","url":"https://stackoverflow.com/questions/72084911/how-do-i-sort-array-of-objects-in-descending-order-based-on-alphanumeric-value-i","component":"projection","action":"mouseleave"},{"timestamp":"2022-11-23T01:30:09.704Z","url":"https://stackoverflow.com/questions/65687818/js-sort-array-of-objets-by-specific-string-property-not-ascending-or-descending","component":"projection","action":"mouseenter"},{"timestamp":"2022-11-23T01:30:10.120Z","url":"https://stackoverflow.com/questions/65687818/js-sort-array-of-objets-by-specific-string-property-not-ascending-or-descending","component":"projection","action":"mouseleave"},{"timestamp":"2022-11-23T01:30:10.127Z","url":"https://stackoverflow.com/questions/12900058/how-can-i-sort-a-javascript-array-of-objects-numerically-and-then-alphabetically","component":"projection","action":"mouseenter"},{"timestamp":"2022-11-23T01:30:10.477Z","url":"https://stackoverflow.com/questions/12900058/how-can-i-sort-a-javascript-array-of-objects-numerically-and-then-alphabetically","component":"projection","action":"mouseleave"},{"timestamp":"2022-11-23T01:30:11.106Z","url":"https://stackoverflow.com/questions/12900058/how-can-i-sort-a-javascript-array-of-objects-numerically-and-then-alphabetically","component":"projection","action":"mouseenter"},{"timestamp":"2022-11-23T01:30:11.136Z","url":"https://stackoverflow.com/questions/12900058/how-can-i-sort-a-javascript-array-of-objects-numerically-and-then-alphabetically","component":"projection","action":"mouseleave"},{"timestamp":"2022-11-23T01:30:11.137Z","url":"https://stackoverflow.com/questions/65687818/js-sort-array-of-objets-by-specific-string-property-not-ascending-or-descending","component":"projection","action":"mouseenter"},{"timestamp":"2022-11-23T01:30:11.269Z","url":"https://stackoverflow.com/questions/65687818/js-sort-array-of-objets-by-specific-string-property-not-ascending-or-descending","component":"projection","action":"mouseleave"},{"timestamp":"2022-11-23T01:30:11.270Z","url":"https://stackoverflow.com/questions/72084911/how-do-i-sort-array-of-objects-in-descending-order-based-on-alphanumeric-value-i","component":"projection","action":"mouseenter"},{"timestamp":"2022-11-23T01:30:11.984Z","url":"https://stackoverflow.com/questions/72084911/how-do-i-sort-array-of-objects-in-descending-order-based-on-alphanumeric-value-i","component":"projection","action":"mouseleave"},{"timestamp":"2022-11-23T01:30:11.988Z","url":"https://stackoverflow.com/questions/65687818/js-sort-array-of-objets-by-specific-string-property-not-ascending-or-descending","component":"projection","action":"mouseenter"},{"timestamp":"2022-11-23T01:30:11.999Z","url":"https://stackoverflow.com/questions/65687818/js-sort-array-of-objets-by-specific-string-property-not-ascending-or-descending","component":"projection","action":"mouseleave"},{"timestamp":"2022-11-23T01:30:12.002Z","url":"https://stackoverflow.com/questions/72084911/how-do-i-sort-array-of-objects-in-descending-order-based-on-alphanumeric-value-i","component":"projection","action":"mouseenter"},{"timestamp":"2022-11-23T01:30:12.006Z","url":"https://stackoverflow.com/questions/72084911/how-do-i-sort-array-of-objects-in-descending-order-based-on-alphanumeric-value-i","component":"projection","action":"mouseleave"},{"timestamp":"2022-11-23T01:30:12.008Z","url":"https://stackoverflow.com/questions/65687818/js-sort-array-of-objets-by-specific-string-property-not-ascending-or-descending","component":"projection","action":"mouseenter"},{"timestamp":"2022-11-23T01:30:12.017Z","url":"https://stackoverflow.com/questions/65687818/js-sort-array-of-objets-by-specific-string-property-not-ascending-or-descending","component":"projection","action":"mouseleave"},{"timestamp":"2022-11-23T01:30:12.019Z","url":"https://stackoverflow.com/questions/72084911/how-do-i-sort-array-of-objects-in-descending-order-based-on-alphanumeric-value-i","component":"projection","action":"mouseenter"},{"timestamp":"2022-11-23T01:30:12.152Z","url":"https://stackoverflow.com/questions/72084911/how-do-i-sort-array-of-objects-in-descending-order-based-on-alphanumeric-value-i","component":"projection","action":"mouseleave"},{"timestamp":"2022-11-23T01:30:12.154Z","url":"https://stackoverflow.com/questions/56996782/javascript-sorting-objects-not-arrays-in-descending","component":"projection","action":"mouseenter"},{"timestamp":"2022-11-23T01:30:12.419Z","url":"https://stackoverflow.com/questions/56996782/javascript-sorting-objects-not-arrays-in-descending","component":"projection","action":"mouseleave"},{"timestamp":"2022-11-23T01:30:12.420Z","url":"https://stackoverflow.com/questions/31553155/sort-by-object-key-in-descending-order-on-javascript-underscore","component":"projection","action":"mouseenter"},{"timestamp":"2022-11-23T01:30:12.436Z","url":"https://stackoverflow.com/questions/31553155/sort-by-object-key-in-descending-order-on-javascript-underscore","component":"projection","action":"mouseleave"},{"timestamp":"2022-11-23T01:30:12.441Z","url":"https://stackoverflow.com/questions/54623130/javascript-sort-an-array-of-objects-by-a-numeric-property-in-each-object","component":"projection","action":"mouseenter"},{"timestamp":"2022-11-23T01:30:12.502Z","url":"https://stackoverflow.com/questions/54623130/javascript-sort-an-array-of-objects-by-a-numeric-property-in-each-object","component":"projection","action":"mouseleave"},{"timestamp":"2022-11-23T01:30:12.505Z","url":"https://stackoverflow.com/questions/56809727/sorting-an-array-of-objects-on-both-ascending-and-descending-order-on-same-click","component":"projection","action":"mouseenter"},{"timestamp":"2022-11-23T01:30:12.552Z","url":"https://stackoverflow.com/questions/56809727/sorting-an-array-of-objects-on-both-ascending-and-descending-order-on-same-click","component":"projection","action":"mouseleave"},{"timestamp":"2022-11-23T01:30:12.555Z","url":"https://stackoverflow.com/questions/979256/sorting-an-array-of-objects-by-property-values","component":"projection","action":"mouseenter"},{"timestamp":"2022-11-23T01:30:13.069Z","url":"https://stackoverflow.com/questions/979256/sorting-an-array-of-objects-by-property-values","component":"projection","action":"mouseleave"},{"timestamp":"2022-11-23T01:30:13.485Z","url":"https://stackoverflow.com/questions/979256/sorting-an-array-of-objects-by-property-values","component":"projection","action":"mouseenter"},{"timestamp":"2022-11-23T01:30:13.669Z","url":"https://stackoverflow.com/questions/979256/sorting-an-array-of-objects-by-property-values","component":"projection","action":"mouseleave"},{"timestamp":"2022-11-23T01:30:13.670Z","url":"https://stackoverflow.com/questions/56809727/sorting-an-array-of-objects-on-both-ascending-and-descending-order-on-same-click","component":"projection","action":"mouseenter"},{"timestamp":"2022-11-23T01:30:13.724Z","url":"https://stackoverflow.com/questions/56809727/sorting-an-array-of-objects-on-both-ascending-and-descending-order-on-same-click","component":"projection","action":"mouseleave"},{"timestamp":"2022-11-23T01:30:14.424Z","url":"https://stackoverflow.com/questions/979256/sorting-an-array-of-objects-by-property-values","component":"projection","action":"mouseenter"},{"timestamp":"2022-11-23T01:30:14.651Z","url":"https://stackoverflow.com/questions/979256/sorting-an-array-of-objects-by-property-values","component":"projection","action":"mouseleave"},{"timestamp":"2022-11-23T01:30:15.352Z","url":"https://stackoverflow.com/questions/979256/sorting-an-array-of-objects-by-property-values","component":"projection","action":"mouseenter"},{"timestamp":"2022-11-23T01:30:15.435Z","url":"https://stackoverflow.com/questions/979256/sorting-an-array-of-objects-by-property-values","component":"projection","action":"mouseleave"},{"timestamp":"2022-11-23T01:30:15.439Z","url":"https://stackoverflow.com/questions/56809727/sorting-an-array-of-objects-on-both-ascending-and-descending-order-on-same-click","component":"projection","action":"mouseenter"},{"timestamp":"2022-11-23T01:30:15.741Z","url":"https://stackoverflow.com/questions/56809727/sorting-an-array-of-objects-on-both-ascending-and-descending-order-on-same-click","component":"projection","action":"mouseleave"},{"timestamp":"2022-11-23T01:30:16.293Z","url":"https://stackoverflow.com/questions/56809727/sorting-an-array-of-objects-on-both-ascending-and-descending-order-on-same-click","component":"projection","action":"mouseenter"},{"timestamp":"2022-11-23T01:30:16.351Z","url":"https://stackoverflow.com/questions/56809727/sorting-an-array-of-objects-on-both-ascending-and-descending-order-on-same-click","component":"projection","action":"mouseleave"},{"timestamp":"2022-11-23T01:30:16.354Z","url":"https://stackoverflow.com/questions/979256/sorting-an-array-of-objects-by-property-values","component":"projection","action":"mouseenter"},{"timestamp":"2022-11-23T01:30:17.006Z","url":"https://stackoverflow.com/questions/979256/sorting-an-array-of-objects-by-property-values","component":"projection","action":"mouseleave"},{"timestamp":"2022-11-23T01:30:17.555Z","url":"https://stackoverflow.com/questions/979256/sorting-an-array-of-objects-by-property-values","component":"projection","action":"mouseenter"},{"timestamp":"2022-11-23T01:30:17.717Z","url":"https://stackoverflow.com/questions/979256/sorting-an-array-of-objects-by-property-values","component":"projection","action":"mouseleave"},{"timestamp":"2022-11-23T01:30:17.719Z","url":"https://stackoverflow.com/questions/56809727/sorting-an-array-of-objects-on-both-ascending-and-descending-order-on-same-click","component":"projection","action":"mouseenter"},{"timestamp":"2022-11-23T01:30:18.026Z","url":"https://stackoverflow.com/questions/56809727/sorting-an-array-of-objects-on-both-ascending-and-descending-order-on-same-click","component":"projection","action":"mouseleave"},{"timestamp":"2022-11-23T01:30:40.010Z","url":"https://stackoverflow.com/questions/979256/sorting-an-array-of-objects-by-property-values","component":"projection","action":"mouseenter"},{"timestamp":"2022-11-23T01:30:41.284Z","url":"https://stackoverflow.com/questions/979256/sorting-an-array-of-objects-by-property-values","component":"projection","action":"mouseleave"},{"timestamp":"2022-11-23T01:30:53.239Z","url":"https://stackoverflow.com/questions/54623130/javascript-sort-an-array-of-objects-by-a-numeric-property-in-each-object","component":"projection","action":"mouseenter"},{"timestamp":"2022-11-23T01:30:53.872Z","url":"https://stackoverflow.com/questions/54623130/javascript-sort-an-array-of-objects-by-a-numeric-property-in-each-object","component":"projection","action":"mouseleave"},{"timestamp":"2022-11-23T01:30:53.877Z","url":"https://stackoverflow.com/questions/31553155/sort-by-object-key-in-descending-order-on-javascript-underscore","component":"projection","action":"mouseenter"},{"timestamp":"2022-11-23T01:30:53.986Z","url":"https://stackoverflow.com/questions/31553155/sort-by-object-key-in-descending-order-on-javascript-underscore","component":"projection","action":"mouseleave"},{"timestamp":"2022-11-23T01:30:53.992Z","url":"https://stackoverflow.com/questions/56996782/javascript-sorting-objects-not-arrays-in-descending","component":"projection","action":"mouseenter"},{"timestamp":"2022-11-23T01:30:54.138Z","url":"https://stackoverflow.com/questions/56996782/javascript-sorting-objects-not-arrays-in-descending","component":"projection","action":"mouseleave"},{"timestamp":"2022-11-23T01:30:54.144Z","url":"https://stackoverflow.com/questions/31553155/sort-by-object-key-in-descending-order-on-javascript-underscore","component":"projection","action":"mouseenter"},{"timestamp":"2022-11-23T01:30:54.171Z","url":"https://stackoverflow.com/questions/31553155/sort-by-object-key-in-descending-order-on-javascript-underscore","component":"projection","action":"mouseleave"},{"timestamp":"2022-11-23T01:30:54.175Z","url":"https://stackoverflow.com/questions/54623130/javascript-sort-an-array-of-objects-by-a-numeric-property-in-each-object","component":"projection","action":"mouseenter"},{"timestamp":"2022-11-23T01:30:54.315Z","url":"https://stackoverflow.com/questions/54623130/javascript-sort-an-array-of-objects-by-a-numeric-property-in-each-object","component":"projection","action":"mouseleave"},{"timestamp":"2022-11-23T01:31:04.334Z","url":"https://stackoverflow.com/questions/56809727/sorting-an-array-of-objects-on-both-ascending-and-descending-order-on-same-click","component":"projection","action":"mouseenter"},{"timestamp":"2022-11-23T01:31:04.834Z","url":"https://stackoverflow.com/questions/56809727/sorting-an-array-of-objects-on-both-ascending-and-descending-order-on-same-click","component":"projection","action":"mouseleave"},{"timestamp":"2022-11-23T01:31:04.837Z","url":"https://stackoverflow.com/questions/54623130/javascript-sort-an-array-of-objects-by-a-numeric-property-in-each-object","component":"projection","action":"mouseenter"},{"timestamp":"2022-11-23T01:31:06.300Z","url":"https://stackoverflow.com/questions/54623130/javascript-sort-an-array-of-objects-by-a-numeric-property-in-each-object","component":"projection","action":"mouseleave"},{"timestamp":"2022-11-23T01:31:06.306Z","url":"https://stackoverflow.com/questions/56809727/sorting-an-array-of-objects-on-both-ascending-and-descending-order-on-same-click","component":"projection","action":"mouseenter"},{"timestamp":"2022-11-23T01:31:08.076Z","url":"https://stackoverflow.com/questions/56809727/sorting-an-array-of-objects-on-both-ascending-and-descending-order-on-same-click","component":"projection","action":"mouseleave"}]}]}