{"trialId":"17380_3","taskId":"currency","appEvents":[{"timestamp":"2022-11-23T01:23:06.421Z","name":"search","data":"search-start"},{"timestamp":"2022-11-23T01:23:07.630Z","name":"search","data":"search-done"},{"timestamp":"2022-11-23T01:25:09.794Z","name":"resize","data":{"height":698,"width":350}},{"timestamp":"2022-11-23T01:25:11.196Z","name":"resize","data":{"height":698,"width":387}},{"timestamp":"2022-11-23T01:27:47.690Z","name":"resize","data":{"height":0,"width":0}},{"timestamp":"2022-11-23T01:28:01.537Z","name":"resize","data":{"height":698,"width":387}}],"searches":[{"keywords":["format","currency"],"context":{"tokens":[{"kind":"language","value":"javascript"}]},"timestamp":"2022-11-23T01:23:06.420Z","results":[{"signatures":[],"areSignaturesLoading":true,"title":"How to format numbers as currency strings - Stack Overflow","url":"https://stackoverflow.com/questions/149055/how-to-format-numbers-as-currency-strings","displayLink":"https://stackoverflow.com › questions › how-to-format-...","date":"Sep 29, 2008","snippet":"All you need is to add the currency symbol (e.g. \"$\" + profits.toFixed(2) ) and you will have your amount in dollars. Custom function. If you ...","snippetHighlightWords":["currency"]},{"signatures":[],"areSignaturesLoading":true,"title":"How to format numbers as currency strings - Stack Overflow","url":"https://stackoverflow.com/questions/149055/how-to-format-numbers-as-currency-strings/5681208","displayLink":"https://stackoverflow.com › questions › how-to-format-...","date":"66 answers","snippet":"I found this from: accounting.js. It's very easy and perfectly fits my need. // Default usage: accounting.formatMoney(12345678); // $12,345,678.00 ...","snippetHighlightWords":["js"]},{"signatures":[],"areSignaturesLoading":true,"title":"How do I print currency format in JavaScript - Stack Overflow","url":"https://stackoverflow.com/questions/4022171/how-do-i-print-currency-format-in-javascript","displayLink":"https://stackoverflow.com › questions › how-do-i-print-...","snippet":"I am writing a function that takes the float price and returns the formatted currency value with currency code too. like fnPrice( 1001.01 ) should print $ ...","snippetHighlightWords":["currency","currency"]},{"signatures":[],"areSignaturesLoading":true,"title":"How to format currency in JavaScript? - Stack Overflow","url":"https://stackoverflow.com/questions/64297528/how-to-format-currency-in-javascript","displayLink":"https://stackoverflow.com › questions › how-to-format-...","date":"Oct 10, 2020","snippet":"I'm beginner in JavaScript and I'm rendering a list that contains some products. The product price format comes as follows: 3800 , 4000 , 11000 ...","snippetHighlightWords":["JavaScript","format"]},{"signatures":[],"areSignaturesLoading":true,"title":"How to format currency and time in javascript - Stack Overflow","url":"https://stackoverflow.com/questions/60689698/how-to-format-currency-and-time-in-javascript","displayLink":"https://stackoverflow.com › questions › how-to-format-...","date":"Mar 15, 2020","snippet":"To format as currency, you can use Intl.NumberFormat either with or without the currency symbol. It can be used via toLocaleString:.","snippetHighlightWords":["format","currency","currency"]},{"signatures":[],"areSignaturesLoading":true,"title":"Proper JS currency format with commas and decimals","url":"https://stackoverflow.com/questions/19664926/proper-js-currency-format-with-commas-and-decimals","displayLink":"https://stackoverflow.com › questions › proper-js-curre...","date":"Oct 29, 2013","snippet":"The value that you get from text fields is of type 'string'. When you do math on simple strings Javascript will automatically coerce them to ...","snippetHighlightWords":["Javascript"]},{"signatures":[],"areSignaturesLoading":true,"title":"Currency format in euro - javascript - Stack Overflow","url":"https://stackoverflow.com/questions/69668216/currency-format-in-euro","displayLink":"https://stackoverflow.com › questions › currency-forma...","snippet":"For your onChange event on the euro currency, you want to remove the . the same way you are removing the , for the dollars, ...","snippetHighlightWords":["currency"],"extensions":["Oct 21, 2021","1 answer"]},{"signatures":[],"areSignaturesLoading":true,"title":"Javascript Function to Format as Money - Stack Overflow","url":"https://stackoverflow.com/questions/40426965/javascript-function-to-format-as-money","displayLink":"https://stackoverflow.com › questions › javascript-funct...","date":"Nov 4, 2016","snippet":"String.prototype.formatMoney = function(places, symbol, thousand, decimal) { if((this).match(/^$/) && (this).indexOf(',') != -1 && (this)."},{"signatures":[],"areSignaturesLoading":true,"title":"Format currency in JavaScript removing .00 - Stack Overflow","url":"https://stackoverflow.com/questions/46235907/format-currency-in-javascript-removing-00","displayLink":"https://stackoverflow.com › questions › format-currenc...","date":"Sep 15, 2017","snippet":"NumberFormat has the more sensible behavior of rounding away from zero as opposed to other JavaScript methods like Math.round . For example, ...","snippetHighlightWords":["JavaScript"]},{"signatures":[],"areSignaturesLoading":true,"title":"Currency formatting using Intl.NumberFormat without currency ...","url":"https://stackoverflow.com/questions/68549027/currency-formatting-using-intl-numberformat-without-currency-symbol","displayLink":"https://stackoverflow.com › questions › currency-forma...","date":"Jul 27, 2021","snippet":"I am trying to use Intl as a default currency formatter and it is almost perfect. ... I find it bizarre that I spend over an hour looking for a ...","snippetHighlightWords":["currency formatter"]}],"events":[{"timestamp":"2022-11-23T01:23:06.452Z","url":"https://stackoverflow.com/questions/149055/how-to-format-numbers-as-currency-strings","component":"projection","action":"load","data":{"height":60,"width":445.3000183105469,"wc":27,"lc":1}},{"timestamp":"2022-11-23T01:23:06.452Z","url":"https://stackoverflow.com/questions/149055/how-to-format-numbers-as-currency-strings/5681208","component":"projection","action":"load","data":{"height":60,"width":407.625,"wc":20,"lc":1}},{"timestamp":"2022-11-23T01:23:06.452Z","url":"https://stackoverflow.com/questions/4022171/how-do-i-print-currency-format-in-javascript","component":"projection","action":"load","data":{"height":60,"width":396.0874938964844,"wc":28,"lc":1}},{"timestamp":"2022-11-23T01:23:06.452Z","url":"https://stackoverflow.com/questions/64297528/how-to-format-currency-in-javascript","component":"projection","action":"load","data":{"height":60,"width":447.4875183105469,"wc":26,"lc":1}},{"timestamp":"2022-11-23T01:23:06.452Z","url":"https://stackoverflow.com/questions/60689698/how-to-format-currency-and-time-in-javascript","component":"projection","action":"load","data":{"height":60,"width":432.4375,"wc":21,"lc":1}},{"timestamp":"2022-11-23T01:23:06.452Z","url":"https://stackoverflow.com/questions/19664926/proper-js-currency-format-with-commas-and-decimals","component":"projection","action":"load","data":{"height":60,"width":449.9375,"wc":26,"lc":1}},{"timestamp":"2022-11-23T01:23:06.452Z","url":"https://stackoverflow.com/questions/69668216/currency-format-in-euro","component":"projection","action":"load","data":{"height":38,"width":432.8999938964844,"wc":26,"lc":1}},{"timestamp":"2022-11-23T01:23:06.452Z","url":"https://stackoverflow.com/questions/40426965/javascript-function-to-format-as-money","component":"projection","action":"load","data":{"height":60,"width":434.6875,"wc":14,"lc":1}},{"timestamp":"2022-11-23T01:23:06.452Z","url":"https://stackoverflow.com/questions/46235907/format-currency-in-javascript-removing-00","component":"projection","action":"load","data":{"height":60,"width":445.625,"wc":23,"lc":1}},{"timestamp":"2022-11-23T01:23:06.452Z","url":"https://stackoverflow.com/questions/68549027/currency-formatting-using-intl-numberformat-without-currency-symbol","component":"projection","action":"load","data":{"height":60,"width":439.6750183105469,"wc":31,"lc":1}},{"timestamp":"2022-11-23T01:23:06.980Z","url":"https://stackoverflow.com/questions/149055/how-to-format-numbers-as-currency-strings","component":"projection","action":"mouseenter"},{"timestamp":"2022-11-23T01:23:07.446Z","url":"https://stackoverflow.com/questions/149055/how-to-format-numbers-as-currency-strings","component":"projection","action":"mouseleave"},{"timestamp":"2022-11-23T01:23:07.630Z","url":"https://stackoverflow.com/questions/149055/how-to-format-numbers-as-currency-strings","component":"projection","action":"loaded","data":"projection 10 of 10"},{"timestamp":"2022-11-23T01:23:07.630Z","url":"https://stackoverflow.com/questions/149055/how-to-format-numbers-as-currency-strings/5681208","component":"projection","action":"loaded","data":"projection 9 of 10"},{"timestamp":"2022-11-23T01:23:07.630Z","url":"https://stackoverflow.com/questions/4022171/how-do-i-print-currency-format-in-javascript","component":"projection","action":"loaded","data":"projection 8 of 10"},{"timestamp":"2022-11-23T01:23:07.630Z","url":"https://stackoverflow.com/questions/64297528/how-to-format-currency-in-javascript","component":"projection","action":"loaded","data":"projection 7 of 10"},{"timestamp":"2022-11-23T01:23:07.630Z","url":"https://stackoverflow.com/questions/60689698/how-to-format-currency-and-time-in-javascript","component":"projection","action":"loaded","data":"projection 6 of 10"},{"timestamp":"2022-11-23T01:23:07.630Z","url":"https://stackoverflow.com/questions/19664926/proper-js-currency-format-with-commas-and-decimals","component":"projection","action":"loaded","data":"projection 5 of 10"},{"timestamp":"2022-11-23T01:23:07.630Z","url":"https://stackoverflow.com/questions/69668216/currency-format-in-euro","component":"projection","action":"loaded","data":"projection 4 of 10"},{"timestamp":"2022-11-23T01:23:07.630Z","url":"https://stackoverflow.com/questions/40426965/javascript-function-to-format-as-money","component":"projection","action":"loaded","data":"projection 3 of 10"},{"timestamp":"2022-11-23T01:23:07.630Z","url":"https://stackoverflow.com/questions/46235907/format-currency-in-javascript-removing-00","component":"projection","action":"loaded","data":"projection 2 of 10"},{"timestamp":"2022-11-23T01:23:07.630Z","url":"https://stackoverflow.com/questions/68549027/currency-formatting-using-intl-numberformat-without-currency-symbol","component":"projection","action":"loaded","data":"projection 1 of 10"},{"timestamp":"2022-11-23T01:23:23.790Z","url":"https://stackoverflow.com/questions/4022171/how-do-i-print-currency-format-in-javascript","component":"projection","action":"mouseenter"},{"timestamp":"2022-11-23T01:23:24.856Z","url":"https://stackoverflow.com/questions/4022171/how-do-i-print-currency-format-in-javascript","component":"projection","action":"mouseleave"},{"timestamp":"2022-11-23T01:23:24.857Z","url":"https://stackoverflow.com/questions/149055/how-to-format-numbers-as-currency-strings/5681208","component":"projection","action":"mouseenter"},{"timestamp":"2022-11-23T01:23:25.157Z","url":"https://stackoverflow.com/questions/149055/how-to-format-numbers-as-currency-strings/5681208","component":"projection","action":"mouseleave"},{"timestamp":"2022-11-23T01:23:25.158Z","url":"https://stackoverflow.com/questions/64297528/how-to-format-currency-in-javascript","component":"projection","action":"mouseenter"},{"timestamp":"2022-11-23T01:23:25.390Z","url":"https://stackoverflow.com/questions/64297528/how-to-format-currency-in-javascript","component":"projection","action":"mouseleave"},{"timestamp":"2022-11-23T01:23:25.391Z","url":"https://stackoverflow.com/questions/4022171/how-do-i-print-currency-format-in-javascript","component":"projection","action":"mouseenter"},{"timestamp":"2022-11-23T01:23:25.440Z","url":"https://stackoverflow.com/questions/4022171/how-do-i-print-currency-format-in-javascript","component":"projection","action":"mouseleave"},{"timestamp":"2022-11-23T01:23:25.442Z","url":"https://stackoverflow.com/questions/149055/how-to-format-numbers-as-currency-strings/5681208","component":"projection","action":"mouseenter"},{"timestamp":"2022-11-23T01:23:25.823Z","url":"https://stackoverflow.com/questions/149055/how-to-format-numbers-as-currency-strings/5681208","component":"projection","action":"mouseleave"},{"timestamp":"2022-11-23T01:23:25.825Z","url":"https://stackoverflow.com/questions/149055/how-to-format-numbers-as-currency-strings","component":"projection","action":"mouseenter"},{"timestamp":"2022-11-23T01:23:34.020Z","url":"https://stackoverflow.com/questions/149055/how-to-format-numbers-as-currency-strings","component":"page","action":"open"},{"timestamp":"2022-11-23T01:23:34.045Z","url":"https://stackoverflow.com/questions/149055/how-to-format-numbers-as-currency-strings","component":"projection","action":"mouseleave"},{"timestamp":"2022-11-23T01:23:34.960Z","url":"https://stackoverflow.com/questions/149055/how-to-format-numbers-as-currency-strings","component":"page","action":"load"},{"timestamp":"2022-11-23T01:23:37.406Z","url":"https://stackoverflow.com/questions/149055/how-to-format-numbers-as-currency-strings","component":"page","action":"scroll","data":{"viewport":{"x":0,"y":100,"height":638,"width":474},"document":{"height":36627,"width":457},"question":{"identifier":"149055","top":41.04999923706055,"bottom":1010.1124992370605,"right":440.8000183105469,"left":16,"width":424.8000183105469,"height":969.0625},"answers":[{"identifier":"16233919","top":1127.4000244140625,"bottom":3131.5125732421875,"right":440.8000183105469,"left":16,"width":424.8000183105469,"height":2004.112548828125},{"identifier":"149099","top":3131.512451171875,"bottom":5940.012451171875,"right":440.8000183105469,"left":16,"width":424.8000183105469,"height":2808.5},{"identifier":"14428340","top":5940.0126953125,"bottom":8256.787841796875,"right":440.8000183105469,"left":16,"width":424.8000183105469,"height":2316.775146484375},{"identifier":"149107","top":8256.7880859375,"bottom":9818.313110351562,"right":440.8000183105469,"left":16,"width":424.8000183105469,"height":1561.5250244140625},{"identifier":"2866613","top":9818.3125,"bottom":11659.425048828125,"right":440.8000183105469,"left":16,"width":424.8000183105469,"height":1841.112548828125},{"identifier":"26745078","top":11659.4248046875,"bottom":12418.287292480469,"right":440.8000183105469,"left":16,"width":424.8000183105469,"height":758.8624877929688},{"identifier":"7266497","top":12418.2880859375,"bottom":13049.550598144531,"right":440.8000183105469,"left":16,"width":424.8000183105469,"height":631.2625122070312},{"identifier":"9318724","top":13049.5498046875,"bottom":14014.912292480469,"right":440.8000183105469,"left":16,"width":424.8000183105469,"height":965.3624877929688},{"identifier":"5342097","top":14014.9130859375,"bottom":14988.4755859375,"right":440.8000183105469,"left":16,"width":424.8000183105469,"height":973.5625},{"identifier":"18994850","top":14988.4755859375,"bottom":15993.5380859375,"right":440.8000183105469,"left":16,"width":424.8000183105469,"height":1005.0625},{"identifier":"9318723","top":15993.5380859375,"bottom":16479.6005859375,"right":440.8000183105469,"left":16,"width":424.8000183105469,"height":486.0625},{"identifier":"68536579","top":16479.599609375,"bottom":16981.637115478516,"right":440.8000183105469,"left":16,"width":424.8000183105469,"height":502.0375061035156},{"identifier":"149150","top":16981.638671875,"bottom":17755.101196289062,"right":440.8000183105469,"left":16,"width":424.8000183105469,"height":773.4625244140625},{"identifier":"12698339","top":17755.099609375,"bottom":18318.262145996094,"right":440.8000183105469,"left":16,"width":424.8000183105469,"height":563.1625366210938},{"identifier":"40079019","top":18318.263671875,"bottom":20016.626220703125,"right":440.8000183105469,"left":16,"width":424.8000183105469,"height":1698.362548828125},{"identifier":"6787083","top":20016.625,"bottom":20619.1875,"right":440.8000183105469,"left":16,"width":424.8000183105469,"height":602.5625},{"identifier":"6715476","top":20619.1875,"bottom":21300.70001220703,"right":440.8000183105469,"left":16,"width":424.8000183105469,"height":681.5125122070312},{"identifier":"8726353","top":21300.701171875,"bottom":21777.263671875,"right":440.8000183105469,"left":16,"width":424.8000183105469,"height":476.5625},{"identifier":"11270819","top":21777.263671875,"bottom":22920.726196289062,"right":440.8000183105469,"left":16,"width":424.8000183105469,"height":1143.4625244140625},{"identifier":"149080","top":22920.724609375,"bottom":23686.287109375,"right":440.8000183105469,"left":16,"width":424.8000183105469,"height":765.5625},{"identifier":"60877747","top":23686.287109375,"bottom":24238.14959716797,"right":440.8000183105469,"left":16,"width":424.8000183105469,"height":551.8624877929688},{"identifier":"1323064","top":24238.150390625,"bottom":25939.812866210938,"right":440.8000183105469,"left":16,"width":424.8000183105469,"height":1701.6624755859375},{"identifier":"10168573","top":25939.8125,"bottom":26649.57501220703,"right":440.8000183105469,"left":16,"width":424.8000183105469,"height":709.7625122070312},{"identifier":"9327950","top":26649.576171875,"bottom":27132.438690185547,"right":440.8000183105469,"left":16,"width":424.8000183105469,"height":482.8625183105469},{"identifier":"149120","top":27132.4375,"bottom":27774.900024414062,"right":440.8000183105469,"left":16,"width":424.8000183105469,"height":642.4625244140625},{"identifier":"12698442","top":27774.900390625,"bottom":28218.062896728516,"right":440.8000183105469,"left":16,"width":424.8000183105469,"height":443.1625061035156},{"identifier":"3284302","top":28218.0625,"bottom":29287.025024414062,"right":440.8000183105469,"left":16,"width":424.8000183105469,"height":1068.9625244140625},{"identifier":"14735423","top":29287.025390625,"bottom":30116.487915039062,"right":440.8000183105469,"left":16,"width":424.8000183105469,"height":829.4625244140625},{"identifier":"54274936","top":30116.48828125,"bottom":30542.450775146484,"right":440.8000183105469,"left":16,"width":424.8000183105469,"height":425.9624938964844},{"identifier":"23717185","top":30542.451171875,"bottom":34332.013671875,"right":440.8000183105469,"left":16,"width":424.8000183105469,"height":3789.5625}]}},{"timestamp":"2022-11-23T01:23:38.371Z","url":"https://stackoverflow.com/questions/149055/how-to-format-numbers-as-currency-strings","component":"page","action":"scroll","data":{"viewport":{"x":0,"y":400,"height":638,"width":474},"document":{"height":36627,"width":457},"question":{"identifier":"149055","top":-258.95001220703125,"bottom":710.1124877929688,"right":440.8000183105469,"left":16,"width":424.8000183105469,"height":969.0625},"answers":[{"identifier":"16233919","top":827.4000244140625,"bottom":2831.5125732421875,"right":440.8000183105469,"left":16,"width":424.8000183105469,"height":2004.112548828125},{"identifier":"149099","top":2831.512451171875,"bottom":5640.012451171875,"right":440.8000183105469,"left":16,"width":424.8000183105469,"height":2808.5},{"identifier":"14428340","top":5640.0126953125,"bottom":7956.787841796875,"right":440.8000183105469,"left":16,"width":424.8000183105469,"height":2316.775146484375},{"identifier":"149107","top":7956.78759765625,"bottom":9518.312622070312,"right":440.8000183105469,"left":16,"width":424.8000183105469,"height":1561.5250244140625},{"identifier":"2866613","top":9518.3125,"bottom":11359.425048828125,"right":440.8000183105469,"left":16,"width":424.8000183105469,"height":1841.112548828125},{"identifier":"26745078","top":11359.4248046875,"bottom":12118.287292480469,"right":440.8000183105469,"left":16,"width":424.8000183105469,"height":758.8624877929688},{"identifier":"7266497","top":12118.2880859375,"bottom":12749.550598144531,"right":440.8000183105469,"left":16,"width":424.8000183105469,"height":631.2625122070312},{"identifier":"9318724","top":12749.5498046875,"bottom":13714.912292480469,"right":440.8000183105469,"left":16,"width":424.8000183105469,"height":965.3624877929688},{"identifier":"5342097","top":13714.9130859375,"bottom":14688.4755859375,"right":440.8000183105469,"left":16,"width":424.8000183105469,"height":973.5625},{"identifier":"18994850","top":14688.4755859375,"bottom":15693.5380859375,"right":440.8000183105469,"left":16,"width":424.8000183105469,"height":1005.0625},{"identifier":"9318723","top":15693.5380859375,"bottom":16179.6005859375,"right":440.8000183105469,"left":16,"width":424.8000183105469,"height":486.0625},{"identifier":"68536579","top":16179.6005859375,"bottom":16681.638092041016,"right":440.8000183105469,"left":16,"width":424.8000183105469,"height":502.0375061035156},{"identifier":"149150","top":16681.638671875,"bottom":17455.101196289062,"right":440.8000183105469,"left":16,"width":424.8000183105469,"height":773.4625244140625},{"identifier":"12698339","top":17455.099609375,"bottom":18018.262145996094,"right":440.8000183105469,"left":16,"width":424.8000183105469,"height":563.1625366210938},{"identifier":"40079019","top":18018.263671875,"bottom":19716.626220703125,"right":440.8000183105469,"left":16,"width":424.8000183105469,"height":1698.362548828125},{"identifier":"6787083","top":19716.625,"bottom":20319.1875,"right":440.8000183105469,"left":16,"width":424.8000183105469,"height":602.5625},{"identifier":"6715476","top":20319.1875,"bottom":21000.70001220703,"right":440.8000183105469,"left":16,"width":424.8000183105469,"height":681.5125122070312},{"identifier":"8726353","top":21000.701171875,"bottom":21477.263671875,"right":440.8000183105469,"left":16,"width":424.8000183105469,"height":476.5625},{"identifier":"11270819","top":21477.263671875,"bottom":22620.726196289062,"right":440.8000183105469,"left":16,"width":424.8000183105469,"height":1143.4625244140625},{"identifier":"149080","top":22620.724609375,"bottom":23386.287109375,"right":440.8000183105469,"left":16,"width":424.8000183105469,"height":765.5625},{"identifier":"60877747","top":23386.287109375,"bottom":23938.14959716797,"right":440.8000183105469,"left":16,"width":424.8000183105469,"height":551.8624877929688},{"identifier":"1323064","top":23938.150390625,"bottom":25639.812866210938,"right":440.8000183105469,"left":16,"width":424.8000183105469,"height":1701.6624755859375},{"identifier":"10168573","top":25639.8125,"bottom":26349.57501220703,"right":440.8000183105469,"left":16,"width":424.8000183105469,"height":709.7625122070312},{"identifier":"9327950","top":26349.576171875,"bottom":26832.438690185547,"right":440.8000183105469,"left":16,"width":424.8000183105469,"height":482.8625183105469},{"identifier":"149120","top":26832.4375,"bottom":27474.900024414062,"right":440.8000183105469,"left":16,"width":424.8000183105469,"height":642.4625244140625},{"identifier":"12698442","top":27474.900390625,"bottom":27918.062896728516,"right":440.8000183105469,"left":16,"width":424.8000183105469,"height":443.1625061035156},{"identifier":"3284302","top":27918.0625,"bottom":28987.025024414062,"right":440.8000183105469,"left":16,"width":424.8000183105469,"height":1068.9625244140625},{"identifier":"14735423","top":28987.025390625,"bottom":29816.487915039062,"right":440.8000183105469,"left":16,"width":424.8000183105469,"height":829.4625244140625},{"identifier":"54274936","top":29816.48828125,"bottom":30242.450775146484,"right":440.8000183105469,"left":16,"width":424.8000183105469,"height":425.9624938964844},{"identifier":"23717185","top":30242.451171875,"bottom":34032.013671875,"right":440.8000183105469,"left":16,"width":424.8000183105469,"height":3789.5625}]}},{"timestamp":"2022-11-23T01:23:39.715Z","url":"https://stackoverflow.com/questions/149055/how-to-format-numbers-as-currency-strings","component":"page","action":"scroll","data":{"viewport":{"x":0,"y":0,"height":638,"width":474},"document":{"height":36627,"width":457},"question":{"identifier":"149055","top":141.0500030517578,"bottom":1110.1125030517578,"right":440.8000183105469,"left":16,"width":424.8000183105469,"height":969.0625},"answers":[{"identifier":"16233919","top":1227.4000244140625,"bottom":3231.5125732421875,"right":440.8000183105469,"left":16,"width":424.8000183105469,"height":2004.112548828125},{"identifier":"149099","top":3231.512451171875,"bottom":6040.012451171875,"right":440.8000183105469,"left":16,"width":424.8000183105469,"height":2808.5},{"identifier":"14428340","top":6040.0126953125,"bottom":8356.787841796875,"right":440.8000183105469,"left":16,"width":424.8000183105469,"height":2316.775146484375},{"identifier":"149107","top":8356.7880859375,"bottom":9918.313110351562,"right":440.8000183105469,"left":16,"width":424.8000183105469,"height":1561.5250244140625},{"identifier":"2866613","top":9918.3125,"bottom":11759.425048828125,"right":440.8000183105469,"left":16,"width":424.8000183105469,"height":1841.112548828125},{"identifier":"26745078","top":11759.4248046875,"bottom":12518.287292480469,"right":440.8000183105469,"left":16,"width":424.8000183105469,"height":758.8624877929688},{"identifier":"7266497","top":12518.2880859375,"bottom":13149.550598144531,"right":440.8000183105469,"left":16,"width":424.8000183105469,"height":631.2625122070312},{"identifier":"9318724","top":13149.5498046875,"bottom":14114.912292480469,"right":440.8000183105469,"left":16,"width":424.8000183105469,"height":965.3624877929688},{"identifier":"5342097","top":14114.9130859375,"bottom":15088.4755859375,"right":440.8000183105469,"left":16,"width":424.8000183105469,"height":973.5625},{"identifier":"18994850","top":15088.4755859375,"bottom":16093.5380859375,"right":440.8000183105469,"left":16,"width":424.8000183105469,"height":1005.0625},{"identifier":"9318723","top":16093.5380859375,"bottom":16579.6005859375,"right":440.8000183105469,"left":16,"width":424.8000183105469,"height":486.0625},{"identifier":"68536579","top":16579.599609375,"bottom":17081.637115478516,"right":440.8000183105469,"left":16,"width":424.8000183105469,"height":502.0375061035156},{"identifier":"149150","top":17081.638671875,"bottom":17855.101196289062,"right":440.8000183105469,"left":16,"width":424.8000183105469,"height":773.4625244140625},{"identifier":"12698339","top":17855.099609375,"bottom":18418.262145996094,"right":440.8000183105469,"left":16,"width":424.8000183105469,"height":563.1625366210938},{"identifier":"40079019","top":18418.263671875,"bottom":20116.626220703125,"right":440.8000183105469,"left":16,"width":424.8000183105469,"height":1698.362548828125},{"identifier":"6787083","top":20116.625,"bottom":20719.1875,"right":440.8000183105469,"left":16,"width":424.8000183105469,"height":602.5625},{"identifier":"6715476","top":20719.1875,"bottom":21400.70001220703,"right":440.8000183105469,"left":16,"width":424.8000183105469,"height":681.5125122070312},{"identifier":"8726353","top":21400.701171875,"bottom":21877.263671875,"right":440.8000183105469,"left":16,"width":424.8000183105469,"height":476.5625},{"identifier":"11270819","top":21877.263671875,"bottom":23020.726196289062,"right":440.8000183105469,"left":16,"width":424.8000183105469,"height":1143.4625244140625},{"identifier":"149080","top":23020.724609375,"bottom":23786.287109375,"right":440.8000183105469,"left":16,"width":424.8000183105469,"height":765.5625},{"identifier":"60877747","top":23786.287109375,"bottom":24338.14959716797,"right":440.8000183105469,"left":16,"width":424.8000183105469,"height":551.8624877929688},{"identifier":"1323064","top":24338.150390625,"bottom":26039.812866210938,"right":440.8000183105469,"left":16,"width":424.8000183105469,"height":1701.6624755859375},{"identifier":"10168573","top":26039.8125,"bottom":26749.57501220703,"right":440.8000183105469,"left":16,"width":424.8000183105469,"height":709.7625122070312},{"identifier":"9327950","top":26749.576171875,"bottom":27232.438690185547,"right":440.8000183105469,"left":16,"width":424.8000183105469,"height":482.8625183105469},{"identifier":"149120","top":27232.4375,"bottom":27874.900024414062,"right":440.8000183105469,"left":16,"width":424.8000183105469,"height":642.4625244140625},{"identifier":"12698442","top":27874.900390625,"bottom":28318.062896728516,"right":440.8000183105469,"left":16,"width":424.8000183105469,"height":443.1625061035156},{"identifier":"3284302","top":28318.0625,"bottom":29387.025024414062,"right":440.8000183105469,"left":16,"width":424.8000183105469,"height":1068.9625244140625},{"identifier":"14735423","top":29387.025390625,"bottom":30216.487915039062,"right":440.8000183105469,"left":16,"width":424.8000183105469,"height":829.4625244140625},{"identifier":"54274936","top":30216.48828125,"bottom":30642.450775146484,"right":440.8000183105469,"left":16,"width":424.8000183105469,"height":425.9624938964844},{"identifier":"23717185","top":30642.451171875,"bottom":34432.013671875,"right":440.8000183105469,"left":16,"width":424.8000183105469,"height":3789.5625}]}},{"timestamp":"2022-11-23T01:23:44.977Z","url":"https://stackoverflow.com/questions/149055/how-to-format-numbers-as-currency-strings","component":"page","action":"scroll","data":{"viewport":{"x":0,"y":100,"height":638,"width":474},"document":{"height":36627,"width":457},"question":{"identifier":"149055","top":41.04999923706055,"bottom":1010.1124992370605,"right":440.8000183105469,"left":16,"width":424.8000183105469,"height":969.0625},"answers":[{"identifier":"16233919","top":1127.4000244140625,"bottom":3131.5125732421875,"right":440.8000183105469,"left":16,"width":424.8000183105469,"height":2004.112548828125},{"identifier":"149099","top":3131.512451171875,"bottom":5940.012451171875,"right":440.8000183105469,"left":16,"width":424.8000183105469,"height":2808.5},{"identifier":"14428340","top":5940.0126953125,"bottom":8256.787841796875,"right":440.8000183105469,"left":16,"width":424.8000183105469,"height":2316.775146484375},{"identifier":"149107","top":8256.7880859375,"bottom":9818.313110351562,"right":440.8000183105469,"left":16,"width":424.8000183105469,"height":1561.5250244140625},{"identifier":"2866613","top":9818.3125,"bottom":11659.425048828125,"right":440.8000183105469,"left":16,"width":424.8000183105469,"height":1841.112548828125},{"identifier":"26745078","top":11659.4248046875,"bottom":12418.287292480469,"right":440.8000183105469,"left":16,"width":424.8000183105469,"height":758.8624877929688},{"identifier":"7266497","top":12418.2880859375,"bottom":13049.550598144531,"right":440.8000183105469,"left":16,"width":424.8000183105469,"height":631.2625122070312},{"identifier":"9318724","top":13049.5498046875,"bottom":14014.912292480469,"right":440.8000183105469,"left":16,"width":424.8000183105469,"height":965.3624877929688},{"identifier":"5342097","top":14014.9130859375,"bottom":14988.4755859375,"right":440.8000183105469,"left":16,"width":424.8000183105469,"height":973.5625},{"identifier":"18994850","top":14988.4755859375,"bottom":15993.5380859375,"right":440.8000183105469,"left":16,"width":424.8000183105469,"height":1005.0625},{"identifier":"9318723","top":15993.5380859375,"bottom":16479.6005859375,"right":440.8000183105469,"left":16,"width":424.8000183105469,"height":486.0625},{"identifier":"68536579","top":16479.599609375,"bottom":16981.637115478516,"right":440.8000183105469,"left":16,"width":424.8000183105469,"height":502.0375061035156},{"identifier":"149150","top":16981.638671875,"bottom":17755.101196289062,"right":440.8000183105469,"left":16,"width":424.8000183105469,"height":773.4625244140625},{"identifier":"12698339","top":17755.099609375,"bottom":18318.262145996094,"right":440.8000183105469,"left":16,"width":424.8000183105469,"height":563.1625366210938},{"identifier":"40079019","top":18318.263671875,"bottom":20016.626220703125,"right":440.8000183105469,"left":16,"width":424.8000183105469,"height":1698.362548828125},{"identifier":"6787083","top":20016.625,"bottom":20619.1875,"right":440.8000183105469,"left":16,"width":424.8000183105469,"height":602.5625},{"identifier":"6715476","top":20619.1875,"bottom":21300.70001220703,"right":440.8000183105469,"left":16,"width":424.8000183105469,"height":681.5125122070312},{"identifier":"8726353","top":21300.701171875,"bottom":21777.263671875,"right":440.8000183105469,"left":16,"width":424.8000183105469,"height":476.5625},{"identifier":"11270819","top":21777.263671875,"bottom":22920.726196289062,"right":440.8000183105469,"left":16,"width":424.8000183105469,"height":1143.4625244140625},{"identifier":"149080","top":22920.724609375,"bottom":23686.287109375,"right":440.8000183105469,"left":16,"width":424.8000183105469,"height":765.5625},{"identifier":"60877747","top":23686.287109375,"bottom":24238.14959716797,"right":440.8000183105469,"left":16,"width":424.8000183105469,"height":551.8624877929688},{"identifier":"1323064","top":24238.150390625,"bottom":25939.812866210938,"right":440.8000183105469,"left":16,"width":424.8000183105469,"height":1701.6624755859375},{"identifier":"10168573","top":25939.8125,"bottom":26649.57501220703,"right":440.8000183105469,"left":16,"width":424.8000183105469,"height":709.7625122070312},{"identifier":"9327950","top":26649.576171875,"bottom":27132.438690185547,"right":440.8000183105469,"left":16,"width":424.8000183105469,"height":482.8625183105469},{"identifier":"149120","top":27132.4375,"bottom":27774.900024414062,"right":440.8000183105469,"left":16,"width":424.8000183105469,"height":642.4625244140625},{"identifier":"12698442","top":27774.900390625,"bottom":28218.062896728516,"right":440.8000183105469,"left":16,"width":424.8000183105469,"height":443.1625061035156},{"identifier":"3284302","top":28218.0625,"bottom":29287.025024414062,"right":440.8000183105469,"left":16,"width":424.8000183105469,"height":1068.9625244140625},{"identifier":"14735423","top":29287.025390625,"bottom":30116.487915039062,"right":440.8000183105469,"left":16,"width":424.8000183105469,"height":829.4625244140625},{"identifier":"54274936","top":30116.48828125,"bottom":30542.450775146484,"right":440.8000183105469,"left":16,"width":424.8000183105469,"height":425.9624938964844},{"identifier":"23717185","top":30542.451171875,"bottom":34332.013671875,"right":440.8000183105469,"left":16,"width":424.8000183105469,"height":3789.5625}]}},{"timestamp":"2022-11-23T01:23:46.438Z","url":"https://stackoverflow.com/questions/149055/how-to-format-numbers-as-currency-strings","component":"page","action":"scroll","data":{"viewport":{"x":0,"y":900,"height":638,"width":474},"document":{"height":36627,"width":457},"question":{"identifier":"149055","top":-758.9500122070312,"bottom":210.11248779296875,"right":440.8000183105469,"left":16,"width":424.8000183105469,"height":969.0625},"answers":[{"identifier":"16233919","top":327.3999938964844,"bottom":2331.5125427246094,"right":440.8000183105469,"left":16,"width":424.8000183105469,"height":2004.112548828125},{"identifier":"149099","top":2331.512451171875,"bottom":5140.012451171875,"right":440.8000183105469,"left":16,"width":424.8000183105469,"height":2808.5},{"identifier":"14428340","top":5140.0126953125,"bottom":7456.787841796875,"right":440.8000183105469,"left":16,"width":424.8000183105469,"height":2316.775146484375},{"identifier":"149107","top":7456.78759765625,"bottom":9018.312622070312,"right":440.8000183105469,"left":16,"width":424.8000183105469,"height":1561.5250244140625},{"identifier":"2866613","top":9018.3125,"bottom":10859.425048828125,"right":440.8000183105469,"left":16,"width":424.8000183105469,"height":1841.112548828125},{"identifier":"26745078","top":10859.4248046875,"bottom":11618.287292480469,"right":440.8000183105469,"left":16,"width":424.8000183105469,"height":758.8624877929688},{"identifier":"7266497","top":11618.2880859375,"bottom":12249.550598144531,"right":440.8000183105469,"left":16,"width":424.8000183105469,"height":631.2625122070312},{"identifier":"9318724","top":12249.5498046875,"bottom":13214.912292480469,"right":440.8000183105469,"left":16,"width":424.8000183105469,"height":965.3624877929688},{"identifier":"5342097","top":13214.9130859375,"bottom":14188.4755859375,"right":440.8000183105469,"left":16,"width":424.8000183105469,"height":973.5625},{"identifier":"18994850","top":14188.4755859375,"bottom":15193.5380859375,"right":440.8000183105469,"left":16,"width":424.8000183105469,"height":1005.0625},{"identifier":"9318723","top":15193.5380859375,"bottom":15679.6005859375,"right":440.8000183105469,"left":16,"width":424.8000183105469,"height":486.0625},{"identifier":"68536579","top":15679.6005859375,"bottom":16181.638092041016,"right":440.8000183105469,"left":16,"width":424.8000183105469,"height":502.0375061035156},{"identifier":"149150","top":16181.6376953125,"bottom":16955.100219726562,"right":440.8000183105469,"left":16,"width":424.8000183105469,"height":773.4625244140625},{"identifier":"12698339","top":16955.099609375,"bottom":17518.262145996094,"right":440.8000183105469,"left":16,"width":424.8000183105469,"height":563.1625366210938},{"identifier":"40079019","top":17518.263671875,"bottom":19216.626220703125,"right":440.8000183105469,"left":16,"width":424.8000183105469,"height":1698.362548828125},{"identifier":"6787083","top":19216.625,"bottom":19819.1875,"right":440.8000183105469,"left":16,"width":424.8000183105469,"height":602.5625},{"identifier":"6715476","top":19819.1875,"bottom":20500.70001220703,"right":440.8000183105469,"left":16,"width":424.8000183105469,"height":681.5125122070312},{"identifier":"8726353","top":20500.701171875,"bottom":20977.263671875,"right":440.8000183105469,"left":16,"width":424.8000183105469,"height":476.5625},{"identifier":"11270819","top":20977.263671875,"bottom":22120.726196289062,"right":440.8000183105469,"left":16,"width":424.8000183105469,"height":1143.4625244140625},{"identifier":"149080","top":22120.724609375,"bottom":22886.287109375,"right":440.8000183105469,"left":16,"width":424.8000183105469,"height":765.5625},{"identifier":"60877747","top":22886.287109375,"bottom":23438.14959716797,"right":440.8000183105469,"left":16,"width":424.8000183105469,"height":551.8624877929688},{"identifier":"1323064","top":23438.150390625,"bottom":25139.812866210938,"right":440.8000183105469,"left":16,"width":424.8000183105469,"height":1701.6624755859375},{"identifier":"10168573","top":25139.8125,"bottom":25849.57501220703,"right":440.8000183105469,"left":16,"width":424.8000183105469,"height":709.7625122070312},{"identifier":"9327950","top":25849.576171875,"bottom":26332.438690185547,"right":440.8000183105469,"left":16,"width":424.8000183105469,"height":482.8625183105469},{"identifier":"149120","top":26332.4375,"bottom":26974.900024414062,"right":440.8000183105469,"left":16,"width":424.8000183105469,"height":642.4625244140625},{"identifier":"12698442","top":26974.900390625,"bottom":27418.062896728516,"right":440.8000183105469,"left":16,"width":424.8000183105469,"height":443.1625061035156},{"identifier":"3284302","top":27418.0625,"bottom":28487.025024414062,"right":440.8000183105469,"left":16,"width":424.8000183105469,"height":1068.9625244140625},{"identifier":"14735423","top":28487.025390625,"bottom":29316.487915039062,"right":440.8000183105469,"left":16,"width":424.8000183105469,"height":829.4625244140625},{"identifier":"54274936","top":29316.48828125,"bottom":29742.450775146484,"right":440.8000183105469,"left":16,"width":424.8000183105469,"height":425.9624938964844},{"identifier":"23717185","top":29742.451171875,"bottom":33532.013671875,"right":440.8000183105469,"left":16,"width":424.8000183105469,"height":3789.5625}]}},{"timestamp":"2022-11-23T01:23:49.651Z","url":"https://stackoverflow.com/questions/149055/how-to-format-numbers-as-currency-strings","component":"page","action":"scroll","data":{"viewport":{"x":0,"y":1300,"height":638,"width":474},"document":{"height":36627,"width":457},"question":{"identifier":"149055","top":-1158.9500732421875,"bottom":-189.8875732421875,"right":440.8000183105469,"left":16,"width":424.8000183105469,"height":969.0625},"answers":[{"identifier":"16233919","top":-72.5999984741211,"bottom":1931.512550354004,"right":440.8000183105469,"left":16,"width":424.8000183105469,"height":2004.112548828125},{"identifier":"149099","top":1931.5125732421875,"bottom":4740.0125732421875,"right":440.8000183105469,"left":16,"width":424.8000183105469,"height":2808.5},{"identifier":"14428340","top":4740.0126953125,"bottom":7056.787841796875,"right":440.8000183105469,"left":16,"width":424.8000183105469,"height":2316.775146484375},{"identifier":"149107","top":7056.78759765625,"bottom":8618.312622070312,"right":440.8000183105469,"left":16,"width":424.8000183105469,"height":1561.5250244140625},{"identifier":"2866613","top":8618.3125,"bottom":10459.425048828125,"right":440.8000183105469,"left":16,"width":424.8000183105469,"height":1841.112548828125},{"identifier":"26745078","top":10459.4248046875,"bottom":11218.287292480469,"right":440.8000183105469,"left":16,"width":424.8000183105469,"height":758.8624877929688},{"identifier":"7266497","top":11218.2880859375,"bottom":11849.550598144531,"right":440.8000183105469,"left":16,"width":424.8000183105469,"height":631.2625122070312},{"identifier":"9318724","top":11849.5498046875,"bottom":12814.912292480469,"right":440.8000183105469,"left":16,"width":424.8000183105469,"height":965.3624877929688},{"identifier":"5342097","top":12814.9130859375,"bottom":13788.4755859375,"right":440.8000183105469,"left":16,"width":424.8000183105469,"height":973.5625},{"identifier":"18994850","top":13788.4755859375,"bottom":14793.5380859375,"right":440.8000183105469,"left":16,"width":424.8000183105469,"height":1005.0625},{"identifier":"9318723","top":14793.5380859375,"bottom":15279.6005859375,"right":440.8000183105469,"left":16,"width":424.8000183105469,"height":486.0625},{"identifier":"68536579","top":15279.6005859375,"bottom":15781.638092041016,"right":440.8000183105469,"left":16,"width":424.8000183105469,"height":502.0375061035156},{"identifier":"149150","top":15781.6376953125,"bottom":16555.100219726562,"right":440.8000183105469,"left":16,"width":424.8000183105469,"height":773.4625244140625},{"identifier":"12698339","top":16555.099609375,"bottom":17118.262145996094,"right":440.8000183105469,"left":16,"width":424.8000183105469,"height":563.1625366210938},{"identifier":"40079019","top":17118.263671875,"bottom":18816.626220703125,"right":440.8000183105469,"left":16,"width":424.8000183105469,"height":1698.362548828125},{"identifier":"6787083","top":18816.625,"bottom":19419.1875,"right":440.8000183105469,"left":16,"width":424.8000183105469,"height":602.5625},{"identifier":"6715476","top":19419.1875,"bottom":20100.70001220703,"right":440.8000183105469,"left":16,"width":424.8000183105469,"height":681.5125122070312},{"identifier":"8726353","top":20100.701171875,"bottom":20577.263671875,"right":440.8000183105469,"left":16,"width":424.8000183105469,"height":476.5625},{"identifier":"11270819","top":20577.263671875,"bottom":21720.726196289062,"right":440.8000183105469,"left":16,"width":424.8000183105469,"height":1143.4625244140625},{"identifier":"149080","top":21720.724609375,"bottom":22486.287109375,"right":440.8000183105469,"left":16,"width":424.8000183105469,"height":765.5625},{"identifier":"60877747","top":22486.287109375,"bottom":23038.14959716797,"right":440.8000183105469,"left":16,"width":424.8000183105469,"height":551.8624877929688},{"identifier":"1323064","top":23038.150390625,"bottom":24739.812866210938,"right":440.8000183105469,"left":16,"width":424.8000183105469,"height":1701.6624755859375},{"identifier":"10168573","top":24739.8125,"bottom":25449.57501220703,"right":440.8000183105469,"left":16,"width":424.8000183105469,"height":709.7625122070312},{"identifier":"9327950","top":25449.576171875,"bottom":25932.438690185547,"right":440.8000183105469,"left":16,"width":424.8000183105469,"height":482.8625183105469},{"identifier":"149120","top":25932.4375,"bottom":26574.900024414062,"right":440.8000183105469,"left":16,"width":424.8000183105469,"height":642.4625244140625},{"identifier":"12698442","top":26574.900390625,"bottom":27018.062896728516,"right":440.8000183105469,"left":16,"width":424.8000183105469,"height":443.1625061035156},{"identifier":"3284302","top":27018.0625,"bottom":28087.025024414062,"right":440.8000183105469,"left":16,"width":424.8000183105469,"height":1068.9625244140625},{"identifier":"14735423","top":28087.025390625,"bottom":28916.487915039062,"right":440.8000183105469,"left":16,"width":424.8000183105469,"height":829.4625244140625},{"identifier":"54274936","top":28916.48828125,"bottom":29342.450775146484,"right":440.8000183105469,"left":16,"width":424.8000183105469,"height":425.9624938964844},{"identifier":"23717185","top":29342.451171875,"bottom":33132.013671875,"right":440.8000183105469,"left":16,"width":424.8000183105469,"height":3789.5625}]}},{"timestamp":"2022-11-23T01:23:50.738Z","url":"https://stackoverflow.com/questions/149055/how-to-format-numbers-as-currency-strings","component":"page","action":"scroll","data":{"viewport":{"x":0,"y":1200,"height":638,"width":474},"document":{"height":36627,"width":457},"question":{"identifier":"149055","top":-1058.9500732421875,"bottom":-89.8875732421875,"right":440.8000183105469,"left":16,"width":424.8000183105469,"height":969.0625},"answers":[{"identifier":"16233919","top":27.399999618530273,"bottom":2031.5125484466553,"right":440.8000183105469,"left":16,"width":424.8000183105469,"height":2004.112548828125},{"identifier":"149099","top":2031.5125732421875,"bottom":4840.0125732421875,"right":440.8000183105469,"left":16,"width":424.8000183105469,"height":2808.5},{"identifier":"14428340","top":4840.0126953125,"bottom":7156.787841796875,"right":440.8000183105469,"left":16,"width":424.8000183105469,"height":2316.775146484375},{"identifier":"149107","top":7156.78759765625,"bottom":8718.312622070312,"right":440.8000183105469,"left":16,"width":424.8000183105469,"height":1561.5250244140625},{"identifier":"2866613","top":8718.3125,"bottom":10559.425048828125,"right":440.8000183105469,"left":16,"width":424.8000183105469,"height":1841.112548828125},{"identifier":"26745078","top":10559.4248046875,"bottom":11318.287292480469,"right":440.8000183105469,"left":16,"width":424.8000183105469,"height":758.8624877929688},{"identifier":"7266497","top":11318.2880859375,"bottom":11949.550598144531,"right":440.8000183105469,"left":16,"width":424.8000183105469,"height":631.2625122070312},{"identifier":"9318724","top":11949.5498046875,"bottom":12914.912292480469,"right":440.8000183105469,"left":16,"width":424.8000183105469,"height":965.3624877929688},{"identifier":"5342097","top":12914.9130859375,"bottom":13888.4755859375,"right":440.8000183105469,"left":16,"width":424.8000183105469,"height":973.5625},{"identifier":"18994850","top":13888.4755859375,"bottom":14893.5380859375,"right":440.8000183105469,"left":16,"width":424.8000183105469,"height":1005.0625},{"identifier":"9318723","top":14893.5380859375,"bottom":15379.6005859375,"right":440.8000183105469,"left":16,"width":424.8000183105469,"height":486.0625},{"identifier":"68536579","top":15379.6005859375,"bottom":15881.638092041016,"right":440.8000183105469,"left":16,"width":424.8000183105469,"height":502.0375061035156},{"identifier":"149150","top":15881.6376953125,"bottom":16655.100219726562,"right":440.8000183105469,"left":16,"width":424.8000183105469,"height":773.4625244140625},{"identifier":"12698339","top":16655.099609375,"bottom":17218.262145996094,"right":440.8000183105469,"left":16,"width":424.8000183105469,"height":563.1625366210938},{"identifier":"40079019","top":17218.263671875,"bottom":18916.626220703125,"right":440.8000183105469,"left":16,"width":424.8000183105469,"height":1698.362548828125},{"identifier":"6787083","top":18916.625,"bottom":19519.1875,"right":440.8000183105469,"left":16,"width":424.8000183105469,"height":602.5625},{"identifier":"6715476","top":19519.1875,"bottom":20200.70001220703,"right":440.8000183105469,"left":16,"width":424.8000183105469,"height":681.5125122070312},{"identifier":"8726353","top":20200.701171875,"bottom":20677.263671875,"right":440.8000183105469,"left":16,"width":424.8000183105469,"height":476.5625},{"identifier":"11270819","top":20677.263671875,"bottom":21820.726196289062,"right":440.8000183105469,"left":16,"width":424.8000183105469,"height":1143.4625244140625},{"identifier":"149080","top":21820.724609375,"bottom":22586.287109375,"right":440.8000183105469,"left":16,"width":424.8000183105469,"height":765.5625},{"identifier":"60877747","top":22586.287109375,"bottom":23138.14959716797,"right":440.8000183105469,"left":16,"width":424.8000183105469,"height":551.8624877929688},{"identifier":"1323064","top":23138.150390625,"bottom":24839.812866210938,"right":440.8000183105469,"left":16,"width":424.8000183105469,"height":1701.6624755859375},{"identifier":"10168573","top":24839.8125,"bottom":25549.57501220703,"right":440.8000183105469,"left":16,"width":424.8000183105469,"height":709.7625122070312},{"identifier":"9327950","top":25549.576171875,"bottom":26032.438690185547,"right":440.8000183105469,"left":16,"width":424.8000183105469,"height":482.8625183105469},{"identifier":"149120","top":26032.4375,"bottom":26674.900024414062,"right":440.8000183105469,"left":16,"width":424.8000183105469,"height":642.4625244140625},{"identifier":"12698442","top":26674.900390625,"bottom":27118.062896728516,"right":440.8000183105469,"left":16,"width":424.8000183105469,"height":443.1625061035156},{"identifier":"3284302","top":27118.0625,"bottom":28187.025024414062,"right":440.8000183105469,"left":16,"width":424.8000183105469,"height":1068.9625244140625},{"identifier":"14735423","top":28187.025390625,"bottom":29016.487915039062,"right":440.8000183105469,"left":16,"width":424.8000183105469,"height":829.4625244140625},{"identifier":"54274936","top":29016.48828125,"bottom":29442.450775146484,"right":440.8000183105469,"left":16,"width":424.8000183105469,"height":425.9624938964844},{"identifier":"23717185","top":29442.451171875,"bottom":33232.013671875,"right":440.8000183105469,"left":16,"width":424.8000183105469,"height":3789.5625}]}},{"timestamp":"2022-11-23T01:23:56.556Z","url":"https://stackoverflow.com/questions/149055/how-to-format-numbers-as-currency-strings","component":"page","action":"selection","data":"// Create our number formatter.\nconst formatter = new Intl.NumberFormat('en-US', {\n  style: 'currency',\n  currency: 'USD',\n\n  // These options are needed to round to whole numbers if that's what you want.\n  //minimumFractionDigits: 0, // (this suffices for whole numbers, but will print 2500.10 as $2,500.1)\n  //maximumFractionDigits: 0, // (causes 2500.99 to be printed as $2,501)\n});"},{"timestamp":"2022-11-23T01:23:57.627Z","url":"https://stackoverflow.com/questions/149055/how-to-format-numbers-as-currency-strings","component":"page","action":"copy","data":"// Create our number formatter.\nconst formatter = new Intl.NumberFormat('en-US', {\n  style: 'currency',\n  currency: 'USD',\n\n  // These options are needed to round to whole numbers if that's what you want.\n  //minimumFractionDigits: 0, // (this suffices for whole numbers, but will print 2500.10 as $2,500.1)\n  //maximumFractionDigits: 0, // (causes 2500.99 to be printed as $2,501)\n});"},{"timestamp":"2022-11-23T01:23:58.929Z","url":"https://stackoverflow.com/questions/149055/how-to-format-numbers-as-currency-strings","component":"page","action":"scroll","data":{"viewport":{"x":0,"y":1300,"height":638,"width":474},"document":{"height":36627,"width":457},"question":{"identifier":"149055","top":-1158.9500732421875,"bottom":-189.8875732421875,"right":440.8000183105469,"left":16,"width":424.8000183105469,"height":969.0625},"answers":[{"identifier":"16233919","top":-72.5999984741211,"bottom":1931.512550354004,"right":440.8000183105469,"left":16,"width":424.8000183105469,"height":2004.112548828125},{"identifier":"149099","top":1931.5125732421875,"bottom":4740.0125732421875,"right":440.8000183105469,"left":16,"width":424.8000183105469,"height":2808.5},{"identifier":"14428340","top":4740.0126953125,"bottom":7056.787841796875,"right":440.8000183105469,"left":16,"width":424.8000183105469,"height":2316.775146484375},{"identifier":"149107","top":7056.78759765625,"bottom":8618.312622070312,"right":440.8000183105469,"left":16,"width":424.8000183105469,"height":1561.5250244140625},{"identifier":"2866613","top":8618.3125,"bottom":10459.425048828125,"right":440.8000183105469,"left":16,"width":424.8000183105469,"height":1841.112548828125},{"identifier":"26745078","top":10459.4248046875,"bottom":11218.287292480469,"right":440.8000183105469,"left":16,"width":424.8000183105469,"height":758.8624877929688},{"identifier":"7266497","top":11218.2880859375,"bottom":11849.550598144531,"right":440.8000183105469,"left":16,"width":424.8000183105469,"height":631.2625122070312},{"identifier":"9318724","top":11849.5498046875,"bottom":12814.912292480469,"right":440.8000183105469,"left":16,"width":424.8000183105469,"height":965.3624877929688},{"identifier":"5342097","top":12814.9130859375,"bottom":13788.4755859375,"right":440.8000183105469,"left":16,"width":424.8000183105469,"height":973.5625},{"identifier":"18994850","top":13788.4755859375,"bottom":14793.5380859375,"right":440.8000183105469,"left":16,"width":424.8000183105469,"height":1005.0625},{"identifier":"9318723","top":14793.5380859375,"bottom":15279.6005859375,"right":440.8000183105469,"left":16,"width":424.8000183105469,"height":486.0625},{"identifier":"68536579","top":15279.6005859375,"bottom":15781.638092041016,"right":440.8000183105469,"left":16,"width":424.8000183105469,"height":502.0375061035156},{"identifier":"149150","top":15781.6376953125,"bottom":16555.100219726562,"right":440.8000183105469,"left":16,"width":424.8000183105469,"height":773.4625244140625},{"identifier":"12698339","top":16555.099609375,"bottom":17118.262145996094,"right":440.8000183105469,"left":16,"width":424.8000183105469,"height":563.1625366210938},{"identifier":"40079019","top":17118.263671875,"bottom":18816.626220703125,"right":440.8000183105469,"left":16,"width":424.8000183105469,"height":1698.362548828125},{"identifier":"6787083","top":18816.625,"bottom":19419.1875,"right":440.8000183105469,"left":16,"width":424.8000183105469,"height":602.5625},{"identifier":"6715476","top":19419.1875,"bottom":20100.70001220703,"right":440.8000183105469,"left":16,"width":424.8000183105469,"height":681.5125122070312},{"identifier":"8726353","top":20100.701171875,"bottom":20577.263671875,"right":440.8000183105469,"left":16,"width":424.8000183105469,"height":476.5625},{"identifier":"11270819","top":20577.263671875,"bottom":21720.726196289062,"right":440.8000183105469,"left":16,"width":424.8000183105469,"height":1143.4625244140625},{"identifier":"149080","top":21720.724609375,"bottom":22486.287109375,"right":440.8000183105469,"left":16,"width":424.8000183105469,"height":765.5625},{"identifier":"60877747","top":22486.287109375,"bottom":23038.14959716797,"right":440.8000183105469,"left":16,"width":424.8000183105469,"height":551.8624877929688},{"identifier":"1323064","top":23038.150390625,"bottom":24739.812866210938,"right":440.8000183105469,"left":16,"width":424.8000183105469,"height":1701.6624755859375},{"identifier":"10168573","top":24739.8125,"bottom":25449.57501220703,"right":440.8000183105469,"left":16,"width":424.8000183105469,"height":709.7625122070312},{"identifier":"9327950","top":25449.576171875,"bottom":25932.438690185547,"right":440.8000183105469,"left":16,"width":424.8000183105469,"height":482.8625183105469},{"identifier":"149120","top":25932.4375,"bottom":26574.900024414062,"right":440.8000183105469,"left":16,"width":424.8000183105469,"height":642.4625244140625},{"identifier":"12698442","top":26574.900390625,"bottom":27018.062896728516,"right":440.8000183105469,"left":16,"width":424.8000183105469,"height":443.1625061035156},{"identifier":"3284302","top":27018.0625,"bottom":28087.025024414062,"right":440.8000183105469,"left":16,"width":424.8000183105469,"height":1068.9625244140625},{"identifier":"14735423","top":28087.025390625,"bottom":28916.487915039062,"right":440.8000183105469,"left":16,"width":424.8000183105469,"height":829.4625244140625},{"identifier":"54274936","top":28916.48828125,"bottom":29342.450775146484,"right":440.8000183105469,"left":16,"width":424.8000183105469,"height":425.9624938964844},{"identifier":"23717185","top":29342.451171875,"bottom":33132.013671875,"right":440.8000183105469,"left":16,"width":424.8000183105469,"height":3789.5625}]}},{"timestamp":"2022-11-23T01:24:00.468Z","url":"https://stackoverflow.com/questions/149055/how-to-format-numbers-as-currency-strings","component":"page","action":"scroll","data":{"viewport":{"x":0,"y":1300,"height":638,"width":474},"document":{"height":36627,"width":457},"question":{"identifier":"149055","top":-1158.9500732421875,"bottom":-189.8875732421875,"right":440.8000183105469,"left":16,"width":424.8000183105469,"height":969.0625},"answers":[{"identifier":"16233919","top":-72.5999984741211,"bottom":1931.512550354004,"right":440.8000183105469,"left":16,"width":424.8000183105469,"height":2004.112548828125},{"identifier":"149099","top":1931.5125732421875,"bottom":4740.0125732421875,"right":440.8000183105469,"left":16,"width":424.8000183105469,"height":2808.5},{"identifier":"14428340","top":4740.0126953125,"bottom":7056.787841796875,"right":440.8000183105469,"left":16,"width":424.8000183105469,"height":2316.775146484375},{"identifier":"149107","top":7056.78759765625,"bottom":8618.312622070312,"right":440.8000183105469,"left":16,"width":424.8000183105469,"height":1561.5250244140625},{"identifier":"2866613","top":8618.3125,"bottom":10459.425048828125,"right":440.8000183105469,"left":16,"width":424.8000183105469,"height":1841.112548828125},{"identifier":"26745078","top":10459.4248046875,"bottom":11218.287292480469,"right":440.8000183105469,"left":16,"width":424.8000183105469,"height":758.8624877929688},{"identifier":"7266497","top":11218.2880859375,"bottom":11849.550598144531,"right":440.8000183105469,"left":16,"width":424.8000183105469,"height":631.2625122070312},{"identifier":"9318724","top":11849.5498046875,"bottom":12814.912292480469,"right":440.8000183105469,"left":16,"width":424.8000183105469,"height":965.3624877929688},{"identifier":"5342097","top":12814.9130859375,"bottom":13788.4755859375,"right":440.8000183105469,"left":16,"width":424.8000183105469,"height":973.5625},{"identifier":"18994850","top":13788.4755859375,"bottom":14793.5380859375,"right":440.8000183105469,"left":16,"width":424.8000183105469,"height":1005.0625},{"identifier":"9318723","top":14793.5380859375,"bottom":15279.6005859375,"right":440.8000183105469,"left":16,"width":424.8000183105469,"height":486.0625},{"identifier":"68536579","top":15279.6005859375,"bottom":15781.638092041016,"right":440.8000183105469,"left":16,"width":424.8000183105469,"height":502.0375061035156},{"identifier":"149150","top":15781.6376953125,"bottom":16555.100219726562,"right":440.8000183105469,"left":16,"width":424.8000183105469,"height":773.4625244140625},{"identifier":"12698339","top":16555.099609375,"bottom":17118.262145996094,"right":440.8000183105469,"left":16,"width":424.8000183105469,"height":563.1625366210938},{"identifier":"40079019","top":17118.263671875,"bottom":18816.626220703125,"right":440.8000183105469,"left":16,"width":424.8000183105469,"height":1698.362548828125},{"identifier":"6787083","top":18816.625,"bottom":19419.1875,"right":440.8000183105469,"left":16,"width":424.8000183105469,"height":602.5625},{"identifier":"6715476","top":19419.1875,"bottom":20100.70001220703,"right":440.8000183105469,"left":16,"width":424.8000183105469,"height":681.5125122070312},{"identifier":"8726353","top":20100.701171875,"bottom":20577.263671875,"right":440.8000183105469,"left":16,"width":424.8000183105469,"height":476.5625},{"identifier":"11270819","top":20577.263671875,"bottom":21720.726196289062,"right":440.8000183105469,"left":16,"width":424.8000183105469,"height":1143.4625244140625},{"identifier":"149080","top":21720.724609375,"bottom":22486.287109375,"right":440.8000183105469,"left":16,"width":424.8000183105469,"height":765.5625},{"identifier":"60877747","top":22486.287109375,"bottom":23038.14959716797,"right":440.8000183105469,"left":16,"width":424.8000183105469,"height":551.8624877929688},{"identifier":"1323064","top":23038.150390625,"bottom":24739.812866210938,"right":440.8000183105469,"left":16,"width":424.8000183105469,"height":1701.6624755859375},{"identifier":"10168573","top":24739.8125,"bottom":25449.57501220703,"right":440.8000183105469,"left":16,"width":424.8000183105469,"height":709.7625122070312},{"identifier":"9327950","top":25449.576171875,"bottom":25932.438690185547,"right":440.8000183105469,"left":16,"width":424.8000183105469,"height":482.8625183105469},{"identifier":"149120","top":25932.4375,"bottom":26574.900024414062,"right":440.8000183105469,"left":16,"width":424.8000183105469,"height":642.4625244140625},{"identifier":"12698442","top":26574.900390625,"bottom":27018.062896728516,"right":440.8000183105469,"left":16,"width":424.8000183105469,"height":443.1625061035156},{"identifier":"3284302","top":27018.0625,"bottom":28087.025024414062,"right":440.8000183105469,"left":16,"width":424.8000183105469,"height":1068.9625244140625},{"identifier":"14735423","top":28087.025390625,"bottom":28916.487915039062,"right":440.8000183105469,"left":16,"width":424.8000183105469,"height":829.4625244140625},{"identifier":"54274936","top":28916.48828125,"bottom":29342.450775146484,"right":440.8000183105469,"left":16,"width":424.8000183105469,"height":425.9624938964844},{"identifier":"23717185","top":29342.451171875,"bottom":33132.013671875,"right":440.8000183105469,"left":16,"width":424.8000183105469,"height":3789.5625}]}},{"timestamp":"2022-11-23T01:24:36.784Z","url":"https://stackoverflow.com/questions/149055/how-to-format-numbers-as-currency-strings","component":"page","action":"scroll","data":{"viewport":{"x":0,"y":1300,"height":638,"width":474},"document":{"height":36627,"width":457},"question":{"identifier":"149055","top":-1158.9500732421875,"bottom":-189.8875732421875,"right":440.8000183105469,"left":16,"width":424.8000183105469,"height":969.0625},"answers":[{"identifier":"16233919","top":-72.5999984741211,"bottom":1931.512550354004,"right":440.8000183105469,"left":16,"width":424.8000183105469,"height":2004.112548828125},{"identifier":"149099","top":1931.5125732421875,"bottom":4740.0125732421875,"right":440.8000183105469,"left":16,"width":424.8000183105469,"height":2808.5},{"identifier":"14428340","top":4740.0126953125,"bottom":7056.787841796875,"right":440.8000183105469,"left":16,"width":424.8000183105469,"height":2316.775146484375},{"identifier":"149107","top":7056.78759765625,"bottom":8618.312622070312,"right":440.8000183105469,"left":16,"width":424.8000183105469,"height":1561.5250244140625},{"identifier":"2866613","top":8618.3125,"bottom":10459.425048828125,"right":440.8000183105469,"left":16,"width":424.8000183105469,"height":1841.112548828125},{"identifier":"26745078","top":10459.4248046875,"bottom":11218.287292480469,"right":440.8000183105469,"left":16,"width":424.8000183105469,"height":758.8624877929688},{"identifier":"7266497","top":11218.2880859375,"bottom":11849.550598144531,"right":440.8000183105469,"left":16,"width":424.8000183105469,"height":631.2625122070312},{"identifier":"9318724","top":11849.5498046875,"bottom":12814.912292480469,"right":440.8000183105469,"left":16,"width":424.8000183105469,"height":965.3624877929688},{"identifier":"5342097","top":12814.9130859375,"bottom":13788.4755859375,"right":440.8000183105469,"left":16,"width":424.8000183105469,"height":973.5625},{"identifier":"18994850","top":13788.4755859375,"bottom":14793.5380859375,"right":440.8000183105469,"left":16,"width":424.8000183105469,"height":1005.0625},{"identifier":"9318723","top":14793.5380859375,"bottom":15279.6005859375,"right":440.8000183105469,"left":16,"width":424.8000183105469,"height":486.0625},{"identifier":"68536579","top":15279.6005859375,"bottom":15781.638092041016,"right":440.8000183105469,"left":16,"width":424.8000183105469,"height":502.0375061035156},{"identifier":"149150","top":15781.6376953125,"bottom":16555.100219726562,"right":440.8000183105469,"left":16,"width":424.8000183105469,"height":773.4625244140625},{"identifier":"12698339","top":16555.099609375,"bottom":17118.262145996094,"right":440.8000183105469,"left":16,"width":424.8000183105469,"height":563.1625366210938},{"identifier":"40079019","top":17118.263671875,"bottom":18816.626220703125,"right":440.8000183105469,"left":16,"width":424.8000183105469,"height":1698.362548828125},{"identifier":"6787083","top":18816.625,"bottom":19419.1875,"right":440.8000183105469,"left":16,"width":424.8000183105469,"height":602.5625},{"identifier":"6715476","top":19419.1875,"bottom":20100.70001220703,"right":440.8000183105469,"left":16,"width":424.8000183105469,"height":681.5125122070312},{"identifier":"8726353","top":20100.701171875,"bottom":20577.263671875,"right":440.8000183105469,"left":16,"width":424.8000183105469,"height":476.5625},{"identifier":"11270819","top":20577.263671875,"bottom":21720.726196289062,"right":440.8000183105469,"left":16,"width":424.8000183105469,"height":1143.4625244140625},{"identifier":"149080","top":21720.724609375,"bottom":22486.287109375,"right":440.8000183105469,"left":16,"width":424.8000183105469,"height":765.5625},{"identifier":"60877747","top":22486.287109375,"bottom":23038.14959716797,"right":440.8000183105469,"left":16,"width":424.8000183105469,"height":551.8624877929688},{"identifier":"1323064","top":23038.150390625,"bottom":24739.812866210938,"right":440.8000183105469,"left":16,"width":424.8000183105469,"height":1701.6624755859375},{"identifier":"10168573","top":24739.8125,"bottom":25449.57501220703,"right":440.8000183105469,"left":16,"width":424.8000183105469,"height":709.7625122070312},{"identifier":"9327950","top":25449.576171875,"bottom":25932.438690185547,"right":440.8000183105469,"left":16,"width":424.8000183105469,"height":482.8625183105469},{"identifier":"149120","top":25932.4375,"bottom":26574.900024414062,"right":440.8000183105469,"left":16,"width":424.8000183105469,"height":642.4625244140625},{"identifier":"12698442","top":26574.900390625,"bottom":27018.062896728516,"right":440.8000183105469,"left":16,"width":424.8000183105469,"height":443.1625061035156},{"identifier":"3284302","top":27018.0625,"bottom":28087.025024414062,"right":440.8000183105469,"left":16,"width":424.8000183105469,"height":1068.9625244140625},{"identifier":"14735423","top":28087.025390625,"bottom":28916.487915039062,"right":440.8000183105469,"left":16,"width":424.8000183105469,"height":829.4625244140625},{"identifier":"54274936","top":28916.48828125,"bottom":29342.450775146484,"right":440.8000183105469,"left":16,"width":424.8000183105469,"height":425.9624938964844},{"identifier":"23717185","top":29342.451171875,"bottom":33132.013671875,"right":440.8000183105469,"left":16,"width":424.8000183105469,"height":3789.5625}]}},{"timestamp":"2022-11-23T01:24:59.391Z","url":"https://stackoverflow.com/questions/149055/how-to-format-numbers-as-currency-strings","component":"page","action":"close"},{"timestamp":"2022-11-23T01:24:59.726Z","url":"https://stackoverflow.com/questions/149055/how-to-format-numbers-as-currency-strings","component":"projection","action":"mouseenter"},{"timestamp":"2022-11-23T01:24:59.775Z","url":"https://stackoverflow.com/questions/149055/how-to-format-numbers-as-currency-strings","component":"projection","action":"mouseleave"},{"timestamp":"2022-11-23T01:24:59.780Z","url":"https://stackoverflow.com/questions/149055/how-to-format-numbers-as-currency-strings/5681208","component":"projection","action":"mouseenter"},{"timestamp":"2022-11-23T01:25:00.058Z","url":"https://stackoverflow.com/questions/149055/how-to-format-numbers-as-currency-strings/5681208","component":"projection","action":"mouseleave"},{"timestamp":"2022-11-23T01:25:00.063Z","url":"https://stackoverflow.com/questions/149055/how-to-format-numbers-as-currency-strings","component":"projection","action":"mouseenter"},{"timestamp":"2022-11-23T01:25:00.241Z","url":"https://stackoverflow.com/questions/149055/how-to-format-numbers-as-currency-strings","component":"projection","action":"mouseleave"},{"timestamp":"2022-11-23T01:25:00.245Z","url":"https://stackoverflow.com/questions/149055/how-to-format-numbers-as-currency-strings/5681208","component":"projection","action":"mouseenter"},{"timestamp":"2022-11-23T01:25:00.925Z","url":"https://stackoverflow.com/questions/149055/how-to-format-numbers-as-currency-strings/5681208","component":"projection","action":"mouseleave"},{"timestamp":"2022-11-23T01:25:00.930Z","url":"https://stackoverflow.com/questions/4022171/how-do-i-print-currency-format-in-javascript","component":"projection","action":"mouseenter"},{"timestamp":"2022-11-23T01:25:00.958Z","url":"https://stackoverflow.com/questions/4022171/how-do-i-print-currency-format-in-javascript","component":"projection","action":"mouseleave"},{"timestamp":"2022-11-23T01:25:00.964Z","url":"https://stackoverflow.com/questions/64297528/how-to-format-currency-in-javascript","component":"projection","action":"mouseenter"},{"timestamp":"2022-11-23T01:25:01.292Z","url":"https://stackoverflow.com/questions/64297528/how-to-format-currency-in-javascript","component":"projection","action":"mouseleave"},{"timestamp":"2022-11-23T01:25:01.302Z","url":"https://stackoverflow.com/questions/4022171/how-do-i-print-currency-format-in-javascript","component":"projection","action":"mouseenter"},{"timestamp":"2022-11-23T01:25:01.425Z","url":"https://stackoverflow.com/questions/4022171/how-do-i-print-currency-format-in-javascript","component":"projection","action":"mouseleave"},{"timestamp":"2022-11-23T01:25:01.433Z","url":"https://stackoverflow.com/questions/149055/how-to-format-numbers-as-currency-strings/5681208","component":"projection","action":"mouseenter"},{"timestamp":"2022-11-23T01:25:01.541Z","url":"https://stackoverflow.com/questions/149055/how-to-format-numbers-as-currency-strings/5681208","component":"projection","action":"mouseleave"},{"timestamp":"2022-11-23T01:25:01.545Z","url":"https://stackoverflow.com/questions/149055/how-to-format-numbers-as-currency-strings","component":"projection","action":"mouseenter"},{"timestamp":"2022-11-23T01:25:02.650Z","url":"https://stackoverflow.com/questions/149055/how-to-format-numbers-as-currency-strings","component":"projection","action":"mouseleave"},{"timestamp":"2022-11-23T01:25:04.890Z","url":"https://stackoverflow.com/questions/149055/how-to-format-numbers-as-currency-strings/5681208","component":"projection","action":"mouseenter"},{"timestamp":"2022-11-23T01:25:05.548Z","url":"https://stackoverflow.com/questions/149055/how-to-format-numbers-as-currency-strings/5681208","component":"projection","action":"mouseleave"},{"timestamp":"2022-11-23T01:25:06.524Z","url":"https://stackoverflow.com/questions/149055/how-to-format-numbers-as-currency-strings/5681208","component":"projection","action":"mouseenter"},{"timestamp":"2022-11-23T01:25:06.889Z","url":"https://stackoverflow.com/questions/149055/how-to-format-numbers-as-currency-strings/5681208","component":"projection","action":"mouseleave"},{"timestamp":"2022-11-23T01:25:06.892Z","url":"https://stackoverflow.com/questions/4022171/how-do-i-print-currency-format-in-javascript","component":"projection","action":"mouseenter"},{"timestamp":"2022-11-23T01:25:07.156Z","url":"https://stackoverflow.com/questions/4022171/how-do-i-print-currency-format-in-javascript","component":"projection","action":"mouseleave"},{"timestamp":"2022-11-23T01:25:07.165Z","url":"https://stackoverflow.com/questions/149055/how-to-format-numbers-as-currency-strings/5681208","component":"projection","action":"mouseenter"},{"timestamp":"2022-11-23T01:25:07.440Z","url":"https://stackoverflow.com/questions/149055/how-to-format-numbers-as-currency-strings/5681208","component":"projection","action":"mouseleave"},{"timestamp":"2022-11-23T01:25:19.585Z","url":"https://stackoverflow.com/questions/149055/how-to-format-numbers-as-currency-strings/5681208","component":"projection","action":"mouseenter"},{"timestamp":"2022-11-23T01:25:20.434Z","url":"https://stackoverflow.com/questions/149055/how-to-format-numbers-as-currency-strings/5681208","component":"projection","action":"mouseleave"},{"timestamp":"2022-11-23T01:25:20.439Z","url":"https://stackoverflow.com/questions/149055/how-to-format-numbers-as-currency-strings","component":"projection","action":"mouseenter"},{"timestamp":"2022-11-23T01:25:20.535Z","url":"https://stackoverflow.com/questions/149055/how-to-format-numbers-as-currency-strings","component":"projection","action":"mouseleave"},{"timestamp":"2022-11-23T01:25:20.545Z","url":"https://stackoverflow.com/questions/149055/how-to-format-numbers-as-currency-strings/5681208","component":"projection","action":"mouseenter"},{"timestamp":"2022-11-23T01:25:20.567Z","url":"https://stackoverflow.com/questions/149055/how-to-format-numbers-as-currency-strings/5681208","component":"projection","action":"mouseleave"},{"timestamp":"2022-11-23T01:25:34.382Z","url":"https://stackoverflow.com/questions/149055/how-to-format-numbers-as-currency-strings","component":"projection","action":"mouseenter"},{"timestamp":"2022-11-23T01:25:39.036Z","url":"https://stackoverflow.com/questions/149055/how-to-format-numbers-as-currency-strings","component":"projection","action":"mouseleave"},{"timestamp":"2022-11-23T01:25:40.963Z","url":"https://stackoverflow.com/questions/149055/how-to-format-numbers-as-currency-strings/5681208","component":"projection","action":"mouseenter"},{"timestamp":"2022-11-23T01:25:41.055Z","url":"https://stackoverflow.com/questions/149055/how-to-format-numbers-as-currency-strings/5681208","component":"projection","action":"mouseleave"},{"timestamp":"2022-11-23T01:26:18.448Z","url":"https://stackoverflow.com/questions/149055/how-to-format-numbers-as-currency-strings/5681208","component":"projection","action":"mouseenter"},{"timestamp":"2022-11-23T01:26:18.482Z","url":"https://stackoverflow.com/questions/149055/how-to-format-numbers-as-currency-strings/5681208","component":"projection","action":"mouseleave"},{"timestamp":"2022-11-23T01:26:18.652Z","url":"https://stackoverflow.com/questions/149055/how-to-format-numbers-as-currency-strings/5681208","component":"projection","action":"mouseenter"},{"timestamp":"2022-11-23T01:26:19.103Z","url":"https://stackoverflow.com/questions/149055/how-to-format-numbers-as-currency-strings/5681208","component":"projection","action":"mouseleave"},{"timestamp":"2022-11-23T01:26:25.696Z","url":"https://stackoverflow.com/questions/149055/how-to-format-numbers-as-currency-strings","component":"projection","action":"mouseenter"},{"timestamp":"2022-11-23T01:26:25.791Z","url":"https://stackoverflow.com/questions/149055/how-to-format-numbers-as-currency-strings","component":"projection","action":"mouseleave"},{"timestamp":"2022-11-23T01:27:33.572Z","url":"https://stackoverflow.com/questions/149055/how-to-format-numbers-as-currency-strings/5681208","component":"projection","action":"mouseenter"},{"timestamp":"2022-11-23T01:27:34.255Z","url":"https://stackoverflow.com/questions/149055/how-to-format-numbers-as-currency-strings/5681208","component":"projection","action":"mouseleave"},{"timestamp":"2022-11-23T01:27:34.263Z","url":"https://stackoverflow.com/questions/149055/how-to-format-numbers-as-currency-strings","component":"projection","action":"mouseenter"},{"timestamp":"2022-11-23T01:27:34.977Z","url":"https://stackoverflow.com/questions/149055/how-to-format-numbers-as-currency-strings","component":"projection","action":"mouseleave"},{"timestamp":"2022-11-23T01:27:38.371Z","url":"https://stackoverflow.com/questions/149055/how-to-format-numbers-as-currency-strings","component":"projection","action":"mouseenter"},{"timestamp":"2022-11-23T01:27:39.320Z","url":"https://stackoverflow.com/questions/149055/how-to-format-numbers-as-currency-strings","component":"projection","action":"mouseleave"},{"timestamp":"2022-11-23T01:28:01.200Z","url":"https://stackoverflow.com/questions/149055/how-to-format-numbers-as-currency-strings/5681208","component":"projection","action":"mouseenter"},{"timestamp":"2022-11-23T01:28:01.296Z","url":"https://stackoverflow.com/questions/149055/how-to-format-numbers-as-currency-strings/5681208","component":"projection","action":"mouseleave"}]}]}