{"id":"17380_3","conditions":[{"taskId":3,"taskName":"clone","enableFragments":true,"enableContext":true,"showContext":true,"provideSearchTerms":true,"sequence":3},{"taskId":2,"taskName":"find","enableFragments":true,"enableContext":true,"showContext":true,"provideSearchTerms":true,"sequence":4},{"taskId":1,"taskName":"currency","enableFragments":false,"enableContext":true,"showContext":false,"provideSearchTerms":true,"sequence":5},{"taskId":4,"taskName":"sort","enableFragments":false,"enableContext":true,"showContext":false,"provideSearchTerms":true,"sequence":6},{"taskId":6,"taskName":"serve","enableFragments":false,"enableContext":false,"showContext":false,"provideSearchTerms":false,"sequence":7},{"taskId":5,"taskName":"recent","enableFragments":true,"enableContext":true,"showContext":true,"provideSearchTerms":false,"sequence":8}],"activeTaskId":"recent","tasks":[{"id":"pre-study"},{"enableFragments":true,"enableContext":true,"showContext":true,"provideSearchTerms":true,"contextOverride":[{"source":"src/tutorial.js","name":"sumTradedShares","position":{"start":397,"end":545},"variables":[],"parameters":[{"source":"src/tutorial.js","name":"trades","position":{"start":429,"end":435},"type":{"name":"Trade[]"}}],"returnType":"number"}],"id":"tutorial","startTime":"2022-11-23T00:48:05.158Z","duration":479640,"timer":{"startTime":"2022-11-23T00:52:53.651Z","endTime":"2022-11-23T00:59:58.797Z"},"endTime":"2022-11-23T00:59:58.797Z"},{"enableFragments":false,"enableContext":true,"showContext":false,"contextOverride":[{"source":"src/currency.js","name":"printCurrency","position":{"start":593,"end":782},"variables":[],"parameters":[{"source":"src/currency.js","name":"amount","position":{"start":623,"end":629},"type":{"name":"number"}},{"source":"src/currency.js","name":"locale","position":{"start":631,"end":637},"type":{"name":"string"}},{"source":"src/currency.js","name":"currency","position":{"start":639,"end":647},"type":{"name":"string"}}],"returnType":"string"}],"provideSearchTerms":true,"searchTerms":"format currency","id":"currency","startTime":"2022-11-23T01:22:51.482Z","timer":{"startTime":"2022-11-23T01:22:51.483Z","endTime":"2022-11-23T01:24:55.996Z"},"duration":122396,"data":{"Q1":"2","Q2":"I found the titles of the links to be useful because they contained the question that I was looking for. The descriptions beneath the titles weren't very useful because they were not in context and not necessarily very relevant to what I was interested in.","Q3":"I don't know if there is. I felt that I needed to view the full webpage.","Q4":"I did not."},"endTime":"2022-11-23T01:27:40.433Z"},{"enableFragments":true,"enableContext":true,"showContext":true,"contextOverride":[{"source":"src/find.js","name":"getTradeById","position":{"start":286,"end":506},"variables":[],"parameters":[{"source":"src/find.js","name":"trades","position":{"start":315,"end":321},"type":{"name":"Trade[]"}},{"source":"src/find.js","name":"id","position":{"start":323,"end":325},"type":{"name":"number"}}],"returnType":"Trade"}],"provideSearchTerms":true,"searchTerms":"find item in array by value","id":"find","startTime":"2022-11-23T01:17:53.751Z","timer":{"startTime":"2022-11-23T01:17:53.752Z","endTime":"2022-11-23T01:19:59.728Z"},"duration":125209,"data":{"Q1":"2","Q2":"I did not use the search result previews because I wasn't sure about the usage and result of the code provided in them, and it seemed more reliable and quicker to look through a question and answer containing the code. ","Q3":"Text describing the code in the previews.","Q4":"I did not."},"endTime":"2022-11-23T01:22:42.641Z"},{"enableFragments":true,"enableContext":true,"showContext":true,"contextOverride":[{"source":"src/clone.js","name":"cloneTradeLedger","position":{"start":239,"end":406},"variables":[],"parameters":[{"source":"src/clone.js","name":"trades","position":{"start":272,"end":278},"type":{"name":"Trade[]"}}],"returnType":"Trade[]"}],"provideSearchTerms":true,"searchTerms":"clone array","id":"clone","startTime":"2022-11-23T01:00:06.492Z","timer":{"startTime":"2022-11-23T01:00:06.492Z","endTime":"2022-11-23T01:04:19.987Z"},"duration":252222,"data":{"Q1":"2","Q2":"I didn't find the search result previews to be useful.","Q3":"Text describing the code in the previews would have been useful, but I'm not sure if that would be better than simply navigating to the page. ","Q4":"I searched a bit outside the IDE in order to use a full-size browser window and view results more easily and quickly. "},"endTime":"2022-11-23T01:17:44.335Z"},{"enableFragments":false,"enableContext":true,"showContext":false,"contextOverride":[{"source":"src/sort.js","name":"sortTradesByShareCount","position":{"start":285,"end":524},"variables":[],"parameters":[{"source":"src/sort.js","name":"trades","position":{"start":324,"end":330},"type":{"name":"Trade[]"}}],"returnType":"Trade[]"}],"provideSearchTerms":true,"searchTerms":"sort array of objects descending","id":"sort","startTime":"2022-11-23T01:27:48.645Z","timer":{"startTime":"2022-11-23T01:27:48.645Z","endTime":"2022-11-23T01:29:46.119Z"},"duration":116361,"data":{"Q1":"3","Q2":"The search result previews helped affirm the titles of the links as describing what I was looking for. I didn't really need them.","Q3":"No.","Q4":"N/A."},"endTime":"2022-11-23T01:31:02.890Z"},{"enableFragments":true,"enableContext":true,"showContext":true,"contextOverride":[{"source":"src/recent.js","name":"moment","position":{"start":7,"end":13},"module":{"name":"moment","position":{"start":19,"end":27}},"references":[{"start":485,"end":491},{"start":753,"end":759},{"start":836,"end":842}]},{"source":"src/recent.js","name":"moment","position":{"start":485,"end":503},"variables":[],"arguments":[{"source":"src/recent.js","name":"","type":"Date","value":"new Date()","position":{"start":492,"end":502}}],"returnType":"any"},{"source":"src/recent.js","name":"moment","position":{"start":753,"end":768},"variables":[],"arguments":[{"source":"src/recent.js","name":"","type":"any","value":"endDate","position":{"start":760,"end":767}}],"returnType":"any"},{"source":"src/recent.js","name":"moment","position":{"start":836,"end":854},"variables":[],"arguments":[{"source":"src/recent.js","name":"","type":"any","value":"trade.date","position":{"start":843,"end":853}}],"returnType":"any"},{"source":"src/recent.js","name":"getPastTradesFrom","position":{"start":400,"end":938},"variables":[{"source":"src/recent.js","name":"endDate","position":{"start":475,"end":503},"type":{"name":"any"}},{"source":"src/recent.js","name":"startDate","position":{"start":741,"end":768},"type":{"name":"any"}}],"parameters":[{"source":"src/recent.js","name":"trades","position":{"start":434,"end":440},"type":{"name":"Trade[]"}},{"source":"src/recent.js","name":"from","position":{"start":442,"end":446},"type":{"name":"number"}},{"source":"src/recent.js","name":"unit","position":{"start":448,"end":461},"type":{"name":"string"}}],"returnType":"Trade[]"}],"provideSearchTerms":false,"searchTerms":"","id":"recent","startTime":"2022-11-23T01:40:21.186Z","timer":{"startTime":"2022-11-23T01:40:21.186Z","endTime":"2022-11-23T01:49:22.831Z"},"duration":419556,"data":{"Q1":"2","Q2":"The search results window was too small.","Q3":"No.","Q4":"I searched outside the IDE in order to utilize a full-size browser window."},"endTime":"2022-11-23T01:50:01.882Z"},{"enableFragments":false,"enableContext":false,"showContext":false,"contextOverride":[],"provideSearchTerms":false,"searchTerms":"","id":"serve","startTime":"2022-11-23T01:31:11.360Z","timer":{"startTime":"2022-11-23T01:31:11.360Z","endTime":"2022-11-23T01:38:17.803Z"},"duration":419058,"data":{"Q1":"2","Q2":"I mainly viewed the full webpages based on the titles. I didn't find the search result previews to be very useful.","Q3":"No.","Q4":"N/A"},"endTime":"2022-11-23T01:40:11.369Z"},{"id":"post-study"}],"activations":["2022-11-23T00:46:31.271Z","2022-11-23T01:15:10.331Z"]}