{"numFailedTestSuites":1,"numFailedTests":3,"numPassedTestSuites":0,"numPassedTests":0,"numPendingTestSuites":0,"numPendingTests":0,"numRuntimeErrorTestSuites":0,"numTodoTests":0,"numTotalTestSuites":1,"numTotalTests":3,"openHandles":[],"snapshot":{"added":0,"didUpdate":false,"failure":false,"filesAdded":0,"filesRemoved":0,"filesRemovedList":[],"filesUnmatched":0,"filesUpdated":0,"matched":0,"total":0,"unchecked":0,"uncheckedKeysByFile":[],"unmatched":0,"updated":0},"startTime":1668184545959,"success":false,"testResults":[{"assertionResults":[{"ancestorTitles":["printCurrency()"],"failureMessages":["ReferenceError: formatter is not defined\n    at printCurrency (/workspaces/55264_3/src/currency.js:22:17)\n    at Object.<anonymous> (/workspaces/55264_3/test/currency.test.js:6:24)\n    at Promise.then.completed (/workspaces/55264_3/node_modules/jest-circus/build/utils.js:391:28)\n    at new Promise (<anonymous>)\n    at callAsyncCircusFn (/workspaces/55264_3/node_modules/jest-circus/build/utils.js:316:10)\n    at _callCircusTest (/workspaces/55264_3/node_modules/jest-circus/build/run.js:218:40)\n    at processTicksAndRejections (node:internal/process/task_queues:96:5)\n    at _runTest (/workspaces/55264_3/node_modules/jest-circus/build/run.js:155:3)\n    at _runTestsForDescribeBlock (/workspaces/55264_3/node_modules/jest-circus/build/run.js:66:9)\n    at _runTestsForDescribeBlock (/workspaces/55264_3/node_modules/jest-circus/build/run.js:60:9)"],"fullName":"printCurrency() Should format amount as Yen in en-US locale","location":null,"status":"failed","title":"Should format amount as Yen in en-US locale"},{"ancestorTitles":["printCurrency()"],"failureMessages":["ReferenceError: formatter is not defined\n    at printCurrency (/workspaces/55264_3/src/currency.js:22:17)\n    at Object.<anonymous> (/workspaces/55264_3/test/currency.test.js:11:24)\n    at Promise.then.completed (/workspaces/55264_3/node_modules/jest-circus/build/utils.js:391:28)\n    at new Promise (<anonymous>)\n    at callAsyncCircusFn (/workspaces/55264_3/node_modules/jest-circus/build/utils.js:316:10)\n    at _callCircusTest (/workspaces/55264_3/node_modules/jest-circus/build/run.js:218:40)\n    at processTicksAndRejections (node:internal/process/task_queues:96:5)\n    at _runTest (/workspaces/55264_3/node_modules/jest-circus/build/run.js:155:3)\n    at _runTestsForDescribeBlock (/workspaces/55264_3/node_modules/jest-circus/build/run.js:66:9)\n    at _runTestsForDescribeBlock (/workspaces/55264_3/node_modules/jest-circus/build/run.js:60:9)"],"fullName":"printCurrency() Should format amount as sterling in en-UK locale","location":null,"status":"failed","title":"Should format amount as sterling in en-UK locale"},{"ancestorTitles":["printCurrency()"],"failureMessages":["ReferenceError: formatter is not defined\n    at printCurrency (/workspaces/55264_3/src/currency.js:22:17)\n    at Object.<anonymous> (/workspaces/55264_3/test/currency.test.js:16:24)\n    at Promise.then.completed (/workspaces/55264_3/node_modules/jest-circus/build/utils.js:391:28)\n    at new Promise (<anonymous>)\n    at callAsyncCircusFn (/workspaces/55264_3/node_modules/jest-circus/build/utils.js:316:10)\n    at _callCircusTest (/workspaces/55264_3/node_modules/jest-circus/build/run.js:218:40)\n    at processTicksAndRejections (node:internal/process/task_queues:96:5)\n    at _runTest (/workspaces/55264_3/node_modules/jest-circus/build/run.js:155:3)\n    at _runTestsForDescribeBlock (/workspaces/55264_3/node_modules/jest-circus/build/run.js:66:9)\n    at _runTestsForDescribeBlock (/workspaces/55264_3/node_modules/jest-circus/build/run.js:60:9)"],"fullName":"printCurrency() Should format amount as sterling in fr-FR locale","location":null,"status":"failed","title":"Should format amount as sterling in fr-FR locale"}],"endTime":1668184546320,"message":"\u001b[1m\u001b[31m  \u001b[1m● \u001b[22m\u001b[1mprintCurrency() › Should format amount as Yen in en-US locale\u001b[39m\u001b[22m\n\n    ReferenceError: formatter is not defined\n\u001b[2m\u001b[22m\n\u001b[2m    \u001b[0m \u001b[90m 20 |\u001b[39m\u001b[0m\u001b[22m\n\u001b[2m    \u001b[0m \u001b[90m 21 |\u001b[39m\u001b[0m\u001b[22m\n\u001b[2m    \u001b[0m\u001b[31m\u001b[1m>\u001b[22m\u001b[2m\u001b[39m\u001b[90m 22 |\u001b[39m     console\u001b[33m.\u001b[39mlog(formatter\u001b[33m.\u001b[39mformat(amount))\u001b[33m;\u001b[39m \u001b[90m/* $2,500.00 */\u001b[39m\u001b[0m\u001b[22m\n\u001b[2m    \u001b[0m \u001b[90m    |\u001b[39m                 \u001b[31m\u001b[1m^\u001b[22m\u001b[2m\u001b[39m\u001b[0m\u001b[22m\n\u001b[2m    \u001b[0m \u001b[90m 23 |\u001b[39m\u001b[0m\u001b[22m\n\u001b[2m    \u001b[0m \u001b[90m 24 |\u001b[39m     \u001b[36mreturn\u001b[39m formatter\u001b[33m.\u001b[39mformat(amount)\u001b[33m;\u001b[39m\u001b[0m\u001b[22m\n\u001b[2m    \u001b[0m \u001b[90m 25 |\u001b[39m }\u001b[0m\u001b[22m\n\u001b[2m\u001b[22m\n\u001b[2m      \u001b[2mat printCurrency (\u001b[22m\u001b[2msrc/currency.js\u001b[2m:22:17)\u001b[22m\u001b[2m\u001b[22m\n\u001b[2m      \u001b[2mat Object.<anonymous> (\u001b[22m\u001b[2m\u001b[0m\u001b[36mtest/currency.test.js\u001b[39m\u001b[0m\u001b[2m:6:24)\u001b[22m\u001b[2m\u001b[22m\n\n\u001b[1m\u001b[31m  \u001b[1m● \u001b[22m\u001b[1mprintCurrency() › Should format amount as sterling in en-UK locale\u001b[39m\u001b[22m\n\n    ReferenceError: formatter is not defined\n\u001b[2m\u001b[22m\n\u001b[2m    \u001b[0m \u001b[90m 20 |\u001b[39m\u001b[0m\u001b[22m\n\u001b[2m    \u001b[0m \u001b[90m 21 |\u001b[39m\u001b[0m\u001b[22m\n\u001b[2m    \u001b[0m\u001b[31m\u001b[1m>\u001b[22m\u001b[2m\u001b[39m\u001b[90m 22 |\u001b[39m     console\u001b[33m.\u001b[39mlog(formatter\u001b[33m.\u001b[39mformat(amount))\u001b[33m;\u001b[39m \u001b[90m/* $2,500.00 */\u001b[39m\u001b[0m\u001b[22m\n\u001b[2m    \u001b[0m \u001b[90m    |\u001b[39m                 \u001b[31m\u001b[1m^\u001b[22m\u001b[2m\u001b[39m\u001b[0m\u001b[22m\n\u001b[2m    \u001b[0m \u001b[90m 23 |\u001b[39m\u001b[0m\u001b[22m\n\u001b[2m    \u001b[0m \u001b[90m 24 |\u001b[39m     \u001b[36mreturn\u001b[39m formatter\u001b[33m.\u001b[39mformat(amount)\u001b[33m;\u001b[39m\u001b[0m\u001b[22m\n\u001b[2m    \u001b[0m \u001b[90m 25 |\u001b[39m }\u001b[0m\u001b[22m\n\u001b[2m\u001b[22m\n\u001b[2m      \u001b[2mat printCurrency (\u001b[22m\u001b[2msrc/currency.js\u001b[2m:22:17)\u001b[22m\u001b[2m\u001b[22m\n\u001b[2m      \u001b[2mat Object.<anonymous> (\u001b[22m\u001b[2m\u001b[0m\u001b[36mtest/currency.test.js\u001b[39m\u001b[0m\u001b[2m:11:24)\u001b[22m\u001b[2m\u001b[22m\n\n\u001b[1m\u001b[31m  \u001b[1m● \u001b[22m\u001b[1mprintCurrency() › Should format amount as sterling in fr-FR locale\u001b[39m\u001b[22m\n\n    ReferenceError: formatter is not defined\n\u001b[2m\u001b[22m\n\u001b[2m    \u001b[0m \u001b[90m 20 |\u001b[39m\u001b[0m\u001b[22m\n\u001b[2m    \u001b[0m \u001b[90m 21 |\u001b[39m\u001b[0m\u001b[22m\n\u001b[2m    \u001b[0m\u001b[31m\u001b[1m>\u001b[22m\u001b[2m\u001b[39m\u001b[90m 22 |\u001b[39m     console\u001b[33m.\u001b[39mlog(formatter\u001b[33m.\u001b[39mformat(amount))\u001b[33m;\u001b[39m \u001b[90m/* $2,500.00 */\u001b[39m\u001b[0m\u001b[22m\n\u001b[2m    \u001b[0m \u001b[90m    |\u001b[39m                 \u001b[31m\u001b[1m^\u001b[22m\u001b[2m\u001b[39m\u001b[0m\u001b[22m\n\u001b[2m    \u001b[0m \u001b[90m 23 |\u001b[39m\u001b[0m\u001b[22m\n\u001b[2m    \u001b[0m \u001b[90m 24 |\u001b[39m     \u001b[36mreturn\u001b[39m formatter\u001b[33m.\u001b[39mformat(amount)\u001b[33m;\u001b[39m\u001b[0m\u001b[22m\n\u001b[2m    \u001b[0m \u001b[90m 25 |\u001b[39m }\u001b[0m\u001b[22m\n\u001b[2m\u001b[22m\n\u001b[2m      \u001b[2mat printCurrency (\u001b[22m\u001b[2msrc/currency.js\u001b[2m:22:17)\u001b[22m\u001b[2m\u001b[22m\n\u001b[2m      \u001b[2mat Object.<anonymous> (\u001b[22m\u001b[2m\u001b[0m\u001b[36mtest/currency.test.js\u001b[39m\u001b[0m\u001b[2m:16:24)\u001b[22m\u001b[2m\u001b[22m\n","name":"/workspaces/55264_3/test/currency.test.js","startTime":1668184545984,"status":"failed","summary":""}],"wasInterrupted":false}