{"trialId":"55264_3","taskId":"serve","appEvents":[{"timestamp":"2022-11-11T16:43:00.971Z","name":"search","data":"search-start"},{"timestamp":"2022-11-11T16:43:04.846Z","name":"search","data":"search-done"},{"timestamp":"2022-11-11T16:43:31.722Z","name":"search","data":"search-start"},{"timestamp":"2022-11-11T16:43:34.680Z","name":"search","data":"search-done"},{"timestamp":"2022-11-11T16:43:44.496Z","name":"resize","data":{"height":739,"width":528}},{"timestamp":"2022-11-11T16:43:45.634Z","name":"resize","data":{"height":739,"width":524}},{"timestamp":"2022-11-11T16:45:26.731Z","name":"search","data":"search-start"},{"timestamp":"2022-11-11T16:45:30.314Z","name":"search","data":"search-done"},{"timestamp":"2022-11-11T16:46:21.268Z","name":"search","data":"search-start"},{"timestamp":"2022-11-11T16:46:23.638Z","name":"search","data":"search-done"},{"timestamp":"2022-11-11T16:49:41.849Z","name":"resize","data":{"height":739,"width":524}},{"timestamp":"2022-11-11T16:49:42.900Z","name":"resize","data":{"height":0,"width":0}},{"timestamp":"2022-11-11T16:51:08.103Z","name":"resize","data":{"height":739,"width":524}}],"searches":[{"keywords":["sta"],"context":{"tokens":[{"kind":"library","value":"express"},{"kind":"library","value":"path"},{"kind":"language","value":"javascript"}]},"timestamp":"2022-11-11T16:43:00.968Z","results":[{"signatures":[],"areSignaturesLoading":true,"title":"how to get request path with express req object - Stack Overflow","snippet":"I'm using express + node.js and I have a req object, the request in the browser is /account but when I log req.path I get '/' --- not '/account'.","url":"https://stackoverflow.com/questions/12525928/how-to-get-request-path-with-express-req-object","displayLink":"https://stackoverflow.com › questions › how-to-get-req...","snippetHighlightWords":["express","node","js","path"]},{"signatures":[],"areSignaturesLoading":true,"title":"node js express route all paths - Stack Overflow","snippet":"I am using express. I like to create a route that navigates all requests of type \"get\" with url prefix '/app/static/*pagePath' to ...","url":"https://stackoverflow.com/questions/18342453/node-js-express-route-all-paths","displayLink":"https://stackoverflow.com › questions › node-js-express...","snippetHighlightWords":["express","route"],"date":"Aug 20, 2013"},{"signatures":[],"areSignaturesLoading":true,"title":"express.js route with or without a parameter - Stack Overflow","snippet":"js v8.11.1 and express 4.16.3. Say I have the following route app.get('/:id', ...","url":"https://stackoverflow.com/questions/50213266/express-js-route-with-or-without-a-parameter","displayLink":"https://stackoverflow.com › questions › express-js-route...","snippetHighlightWords":["js","express","route"],"date":"May 7, 2018"},{"signatures":[],"areSignaturesLoading":true,"title":"Express.js route parameter with slashes [duplicate]","snippet":"When the migration is complete, you will access your Teams at stackoverflowteams.com, and they will no longer appear in the left sidebar on ...","url":"https://stackoverflow.com/questions/16829803/express-js-route-parameter-with-slashes","displayLink":"https://stackoverflow.com › questions › express-js-route...","date":"May 30, 2013"},{"signatures":[],"areSignaturesLoading":true,"title":"Express route not working - node.js - Stack Overflow","snippet":"i am sure that the file exist, so i think that the problem is the route configuration of express. App.js var express = require('express'); var ...","url":"https://stackoverflow.com/questions/41487401/express-route-not-working","displayLink":"https://stackoverflow.com › questions › express-route-n...","snippetHighlightWords":["route","express","js","express","express"],"date":"Jan 5, 2017"},{"signatures":[],"areSignaturesLoading":true,"title":"express.js - single routing handler for multiple routes in a ...","snippet":"2. You should be able to write a regular expression that will match all the routes you want to route to todo, and use the regular expression as your endpoint.","url":"https://stackoverflow.com/questions/15350025/express-js-single-routing-handler-for-multiple-routes-in-a-single-line","displayLink":"https://stackoverflow.com › questions › express-js-singl...","snippetHighlightWords":["expression","route","expression"]},{"signatures":[],"areSignaturesLoading":true,"title":"How to configure dynamic routes with express.js","snippet":"var express = require('express') ,http = require('http') ,fs = require('fs') ,path = require('path'); var app = express(); html_templates = __ ...","url":"https://stackoverflow.com/questions/25623041/how-to-configure-dynamic-routes-with-express-js","displayLink":"https://stackoverflow.com › questions › how-to-configu...","snippetHighlightWords":["express","express","path","path","express"],"date":"Sep 2, 2014"},{"signatures":[],"areSignaturesLoading":true,"title":"Node + Express with static HTML. How to route all requests to ...","snippet":"var express = require('express'); var server = express(); server.use(express.static(__dirname + '/public')); var port = 10001; server.","url":"https://stackoverflow.com/questions/26349497/node-express-with-static-html-how-to-route-all-requests-to-index-html","displayLink":"https://stackoverflow.com › questions › node-express-w...","snippetHighlightWords":["express","express","express","express"]},{"signatures":[],"areSignaturesLoading":true,"title":"Use specific middleware in Express for all paths except a ...","snippet":"var checkUserFilter = function(req, res, next) { if(req._parsedUrl.pathname === '/') { next(); } else { User.checkUser(req, res, next); } } app.use( ...","url":"https://stackoverflow.com/questions/12921658/use-specific-middleware-in-express-for-all-paths-except-a-specific-one","displayLink":"https://stackoverflow.com › questions › use-specific-mi..."},{"signatures":[],"areSignaturesLoading":true,"title":"node.js - ReferenceError: path is not defined: Express","snippet":"app.use(express.static('../build')); app.get('*' ...","url":"https://stackoverflow.com/questions/58801984/referenceerror-path-is-not-defined-express","displayLink":"https://stackoverflow.com › questions › referenceerror-...","snippetHighlightWords":["express"],"date":"Nov 11, 2019"}],"events":[{"timestamp":"2022-11-11T16:43:03.664Z","url":"https://stackoverflow.com/questions/12525928/how-to-get-request-path-with-express-req-object","component":"projection","action":"load","data":{"height":81.56756591796875,"width":268.0405578613281,"wc":29,"lc":1}},{"timestamp":"2022-11-11T16:43:03.664Z","url":"https://stackoverflow.com/questions/18342453/node-js-express-route-all-paths","component":"projection","action":"load","data":{"height":81.56756591796875,"width":266.9189147949219,"wc":23,"lc":1}},{"timestamp":"2022-11-11T16:43:03.664Z","url":"https://stackoverflow.com/questions/50213266/express-js-route-with-or-without-a-parameter","component":"projection","action":"load","data":{"height":59.567569732666016,"width":246.71621704101562,"wc":13,"lc":1}},{"timestamp":"2022-11-11T16:43:03.664Z","url":"https://stackoverflow.com/questions/16829803/express-js-route-parameter-with-slashes","component":"projection","action":"load","data":{"height":81.56756591796875,"width":261.3108215332031,"wc":24,"lc":1}},{"timestamp":"2022-11-11T16:43:03.664Z","url":"https://stackoverflow.com/questions/41487401/express-route-not-working","component":"projection","action":"load","data":{"height":81.56756591796875,"width":265.6351318359375,"wc":26,"lc":1}},{"timestamp":"2022-11-11T16:43:03.664Z","url":"https://stackoverflow.com/questions/15350025/express-js-single-routing-handler-for-multiple-routes-in-a-single-line","component":"projection","action":"load","data":{"height":81.56756591796875,"width":257.52703857421875,"wc":30,"lc":1}},{"timestamp":"2022-11-11T16:43:03.664Z","url":"https://stackoverflow.com/questions/25623041/how-to-configure-dynamic-routes-with-express-js","component":"projection","action":"load","data":{"height":81.56756591796875,"width":262.9054260253906,"wc":21,"lc":1}},{"timestamp":"2022-11-11T16:43:03.664Z","url":"https://stackoverflow.com/questions/26349497/node-express-with-static-html-how-to-route-all-requests-to-index-html","component":"projection","action":"load","data":{"height":81.56756591796875,"width":245.0946044921875,"wc":16,"lc":1}},{"timestamp":"2022-11-11T16:43:03.664Z","url":"https://stackoverflow.com/questions/12921658/use-specific-middleware-in-express-for-all-paths-except-a-specific-one","component":"projection","action":"load","data":{"height":81.56756591796875,"width":264.25677490234375,"wc":22,"lc":1}},{"timestamp":"2022-11-11T16:43:03.664Z","url":"https://stackoverflow.com/questions/58801984/referenceerror-path-is-not-defined-express","component":"projection","action":"load","data":{"height":37.567569732666016,"width":211.8648681640625,"wc":3,"lc":1}},{"timestamp":"2022-11-11T16:43:03.668Z","url":"https://stackoverflow.com/questions/12525928/how-to-get-request-path-with-express-req-object","component":"projection","action":"mouseenter"},{"timestamp":"2022-11-11T16:43:04.551Z","url":"https://stackoverflow.com/questions/12525928/how-to-get-request-path-with-express-req-object","component":"projection","action":"mouseleave"},{"timestamp":"2022-11-11T16:43:04.845Z","url":"https://stackoverflow.com/questions/12525928/how-to-get-request-path-with-express-req-object","component":"projection","action":"loaded","data":"projection 10 of 10"},{"timestamp":"2022-11-11T16:43:04.845Z","url":"https://stackoverflow.com/questions/18342453/node-js-express-route-all-paths","component":"projection","action":"loaded","data":"projection 9 of 10"},{"timestamp":"2022-11-11T16:43:04.845Z","url":"https://stackoverflow.com/questions/50213266/express-js-route-with-or-without-a-parameter","component":"projection","action":"loaded","data":"projection 8 of 10"},{"timestamp":"2022-11-11T16:43:04.846Z","url":"https://stackoverflow.com/questions/16829803/express-js-route-parameter-with-slashes","component":"projection","action":"loaded","data":"projection 7 of 10"},{"timestamp":"2022-11-11T16:43:04.846Z","url":"https://stackoverflow.com/questions/41487401/express-route-not-working","component":"projection","action":"loaded","data":"projection 6 of 10"},{"timestamp":"2022-11-11T16:43:04.846Z","url":"https://stackoverflow.com/questions/15350025/express-js-single-routing-handler-for-multiple-routes-in-a-single-line","component":"projection","action":"loaded","data":"projection 5 of 10"},{"timestamp":"2022-11-11T16:43:04.846Z","url":"https://stackoverflow.com/questions/25623041/how-to-configure-dynamic-routes-with-express-js","component":"projection","action":"loaded","data":"projection 4 of 10"},{"timestamp":"2022-11-11T16:43:04.846Z","url":"https://stackoverflow.com/questions/26349497/node-express-with-static-html-how-to-route-all-requests-to-index-html","component":"projection","action":"loaded","data":"projection 3 of 10"},{"timestamp":"2022-11-11T16:43:04.846Z","url":"https://stackoverflow.com/questions/12921658/use-specific-middleware-in-express-for-all-paths-except-a-specific-one","component":"projection","action":"loaded","data":"projection 2 of 10"},{"timestamp":"2022-11-11T16:43:04.846Z","url":"https://stackoverflow.com/questions/58801984/referenceerror-path-is-not-defined-express","component":"projection","action":"loaded","data":"projection 1 of 10"},{"timestamp":"2022-11-11T16:43:09.178Z","url":"https://stackoverflow.com/questions/12525928/how-to-get-request-path-with-express-req-object","component":"projection","action":"mouseenter"},{"timestamp":"2022-11-11T16:43:10.123Z","url":"https://stackoverflow.com/questions/12525928/how-to-get-request-path-with-express-req-object","component":"projection","action":"mouseleave"},{"timestamp":"2022-11-11T16:43:11.149Z","url":"https://stackoverflow.com/questions/12525928/how-to-get-request-path-with-express-req-object","component":"projection","action":"mouseenter"},{"timestamp":"2022-11-11T16:43:11.584Z","url":"https://stackoverflow.com/questions/12525928/how-to-get-request-path-with-express-req-object","component":"page","action":"open"},{"timestamp":"2022-11-11T16:43:11.618Z","url":"https://stackoverflow.com/questions/12525928/how-to-get-request-path-with-express-req-object","component":"projection","action":"mouseleave"},{"timestamp":"2022-11-11T16:43:12.545Z","url":"https://stackoverflow.com/questions/12525928/how-to-get-request-path-with-express-req-object","component":"page","action":"load"},{"timestamp":"2022-11-11T16:43:18.213Z","url":"https://stackoverflow.com/questions/12525928/how-to-get-request-path-with-express-req-object","component":"page","action":"scroll","data":{"viewport":{"x":0,"y":1536.8648681640625,"height":679,"width":295},"document":{"height":18541,"width":280},"question":{"identifier":"12525928","top":-1373.4324951171875,"bottom":149.12158203125,"right":264.2162170410156,"left":16,"width":248.21621704101562,"height":1522.5540771484375},"answers":[{"identifier":"12527220","top":229.40541076660156,"bottom":1614.581069946289,"right":264.2162170410156,"left":16,"width":248.21621704101562,"height":1385.1756591796875},{"identifier":"56380963","top":1614.5811767578125,"bottom":2452.2028198242188,"right":264.2162170410156,"left":16,"width":248.21621704101562,"height":837.6216430664062},{"identifier":"16634068","top":2452.202880859375,"bottom":3840.5948486328125,"right":264.2162170410156,"left":16,"width":248.21621704101562,"height":1388.3919677734375},{"identifier":"17186033","top":3840.5947265625,"bottom":5437.0272216796875,"right":264.2162170410156,"left":16,"width":248.21621704101562,"height":1596.4324951171875},{"identifier":"39827135","top":5437.02734375,"bottom":6894.7030029296875,"right":264.2162170410156,"left":16,"width":248.21621704101562,"height":1457.6756591796875},{"identifier":"69647669","top":6894.70263671875,"bottom":11939.9189453125,"right":264.2162170410156,"left":16,"width":248.21621704101562,"height":5045.21630859375},{"identifier":"16138188","top":11939.9189453125,"bottom":12407.216247558594,"right":264.2162170410156,"left":16,"width":248.21621704101562,"height":467.29730224609375},{"identifier":"44788142","top":12407.216796875,"bottom":12963.527648925781,"right":264.2162170410156,"left":16,"width":248.21621704101562,"height":556.3108520507812},{"identifier":"39007378","top":12963.52734375,"bottom":13905.9462890625,"right":264.2162170410156,"left":16,"width":248.21621704101562,"height":942.4189453125},{"identifier":"72412939","top":13905.9462890625,"bottom":14288.189544677734,"right":264.2162170410156,"left":16,"width":248.21621704101562,"height":382.2432556152344}]}},{"timestamp":"2022-11-11T16:43:22.656Z","url":"https://stackoverflow.com/questions/12525928/how-to-get-request-path-with-express-req-object","component":"page","action":"scroll","data":{"viewport":{"x":0,"y":2861.837890625,"height":679,"width":295},"document":{"height":18541,"width":280},"question":{"identifier":"12525928","top":-2698.405517578125,"bottom":-1175.8514404296875,"right":264.2162170410156,"left":16,"width":248.21621704101562,"height":1522.5540771484375},"answers":[{"identifier":"12527220","top":-1095.567626953125,"bottom":289.6080322265625,"right":264.2162170410156,"left":16,"width":248.21621704101562,"height":1385.1756591796875},{"identifier":"56380963","top":289.6081237792969,"bottom":1127.2297668457031,"right":264.2162170410156,"left":16,"width":248.21621704101562,"height":837.6216430664062},{"identifier":"16634068","top":1127.229736328125,"bottom":2515.6217041015625,"right":264.2162170410156,"left":16,"width":248.21621704101562,"height":1388.3919677734375},{"identifier":"17186033","top":2515.62158203125,"bottom":4112.0540771484375,"right":264.2162170410156,"left":16,"width":248.21621704101562,"height":1596.4324951171875},{"identifier":"39827135","top":4112.05419921875,"bottom":5569.7298583984375,"right":264.2162170410156,"left":16,"width":248.21621704101562,"height":1457.6756591796875},{"identifier":"69647669","top":5569.72998046875,"bottom":10614.9462890625,"right":264.2162170410156,"left":16,"width":248.21621704101562,"height":5045.21630859375},{"identifier":"16138188","top":10614.9462890625,"bottom":11082.243591308594,"right":264.2162170410156,"left":16,"width":248.21621704101562,"height":467.29730224609375},{"identifier":"44788142","top":11082.2431640625,"bottom":11638.554016113281,"right":264.2162170410156,"left":16,"width":248.21621704101562,"height":556.3108520507812},{"identifier":"39007378","top":11638.5546875,"bottom":12580.9736328125,"right":264.2162170410156,"left":16,"width":248.21621704101562,"height":942.4189453125},{"identifier":"72412939","top":12580.9736328125,"bottom":12963.216888427734,"right":264.2162170410156,"left":16,"width":248.21621704101562,"height":382.2432556152344}]}},{"timestamp":"2022-11-11T16:43:24.021Z","url":"https://stackoverflow.com/questions/12525928/how-to-get-request-path-with-express-req-object","component":"page","action":"close"}]},{"keywords":["static","route","js"],"context":{"tokens":[{"kind":"library","value":"express"},{"kind":"library","value":"path"},{"kind":"language","value":"javascript"}]},"timestamp":"2022-11-11T16:43:31.719Z","results":[{"signatures":[],"areSignaturesLoading":true,"title":"express.static() doesn't route the static files - Stack Overflow","snippet":"While working on an express project, I am trying to use express.static() function. I've added a static route in my main file: app.js","url":"https://stackoverflow.com/questions/55285668/express-static-doesnt-route-the-static-files","displayLink":"https://stackoverflow.com › questions › express-static-d...","snippetHighlightWords":["express","express","static route","js"],"date":"Mar 21, 2019"},{"signatures":[],"areSignaturesLoading":true,"title":"Express serving static files and routing - Stack Overflow","snippet":"I am using express js My root path is ...","url":"https://stackoverflow.com/questions/42977068/express-serving-static-files-and-routing","displayLink":"https://stackoverflow.com › questions › express-serving...","snippetHighlightWords":["express js","path"],"date":"Mar 23, 2017"},{"signatures":[],"areSignaturesLoading":true,"title":"How to serve static files to different routes in Express?","snippet":"It's got to do with relative path. With express it's safer to use absolute path. After your route goes one level deep, the html file which ...","url":"https://stackoverflow.com/questions/55853857/how-to-serve-static-files-to-different-routes-in-express","displayLink":"https://stackoverflow.com › questions › how-to-serve-st...","snippetHighlightWords":["path","express","path","route"],"date":"Apr 25, 2019 1 answer"},{"signatures":[],"areSignaturesLoading":true,"title":"Node Express force all static routes to point to root path","snippet":"I have a node.js application that I am trying to genericize so that no matter the URL on the back end it always uses the root path to serve ...","url":"https://stackoverflow.com/questions/58081749/node-express-force-all-static-routes-to-point-to-root-path","displayLink":"https://stackoverflow.com › questions › node-express-f...","snippetHighlightWords":["node","js","path"],"date":"Sep 24, 2019"},{"signatures":[],"areSignaturesLoading":true,"title":"javascript - Problem with static routing in Node.js using express","snippet":"Problem with static routing in Node.js using express ... I am having an issue with some custom routing code, it all works fine and is in sync with ...","url":"https://stackoverflow.com/questions/70456060/problem-with-static-routing-in-node-js-using-express","displayLink":"https://stackoverflow.com › questions › problem-with-st...","snippetHighlightWords":["static routing","Node","js","express"],"date":"Dec 22, 2021"},{"signatures":[],"areSignaturesLoading":true,"title":"Express routes to serve directory of static content","snippet":"yes but a whole directory of it to specific route path. – Ajay. Mar 27, 2020 at 1:59. Add a comment ...","url":"https://stackoverflow.com/questions/60878869/express-routes-to-serve-directory-of-static-content","displayLink":"https://stackoverflow.com › questions › express-routes-t...","snippetHighlightWords":["directory","route path"],"date":"Mar 27, 2020"},{"signatures":[],"areSignaturesLoading":true,"title":"Express, how to always serve static directory? - Stack Overflow","snippet":"js. I basically need my app to always serve 'build/' no matter which path the visitor is on, as the routing is handled by the frontend with ...","url":"https://stackoverflow.com/questions/61090344/express-how-to-always-serve-static-directory","displayLink":"https://stackoverflow.com › questions › express-how-to...","snippetHighlightWords":["js","path","routing"],"date":"Apr 7, 2020"},{"signatures":[],"areSignaturesLoading":true,"title":"express static routes are not working when adding a validation ...","snippet":"You need to add them seperately. app.use(express.static('data')); var staticMiddleware = function(req, res, next){ console.log(\"middleware\") ...","url":"https://stackoverflow.com/questions/69758526/express-static-routes-are-not-working-when-adding-a-validation-middleware","displayLink":"https://stackoverflow.com › questions › express-static-r...","snippetHighlightWords":["express","static","staticMiddleware"],"date":"Oct 28, 2021 1 answer"},{"signatures":[],"areSignaturesLoading":true,"title":"How to serve static files in ExpressJS on some paths and not ...","snippet":"But I really don't know, how to edit my code to do that... Can anyone help me? Thanks! javascript · node.js · express · server · path.","url":"https://stackoverflow.com/questions/65115458/how-to-serve-static-files-in-expressjs-on-some-paths-and-not-others","displayLink":"https://stackoverflow.com › questions › how-to-serve-st...","snippetHighlightWords":["javascript","node","js","express","path"],"date":"Dec 2, 2020"},{"signatures":[],"areSignaturesLoading":true,"title":"Serve out 'static' route with express with redirect and middleware","snippet":"As a concrete example I am using passport and would like to make sure the user is logged in to access that static content. node.js · express · Share.","url":"https://stackoverflow.com/questions/27734164/serve-out-static-route-with-express-with-redirect-and-middleware","displayLink":"https://stackoverflow.com › questions › serve-out-static-...","snippetHighlightWords":["static","node","js","express"]}],"events":[{"timestamp":"2022-11-11T16:43:33.511Z","url":"https://stackoverflow.com/questions/55285668/express-static-doesnt-route-the-static-files","component":"projection","action":"load","data":{"height":81.56756591796875,"width":239.05406188964844,"wc":23,"lc":1}},{"timestamp":"2022-11-11T16:43:33.511Z","url":"https://stackoverflow.com/questions/42977068/express-serving-static-files-and-routing","component":"projection","action":"load","data":{"height":37.567569732666016,"width":267.45947265625,"wc":10,"lc":1}},{"timestamp":"2022-11-11T16:43:33.511Z","url":"https://stackoverflow.com/questions/55853857/how-to-serve-static-files-to-different-routes-in-express","component":"projection","action":"load","data":{"height":81.56756591796875,"width":271.3108215332031,"wc":27,"lc":1}},{"timestamp":"2022-11-11T16:43:33.511Z","url":"https://stackoverflow.com/questions/58081749/node-express-force-all-static-routes-to-point-to-root-path","component":"projection","action":"load","data":{"height":81.56756591796875,"width":269.62164306640625,"wc":30,"lc":1}},{"timestamp":"2022-11-11T16:43:33.511Z","url":"https://stackoverflow.com/questions/70456060/problem-with-static-routing-in-node-js-using-express","component":"projection","action":"load","data":{"height":81.56756591796875,"width":267.4459533691406,"wc":29,"lc":1}},{"timestamp":"2022-11-11T16:43:33.511Z","url":"https://stackoverflow.com/questions/60878869/express-routes-to-serve-directory-of-static-content","component":"projection","action":"load","data":{"height":59.567569732666016,"width":269.1081237792969,"wc":22,"lc":1}},{"timestamp":"2022-11-11T16:43:33.511Z","url":"https://stackoverflow.com/questions/61090344/express-how-to-always-serve-static-directory","component":"projection","action":"load","data":{"height":81.56756591796875,"width":263.79730224609375,"wc":28,"lc":1}},{"timestamp":"2022-11-11T16:43:33.511Z","url":"https://stackoverflow.com/questions/69758526/express-static-routes-are-not-working-when-adding-a-validation-middleware","component":"projection","action":"load","data":{"height":103.56757354736328,"width":268.2432556152344,"wc":15,"lc":1}},{"timestamp":"2022-11-11T16:43:33.511Z","url":"https://stackoverflow.com/questions/65115458/how-to-serve-static-files-in-expressjs-on-some-paths-and-not-others","component":"projection","action":"load","data":{"height":81.56756591796875,"width":270.4459533691406,"wc":27,"lc":1}},{"timestamp":"2022-11-11T16:43:33.511Z","url":"https://stackoverflow.com/questions/27734164/serve-out-static-route-with-express-with-redirect-and-middleware","component":"projection","action":"load","data":{"height":81.56756591796875,"width":258.229736328125,"wc":29,"lc":1}},{"timestamp":"2022-11-11T16:43:33.518Z","url":"https://stackoverflow.com/questions/42977068/express-serving-static-files-and-routing","component":"projection","action":"mouseenter"},{"timestamp":"2022-11-11T16:43:33.976Z","url":"https://stackoverflow.com/questions/42977068/express-serving-static-files-and-routing","component":"projection","action":"mouseleave"},{"timestamp":"2022-11-11T16:43:33.979Z","url":"https://stackoverflow.com/questions/55285668/express-static-doesnt-route-the-static-files","component":"projection","action":"mouseenter"},{"timestamp":"2022-11-11T16:43:34.680Z","url":"https://stackoverflow.com/questions/55285668/express-static-doesnt-route-the-static-files","component":"projection","action":"loaded","data":"projection 10 of 10"},{"timestamp":"2022-11-11T16:43:34.680Z","url":"https://stackoverflow.com/questions/42977068/express-serving-static-files-and-routing","component":"projection","action":"loaded","data":"projection 9 of 10"},{"timestamp":"2022-11-11T16:43:34.680Z","url":"https://stackoverflow.com/questions/55853857/how-to-serve-static-files-to-different-routes-in-express","component":"projection","action":"loaded","data":"projection 8 of 10"},{"timestamp":"2022-11-11T16:43:34.680Z","url":"https://stackoverflow.com/questions/58081749/node-express-force-all-static-routes-to-point-to-root-path","component":"projection","action":"loaded","data":"projection 7 of 10"},{"timestamp":"2022-11-11T16:43:34.680Z","url":"https://stackoverflow.com/questions/70456060/problem-with-static-routing-in-node-js-using-express","component":"projection","action":"loaded","data":"projection 6 of 10"},{"timestamp":"2022-11-11T16:43:34.680Z","url":"https://stackoverflow.com/questions/60878869/express-routes-to-serve-directory-of-static-content","component":"projection","action":"loaded","data":"projection 5 of 10"},{"timestamp":"2022-11-11T16:43:34.680Z","url":"https://stackoverflow.com/questions/61090344/express-how-to-always-serve-static-directory","component":"projection","action":"loaded","data":"projection 4 of 10"},{"timestamp":"2022-11-11T16:43:34.680Z","url":"https://stackoverflow.com/questions/69758526/express-static-routes-are-not-working-when-adding-a-validation-middleware","component":"projection","action":"loaded","data":"projection 3 of 10"},{"timestamp":"2022-11-11T16:43:34.680Z","url":"https://stackoverflow.com/questions/65115458/how-to-serve-static-files-in-expressjs-on-some-paths-and-not-others","component":"projection","action":"loaded","data":"projection 2 of 10"},{"timestamp":"2022-11-11T16:43:34.680Z","url":"https://stackoverflow.com/questions/27734164/serve-out-static-route-with-express-with-redirect-and-middleware","component":"projection","action":"loaded","data":"projection 1 of 10"},{"timestamp":"2022-11-11T16:43:34.943Z","url":"https://stackoverflow.com/questions/55285668/express-static-doesnt-route-the-static-files","component":"page","action":"open"},{"timestamp":"2022-11-11T16:43:34.984Z","url":"https://stackoverflow.com/questions/55285668/express-static-doesnt-route-the-static-files","component":"projection","action":"mouseleave"},{"timestamp":"2022-11-11T16:43:35.498Z","url":"https://stackoverflow.com/questions/55285668/express-static-doesnt-route-the-static-files","component":"page","action":"load"},{"timestamp":"2022-11-11T16:43:37.625Z","url":"https://stackoverflow.com/questions/55285668/express-static-doesnt-route-the-static-files","component":"page","action":"scroll","data":{"viewport":{"x":0,"y":159.1351318359375,"height":679,"width":295},"document":{"height":5879,"width":280},"question":{"identifier":"55285668","top":26.675676345825195,"bottom":2126.0269947052,"right":264.2162170410156,"left":16,"width":248.21621704101562,"height":2099.351318359375},"answers":[{"identifier":"55285916","top":2206.310791015625,"bottom":2771.770263671875,"right":264.2162170410156,"left":16,"width":248.21621704101562,"height":565.45947265625},{"identifier":"55289687","top":2771.770263671875,"bottom":3391.9053955078125,"right":264.2162170410156,"left":16,"width":248.21621704101562,"height":620.1351318359375}]}},{"timestamp":"2022-11-11T16:43:44.407Z","url":"https://stackoverflow.com/questions/55285668/express-static-doesnt-route-the-static-files","component":"page","action":"scroll","data":{"viewport":{"x":0,"y":128.8648681640625,"height":679,"width":523},"document":{"height":4660,"width":509},"question":{"identifier":"55285668","top":-18.648649215698242,"bottom":1680.0270099639893,"right":492.5405578613281,"left":16,"width":476.5405578613281,"height":1698.6756591796875},"answers":[{"identifier":"55285916","top":1760.3109130859375,"bottom":2159.7433471679688,"right":492.5405578613281,"left":16,"width":476.5405578613281,"height":399.43243408203125},{"identifier":"55289687","top":2159.743408203125,"bottom":2595.3650512695312,"right":492.5405578613281,"left":16,"width":476.5405578613281,"height":435.62164306640625}]}},{"timestamp":"2022-11-11T16:44:34.258Z","url":"https://stackoverflow.com/questions/55285668/express-static-doesnt-route-the-static-files","component":"page","action":"scroll","data":{"viewport":{"x":0,"y":288,"height":679,"width":520},"document":{"height":4660,"width":505},"question":{"identifier":"55285668","top":-177.78378295898438,"bottom":1520.8918762207031,"right":489.0810852050781,"left":16,"width":473.0810852050781,"height":1698.6756591796875},"answers":[{"identifier":"55285916","top":1601.1756591796875,"bottom":2000.6080932617188,"right":489.0810852050781,"left":16,"width":473.0810852050781,"height":399.43243408203125},{"identifier":"55289687","top":2000.608154296875,"bottom":2436.2297973632812,"right":489.0810852050781,"left":16,"width":473.0810852050781,"height":435.62164306640625}]}},{"timestamp":"2022-11-11T16:45:01.256Z","url":"https://stackoverflow.com/questions/55285668/express-static-doesnt-route-the-static-files","component":"page","action":"scroll","data":{"viewport":{"x":0,"y":235.2432403564453,"height":679,"width":520},"document":{"height":4660,"width":505},"question":{"identifier":"55285668","top":-125.02703094482422,"bottom":1573.6486282348633,"right":489.0810852050781,"left":16,"width":473.0810852050781,"height":1698.6756591796875},"answers":[{"identifier":"55285916","top":1653.9324951171875,"bottom":2053.3649291992188,"right":489.0810852050781,"left":16,"width":473.0810852050781,"height":399.43243408203125},{"identifier":"55289687","top":2053.364990234375,"bottom":2488.9866333007812,"right":489.0810852050781,"left":16,"width":473.0810852050781,"height":435.62164306640625}]}},{"timestamp":"2022-11-11T16:45:25.859Z","url":"https://stackoverflow.com/questions/55285668/express-static-doesnt-route-the-static-files","component":"page","action":"close"}]},{"keywords":["static","route","js"],"context":{"tokens":[{"kind":"language","value":"javascript"}]},"timestamp":"2022-11-11T16:45:26.729Z","results":[{"signatures":[],"areSignaturesLoading":true,"title":"Creating routing for a static site using Express - Stack Overflow","snippet":"I am trying to create routes, so that the user sees /about , as opposed to about.html... For the main, home page (home.html), it works fine.","url":"https://stackoverflow.com/questions/66258861/creating-routing-for-a-static-site-using-express","displayLink":"https://stackoverflow.com › questions › creating-routin...","snippetHighlightWords":["routes"],"date":"Feb 18, 2021"},{"signatures":[],"areSignaturesLoading":true,"title":"javascript - Problem with static routing in Node.js using express","snippet":"Problem with static routing in Node.js using express ... I am having an issue with some custom routing code, it all works fine and is in sync with ...","url":"https://stackoverflow.com/questions/70456060/problem-with-static-routing-in-node-js-using-express","displayLink":"https://stackoverflow.com › questions › problem-with-st...","snippetHighlightWords":["static routing","js"],"date":"Dec 22, 2021"},{"signatures":[],"areSignaturesLoading":true,"title":"express static routes are not working when adding a validation ...","snippet":"I am trying to add a validation middleware in order to protect my server data. When I get request (http://localhost:3000/filepath) the static ...","url":"https://stackoverflow.com/questions/69758526/express-static-routes-are-not-working-when-adding-a-validation-middleware","displayLink":"https://stackoverflow.com › questions › express-static-r...","snippetHighlightWords":["static"],"date":"Oct 28, 2021"},{"signatures":[],"areSignaturesLoading":true,"title":"Problem with nodejs static route and files - Stack Overflow","snippet":"my whole app.js file is: const express = require('express'); const app = express(); var http = ...","url":"https://stackoverflow.com/questions/60243899/problem-with-nodejs-static-route-and-files","displayLink":"https://stackoverflow.com › questions › problem-with-n...","snippetHighlightWords":["js"],"date":"Feb 15, 2020"},{"signatures":[],"areSignaturesLoading":true,"title":"How to add a static route after a dynamic one in ExpressJS?","snippet":"There are two 2 files with routes. ... I connect all my routes in the project in the following way: const dirs = await recursive(dir); dirs.","url":"https://stackoverflow.com/questions/73305912/how-to-add-a-static-route-after-a-dynamic-one-in-expressjs","displayLink":"https://stackoverflow.com › questions › how-to-add-a-st...","snippetHighlightWords":["routes","routes"],"date":"Aug 10, 2022"},{"signatures":[],"areSignaturesLoading":true,"title":"Next.js overlaps static route with dynamic route - Stack Overflow","snippet":"Following next.js documentation predefined routes take precedence over dynamic routes, and dynamic routes over catch all routes.","url":"https://stackoverflow.com/questions/70120480/next-js-overlaps-static-route-with-dynamic-route","displayLink":"https://stackoverflow.com › questions › next-js-overlaps...","snippetHighlightWords":["js","routes","routes","routes","routes"],"date":"Nov 26, 2021 2 answers"},{"signatures":[],"areSignaturesLoading":true,"title":"Using static folders with nested routes in Node JS","snippet":"Add this line to access static files in subroutes in /admin: app.use('/admin', express.static(path.join(__dirname, 'public'))).","url":"https://stackoverflow.com/questions/65785039/using-static-folders-with-nested-routes-in-node-js","displayLink":"https://stackoverflow.com › questions › using-static-fol...","snippetHighlightWords":["static","static"],"date":"Jan 19, 2021 1 answer"},{"signatures":[],"areSignaturesLoading":true,"title":"node.js - Static routing in node express - Stack Overflow","snippet":"The routing is set up so that '/list/*' and '/setup/*' gets to different html-files where the directories are used kind of as storage id, for ...","url":"https://stackoverflow.com/questions/36395563/static-routing-in-node-express","displayLink":"https://stackoverflow.com › questions › static-routing-in...","snippetHighlightWords":["routing"],"date":"Apr 4, 2016"},{"signatures":[],"areSignaturesLoading":true,"title":"How to serve file with static resources on all routes in Express ...","snippet":"If the user visit route 'localhost/test', response is the index.html file. Then main.js is fetched also. So this first part is working. However, ...","url":"https://stackoverflow.com/questions/66882846/how-to-serve-file-with-static-resources-on-all-routes-in-express-js","displayLink":"https://stackoverflow.com › questions › how-to-serve-fi...","snippetHighlightWords":["route","js"],"date":"Mar 31, 2021"},{"signatures":[],"areSignaturesLoading":true,"title":"Custom static route not working - Stack Overflow","snippet":"Can anyone suggest what should I do or What I am missing in it? javascript · node.js · reactjs · express · react-router.","url":"https://stackoverflow.com/questions/51579725/custom-static-route-not-working","displayLink":"https://stackoverflow.com › questions › custom-static-ro...","snippetHighlightWords":["javascript","js"],"date":"Jul 29, 2018"}],"events":[{"timestamp":"2022-11-11T16:45:29.148Z","url":"https://stackoverflow.com/questions/66258861/creating-routing-for-a-static-site-using-express","component":"projection","action":"load","data":{"height":37.567569732666016,"width":489.0540771484375,"wc":26,"lc":1}},{"timestamp":"2022-11-11T16:45:29.148Z","url":"https://stackoverflow.com/questions/70456060/problem-with-static-routing-in-node-js-using-express","component":"projection","action":"load","data":{"height":59.567569732666016,"width":490.3648681640625,"wc":29,"lc":1}},{"timestamp":"2022-11-11T16:45:29.148Z","url":"https://stackoverflow.com/questions/69758526/express-static-routes-are-not-working-when-adding-a-validation-middleware","component":"projection","action":"load","data":{"height":37.567569732666016,"width":493.3378601074219,"wc":23,"lc":1}},{"timestamp":"2022-11-11T16:45:29.148Z","url":"https://stackoverflow.com/questions/60243899/problem-with-nodejs-static-route-and-files","component":"projection","action":"load","data":{"height":37.567569732666016,"width":470.3513488769531,"wc":17,"lc":1}},{"timestamp":"2022-11-11T16:45:29.148Z","url":"https://stackoverflow.com/questions/73305912/how-to-add-a-static-route-after-a-dynamic-one-in-expressjs","component":"projection","action":"load","data":{"height":37.567569732666016,"width":496.75677490234375,"wc":26,"lc":1}},{"timestamp":"2022-11-11T16:45:29.149Z","url":"https://stackoverflow.com/questions/70120480/next-js-overlaps-static-route-with-dynamic-route","component":"projection","action":"load","data":{"height":59.567569732666016,"width":493.189208984375,"wc":17,"lc":1}},{"timestamp":"2022-11-11T16:45:29.149Z","url":"https://stackoverflow.com/questions/65785039/using-static-folders-with-nested-routes-in-node-js","component":"projection","action":"load","data":{"height":37.567569732666016,"width":473.3378601074219,"wc":14,"lc":1}},{"timestamp":"2022-11-11T16:45:29.149Z","url":"https://stackoverflow.com/questions/36395563/static-routing-in-node-express","component":"projection","action":"load","data":{"height":37.567569732666016,"width":479.0540771484375,"wc":26,"lc":1}},{"timestamp":"2022-11-11T16:45:29.149Z","url":"https://stackoverflow.com/questions/66882846/how-to-serve-file-with-static-resources-on-all-routes-in-express-js","component":"projection","action":"load","data":{"height":59.567569732666016,"width":450.5540771484375,"wc":24,"lc":1}},{"timestamp":"2022-11-11T16:45:29.149Z","url":"https://stackoverflow.com/questions/51579725/custom-static-route-not-working","component":"projection","action":"load","data":{"height":37.567569732666016,"width":489.43243408203125,"wc":23,"lc":1}},{"timestamp":"2022-11-11T16:45:29.158Z","url":"https://stackoverflow.com/questions/70456060/problem-with-static-routing-in-node-js-using-express","component":"projection","action":"mouseenter"},{"timestamp":"2022-11-11T16:45:30.314Z","url":"https://stackoverflow.com/questions/66258861/creating-routing-for-a-static-site-using-express","component":"projection","action":"loaded","data":"projection 10 of 10"},{"timestamp":"2022-11-11T16:45:30.314Z","url":"https://stackoverflow.com/questions/70456060/problem-with-static-routing-in-node-js-using-express","component":"projection","action":"loaded","data":"projection 9 of 10"},{"timestamp":"2022-11-11T16:45:30.314Z","url":"https://stackoverflow.com/questions/69758526/express-static-routes-are-not-working-when-adding-a-validation-middleware","component":"projection","action":"loaded","data":"projection 8 of 10"},{"timestamp":"2022-11-11T16:45:30.314Z","url":"https://stackoverflow.com/questions/60243899/problem-with-nodejs-static-route-and-files","component":"projection","action":"loaded","data":"projection 7 of 10"},{"timestamp":"2022-11-11T16:45:30.314Z","url":"https://stackoverflow.com/questions/73305912/how-to-add-a-static-route-after-a-dynamic-one-in-expressjs","component":"projection","action":"loaded","data":"projection 6 of 10"},{"timestamp":"2022-11-11T16:45:30.314Z","url":"https://stackoverflow.com/questions/70120480/next-js-overlaps-static-route-with-dynamic-route","component":"projection","action":"loaded","data":"projection 5 of 10"},{"timestamp":"2022-11-11T16:45:30.314Z","url":"https://stackoverflow.com/questions/65785039/using-static-folders-with-nested-routes-in-node-js","component":"projection","action":"loaded","data":"projection 4 of 10"},{"timestamp":"2022-11-11T16:45:30.314Z","url":"https://stackoverflow.com/questions/36395563/static-routing-in-node-express","component":"projection","action":"loaded","data":"projection 3 of 10"},{"timestamp":"2022-11-11T16:45:30.314Z","url":"https://stackoverflow.com/questions/66882846/how-to-serve-file-with-static-resources-on-all-routes-in-express-js","component":"projection","action":"loaded","data":"projection 2 of 10"},{"timestamp":"2022-11-11T16:45:30.314Z","url":"https://stackoverflow.com/questions/51579725/custom-static-route-not-working","component":"projection","action":"loaded","data":"projection 1 of 10"},{"timestamp":"2022-11-11T16:45:30.395Z","url":"https://stackoverflow.com/questions/70456060/problem-with-static-routing-in-node-js-using-express","component":"projection","action":"mouseleave"},{"timestamp":"2022-11-11T16:45:30.401Z","url":"https://stackoverflow.com/questions/66258861/creating-routing-for-a-static-site-using-express","component":"projection","action":"mouseenter"},{"timestamp":"2022-11-11T16:45:32.517Z","url":"https://stackoverflow.com/questions/66258861/creating-routing-for-a-static-site-using-express","component":"page","action":"open"},{"timestamp":"2022-11-11T16:45:32.555Z","url":"https://stackoverflow.com/questions/66258861/creating-routing-for-a-static-site-using-express","component":"projection","action":"mouseleave"},{"timestamp":"2022-11-11T16:45:33.103Z","url":"https://stackoverflow.com/questions/66258861/creating-routing-for-a-static-site-using-express","component":"page","action":"load"},{"timestamp":"2022-11-11T16:45:36.974Z","url":"https://stackoverflow.com/questions/66258861/creating-routing-for-a-static-site-using-express","component":"page","action":"scroll","data":{"viewport":{"x":0,"y":1484.108154296875,"height":679,"width":520},"document":{"height":4245,"width":505},"question":{"identifier":"66258861","top":-1373.8919677734375,"bottom":-171.229736328125,"right":489.0810852050781,"left":16,"width":473.0810852050781,"height":1202.6622314453125},"answers":[{"identifier":"66258942","top":-90.9459457397461,"bottom":999.8783950805664,"right":489.0810852050781,"left":16,"width":473.0810852050781,"height":1090.8243408203125}]}},{"timestamp":"2022-11-11T16:45:37.888Z","url":"https://stackoverflow.com/questions/66258861/creating-routing-for-a-static-site-using-express","component":"page","action":"close"},{"timestamp":"2022-11-11T16:45:38.428Z","url":"https://stackoverflow.com/questions/66258861/creating-routing-for-a-static-site-using-express","component":"projection","action":"mouseenter"},{"timestamp":"2022-11-11T16:45:38.495Z","url":"https://stackoverflow.com/questions/66258861/creating-routing-for-a-static-site-using-express","component":"projection","action":"mouseleave"},{"timestamp":"2022-11-11T16:45:38.497Z","url":"https://stackoverflow.com/questions/70456060/problem-with-static-routing-in-node-js-using-express","component":"projection","action":"mouseenter"},{"timestamp":"2022-11-11T16:45:38.562Z","url":"https://stackoverflow.com/questions/70456060/problem-with-static-routing-in-node-js-using-express","component":"projection","action":"mouseleave"},{"timestamp":"2022-11-11T16:45:38.564Z","url":"https://stackoverflow.com/questions/69758526/express-static-routes-are-not-working-when-adding-a-validation-middleware","component":"projection","action":"mouseenter"},{"timestamp":"2022-11-11T16:45:38.979Z","url":"https://stackoverflow.com/questions/69758526/express-static-routes-are-not-working-when-adding-a-validation-middleware","component":"projection","action":"mouseleave"},{"timestamp":"2022-11-11T16:45:38.984Z","url":"https://stackoverflow.com/questions/60243899/problem-with-nodejs-static-route-and-files","component":"projection","action":"mouseenter"},{"timestamp":"2022-11-11T16:45:39.519Z","url":"https://stackoverflow.com/questions/60243899/problem-with-nodejs-static-route-and-files","component":"projection","action":"mouseleave"},{"timestamp":"2022-11-11T16:45:39.524Z","url":"https://stackoverflow.com/questions/69758526/express-static-routes-are-not-working-when-adding-a-validation-middleware","component":"projection","action":"mouseenter"},{"timestamp":"2022-11-11T16:45:41.174Z","url":"https://stackoverflow.com/questions/69758526/express-static-routes-are-not-working-when-adding-a-validation-middleware","component":"projection","action":"mouseleave"},{"timestamp":"2022-11-11T16:45:41.180Z","url":"https://stackoverflow.com/questions/70456060/problem-with-static-routing-in-node-js-using-express","component":"projection","action":"mouseenter"},{"timestamp":"2022-11-11T16:45:41.208Z","url":"https://stackoverflow.com/questions/70456060/problem-with-static-routing-in-node-js-using-express","component":"projection","action":"mouseleave"},{"timestamp":"2022-11-11T16:45:41.212Z","url":"https://stackoverflow.com/questions/66258861/creating-routing-for-a-static-site-using-express","component":"projection","action":"mouseenter"},{"timestamp":"2022-11-11T16:45:41.216Z","url":"https://stackoverflow.com/questions/66258861/creating-routing-for-a-static-site-using-express","component":"projection","action":"mouseleave"},{"timestamp":"2022-11-11T16:45:42.109Z","url":"https://stackoverflow.com/questions/70456060/problem-with-static-routing-in-node-js-using-express","component":"projection","action":"mouseenter"},{"timestamp":"2022-11-11T16:45:43.421Z","url":"https://stackoverflow.com/questions/70456060/problem-with-static-routing-in-node-js-using-express","component":"page","action":"open"},{"timestamp":"2022-11-11T16:45:43.466Z","url":"https://stackoverflow.com/questions/70456060/problem-with-static-routing-in-node-js-using-express","component":"projection","action":"mouseleave"},{"timestamp":"2022-11-11T16:45:44.120Z","url":"https://stackoverflow.com/questions/70456060/problem-with-static-routing-in-node-js-using-express","component":"page","action":"load"},{"timestamp":"2022-11-11T16:45:50.502Z","url":"https://stackoverflow.com/questions/70456060/problem-with-static-routing-in-node-js-using-express","component":"page","action":"scroll","data":{"viewport":{"x":0,"y":1484.108154296875,"height":679,"width":520},"document":{"height":4598,"width":505},"question":{"identifier":"70456060","top":-1343.0540771484375,"bottom":109.4864501953125,"right":489.0810852050781,"left":16,"width":473.0810852050781,"height":1452.54052734375},"answers":[{"identifier":"70456247","top":189.77027893066406,"bottom":552.2162322998047,"right":489.0810852050781,"left":16,"width":473.0810852050781,"height":362.4459533691406},{"identifier":"70456155","top":552.2162475585938,"bottom":1295.9865112304688,"right":489.0810852050781,"left":16,"width":473.0810852050781,"height":743.770263671875}]}},{"timestamp":"2022-11-11T16:46:00.821Z","url":"https://stackoverflow.com/questions/70456060/problem-with-static-routing-in-node-js-using-express","component":"page","action":"scroll","data":{"viewport":{"x":0,"y":1749.62158203125,"height":679,"width":520},"document":{"height":4598,"width":505},"question":{"identifier":"70456060","top":-1608.567626953125,"bottom":-156.027099609375,"right":489.0810852050781,"left":16,"width":473.0810852050781,"height":1452.54052734375},"answers":[{"identifier":"70456247","top":-75.74324798583984,"bottom":286.7027053833008,"right":489.0810852050781,"left":16,"width":473.0810852050781,"height":362.4459533691406},{"identifier":"70456155","top":286.70269775390625,"bottom":1030.4729614257812,"right":489.0810852050781,"left":16,"width":473.0810852050781,"height":743.770263671875}]}},{"timestamp":"2022-11-11T16:46:03.871Z","url":"https://stackoverflow.com/questions/70456060/problem-with-static-routing-in-node-js-using-express","component":"page","action":"scroll","data":{"viewport":{"x":0,"y":1908.7567138671875,"height":679,"width":520},"document":{"height":4598,"width":505},"question":{"identifier":"70456060","top":-1767.7027587890625,"bottom":-315.1622314453125,"right":489.0810852050781,"left":16,"width":473.0810852050781,"height":1452.54052734375},"answers":[{"identifier":"70456247","top":-234.87838745117188,"bottom":127.56756591796875,"right":489.0810852050781,"left":16,"width":473.0810852050781,"height":362.4459533691406},{"identifier":"70456155","top":127.56757354736328,"bottom":871.3378372192383,"right":489.0810852050781,"left":16,"width":473.0810852050781,"height":743.770263671875}]}},{"timestamp":"2022-11-11T16:46:03.951Z","url":"https://stackoverflow.com/questions/70456060/problem-with-static-routing-in-node-js-using-express","component":"page","action":"close"},{"timestamp":"2022-11-11T16:46:04.316Z","url":"https://stackoverflow.com/questions/66258861/creating-routing-for-a-static-site-using-express","component":"projection","action":"mouseenter"},{"timestamp":"2022-11-11T16:46:04.351Z","url":"https://stackoverflow.com/questions/66258861/creating-routing-for-a-static-site-using-express","component":"projection","action":"mouseleave"},{"timestamp":"2022-11-11T16:46:04.357Z","url":"https://stackoverflow.com/questions/70456060/problem-with-static-routing-in-node-js-using-express","component":"projection","action":"mouseenter"},{"timestamp":"2022-11-11T16:46:04.417Z","url":"https://stackoverflow.com/questions/70456060/problem-with-static-routing-in-node-js-using-express","component":"projection","action":"mouseleave"},{"timestamp":"2022-11-11T16:46:04.420Z","url":"https://stackoverflow.com/questions/69758526/express-static-routes-are-not-working-when-adding-a-validation-middleware","component":"projection","action":"mouseenter"},{"timestamp":"2022-11-11T16:46:04.465Z","url":"https://stackoverflow.com/questions/69758526/express-static-routes-are-not-working-when-adding-a-validation-middleware","component":"projection","action":"mouseleave"},{"timestamp":"2022-11-11T16:46:04.470Z","url":"https://stackoverflow.com/questions/60243899/problem-with-nodejs-static-route-and-files","component":"projection","action":"mouseenter"},{"timestamp":"2022-11-11T16:46:04.775Z","url":"https://stackoverflow.com/questions/60243899/problem-with-nodejs-static-route-and-files","component":"projection","action":"mouseleave"},{"timestamp":"2022-11-11T16:46:04.782Z","url":"https://stackoverflow.com/questions/73305912/how-to-add-a-static-route-after-a-dynamic-one-in-expressjs","component":"projection","action":"mouseenter"},{"timestamp":"2022-11-11T16:46:04.832Z","url":"https://stackoverflow.com/questions/73305912/how-to-add-a-static-route-after-a-dynamic-one-in-expressjs","component":"projection","action":"mouseleave"},{"timestamp":"2022-11-11T16:46:04.840Z","url":"https://stackoverflow.com/questions/70120480/next-js-overlaps-static-route-with-dynamic-route","component":"projection","action":"mouseenter"},{"timestamp":"2022-11-11T16:46:04.883Z","url":"https://stackoverflow.com/questions/70120480/next-js-overlaps-static-route-with-dynamic-route","component":"projection","action":"mouseleave"},{"timestamp":"2022-11-11T16:46:04.894Z","url":"https://stackoverflow.com/questions/65785039/using-static-folders-with-nested-routes-in-node-js","component":"projection","action":"mouseenter"},{"timestamp":"2022-11-11T16:46:05.711Z","url":"https://stackoverflow.com/questions/65785039/using-static-folders-with-nested-routes-in-node-js","component":"projection","action":"mouseleave"},{"timestamp":"2022-11-11T16:46:05.717Z","url":"https://stackoverflow.com/questions/36395563/static-routing-in-node-express","component":"projection","action":"mouseenter"},{"timestamp":"2022-11-11T16:46:06.359Z","url":"https://stackoverflow.com/questions/36395563/static-routing-in-node-express","component":"projection","action":"mouseleave"},{"timestamp":"2022-11-11T16:46:06.364Z","url":"https://stackoverflow.com/questions/65785039/using-static-folders-with-nested-routes-in-node-js","component":"projection","action":"mouseenter"},{"timestamp":"2022-11-11T16:46:08.209Z","url":"https://stackoverflow.com/questions/65785039/using-static-folders-with-nested-routes-in-node-js","component":"projection","action":"mouseleave"},{"timestamp":"2022-11-11T16:46:08.216Z","url":"https://stackoverflow.com/questions/73305912/how-to-add-a-static-route-after-a-dynamic-one-in-expressjs","component":"projection","action":"mouseenter"},{"timestamp":"2022-11-11T16:46:08.864Z","url":"https://stackoverflow.com/questions/73305912/how-to-add-a-static-route-after-a-dynamic-one-in-expressjs","component":"projection","action":"mouseleave"},{"timestamp":"2022-11-11T16:46:08.869Z","url":"https://stackoverflow.com/questions/69758526/express-static-routes-are-not-working-when-adding-a-validation-middleware","component":"projection","action":"mouseenter"},{"timestamp":"2022-11-11T16:46:09.045Z","url":"https://stackoverflow.com/questions/69758526/express-static-routes-are-not-working-when-adding-a-validation-middleware","component":"projection","action":"mouseleave"},{"timestamp":"2022-11-11T16:46:09.051Z","url":"https://stackoverflow.com/questions/70456060/problem-with-static-routing-in-node-js-using-express","component":"projection","action":"mouseenter"},{"timestamp":"2022-11-11T16:46:10.613Z","url":"https://stackoverflow.com/questions/70456060/problem-with-static-routing-in-node-js-using-express","component":"projection","action":"mouseleave"},{"timestamp":"2022-11-11T16:46:10.617Z","url":"https://stackoverflow.com/questions/66258861/creating-routing-for-a-static-site-using-express","component":"projection","action":"mouseenter"},{"timestamp":"2022-11-11T16:46:10.730Z","url":"https://stackoverflow.com/questions/66258861/creating-routing-for-a-static-site-using-express","component":"projection","action":"mouseleave"},{"timestamp":"2022-11-11T16:46:12.049Z","url":"https://stackoverflow.com/questions/66258861/creating-routing-for-a-static-site-using-express","component":"projection","action":"mouseenter"},{"timestamp":"2022-11-11T16:46:17.367Z","url":"https://stackoverflow.com/questions/66258861/creating-routing-for-a-static-site-using-express","component":"projection","action":"mouseleave"},{"timestamp":"2022-11-11T16:46:17.372Z","url":"https://stackoverflow.com/questions/70456060/problem-with-static-routing-in-node-js-using-express","component":"projection","action":"mouseenter"},{"timestamp":"2022-11-11T16:46:19.511Z","url":"https://stackoverflow.com/questions/70456060/problem-with-static-routing-in-node-js-using-express","component":"projection","action":"mouseleave"},{"timestamp":"2022-11-11T16:46:19.515Z","url":"https://stackoverflow.com/questions/66258861/creating-routing-for-a-static-site-using-express","component":"projection","action":"mouseenter"},{"timestamp":"2022-11-11T16:46:20.218Z","url":"https://stackoverflow.com/questions/66258861/creating-routing-for-a-static-site-using-express","component":"projection","action":"mouseleave"}]},{"keywords":["/static","route","js"],"context":{"tokens":[{"kind":"language","value":"javascript"}]},"timestamp":"2022-11-11T16:46:21.266Z","results":[{"signatures":[],"areSignaturesLoading":true,"title":"Creating routing for a static site using Express - Stack Overflow","snippet":"I am trying to create routes, so that the user sees /about , as opposed to about.html... For the main, home page (home.html), it works fine.","url":"https://stackoverflow.com/questions/66258861/creating-routing-for-a-static-site-using-express","displayLink":"https://stackoverflow.com › questions › creating-routin...","snippetHighlightWords":["routes"],"date":"Feb 18, 2021"},{"signatures":[],"areSignaturesLoading":true,"title":"javascript - Problem with static routing in Node.js using express","snippet":"Problem with static routing in Node.js using express ... I am having an issue with some custom routing code, it all works fine and is in sync with ...","url":"https://stackoverflow.com/questions/70456060/problem-with-static-routing-in-node-js-using-express","displayLink":"https://stackoverflow.com › questions › problem-with-st...","snippetHighlightWords":["static routing","js"],"date":"Dec 22, 2021"},{"signatures":[],"areSignaturesLoading":true,"title":"express static routes are not working when adding a validation ...","snippet":"I am trying to add a validation middleware in order to protect my server data. When I get request (http://localhost:3000/filepath) the static ...","url":"https://stackoverflow.com/questions/69758526/express-static-routes-are-not-working-when-adding-a-validation-middleware","displayLink":"https://stackoverflow.com › questions › express-static-r...","snippetHighlightWords":["static"],"date":"Oct 28, 2021"},{"signatures":[],"areSignaturesLoading":true,"title":"Problem with nodejs static route and files - Stack Overflow","snippet":"my whole app.js file is: const express = require('express'); const app = express(); var http = ...","url":"https://stackoverflow.com/questions/60243899/problem-with-nodejs-static-route-and-files","displayLink":"https://stackoverflow.com › questions › problem-with-n...","snippetHighlightWords":["js"],"date":"Feb 15, 2020"},{"signatures":[],"areSignaturesLoading":true,"title":"How to add a static route after a dynamic one in ExpressJS?","snippet":"There are two 2 files with routes. ... I connect all my routes in the project in the following way: const dirs = await recursive(dir); dirs.","url":"https://stackoverflow.com/questions/73305912/how-to-add-a-static-route-after-a-dynamic-one-in-expressjs","displayLink":"https://stackoverflow.com › questions › how-to-add-a-st...","snippetHighlightWords":["routes","routes"],"date":"Aug 10, 2022"},{"signatures":[],"areSignaturesLoading":true,"title":"Next.js overlaps static route with dynamic route - Stack Overflow","snippet":"Following next.js documentation predefined routes take precedence over dynamic routes, and dynamic routes over catch all routes.","url":"https://stackoverflow.com/questions/70120480/next-js-overlaps-static-route-with-dynamic-route","displayLink":"https://stackoverflow.com › questions › next-js-overlaps...","snippetHighlightWords":["js","routes","routes","routes","routes"],"date":"Nov 26, 2021 2 answers"},{"signatures":[],"areSignaturesLoading":true,"title":"Using static folders with nested routes in Node JS","snippet":"Add this line to access static files in subroutes in /admin: app.use('/admin', express.static(path.join(__dirname, 'public'))).","url":"https://stackoverflow.com/questions/65785039/using-static-folders-with-nested-routes-in-node-js","displayLink":"https://stackoverflow.com › questions › using-static-fol...","snippetHighlightWords":["static","static"],"date":"Jan 19, 2021 1 answer"},{"signatures":[],"areSignaturesLoading":true,"title":"node.js - Static routing in node express - Stack Overflow","snippet":"The routing is set up so that '/list/*' and '/setup/*' gets to different html-files where the directories are used kind of as storage id, for ...","url":"https://stackoverflow.com/questions/36395563/static-routing-in-node-express","displayLink":"https://stackoverflow.com › questions › static-routing-in...","snippetHighlightWords":["routing"],"date":"Apr 4, 2016"},{"signatures":[],"areSignaturesLoading":true,"title":"How to serve file with static resources on all routes in Express ...","snippet":"If the user visit route 'localhost/test', response is the index.html file. Then main.js is fetched also. So this first part is working. However, ...","url":"https://stackoverflow.com/questions/66882846/how-to-serve-file-with-static-resources-on-all-routes-in-express-js","displayLink":"https://stackoverflow.com › questions › how-to-serve-fi...","snippetHighlightWords":["route","js"],"date":"Mar 31, 2021"},{"signatures":[],"areSignaturesLoading":true,"title":"Custom static route not working - Stack Overflow","snippet":"Can anyone suggest what should I do or What I am missing in it? javascript · node.js · reactjs · express · react-router.","url":"https://stackoverflow.com/questions/51579725/custom-static-route-not-working","displayLink":"https://stackoverflow.com › questions › custom-static-ro...","snippetHighlightWords":["javascript","js"],"date":"Jul 29, 2018"}],"events":[{"timestamp":"2022-11-11T16:46:22.472Z","url":"https://stackoverflow.com/questions/66258861/creating-routing-for-a-static-site-using-express","component":"projection","action":"load","data":{"height":37.567569732666016,"width":489.0540771484375,"wc":26,"lc":1}},{"timestamp":"2022-11-11T16:46:22.472Z","url":"https://stackoverflow.com/questions/70456060/problem-with-static-routing-in-node-js-using-express","component":"projection","action":"load","data":{"height":59.567569732666016,"width":490.3648681640625,"wc":29,"lc":1}},{"timestamp":"2022-11-11T16:46:22.472Z","url":"https://stackoverflow.com/questions/69758526/express-static-routes-are-not-working-when-adding-a-validation-middleware","component":"projection","action":"load","data":{"height":37.567569732666016,"width":493.3378601074219,"wc":23,"lc":1}},{"timestamp":"2022-11-11T16:46:22.472Z","url":"https://stackoverflow.com/questions/60243899/problem-with-nodejs-static-route-and-files","component":"projection","action":"load","data":{"height":37.567569732666016,"width":470.3513488769531,"wc":17,"lc":1}},{"timestamp":"2022-11-11T16:46:22.472Z","url":"https://stackoverflow.com/questions/73305912/how-to-add-a-static-route-after-a-dynamic-one-in-expressjs","component":"projection","action":"load","data":{"height":37.567569732666016,"width":496.75677490234375,"wc":26,"lc":1}},{"timestamp":"2022-11-11T16:46:22.472Z","url":"https://stackoverflow.com/questions/70120480/next-js-overlaps-static-route-with-dynamic-route","component":"projection","action":"load","data":{"height":59.567569732666016,"width":493.189208984375,"wc":17,"lc":1}},{"timestamp":"2022-11-11T16:46:22.472Z","url":"https://stackoverflow.com/questions/65785039/using-static-folders-with-nested-routes-in-node-js","component":"projection","action":"load","data":{"height":37.567569732666016,"width":473.3378601074219,"wc":14,"lc":1}},{"timestamp":"2022-11-11T16:46:22.472Z","url":"https://stackoverflow.com/questions/36395563/static-routing-in-node-express","component":"projection","action":"load","data":{"height":37.567569732666016,"width":479.0540771484375,"wc":26,"lc":1}},{"timestamp":"2022-11-11T16:46:22.472Z","url":"https://stackoverflow.com/questions/66882846/how-to-serve-file-with-static-resources-on-all-routes-in-express-js","component":"projection","action":"load","data":{"height":59.567569732666016,"width":450.5540771484375,"wc":24,"lc":1}},{"timestamp":"2022-11-11T16:46:22.472Z","url":"https://stackoverflow.com/questions/51579725/custom-static-route-not-working","component":"projection","action":"load","data":{"height":37.567569732666016,"width":489.43243408203125,"wc":23,"lc":1}},{"timestamp":"2022-11-11T16:46:23.029Z","url":"https://stackoverflow.com/questions/66258861/creating-routing-for-a-static-site-using-express","component":"projection","action":"mouseenter"},{"timestamp":"2022-11-11T16:46:23.638Z","url":"https://stackoverflow.com/questions/66258861/creating-routing-for-a-static-site-using-express","component":"projection","action":"loaded","data":"projection 10 of 10"},{"timestamp":"2022-11-11T16:46:23.638Z","url":"https://stackoverflow.com/questions/70456060/problem-with-static-routing-in-node-js-using-express","component":"projection","action":"loaded","data":"projection 9 of 10"},{"timestamp":"2022-11-11T16:46:23.638Z","url":"https://stackoverflow.com/questions/69758526/express-static-routes-are-not-working-when-adding-a-validation-middleware","component":"projection","action":"loaded","data":"projection 8 of 10"},{"timestamp":"2022-11-11T16:46:23.638Z","url":"https://stackoverflow.com/questions/60243899/problem-with-nodejs-static-route-and-files","component":"projection","action":"loaded","data":"projection 7 of 10"},{"timestamp":"2022-11-11T16:46:23.638Z","url":"https://stackoverflow.com/questions/73305912/how-to-add-a-static-route-after-a-dynamic-one-in-expressjs","component":"projection","action":"loaded","data":"projection 6 of 10"},{"timestamp":"2022-11-11T16:46:23.638Z","url":"https://stackoverflow.com/questions/70120480/next-js-overlaps-static-route-with-dynamic-route","component":"projection","action":"loaded","data":"projection 5 of 10"},{"timestamp":"2022-11-11T16:46:23.638Z","url":"https://stackoverflow.com/questions/65785039/using-static-folders-with-nested-routes-in-node-js","component":"projection","action":"loaded","data":"projection 4 of 10"},{"timestamp":"2022-11-11T16:46:23.638Z","url":"https://stackoverflow.com/questions/36395563/static-routing-in-node-express","component":"projection","action":"loaded","data":"projection 3 of 10"},{"timestamp":"2022-11-11T16:46:23.638Z","url":"https://stackoverflow.com/questions/66882846/how-to-serve-file-with-static-resources-on-all-routes-in-express-js","component":"projection","action":"loaded","data":"projection 2 of 10"},{"timestamp":"2022-11-11T16:46:23.638Z","url":"https://stackoverflow.com/questions/51579725/custom-static-route-not-working","component":"projection","action":"loaded","data":"projection 1 of 10"},{"timestamp":"2022-11-11T16:46:24.260Z","url":"https://stackoverflow.com/questions/66258861/creating-routing-for-a-static-site-using-express","component":"projection","action":"mouseleave"},{"timestamp":"2022-11-11T16:46:24.266Z","url":"https://stackoverflow.com/questions/70456060/problem-with-static-routing-in-node-js-using-express","component":"projection","action":"mouseenter"},{"timestamp":"2022-11-11T16:46:24.845Z","url":"https://stackoverflow.com/questions/70456060/problem-with-static-routing-in-node-js-using-express","component":"page","action":"open"},{"timestamp":"2022-11-11T16:46:24.882Z","url":"https://stackoverflow.com/questions/70456060/problem-with-static-routing-in-node-js-using-express","component":"projection","action":"mouseleave"},{"timestamp":"2022-11-11T16:46:25.389Z","url":"https://stackoverflow.com/questions/70456060/problem-with-static-routing-in-node-js-using-express","component":"page","action":"load"},{"timestamp":"2022-11-11T16:46:28.452Z","url":"https://stackoverflow.com/questions/70456060/problem-with-static-routing-in-node-js-using-express","component":"page","action":"scroll","data":{"viewport":{"x":0,"y":423.7837829589844,"height":679,"width":520},"document":{"height":4572,"width":505},"question":{"identifier":"70456060","top":-282.729736328125,"bottom":1169.810791015625,"right":489.0810852050781,"left":16,"width":473.0810852050781,"height":1452.54052734375},"answers":[{"identifier":"70456247","top":1250.0946044921875,"bottom":1612.5405578613281,"right":489.0810852050781,"left":16,"width":473.0810852050781,"height":362.4459533691406},{"identifier":"70456155","top":1612.54052734375,"bottom":2356.310791015625,"right":489.0810852050781,"left":16,"width":473.0810852050781,"height":743.770263671875}]}},{"timestamp":"2022-11-11T16:46:29.240Z","url":"https://stackoverflow.com/questions/70456060/problem-with-static-routing-in-node-js-using-express","component":"page","action":"close"},{"timestamp":"2022-11-11T16:46:29.904Z","url":"https://stackoverflow.com/questions/66258861/creating-routing-for-a-static-site-using-express","component":"projection","action":"mouseenter"},{"timestamp":"2022-11-11T16:46:31.497Z","url":"https://stackoverflow.com/questions/66258861/creating-routing-for-a-static-site-using-express","component":"page","action":"open"},{"timestamp":"2022-11-11T16:46:31.528Z","url":"https://stackoverflow.com/questions/66258861/creating-routing-for-a-static-site-using-express","component":"projection","action":"mouseleave"},{"timestamp":"2022-11-11T16:46:31.970Z","url":"https://stackoverflow.com/questions/66258861/creating-routing-for-a-static-site-using-express","component":"page","action":"load"},{"timestamp":"2022-11-11T16:46:34.437Z","url":"https://stackoverflow.com/questions/66258861/creating-routing-for-a-static-site-using-express","component":"page","action":"scroll","data":{"viewport":{"x":0,"y":159.1351318359375,"height":679,"width":520},"document":{"height":4231,"width":505},"question":{"identifier":"66258861","top":-48.91891860961914,"bottom":1153.7433128356934,"right":489.0810852050781,"left":16,"width":473.0810852050781,"height":1202.6622314453125},"answers":[{"identifier":"66258942","top":1234.027099609375,"bottom":2324.8514404296875,"right":489.0810852050781,"left":16,"width":473.0810852050781,"height":1090.8243408203125}]}},{"timestamp":"2022-11-11T16:46:42.359Z","url":"https://stackoverflow.com/questions/66258861/creating-routing-for-a-static-site-using-express","component":"page","action":"scroll","data":{"viewport":{"x":0,"y":211.8918914794922,"height":679,"width":520},"document":{"height":4231,"width":505},"question":{"identifier":"66258861","top":-101.67567443847656,"bottom":1100.986557006836,"right":489.0810852050781,"left":16,"width":473.0810852050781,"height":1202.6622314453125},"answers":[{"identifier":"66258942","top":1181.270263671875,"bottom":2272.0946044921875,"right":489.0810852050781,"left":16,"width":473.0810852050781,"height":1090.8243408203125}]}},{"timestamp":"2022-11-11T16:46:45.775Z","url":"https://stackoverflow.com/questions/66258861/creating-routing-for-a-static-site-using-express","component":"page","action":"scroll","data":{"viewport":{"x":0,"y":636.54052734375,"height":679,"width":520},"document":{"height":4231,"width":505},"question":{"identifier":"66258861","top":-526.3243408203125,"bottom":676.337890625,"right":489.0810852050781,"left":16,"width":473.0810852050781,"height":1202.6622314453125},"answers":[{"identifier":"66258942","top":756.6216430664062,"bottom":1847.4459838867188,"right":489.0810852050781,"left":16,"width":473.0810852050781,"height":1090.8243408203125}]}},{"timestamp":"2022-11-11T16:46:47.146Z","url":"https://stackoverflow.com/questions/66258861/creating-routing-for-a-static-site-using-express","component":"page","action":"scroll","data":{"viewport":{"x":0,"y":1325.837890625,"height":679,"width":520},"document":{"height":4231,"width":505},"question":{"identifier":"66258861","top":-1215.6217041015625,"bottom":-12.95947265625,"right":489.0810852050781,"left":16,"width":473.0810852050781,"height":1202.6622314453125},"answers":[{"identifier":"66258942","top":67.32432556152344,"bottom":1158.148666381836,"right":489.0810852050781,"left":16,"width":473.0810852050781,"height":1090.8243408203125}]}},{"timestamp":"2022-11-11T16:46:52.240Z","url":"https://stackoverflow.com/questions/66258861/creating-routing-for-a-static-site-using-express","component":"page","action":"scroll","data":{"viewport":{"x":0,"y":2333.405517578125,"height":679,"width":520},"document":{"height":4231,"width":505},"question":{"identifier":"66258861","top":-2223.189208984375,"bottom":-1020.5269775390625,"right":489.0810852050781,"left":16,"width":473.0810852050781,"height":1202.6622314453125},"answers":[{"identifier":"66258942","top":-940.2432861328125,"bottom":150.5810546875,"right":489.0810852050781,"left":16,"width":473.0810852050781,"height":1090.8243408203125}]}},{"timestamp":"2022-11-11T16:46:52.513Z","url":"https://stackoverflow.com/questions/66258861/creating-routing-for-a-static-site-using-express","component":"page","action":"close"},{"timestamp":"2022-11-11T16:46:52.859Z","url":"https://stackoverflow.com/questions/66258861/creating-routing-for-a-static-site-using-express","component":"projection","action":"mouseenter"},{"timestamp":"2022-11-11T16:46:52.891Z","url":"https://stackoverflow.com/questions/66258861/creating-routing-for-a-static-site-using-express","component":"projection","action":"mouseleave"},{"timestamp":"2022-11-11T16:46:52.897Z","url":"https://stackoverflow.com/questions/70456060/problem-with-static-routing-in-node-js-using-express","component":"projection","action":"mouseenter"},{"timestamp":"2022-11-11T16:46:53.324Z","url":"https://stackoverflow.com/questions/70456060/problem-with-static-routing-in-node-js-using-express","component":"projection","action":"mouseleave"},{"timestamp":"2022-11-11T16:46:53.331Z","url":"https://stackoverflow.com/questions/69758526/express-static-routes-are-not-working-when-adding-a-validation-middleware","component":"projection","action":"mouseenter"},{"timestamp":"2022-11-11T16:46:53.374Z","url":"https://stackoverflow.com/questions/69758526/express-static-routes-are-not-working-when-adding-a-validation-middleware","component":"projection","action":"mouseleave"},{"timestamp":"2022-11-11T16:46:53.381Z","url":"https://stackoverflow.com/questions/60243899/problem-with-nodejs-static-route-and-files","component":"projection","action":"mouseenter"},{"timestamp":"2022-11-11T16:46:54.230Z","url":"https://stackoverflow.com/questions/60243899/problem-with-nodejs-static-route-and-files","component":"page","action":"open"},{"timestamp":"2022-11-11T16:46:54.270Z","url":"https://stackoverflow.com/questions/60243899/problem-with-nodejs-static-route-and-files","component":"projection","action":"mouseleave"},{"timestamp":"2022-11-11T16:46:54.776Z","url":"https://stackoverflow.com/questions/60243899/problem-with-nodejs-static-route-and-files","component":"page","action":"load"},{"timestamp":"2022-11-11T16:46:57.202Z","url":"https://stackoverflow.com/questions/60243899/problem-with-nodejs-static-route-and-files","component":"page","action":"scroll","data":{"viewport":{"x":0,"y":159.1351318359375,"height":679,"width":520},"document":{"height":3817,"width":505},"question":{"identifier":"60243899","top":-48.91891860961914,"bottom":1347.4189720153809,"right":489.0810852050781,"left":16,"width":473.0810852050781,"height":1396.337890625},"answers":[{"identifier":"60243991","top":1427.7027587890625,"bottom":1888.6892700195312,"right":489.0810852050781,"left":16,"width":473.0810852050781,"height":460.98651123046875}]}},{"timestamp":"2022-11-11T16:46:57.516Z","url":"https://stackoverflow.com/questions/60243899/problem-with-nodejs-static-route-and-files","component":"page","action":"close"},{"timestamp":"2022-11-11T16:46:57.875Z","url":"https://stackoverflow.com/questions/69758526/express-static-routes-are-not-working-when-adding-a-validation-middleware","component":"projection","action":"mouseenter"},{"timestamp":"2022-11-11T16:46:58.054Z","url":"https://stackoverflow.com/questions/69758526/express-static-routes-are-not-working-when-adding-a-validation-middleware","component":"projection","action":"mouseleave"},{"timestamp":"2022-11-11T16:46:58.060Z","url":"https://stackoverflow.com/questions/60243899/problem-with-nodejs-static-route-and-files","component":"projection","action":"mouseenter"},{"timestamp":"2022-11-11T16:46:58.471Z","url":"https://stackoverflow.com/questions/60243899/problem-with-nodejs-static-route-and-files","component":"projection","action":"mouseleave"},{"timestamp":"2022-11-11T16:46:58.478Z","url":"https://stackoverflow.com/questions/73305912/how-to-add-a-static-route-after-a-dynamic-one-in-expressjs","component":"projection","action":"mouseenter"},{"timestamp":"2022-11-11T16:46:58.954Z","url":"https://stackoverflow.com/questions/73305912/how-to-add-a-static-route-after-a-dynamic-one-in-expressjs","component":"projection","action":"mouseleave"},{"timestamp":"2022-11-11T16:46:58.962Z","url":"https://stackoverflow.com/questions/60243899/problem-with-nodejs-static-route-and-files","component":"projection","action":"mouseenter"},{"timestamp":"2022-11-11T16:46:58.987Z","url":"https://stackoverflow.com/questions/60243899/problem-with-nodejs-static-route-and-files","component":"projection","action":"mouseleave"},{"timestamp":"2022-11-11T16:46:58.993Z","url":"https://stackoverflow.com/questions/69758526/express-static-routes-are-not-working-when-adding-a-validation-middleware","component":"projection","action":"mouseenter"},{"timestamp":"2022-11-11T16:46:59.068Z","url":"https://stackoverflow.com/questions/69758526/express-static-routes-are-not-working-when-adding-a-validation-middleware","component":"projection","action":"mouseleave"},{"timestamp":"2022-11-11T16:46:59.097Z","url":"https://stackoverflow.com/questions/70456060/problem-with-static-routing-in-node-js-using-express","component":"projection","action":"mouseenter"},{"timestamp":"2022-11-11T16:46:59.321Z","url":"https://stackoverflow.com/questions/70456060/problem-with-static-routing-in-node-js-using-express","component":"projection","action":"mouseleave"},{"timestamp":"2022-11-11T16:46:59.325Z","url":"https://stackoverflow.com/questions/66258861/creating-routing-for-a-static-site-using-express","component":"projection","action":"mouseenter"},{"timestamp":"2022-11-11T16:47:12.621Z","url":"https://stackoverflow.com/questions/66258861/creating-routing-for-a-static-site-using-express","component":"projection","action":"mouseleave"},{"timestamp":"2022-11-11T16:47:12.628Z","url":"https://stackoverflow.com/questions/70456060/problem-with-static-routing-in-node-js-using-express","component":"projection","action":"mouseenter"},{"timestamp":"2022-11-11T16:47:12.738Z","url":"https://stackoverflow.com/questions/70456060/problem-with-static-routing-in-node-js-using-express","component":"projection","action":"mouseleave"},{"timestamp":"2022-11-11T16:47:12.745Z","url":"https://stackoverflow.com/questions/69758526/express-static-routes-are-not-working-when-adding-a-validation-middleware","component":"projection","action":"mouseenter"},{"timestamp":"2022-11-11T16:47:13.388Z","url":"https://stackoverflow.com/questions/69758526/express-static-routes-are-not-working-when-adding-a-validation-middleware","component":"projection","action":"mouseleave"},{"timestamp":"2022-11-11T16:47:22.245Z","url":"https://stackoverflow.com/questions/70456060/problem-with-static-routing-in-node-js-using-express","component":"projection","action":"mouseenter"},{"timestamp":"2022-11-11T16:47:22.349Z","url":"https://stackoverflow.com/questions/70456060/problem-with-static-routing-in-node-js-using-express","component":"projection","action":"mouseleave"},{"timestamp":"2022-11-11T16:47:22.357Z","url":"https://stackoverflow.com/questions/69758526/express-static-routes-are-not-working-when-adding-a-validation-middleware","component":"projection","action":"mouseenter"},{"timestamp":"2022-11-11T16:47:22.715Z","url":"https://stackoverflow.com/questions/69758526/express-static-routes-are-not-working-when-adding-a-validation-middleware","component":"projection","action":"mouseleave"},{"timestamp":"2022-11-11T16:47:22.721Z","url":"https://stackoverflow.com/questions/70456060/problem-with-static-routing-in-node-js-using-express","component":"projection","action":"mouseenter"},{"timestamp":"2022-11-11T16:47:23.338Z","url":"https://stackoverflow.com/questions/70456060/problem-with-static-routing-in-node-js-using-express","component":"page","action":"open"},{"timestamp":"2022-11-11T16:47:23.381Z","url":"https://stackoverflow.com/questions/70456060/problem-with-static-routing-in-node-js-using-express","component":"projection","action":"mouseleave"},{"timestamp":"2022-11-11T16:47:23.879Z","url":"https://stackoverflow.com/questions/70456060/problem-with-static-routing-in-node-js-using-express","component":"page","action":"load"},{"timestamp":"2022-11-11T16:47:25.312Z","url":"https://stackoverflow.com/questions/70456060/problem-with-static-routing-in-node-js-using-express","component":"page","action":"scroll","data":{"viewport":{"x":0,"y":211.8918914794922,"height":679,"width":520},"document":{"height":4585,"width":505},"question":{"identifier":"70456060","top":-70.83783721923828,"bottom":1381.7026901245117,"right":489.0810852050781,"left":16,"width":473.0810852050781,"height":1452.54052734375},"answers":[{"identifier":"70456247","top":1461.986572265625,"bottom":1824.4325256347656,"right":489.0810852050781,"left":16,"width":473.0810852050781,"height":362.4459533691406},{"identifier":"70456155","top":1824.4324951171875,"bottom":2568.2027587890625,"right":489.0810852050781,"left":16,"width":473.0810852050781,"height":743.770263671875}]}},{"timestamp":"2022-11-11T16:47:27.027Z","url":"https://stackoverflow.com/questions/70456060/problem-with-static-routing-in-node-js-using-express","component":"page","action":"scroll","data":{"viewport":{"x":0,"y":264.6486511230469,"height":679,"width":520},"document":{"height":4585,"width":505},"question":{"identifier":"70456060","top":-123.59459686279297,"bottom":1328.945930480957,"right":489.0810852050781,"left":16,"width":473.0810852050781,"height":1452.54052734375},"answers":[{"identifier":"70456247","top":1409.229736328125,"bottom":1771.6756896972656,"right":489.0810852050781,"left":16,"width":473.0810852050781,"height":362.4459533691406},{"identifier":"70456155","top":1771.6756591796875,"bottom":2515.4459228515625,"right":489.0810852050781,"left":16,"width":473.0810852050781,"height":743.770263671875}]}},{"timestamp":"2022-11-11T16:47:36.033Z","url":"https://stackoverflow.com/questions/70456060/problem-with-static-routing-in-node-js-using-express","component":"page","action":"scroll","data":{"viewport":{"x":0,"y":318.270263671875,"height":679,"width":520},"document":{"height":4585,"width":505},"question":{"identifier":"70456060","top":-177.21621704101562,"bottom":1275.3243103027344,"right":489.0810852050781,"left":16,"width":473.0810852050781,"height":1452.54052734375},"answers":[{"identifier":"70456247","top":1355.608154296875,"bottom":1718.0541076660156,"right":489.0810852050781,"left":16,"width":473.0810852050781,"height":362.4459533691406},{"identifier":"70456155","top":1718.0540771484375,"bottom":2461.8243408203125,"right":489.0810852050781,"left":16,"width":473.0810852050781,"height":743.770263671875}]}},{"timestamp":"2022-11-11T16:49:22.953Z","url":"https://stackoverflow.com/questions/70456060/problem-with-static-routing-in-node-js-using-express","component":"page","action":"scroll","data":{"viewport":{"x":0,"y":477.4053955078125,"height":679,"width":520},"document":{"height":4585,"width":505},"question":{"identifier":"70456060","top":-336.3513488769531,"bottom":1116.1891784667969,"right":489.0810852050781,"left":16,"width":473.0810852050781,"height":1452.54052734375},"answers":[{"identifier":"70456247","top":1196.4730224609375,"bottom":1558.9189758300781,"right":489.0810852050781,"left":16,"width":473.0810852050781,"height":362.4459533691406},{"identifier":"70456155","top":1558.9189453125,"bottom":2302.689208984375,"right":489.0810852050781,"left":16,"width":473.0810852050781,"height":743.770263671875}]}},{"timestamp":"2022-11-11T16:49:40.298Z","url":"https://stackoverflow.com/questions/70456060/problem-with-static-routing-in-node-js-using-express","component":"page","action":"close"},{"timestamp":"2022-11-11T16:49:40.647Z","url":"https://stackoverflow.com/questions/66258861/creating-routing-for-a-static-site-using-express","component":"projection","action":"mouseenter"},{"timestamp":"2022-11-11T16:49:40.746Z","url":"https://stackoverflow.com/questions/66258861/creating-routing-for-a-static-site-using-express","component":"projection","action":"mouseleave"},{"timestamp":"2022-11-11T16:49:40.752Z","url":"https://stackoverflow.com/questions/70456060/problem-with-static-routing-in-node-js-using-express","component":"projection","action":"mouseenter"},{"timestamp":"2022-11-11T16:49:40.904Z","url":"https://stackoverflow.com/questions/70456060/problem-with-static-routing-in-node-js-using-express","component":"projection","action":"mouseleave"},{"timestamp":"2022-11-11T16:51:08.898Z","url":"https://stackoverflow.com/questions/70456060/problem-with-static-routing-in-node-js-using-express","component":"projection","action":"mouseenter"},{"timestamp":"2022-11-11T16:51:08.912Z","url":"https://stackoverflow.com/questions/70456060/problem-with-static-routing-in-node-js-using-express","component":"projection","action":"mouseleave"},{"timestamp":"2022-11-11T16:51:08.920Z","url":"https://stackoverflow.com/questions/70456060/problem-with-static-routing-in-node-js-using-express","component":"projection","action":"mouseenter"}]}]}