{"trialId":"55264_3","taskId":"sort","appEvents":[{"timestamp":"2022-11-11T16:38:48.420Z","name":"search","data":"search-start"},{"timestamp":"2022-11-11T16:38:49.632Z","name":"search","data":"search-done"},{"timestamp":"2022-11-11T16:42:13.918Z","name":"resize","data":{"height":0,"width":0}},{"timestamp":"2022-11-11T16:42:59.287Z","name":"resize","data":{"height":739,"width":299}}],"searches":[{"keywords":["sort","array","of","objects","descending"],"context":{"tokens":[{"kind":"language","value":"javascript"}]},"timestamp":"2022-11-11T16:38:48.419Z","results":[{"signatures":[],"areSignaturesLoading":true,"title":"Sorting an array of objects by property values - Stack Overflow","url":"https://stackoverflow.com/questions/979256/sorting-an-array-of-objects-by-property-values","displayLink":"https://stackoverflow.com › questions › sorting-an-arra...","date":"33 answers","snippet":"Sort homes by price in ascending order: homes.sort(function(a, b) { return parseFloat(a.price) - parseFloat(b.price); });. Or after ES6 version:","snippetHighlightWords":["Sort","ascending","sort"]},{"signatures":[],"areSignaturesLoading":true,"title":"Sorting an array of objects on both ascending and descending ...","url":"https://stackoverflow.com/questions/56809727/sorting-an-array-of-objects-on-both-ascending-and-descending-order-on-same-click","displayLink":"https://stackoverflow.com › questions › sorting-an-arra...","date":"Jun 28, 2019","snippet":"Sorting an array of objects on both ascending and descending order on same click · reverse the > to < and create a variable that can store the ...","snippetHighlightWords":["Sorting","array of objects","ascending","descending","reverse"]},{"signatures":[],"areSignaturesLoading":true,"title":"JavaScript: Sort an array of objects by a numeric property in ...","url":"https://stackoverflow.com/questions/54623130/javascript-sort-an-array-of-objects-by-a-numeric-property-in-each-object","displayLink":"https://stackoverflow.com › questions › javascript-sort-a...","date":"Feb 11, 2019","snippet":"sort() method does two things, it changes the original array so that it is in sorted order, and it also returns a reference to your original ...","snippetHighlightWords":["sort","array","sorted"]},{"signatures":[],"areSignaturesLoading":true,"title":"Sort by object key in descending order on Javascript/underscore","url":"https://stackoverflow.com/questions/31553155/sort-by-object-key-in-descending-order-on-javascript-underscore","displayLink":"https://stackoverflow.com › questions › sort-by-object-...","date":"Jul 22, 2015","snippet":"I want to sort this array object by key in descending order. So the expected output will be following like the latest date will come first.","snippetHighlightWords":["sort","array object","descending"]},{"signatures":[],"areSignaturesLoading":true,"title":"Javascript: Sorting Objects (not arrays) in descending","url":"https://stackoverflow.com/questions/56996782/javascript-sorting-objects-not-arrays-in-descending","displayLink":"https://stackoverflow.com › questions › javascript-sortin...","date":"Jul 11, 2019","snippet":"Get an array of arrays from Object.entries() .reverse() it; Convert it into a Map ( Map() guarantees order according to how it was entered) ...","snippetHighlightWords":["array","arrays","Object","reverse"]},{"signatures":[],"areSignaturesLoading":true,"title":"Sort array of objects by string property value - Stack Overflow","url":"https://stackoverflow.com/questions/1129216/sort-array-of-objects-by-string-property-value","displayLink":"https://stackoverflow.com › questions › sort-array-of-o...","snippet":"Use JavaScript sort method ... The sort method can be modified to sort anything like an array of numbers, strings and even objects using a compare function. A ...","snippetHighlightWords":["JavaScript sort","sort","sort","array","objects"]},{"signatures":[],"areSignaturesLoading":true,"title":"sort array of objects with letters and numbers in descending ...","url":"https://stackoverflow.com/questions/49365109/sort-array-of-objects-with-letters-and-numbers-in-descending-order","displayLink":"https://stackoverflow.com › questions › sort-array-of-o...","snippet":"You can use array#sort with string#localeCompare with numeric property set to true . const data = [{\"map_name\": \"PHX7260.","snippetHighlightWords":["array#sort"],"extensions":["Mar 19, 2018","3 answers"]},{"signatures":[],"areSignaturesLoading":true,"title":"How do I sort array of objects in descending order based on ...","url":"https://stackoverflow.com/questions/72084911/how-do-i-sort-array-of-objects-in-descending-order-based-on-alphanumeric-value-i","displayLink":"https://stackoverflow.com › questions › how-do-i-sort-a...","snippet":"You need a custom comparer function that will use the value property of your objects to make a descending alphabetic sort on your ArrOfObj.","snippetHighlightWords":["objects","descending","sort"],"extensions":["May 2, 2022","1 answer"]},{"signatures":[],"areSignaturesLoading":true,"title":"JS sort array of objets by specific string property (not ...","url":"https://stackoverflow.com/questions/65687818/js-sort-array-of-objets-by-specific-string-property-not-ascending-or-descending","displayLink":"https://stackoverflow.com › questions › js-sort-array-of-...","snippet":"You could take an object with the wanted order and take a large value as default for sorting. const data = [{ name: \"strawberries\", ...","snippetHighlightWords":["object","sorting"],"extensions":["Jan 12, 2021","5 answers"]},{"signatures":[],"areSignaturesLoading":true,"title":"How can I sort a javascript array of objects numerically and ...","url":"https://stackoverflow.com/questions/12900058/how-can-i-sort-a-javascript-array-of-objects-numerically-and-then-alphabetically","displayLink":"https://stackoverflow.com › questions › how-can-i-sort-...","snippet":"items.sort(function(a, b) { return (a.id - b.id); ...","snippetHighlightWords":["sort"]}],"events":[{"timestamp":"2022-11-11T16:38:48.470Z","url":"https://stackoverflow.com/questions/979256/sorting-an-array-of-objects-by-property-values","component":"projection","action":"load","data":{"height":103.56757354736328,"width":259.66217041015625,"wc":19,"lc":1}},{"timestamp":"2022-11-11T16:38:48.471Z","url":"https://stackoverflow.com/questions/56809727/sorting-an-array-of-objects-on-both-ascending-and-descending-order-on-same-click","component":"projection","action":"load","data":{"height":103.56757354736328,"width":269.0946044921875,"wc":29,"lc":1}},{"timestamp":"2022-11-11T16:38:48.471Z","url":"https://stackoverflow.com/questions/54623130/javascript-sort-an-array-of-objects-by-a-numeric-property-in-each-object","component":"projection","action":"load","data":{"height":81.56756591796875,"width":269.66217041015625,"wc":27,"lc":1}},{"timestamp":"2022-11-11T16:38:48.471Z","url":"https://stackoverflow.com/questions/31553155/sort-by-object-key-in-descending-order-on-javascript-underscore","component":"projection","action":"load","data":{"height":81.56756591796875,"width":269.9729919433594,"wc":26,"lc":1}},{"timestamp":"2022-11-11T16:38:48.471Z","url":"https://stackoverflow.com/questions/56996782/javascript-sorting-objects-not-arrays-in-descending","component":"projection","action":"load","data":{"height":81.56756591796875,"width":269.5,"wc":25,"lc":1}},{"timestamp":"2022-11-11T16:38:48.471Z","url":"https://stackoverflow.com/questions/1129216/sort-array-of-objects-by-string-property-value","component":"projection","action":"load","data":{"height":81.56756591796875,"width":267.0135192871094,"wc":29,"lc":1}},{"timestamp":"2022-11-11T16:38:48.471Z","url":"https://stackoverflow.com/questions/49365109/sort-array-of-objects-with-letters-and-numbers-in-descending-order","component":"projection","action":"load","data":{"height":81.56756591796875,"width":221.74325561523438,"wc":18,"lc":1}},{"timestamp":"2022-11-11T16:38:48.471Z","url":"https://stackoverflow.com/questions/72084911/how-do-i-sort-array-of-objects-in-descending-order-based-on-alphanumeric-value-i","component":"projection","action":"load","data":{"height":81.56756591796875,"width":266.2837829589844,"wc":24,"lc":1}},{"timestamp":"2022-11-11T16:38:48.471Z","url":"https://stackoverflow.com/questions/65687818/js-sort-array-of-objets-by-specific-string-property-not-ascending-or-descending","component":"projection","action":"load","data":{"height":81.56756591796875,"width":263.2162170410156,"wc":25,"lc":1}},{"timestamp":"2022-11-11T16:38:48.471Z","url":"https://stackoverflow.com/questions/12900058/how-can-i-sort-a-javascript-array-of-objects-numerically-and-then-alphabetically","component":"projection","action":"load","data":{"height":37.567569732666016,"width":242.8378448486328,"wc":8,"lc":1}},{"timestamp":"2022-11-11T16:38:48.475Z","url":"https://stackoverflow.com/questions/56809727/sorting-an-array-of-objects-on-both-ascending-and-descending-order-on-same-click","component":"projection","action":"mouseenter"},{"timestamp":"2022-11-11T16:38:49.632Z","url":"https://stackoverflow.com/questions/979256/sorting-an-array-of-objects-by-property-values","component":"projection","action":"loaded","data":"projection 10 of 10"},{"timestamp":"2022-11-11T16:38:49.632Z","url":"https://stackoverflow.com/questions/56809727/sorting-an-array-of-objects-on-both-ascending-and-descending-order-on-same-click","component":"projection","action":"loaded","data":"projection 9 of 10"},{"timestamp":"2022-11-11T16:38:49.632Z","url":"https://stackoverflow.com/questions/54623130/javascript-sort-an-array-of-objects-by-a-numeric-property-in-each-object","component":"projection","action":"loaded","data":"projection 8 of 10"},{"timestamp":"2022-11-11T16:38:49.632Z","url":"https://stackoverflow.com/questions/31553155/sort-by-object-key-in-descending-order-on-javascript-underscore","component":"projection","action":"loaded","data":"projection 7 of 10"},{"timestamp":"2022-11-11T16:38:49.632Z","url":"https://stackoverflow.com/questions/56996782/javascript-sorting-objects-not-arrays-in-descending","component":"projection","action":"loaded","data":"projection 6 of 10"},{"timestamp":"2022-11-11T16:38:49.632Z","url":"https://stackoverflow.com/questions/1129216/sort-array-of-objects-by-string-property-value","component":"projection","action":"loaded","data":"projection 5 of 10"},{"timestamp":"2022-11-11T16:38:49.632Z","url":"https://stackoverflow.com/questions/49365109/sort-array-of-objects-with-letters-and-numbers-in-descending-order","component":"projection","action":"loaded","data":"projection 4 of 10"},{"timestamp":"2022-11-11T16:38:49.632Z","url":"https://stackoverflow.com/questions/72084911/how-do-i-sort-array-of-objects-in-descending-order-based-on-alphanumeric-value-i","component":"projection","action":"loaded","data":"projection 3 of 10"},{"timestamp":"2022-11-11T16:38:49.632Z","url":"https://stackoverflow.com/questions/65687818/js-sort-array-of-objets-by-specific-string-property-not-ascending-or-descending","component":"projection","action":"loaded","data":"projection 2 of 10"},{"timestamp":"2022-11-11T16:38:49.632Z","url":"https://stackoverflow.com/questions/12900058/how-can-i-sort-a-javascript-array-of-objects-numerically-and-then-alphabetically","component":"projection","action":"loaded","data":"projection 1 of 10"},{"timestamp":"2022-11-11T16:38:50.104Z","url":"https://stackoverflow.com/questions/56809727/sorting-an-array-of-objects-on-both-ascending-and-descending-order-on-same-click","component":"projection","action":"mouseleave"},{"timestamp":"2022-11-11T16:38:50.106Z","url":"https://stackoverflow.com/questions/979256/sorting-an-array-of-objects-by-property-values","component":"projection","action":"mouseenter"},{"timestamp":"2022-11-11T16:38:51.544Z","url":"https://stackoverflow.com/questions/979256/sorting-an-array-of-objects-by-property-values","component":"page","action":"open"},{"timestamp":"2022-11-11T16:38:51.575Z","url":"https://stackoverflow.com/questions/979256/sorting-an-array-of-objects-by-property-values","component":"projection","action":"mouseleave"},{"timestamp":"2022-11-11T16:38:52.708Z","url":"https://stackoverflow.com/questions/979256/sorting-an-array-of-objects-by-property-values","component":"page","action":"load"},{"timestamp":"2022-11-11T16:38:55.681Z","url":"https://stackoverflow.com/questions/979256/sorting-an-array-of-objects-by-property-values","component":"page","action":"scroll","data":{"viewport":{"x":0,"y":1431.351318359375,"height":679,"width":295},"document":{"height":39224,"width":280},"question":{"identifier":"979256","top":-1237.0810546875,"bottom":46.95947265625,"right":264.2162170410156,"left":16,"width":248.21621704101562,"height":1284.04052734375},"answers":[{"identifier":"979289","top":164.2432403564453,"bottom":2310.1487579345703,"right":264.2162170410156,"left":16,"width":248.21621704101562,"height":2145.905517578125},{"identifier":"979325","top":2310.148681640625,"bottom":4165.0947265625,"right":264.2162170410156,"left":16,"width":248.21621704101562,"height":1854.946044921875},{"identifier":"979278","top":4165.0947265625,"bottom":5205.2298583984375,"right":264.2162170410156,"left":16,"width":248.21621704101562,"height":1040.1351318359375},{"identifier":"19970578","top":5205.22998046875,"bottom":6288.98681640625,"right":264.2162170410156,"left":16,"width":248.21621704101562,"height":1083.7568359375},{"identifier":"40796335","top":6288.98681640625,"bottom":7488.9598388671875,"right":264.2162170410156,"left":16,"width":248.21621704101562,"height":1199.9730224609375},{"identifier":"979295","top":7488.95947265625,"bottom":8252.824340820312,"right":264.2162170410156,"left":16,"width":248.21621704101562,"height":763.8648681640625},{"identifier":"26762192","top":8252.82421875,"bottom":11434.932373046875,"right":264.2162170410156,"left":16,"width":248.21621704101562,"height":3182.108154296875},{"identifier":"37440769","top":11434.9326171875,"bottom":12565.446166992188,"right":264.2162170410156,"left":16,"width":248.21621704101562,"height":1130.5135498046875},{"identifier":"54346678","top":12565.4462890625,"bottom":13239.608459472656,"right":264.2162170410156,"left":16,"width":248.21621704101562,"height":674.1621704101562},{"identifier":"60641752","top":13239.6083984375,"bottom":14012.324645996094,"right":264.2162170410156,"left":16,"width":248.21621704101562,"height":772.7162475585938},{"identifier":"45534960","top":14012.32421875,"bottom":15106.972900390625,"right":264.2162170410156,"left":16,"width":248.21621704101562,"height":1094.648681640625},{"identifier":"56594176","top":15106.9736328125,"bottom":15559.297973632812,"right":264.2162170410156,"left":16,"width":248.21621704101562,"height":452.3243408203125},{"identifier":"50652203","top":15559.2978515625,"bottom":17589.649291992188,"right":264.2162170410156,"left":16,"width":248.21621704101562,"height":2030.3514404296875},{"identifier":"21399152","top":17589.6484375,"bottom":18930.18896484375,"right":264.2162170410156,"left":16,"width":248.21621704101562,"height":1340.54052734375},{"identifier":"20421221","top":18930.189453125,"bottom":20658.257080078125,"right":264.2162170410156,"left":16,"width":248.21621704101562,"height":1728.067626953125},{"identifier":"979296","top":20658.2578125,"bottom":21215.852416992188,"right":264.2162170410156,"left":16,"width":248.21621704101562,"height":557.5946044921875},{"identifier":"25624937","top":21215.8515625,"bottom":22188.79754638672,"right":264.2162170410156,"left":16,"width":248.21621704101562,"height":972.9459838867188},{"identifier":"32773923","top":22188.796875,"bottom":24091.499633789062,"right":264.2162170410156,"left":16,"width":248.21621704101562,"height":1902.7027587890625},{"identifier":"38585024","top":24091.5,"bottom":24462.824340820312,"right":264.2162170410156,"left":16,"width":248.21621704101562,"height":371.3243408203125},{"identifier":"48662313","top":24462.82421875,"bottom":25447.22967529297,"right":264.2162170410156,"left":16,"width":248.21621704101562,"height":984.4054565429688},{"identifier":"66636162","top":25447.23046875,"bottom":26848.676391601562,"right":264.2162170410156,"left":16,"width":248.21621704101562,"height":1401.4459228515625},{"identifier":"30066050","top":26848.67578125,"bottom":27265.446075439453,"right":264.2162170410156,"left":16,"width":248.21621704101562,"height":416.7702941894531},{"identifier":"42100506","top":27265.447265625,"bottom":29030.690551757812,"right":264.2162170410156,"left":16,"width":248.21621704101562,"height":1765.2432861328125},{"identifier":"55088845","top":29030.689453125,"bottom":29967.203002929688,"right":264.2162170410156,"left":16,"width":248.21621704101562,"height":936.5135498046875},{"identifier":"72601832","top":29967.203125,"bottom":30572.392333984375,"right":264.2162170410156,"left":16,"width":248.21621704101562,"height":605.189208984375},{"identifier":"43635307","top":30572.392578125,"bottom":31192.189880371094,"right":264.2162170410156,"left":16,"width":248.21621704101562,"height":619.7973022460938},{"identifier":"49146133","top":31192.189453125,"bottom":32340.540771484375,"right":264.2162170410156,"left":16,"width":248.21621704101562,"height":1148.351318359375},{"identifier":"26650562","top":32340.541015625,"bottom":33277.05456542969,"right":264.2162170410156,"left":16,"width":248.21621704101562,"height":936.5135498046875},{"identifier":"28247369","top":33277.0546875,"bottom":33683.284423828125,"right":264.2162170410156,"left":16,"width":248.21621704101562,"height":406.229736328125},{"identifier":"36379158","top":33683.28515625,"bottom":35353.50146484375,"right":264.2162170410156,"left":16,"width":248.21621704101562,"height":1670.21630859375}]}},{"timestamp":"2022-11-11T16:38:57.551Z","url":"https://stackoverflow.com/questions/979256/sorting-an-array-of-objects-by-property-values","component":"page","action":"close"},{"timestamp":"2022-11-11T16:38:57.897Z","url":"https://stackoverflow.com/questions/979256/sorting-an-array-of-objects-by-property-values","component":"projection","action":"mouseenter"},{"timestamp":"2022-11-11T16:38:58.443Z","url":"https://stackoverflow.com/questions/979256/sorting-an-array-of-objects-by-property-values","component":"page","action":"open"},{"timestamp":"2022-11-11T16:38:58.467Z","url":"https://stackoverflow.com/questions/979256/sorting-an-array-of-objects-by-property-values","component":"projection","action":"mouseleave"},{"timestamp":"2022-11-11T16:38:59.196Z","url":"https://stackoverflow.com/questions/979256/sorting-an-array-of-objects-by-property-values","component":"page","action":"load"},{"timestamp":"2022-11-11T16:39:00.933Z","url":"https://stackoverflow.com/questions/979256/sorting-an-array-of-objects-by-property-values","component":"page","action":"scroll","data":{"viewport":{"x":0,"y":0,"height":679,"width":295},"document":{"height":39240,"width":280},"question":{"identifier":"979256","top":194.27027893066406,"bottom":1478.310806274414,"right":264.2162170410156,"left":16,"width":248.21621704101562,"height":1284.04052734375},"answers":[{"identifier":"979289","top":1595.5946044921875,"bottom":3741.5001220703125,"right":264.2162170410156,"left":16,"width":248.21621704101562,"height":2145.905517578125},{"identifier":"979325","top":3741.5,"bottom":5596.446044921875,"right":264.2162170410156,"left":16,"width":248.21621704101562,"height":1854.946044921875},{"identifier":"979278","top":5596.4462890625,"bottom":6636.5814208984375,"right":264.2162170410156,"left":16,"width":248.21621704101562,"height":1040.1351318359375},{"identifier":"19970578","top":6636.5810546875,"bottom":7720.337890625,"right":264.2162170410156,"left":16,"width":248.21621704101562,"height":1083.7568359375},{"identifier":"40796335","top":7720.337890625,"bottom":8920.310913085938,"right":264.2162170410156,"left":16,"width":248.21621704101562,"height":1199.9730224609375},{"identifier":"979295","top":8920.310546875,"bottom":9684.175415039062,"right":264.2162170410156,"left":16,"width":248.21621704101562,"height":763.8648681640625},{"identifier":"26762192","top":9684.17578125,"bottom":12866.283935546875,"right":264.2162170410156,"left":16,"width":248.21621704101562,"height":3182.108154296875},{"identifier":"37440769","top":12866.2841796875,"bottom":13996.797729492188,"right":264.2162170410156,"left":16,"width":248.21621704101562,"height":1130.5135498046875},{"identifier":"54346678","top":13996.7978515625,"bottom":14670.960021972656,"right":264.2162170410156,"left":16,"width":248.21621704101562,"height":674.1621704101562},{"identifier":"60641752","top":14670.9599609375,"bottom":15443.676208496094,"right":264.2162170410156,"left":16,"width":248.21621704101562,"height":772.7162475585938},{"identifier":"45534960","top":15443.67578125,"bottom":16538.324462890625,"right":264.2162170410156,"left":16,"width":248.21621704101562,"height":1094.648681640625},{"identifier":"56594176","top":16538.32421875,"bottom":16990.648559570312,"right":264.2162170410156,"left":16,"width":248.21621704101562,"height":452.3243408203125},{"identifier":"50652203","top":16990.6484375,"bottom":19020.999877929688,"right":264.2162170410156,"left":16,"width":248.21621704101562,"height":2030.3514404296875},{"identifier":"21399152","top":19021,"bottom":20361.54052734375,"right":264.2162170410156,"left":16,"width":248.21621704101562,"height":1340.54052734375},{"identifier":"20421221","top":20361.541015625,"bottom":22089.608642578125,"right":264.2162170410156,"left":16,"width":248.21621704101562,"height":1728.067626953125},{"identifier":"979296","top":22089.609375,"bottom":22647.203979492188,"right":264.2162170410156,"left":16,"width":248.21621704101562,"height":557.5946044921875},{"identifier":"25624937","top":22647.203125,"bottom":23620.14910888672,"right":264.2162170410156,"left":16,"width":248.21621704101562,"height":972.9459838867188},{"identifier":"32773923","top":23620.1484375,"bottom":25522.851196289062,"right":264.2162170410156,"left":16,"width":248.21621704101562,"height":1902.7027587890625},{"identifier":"38585024","top":25522.8515625,"bottom":25894.175903320312,"right":264.2162170410156,"left":16,"width":248.21621704101562,"height":371.3243408203125},{"identifier":"48662313","top":25894.17578125,"bottom":26878.58123779297,"right":264.2162170410156,"left":16,"width":248.21621704101562,"height":984.4054565429688},{"identifier":"66636162","top":26878.58203125,"bottom":28280.027954101562,"right":264.2162170410156,"left":16,"width":248.21621704101562,"height":1401.4459228515625},{"identifier":"30066050","top":28280.02734375,"bottom":28696.797637939453,"right":264.2162170410156,"left":16,"width":248.21621704101562,"height":416.7702941894531},{"identifier":"42100506","top":28696.798828125,"bottom":30462.042114257812,"right":264.2162170410156,"left":16,"width":248.21621704101562,"height":1765.2432861328125},{"identifier":"55088845","top":30462.041015625,"bottom":31398.554565429688,"right":264.2162170410156,"left":16,"width":248.21621704101562,"height":936.5135498046875},{"identifier":"72601832","top":31398.5546875,"bottom":32003.743896484375,"right":264.2162170410156,"left":16,"width":248.21621704101562,"height":605.189208984375},{"identifier":"43635307","top":32003.744140625,"bottom":32623.541442871094,"right":264.2162170410156,"left":16,"width":248.21621704101562,"height":619.7973022460938},{"identifier":"49146133","top":32623.541015625,"bottom":33771.892333984375,"right":264.2162170410156,"left":16,"width":248.21621704101562,"height":1148.351318359375},{"identifier":"26650562","top":33771.89453125,"bottom":34708.40808105469,"right":264.2162170410156,"left":16,"width":248.21621704101562,"height":936.5135498046875},{"identifier":"28247369","top":34708.40625,"bottom":35114.635986328125,"right":264.2162170410156,"left":16,"width":248.21621704101562,"height":406.229736328125},{"identifier":"36379158","top":35114.63671875,"bottom":36784.85302734375,"right":264.2162170410156,"left":16,"width":248.21621704101562,"height":1670.21630859375}]}},{"timestamp":"2022-11-11T16:39:03.430Z","url":"https://stackoverflow.com/questions/979256/sorting-an-array-of-objects-by-property-values","component":"page","action":"scroll","data":{"viewport":{"x":0,"y":1484.108154296875,"height":679,"width":295},"document":{"height":39240,"width":280},"question":{"identifier":"979256","top":-1289.837890625,"bottom":-5.79736328125,"right":264.2162170410156,"left":16,"width":248.21621704101562,"height":1284.04052734375},"answers":[{"identifier":"979289","top":111.48648834228516,"bottom":2257.39200592041,"right":264.2162170410156,"left":16,"width":248.21621704101562,"height":2145.905517578125},{"identifier":"979325","top":2257.391845703125,"bottom":4112.337890625,"right":264.2162170410156,"left":16,"width":248.21621704101562,"height":1854.946044921875},{"identifier":"979278","top":4112.337890625,"bottom":5152.4730224609375,"right":264.2162170410156,"left":16,"width":248.21621704101562,"height":1040.1351318359375},{"identifier":"19970578","top":5152.47314453125,"bottom":6236.22998046875,"right":264.2162170410156,"left":16,"width":248.21621704101562,"height":1083.7568359375},{"identifier":"40796335","top":6236.22998046875,"bottom":7436.2030029296875,"right":264.2162170410156,"left":16,"width":248.21621704101562,"height":1199.9730224609375},{"identifier":"979295","top":7436.203125,"bottom":8200.067993164062,"right":264.2162170410156,"left":16,"width":248.21621704101562,"height":763.8648681640625},{"identifier":"26762192","top":8200.0673828125,"bottom":11382.175537109375,"right":264.2162170410156,"left":16,"width":248.21621704101562,"height":3182.108154296875},{"identifier":"37440769","top":11382.17578125,"bottom":12512.689331054688,"right":264.2162170410156,"left":16,"width":248.21621704101562,"height":1130.5135498046875},{"identifier":"54346678","top":12512.689453125,"bottom":13186.851623535156,"right":264.2162170410156,"left":16,"width":248.21621704101562,"height":674.1621704101562},{"identifier":"60641752","top":13186.8515625,"bottom":13959.567810058594,"right":264.2162170410156,"left":16,"width":248.21621704101562,"height":772.7162475585938},{"identifier":"45534960","top":13959.568359375,"bottom":15054.217041015625,"right":264.2162170410156,"left":16,"width":248.21621704101562,"height":1094.648681640625},{"identifier":"56594176","top":15054.216796875,"bottom":15506.541137695312,"right":264.2162170410156,"left":16,"width":248.21621704101562,"height":452.3243408203125},{"identifier":"50652203","top":15506.541015625,"bottom":17536.892456054688,"right":264.2162170410156,"left":16,"width":248.21621704101562,"height":2030.3514404296875},{"identifier":"21399152","top":17536.892578125,"bottom":18877.43310546875,"right":264.2162170410156,"left":16,"width":248.21621704101562,"height":1340.54052734375},{"identifier":"20421221","top":18877.43359375,"bottom":20605.501220703125,"right":264.2162170410156,"left":16,"width":248.21621704101562,"height":1728.067626953125},{"identifier":"979296","top":20605.5,"bottom":21163.094604492188,"right":264.2162170410156,"left":16,"width":248.21621704101562,"height":557.5946044921875},{"identifier":"25624937","top":21163.095703125,"bottom":22136.04168701172,"right":264.2162170410156,"left":16,"width":248.21621704101562,"height":972.9459838867188},{"identifier":"32773923","top":22136.041015625,"bottom":24038.743774414062,"right":264.2162170410156,"left":16,"width":248.21621704101562,"height":1902.7027587890625},{"identifier":"38585024","top":24038.744140625,"bottom":24410.068481445312,"right":264.2162170410156,"left":16,"width":248.21621704101562,"height":371.3243408203125},{"identifier":"48662313","top":24410.068359375,"bottom":25394.47381591797,"right":264.2162170410156,"left":16,"width":248.21621704101562,"height":984.4054565429688},{"identifier":"66636162","top":25394.47265625,"bottom":26795.918579101562,"right":264.2162170410156,"left":16,"width":248.21621704101562,"height":1401.4459228515625},{"identifier":"30066050","top":26795.919921875,"bottom":27212.690216064453,"right":264.2162170410156,"left":16,"width":248.21621704101562,"height":416.7702941894531},{"identifier":"42100506","top":27212.689453125,"bottom":28977.932739257812,"right":264.2162170410156,"left":16,"width":248.21621704101562,"height":1765.2432861328125},{"identifier":"55088845","top":28977.93359375,"bottom":29914.447143554688,"right":264.2162170410156,"left":16,"width":248.21621704101562,"height":936.5135498046875},{"identifier":"72601832","top":29914.447265625,"bottom":30519.636474609375,"right":264.2162170410156,"left":16,"width":248.21621704101562,"height":605.189208984375},{"identifier":"43635307","top":30519.63671875,"bottom":31139.434020996094,"right":264.2162170410156,"left":16,"width":248.21621704101562,"height":619.7973022460938},{"identifier":"49146133","top":31139.43359375,"bottom":32287.784912109375,"right":264.2162170410156,"left":16,"width":248.21621704101562,"height":1148.351318359375},{"identifier":"26650562","top":32287.78515625,"bottom":33224.29870605469,"right":264.2162170410156,"left":16,"width":248.21621704101562,"height":936.5135498046875},{"identifier":"28247369","top":33224.296875,"bottom":33630.526611328125,"right":264.2162170410156,"left":16,"width":248.21621704101562,"height":406.229736328125},{"identifier":"36379158","top":33630.52734375,"bottom":35300.74365234375,"right":264.2162170410156,"left":16,"width":248.21621704101562,"height":1670.21630859375}]}},{"timestamp":"2022-11-11T16:39:05.457Z","url":"https://stackoverflow.com/questions/979256/sorting-an-array-of-objects-by-property-values","component":"page","action":"selection","data":"homes.sort(function(a, b) {\n    return parseFloat(a.price) - parseFloat(b.price);\n});"},{"timestamp":"2022-11-11T16:39:05.914Z","url":"https://stackoverflow.com/questions/979256/sorting-an-array-of-objects-by-property-values","component":"page","action":"copy","data":"homes.sort(function(a, b) {\n    return parseFloat(a.price) - parseFloat(b.price);\n});"},{"timestamp":"2022-11-11T16:40:34.640Z","url":"https://stackoverflow.com/questions/979256/sorting-an-array-of-objects-by-property-values","component":"page","action":"scroll","data":{"viewport":{"x":0,"y":1536.8648681640625,"height":679,"width":295},"document":{"height":39240,"width":280},"question":{"identifier":"979256","top":-1342.5946044921875,"bottom":-58.5540771484375,"right":264.2162170410156,"left":16,"width":248.21621704101562,"height":1284.04052734375},"answers":[{"identifier":"979289","top":58.729732513427734,"bottom":2204.6352500915527,"right":264.2162170410156,"left":16,"width":248.21621704101562,"height":2145.905517578125},{"identifier":"979325","top":2204.63525390625,"bottom":4059.581298828125,"right":264.2162170410156,"left":16,"width":248.21621704101562,"height":1854.946044921875},{"identifier":"979278","top":4059.581298828125,"bottom":5099.7164306640625,"right":264.2162170410156,"left":16,"width":248.21621704101562,"height":1040.1351318359375},{"identifier":"19970578","top":5099.71630859375,"bottom":6183.47314453125,"right":264.2162170410156,"left":16,"width":248.21621704101562,"height":1083.7568359375},{"identifier":"40796335","top":6183.47314453125,"bottom":7383.4461669921875,"right":264.2162170410156,"left":16,"width":248.21621704101562,"height":1199.9730224609375},{"identifier":"979295","top":7383.4462890625,"bottom":8147.3111572265625,"right":264.2162170410156,"left":16,"width":248.21621704101562,"height":763.8648681640625},{"identifier":"26762192","top":8147.31103515625,"bottom":11329.419189453125,"right":264.2162170410156,"left":16,"width":248.21621704101562,"height":3182.108154296875},{"identifier":"37440769","top":11329.4189453125,"bottom":12459.932495117188,"right":264.2162170410156,"left":16,"width":248.21621704101562,"height":1130.5135498046875},{"identifier":"54346678","top":12459.9326171875,"bottom":13134.094787597656,"right":264.2162170410156,"left":16,"width":248.21621704101562,"height":674.1621704101562},{"identifier":"60641752","top":13134.0947265625,"bottom":13906.810974121094,"right":264.2162170410156,"left":16,"width":248.21621704101562,"height":772.7162475585938},{"identifier":"45534960","top":13906.8115234375,"bottom":15001.460205078125,"right":264.2162170410156,"left":16,"width":248.21621704101562,"height":1094.648681640625},{"identifier":"56594176","top":15001.4599609375,"bottom":15453.784301757812,"right":264.2162170410156,"left":16,"width":248.21621704101562,"height":452.3243408203125},{"identifier":"50652203","top":15453.7841796875,"bottom":17484.135620117188,"right":264.2162170410156,"left":16,"width":248.21621704101562,"height":2030.3514404296875},{"identifier":"21399152","top":17484.134765625,"bottom":18824.67529296875,"right":264.2162170410156,"left":16,"width":248.21621704101562,"height":1340.54052734375},{"identifier":"20421221","top":18824.67578125,"bottom":20552.743408203125,"right":264.2162170410156,"left":16,"width":248.21621704101562,"height":1728.067626953125},{"identifier":"979296","top":20552.744140625,"bottom":21110.338745117188,"right":264.2162170410156,"left":16,"width":248.21621704101562,"height":557.5946044921875},{"identifier":"25624937","top":21110.337890625,"bottom":22083.28387451172,"right":264.2162170410156,"left":16,"width":248.21621704101562,"height":972.9459838867188},{"identifier":"32773923","top":22083.28515625,"bottom":23985.987915039062,"right":264.2162170410156,"left":16,"width":248.21621704101562,"height":1902.7027587890625},{"identifier":"38585024","top":23985.986328125,"bottom":24357.310668945312,"right":264.2162170410156,"left":16,"width":248.21621704101562,"height":371.3243408203125},{"identifier":"48662313","top":24357.310546875,"bottom":25341.71600341797,"right":264.2162170410156,"left":16,"width":248.21621704101562,"height":984.4054565429688},{"identifier":"66636162","top":25341.716796875,"bottom":26743.162719726562,"right":264.2162170410156,"left":16,"width":248.21621704101562,"height":1401.4459228515625},{"identifier":"30066050","top":26743.162109375,"bottom":27159.932403564453,"right":264.2162170410156,"left":16,"width":248.21621704101562,"height":416.7702941894531},{"identifier":"42100506","top":27159.93359375,"bottom":28925.176879882812,"right":264.2162170410156,"left":16,"width":248.21621704101562,"height":1765.2432861328125},{"identifier":"55088845","top":28925.17578125,"bottom":29861.689331054688,"right":264.2162170410156,"left":16,"width":248.21621704101562,"height":936.5135498046875},{"identifier":"72601832","top":29861.689453125,"bottom":30466.878662109375,"right":264.2162170410156,"left":16,"width":248.21621704101562,"height":605.189208984375},{"identifier":"43635307","top":30466.87890625,"bottom":31086.676208496094,"right":264.2162170410156,"left":16,"width":248.21621704101562,"height":619.7973022460938},{"identifier":"49146133","top":31086.67578125,"bottom":32235.027099609375,"right":264.2162170410156,"left":16,"width":248.21621704101562,"height":1148.351318359375},{"identifier":"26650562","top":32235.02734375,"bottom":33171.54089355469,"right":264.2162170410156,"left":16,"width":248.21621704101562,"height":936.5135498046875},{"identifier":"28247369","top":33171.54296875,"bottom":33577.772705078125,"right":264.2162170410156,"left":16,"width":248.21621704101562,"height":406.229736328125},{"identifier":"36379158","top":33577.76953125,"bottom":35247.98583984375,"right":264.2162170410156,"left":16,"width":248.21621704101562,"height":1670.21630859375}]}},{"timestamp":"2022-11-11T16:40:35.904Z","url":"https://stackoverflow.com/questions/979256/sorting-an-array-of-objects-by-property-values","component":"page","action":"selection","data":"sort"},{"timestamp":"2022-11-11T16:40:39.243Z","url":"https://stackoverflow.com/questions/979256/sorting-an-array-of-objects-by-property-values","component":"page","action":"selection","data":"Sort homes by price in ascending order:\n\nhomes.sort(function(a, b) {\n    return parseFloat(a.price) - parseFloat(b.price);\n});\nOr after ES6 version:\n\nhomes.sort((a, b) => parseFloat(a.price) - parseFloat(b.price));"},{"timestamp":"2022-11-11T16:40:40.472Z","url":"https://stackoverflow.com/questions/979256/sorting-an-array-of-objects-by-property-values","component":"page","action":"selection","data":"homes.sort((a, b) => parseFloat(a.price) - parseFloat(b.price));"},{"timestamp":"2022-11-11T16:40:40.746Z","url":"https://stackoverflow.com/questions/979256/sorting-an-array-of-objects-by-property-values","component":"page","action":"copy","data":"homes.sort((a, b) => parseFloat(a.price) - parseFloat(b.price));"},{"timestamp":"2022-11-11T16:41:10.607Z","url":"https://stackoverflow.com/questions/979256/sorting-an-array-of-objects-by-property-values","component":"page","action":"scroll","data":{"viewport":{"x":0,"y":1643.2432861328125,"height":679,"width":295},"document":{"height":39240,"width":280},"question":{"identifier":"979256","top":-1448.9730224609375,"bottom":-164.9324951171875,"right":264.2162170410156,"left":16,"width":248.21621704101562,"height":1284.04052734375},"answers":[{"identifier":"979289","top":-47.648651123046875,"bottom":2098.256866455078,"right":264.2162170410156,"left":16,"width":248.21621704101562,"height":2145.905517578125},{"identifier":"979325","top":2098.2568359375,"bottom":3953.202880859375,"right":264.2162170410156,"left":16,"width":248.21621704101562,"height":1854.946044921875},{"identifier":"979278","top":3953.202880859375,"bottom":4993.3380126953125,"right":264.2162170410156,"left":16,"width":248.21621704101562,"height":1040.1351318359375},{"identifier":"19970578","top":4993.337890625,"bottom":6077.0947265625,"right":264.2162170410156,"left":16,"width":248.21621704101562,"height":1083.7568359375},{"identifier":"40796335","top":6077.0947265625,"bottom":7277.0677490234375,"right":264.2162170410156,"left":16,"width":248.21621704101562,"height":1199.9730224609375},{"identifier":"979295","top":7277.06787109375,"bottom":8040.9327392578125,"right":264.2162170410156,"left":16,"width":248.21621704101562,"height":763.8648681640625},{"identifier":"26762192","top":8040.9326171875,"bottom":11223.040771484375,"right":264.2162170410156,"left":16,"width":248.21621704101562,"height":3182.108154296875},{"identifier":"37440769","top":11223.041015625,"bottom":12353.554565429688,"right":264.2162170410156,"left":16,"width":248.21621704101562,"height":1130.5135498046875},{"identifier":"54346678","top":12353.5546875,"bottom":13027.716857910156,"right":264.2162170410156,"left":16,"width":248.21621704101562,"height":674.1621704101562},{"identifier":"60641752","top":13027.716796875,"bottom":13800.433044433594,"right":264.2162170410156,"left":16,"width":248.21621704101562,"height":772.7162475585938},{"identifier":"45534960","top":13800.4326171875,"bottom":14895.081298828125,"right":264.2162170410156,"left":16,"width":248.21621704101562,"height":1094.648681640625},{"identifier":"56594176","top":14895.0810546875,"bottom":15347.405395507812,"right":264.2162170410156,"left":16,"width":248.21621704101562,"height":452.3243408203125},{"identifier":"50652203","top":15347.40625,"bottom":17377.757690429688,"right":264.2162170410156,"left":16,"width":248.21621704101562,"height":2030.3514404296875},{"identifier":"21399152","top":17377.7578125,"bottom":18718.29833984375,"right":264.2162170410156,"left":16,"width":248.21621704101562,"height":1340.54052734375},{"identifier":"20421221","top":18718.296875,"bottom":20446.364501953125,"right":264.2162170410156,"left":16,"width":248.21621704101562,"height":1728.067626953125},{"identifier":"979296","top":20446.365234375,"bottom":21003.959838867188,"right":264.2162170410156,"left":16,"width":248.21621704101562,"height":557.5946044921875},{"identifier":"25624937","top":21003.9609375,"bottom":21976.90692138672,"right":264.2162170410156,"left":16,"width":248.21621704101562,"height":972.9459838867188},{"identifier":"32773923","top":21976.90625,"bottom":23879.609008789062,"right":264.2162170410156,"left":16,"width":248.21621704101562,"height":1902.7027587890625},{"identifier":"38585024","top":23879.609375,"bottom":24250.933715820312,"right":264.2162170410156,"left":16,"width":248.21621704101562,"height":371.3243408203125},{"identifier":"48662313","top":24250.93359375,"bottom":25235.33905029297,"right":264.2162170410156,"left":16,"width":248.21621704101562,"height":984.4054565429688},{"identifier":"66636162","top":25235.337890625,"bottom":26636.783813476562,"right":264.2162170410156,"left":16,"width":248.21621704101562,"height":1401.4459228515625},{"identifier":"30066050","top":26636.78515625,"bottom":27053.555450439453,"right":264.2162170410156,"left":16,"width":248.21621704101562,"height":416.7702941894531},{"identifier":"42100506","top":27053.5546875,"bottom":28818.797973632812,"right":264.2162170410156,"left":16,"width":248.21621704101562,"height":1765.2432861328125},{"identifier":"55088845","top":28818.798828125,"bottom":29755.312377929688,"right":264.2162170410156,"left":16,"width":248.21621704101562,"height":936.5135498046875},{"identifier":"72601832","top":29755.3125,"bottom":30360.501708984375,"right":264.2162170410156,"left":16,"width":248.21621704101562,"height":605.189208984375},{"identifier":"43635307","top":30360.5,"bottom":30980.297302246094,"right":264.2162170410156,"left":16,"width":248.21621704101562,"height":619.7973022460938},{"identifier":"49146133","top":30980.298828125,"bottom":32128.650146484375,"right":264.2162170410156,"left":16,"width":248.21621704101562,"height":1148.351318359375},{"identifier":"26650562","top":32128.650390625,"bottom":33065.16394042969,"right":264.2162170410156,"left":16,"width":248.21621704101562,"height":936.5135498046875},{"identifier":"28247369","top":33065.1640625,"bottom":33471.393798828125,"right":264.2162170410156,"left":16,"width":248.21621704101562,"height":406.229736328125},{"identifier":"36379158","top":33471.39453125,"bottom":35141.61083984375,"right":264.2162170410156,"left":16,"width":248.21621704101562,"height":1670.21630859375}]}},{"timestamp":"2022-11-11T16:41:11.812Z","url":"https://stackoverflow.com/questions/979256/sorting-an-array-of-objects-by-property-values","component":"page","action":"scroll","data":{"viewport":{"x":0,"y":689.2973022460938,"height":679,"width":295},"document":{"height":39240,"width":280},"question":{"identifier":"979256","top":-495.02703857421875,"bottom":789.0134887695312,"right":264.2162170410156,"left":16,"width":248.21621704101562,"height":1284.04052734375},"answers":[{"identifier":"979289","top":906.2973022460938,"bottom":3052.2028198242188,"right":264.2162170410156,"left":16,"width":248.21621704101562,"height":2145.905517578125},{"identifier":"979325","top":3052.202880859375,"bottom":4907.14892578125,"right":264.2162170410156,"left":16,"width":248.21621704101562,"height":1854.946044921875},{"identifier":"979278","top":4907.14892578125,"bottom":5947.2840576171875,"right":264.2162170410156,"left":16,"width":248.21621704101562,"height":1040.1351318359375},{"identifier":"19970578","top":5947.28369140625,"bottom":7031.04052734375,"right":264.2162170410156,"left":16,"width":248.21621704101562,"height":1083.7568359375},{"identifier":"40796335","top":7031.04052734375,"bottom":8231.013549804688,"right":264.2162170410156,"left":16,"width":248.21621704101562,"height":1199.9730224609375},{"identifier":"979295","top":8231.013671875,"bottom":8994.878540039062,"right":264.2162170410156,"left":16,"width":248.21621704101562,"height":763.8648681640625},{"identifier":"26762192","top":8994.87890625,"bottom":12176.987060546875,"right":264.2162170410156,"left":16,"width":248.21621704101562,"height":3182.108154296875},{"identifier":"37440769","top":12176.986328125,"bottom":13307.499877929688,"right":264.2162170410156,"left":16,"width":248.21621704101562,"height":1130.5135498046875},{"identifier":"54346678","top":13307.5,"bottom":13981.662170410156,"right":264.2162170410156,"left":16,"width":248.21621704101562,"height":674.1621704101562},{"identifier":"60641752","top":13981.662109375,"bottom":14754.378356933594,"right":264.2162170410156,"left":16,"width":248.21621704101562,"height":772.7162475585938},{"identifier":"45534960","top":14754.37890625,"bottom":15849.027587890625,"right":264.2162170410156,"left":16,"width":248.21621704101562,"height":1094.648681640625},{"identifier":"56594176","top":15849.02734375,"bottom":16301.351684570312,"right":264.2162170410156,"left":16,"width":248.21621704101562,"height":452.3243408203125},{"identifier":"50652203","top":16301.3515625,"bottom":18331.703002929688,"right":264.2162170410156,"left":16,"width":248.21621704101562,"height":2030.3514404296875},{"identifier":"21399152","top":18331.703125,"bottom":19672.24365234375,"right":264.2162170410156,"left":16,"width":248.21621704101562,"height":1340.54052734375},{"identifier":"20421221","top":19672.244140625,"bottom":21400.311767578125,"right":264.2162170410156,"left":16,"width":248.21621704101562,"height":1728.067626953125},{"identifier":"979296","top":21400.310546875,"bottom":21957.905151367188,"right":264.2162170410156,"left":16,"width":248.21621704101562,"height":557.5946044921875},{"identifier":"25624937","top":21957.90625,"bottom":22930.85223388672,"right":264.2162170410156,"left":16,"width":248.21621704101562,"height":972.9459838867188},{"identifier":"32773923","top":22930.8515625,"bottom":24833.554321289062,"right":264.2162170410156,"left":16,"width":248.21621704101562,"height":1902.7027587890625},{"identifier":"38585024","top":24833.5546875,"bottom":25204.879028320312,"right":264.2162170410156,"left":16,"width":248.21621704101562,"height":371.3243408203125},{"identifier":"48662313","top":25204.87890625,"bottom":26189.28436279297,"right":264.2162170410156,"left":16,"width":248.21621704101562,"height":984.4054565429688},{"identifier":"66636162","top":26189.28515625,"bottom":27590.731079101562,"right":264.2162170410156,"left":16,"width":248.21621704101562,"height":1401.4459228515625},{"identifier":"30066050","top":27590.73046875,"bottom":28007.500762939453,"right":264.2162170410156,"left":16,"width":248.21621704101562,"height":416.7702941894531},{"identifier":"42100506","top":28007.5,"bottom":29772.743286132812,"right":264.2162170410156,"left":16,"width":248.21621704101562,"height":1765.2432861328125},{"identifier":"55088845","top":29772.744140625,"bottom":30709.257690429688,"right":264.2162170410156,"left":16,"width":248.21621704101562,"height":936.5135498046875},{"identifier":"72601832","top":30709.2578125,"bottom":31314.447021484375,"right":264.2162170410156,"left":16,"width":248.21621704101562,"height":605.189208984375},{"identifier":"43635307","top":31314.447265625,"bottom":31934.244567871094,"right":264.2162170410156,"left":16,"width":248.21621704101562,"height":619.7973022460938},{"identifier":"49146133","top":31934.244140625,"bottom":33082.595458984375,"right":264.2162170410156,"left":16,"width":248.21621704101562,"height":1148.351318359375},{"identifier":"26650562","top":33082.59375,"bottom":34019.10729980469,"right":264.2162170410156,"left":16,"width":248.21621704101562,"height":936.5135498046875},{"identifier":"28247369","top":34019.109375,"bottom":34425.339111328125,"right":264.2162170410156,"left":16,"width":248.21621704101562,"height":406.229736328125},{"identifier":"36379158","top":34425.33984375,"bottom":36095.55615234375,"right":264.2162170410156,"left":16,"width":248.21621704101562,"height":1670.21630859375}]}},{"timestamp":"2022-11-11T16:41:13.786Z","url":"https://stackoverflow.com/questions/979256/sorting-an-array-of-objects-by-property-values","component":"page","action":"scroll","data":{"viewport":{"x":0,"y":530.1621704101562,"height":679,"width":295},"document":{"height":39240,"width":280},"question":{"identifier":"979256","top":-335.89190673828125,"bottom":948.1486206054688,"right":264.2162170410156,"left":16,"width":248.21621704101562,"height":1284.04052734375},"answers":[{"identifier":"979289","top":1065.4324951171875,"bottom":3211.3380126953125,"right":264.2162170410156,"left":16,"width":248.21621704101562,"height":2145.905517578125},{"identifier":"979325","top":3211.337890625,"bottom":5066.283935546875,"right":264.2162170410156,"left":16,"width":248.21621704101562,"height":1854.946044921875},{"identifier":"979278","top":5066.28369140625,"bottom":6106.4188232421875,"right":264.2162170410156,"left":16,"width":248.21621704101562,"height":1040.1351318359375},{"identifier":"19970578","top":6106.4189453125,"bottom":7190.17578125,"right":264.2162170410156,"left":16,"width":248.21621704101562,"height":1083.7568359375},{"identifier":"40796335","top":7190.17578125,"bottom":8390.148803710938,"right":264.2162170410156,"left":16,"width":248.21621704101562,"height":1199.9730224609375},{"identifier":"979295","top":8390.1484375,"bottom":9154.013305664062,"right":264.2162170410156,"left":16,"width":248.21621704101562,"height":763.8648681640625},{"identifier":"26762192","top":9154.013671875,"bottom":12336.121826171875,"right":264.2162170410156,"left":16,"width":248.21621704101562,"height":3182.108154296875},{"identifier":"37440769","top":12336.1220703125,"bottom":13466.635620117188,"right":264.2162170410156,"left":16,"width":248.21621704101562,"height":1130.5135498046875},{"identifier":"54346678","top":13466.6357421875,"bottom":14140.797912597656,"right":264.2162170410156,"left":16,"width":248.21621704101562,"height":674.1621704101562},{"identifier":"60641752","top":14140.7978515625,"bottom":14913.514099121094,"right":264.2162170410156,"left":16,"width":248.21621704101562,"height":772.7162475585938},{"identifier":"45534960","top":14913.513671875,"bottom":16008.162353515625,"right":264.2162170410156,"left":16,"width":248.21621704101562,"height":1094.648681640625},{"identifier":"56594176","top":16008.162109375,"bottom":16460.486450195312,"right":264.2162170410156,"left":16,"width":248.21621704101562,"height":452.3243408203125},{"identifier":"50652203","top":16460.486328125,"bottom":18490.837768554688,"right":264.2162170410156,"left":16,"width":248.21621704101562,"height":2030.3514404296875},{"identifier":"21399152","top":18490.837890625,"bottom":19831.37841796875,"right":264.2162170410156,"left":16,"width":248.21621704101562,"height":1340.54052734375},{"identifier":"20421221","top":19831.37890625,"bottom":21559.446533203125,"right":264.2162170410156,"left":16,"width":248.21621704101562,"height":1728.067626953125},{"identifier":"979296","top":21559.447265625,"bottom":22117.041870117188,"right":264.2162170410156,"left":16,"width":248.21621704101562,"height":557.5946044921875},{"identifier":"25624937","top":22117.041015625,"bottom":23089.98699951172,"right":264.2162170410156,"left":16,"width":248.21621704101562,"height":972.9459838867188},{"identifier":"32773923","top":23089.986328125,"bottom":24992.689086914062,"right":264.2162170410156,"left":16,"width":248.21621704101562,"height":1902.7027587890625},{"identifier":"38585024","top":24992.689453125,"bottom":25364.013793945312,"right":264.2162170410156,"left":16,"width":248.21621704101562,"height":371.3243408203125},{"identifier":"48662313","top":25364.013671875,"bottom":26348.41912841797,"right":264.2162170410156,"left":16,"width":248.21621704101562,"height":984.4054565429688},{"identifier":"66636162","top":26348.419921875,"bottom":27749.865844726562,"right":264.2162170410156,"left":16,"width":248.21621704101562,"height":1401.4459228515625},{"identifier":"30066050","top":27749.865234375,"bottom":28166.635528564453,"right":264.2162170410156,"left":16,"width":248.21621704101562,"height":416.7702941894531},{"identifier":"42100506","top":28166.63671875,"bottom":29931.880004882812,"right":264.2162170410156,"left":16,"width":248.21621704101562,"height":1765.2432861328125},{"identifier":"55088845","top":29931.87890625,"bottom":30868.392456054688,"right":264.2162170410156,"left":16,"width":248.21621704101562,"height":936.5135498046875},{"identifier":"72601832","top":30868.392578125,"bottom":31473.581787109375,"right":264.2162170410156,"left":16,"width":248.21621704101562,"height":605.189208984375},{"identifier":"43635307","top":31473.58203125,"bottom":32093.379333496094,"right":264.2162170410156,"left":16,"width":248.21621704101562,"height":619.7973022460938},{"identifier":"49146133","top":32093.37890625,"bottom":33241.730224609375,"right":264.2162170410156,"left":16,"width":248.21621704101562,"height":1148.351318359375},{"identifier":"26650562","top":33241.73046875,"bottom":34178.24401855469,"right":264.2162170410156,"left":16,"width":248.21621704101562,"height":936.5135498046875},{"identifier":"28247369","top":34178.2421875,"bottom":34584.471923828125,"right":264.2162170410156,"left":16,"width":248.21621704101562,"height":406.229736328125},{"identifier":"36379158","top":34584.47265625,"bottom":36254.68896484375,"right":264.2162170410156,"left":16,"width":248.21621704101562,"height":1670.21630859375}]}},{"timestamp":"2022-11-11T16:41:16.146Z","url":"https://stackoverflow.com/questions/979256/sorting-an-array-of-objects-by-property-values","component":"page","action":"scroll","data":{"viewport":{"x":0,"y":953.9459228515625,"height":679,"width":295},"document":{"height":39240,"width":280},"question":{"identifier":"979256","top":-759.6757202148438,"bottom":524.3648071289062,"right":264.2162170410156,"left":16,"width":248.21621704101562,"height":1284.04052734375},"answers":[{"identifier":"979289","top":641.648681640625,"bottom":2787.55419921875,"right":264.2162170410156,"left":16,"width":248.21621704101562,"height":2145.905517578125},{"identifier":"979325","top":2787.55419921875,"bottom":4642.500244140625,"right":264.2162170410156,"left":16,"width":248.21621704101562,"height":1854.946044921875},{"identifier":"979278","top":4642.5,"bottom":5682.6351318359375,"right":264.2162170410156,"left":16,"width":248.21621704101562,"height":1040.1351318359375},{"identifier":"19970578","top":5682.63525390625,"bottom":6766.39208984375,"right":264.2162170410156,"left":16,"width":248.21621704101562,"height":1083.7568359375},{"identifier":"40796335","top":6766.39208984375,"bottom":7966.3651123046875,"right":264.2162170410156,"left":16,"width":248.21621704101562,"height":1199.9730224609375},{"identifier":"979295","top":7966.365234375,"bottom":8730.230102539062,"right":264.2162170410156,"left":16,"width":248.21621704101562,"height":763.8648681640625},{"identifier":"26762192","top":8730.2294921875,"bottom":11912.337646484375,"right":264.2162170410156,"left":16,"width":248.21621704101562,"height":3182.108154296875},{"identifier":"37440769","top":11912.337890625,"bottom":13042.851440429688,"right":264.2162170410156,"left":16,"width":248.21621704101562,"height":1130.5135498046875},{"identifier":"54346678","top":13042.8515625,"bottom":13717.013732910156,"right":264.2162170410156,"left":16,"width":248.21621704101562,"height":674.1621704101562},{"identifier":"60641752","top":13717.013671875,"bottom":14489.729919433594,"right":264.2162170410156,"left":16,"width":248.21621704101562,"height":772.7162475585938},{"identifier":"45534960","top":14489.73046875,"bottom":15584.379150390625,"right":264.2162170410156,"left":16,"width":248.21621704101562,"height":1094.648681640625},{"identifier":"56594176","top":15584.37890625,"bottom":16036.703247070312,"right":264.2162170410156,"left":16,"width":248.21621704101562,"height":452.3243408203125},{"identifier":"50652203","top":16036.703125,"bottom":18067.054565429688,"right":264.2162170410156,"left":16,"width":248.21621704101562,"height":2030.3514404296875},{"identifier":"21399152","top":18067.0546875,"bottom":19407.59521484375,"right":264.2162170410156,"left":16,"width":248.21621704101562,"height":1340.54052734375},{"identifier":"20421221","top":19407.595703125,"bottom":21135.663330078125,"right":264.2162170410156,"left":16,"width":248.21621704101562,"height":1728.067626953125},{"identifier":"979296","top":21135.662109375,"bottom":21693.256713867188,"right":264.2162170410156,"left":16,"width":248.21621704101562,"height":557.5946044921875},{"identifier":"25624937","top":21693.2578125,"bottom":22666.20379638672,"right":264.2162170410156,"left":16,"width":248.21621704101562,"height":972.9459838867188},{"identifier":"32773923","top":22666.203125,"bottom":24568.905883789062,"right":264.2162170410156,"left":16,"width":248.21621704101562,"height":1902.7027587890625},{"identifier":"38585024","top":24568.90625,"bottom":24940.230590820312,"right":264.2162170410156,"left":16,"width":248.21621704101562,"height":371.3243408203125},{"identifier":"48662313","top":24940.23046875,"bottom":25924.63592529297,"right":264.2162170410156,"left":16,"width":248.21621704101562,"height":984.4054565429688},{"identifier":"66636162","top":25924.63671875,"bottom":27326.082641601562,"right":264.2162170410156,"left":16,"width":248.21621704101562,"height":1401.4459228515625},{"identifier":"30066050","top":27326.08203125,"bottom":27742.852325439453,"right":264.2162170410156,"left":16,"width":248.21621704101562,"height":416.7702941894531},{"identifier":"42100506","top":27742.8515625,"bottom":29508.094848632812,"right":264.2162170410156,"left":16,"width":248.21621704101562,"height":1765.2432861328125},{"identifier":"55088845","top":29508.095703125,"bottom":30444.609252929688,"right":264.2162170410156,"left":16,"width":248.21621704101562,"height":936.5135498046875},{"identifier":"72601832","top":30444.609375,"bottom":31049.798583984375,"right":264.2162170410156,"left":16,"width":248.21621704101562,"height":605.189208984375},{"identifier":"43635307","top":31049.798828125,"bottom":31669.596130371094,"right":264.2162170410156,"left":16,"width":248.21621704101562,"height":619.7973022460938},{"identifier":"49146133","top":31669.595703125,"bottom":32817.947021484375,"right":264.2162170410156,"left":16,"width":248.21621704101562,"height":1148.351318359375},{"identifier":"26650562","top":32817.9453125,"bottom":33754.45886230469,"right":264.2162170410156,"left":16,"width":248.21621704101562,"height":936.5135498046875},{"identifier":"28247369","top":33754.4609375,"bottom":34160.690673828125,"right":264.2162170410156,"left":16,"width":248.21621704101562,"height":406.229736328125},{"identifier":"36379158","top":34160.69140625,"bottom":35830.90771484375,"right":264.2162170410156,"left":16,"width":248.21621704101562,"height":1670.21630859375}]}},{"timestamp":"2022-11-11T16:41:41.804Z","url":"https://stackoverflow.com/questions/979256/sorting-an-array-of-objects-by-property-values","component":"page","action":"scroll","data":{"viewport":{"x":0,"y":1696,"height":679,"width":295},"document":{"height":39240,"width":280},"question":{"identifier":"979256","top":-1501.729736328125,"bottom":-217.689208984375,"right":264.2162170410156,"left":16,"width":248.21621704101562,"height":1284.04052734375},"answers":[{"identifier":"979289","top":-100.40541076660156,"bottom":2045.5001068115234,"right":264.2162170410156,"left":16,"width":248.21621704101562,"height":2145.905517578125},{"identifier":"979325","top":2045.5,"bottom":3900.446044921875,"right":264.2162170410156,"left":16,"width":248.21621704101562,"height":1854.946044921875},{"identifier":"979278","top":3900.446044921875,"bottom":4940.5811767578125,"right":264.2162170410156,"left":16,"width":248.21621704101562,"height":1040.1351318359375},{"identifier":"19970578","top":4940.5810546875,"bottom":6024.337890625,"right":264.2162170410156,"left":16,"width":248.21621704101562,"height":1083.7568359375},{"identifier":"40796335","top":6024.337890625,"bottom":7224.3109130859375,"right":264.2162170410156,"left":16,"width":248.21621704101562,"height":1199.9730224609375},{"identifier":"979295","top":7224.31103515625,"bottom":7988.1759033203125,"right":264.2162170410156,"left":16,"width":248.21621704101562,"height":763.8648681640625},{"identifier":"26762192","top":7988.17578125,"bottom":11170.283935546875,"right":264.2162170410156,"left":16,"width":248.21621704101562,"height":3182.108154296875},{"identifier":"37440769","top":11170.2841796875,"bottom":12300.797729492188,"right":264.2162170410156,"left":16,"width":248.21621704101562,"height":1130.5135498046875},{"identifier":"54346678","top":12300.7978515625,"bottom":12974.960021972656,"right":264.2162170410156,"left":16,"width":248.21621704101562,"height":674.1621704101562},{"identifier":"60641752","top":12974.9599609375,"bottom":13747.676208496094,"right":264.2162170410156,"left":16,"width":248.21621704101562,"height":772.7162475585938},{"identifier":"45534960","top":13747.67578125,"bottom":14842.324462890625,"right":264.2162170410156,"left":16,"width":248.21621704101562,"height":1094.648681640625},{"identifier":"56594176","top":14842.32421875,"bottom":15294.648559570312,"right":264.2162170410156,"left":16,"width":248.21621704101562,"height":452.3243408203125},{"identifier":"50652203","top":15294.6494140625,"bottom":17325.000854492188,"right":264.2162170410156,"left":16,"width":248.21621704101562,"height":2030.3514404296875},{"identifier":"21399152","top":17325,"bottom":18665.54052734375,"right":264.2162170410156,"left":16,"width":248.21621704101562,"height":1340.54052734375},{"identifier":"20421221","top":18665.541015625,"bottom":20393.608642578125,"right":264.2162170410156,"left":16,"width":248.21621704101562,"height":1728.067626953125},{"identifier":"979296","top":20393.609375,"bottom":20951.203979492188,"right":264.2162170410156,"left":16,"width":248.21621704101562,"height":557.5946044921875},{"identifier":"25624937","top":20951.203125,"bottom":21924.14910888672,"right":264.2162170410156,"left":16,"width":248.21621704101562,"height":972.9459838867188},{"identifier":"32773923","top":21924.1484375,"bottom":23826.851196289062,"right":264.2162170410156,"left":16,"width":248.21621704101562,"height":1902.7027587890625},{"identifier":"38585024","top":23826.8515625,"bottom":24198.175903320312,"right":264.2162170410156,"left":16,"width":248.21621704101562,"height":371.3243408203125},{"identifier":"48662313","top":24198.17578125,"bottom":25182.58123779297,"right":264.2162170410156,"left":16,"width":248.21621704101562,"height":984.4054565429688},{"identifier":"66636162","top":25182.58203125,"bottom":26584.027954101562,"right":264.2162170410156,"left":16,"width":248.21621704101562,"height":1401.4459228515625},{"identifier":"30066050","top":26584.02734375,"bottom":27000.797637939453,"right":264.2162170410156,"left":16,"width":248.21621704101562,"height":416.7702941894531},{"identifier":"42100506","top":27000.798828125,"bottom":28766.042114257812,"right":264.2162170410156,"left":16,"width":248.21621704101562,"height":1765.2432861328125},{"identifier":"55088845","top":28766.041015625,"bottom":29702.554565429688,"right":264.2162170410156,"left":16,"width":248.21621704101562,"height":936.5135498046875},{"identifier":"72601832","top":29702.5546875,"bottom":30307.743896484375,"right":264.2162170410156,"left":16,"width":248.21621704101562,"height":605.189208984375},{"identifier":"43635307","top":30307.744140625,"bottom":30927.541442871094,"right":264.2162170410156,"left":16,"width":248.21621704101562,"height":619.7973022460938},{"identifier":"49146133","top":30927.541015625,"bottom":32075.892333984375,"right":264.2162170410156,"left":16,"width":248.21621704101562,"height":1148.351318359375},{"identifier":"26650562","top":32075.892578125,"bottom":33012.40612792969,"right":264.2162170410156,"left":16,"width":248.21621704101562,"height":936.5135498046875},{"identifier":"28247369","top":33012.40625,"bottom":33418.635986328125,"right":264.2162170410156,"left":16,"width":248.21621704101562,"height":406.229736328125},{"identifier":"36379158","top":33418.63671875,"bottom":35088.85302734375,"right":264.2162170410156,"left":16,"width":248.21621704101562,"height":1670.21630859375}]}}]}]}