{"trialId":"55264_3","taskId":"currency","appEvents":[{"timestamp":"2022-11-11T16:33:19.085Z","name":"search","data":"search-start"},{"timestamp":"2022-11-11T16:33:20.300Z","name":"search","data":"search-done"},{"timestamp":"2022-11-11T16:33:59.522Z","name":"resize","data":{"height":0,"width":0}},{"timestamp":"2022-11-11T16:34:03.838Z","name":"resize","data":{"height":739,"width":299}},{"timestamp":"2022-11-11T16:38:02.141Z","name":"resize","data":{"height":0,"width":0}},{"timestamp":"2022-11-11T16:38:47.115Z","name":"resize","data":{"height":739,"width":299}}],"searches":[{"keywords":["format","currency"],"context":{"tokens":[{"kind":"language","value":"javascript"}]},"timestamp":"2022-11-11T16:33:19.084Z","results":[{"signatures":[],"areSignaturesLoading":true,"title":"How to format numbers as currency strings - Stack Overflow","url":"https://stackoverflow.com/questions/149055/how-to-format-numbers-as-currency-strings","displayLink":"https://stackoverflow.com › questions › how-to-format-...","date":"Sep 29, 2008","snippet":"All you need is to add the currency symbol (e.g. \"$\" + profits.toFixed(2) ) and you will have your amount in dollars. Custom function. If you ...","snippetHighlightWords":["currency"]},{"signatures":[],"areSignaturesLoading":true,"title":"How to format numbers as currency strings - Stack Overflow","url":"https://stackoverflow.com/questions/149055/how-to-format-numbers-as-currency-strings/5681208","displayLink":"https://stackoverflow.com › questions › how-to-format-...","date":"66 answers","snippet":"I found this from: accounting.js. It's very easy and perfectly fits my need. // Default usage: accounting.formatMoney(12345678); // $12,345,678.00 ...","snippetHighlightWords":["js"]},{"signatures":[],"areSignaturesLoading":true,"title":"How do I print currency format in JavaScript - Stack Overflow","url":"https://stackoverflow.com/questions/4022171/how-do-i-print-currency-format-in-javascript","displayLink":"https://stackoverflow.com › questions › how-do-i-print-...","snippet":"I am writing a function that takes the float price and returns the formatted currency value with currency code too. like fnPrice( 1001.01 ) should print $ ...","snippetHighlightWords":["currency","currency"]},{"signatures":[],"areSignaturesLoading":true,"title":"How to format currency in JavaScript? - Stack Overflow","url":"https://stackoverflow.com/questions/64297528/how-to-format-currency-in-javascript","displayLink":"https://stackoverflow.com › questions › how-to-format-...","date":"Oct 10, 2020","snippet":"I'm beginner in JavaScript and I'm rendering a list that contains some products. The product price format comes as follows: 3800 , 4000 , 11000 ...","snippetHighlightWords":["JavaScript","format"]},{"signatures":[],"areSignaturesLoading":true,"title":"How to format currency and time in javascript - Stack Overflow","url":"https://stackoverflow.com/questions/60689698/how-to-format-currency-and-time-in-javascript","displayLink":"https://stackoverflow.com › questions › how-to-format-...","date":"Mar 15, 2020","snippet":"To format as currency, you can use Intl.NumberFormat either with or without the currency symbol. It can be used via toLocaleString:.","snippetHighlightWords":["format","currency","currency"]},{"signatures":[],"areSignaturesLoading":true,"title":"Proper JS currency format with commas and decimals","url":"https://stackoverflow.com/questions/19664926/proper-js-currency-format-with-commas-and-decimals","displayLink":"https://stackoverflow.com › questions › proper-js-curre...","date":"Oct 29, 2013","snippet":"The value that you get from text fields is of type 'string'. When you do math on simple strings Javascript will automatically coerce them to ...","snippetHighlightWords":["Javascript"]},{"signatures":[],"areSignaturesLoading":true,"title":"Currency format in euro - javascript - Stack Overflow","url":"https://stackoverflow.com/questions/69668216/currency-format-in-euro","displayLink":"https://stackoverflow.com › questions › currency-forma...","snippet":"For your onChange event on the euro currency, you want to remove the . the same way you are removing the , for the dollars, ...","snippetHighlightWords":["currency"],"extensions":["Oct 21, 2021","1 answer"]},{"signatures":[],"areSignaturesLoading":true,"title":"Javascript Function to Format as Money - Stack Overflow","url":"https://stackoverflow.com/questions/40426965/javascript-function-to-format-as-money","displayLink":"https://stackoverflow.com › questions › javascript-funct...","date":"Nov 4, 2016","snippet":"String.prototype.formatMoney = function(places, symbol, thousand, decimal) { if((this).match(/^$/) && (this).indexOf(',') != -1 && (this)."},{"signatures":[],"areSignaturesLoading":true,"title":"Format currency in JavaScript removing .00 - Stack Overflow","url":"https://stackoverflow.com/questions/46235907/format-currency-in-javascript-removing-00","displayLink":"https://stackoverflow.com › questions › format-currenc...","date":"Sep 15, 2017","snippet":"NumberFormat has the more sensible behavior of rounding away from zero as opposed to other JavaScript methods like Math.round . For example, ...","snippetHighlightWords":["JavaScript"]},{"signatures":[],"areSignaturesLoading":true,"title":"Currency formatting using Intl.NumberFormat without currency ...","url":"https://stackoverflow.com/questions/68549027/currency-formatting-using-intl-numberformat-without-currency-symbol","displayLink":"https://stackoverflow.com › questions › currency-forma...","date":"Jul 27, 2021","snippet":"I am trying to use Intl as a default currency formatter and it is almost perfect. ... I find it bizarre that I spend over an hour looking for a ...","snippetHighlightWords":["currency formatter"]}],"events":[{"timestamp":"2022-11-11T16:33:19.148Z","url":"https://stackoverflow.com/questions/149055/how-to-format-numbers-as-currency-strings","component":"projection","action":"load","data":{"height":103.56757354736328,"width":265.3783874511719,"wc":27,"lc":1}},{"timestamp":"2022-11-11T16:33:19.148Z","url":"https://stackoverflow.com/questions/149055/how-to-format-numbers-as-currency-strings/5681208","component":"projection","action":"load","data":{"height":103.56757354736328,"width":260.43243408203125,"wc":20,"lc":1}},{"timestamp":"2022-11-11T16:33:19.150Z","url":"https://stackoverflow.com/questions/4022171/how-do-i-print-currency-format-in-javascript","component":"projection","action":"load","data":{"height":81.56756591796875,"width":267.8648681640625,"wc":28,"lc":1}},{"timestamp":"2022-11-11T16:33:19.151Z","url":"https://stackoverflow.com/questions/64297528/how-to-format-currency-in-javascript","component":"projection","action":"load","data":{"height":81.56756591796875,"width":271.9054260253906,"wc":26,"lc":1}},{"timestamp":"2022-11-11T16:33:19.151Z","url":"https://stackoverflow.com/questions/60689698/how-to-format-currency-and-time-in-javascript","component":"projection","action":"load","data":{"height":81.56756591796875,"width":267.6351318359375,"wc":21,"lc":1}},{"timestamp":"2022-11-11T16:33:19.151Z","url":"https://stackoverflow.com/questions/19664926/proper-js-currency-format-with-commas-and-decimals","component":"projection","action":"load","data":{"height":81.56756591796875,"width":269.5810852050781,"wc":26,"lc":1}},{"timestamp":"2022-11-11T16:33:19.151Z","url":"https://stackoverflow.com/questions/69668216/currency-format-in-euro","component":"projection","action":"load","data":{"height":81.56756591796875,"width":253.44595336914062,"wc":26,"lc":1}},{"timestamp":"2022-11-11T16:33:19.151Z","url":"https://stackoverflow.com/questions/40426965/javascript-function-to-format-as-money","component":"projection","action":"load","data":{"height":81.56756591796875,"width":218.7567596435547,"wc":14,"lc":1}},{"timestamp":"2022-11-11T16:33:19.152Z","url":"https://stackoverflow.com/questions/46235907/format-currency-in-javascript-removing-00","component":"projection","action":"load","data":{"height":81.56756591796875,"width":266.1756896972656,"wc":23,"lc":1}},{"timestamp":"2022-11-11T16:33:19.152Z","url":"https://stackoverflow.com/questions/68549027/currency-formatting-using-intl-numberformat-without-currency-symbol","component":"projection","action":"load","data":{"height":81.56756591796875,"width":271.7432556152344,"wc":31,"lc":1}},{"timestamp":"2022-11-11T16:33:20.300Z","url":"https://stackoverflow.com/questions/149055/how-to-format-numbers-as-currency-strings","component":"projection","action":"loaded","data":"projection 10 of 10"},{"timestamp":"2022-11-11T16:33:20.300Z","url":"https://stackoverflow.com/questions/149055/how-to-format-numbers-as-currency-strings/5681208","component":"projection","action":"loaded","data":"projection 9 of 10"},{"timestamp":"2022-11-11T16:33:20.300Z","url":"https://stackoverflow.com/questions/4022171/how-do-i-print-currency-format-in-javascript","component":"projection","action":"loaded","data":"projection 8 of 10"},{"timestamp":"2022-11-11T16:33:20.300Z","url":"https://stackoverflow.com/questions/64297528/how-to-format-currency-in-javascript","component":"projection","action":"loaded","data":"projection 7 of 10"},{"timestamp":"2022-11-11T16:33:20.300Z","url":"https://stackoverflow.com/questions/60689698/how-to-format-currency-and-time-in-javascript","component":"projection","action":"loaded","data":"projection 6 of 10"},{"timestamp":"2022-11-11T16:33:20.300Z","url":"https://stackoverflow.com/questions/19664926/proper-js-currency-format-with-commas-and-decimals","component":"projection","action":"loaded","data":"projection 5 of 10"},{"timestamp":"2022-11-11T16:33:20.300Z","url":"https://stackoverflow.com/questions/69668216/currency-format-in-euro","component":"projection","action":"loaded","data":"projection 4 of 10"},{"timestamp":"2022-11-11T16:33:20.300Z","url":"https://stackoverflow.com/questions/40426965/javascript-function-to-format-as-money","component":"projection","action":"loaded","data":"projection 3 of 10"},{"timestamp":"2022-11-11T16:33:20.300Z","url":"https://stackoverflow.com/questions/46235907/format-currency-in-javascript-removing-00","component":"projection","action":"loaded","data":"projection 2 of 10"},{"timestamp":"2022-11-11T16:33:20.300Z","url":"https://stackoverflow.com/questions/68549027/currency-formatting-using-intl-numberformat-without-currency-symbol","component":"projection","action":"loaded","data":"projection 1 of 10"},{"timestamp":"2022-11-11T16:33:28.073Z","url":"https://stackoverflow.com/questions/149055/how-to-format-numbers-as-currency-strings","component":"projection","action":"mouseenter"},{"timestamp":"2022-11-11T16:33:28.737Z","url":"https://stackoverflow.com/questions/149055/how-to-format-numbers-as-currency-strings","component":"projection","action":"mouseleave"},{"timestamp":"2022-11-11T16:33:28.738Z","url":"https://stackoverflow.com/questions/149055/how-to-format-numbers-as-currency-strings/5681208","component":"projection","action":"mouseenter"},{"timestamp":"2022-11-11T16:33:28.787Z","url":"https://stackoverflow.com/questions/149055/how-to-format-numbers-as-currency-strings/5681208","component":"projection","action":"mouseleave"},{"timestamp":"2022-11-11T16:33:52.815Z","url":"https://stackoverflow.com/questions/149055/how-to-format-numbers-as-currency-strings/5681208","component":"projection","action":"mouseenter"},{"timestamp":"2022-11-11T16:33:52.845Z","url":"https://stackoverflow.com/questions/149055/how-to-format-numbers-as-currency-strings/5681208","component":"projection","action":"mouseleave"},{"timestamp":"2022-11-11T16:33:52.846Z","url":"https://stackoverflow.com/questions/149055/how-to-format-numbers-as-currency-strings","component":"projection","action":"mouseenter"},{"timestamp":"2022-11-11T16:33:53.003Z","url":"https://stackoverflow.com/questions/149055/how-to-format-numbers-as-currency-strings","component":"projection","action":"mouseleave"},{"timestamp":"2022-11-11T16:33:53.004Z","url":"https://stackoverflow.com/questions/149055/how-to-format-numbers-as-currency-strings/5681208","component":"projection","action":"mouseenter"},{"timestamp":"2022-11-11T16:33:53.005Z","url":"https://stackoverflow.com/questions/149055/how-to-format-numbers-as-currency-strings/5681208","component":"projection","action":"mouseleave"},{"timestamp":"2022-11-11T16:34:04.923Z","url":"https://stackoverflow.com/questions/4022171/how-do-i-print-currency-format-in-javascript","component":"projection","action":"mouseenter"},{"timestamp":"2022-11-11T16:34:05.688Z","url":"https://stackoverflow.com/questions/4022171/how-do-i-print-currency-format-in-javascript","component":"projection","action":"mouseleave"},{"timestamp":"2022-11-11T16:34:05.689Z","url":"https://stackoverflow.com/questions/149055/how-to-format-numbers-as-currency-strings/5681208","component":"projection","action":"mouseenter"},{"timestamp":"2022-11-11T16:34:06.233Z","url":"https://stackoverflow.com/questions/149055/how-to-format-numbers-as-currency-strings/5681208","component":"projection","action":"mouseleave"},{"timestamp":"2022-11-11T16:34:06.235Z","url":"https://stackoverflow.com/questions/149055/how-to-format-numbers-as-currency-strings","component":"projection","action":"mouseenter"},{"timestamp":"2022-11-11T16:34:08.088Z","url":"https://stackoverflow.com/questions/149055/how-to-format-numbers-as-currency-strings","component":"page","action":"open"},{"timestamp":"2022-11-11T16:34:08.121Z","url":"https://stackoverflow.com/questions/149055/how-to-format-numbers-as-currency-strings","component":"projection","action":"mouseleave"},{"timestamp":"2022-11-11T16:34:09.512Z","url":"https://stackoverflow.com/questions/149055/how-to-format-numbers-as-currency-strings","component":"page","action":"load"},{"timestamp":"2022-11-11T16:34:16.004Z","url":"https://stackoverflow.com/questions/149055/how-to-format-numbers-as-currency-strings","component":"page","action":"scroll","data":{"viewport":{"x":0,"y":52.75675582885742,"height":679,"width":295},"document":{"height":50784,"width":292},"question":{"identifier":"149055","top":110.6756820678711,"bottom":1880.945945739746,"right":264.2162170410156,"left":16,"width":248.21621704101562,"height":1770.270263671875},"answers":[{"identifier":"16233919","top":1998.229736328125,"bottom":5310.04052734375,"right":264.2162170410156,"left":16,"width":248.21621704101562,"height":3311.810791015625},{"identifier":"149099","top":5310.04052734375,"bottom":9219.0810546875,"right":264.2162170410156,"left":16,"width":248.21621704101562,"height":3909.04052734375},{"identifier":"14428340","top":9219.0810546875,"bottom":12611.729736328125,"right":264.2162170410156,"left":16,"width":248.21621704101562,"height":3392.648681640625},{"identifier":"149107","top":12611.73046875,"bottom":14891.10888671875,"right":264.2162170410156,"left":16,"width":248.21621704101562,"height":2279.37841796875},{"identifier":"2866613","top":14891.1083984375,"bottom":17751.757080078125,"right":264.2162170410156,"left":16,"width":248.21621704101562,"height":2860.648681640625},{"identifier":"26745078","top":17751.7578125,"bottom":18952.663208007812,"right":264.2162170410156,"left":16,"width":248.21621704101562,"height":1200.9053955078125},{"identifier":"7266497","top":18952.662109375,"bottom":20002.9189453125,"right":264.2162170410156,"left":16,"width":248.21621704101562,"height":1050.2568359375},{"identifier":"9318724","top":20002.919921875,"bottom":21317.96044921875,"right":264.2162170410156,"left":16,"width":248.21621704101562,"height":1315.04052734375},{"identifier":"5342097","top":21317.9609375,"bottom":22653.150146484375,"right":264.2162170410156,"left":16,"width":248.21621704101562,"height":1335.189208984375},{"identifier":"18994850","top":22653.1484375,"bottom":24158.580932617188,"right":264.2162170410156,"left":16,"width":248.21621704101562,"height":1505.4324951171875},{"identifier":"9318723","top":24158.58203125,"bottom":24836.744201660156,"right":264.2162170410156,"left":16,"width":248.21621704101562,"height":678.1621704101562},{"identifier":"68536579","top":24836.744140625,"bottom":25483.392822265625,"right":264.2162170410156,"left":16,"width":248.21621704101562,"height":646.648681640625},{"identifier":"149150","top":25483.392578125,"bottom":26597.703369140625,"right":264.2162170410156,"left":16,"width":248.21621704101562,"height":1114.310791015625},{"identifier":"12698339","top":26597.703125,"bottom":27507.067993164062,"right":264.2162170410156,"left":16,"width":248.21621704101562,"height":909.3648681640625},{"identifier":"40079019","top":27507.068359375,"bottom":29650.94677734375,"right":264.2162170410156,"left":16,"width":248.21621704101562,"height":2143.87841796875},{"identifier":"6787083","top":29650.947265625,"bottom":30698.433837890625,"right":264.2162170410156,"left":16,"width":248.21621704101562,"height":1047.486572265625},{"identifier":"6715476","top":30698.43359375,"bottom":31858.0146484375,"right":264.2162170410156,"left":16,"width":248.21621704101562,"height":1159.5810546875},{"identifier":"8726353","top":31858.013671875,"bottom":32462.527221679688,"right":264.2162170410156,"left":16,"width":248.21621704101562,"height":604.5135498046875},{"identifier":"11270819","top":32462.52734375,"bottom":34306.216552734375,"right":264.2162170410156,"left":16,"width":248.21621704101562,"height":1843.689208984375},{"identifier":"149080","top":34306.21875,"bottom":35217.69177246094,"right":264.2162170410156,"left":16,"width":248.21621704101562,"height":911.4730224609375},{"identifier":"60877747","top":35217.69140625,"bottom":35741.36706542969,"right":264.2162170410156,"left":16,"width":248.21621704101562,"height":523.6756591796875},{"identifier":"1323064","top":35741.3671875,"bottom":37656.82666015625,"right":264.2162170410156,"left":16,"width":248.21621704101562,"height":1915.45947265625},{"identifier":"10168573","top":37656.82421875,"bottom":38575.77020263672,"right":264.2162170410156,"left":16,"width":248.21621704101562,"height":918.9459838867188},{"identifier":"9327950","top":38575.76953125,"bottom":39266.55334472656,"right":264.2162170410156,"left":16,"width":248.21621704101562,"height":690.7838134765625},{"identifier":"149120","top":39266.5546875,"bottom":40007.51416015625,"right":264.2162170410156,"left":16,"width":248.21621704101562,"height":740.95947265625},{"identifier":"12698442","top":40007.515625,"bottom":40542.272399902344,"right":264.2162170410156,"left":16,"width":248.21621704101562,"height":534.7567749023438},{"identifier":"3284302","top":40542.26953125,"bottom":41978.81005859375,"right":264.2162170410156,"left":16,"width":248.21621704101562,"height":1436.54052734375},{"identifier":"14735423","top":41978.8125,"bottom":43171.74499511719,"right":264.2162170410156,"left":16,"width":248.21621704101562,"height":1192.9324951171875},{"identifier":"54274936","top":43171.74609375,"bottom":43735.24609375,"right":264.2162170410156,"left":16,"width":248.21621704101562,"height":563.5},{"identifier":"23717185","top":43735.24609375,"bottom":48034.88134765625,"right":264.2162170410156,"left":16,"width":248.21621704101562,"height":4299.63525390625}]}},{"timestamp":"2022-11-11T16:34:19.743Z","url":"https://stackoverflow.com/questions/149055/how-to-format-numbers-as-currency-strings","component":"page","action":"scroll","data":{"viewport":{"x":0,"y":953.9459228515625,"height":679,"width":295},"document":{"height":50784,"width":292},"question":{"identifier":"149055","top":-790.5135498046875,"bottom":979.7567138671875,"right":264.2162170410156,"left":16,"width":248.21621704101562,"height":1770.270263671875},"answers":[{"identifier":"16233919","top":1097.04052734375,"bottom":4408.851318359375,"right":264.2162170410156,"left":16,"width":248.21621704101562,"height":3311.810791015625},{"identifier":"149099","top":4408.8515625,"bottom":8317.89208984375,"right":264.2162170410156,"left":16,"width":248.21621704101562,"height":3909.04052734375},{"identifier":"14428340","top":8317.892578125,"bottom":11710.541259765625,"right":264.2162170410156,"left":16,"width":248.21621704101562,"height":3392.648681640625},{"identifier":"149107","top":11710.541015625,"bottom":13989.91943359375,"right":264.2162170410156,"left":16,"width":248.21621704101562,"height":2279.37841796875},{"identifier":"2866613","top":13989.9189453125,"bottom":16850.567626953125,"right":264.2162170410156,"left":16,"width":248.21621704101562,"height":2860.648681640625},{"identifier":"26745078","top":16850.568359375,"bottom":18051.473754882812,"right":264.2162170410156,"left":16,"width":248.21621704101562,"height":1200.9053955078125},{"identifier":"7266497","top":18051.47265625,"bottom":19101.7294921875,"right":264.2162170410156,"left":16,"width":248.21621704101562,"height":1050.2568359375},{"identifier":"9318724","top":19101.73046875,"bottom":20416.77099609375,"right":264.2162170410156,"left":16,"width":248.21621704101562,"height":1315.04052734375},{"identifier":"5342097","top":20416.771484375,"bottom":21751.960693359375,"right":264.2162170410156,"left":16,"width":248.21621704101562,"height":1335.189208984375},{"identifier":"18994850","top":21751.9609375,"bottom":23257.393432617188,"right":264.2162170410156,"left":16,"width":248.21621704101562,"height":1505.4324951171875},{"identifier":"9318723","top":23257.392578125,"bottom":23935.554748535156,"right":264.2162170410156,"left":16,"width":248.21621704101562,"height":678.1621704101562},{"identifier":"68536579","top":23935.5546875,"bottom":24582.203369140625,"right":264.2162170410156,"left":16,"width":248.21621704101562,"height":646.648681640625},{"identifier":"149150","top":24582.203125,"bottom":25696.513916015625,"right":264.2162170410156,"left":16,"width":248.21621704101562,"height":1114.310791015625},{"identifier":"12698339","top":25696.513671875,"bottom":26605.878540039062,"right":264.2162170410156,"left":16,"width":248.21621704101562,"height":909.3648681640625},{"identifier":"40079019","top":26605.87890625,"bottom":28749.75732421875,"right":264.2162170410156,"left":16,"width":248.21621704101562,"height":2143.87841796875},{"identifier":"6787083","top":28749.7578125,"bottom":29797.244384765625,"right":264.2162170410156,"left":16,"width":248.21621704101562,"height":1047.486572265625},{"identifier":"6715476","top":29797.244140625,"bottom":30956.8251953125,"right":264.2162170410156,"left":16,"width":248.21621704101562,"height":1159.5810546875},{"identifier":"8726353","top":30956.82421875,"bottom":31561.337768554688,"right":264.2162170410156,"left":16,"width":248.21621704101562,"height":604.5135498046875},{"identifier":"11270819","top":31561.337890625,"bottom":33405.027099609375,"right":264.2162170410156,"left":16,"width":248.21621704101562,"height":1843.689208984375},{"identifier":"149080","top":33405.02734375,"bottom":34316.50036621094,"right":264.2162170410156,"left":16,"width":248.21621704101562,"height":911.4730224609375},{"identifier":"60877747","top":34316.5,"bottom":34840.17565917969,"right":264.2162170410156,"left":16,"width":248.21621704101562,"height":523.6756591796875},{"identifier":"1323064","top":34840.17578125,"bottom":36755.63525390625,"right":264.2162170410156,"left":16,"width":248.21621704101562,"height":1915.45947265625},{"identifier":"10168573","top":36755.63671875,"bottom":37674.58270263672,"right":264.2162170410156,"left":16,"width":248.21621704101562,"height":918.9459838867188},{"identifier":"9327950","top":37674.58203125,"bottom":38365.36584472656,"right":264.2162170410156,"left":16,"width":248.21621704101562,"height":690.7838134765625},{"identifier":"149120","top":38365.3671875,"bottom":39106.32666015625,"right":264.2162170410156,"left":16,"width":248.21621704101562,"height":740.95947265625},{"identifier":"12698442","top":39106.32421875,"bottom":39641.080993652344,"right":264.2162170410156,"left":16,"width":248.21621704101562,"height":534.7567749023438},{"identifier":"3284302","top":39641.08203125,"bottom":41077.62255859375,"right":264.2162170410156,"left":16,"width":248.21621704101562,"height":1436.54052734375},{"identifier":"14735423","top":41077.62109375,"bottom":42270.55358886719,"right":264.2162170410156,"left":16,"width":248.21621704101562,"height":1192.9324951171875},{"identifier":"54274936","top":42270.5546875,"bottom":42834.0546875,"right":264.2162170410156,"left":16,"width":248.21621704101562,"height":563.5},{"identifier":"23717185","top":42834.0546875,"bottom":47133.68994140625,"right":264.2162170410156,"left":16,"width":248.21621704101562,"height":4299.63525390625}]}},{"timestamp":"2022-11-11T16:34:20.664Z","url":"https://stackoverflow.com/questions/149055/how-to-format-numbers-as-currency-strings","component":"page","action":"scroll","data":{"viewport":{"x":0,"y":635.6756591796875,"height":679,"width":295},"document":{"height":50784,"width":292},"question":{"identifier":"149055","top":-472.2432556152344,"bottom":1298.0270080566406,"right":264.2162170410156,"left":16,"width":248.21621704101562,"height":1770.270263671875},"answers":[{"identifier":"16233919","top":1415.310791015625,"bottom":4727.12158203125,"right":264.2162170410156,"left":16,"width":248.21621704101562,"height":3311.810791015625},{"identifier":"149099","top":4727.12158203125,"bottom":8636.162109375,"right":264.2162170410156,"left":16,"width":248.21621704101562,"height":3909.04052734375},{"identifier":"14428340","top":8636.162109375,"bottom":12028.810791015625,"right":264.2162170410156,"left":16,"width":248.21621704101562,"height":3392.648681640625},{"identifier":"149107","top":12028.8115234375,"bottom":14308.18994140625,"right":264.2162170410156,"left":16,"width":248.21621704101562,"height":2279.37841796875},{"identifier":"2866613","top":14308.189453125,"bottom":17168.838134765625,"right":264.2162170410156,"left":16,"width":248.21621704101562,"height":2860.648681640625},{"identifier":"26745078","top":17168.837890625,"bottom":18369.743286132812,"right":264.2162170410156,"left":16,"width":248.21621704101562,"height":1200.9053955078125},{"identifier":"7266497","top":18369.744140625,"bottom":19420.0009765625,"right":264.2162170410156,"left":16,"width":248.21621704101562,"height":1050.2568359375},{"identifier":"9318724","top":19420,"bottom":20735.04052734375,"right":264.2162170410156,"left":16,"width":248.21621704101562,"height":1315.04052734375},{"identifier":"5342097","top":20735.041015625,"bottom":22070.230224609375,"right":264.2162170410156,"left":16,"width":248.21621704101562,"height":1335.189208984375},{"identifier":"18994850","top":22070.23046875,"bottom":23575.662963867188,"right":264.2162170410156,"left":16,"width":248.21621704101562,"height":1505.4324951171875},{"identifier":"9318723","top":23575.662109375,"bottom":24253.824279785156,"right":264.2162170410156,"left":16,"width":248.21621704101562,"height":678.1621704101562},{"identifier":"68536579","top":24253.82421875,"bottom":24900.472900390625,"right":264.2162170410156,"left":16,"width":248.21621704101562,"height":646.648681640625},{"identifier":"149150","top":24900.47265625,"bottom":26014.783447265625,"right":264.2162170410156,"left":16,"width":248.21621704101562,"height":1114.310791015625},{"identifier":"12698339","top":26014.78515625,"bottom":26924.150024414062,"right":264.2162170410156,"left":16,"width":248.21621704101562,"height":909.3648681640625},{"identifier":"40079019","top":26924.1484375,"bottom":29068.02685546875,"right":264.2162170410156,"left":16,"width":248.21621704101562,"height":2143.87841796875},{"identifier":"6787083","top":29068.02734375,"bottom":30115.513916015625,"right":264.2162170410156,"left":16,"width":248.21621704101562,"height":1047.486572265625},{"identifier":"6715476","top":30115.513671875,"bottom":31275.0947265625,"right":264.2162170410156,"left":16,"width":248.21621704101562,"height":1159.5810546875},{"identifier":"8726353","top":31275.095703125,"bottom":31879.609252929688,"right":264.2162170410156,"left":16,"width":248.21621704101562,"height":604.5135498046875},{"identifier":"11270819","top":31879.609375,"bottom":33723.298583984375,"right":264.2162170410156,"left":16,"width":248.21621704101562,"height":1843.689208984375},{"identifier":"149080","top":33723.296875,"bottom":34634.76989746094,"right":264.2162170410156,"left":16,"width":248.21621704101562,"height":911.4730224609375},{"identifier":"60877747","top":34634.76953125,"bottom":35158.44519042969,"right":264.2162170410156,"left":16,"width":248.21621704101562,"height":523.6756591796875},{"identifier":"1323064","top":35158.4453125,"bottom":37073.90478515625,"right":264.2162170410156,"left":16,"width":248.21621704101562,"height":1915.45947265625},{"identifier":"10168573","top":37073.90625,"bottom":37992.85223388672,"right":264.2162170410156,"left":16,"width":248.21621704101562,"height":918.9459838867188},{"identifier":"9327950","top":37992.8515625,"bottom":38683.63537597656,"right":264.2162170410156,"left":16,"width":248.21621704101562,"height":690.7838134765625},{"identifier":"149120","top":38683.63671875,"bottom":39424.59619140625,"right":264.2162170410156,"left":16,"width":248.21621704101562,"height":740.95947265625},{"identifier":"12698442","top":39424.59375,"bottom":39959.350524902344,"right":264.2162170410156,"left":16,"width":248.21621704101562,"height":534.7567749023438},{"identifier":"3284302","top":39959.3515625,"bottom":41395.89208984375,"right":264.2162170410156,"left":16,"width":248.21621704101562,"height":1436.54052734375},{"identifier":"14735423","top":41395.89453125,"bottom":42588.82702636719,"right":264.2162170410156,"left":16,"width":248.21621704101562,"height":1192.9324951171875},{"identifier":"54274936","top":42588.82421875,"bottom":43152.32421875,"right":264.2162170410156,"left":16,"width":248.21621704101562,"height":563.5},{"identifier":"23717185","top":43152.32421875,"bottom":47451.95947265625,"right":264.2162170410156,"left":16,"width":248.21621704101562,"height":4299.63525390625}]}},{"timestamp":"2022-11-11T16:34:24.655Z","url":"https://stackoverflow.com/questions/149055/how-to-format-numbers-as-currency-strings","component":"page","action":"scroll","data":{"viewport":{"x":0,"y":2013.4053955078125,"height":679,"width":295},"document":{"height":50784,"width":292},"question":{"identifier":"149055","top":-1849.9730224609375,"bottom":-79.7027587890625,"right":264.2162170410156,"left":16,"width":248.21621704101562,"height":1770.270263671875},"answers":[{"identifier":"16233919","top":37.58108139038086,"bottom":3349.391872406006,"right":264.2162170410156,"left":16,"width":248.21621704101562,"height":3311.810791015625},{"identifier":"149099","top":3349.39208984375,"bottom":7258.4326171875,"right":264.2162170410156,"left":16,"width":248.21621704101562,"height":3909.04052734375},{"identifier":"14428340","top":7258.4326171875,"bottom":10651.081298828125,"right":264.2162170410156,"left":16,"width":248.21621704101562,"height":3392.648681640625},{"identifier":"149107","top":10651.0810546875,"bottom":12930.45947265625,"right":264.2162170410156,"left":16,"width":248.21621704101562,"height":2279.37841796875},{"identifier":"2866613","top":12930.4599609375,"bottom":15791.108642578125,"right":264.2162170410156,"left":16,"width":248.21621704101562,"height":2860.648681640625},{"identifier":"26745078","top":15791.1083984375,"bottom":16992.013793945312,"right":264.2162170410156,"left":16,"width":248.21621704101562,"height":1200.9053955078125},{"identifier":"7266497","top":16992.013671875,"bottom":18042.2705078125,"right":264.2162170410156,"left":16,"width":248.21621704101562,"height":1050.2568359375},{"identifier":"9318724","top":18042.271484375,"bottom":19357.31201171875,"right":264.2162170410156,"left":16,"width":248.21621704101562,"height":1315.04052734375},{"identifier":"5342097","top":19357.310546875,"bottom":20692.499755859375,"right":264.2162170410156,"left":16,"width":248.21621704101562,"height":1335.189208984375},{"identifier":"18994850","top":20692.5,"bottom":22197.932495117188,"right":264.2162170410156,"left":16,"width":248.21621704101562,"height":1505.4324951171875},{"identifier":"9318723","top":22197.93359375,"bottom":22876.095764160156,"right":264.2162170410156,"left":16,"width":248.21621704101562,"height":678.1621704101562},{"identifier":"68536579","top":22876.095703125,"bottom":23522.744384765625,"right":264.2162170410156,"left":16,"width":248.21621704101562,"height":646.648681640625},{"identifier":"149150","top":23522.744140625,"bottom":24637.054931640625,"right":264.2162170410156,"left":16,"width":248.21621704101562,"height":1114.310791015625},{"identifier":"12698339","top":24637.0546875,"bottom":25546.419555664062,"right":264.2162170410156,"left":16,"width":248.21621704101562,"height":909.3648681640625},{"identifier":"40079019","top":25546.419921875,"bottom":27690.29833984375,"right":264.2162170410156,"left":16,"width":248.21621704101562,"height":2143.87841796875},{"identifier":"6787083","top":27690.298828125,"bottom":28737.785400390625,"right":264.2162170410156,"left":16,"width":248.21621704101562,"height":1047.486572265625},{"identifier":"6715476","top":28737.78515625,"bottom":29897.3662109375,"right":264.2162170410156,"left":16,"width":248.21621704101562,"height":1159.5810546875},{"identifier":"8726353","top":29897.365234375,"bottom":30501.878784179688,"right":264.2162170410156,"left":16,"width":248.21621704101562,"height":604.5135498046875},{"identifier":"11270819","top":30501.87890625,"bottom":32345.568115234375,"right":264.2162170410156,"left":16,"width":248.21621704101562,"height":1843.689208984375},{"identifier":"149080","top":32345.568359375,"bottom":33257.04138183594,"right":264.2162170410156,"left":16,"width":248.21621704101562,"height":911.4730224609375},{"identifier":"60877747","top":33257.04296875,"bottom":33780.71862792969,"right":264.2162170410156,"left":16,"width":248.21621704101562,"height":523.6756591796875},{"identifier":"1323064","top":33780.71875,"bottom":35696.17822265625,"right":264.2162170410156,"left":16,"width":248.21621704101562,"height":1915.45947265625},{"identifier":"10168573","top":35696.17578125,"bottom":36615.12176513672,"right":264.2162170410156,"left":16,"width":248.21621704101562,"height":918.9459838867188},{"identifier":"9327950","top":36615.12109375,"bottom":37305.90490722656,"right":264.2162170410156,"left":16,"width":248.21621704101562,"height":690.7838134765625},{"identifier":"149120","top":37305.90625,"bottom":38046.86572265625,"right":264.2162170410156,"left":16,"width":248.21621704101562,"height":740.95947265625},{"identifier":"12698442","top":38046.8671875,"bottom":38581.623962402344,"right":264.2162170410156,"left":16,"width":248.21621704101562,"height":534.7567749023438},{"identifier":"3284302","top":38581.62109375,"bottom":40018.16162109375,"right":264.2162170410156,"left":16,"width":248.21621704101562,"height":1436.54052734375},{"identifier":"14735423","top":40018.1640625,"bottom":41211.09655761719,"right":264.2162170410156,"left":16,"width":248.21621704101562,"height":1192.9324951171875},{"identifier":"54274936","top":41211.09375,"bottom":41774.59375,"right":264.2162170410156,"left":16,"width":248.21621704101562,"height":563.5},{"identifier":"23717185","top":41774.59375,"bottom":46074.22900390625,"right":264.2162170410156,"left":16,"width":248.21621704101562,"height":4299.63525390625}]}},{"timestamp":"2022-11-11T16:34:30.537Z","url":"https://stackoverflow.com/questions/149055/how-to-format-numbers-as-currency-strings","component":"page","action":"scroll","data":{"viewport":{"x":12.108108520507812,"y":2013.4053955078125,"height":679,"width":295},"document":{"height":50784,"width":292},"question":{"identifier":"149055","top":-1849.9730224609375,"bottom":-79.7027587890625,"right":252.10810899734497,"left":3.8918919563293457,"width":248.21621704101562,"height":1770.270263671875},"answers":[{"identifier":"16233919","top":37.58108139038086,"bottom":3349.391872406006,"right":252.10810899734497,"left":3.8918919563293457,"width":248.21621704101562,"height":3311.810791015625},{"identifier":"149099","top":3349.39208984375,"bottom":7258.4326171875,"right":252.10810899734497,"left":3.8918919563293457,"width":248.21621704101562,"height":3909.04052734375},{"identifier":"14428340","top":7258.4326171875,"bottom":10651.081298828125,"right":252.10810899734497,"left":3.8918919563293457,"width":248.21621704101562,"height":3392.648681640625},{"identifier":"149107","top":10651.0810546875,"bottom":12930.45947265625,"right":252.10810899734497,"left":3.8918919563293457,"width":248.21621704101562,"height":2279.37841796875},{"identifier":"2866613","top":12930.4599609375,"bottom":15791.108642578125,"right":252.10810899734497,"left":3.8918919563293457,"width":248.21621704101562,"height":2860.648681640625},{"identifier":"26745078","top":15791.1083984375,"bottom":16992.013793945312,"right":252.10810899734497,"left":3.8918919563293457,"width":248.21621704101562,"height":1200.9053955078125},{"identifier":"7266497","top":16992.013671875,"bottom":18042.2705078125,"right":252.10810899734497,"left":3.8918919563293457,"width":248.21621704101562,"height":1050.2568359375},{"identifier":"9318724","top":18042.271484375,"bottom":19357.31201171875,"right":252.10810899734497,"left":3.8918919563293457,"width":248.21621704101562,"height":1315.04052734375},{"identifier":"5342097","top":19357.310546875,"bottom":20692.499755859375,"right":252.10810899734497,"left":3.8918919563293457,"width":248.21621704101562,"height":1335.189208984375},{"identifier":"18994850","top":20692.5,"bottom":22197.932495117188,"right":252.10810899734497,"left":3.8918919563293457,"width":248.21621704101562,"height":1505.4324951171875},{"identifier":"9318723","top":22197.93359375,"bottom":22876.095764160156,"right":252.10810899734497,"left":3.8918919563293457,"width":248.21621704101562,"height":678.1621704101562},{"identifier":"68536579","top":22876.095703125,"bottom":23522.744384765625,"right":252.10810899734497,"left":3.8918919563293457,"width":248.21621704101562,"height":646.648681640625},{"identifier":"149150","top":23522.744140625,"bottom":24637.054931640625,"right":252.10810899734497,"left":3.8918919563293457,"width":248.21621704101562,"height":1114.310791015625},{"identifier":"12698339","top":24637.0546875,"bottom":25546.419555664062,"right":252.10810899734497,"left":3.8918919563293457,"width":248.21621704101562,"height":909.3648681640625},{"identifier":"40079019","top":25546.419921875,"bottom":27690.29833984375,"right":252.10810899734497,"left":3.8918919563293457,"width":248.21621704101562,"height":2143.87841796875},{"identifier":"6787083","top":27690.298828125,"bottom":28737.785400390625,"right":252.10810899734497,"left":3.8918919563293457,"width":248.21621704101562,"height":1047.486572265625},{"identifier":"6715476","top":28737.78515625,"bottom":29897.3662109375,"right":252.10810899734497,"left":3.8918919563293457,"width":248.21621704101562,"height":1159.5810546875},{"identifier":"8726353","top":29897.365234375,"bottom":30501.878784179688,"right":252.10810899734497,"left":3.8918919563293457,"width":248.21621704101562,"height":604.5135498046875},{"identifier":"11270819","top":30501.87890625,"bottom":32345.568115234375,"right":252.10810899734497,"left":3.8918919563293457,"width":248.21621704101562,"height":1843.689208984375},{"identifier":"149080","top":32345.568359375,"bottom":33257.04138183594,"right":252.10810899734497,"left":3.8918919563293457,"width":248.21621704101562,"height":911.4730224609375},{"identifier":"60877747","top":33257.04296875,"bottom":33780.71862792969,"right":252.10810899734497,"left":3.8918919563293457,"width":248.21621704101562,"height":523.6756591796875},{"identifier":"1323064","top":33780.71875,"bottom":35696.17822265625,"right":252.10810899734497,"left":3.8918919563293457,"width":248.21621704101562,"height":1915.45947265625},{"identifier":"10168573","top":35696.17578125,"bottom":36615.12176513672,"right":252.10810899734497,"left":3.8918919563293457,"width":248.21621704101562,"height":918.9459838867188},{"identifier":"9327950","top":36615.12109375,"bottom":37305.90490722656,"right":252.10810899734497,"left":3.8918919563293457,"width":248.21621704101562,"height":690.7838134765625},{"identifier":"149120","top":37305.90625,"bottom":38046.86572265625,"right":252.10810899734497,"left":3.8918919563293457,"width":248.21621704101562,"height":740.95947265625},{"identifier":"12698442","top":38046.8671875,"bottom":38581.623962402344,"right":252.10810899734497,"left":3.8918919563293457,"width":248.21621704101562,"height":534.7567749023438},{"identifier":"3284302","top":38581.62109375,"bottom":40018.16162109375,"right":252.10810899734497,"left":3.8918919563293457,"width":248.21621704101562,"height":1436.54052734375},{"identifier":"14735423","top":40018.1640625,"bottom":41211.09655761719,"right":252.10810899734497,"left":3.8918919563293457,"width":248.21621704101562,"height":1192.9324951171875},{"identifier":"54274936","top":41211.09375,"bottom":41774.59375,"right":252.10810899734497,"left":3.8918919563293457,"width":248.21621704101562,"height":563.5},{"identifier":"23717185","top":41774.59375,"bottom":46074.22900390625,"right":252.10810899734497,"left":3.8918919563293457,"width":248.21621704101562,"height":4299.63525390625}]}},{"timestamp":"2022-11-11T16:34:31.563Z","url":"https://stackoverflow.com/questions/149055/how-to-format-numbers-as-currency-strings","component":"page","action":"selection","data":"style: 'currency',\n  currency: 'USD',\n\n  // These options are needed to round to whole numbers if that's what you want.\n  //minimumFractionDigits: 0, // (this suffices for whole numbers, but will print 2500.10 as $2,500.1)\n  //maximumFractionDigits: 0, // (causes 2500.99 to be printed as $2,501)\n});\n\nconsole.log(formatter.format(2500)); /* $2,500.00 */\n"},{"timestamp":"2022-11-11T16:34:31.642Z","url":"https://stackoverflow.com/questions/149055/how-to-format-numbers-as-currency-strings","component":"page","action":"copy","data":"style: 'currency',\n  currency: 'USD',\n\n  // These options are needed to round to whole numbers if that's what you want.\n  //minimumFractionDigits: 0, // (this suffices for whole numbers, but will print 2500.10 as $2,500.1)\n  //maximumFractionDigits: 0, // (causes 2500.99 to be printed as $2,501)\n});\n\nconsole.log(formatter.format(2500)); /* $2,500.00 */\n"},{"timestamp":"2022-11-11T16:36:00.166Z","url":"https://stackoverflow.com/questions/149055/how-to-format-numbers-as-currency-strings","component":"page","action":"scroll","data":{"viewport":{"x":12.108108520507812,"y":2119.78369140625,"height":679,"width":295},"document":{"height":50784,"width":292},"question":{"identifier":"149055","top":-1956.3514404296875,"bottom":-186.0811767578125,"right":252.10810899734497,"left":3.8918919563293457,"width":248.21621704101562,"height":1770.270263671875},"answers":[{"identifier":"16233919","top":-68.79730224609375,"bottom":3243.0134887695312,"right":252.10810899734497,"left":3.8918919563293457,"width":248.21621704101562,"height":3311.810791015625},{"identifier":"149099","top":3243.013671875,"bottom":7152.05419921875,"right":252.10810899734497,"left":3.8918919563293457,"width":248.21621704101562,"height":3909.04052734375},{"identifier":"14428340","top":7152.05419921875,"bottom":10544.702880859375,"right":252.10810899734497,"left":3.8918919563293457,"width":248.21621704101562,"height":3392.648681640625},{"identifier":"149107","top":10544.703125,"bottom":12824.08154296875,"right":252.10810899734497,"left":3.8918919563293457,"width":248.21621704101562,"height":2279.37841796875},{"identifier":"2866613","top":12824.0810546875,"bottom":15684.729736328125,"right":252.10810899734497,"left":3.8918919563293457,"width":248.21621704101562,"height":2860.648681640625},{"identifier":"26745078","top":15684.73046875,"bottom":16885.635864257812,"right":252.10810899734497,"left":3.8918919563293457,"width":248.21621704101562,"height":1200.9053955078125},{"identifier":"7266497","top":16885.634765625,"bottom":17935.8916015625,"right":252.10810899734497,"left":3.8918919563293457,"width":248.21621704101562,"height":1050.2568359375},{"identifier":"9318724","top":17935.892578125,"bottom":19250.93310546875,"right":252.10810899734497,"left":3.8918919563293457,"width":248.21621704101562,"height":1315.04052734375},{"identifier":"5342097","top":19250.93359375,"bottom":20586.122802734375,"right":252.10810899734497,"left":3.8918919563293457,"width":248.21621704101562,"height":1335.189208984375},{"identifier":"18994850","top":20586.123046875,"bottom":22091.555541992188,"right":252.10810899734497,"left":3.8918919563293457,"width":248.21621704101562,"height":1505.4324951171875},{"identifier":"9318723","top":22091.5546875,"bottom":22769.716857910156,"right":252.10810899734497,"left":3.8918919563293457,"width":248.21621704101562,"height":678.1621704101562},{"identifier":"68536579","top":22769.716796875,"bottom":23416.365478515625,"right":252.10810899734497,"left":3.8918919563293457,"width":248.21621704101562,"height":646.648681640625},{"identifier":"149150","top":23416.365234375,"bottom":24530.676025390625,"right":252.10810899734497,"left":3.8918919563293457,"width":248.21621704101562,"height":1114.310791015625},{"identifier":"12698339","top":24530.67578125,"bottom":25440.040649414062,"right":252.10810899734497,"left":3.8918919563293457,"width":248.21621704101562,"height":909.3648681640625},{"identifier":"40079019","top":25440.041015625,"bottom":27583.91943359375,"right":252.10810899734497,"left":3.8918919563293457,"width":248.21621704101562,"height":2143.87841796875},{"identifier":"6787083","top":27583.919921875,"bottom":28631.406494140625,"right":252.10810899734497,"left":3.8918919563293457,"width":248.21621704101562,"height":1047.486572265625},{"identifier":"6715476","top":28631.40625,"bottom":29790.9873046875,"right":252.10810899734497,"left":3.8918919563293457,"width":248.21621704101562,"height":1159.5810546875},{"identifier":"8726353","top":29790.986328125,"bottom":30395.499877929688,"right":252.10810899734497,"left":3.8918919563293457,"width":248.21621704101562,"height":604.5135498046875},{"identifier":"11270819","top":30395.5,"bottom":32239.189208984375,"right":252.10810899734497,"left":3.8918919563293457,"width":248.21621704101562,"height":1843.689208984375},{"identifier":"149080","top":32239.189453125,"bottom":33150.66247558594,"right":252.10810899734497,"left":3.8918919563293457,"width":248.21621704101562,"height":911.4730224609375},{"identifier":"60877747","top":33150.6640625,"bottom":33674.33972167969,"right":252.10810899734497,"left":3.8918919563293457,"width":248.21621704101562,"height":523.6756591796875},{"identifier":"1323064","top":33674.33984375,"bottom":35589.79931640625,"right":252.10810899734497,"left":3.8918919563293457,"width":248.21621704101562,"height":1915.45947265625},{"identifier":"10168573","top":35589.796875,"bottom":36508.74285888672,"right":252.10810899734497,"left":3.8918919563293457,"width":248.21621704101562,"height":918.9459838867188},{"identifier":"9327950","top":36508.7421875,"bottom":37199.52600097656,"right":252.10810899734497,"left":3.8918919563293457,"width":248.21621704101562,"height":690.7838134765625},{"identifier":"149120","top":37199.52734375,"bottom":37940.48681640625,"right":252.10810899734497,"left":3.8918919563293457,"width":248.21621704101562,"height":740.95947265625},{"identifier":"12698442","top":37940.48828125,"bottom":38475.245056152344,"right":252.10810899734497,"left":3.8918919563293457,"width":248.21621704101562,"height":534.7567749023438},{"identifier":"3284302","top":38475.24609375,"bottom":39911.78662109375,"right":252.10810899734497,"left":3.8918919563293457,"width":248.21621704101562,"height":1436.54052734375},{"identifier":"14735423","top":39911.78515625,"bottom":41104.71765136719,"right":252.10810899734497,"left":3.8918919563293457,"width":248.21621704101562,"height":1192.9324951171875},{"identifier":"54274936","top":41104.71875,"bottom":41668.21875,"right":252.10810899734497,"left":3.8918919563293457,"width":248.21621704101562,"height":563.5},{"identifier":"23717185","top":41668.21875,"bottom":45967.85400390625,"right":252.10810899734497,"left":3.8918919563293457,"width":248.21621704101562,"height":4299.63525390625}]}},{"timestamp":"2022-11-11T16:36:00.904Z","url":"https://stackoverflow.com/questions/149055/how-to-format-numbers-as-currency-strings","component":"page","action":"scroll","data":{"viewport":{"x":12.108108520507812,"y":1748.7567138671875,"height":679,"width":295},"document":{"height":50784,"width":292},"question":{"identifier":"149055","top":-1585.3243408203125,"bottom":184.9459228515625,"right":252.10810899734497,"left":3.8918919563293457,"width":248.21621704101562,"height":1770.270263671875},"answers":[{"identifier":"16233919","top":302.229736328125,"bottom":3614.04052734375,"right":252.10810899734497,"left":3.8918919563293457,"width":248.21621704101562,"height":3311.810791015625},{"identifier":"149099","top":3614.04052734375,"bottom":7523.0810546875,"right":252.10810899734497,"left":3.8918919563293457,"width":248.21621704101562,"height":3909.04052734375},{"identifier":"14428340","top":7523.0810546875,"bottom":10915.729736328125,"right":252.10810899734497,"left":3.8918919563293457,"width":248.21621704101562,"height":3392.648681640625},{"identifier":"149107","top":10915.73046875,"bottom":13195.10888671875,"right":252.10810899734497,"left":3.8918919563293457,"width":248.21621704101562,"height":2279.37841796875},{"identifier":"2866613","top":13195.1083984375,"bottom":16055.757080078125,"right":252.10810899734497,"left":3.8918919563293457,"width":248.21621704101562,"height":2860.648681640625},{"identifier":"26745078","top":16055.7568359375,"bottom":17256.662231445312,"right":252.10810899734497,"left":3.8918919563293457,"width":248.21621704101562,"height":1200.9053955078125},{"identifier":"7266497","top":17256.662109375,"bottom":18306.9189453125,"right":252.10810899734497,"left":3.8918919563293457,"width":248.21621704101562,"height":1050.2568359375},{"identifier":"9318724","top":18306.919921875,"bottom":19621.96044921875,"right":252.10810899734497,"left":3.8918919563293457,"width":248.21621704101562,"height":1315.04052734375},{"identifier":"5342097","top":19621.958984375,"bottom":20957.148193359375,"right":252.10810899734497,"left":3.8918919563293457,"width":248.21621704101562,"height":1335.189208984375},{"identifier":"18994850","top":20957.1484375,"bottom":22462.580932617188,"right":252.10810899734497,"left":3.8918919563293457,"width":248.21621704101562,"height":1505.4324951171875},{"identifier":"9318723","top":22462.58203125,"bottom":23140.744201660156,"right":252.10810899734497,"left":3.8918919563293457,"width":248.21621704101562,"height":678.1621704101562},{"identifier":"68536579","top":23140.744140625,"bottom":23787.392822265625,"right":252.10810899734497,"left":3.8918919563293457,"width":248.21621704101562,"height":646.648681640625},{"identifier":"149150","top":23787.392578125,"bottom":24901.703369140625,"right":252.10810899734497,"left":3.8918919563293457,"width":248.21621704101562,"height":1114.310791015625},{"identifier":"12698339","top":24901.703125,"bottom":25811.067993164062,"right":252.10810899734497,"left":3.8918919563293457,"width":248.21621704101562,"height":909.3648681640625},{"identifier":"40079019","top":25811.068359375,"bottom":27954.94677734375,"right":252.10810899734497,"left":3.8918919563293457,"width":248.21621704101562,"height":2143.87841796875},{"identifier":"6787083","top":27954.947265625,"bottom":29002.433837890625,"right":252.10810899734497,"left":3.8918919563293457,"width":248.21621704101562,"height":1047.486572265625},{"identifier":"6715476","top":29002.43359375,"bottom":30162.0146484375,"right":252.10810899734497,"left":3.8918919563293457,"width":248.21621704101562,"height":1159.5810546875},{"identifier":"8726353","top":30162.013671875,"bottom":30766.527221679688,"right":252.10810899734497,"left":3.8918919563293457,"width":248.21621704101562,"height":604.5135498046875},{"identifier":"11270819","top":30766.52734375,"bottom":32610.216552734375,"right":252.10810899734497,"left":3.8918919563293457,"width":248.21621704101562,"height":1843.689208984375},{"identifier":"149080","top":32610.216796875,"bottom":33521.68981933594,"right":252.10810899734497,"left":3.8918919563293457,"width":248.21621704101562,"height":911.4730224609375},{"identifier":"60877747","top":33521.69140625,"bottom":34045.36706542969,"right":252.10810899734497,"left":3.8918919563293457,"width":248.21621704101562,"height":523.6756591796875},{"identifier":"1323064","top":34045.3671875,"bottom":35960.82666015625,"right":252.10810899734497,"left":3.8918919563293457,"width":248.21621704101562,"height":1915.45947265625},{"identifier":"10168573","top":35960.82421875,"bottom":36879.77020263672,"right":252.10810899734497,"left":3.8918919563293457,"width":248.21621704101562,"height":918.9459838867188},{"identifier":"9327950","top":36879.76953125,"bottom":37570.55334472656,"right":252.10810899734497,"left":3.8918919563293457,"width":248.21621704101562,"height":690.7838134765625},{"identifier":"149120","top":37570.5546875,"bottom":38311.51416015625,"right":252.10810899734497,"left":3.8918919563293457,"width":248.21621704101562,"height":740.95947265625},{"identifier":"12698442","top":38311.515625,"bottom":38846.272399902344,"right":252.10810899734497,"left":3.8918919563293457,"width":248.21621704101562,"height":534.7567749023438},{"identifier":"3284302","top":38846.26953125,"bottom":40282.81005859375,"right":252.10810899734497,"left":3.8918919563293457,"width":248.21621704101562,"height":1436.54052734375},{"identifier":"14735423","top":40282.8125,"bottom":41475.74499511719,"right":252.10810899734497,"left":3.8918919563293457,"width":248.21621704101562,"height":1192.9324951171875},{"identifier":"54274936","top":41475.74609375,"bottom":42039.24609375,"right":252.10810899734497,"left":3.8918919563293457,"width":248.21621704101562,"height":563.5},{"identifier":"23717185","top":42039.24609375,"bottom":46338.88134765625,"right":252.10810899734497,"left":3.8918919563293457,"width":248.21621704101562,"height":4299.63525390625}]}},{"timestamp":"2022-11-11T16:36:01.150Z","url":"https://stackoverflow.com/questions/149055/how-to-format-numbers-as-currency-strings","component":"page","action":"close"},{"timestamp":"2022-11-11T16:36:01.554Z","url":"https://stackoverflow.com/questions/149055/how-to-format-numbers-as-currency-strings","component":"projection","action":"mouseenter"},{"timestamp":"2022-11-11T16:36:01.712Z","url":"https://stackoverflow.com/questions/149055/how-to-format-numbers-as-currency-strings","component":"projection","action":"mouseleave"},{"timestamp":"2022-11-11T16:36:01.729Z","url":"https://stackoverflow.com/questions/149055/how-to-format-numbers-as-currency-strings/5681208","component":"projection","action":"mouseenter"},{"timestamp":"2022-11-11T16:36:02.321Z","url":"https://stackoverflow.com/questions/149055/how-to-format-numbers-as-currency-strings/5681208","component":"projection","action":"mouseleave"},{"timestamp":"2022-11-11T16:36:02.328Z","url":"https://stackoverflow.com/questions/4022171/how-do-i-print-currency-format-in-javascript","component":"projection","action":"mouseenter"},{"timestamp":"2022-11-11T16:36:02.704Z","url":"https://stackoverflow.com/questions/4022171/how-do-i-print-currency-format-in-javascript","component":"projection","action":"mouseleave"},{"timestamp":"2022-11-11T16:36:02.710Z","url":"https://stackoverflow.com/questions/149055/how-to-format-numbers-as-currency-strings/5681208","component":"projection","action":"mouseenter"},{"timestamp":"2022-11-11T16:36:02.980Z","url":"https://stackoverflow.com/questions/149055/how-to-format-numbers-as-currency-strings/5681208","component":"projection","action":"mouseleave"},{"timestamp":"2022-11-11T16:36:02.984Z","url":"https://stackoverflow.com/questions/149055/how-to-format-numbers-as-currency-strings","component":"projection","action":"mouseenter"},{"timestamp":"2022-11-11T16:36:03.279Z","url":"https://stackoverflow.com/questions/149055/how-to-format-numbers-as-currency-strings","component":"projection","action":"mouseleave"},{"timestamp":"2022-11-11T16:36:03.285Z","url":"https://stackoverflow.com/questions/149055/how-to-format-numbers-as-currency-strings/5681208","component":"projection","action":"mouseenter"},{"timestamp":"2022-11-11T16:36:03.766Z","url":"https://stackoverflow.com/questions/149055/how-to-format-numbers-as-currency-strings/5681208","component":"page","action":"open"},{"timestamp":"2022-11-11T16:36:03.798Z","url":"https://stackoverflow.com/questions/149055/how-to-format-numbers-as-currency-strings/5681208","component":"projection","action":"mouseleave"},{"timestamp":"2022-11-11T16:36:04.855Z","url":"https://stackoverflow.com/questions/149055/how-to-format-numbers-as-currency-strings/5681208","component":"page","action":"load"},{"timestamp":"2022-11-11T16:36:55.833Z","url":"https://stackoverflow.com/questions/149055/how-to-format-numbers-as-currency-strings/5681208","component":"page","action":"close"},{"timestamp":"2022-11-11T16:36:56.182Z","url":"https://stackoverflow.com/questions/149055/how-to-format-numbers-as-currency-strings/5681208","component":"projection","action":"mouseenter"},{"timestamp":"2022-11-11T16:36:56.926Z","url":"https://stackoverflow.com/questions/149055/how-to-format-numbers-as-currency-strings/5681208","component":"projection","action":"mouseleave"},{"timestamp":"2022-11-11T16:36:56.932Z","url":"https://stackoverflow.com/questions/4022171/how-do-i-print-currency-format-in-javascript","component":"projection","action":"mouseenter"},{"timestamp":"2022-11-11T16:36:57.319Z","url":"https://stackoverflow.com/questions/4022171/how-do-i-print-currency-format-in-javascript","component":"projection","action":"mouseleave"},{"timestamp":"2022-11-11T16:36:57.325Z","url":"https://stackoverflow.com/questions/64297528/how-to-format-currency-in-javascript","component":"projection","action":"mouseenter"},{"timestamp":"2022-11-11T16:36:57.895Z","url":"https://stackoverflow.com/questions/64297528/how-to-format-currency-in-javascript","component":"page","action":"open"},{"timestamp":"2022-11-11T16:36:57.943Z","url":"https://stackoverflow.com/questions/64297528/how-to-format-currency-in-javascript","component":"projection","action":"mouseleave"},{"timestamp":"2022-11-11T16:36:58.595Z","url":"https://stackoverflow.com/questions/64297528/how-to-format-currency-in-javascript","component":"page","action":"load"},{"timestamp":"2022-11-11T16:37:02.537Z","url":"https://stackoverflow.com/questions/64297528/how-to-format-currency-in-javascript","component":"page","action":"scroll","data":{"viewport":{"x":0,"y":159.1351318359375,"height":679,"width":295},"document":{"height":5617,"width":280},"question":{"identifier":"64297528","top":26.675676345825195,"bottom":1356.5271167755127,"right":264.2162170410156,"left":16,"width":248.21621704101562,"height":1329.8514404296875},"answers":[{"identifier":"64302312","top":1436.810791015625,"bottom":2228.6486206054688,"right":264.2162170410156,"left":16,"width":248.21621704101562,"height":791.8378295898438},{"identifier":"64297598","top":2228.648681640625,"bottom":3086.0135498046875,"right":264.2162170410156,"left":16,"width":248.21621704101562,"height":857.3648681640625}]}},{"timestamp":"2022-11-11T16:37:04.251Z","url":"https://stackoverflow.com/questions/64297528/how-to-format-currency-in-javascript","component":"page","action":"scroll","data":{"viewport":{"x":0,"y":211.8918914794922,"height":679,"width":295},"document":{"height":5617,"width":280},"question":{"identifier":"64297528","top":-26.08108139038086,"bottom":1303.7703590393066,"right":264.2162170410156,"left":16,"width":248.21621704101562,"height":1329.8514404296875},"answers":[{"identifier":"64302312","top":1384.0540771484375,"bottom":2175.8919067382812,"right":264.2162170410156,"left":16,"width":248.21621704101562,"height":791.8378295898438},{"identifier":"64297598","top":2175.891845703125,"bottom":3033.2567138671875,"right":264.2162170410156,"left":16,"width":248.21621704101562,"height":857.3648681640625}]}},{"timestamp":"2022-11-11T16:37:05.354Z","url":"https://stackoverflow.com/questions/64297528/how-to-format-currency-in-javascript","component":"page","action":"scroll","data":{"viewport":{"x":0,"y":264.6486511230469,"height":679,"width":295},"document":{"height":5617,"width":280},"question":{"identifier":"64297528","top":-78.83783721923828,"bottom":1251.0136032104492,"right":264.2162170410156,"left":16,"width":248.21621704101562,"height":1329.8514404296875},"answers":[{"identifier":"64302312","top":1331.29736328125,"bottom":2123.1351928710938,"right":264.2162170410156,"left":16,"width":248.21621704101562,"height":791.8378295898438},{"identifier":"64297598","top":2123.13525390625,"bottom":2980.5001220703125,"right":264.2162170410156,"left":16,"width":248.21621704101562,"height":857.3648681640625}]}},{"timestamp":"2022-11-11T16:37:09.614Z","url":"https://stackoverflow.com/questions/64297528/how-to-format-currency-in-javascript","component":"page","action":"scroll","data":{"viewport":{"x":0,"y":1377.729736328125,"height":679,"width":295},"document":{"height":5617,"width":280},"question":{"identifier":"64297528","top":-1191.9189453125,"bottom":137.9324951171875,"right":264.2162170410156,"left":16,"width":248.21621704101562,"height":1329.8514404296875},"answers":[{"identifier":"64302312","top":218.21621704101562,"bottom":1010.0540466308594,"right":264.2162170410156,"left":16,"width":248.21621704101562,"height":791.8378295898438},{"identifier":"64297598","top":1010.0540771484375,"bottom":1867.4189453125,"right":264.2162170410156,"left":16,"width":248.21621704101562,"height":857.3648681640625}]}},{"timestamp":"2022-11-11T16:37:15.022Z","url":"https://stackoverflow.com/questions/64297528/how-to-format-currency-in-javascript","component":"page","action":"scroll","data":{"viewport":{"x":0,"y":2278.9189453125,"height":679,"width":295},"document":{"height":5617,"width":280},"question":{"identifier":"64297528","top":-2093.108154296875,"bottom":-763.2567138671875,"right":264.2162170410156,"left":16,"width":248.21621704101562,"height":1329.8514404296875},"answers":[{"identifier":"64302312","top":-682.9729614257812,"bottom":108.8648681640625,"right":264.2162170410156,"left":16,"width":248.21621704101562,"height":791.8378295898438},{"identifier":"64297598","top":108.8648681640625,"bottom":966.229736328125,"right":264.2162170410156,"left":16,"width":248.21621704101562,"height":857.3648681640625}]}},{"timestamp":"2022-11-11T16:37:16.031Z","url":"https://stackoverflow.com/questions/64297528/how-to-format-currency-in-javascript","component":"page","action":"close"},{"timestamp":"2022-11-11T16:37:16.376Z","url":"https://stackoverflow.com/questions/4022171/how-do-i-print-currency-format-in-javascript","component":"projection","action":"mouseenter"},{"timestamp":"2022-11-11T16:37:16.425Z","url":"https://stackoverflow.com/questions/4022171/how-do-i-print-currency-format-in-javascript","component":"projection","action":"mouseleave"},{"timestamp":"2022-11-11T16:37:16.429Z","url":"https://stackoverflow.com/questions/64297528/how-to-format-currency-in-javascript","component":"projection","action":"mouseenter"},{"timestamp":"2022-11-11T16:37:16.608Z","url":"https://stackoverflow.com/questions/64297528/how-to-format-currency-in-javascript","component":"projection","action":"mouseleave"},{"timestamp":"2022-11-11T16:37:16.614Z","url":"https://stackoverflow.com/questions/60689698/how-to-format-currency-and-time-in-javascript","component":"projection","action":"mouseenter"},{"timestamp":"2022-11-11T16:37:16.973Z","url":"https://stackoverflow.com/questions/60689698/how-to-format-currency-and-time-in-javascript","component":"projection","action":"mouseleave"},{"timestamp":"2022-11-11T16:37:16.980Z","url":"https://stackoverflow.com/questions/19664926/proper-js-currency-format-with-commas-and-decimals","component":"projection","action":"mouseenter"},{"timestamp":"2022-11-11T16:37:17.694Z","url":"https://stackoverflow.com/questions/19664926/proper-js-currency-format-with-commas-and-decimals","component":"page","action":"open"},{"timestamp":"2022-11-11T16:37:17.727Z","url":"https://stackoverflow.com/questions/19664926/proper-js-currency-format-with-commas-and-decimals","component":"projection","action":"mouseleave"},{"timestamp":"2022-11-11T16:37:18.368Z","url":"https://stackoverflow.com/questions/19664926/proper-js-currency-format-with-commas-and-decimals","component":"page","action":"load"},{"timestamp":"2022-11-11T16:37:21.725Z","url":"https://stackoverflow.com/questions/19664926/proper-js-currency-format-with-commas-and-decimals","component":"page","action":"scroll","data":{"viewport":{"x":0,"y":582.9189453125,"height":679,"width":295},"document":{"height":9509,"width":280},"question":{"identifier":"19664926","top":-388.6486511230469,"bottom":2951.540557861328,"right":264.2162170410156,"left":16,"width":248.21621704101562,"height":3340.189208984375},"answers":[{"identifier":"28378610","top":3031.824462890625,"bottom":4213.6893310546875,"right":264.2162170410156,"left":16,"width":248.21621704101562,"height":1181.8648681640625},{"identifier":"19666740","top":4213.689453125,"bottom":5458.7705078125,"right":264.2162170410156,"left":16,"width":248.21621704101562,"height":1245.0810546875},{"identifier":"19665260","top":5458.7705078125,"bottom":6346.7435302734375,"right":264.2162170410156,"left":16,"width":248.21621704101562,"height":887.9730224609375}]}},{"timestamp":"2022-11-11T16:37:28.593Z","url":"https://stackoverflow.com/questions/19664926/proper-js-currency-format-with-commas-and-decimals","component":"page","action":"close"},{"timestamp":"2022-11-11T16:37:28.957Z","url":"https://stackoverflow.com/questions/64297528/how-to-format-currency-in-javascript","component":"projection","action":"mouseenter"},{"timestamp":"2022-11-11T16:37:29.441Z","url":"https://stackoverflow.com/questions/64297528/how-to-format-currency-in-javascript","component":"projection","action":"mouseleave"},{"timestamp":"2022-11-11T16:37:29.447Z","url":"https://stackoverflow.com/questions/149055/how-to-format-numbers-as-currency-strings","component":"projection","action":"mouseenter"},{"timestamp":"2022-11-11T16:37:30.557Z","url":"https://stackoverflow.com/questions/149055/how-to-format-numbers-as-currency-strings","component":"page","action":"open"},{"timestamp":"2022-11-11T16:37:30.596Z","url":"https://stackoverflow.com/questions/149055/how-to-format-numbers-as-currency-strings","component":"projection","action":"mouseleave"},{"timestamp":"2022-11-11T16:37:31.371Z","url":"https://stackoverflow.com/questions/149055/how-to-format-numbers-as-currency-strings","component":"page","action":"load"},{"timestamp":"2022-11-11T16:37:32.799Z","url":"https://stackoverflow.com/questions/149055/how-to-format-numbers-as-currency-strings","component":"page","action":"scroll","data":{"viewport":{"x":0,"y":159.1351318359375,"height":679,"width":295},"document":{"height":50738,"width":292},"question":{"identifier":"149055","top":4.297297477722168,"bottom":1774.5675611495972,"right":264.2162170410156,"left":16,"width":248.21621704101562,"height":1770.270263671875},"answers":[{"identifier":"16233919","top":1891.8514404296875,"bottom":5203.6622314453125,"right":264.2162170410156,"left":16,"width":248.21621704101562,"height":3311.810791015625},{"identifier":"149099","top":5203.662109375,"bottom":9112.70263671875,"right":264.2162170410156,"left":16,"width":248.21621704101562,"height":3909.04052734375},{"identifier":"14428340","top":9112.703125,"bottom":12505.351806640625,"right":264.2162170410156,"left":16,"width":248.21621704101562,"height":3392.648681640625},{"identifier":"149107","top":12505.3515625,"bottom":14784.72998046875,"right":264.2162170410156,"left":16,"width":248.21621704101562,"height":2279.37841796875},{"identifier":"2866613","top":14784.73046875,"bottom":17645.379150390625,"right":264.2162170410156,"left":16,"width":248.21621704101562,"height":2860.648681640625},{"identifier":"26745078","top":17645.37890625,"bottom":18846.284301757812,"right":264.2162170410156,"left":16,"width":248.21621704101562,"height":1200.9053955078125},{"identifier":"7266497","top":18846.28515625,"bottom":19896.5419921875,"right":264.2162170410156,"left":16,"width":248.21621704101562,"height":1050.2568359375},{"identifier":"9318724","top":19896.541015625,"bottom":21211.58154296875,"right":264.2162170410156,"left":16,"width":248.21621704101562,"height":1315.04052734375},{"identifier":"5342097","top":21211.58203125,"bottom":22546.771240234375,"right":264.2162170410156,"left":16,"width":248.21621704101562,"height":1335.189208984375},{"identifier":"18994850","top":22546.771484375,"bottom":24052.203979492188,"right":264.2162170410156,"left":16,"width":248.21621704101562,"height":1505.4324951171875},{"identifier":"9318723","top":24052.203125,"bottom":24730.365295410156,"right":264.2162170410156,"left":16,"width":248.21621704101562,"height":678.1621704101562},{"identifier":"68536579","top":24730.365234375,"bottom":25377.013916015625,"right":264.2162170410156,"left":16,"width":248.21621704101562,"height":646.648681640625},{"identifier":"149150","top":25377.013671875,"bottom":26491.324462890625,"right":264.2162170410156,"left":16,"width":248.21621704101562,"height":1114.310791015625},{"identifier":"12698339","top":26491.32421875,"bottom":27400.689086914062,"right":264.2162170410156,"left":16,"width":248.21621704101562,"height":909.3648681640625},{"identifier":"40079019","top":27400.689453125,"bottom":29544.56787109375,"right":264.2162170410156,"left":16,"width":248.21621704101562,"height":2143.87841796875},{"identifier":"6787083","top":29544.568359375,"bottom":30592.054931640625,"right":264.2162170410156,"left":16,"width":248.21621704101562,"height":1047.486572265625},{"identifier":"6715476","top":30592.0546875,"bottom":31751.6357421875,"right":264.2162170410156,"left":16,"width":248.21621704101562,"height":1159.5810546875},{"identifier":"8726353","top":31751.63671875,"bottom":32356.150268554688,"right":264.2162170410156,"left":16,"width":248.21621704101562,"height":604.5135498046875},{"identifier":"11270819","top":32356.150390625,"bottom":34199.839599609375,"right":264.2162170410156,"left":16,"width":248.21621704101562,"height":1843.689208984375},{"identifier":"149080","top":34199.83984375,"bottom":35111.31286621094,"right":264.2162170410156,"left":16,"width":248.21621704101562,"height":911.4730224609375},{"identifier":"60877747","top":35111.3125,"bottom":35634.98815917969,"right":264.2162170410156,"left":16,"width":248.21621704101562,"height":523.6756591796875},{"identifier":"1323064","top":35634.98828125,"bottom":37550.44775390625,"right":264.2162170410156,"left":16,"width":248.21621704101562,"height":1915.45947265625},{"identifier":"10168573","top":37550.4453125,"bottom":38469.39129638672,"right":264.2162170410156,"left":16,"width":248.21621704101562,"height":918.9459838867188},{"identifier":"9327950","top":38469.39453125,"bottom":39160.17834472656,"right":264.2162170410156,"left":16,"width":248.21621704101562,"height":690.7838134765625},{"identifier":"149120","top":39160.17578125,"bottom":39901.13525390625,"right":264.2162170410156,"left":16,"width":248.21621704101562,"height":740.95947265625},{"identifier":"12698442","top":39901.13671875,"bottom":40435.893493652344,"right":264.2162170410156,"left":16,"width":248.21621704101562,"height":534.7567749023438},{"identifier":"3284302","top":40435.89453125,"bottom":41872.43505859375,"right":264.2162170410156,"left":16,"width":248.21621704101562,"height":1436.54052734375},{"identifier":"14735423","top":41872.43359375,"bottom":43065.36608886719,"right":264.2162170410156,"left":16,"width":248.21621704101562,"height":1192.9324951171875},{"identifier":"54274936","top":43065.3671875,"bottom":43628.8671875,"right":264.2162170410156,"left":16,"width":248.21621704101562,"height":563.5},{"identifier":"23717185","top":43628.8671875,"bottom":47928.50244140625,"right":264.2162170410156,"left":16,"width":248.21621704101562,"height":4299.63525390625}]}},{"timestamp":"2022-11-11T16:37:41.891Z","url":"https://stackoverflow.com/questions/149055/how-to-format-numbers-as-currency-strings","component":"page","action":"scroll","data":{"viewport":{"x":0,"y":4981.62158203125,"height":679,"width":295},"document":{"height":50738,"width":292},"question":{"identifier":"149055","top":-4818.189453125,"bottom":-3047.919189453125,"right":264.2162170410156,"left":16,"width":248.21621704101562,"height":1770.270263671875},"answers":[{"identifier":"16233919","top":-2930.63525390625,"bottom":381.175537109375,"right":264.2162170410156,"left":16,"width":248.21621704101562,"height":3311.810791015625},{"identifier":"149099","top":381.1756896972656,"bottom":4290.216217041016,"right":264.2162170410156,"left":16,"width":248.21621704101562,"height":3909.04052734375},{"identifier":"14428340","top":4290.21630859375,"bottom":7682.864990234375,"right":264.2162170410156,"left":16,"width":248.21621704101562,"height":3392.648681640625},{"identifier":"149107","top":7682.865234375,"bottom":9962.24365234375,"right":264.2162170410156,"left":16,"width":248.21621704101562,"height":2279.37841796875},{"identifier":"2866613","top":9962.2431640625,"bottom":12822.891845703125,"right":264.2162170410156,"left":16,"width":248.21621704101562,"height":2860.648681640625},{"identifier":"26745078","top":12822.892578125,"bottom":14023.797973632812,"right":264.2162170410156,"left":16,"width":248.21621704101562,"height":1200.9053955078125},{"identifier":"7266497","top":14023.7978515625,"bottom":15074.0546875,"right":264.2162170410156,"left":16,"width":248.21621704101562,"height":1050.2568359375},{"identifier":"9318724","top":15074.0546875,"bottom":16389.09521484375,"right":264.2162170410156,"left":16,"width":248.21621704101562,"height":1315.04052734375},{"identifier":"5342097","top":16389.095703125,"bottom":17724.284912109375,"right":264.2162170410156,"left":16,"width":248.21621704101562,"height":1335.189208984375},{"identifier":"18994850","top":17724.28515625,"bottom":19229.717651367188,"right":264.2162170410156,"left":16,"width":248.21621704101562,"height":1505.4324951171875},{"identifier":"9318723","top":19229.716796875,"bottom":19907.878967285156,"right":264.2162170410156,"left":16,"width":248.21621704101562,"height":678.1621704101562},{"identifier":"68536579","top":19907.87890625,"bottom":20554.527587890625,"right":264.2162170410156,"left":16,"width":248.21621704101562,"height":646.648681640625},{"identifier":"149150","top":20554.52734375,"bottom":21668.838134765625,"right":264.2162170410156,"left":16,"width":248.21621704101562,"height":1114.310791015625},{"identifier":"12698339","top":21668.837890625,"bottom":22578.202758789062,"right":264.2162170410156,"left":16,"width":248.21621704101562,"height":909.3648681640625},{"identifier":"40079019","top":22578.203125,"bottom":24722.08154296875,"right":264.2162170410156,"left":16,"width":248.21621704101562,"height":2143.87841796875},{"identifier":"6787083","top":24722.08203125,"bottom":25769.568603515625,"right":264.2162170410156,"left":16,"width":248.21621704101562,"height":1047.486572265625},{"identifier":"6715476","top":25769.568359375,"bottom":26929.1494140625,"right":264.2162170410156,"left":16,"width":248.21621704101562,"height":1159.5810546875},{"identifier":"8726353","top":26929.1484375,"bottom":27533.661987304688,"right":264.2162170410156,"left":16,"width":248.21621704101562,"height":604.5135498046875},{"identifier":"11270819","top":27533.662109375,"bottom":29377.351318359375,"right":264.2162170410156,"left":16,"width":248.21621704101562,"height":1843.689208984375},{"identifier":"149080","top":29377.3515625,"bottom":30288.824584960938,"right":264.2162170410156,"left":16,"width":248.21621704101562,"height":911.4730224609375},{"identifier":"60877747","top":30288.82421875,"bottom":30812.499877929688,"right":264.2162170410156,"left":16,"width":248.21621704101562,"height":523.6756591796875},{"identifier":"1323064","top":30812.5,"bottom":32727.95947265625,"right":264.2162170410156,"left":16,"width":248.21621704101562,"height":1915.45947265625},{"identifier":"10168573","top":32727.9609375,"bottom":33646.90692138672,"right":264.2162170410156,"left":16,"width":248.21621704101562,"height":918.9459838867188},{"identifier":"9327950","top":33646.90625,"bottom":34337.69006347656,"right":264.2162170410156,"left":16,"width":248.21621704101562,"height":690.7838134765625},{"identifier":"149120","top":34337.69140625,"bottom":35078.65087890625,"right":264.2162170410156,"left":16,"width":248.21621704101562,"height":740.95947265625},{"identifier":"12698442","top":35078.6484375,"bottom":35613.405212402344,"right":264.2162170410156,"left":16,"width":248.21621704101562,"height":534.7567749023438},{"identifier":"3284302","top":35613.40625,"bottom":37049.94677734375,"right":264.2162170410156,"left":16,"width":248.21621704101562,"height":1436.54052734375},{"identifier":"14735423","top":37049.9453125,"bottom":38242.87780761719,"right":264.2162170410156,"left":16,"width":248.21621704101562,"height":1192.9324951171875},{"identifier":"54274936","top":38242.87890625,"bottom":38806.37890625,"right":264.2162170410156,"left":16,"width":248.21621704101562,"height":563.5},{"identifier":"23717185","top":38806.37890625,"bottom":43106.01416015625,"right":264.2162170410156,"left":16,"width":248.21621704101562,"height":4299.63525390625}]}},{"timestamp":"2022-11-11T16:37:47.929Z","url":"https://stackoverflow.com/questions/149055/how-to-format-numbers-as-currency-strings","component":"page","action":"close"},{"timestamp":"2022-11-11T16:37:49.309Z","url":"https://stackoverflow.com/questions/149055/how-to-format-numbers-as-currency-strings","component":"projection","action":"mouseenter"},{"timestamp":"2022-11-11T16:37:49.376Z","url":"https://stackoverflow.com/questions/149055/how-to-format-numbers-as-currency-strings","component":"projection","action":"mouseleave"},{"timestamp":"2022-11-11T16:38:00.369Z","url":"https://stackoverflow.com/questions/149055/how-to-format-numbers-as-currency-strings","component":"projection","action":"mouseenter"},{"timestamp":"2022-11-11T16:38:00.476Z","url":"https://stackoverflow.com/questions/149055/how-to-format-numbers-as-currency-strings","component":"projection","action":"mouseleave"}]}]}