{"trialId":"55264_3","taskId":"tutorial","appEvents":[{"timestamp":"2022-11-11T16:21:44.093Z","name":"search","data":"search-start"},{"timestamp":"2022-11-11T16:21:49.263Z","name":"search","data":"search-done"},{"timestamp":"2022-11-11T16:25:47.814Z","name":"resize","data":{"height":0,"width":0}},{"timestamp":"2022-11-11T16:26:15.972Z","name":"resize","data":{"height":739,"width":299}}],"searches":[{"keywords":["sum","object","property","array"],"context":{"tokens":[{"kind":"language","value":"javascript"}]},"timestamp":"2022-11-11T16:21:44.092Z","results":[{"signatures":[{"answerKeywords":["array","array","array","sum","object","object","array"],"answerWordCount":2463,"text":"T[].reduce(function): T","parentType":"T[]","name":"reduce","arguments":[{"name":"callbackfn:(previousValue:T,currentValue:T,currentIndex:number,array:T[])=>T","type":"(previousValue: T, currentValue: T, currentIndex: number, array: T[]) => T"}],"returnType":"T","usage":"var val = array.reduce(function(previousValue, currentValue) {\n  return {\n    adults: previousValue.adults + currentValue.adults,\n    children: previousValue.children + currentValue.children\n  }\n});","definition":"var array = [{\n  \"adults\": 2,\n  \"children\": 3\n}, {\n  \"adults\": 2,\n  \"children\": 1\n}];","source":"var array = [{\n  \"adults\": 2,\n  \"children\": 3\n}, {\n  \"adults\": 2,\n  \"children\": 1\n}];\n\nvar val = array.reduce(function(previousValue, currentValue) {\n  return {\n    adults: previousValue.adults + currentValue.adults,\n    children: previousValue.children + currentValue.children\n  }\n});\nconsole.log(val);","answerId":"35480841","answerUrl":"https://stackoverflow.com/a/35480841","voteCount":31,"isAccepted":false,"lastModified":"2019-07-23T07:21:10.000Z"},{"answerKeywords":["array","array"],"answerWordCount":914,"text":"T[].reduce(function, U): U","parentType":"T[]","name":"reduce","arguments":[{"name":"callbackfn:(previousValue:U,currentValue:T,currentIndex:number,array:T[])=>U","type":"(previousValue: U, currentValue: T, currentIndex: number, array: T[]) => U"},{"name":"initialValue:U","type":"U"}],"returnType":"U","usage":"var totalChild = array.reduce((accum,item) => accum + item.children, 0)","definition":"var array = [{\"adults\":2,\"children\":3},{\"adults\":2,\"children\":1}];","source":" \n\nvar array = [{\"adults\":2,\"children\":3},{\"adults\":2,\"children\":1}];\n\nvar totalChild = array.reduce((accum,item) => accum + item.children, 0)\n\nconsole.log(totalChild) //output 4","answerId":"59730051","answerUrl":"https://stackoverflow.com/a/59730051","voteCount":24,"isAccepted":false,"lastModified":"2022-01-27T11:37:17.000Z"},{"answerKeywords":["property","sum","sum"],"answerWordCount":1070,"text":"reduce(function, number)","name":"reduce","arguments":[{"type":"(acc: any, curr: any) => any"},{"type":"number"}],"returnType":"any","usage":"reduce((acc, curr) => acc + curr.property, 0)","definition":"","source":".reduce((acc, curr) => acc + curr.property, 0)\n\narr = [{x:1, y:-1}, {x:2, y:-2}, {x:3, y:-3}];\n\nx_sum = arr.reduce((acc, curr) => acc + curr.x, 0); // 6\ny_sum = arr.reduce((acc, curr) => acc + curr.y, 0); // -6\n","answerId":"60381611","answerUrl":"https://stackoverflow.com/a/60381611","voteCount":7,"isAccepted":false,"lastModified":"2020-02-24T18:04:11.000Z"},{"answerKeywords":["property","sum","sum"],"answerWordCount":1070,"text":"reduce(function, number)","parentType":"any","name":"reduce","arguments":[{"type":"(acc: any, curr: any) => any"},{"type":"number"}],"returnType":"any","usage":"arr.reduce((acc, curr) => acc + curr.x, 0)","definition":"","source":".reduce((acc, curr) => acc + curr.property, 0)\n\narr = [{x:1, y:-1}, {x:2, y:-2}, {x:3, y:-3}];\n\nx_sum = arr.reduce((acc, curr) => acc + curr.x, 0); // 6\ny_sum = arr.reduce((acc, curr) => acc + curr.y, 0); // -6\n","answerId":"60381611","answerUrl":"https://stackoverflow.com/a/60381611","voteCount":7,"isAccepted":false,"lastModified":"2020-02-24T18:04:11.000Z"},{"answerKeywords":["property","sum","sum"],"answerWordCount":1070,"text":"reduce(function, number)","parentType":"any","name":"reduce","arguments":[{"type":"(acc: any, curr: any) => any"},{"type":"number"}],"returnType":"any","usage":"arr.reduce((acc, curr) => acc + curr.y, 0)","definition":"","source":".reduce((acc, curr) => acc + curr.property, 0)\n\narr = [{x:1, y:-1}, {x:2, y:-2}, {x:3, y:-3}];\n\nx_sum = arr.reduce((acc, curr) => acc + curr.x, 0); // 6\ny_sum = arr.reduce((acc, curr) => acc + curr.y, 0); // -6\n","answerId":"60381611","answerUrl":"https://stackoverflow.com/a/60381611","voteCount":7,"isAccepted":false,"lastModified":"2020-02-24T18:04:11.000Z"},{"answerKeywords":["array","property","property","property","array","array","array","array","array"],"answerWordCount":902,"text":"count(object[], string)","parentType":"any","name":"count","arguments":[{"name":"array","type":"{ adults: number; children: number; }[]"},{"name":"key","type":"string"}],"returnType":"any","usage":"var array = [{ \"adults\": 2, \"children\": 3 }, { \"adults\": 2, \"children\": 2 }],\n    adults = count(array, 'adults'),\n    children = count(array, 'children');","definition":"function count(array, key) {\n    return array.reduce(function (r, a) {\n        return r + a[key];\n    }, 0);\n}","source":"function count(array, key) {\n    return array.reduce(function (r, a) {\n        return r + a[key];\n    }, 0);\n}\n\nvar array = [{ \"adults\": 2, \"children\": 3 }, { \"adults\": 2, \"children\": 2 }],\n    adults = count(array, 'adults'),\n    children = count(array, 'children');\n\ndocument.write('Adults: ' + adults + '<br>');\ndocument.write('Children: ' + children + '<br>');","answerId":"35480989","answerUrl":"https://stackoverflow.com/a/35480989","voteCount":2,"isAccepted":false,"lastModified":"2016-02-18T12:03:51.000Z"},{"answerKeywords":["array","property","property","property","array","array","array","array","array"],"answerWordCount":902,"text":"count(object[], string)","parentType":"any","name":"count","arguments":[{"name":"array","type":"{ adults: number; children: number; }[]"},{"name":"key","type":"string"}],"returnType":"any","usage":"var array = [{ \"adults\": 2, \"children\": 3 }, { \"adults\": 2, \"children\": 2 }],\n    adults = count(array, 'adults'),\n    children = count(array, 'children');","definition":"function count(array, key) {\n    return array.reduce(function (r, a) {\n        return r + a[key];\n    }, 0);\n}","source":"function count(array, key) {\n    return array.reduce(function (r, a) {\n        return r + a[key];\n    }, 0);\n}\n\nvar array = [{ \"adults\": 2, \"children\": 3 }, { \"adults\": 2, \"children\": 2 }],\n    adults = count(array, 'adults'),\n    children = count(array, 'children');\n\ndocument.write('Adults: ' + adults + '<br>');\ndocument.write('Children: ' + children + '<br>');","answerId":"35480989","answerUrl":"https://stackoverflow.com/a/35480989","voteCount":2,"isAccepted":false,"lastModified":"2016-02-18T12:03:51.000Z"},{"answerKeywords":["array","property","property","property","array","array","array","array","array"],"answerWordCount":902,"text":"Document.write(string[]): void","parentType":"Document","name":"write","arguments":[{"name":"...text:string[]","type":"string[]"}],"returnType":"void","usage":"document.write('Adults: ' + adults + '<br>')","definition":"declare var document:Document;","source":"function count(array, key) {\n    return array.reduce(function (r, a) {\n        return r + a[key];\n    }, 0);\n}\n\nvar array = [{ \"adults\": 2, \"children\": 3 }, { \"adults\": 2, \"children\": 2 }],\n    adults = count(array, 'adults'),\n    children = count(array, 'children');\n\ndocument.write('Adults: ' + adults + '<br>');\ndocument.write('Children: ' + children + '<br>');","answerId":"35480989","answerUrl":"https://stackoverflow.com/a/35480989","voteCount":2,"isAccepted":false,"lastModified":"2016-02-18T12:03:51.000Z"},{"answerKeywords":["array","property","property","property","array","array","array","array","array"],"answerWordCount":902,"text":"Document.write(string[]): void","parentType":"Document","name":"write","arguments":[{"name":"...text:string[]","type":"string[]"}],"returnType":"void","usage":"document.write('Children: ' + children + '<br>')","definition":"declare var document:Document;","source":"function count(array, key) {\n    return array.reduce(function (r, a) {\n        return r + a[key];\n    }, 0);\n}\n\nvar array = [{ \"adults\": 2, \"children\": 3 }, { \"adults\": 2, \"children\": 2 }],\n    adults = count(array, 'adults'),\n    children = count(array, 'children');\n\ndocument.write('Adults: ' + adults + '<br>');\ndocument.write('Children: ' + children + '<br>');","answerId":"35480989","answerUrl":"https://stackoverflow.com/a/35480989","voteCount":2,"isAccepted":false,"lastModified":"2016-02-18T12:03:51.000Z"},{"answerKeywords":["array","sum","sum","sum","array","sum","array","sum"],"answerWordCount":809,"text":"T[].reduce(function): T","parentType":"T[]","name":"reduce","arguments":[{"name":"callbackfn:(previousValue:T,currentValue:T,currentIndex:number,array:T[])=>T","type":"(previousValue: T, currentValue: T, currentIndex: number, array: T[]) => T"}],"returnType":"T","usage":"var adultsCount = array.reduce( sumProps('adults'));","definition":"var array = [{\"adults\":2,\"children\":3},{\"adults\":2,\"children\":1}];","source":"var array = [{\"adults\":2,\"children\":3},{\"adults\":2,\"children\":1}];\nvar sumProps = prop => (sum, obj) => sum += obj[prop];\nvar adultsCount = array.reduce( sumProps('adults'));\nvar childrenCount = array.reduce( sumProps('children'));\n","answerId":"35480862","answerUrl":"https://stackoverflow.com/a/35480862","voteCount":1,"isAccepted":false,"lastModified":"2016-02-18T11:58:58.000Z"},{"answerKeywords":["array","sum","sum","sum","array","sum","array","sum"],"answerWordCount":809,"text":"function.sumProps(string): function","parentType":"(prop: any) => (sum: any, obj: any) => any","name":"sumProps","arguments":[{"name":"prop","type":"string"}],"returnType":"(sum: any, obj: any) => any","usage":"sumProps('adults')","definition":"var sumProps = prop => (sum, obj) => sum += obj[prop];","source":"var array = [{\"adults\":2,\"children\":3},{\"adults\":2,\"children\":1}];\nvar sumProps = prop => (sum, obj) => sum += obj[prop];\nvar adultsCount = array.reduce( sumProps('adults'));\nvar childrenCount = array.reduce( sumProps('children'));\n","answerId":"35480862","answerUrl":"https://stackoverflow.com/a/35480862","voteCount":1,"isAccepted":false,"lastModified":"2016-02-18T11:58:58.000Z"},{"answerKeywords":["array","sum","sum","sum","array","sum","array","sum"],"answerWordCount":809,"text":"T[].reduce(function): T","parentType":"T[]","name":"reduce","arguments":[{"name":"callbackfn:(previousValue:T,currentValue:T,currentIndex:number,array:T[])=>T","type":"(previousValue: T, currentValue: T, currentIndex: number, array: T[]) => T"}],"returnType":"T","usage":"var childrenCount = array.reduce( sumProps('children'));","definition":"var array = [{\"adults\":2,\"children\":3},{\"adults\":2,\"children\":1}];","source":"var array = [{\"adults\":2,\"children\":3},{\"adults\":2,\"children\":1}];\nvar sumProps = prop => (sum, obj) => sum += obj[prop];\nvar adultsCount = array.reduce( sumProps('adults'));\nvar childrenCount = array.reduce( sumProps('children'));\n","answerId":"35480862","answerUrl":"https://stackoverflow.com/a/35480862","voteCount":1,"isAccepted":false,"lastModified":"2016-02-18T11:58:58.000Z"},{"answerKeywords":["array","sum","sum","sum","array","sum","array","sum"],"answerWordCount":809,"text":"function.sumProps(string): function","parentType":"(prop: any) => (sum: any, obj: any) => any","name":"sumProps","arguments":[{"name":"prop","type":"string"}],"returnType":"(sum: any, obj: any) => any","usage":"sumProps('children')","definition":"var sumProps = prop => (sum, obj) => sum += obj[prop];","source":"var array = [{\"adults\":2,\"children\":3},{\"adults\":2,\"children\":1}];\nvar sumProps = prop => (sum, obj) => sum += obj[prop];\nvar adultsCount = array.reduce( sumProps('adults'));\nvar childrenCount = array.reduce( sumProps('children'));\n","answerId":"35480862","answerUrl":"https://stackoverflow.com/a/35480862","voteCount":1,"isAccepted":false,"lastModified":"2016-02-18T11:58:58.000Z"},{"answerKeywords":["sum","array","sum","sum","array","sum","sum","sum","sum"],"answerWordCount":824,"text":"T[].forEach(function): void","parentType":"T[]","name":"forEach","arguments":[{"name":"callbackfn:(value:T,index:number,array:T[])=>void","type":"(value: T, index: number, array: T[]) => void"}],"returnType":"void","usage":"array.forEach(function(obj){\n    adults_sum += obj[\"adults\"];\n    children_sum += obj[\"children\"];\n})","definition":"var array = [{\"adults\":2,\"children\":3},{\"adults\":2,\"children\":1}];","source":"var array = [{\"adults\":2,\"children\":3},{\"adults\":2,\"children\":1}];\nvar adults_sum = 0, children_sum = 0;\n\narray.forEach(function(obj){\n    adults_sum += obj[\"adults\"];\n    children_sum += obj[\"children\"];\n});\n\nconsole.log(adults_sum, children_sum); // 4 4\n","answerId":"35481022","answerUrl":"https://stackoverflow.com/a/35481022","voteCount":0,"isAccepted":false,"lastModified":"2016-02-18T12:05:17.000Z"},{"answerKeywords":["array","sum","sum","sum"],"answerWordCount":945,"text":"reduce(function)","parentType":"any","name":"reduce","arguments":[{"type":"(sum: any, tuple: any) => { adults: any; children: any; }"}],"returnType":"any","usage":"var val = array.reduce(function (sum, tuple) {\n    return { adults: sum.adults + tuple.adults,\n             children: sum.children + tuple.children };\n});","definition":"","source":"var val = array.reduce(function (sum, tuple) {\n    return { adults: sum.adults + tuple.adults,\n             children: sum.children + tuple.children };\n});\n","answerId":"35480887","answerUrl":"https://stackoverflow.com/a/35480887","voteCount":0,"isAccepted":false,"lastModified":"2016-02-18T12:10:02.000Z"}],"areSignaturesLoading":false,"title":"Sum values of objects in array - javascript - Stack Overflow","url":"https://stackoverflow.com/questions/35480773/sum-values-of-objects-in-array","displayLink":"https://stackoverflow.com › questions › sum-values-of-...","snippet":"The key feature of the function is the Array#reduce methode and a property which returns the actual count calue and the actual property value. Show activity on ...","snippetHighlightWords":["Array","property","property value"]},{"signatures":[{"answerKeywords":["array","sum","array","sum","sum","sum","sum","object","array"],"answerWordCount":1961,"text":"function.sum(unknown, string)","parentType":"(items: any, prop: any) => any","name":"sum","arguments":[{"name":"items","type":"any"},{"name":"prop","type":"string"}],"returnType":"any","usage":"$scope.sum($scope.traveler, 'Amount')","definition":"$scope","source":"$scope.sum = function(items, prop){\n    return items.reduce( function(a, b){\n        return a + b[prop];\n    }, 0);\n};\n\n$scope.travelerTotal = $scope.sum($scope.traveler, 'Amount');\n","answerId":"23249575","answerUrl":"https://stackoverflow.com/a/23249575","voteCount":291,"isAccepted":false,"lastModified":"2014-04-23T16:03:56.000Z"},{"answerKeywords":["sum","sum","array","array","sum","array","array"],"answerWordCount":2184,"text":"T[].reduce(function): T","parentType":"T[]","name":"reduce","arguments":[{"name":"callbackfn:(previousValue:T,currentValue:T,currentIndex:number,array:T[])=>T","type":"(previousValue: T, currentValue: T, currentIndex: number, array: T[]) => T"}],"returnType":"T","usage":"traveler.map(amount).reduce(sum)","definition":"","source":"var traveler = [{description: 'Senior', Amount: 50},\n                {description: 'Senior', Amount: 50},\n                {description: 'Adult', Amount: 75},\n                {description: 'Child', Amount: 35},\n                {description: 'Infant', Amount: 25}];\n\nfunction amount(item){\n  return item.Amount;\n}\n\nfunction sum(prev, next){\n  return prev + next;\n}\n\ntraveler.map(amount).reduce(sum);\n// => 235;\n\n// or use arrow functions\ntraveler.map(item => item.Amount).reduce((prev, next) => prev + next);\n\n// Example of reuse.\n// Get only Amounts greater than 0;\n\n// Also, while using Javascript, stick with camelCase.\n// If you do decide to go against the standards, \n// then maintain your decision with all keys as in...\n\n// { description: 'Senior', Amount: 50 }\n\n// would be\n\n// { Description: 'Senior', Amount: 50 };\n\nvar travelers = [{description: 'Senior', amount: 50},\n                {description: 'Senior', amount: 50},\n                {description: 'Adult', amount: 75},\n                {description: 'Child', amount: 35},\n                {description: 'Infant', amount: 0 }];\n\n// Directly above Travelers array I changed \"Amount\" to \"amount\" to match standards.\n\nfunction amount(item){\n  return item.amount;\n}\n\ntravelers.filter(amount);\n// => [{description: 'Senior', amount: 50},\n//     {description: 'Senior', amount: 50},\n//     {description: 'Adult', amount: 75},\n//     {description: 'Child', amount: 35}];\n//     Does not include \"Infant\" as 0 is falsey.\n","answerId":"43281805","answerUrl":"https://stackoverflow.com/a/43281805","voteCount":206,"isAccepted":false,"lastModified":"2019-12-09T15:43:11.000Z"},{"answerKeywords":["sum","sum","array","array","sum","array","array"],"answerWordCount":2184,"text":"T[].map(function): U[]","parentType":"T[]","name":"map","arguments":[{"name":"callbackfn:(value:T,index:number,array:T[])=>U","type":"(value: T, index: number, array: T[]) => U"}],"returnType":"U[]","usage":"traveler.map(amount)","definition":"var traveler = [{description: 'Senior', Amount: 50},\n                {description: 'Senior', Amount: 50},\n                {description: 'Adult', Amount: 75},\n                {description: 'Child', Amount: 35},\n                {description: 'Infant', Amount: 25}];","source":"var traveler = [{description: 'Senior', Amount: 50},\n                {description: 'Senior', Amount: 50},\n                {description: 'Adult', Amount: 75},\n                {description: 'Child', Amount: 35},\n                {description: 'Infant', Amount: 25}];\n\nfunction amount(item){\n  return item.Amount;\n}\n\nfunction sum(prev, next){\n  return prev + next;\n}\n\ntraveler.map(amount).reduce(sum);\n// => 235;\n\n// or use arrow functions\ntraveler.map(item => item.Amount).reduce((prev, next) => prev + next);\n\n// Example of reuse.\n// Get only Amounts greater than 0;\n\n// Also, while using Javascript, stick with camelCase.\n// If you do decide to go against the standards, \n// then maintain your decision with all keys as in...\n\n// { description: 'Senior', Amount: 50 }\n\n// would be\n\n// { Description: 'Senior', Amount: 50 };\n\nvar travelers = [{description: 'Senior', amount: 50},\n                {description: 'Senior', amount: 50},\n                {description: 'Adult', amount: 75},\n                {description: 'Child', amount: 35},\n                {description: 'Infant', amount: 0 }];\n\n// Directly above Travelers array I changed \"Amount\" to \"amount\" to match standards.\n\nfunction amount(item){\n  return item.amount;\n}\n\ntravelers.filter(amount);\n// => [{description: 'Senior', amount: 50},\n//     {description: 'Senior', amount: 50},\n//     {description: 'Adult', amount: 75},\n//     {description: 'Child', amount: 35}];\n//     Does not include \"Infant\" as 0 is falsey.\n","answerId":"43281805","answerUrl":"https://stackoverflow.com/a/43281805","voteCount":206,"isAccepted":false,"lastModified":"2019-12-09T15:43:11.000Z"},{"answerKeywords":["sum","sum","array","array","sum","array","array"],"answerWordCount":2184,"text":"T[].reduce(function): T","parentType":"T[]","name":"reduce","arguments":[{"name":"callbackfn:(previousValue:T,currentValue:T,currentIndex:number,array:T[])=>T","type":"(previousValue: T, currentValue: T, currentIndex: number, array: T[]) => T"}],"returnType":"T","usage":"traveler.map(item => item.Amount).reduce((prev, next) => prev + next)","definition":"","source":"var traveler = [{description: 'Senior', Amount: 50},\n                {description: 'Senior', Amount: 50},\n                {description: 'Adult', Amount: 75},\n                {description: 'Child', Amount: 35},\n                {description: 'Infant', Amount: 25}];\n\nfunction amount(item){\n  return item.Amount;\n}\n\nfunction sum(prev, next){\n  return prev + next;\n}\n\ntraveler.map(amount).reduce(sum);\n// => 235;\n\n// or use arrow functions\ntraveler.map(item => item.Amount).reduce((prev, next) => prev + next);\n\n// Example of reuse.\n// Get only Amounts greater than 0;\n\n// Also, while using Javascript, stick with camelCase.\n// If you do decide to go against the standards, \n// then maintain your decision with all keys as in...\n\n// { description: 'Senior', Amount: 50 }\n\n// would be\n\n// { Description: 'Senior', Amount: 50 };\n\nvar travelers = [{description: 'Senior', amount: 50},\n                {description: 'Senior', amount: 50},\n                {description: 'Adult', amount: 75},\n                {description: 'Child', amount: 35},\n                {description: 'Infant', amount: 0 }];\n\n// Directly above Travelers array I changed \"Amount\" to \"amount\" to match standards.\n\nfunction amount(item){\n  return item.amount;\n}\n\ntravelers.filter(amount);\n// => [{description: 'Senior', amount: 50},\n//     {description: 'Senior', amount: 50},\n//     {description: 'Adult', amount: 75},\n//     {description: 'Child', amount: 35}];\n//     Does not include \"Infant\" as 0 is falsey.\n","answerId":"43281805","answerUrl":"https://stackoverflow.com/a/43281805","voteCount":206,"isAccepted":false,"lastModified":"2019-12-09T15:43:11.000Z"},{"answerKeywords":["sum","sum","array","array","sum","array","array"],"answerWordCount":2184,"text":"T[].map(function): U[]","parentType":"T[]","name":"map","arguments":[{"name":"callbackfn:(value:T,index:number,array:T[])=>U","type":"(value: T, index: number, array: T[]) => U"}],"returnType":"U[]","usage":"traveler.map(item => item.Amount)","definition":"var traveler = [{description: 'Senior', Amount: 50},\n                {description: 'Senior', Amount: 50},\n                {description: 'Adult', Amount: 75},\n                {description: 'Child', Amount: 35},\n                {description: 'Infant', Amount: 25}];","source":"var traveler = [{description: 'Senior', Amount: 50},\n                {description: 'Senior', Amount: 50},\n                {description: 'Adult', Amount: 75},\n                {description: 'Child', Amount: 35},\n                {description: 'Infant', Amount: 25}];\n\nfunction amount(item){\n  return item.Amount;\n}\n\nfunction sum(prev, next){\n  return prev + next;\n}\n\ntraveler.map(amount).reduce(sum);\n// => 235;\n\n// or use arrow functions\ntraveler.map(item => item.Amount).reduce((prev, next) => prev + next);\n\n// Example of reuse.\n// Get only Amounts greater than 0;\n\n// Also, while using Javascript, stick with camelCase.\n// If you do decide to go against the standards, \n// then maintain your decision with all keys as in...\n\n// { description: 'Senior', Amount: 50 }\n\n// would be\n\n// { Description: 'Senior', Amount: 50 };\n\nvar travelers = [{description: 'Senior', amount: 50},\n                {description: 'Senior', amount: 50},\n                {description: 'Adult', amount: 75},\n                {description: 'Child', amount: 35},\n                {description: 'Infant', amount: 0 }];\n\n// Directly above Travelers array I changed \"Amount\" to \"amount\" to match standards.\n\nfunction amount(item){\n  return item.amount;\n}\n\ntravelers.filter(amount);\n// => [{description: 'Senior', amount: 50},\n//     {description: 'Senior', amount: 50},\n//     {description: 'Adult', amount: 75},\n//     {description: 'Child', amount: 35}];\n//     Does not include \"Infant\" as 0 is falsey.\n","answerId":"43281805","answerUrl":"https://stackoverflow.com/a/43281805","voteCount":206,"isAccepted":false,"lastModified":"2019-12-09T15:43:11.000Z"},{"answerKeywords":["sum","sum","array","array","sum","array","array"],"answerWordCount":2184,"text":"T[].filter(function): T[]","parentType":"T[]","name":"filter","arguments":[{"name":"predicate:(value:T,index:number,array:T[])=>unknown","type":"(value: T, index: number, array: T[]) => unknown"}],"returnType":"T[]","usage":"travelers.filter(amount)","definition":"var travelers = [{description: 'Senior', amount: 50},\n                {description: 'Senior', amount: 50},\n                {description: 'Adult', amount: 75},\n                {description: 'Child', amount: 35},\n                {description: 'Infant', amount: 0 }];","source":"var traveler = [{description: 'Senior', Amount: 50},\n                {description: 'Senior', Amount: 50},\n                {description: 'Adult', Amount: 75},\n                {description: 'Child', Amount: 35},\n                {description: 'Infant', Amount: 25}];\n\nfunction amount(item){\n  return item.Amount;\n}\n\nfunction sum(prev, next){\n  return prev + next;\n}\n\ntraveler.map(amount).reduce(sum);\n// => 235;\n\n// or use arrow functions\ntraveler.map(item => item.Amount).reduce((prev, next) => prev + next);\n\n// Example of reuse.\n// Get only Amounts greater than 0;\n\n// Also, while using Javascript, stick with camelCase.\n// If you do decide to go against the standards, \n// then maintain your decision with all keys as in...\n\n// { description: 'Senior', Amount: 50 }\n\n// would be\n\n// { Description: 'Senior', Amount: 50 };\n\nvar travelers = [{description: 'Senior', amount: 50},\n                {description: 'Senior', amount: 50},\n                {description: 'Adult', amount: 75},\n                {description: 'Child', amount: 35},\n                {description: 'Infant', amount: 0 }];\n\n// Directly above Travelers array I changed \"Amount\" to \"amount\" to match standards.\n\nfunction amount(item){\n  return item.amount;\n}\n\ntravelers.filter(amount);\n// => [{description: 'Senior', amount: 50},\n//     {description: 'Senior', amount: 50},\n//     {description: 'Adult', amount: 75},\n//     {description: 'Child', amount: 35}];\n//     Does not include \"Infant\" as 0 is falsey.\n","answerId":"43281805","answerUrl":"https://stackoverflow.com/a/43281805","voteCount":206,"isAccepted":false,"lastModified":"2019-12-09T15:43:11.000Z"},{"answerKeywords":["sum","sum","array","sum","sum","array","object","object","array"],"answerWordCount":1966,"text":"TravellerCollection.sum(string)","parentType":"TravellerCollection","name":"sum","arguments":[{"name":"key","type":"string"}],"returnType":"any","usage":"traveler.sum('Amount')","definition":"const traveler = new TravellerCollection(...[\n    {  description: 'Senior', Amount: 50},\n    {  description: 'Senior', Amount: 50},\n    {  description: 'Adult', Amount: 75},\n    {  description: 'Child', Amount: 35},\n    {  description: 'Infant', Amount: 25 },\n]);","source":"class TravellerCollection extends Array {\n    sum(key) {\n        return this.reduce((a, b) => a + (b[key] || 0), 0);\n    }\n}\nconst traveler = new TravellerCollection(...[\n    {  description: 'Senior', Amount: 50},\n    {  description: 'Senior', Amount: 50},\n    {  description: 'Adult', Amount: 75},\n    {  description: 'Child', Amount: 35},\n    {  description: 'Infant', Amount: 25 },\n]);\n\nconsole.log(traveler.sum('Amount')); //~> 235\n\ntraveler = [\n    {  description: 'Senior', Amount: 50},\n    {  description: 'Senior', Amount: 50},\n    {  description: 'Adult', Amount: 75},\n    {  description: 'Child', Amount: 35},\n    {  description: 'Infant', Amount: 25 },\n];\n\nArray.prototype.sum = function (prop) {\n    var total = 0\n    for ( var i = 0, _len = this.length; i < _len; i++ ) {\n        total += this[i][prop]\n    }\n    return total\n}\n\nconsole.log(traveler.sum(\"Amount\"))\n","answerId":"23247980","answerUrl":"https://stackoverflow.com/a/23247980","voteCount":193,"isAccepted":true,"lastModified":"2019-03-06T17:12:54.000Z"},{"answerKeywords":["sum","sum","array","sum","sum","array","object","object","array"],"answerWordCount":1966,"text":"TravellerCollection.sum(string)","parentType":"TravellerCollection","name":"sum","arguments":[{"name":"key","type":"string"}],"returnType":"any","usage":"traveler.sum(\"Amount\")","definition":"const traveler = new TravellerCollection(...[\n    {  description: 'Senior', Amount: 50},\n    {  description: 'Senior', Amount: 50},\n    {  description: 'Adult', Amount: 75},\n    {  description: 'Child', Amount: 35},\n    {  description: 'Infant', Amount: 25 },\n]);","source":"class TravellerCollection extends Array {\n    sum(key) {\n        return this.reduce((a, b) => a + (b[key] || 0), 0);\n    }\n}\nconst traveler = new TravellerCollection(...[\n    {  description: 'Senior', Amount: 50},\n    {  description: 'Senior', Amount: 50},\n    {  description: 'Adult', Amount: 75},\n    {  description: 'Child', Amount: 35},\n    {  description: 'Infant', Amount: 25 },\n]);\n\nconsole.log(traveler.sum('Amount')); //~> 235\n\ntraveler = [\n    {  description: 'Senior', Amount: 50},\n    {  description: 'Senior', Amount: 50},\n    {  description: 'Adult', Amount: 75},\n    {  description: 'Child', Amount: 35},\n    {  description: 'Infant', Amount: 25 },\n];\n\nArray.prototype.sum = function (prop) {\n    var total = 0\n    for ( var i = 0, _len = this.length; i < _len; i++ ) {\n        total += this[i][prop]\n    }\n    return total\n}\n\nconsole.log(traveler.sum(\"Amount\"))\n","answerId":"23247980","answerUrl":"https://stackoverflow.com/a/23247980","voteCount":193,"isAccepted":true,"lastModified":"2019-03-06T17:12:54.000Z"},{"answerKeywords":["sum"],"answerWordCount":1831,"text":"T[].reduce(function, U): U","parentType":"T[]","name":"reduce","arguments":[{"name":"callbackfn:(previousValue:U,currentValue:T,currentIndex:number,array:T[])=>U","type":"(previousValue: U, currentValue: T, currentIndex: number, array: T[]) => U"},{"name":"initialValue:U","type":"U"}],"returnType":"U","usage":"traveler.reduce((n, {Amount}) => n + Amount, 0)","definition":"const traveler = [\n  { description: 'Senior', Amount: 50 },\n  { description: 'Senior', Amount: 50 },\n  { description: 'Adult', Amount: 75 },\n  { description: 'Child', Amount: 35 },\n  { description: 'Infant', Amount: 25 },\n];","source":"const traveler = [\n  { description: 'Senior', Amount: 50 },\n  { description: 'Senior', Amount: 50 },\n  { description: 'Adult', Amount: 75 },\n  { description: 'Child', Amount: 35 },\n  { description: 'Infant', Amount: 25 },\n];\n\nconsole.log(traveler.reduce((n, {Amount}) => n + Amount, 0))\n","answerId":"63681334","answerUrl":"https://stackoverflow.com/a/63681334","voteCount":159,"isAccepted":false,"lastModified":"2020-09-10T08:50:23.000Z"},{"answerKeywords":["object","object","array","sum","sum"],"answerWordCount":2148,"text":"reduce(function, number)","parentType":"any","name":"reduce","arguments":[{"type":"(a: any, b: any) => number"},{"type":"number"}],"returnType":"any","usage":"items.reduce((a, b) => +a + +b.price, 0)","definition":"","source":"// + operator for casting to Number\nitems.reduce((a, b) => +a + +b.price, 0);\n","answerId":"49089648","answerUrl":"https://stackoverflow.com/a/49089648","voteCount":135,"isAccepted":false,"lastModified":"2018-03-03T21:57:53.000Z"},{"answerKeywords":["sum"],"answerWordCount":1474,"text":"T[].reduce(function, T): T","parentType":"T[]","name":"reduce","arguments":[{"name":"callbackfn:(previousValue:T,currentValue:T,currentIndex:number,array:T[])=>T","type":"(previousValue: T, currentValue: T, currentIndex: number, array: T[]) => T"},{"name":"initialValue:T","type":"T"}],"returnType":"T","usage":"const sum = traveler\n  .map(item => item.amount)\n  .reduce((prev, curr) => prev + curr, 0);","definition":"","source":"const traveler = [\n    {  description: 'Senior', amount: 50 },\n    {  description: 'Senior', amount: 50 },\n    {  description: 'Adult', amount: 75 },\n    {  description: 'Child', amount: 35 },\n    {  description: 'Infant', amount: 25 },\n];\n\nconst sum = traveler\n  .map(item => item.amount)\n  .reduce((prev, curr) => prev + curr, 0);\n\nconst calculateSum = (obj, field) => obj\n  .map(items => items.attributes[field])\n  .reduce((prev, curr) => prev + curr, 0);\n","answerId":"55706793","answerUrl":"https://stackoverflow.com/a/55706793","voteCount":47,"isAccepted":false,"lastModified":"2019-04-16T11:20:44.000Z"},{"answerKeywords":["sum"],"answerWordCount":1474,"text":"T[].map(function): U[]","parentType":"T[]","name":"map","arguments":[{"name":"callbackfn:(value:T,index:number,array:T[])=>U","type":"(value: T, index: number, array: T[]) => U"}],"returnType":"U[]","usage":"traveler\n  .map(item => item.amount)","definition":"const traveler = [\n    {  description: 'Senior', amount: 50 },\n    {  description: 'Senior', amount: 50 },\n    {  description: 'Adult', amount: 75 },\n    {  description: 'Child', amount: 35 },\n    {  description: 'Infant', amount: 25 },\n];","source":"const traveler = [\n    {  description: 'Senior', amount: 50 },\n    {  description: 'Senior', amount: 50 },\n    {  description: 'Adult', amount: 75 },\n    {  description: 'Child', amount: 35 },\n    {  description: 'Infant', amount: 25 },\n];\n\nconst sum = traveler\n  .map(item => item.amount)\n  .reduce((prev, curr) => prev + curr, 0);\n\nconst calculateSum = (obj, field) => obj\n  .map(items => items.attributes[field])\n  .reduce((prev, curr) => prev + curr, 0);\n","answerId":"55706793","answerUrl":"https://stackoverflow.com/a/55706793","voteCount":47,"isAccepted":false,"lastModified":"2019-04-16T11:20:44.000Z"},{"answerKeywords":[],"answerWordCount":904,"text":"reduce(function)","parentType":"any","name":"reduce","arguments":[{"type":"(a: any, c: any) => any"}],"returnType":"any","usage":"$scope.traveler.map(o=>o.Amount).reduce((a,c)=>a+c)","definition":"","source":"$scope.traveler.map(o=>o.Amount).reduce((a,c)=>a+c);\n","answerId":"52729221","answerUrl":"https://stackoverflow.com/a/52729221","voteCount":22,"isAccepted":false,"lastModified":"2018-11-16T17:05:28.000Z"},{"answerKeywords":[],"answerWordCount":904,"text":"map(function)","parentType":"any","name":"map","arguments":[{"type":"(o: any) => any"}],"returnType":"any","usage":"$scope.traveler.map(o=>o.Amount)","definition":"","source":"$scope.traveler.map(o=>o.Amount).reduce((a,c)=>a+c);\n","answerId":"52729221","answerUrl":"https://stackoverflow.com/a/52729221","voteCount":22,"isAccepted":false,"lastModified":"2018-11-16T17:05:28.000Z"},{"answerKeywords":["sum","sum"],"answerWordCount":945,"text":"T[].reduce(function): T","parentType":"T[]","name":"reduce","arguments":[{"name":"callbackfn:(previousValue:T,currentValue:T,currentIndex:number,array:T[])=>T","type":"(previousValue: T, currentValue: T, currentIndex: number, array: T[]) => T"}],"returnType":"T","usage":"let sum = lst.map(o => o.price).reduce((a, c) => { return a + c });","definition":"","source":"let lst = [\n     { description:'Senior', price: 10},\n     { description:'Adult', price: 20},\n     { description:'Child', price: 30}\n];\nlet sum = lst.map(o => o.price).reduce((a, c) => { return a + c });\nconsole.log(sum);","answerId":"58558769","answerUrl":"https://stackoverflow.com/a/58558769","voteCount":22,"isAccepted":false,"lastModified":"2019-10-25T13:55:45.000Z"},{"answerKeywords":["sum","sum"],"answerWordCount":945,"text":"T[].map(function): U[]","parentType":"T[]","name":"map","arguments":[{"name":"callbackfn:(value:T,index:number,array:T[])=>U","type":"(value: T, index: number, array: T[]) => U"}],"returnType":"U[]","usage":"lst.map(o => o.price)","definition":"let lst = [\n     { description:'Senior', price: 10},\n     { description:'Adult', price: 20},\n     { description:'Child', price: 30}\n];","source":"let lst = [\n     { description:'Senior', price: 10},\n     { description:'Adult', price: 20},\n     { description:'Child', price: 30}\n];\nlet sum = lst.map(o => o.price).reduce((a, c) => { return a + c });\nconsole.log(sum);","answerId":"58558769","answerUrl":"https://stackoverflow.com/a/58558769","voteCount":22,"isAccepted":false,"lastModified":"2019-10-25T13:55:45.000Z"},{"answerKeywords":["sum","sum","object","sum","object"],"answerWordCount":824,"text":"sumBy(unknown, string)","parentType":"any","name":"sumBy","arguments":[{"type":"any"},{"type":"string"}],"returnType":"any","usage":"_.sumBy(objects, 'value')","definition":"","source":"_.sumBy(objects, 'value');\n_.sumBy(objects, function(o) { return o.value; });\n","answerId":"48867811","answerUrl":"https://stackoverflow.com/a/48867811","voteCount":15,"isAccepted":false,"lastModified":"2018-02-19T13:59:19.000Z"},{"answerKeywords":["sum","sum","object","sum","object"],"answerWordCount":824,"text":"sumBy(unknown, function)","parentType":"any","name":"sumBy","arguments":[{"type":"any"},{"type":"(o: any) => any"}],"returnType":"any","usage":"_.sumBy(objects, function(o) { return o.value; })","definition":"","source":"_.sumBy(objects, 'value');\n_.sumBy(objects, function(o) { return o.value; });\n","answerId":"48867811","answerUrl":"https://stackoverflow.com/a/48867811","voteCount":15,"isAccepted":false,"lastModified":"2018-02-19T13:59:19.000Z"},{"answerKeywords":["array","object","array","array"],"answerWordCount":846,"text":"map(function)","parentType":"any","name":"map","arguments":[{"type":"(item: any) => number"}],"returnType":"any","usage":"let values = array.map((item) => parseInt(item[column]) || 0)","definition":"","source":"function getSum(array, column)\n  let values = array.map((item) => parseInt(item[column]) || 0)\n  return values.reduce((a, b) => a + b)\n}\n\nfoo = [\n  { a: 1, b: \"\" },\n  { a: null, b: 2 },\n  { a: 1, b: 2 },\n  { a: 1, b: 2 },\n]\n\ngetSum(foo, a) == 3\ngetSum(foo, b) == 6\n","answerId":"61711217","answerUrl":"https://stackoverflow.com/a/61711217","voteCount":5,"isAccepted":false,"lastModified":"2020-05-10T11:28:02.000Z"},{"answerKeywords":["array","object","array","array"],"answerWordCount":846,"text":"reduce(function)","parentType":"any","name":"reduce","arguments":[{"type":"(a: any, b: any) => any"}],"returnType":"any","usage":"values.reduce((a, b) => a + b)","definition":"let values = array.map((item) => parseInt(item[column]) || 0)","source":"function getSum(array, column)\n  let values = array.map((item) => parseInt(item[column]) || 0)\n  return values.reduce((a, b) => a + b)\n}\n\nfoo = [\n  { a: 1, b: \"\" },\n  { a: null, b: 2 },\n  { a: 1, b: 2 },\n  { a: 1, b: 2 },\n]\n\ngetSum(foo, a) == 3\ngetSum(foo, b) == 6\n","answerId":"61711217","answerUrl":"https://stackoverflow.com/a/61711217","voteCount":5,"isAccepted":false,"lastModified":"2020-05-10T11:28:02.000Z"},{"answerKeywords":["array","object","array","array"],"answerWordCount":846,"text":"getSum(unknown, unknown)","parentType":"any","name":"getSum","arguments":[{"name":"array","type":"any"},{"name":"column","type":"any"}],"returnType":"any","usage":"getSum(foo, a)","definition":"function getSum(array, column)","source":"function getSum(array, column)\n  let values = array.map((item) => parseInt(item[column]) || 0)\n  return values.reduce((a, b) => a + b)\n}\n\nfoo = [\n  { a: 1, b: \"\" },\n  { a: null, b: 2 },\n  { a: 1, b: 2 },\n  { a: 1, b: 2 },\n]\n\ngetSum(foo, a) == 3\ngetSum(foo, b) == 6\n","answerId":"61711217","answerUrl":"https://stackoverflow.com/a/61711217","voteCount":5,"isAccepted":false,"lastModified":"2020-05-10T11:28:02.000Z"},{"answerKeywords":["array","object","array","array"],"answerWordCount":846,"text":"getSum(unknown, unknown)","parentType":"any","name":"getSum","arguments":[{"name":"array","type":"any"},{"name":"column","type":"any"}],"returnType":"any","usage":"getSum(foo, b)","definition":"function getSum(array, column)","source":"function getSum(array, column)\n  let values = array.map((item) => parseInt(item[column]) || 0)\n  return values.reduce((a, b) => a + b)\n}\n\nfoo = [\n  { a: 1, b: \"\" },\n  { a: null, b: 2 },\n  { a: 1, b: 2 },\n  { a: 1, b: 2 },\n]\n\ngetSum(foo, a) == 3\ngetSum(foo, b) == 6\n","answerId":"61711217","answerUrl":"https://stackoverflow.com/a/61711217","voteCount":5,"isAccepted":false,"lastModified":"2020-05-10T11:28:02.000Z"},{"answerKeywords":[],"answerWordCount":804,"text":"forEach(function)","parentType":"any","name":"forEach","arguments":[{"type":"(data: any) => any"}],"returnType":"any","usage":"$scope.traveler.forEach( data => totalAmount = totalAmount + data.Amount)","definition":"","source":"let totalAmount = 0;\n$scope.traveler.forEach( data => totalAmount = totalAmount + data.Amount);\nreturn totalAmount;\n","answerId":"50851824","answerUrl":"https://stackoverflow.com/a/50851824","voteCount":4,"isAccepted":false,"lastModified":"2018-06-14T07:24:25.000Z"},{"answerKeywords":["sum","sum"],"answerWordCount":824,"text":"function.sumPropertyValue(object[], string)","parentType":"(items: any, prop: any) => any","name":"sumPropertyValue","arguments":[{"name":"items","type":"{ quantity: number; }[]"},{"name":"prop","type":"string"}],"returnType":"any","usage":"const cart_total = sumPropertyValue(cart_items, 'quantity');","definition":"const sumPropertyValue = (items, prop) => items.reduce((a, b) => a + b[prop], 0);","source":"const sumPropertyValue = (items, prop) => items.reduce((a, b) => a + b[prop], 0);\n\n// usage:\nconst cart_items = [ {quantity: 3}, {quantity: 4}, {quantity: 2} ];\nconst cart_total = sumPropertyValue(cart_items, 'quantity');\n","answerId":"55545616","answerUrl":"https://stackoverflow.com/a/55545616","voteCount":3,"isAccepted":false,"lastModified":"2019-04-06T03:27:01.000Z"},{"answerKeywords":["sum","property","array","sum","array","sum","property","sum","sum","sum","sum","sum","property","array","property","property"],"answerWordCount":989,"text":"function.sumFromArray(string, object[]): number","parentType":"(propertyName: any, array: any) => number","name":"sumFromArray","arguments":[{"name":"propertyName","type":"string"},{"name":"array","type":"{ Amount: number; description: string; }[]"}],"returnType":"number","usage":"var sumOfTraveler = sumFromArray('Amount', traveler);","definition":"var sumFromArray = (propertyName, array) => {\n  let sum = 0;\n  array.forEach(item => {\n    sum += item[propertyName] ?? 0;\n  });\n  return sum;\n};","source":"var traveler = [\n  {Amount: 50,  description: 'Senior'},\n  {Amount: 50,  description: 'Senior'},\n  {Amount: 75,  description: 'Adult'},\n  {Amount: 35,  description: 'Child'},\n  {Amount: 25,  description: 'Infant'}\n];\n\nvar sumFromArray = (propertyName, array) => {\n  let sum = 0;\n  array.forEach(item => {\n    sum += item[propertyName] ?? 0;\n  });\n  return sum;\n};\n\nvar sumOfTraveler = sumFromArray('Amount', traveler);\nconsole.log(sumOfTraveler);\nconst sumFromArray = (propertyName: string, array: Array<{[propertyName: string]: number}>) => { ... };\n","answerId":"67934181","answerUrl":"https://stackoverflow.com/a/67934181","voteCount":2,"isAccepted":false,"lastModified":"2021-06-11T09:05:43.000Z"},{"answerKeywords":["sum","array","object","sum","array","array","sum"],"answerWordCount":1007,"text":"sum(object[])","parentType":"any","name":"sum","arguments":[{"name":"arrayData","type":"{ description: string; Amount: number; }[]"}],"returnType":"any","usage":"sum(traveler)","definition":"function sum(arrayData, key){\n   return arrayData.reduce((a,b) => {\n  return {Amount : a.Amount + b.Amount}\n})\n}","source":"const traveler = [\n  {  description: 'Senior', Amount: 50},\n  {  description: 'Senior', Amount: 50},\n  {  description: 'Adult', Amount: 75},\n  {  description: 'Child', Amount: 35},\n  {  description: 'Infant', Amount: 25 }\n];\n\nconst traveler = [\n    {  description: 'Senior', Amount: 50},\n    {  description: 'Senior', Amount: 50},\n    {  description: 'Adult', Amount: 75},\n    {  description: 'Child', Amount: 35},\n    {  description: 'Infant', Amount: 25 },\n];\nfunction sum(arrayData, key){\n   return arrayData.reduce((a,b) => {\n  return {Amount : a.Amount + b.Amount}\n})\n}\nconsole.log(sum(traveler))","answerId":"55647015","answerUrl":"https://stackoverflow.com/a/55647015","voteCount":1,"isAccepted":false,"lastModified":"2019-04-12T08:30:51.000Z"},{"answerKeywords":["sum","array","sum","array","array","sum","array","sum","sum","sum","sum","sum"],"answerWordCount":856,"text":"sumOfArrayWithParameter(unknown, string): number","parentType":"any","name":"sumOfArrayWithParameter","arguments":[{"name":"array","type":"any"},{"name":"parameter","type":"string"}],"returnType":"number","usage":"let sum = sumOfArrayWithParameter(someArray, 'someProperty');","definition":"function sumOfArrayWithParameter (array, parameter) {\n  let sum = null;\n  if (array && array.length > 0 && typeof parameter === 'string') {\n    sum = 0;\n    for (let e of array) if (e && e.hasOwnProperty(parameter)) sum += e[parameter];\n  }\n  return sum;\n}","source":"function sumOfArrayWithParameter (array, parameter) {\n  let sum = null;\n  if (array && array.length > 0 && typeof parameter === 'string') {\n    sum = 0;\n    for (let e of array) if (e && e.hasOwnProperty(parameter)) sum += e[parameter];\n  }\n  return sum;\n}\n\nlet sum = sumOfArrayWithParameter(someArray, 'someProperty');\n","answerId":"57442714","answerUrl":"https://stackoverflow.com/a/57442714","voteCount":1,"isAccepted":false,"lastModified":"2019-08-10T13:45:59.000Z"},{"answerKeywords":[],"answerWordCount":825,"text":"each(unknown, function)","parentType":"any","name":"each","arguments":[{"type":"any"},{"type":"(i: any, v: any) => void"}],"returnType":"any","usage":"$.each(traveler, function( i, v ) { total_amount += v.Amount ; })","definition":"","source":"var total_amount = 0; \n$.each(traveler, function( i, v ) { total_amount += v.Amount ; });\n","answerId":"52057686","answerUrl":"https://stackoverflow.com/a/52057686","voteCount":0,"isAccepted":false,"lastModified":"2018-08-28T12:17:27.000Z"},{"answerKeywords":["sum"],"answerWordCount":806,"text":"sum()","parentType":"any","name":"sum","arguments":[],"returnType":"any","usage":"var total = List.extend(traveler).select('Amount').sum();","definition":"","source":"var total = List.extend(traveler).select('Amount').sum();\n","answerId":"73135275","answerUrl":"https://stackoverflow.com/a/73135275","voteCount":0,"isAccepted":false,"lastModified":"2022-07-27T09:17:43.000Z"},{"answerKeywords":["sum"],"answerWordCount":806,"text":"select(string)","parentType":"any","name":"select","arguments":[{"type":"string"}],"returnType":"any","usage":"List.extend(traveler).select('Amount')","definition":"","source":"var total = List.extend(traveler).select('Amount').sum();\n","answerId":"73135275","answerUrl":"https://stackoverflow.com/a/73135275","voteCount":0,"isAccepted":false,"lastModified":"2022-07-27T09:17:43.000Z"},{"answerKeywords":["sum"],"answerWordCount":806,"text":"extend(unknown)","parentType":"any","name":"extend","arguments":[{"type":"any"}],"returnType":"any","usage":"List.extend(traveler)","definition":"","source":"var total = List.extend(traveler).select('Amount').sum();\n","answerId":"73135275","answerUrl":"https://stackoverflow.com/a/73135275","voteCount":0,"isAccepted":false,"lastModified":"2022-07-27T09:17:43.000Z"}],"areSignaturesLoading":false,"title":"Better way to sum a property value in an array - Stack Overflow","url":"https://stackoverflow.com/questions/23247859/better-way-to-sum-a-property-value-in-an-array","displayLink":"https://stackoverflow.com › questions › better-way-to-s...","snippet":"18 Answers 18 · brilliant answer, is it possible to put $scope.travelerTotal = $scope.sum($scope. · Yes if it comes after the sum function is created. – Gruff ...","snippetHighlightWords":["sum","sum"]},{"signatures":[{"answerKeywords":["object","array","object","object","object"],"answerWordCount":1126,"text":"function[].transform(object[]): any[]","parentType":"(arr: any) => any[]","name":"transform","arguments":[{"name":"arr","type":"{ x: string; y: number; }[]"}],"returnType":"any[]","usage":"transform(data)","definition":"const transform = arr => (\n  Object.values(\n    arr.reduce(\n      (acc, {x, y}) => ({\n        ...acc,\n        [convertKey(x)]: {\n          ...(acc[convertKey(x)] || {x}),\n          y: (acc[convertKey(x)]?.y || 0) + y\n        }\n      }),\n      {}\n    )\n  )\n);","source":"// a small helper method to convert key by leaving out the z-s in: '/xxxx?zzz'\nconst convertKey = x => (x.split('?')[0]);\n\n// use reduce to iterate thru the array & obtain a result-object\n// destructure to get 'x', 'y'\n// if 'x' already present, add 'y'\n// else create an object with 'x', 'y' props\n// return the `Object.values` of the result-object\nconst transform = arr => (\n  Object.values(\n    arr.reduce(\n      (acc, {x, y}) => ({\n        ...acc,\n        [convertKey(x)]: {\n          ...(acc[convertKey(x)] || {x}),\n          y: (acc[convertKey(x)]?.y || 0) + y\n        }\n      }),\n      {}\n    )\n  )\n);\n\nconst data = [\n    {\n        \"x\": \"/shop.html\",\n        \"y\": 3\n    },\n    {\n        \"x\": \"/\",\n        \"y\": 2\n    },\n    {\n        \"x\": \"/?test324\",\n        \"y\": 1\n    },\n    {\n        \"x\": \"/account.html\",\n        \"y\": 1\n    },\n    {\n        \"x\": \"/account.html?test1\",\n        \"y\": 1\n    },\n    {\n        \"x\": \"/shop.html?test543\",\n        \"y\": 1\n    }\n];\n\nconsole.log(transform(data));","answerId":"71571656","answerUrl":"https://stackoverflow.com/a/71571656","voteCount":1,"isAccepted":true,"lastModified":"2022-03-22T11:54:44.000Z"}],"areSignaturesLoading":false,"title":"How to sum properties of elements in an object-array?","url":"https://stackoverflow.com/questions/71571425/how-to-sum-properties-of-elements-in-an-object-array","displayLink":"https://stackoverflow.com › questions › how-to-sum-pr...","date":"Mar 22, 2022","snippet":"How to sum properties of elements in an object-array? ; let output = res.data ; function (accumulator, cur) ; find(function ; x.split ; return elem.x ...","snippetHighlightWords":["sum properties","elements","object","array"]},{"signatures":[{"answerKeywords":[],"answerWordCount":944,"text":"T[].reduce(function, U): U","parentType":"T[]","name":"reduce","arguments":[{"name":"callbackfn:(previousValue:U,currentValue:T,currentIndex:number,array:T[])=>U","type":"(previousValue: U, currentValue: T, currentIndex: number, array: T[]) => U"},{"name":"initialValue:U","type":"U"}],"returnType":"U","usage":"var arr = models.reduce((acc, item) => {\n  let existItem = acc.find(({id}) => item.id === id);\n  if(existItem) {\n    existItem.count += item.count;\n  } else {\n    acc.push(item);\n  }\n  return acc;\n}, []);","definition":"var models = [\n    { id: 1, name: \"samsung\", seller_id: 1, count: 56 },\n    { id: 1, name: \"samsung\", seller_id: 2, count: 68 },\n    { id: 2, name: \"nokia\", seller_id: 2, count: 45 },\n    { id: 2, name: \"nokia\", seller_id: 3, count: 49 }\n];","source":"var models = [\n    { id: 1, name: \"samsung\", seller_id: 1, count: 56 },\n    { id: 1, name: \"samsung\", seller_id: 2, count: 68 },\n    { id: 2, name: \"nokia\", seller_id: 2, count: 45 },\n    { id: 2, name: \"nokia\", seller_id: 3, count: 49 }\n];\n\nvar arr = models.reduce((acc, item) => {\n  let existItem = acc.find(({id}) => item.id === id);\n  if(existItem) {\n    existItem.count += item.count;\n  } else {\n    acc.push(item);\n  }\n  return acc;\n}, []);\n\nconsole.log(arr);\nthis.arr = this.models.reduce((acc, item) => {\n  let existItem = acc.find(({id}) => item.id === id);\n  if(existItem) {\n    existItem.count += item.count;\n  } else {\n    acc.push(item);\n  }\n  return acc;\n}, []);\n","answerId":"60089535","answerUrl":"https://stackoverflow.com/a/60089535","voteCount":1,"isAccepted":true,"lastModified":"2020-02-06T07:15:19.000Z"},{"answerKeywords":[],"answerWordCount":944,"text":"T[].reduce(function, U): U","parentType":"T[]","name":"reduce","arguments":[{"name":"callbackfn:(previousValue:U,currentValue:T,currentIndex:number,array:T[])=>U","type":"(previousValue: U, currentValue: T, currentIndex: number, array: T[]) => U"},{"name":"initialValue:U","type":"U"}],"returnType":"U","usage":"this.models.reduce((acc, item) => {\n  let existItem = acc.find(({id}) => item.id === id);\n  if(existItem) {\n    existItem.count += item.count;\n  } else {\n    acc.push(item);\n  }\n  return acc;\n}, [])","definition":"var models = [\n    { id: 1, name: \"samsung\", seller_id: 1, count: 56 },\n    { id: 1, name: \"samsung\", seller_id: 2, count: 68 },\n    { id: 2, name: \"nokia\", seller_id: 2, count: 45 },\n    { id: 2, name: \"nokia\", seller_id: 3, count: 49 }\n];","source":"var models = [\n    { id: 1, name: \"samsung\", seller_id: 1, count: 56 },\n    { id: 1, name: \"samsung\", seller_id: 2, count: 68 },\n    { id: 2, name: \"nokia\", seller_id: 2, count: 45 },\n    { id: 2, name: \"nokia\", seller_id: 3, count: 49 }\n];\n\nvar arr = models.reduce((acc, item) => {\n  let existItem = acc.find(({id}) => item.id === id);\n  if(existItem) {\n    existItem.count += item.count;\n  } else {\n    acc.push(item);\n  }\n  return acc;\n}, []);\n\nconsole.log(arr);\nthis.arr = this.models.reduce((acc, item) => {\n  let existItem = acc.find(({id}) => item.id === id);\n  if(existItem) {\n    existItem.count += item.count;\n  } else {\n    acc.push(item);\n  }\n  return acc;\n}, []);\n","answerId":"60089535","answerUrl":"https://stackoverflow.com/a/60089535","voteCount":1,"isAccepted":true,"lastModified":"2020-02-06T07:15:19.000Z"},{"answerKeywords":["object","array"],"answerWordCount":951,"text":"T[].reduce(function, U): U","parentType":"T[]","name":"reduce","arguments":[{"name":"callbackfn:(previousValue:U,currentValue:T,currentIndex:number,array:T[])=>U","type":"(previousValue: U, currentValue: T, currentIndex: number, array: T[]) => U"},{"name":"initialValue:U","type":"U"}],"returnType":"U","usage":"let data = models.reduce((acc, curr) => {\n  if (!acc[curr.id]) {\n    acc[curr.id] = curr;\n  } else {\n    acc[curr.id].count += curr.count\n\n  }\n  return acc;\n}, {})","definition":"let models = [{\n    id: 1,\n    name: \"samsung\",\n    seller_id: 1,\n    count: 56\n  },\n  {\n    id: 1,\n    name: \"samsung\",\n    seller_id: 2,\n    count: 68\n  },\n  {\n    id: 2,\n    name: \"nokia\",\n    seller_id: 2,\n    count: 45\n  },\n  {\n    id: 2,\n    name: \"nokia\",\n    seller_id: 3,\n    count: 49\n  }\n]","source":"let models = [{\n    id: 1,\n    name: \"samsung\",\n    seller_id: 1,\n    count: 56\n  },\n  {\n    id: 1,\n    name: \"samsung\",\n    seller_id: 2,\n    count: 68\n  },\n  {\n    id: 2,\n    name: \"nokia\",\n    seller_id: 2,\n    count: 45\n  },\n  {\n    id: 2,\n    name: \"nokia\",\n    seller_id: 3,\n    count: 49\n  }\n]\nlet data = models.reduce((acc, curr) => {\n  if (!acc[curr.id]) {\n    acc[curr.id] = curr;\n  } else {\n    acc[curr.id].count += curr.count\n\n  }\n  return acc;\n}, {})\nconsole.log(Object.values(data))","answerId":"60089570","answerUrl":"https://stackoverflow.com/a/60089570","voteCount":0,"isAccepted":false,"lastModified":"2020-02-06T07:18:09.000Z"},{"answerKeywords":["object","array"],"answerWordCount":951,"text":"ObjectConstructor.values(object): T[]","parentType":"ObjectConstructor","name":"values","arguments":[{"name":"o:{[s:string]:T}|ArrayLike<T>","type":"{ [s: string]: T; } | ArrayLike<T>"}],"returnType":"T[]","usage":"Object.values(data)","definition":"declare var Object:ObjectConstructor;","source":"let models = [{\n    id: 1,\n    name: \"samsung\",\n    seller_id: 1,\n    count: 56\n  },\n  {\n    id: 1,\n    name: \"samsung\",\n    seller_id: 2,\n    count: 68\n  },\n  {\n    id: 2,\n    name: \"nokia\",\n    seller_id: 2,\n    count: 45\n  },\n  {\n    id: 2,\n    name: \"nokia\",\n    seller_id: 3,\n    count: 49\n  }\n]\nlet data = models.reduce((acc, curr) => {\n  if (!acc[curr.id]) {\n    acc[curr.id] = curr;\n  } else {\n    acc[curr.id].count += curr.count\n\n  }\n  return acc;\n}, {})\nconsole.log(Object.values(data))","answerId":"60089570","answerUrl":"https://stackoverflow.com/a/60089570","voteCount":0,"isAccepted":false,"lastModified":"2020-02-06T07:18:09.000Z"}],"areSignaturesLoading":false,"title":"Reduce and sum array of objects (JS) - Stack Overflow","url":"https://stackoverflow.com/questions/60089494/reduce-and-sum-array-of-objects-js","displayLink":"https://stackoverflow.com › questions › reduce-and-su...","date":"Feb 6, 2020","snippet":"this.arr = this.models.reduce((acc, item) => { let existItem = acc.find(({id}) ... Then use Object.values to create an array of the values.","snippetHighlightWords":["item","Object","values","array","values"]}],"events":[{"timestamp":"2022-11-11T16:21:45.404Z","url":"https://stackoverflow.com/questions/35480773/sum-values-of-objects-in-array","component":"projection","action":"mouseenter"},{"timestamp":"2022-11-11T16:21:45.554Z","url":"https://stackoverflow.com/questions/35480773/sum-values-of-objects-in-array","component":"projection","action":"mouseleave"},{"timestamp":"2022-11-11T16:21:45.640Z","url":"https://stackoverflow.com/questions/71571425/how-to-sum-properties-of-elements-in-an-object-array","component":"projection","action":"loaded","data":"projection 1 of 4"},{"timestamp":"2022-11-11T16:21:46.052Z","url":"https://stackoverflow.com/questions/60089494/reduce-and-sum-array-of-objects-js","component":"projection","action":"loaded","data":"projection 2 of 4"},{"timestamp":"2022-11-11T16:21:46.971Z","url":"https://stackoverflow.com/questions/23247859/better-way-to-sum-a-property-value-in-an-array","component":"projection","action":"mouseenter"},{"timestamp":"2022-11-11T16:21:47.138Z","url":"https://stackoverflow.com/questions/23247859/better-way-to-sum-a-property-value-in-an-array","component":"projection","action":"mouseleave"},{"timestamp":"2022-11-11T16:21:47.139Z","url":"https://stackoverflow.com/questions/35480773/sum-values-of-objects-in-array","component":"projection","action":"mouseenter"},{"timestamp":"2022-11-11T16:21:47.303Z","url":"https://stackoverflow.com/questions/35480773/sum-values-of-objects-in-array","component":"projection","action":"loaded","data":"projection 3 of 4"},{"timestamp":"2022-11-11T16:21:47.351Z","url":"","component":"projection","action":"mouseenter","data":"T[].reduce(function): T"},{"timestamp":"2022-11-11T16:21:47.377Z","url":"","component":"projection","action":"mouseleave","data":"T[].reduce(function): T"},{"timestamp":"2022-11-11T16:21:47.381Z","url":"","component":"projection","action":"mouseenter","data":"T[].reduce(function, U): U"},{"timestamp":"2022-11-11T16:21:48.538Z","url":"","component":"projection","action":"mouseleave","data":"T[].reduce(function, U): U"},{"timestamp":"2022-11-11T16:21:49.038Z","url":"","component":"projection","action":"mouseenter","data":"T[].reduce(function, U): U"},{"timestamp":"2022-11-11T16:21:49.070Z","url":"","component":"projection","action":"mouseleave","data":"T[].reduce(function, U): U"},{"timestamp":"2022-11-11T16:21:49.072Z","url":"https://stackoverflow.com/questions/35480773/sum-values-of-objects-in-array","component":"projection","action":"mouseleave"},{"timestamp":"2022-11-11T16:21:49.263Z","url":"https://stackoverflow.com/questions/23247859/better-way-to-sum-a-property-value-in-an-array","component":"projection","action":"loaded","data":"projection 4 of 4"},{"timestamp":"2022-11-11T16:21:49.315Z","url":"https://stackoverflow.com/questions/23247859/better-way-to-sum-a-property-value-in-an-array","component":"projection","action":"mouseenter"},{"timestamp":"2022-11-11T16:21:49.318Z","url":"","component":"projection","action":"mouseenter","data":"T[].reduce(function): T"},{"timestamp":"2022-11-11T16:21:50.097Z","url":"","component":"projection","action":"mouseleave","data":"T[].reduce(function): T"},{"timestamp":"2022-11-11T16:21:50.100Z","url":"","component":"projection","action":"mouseenter","data":"T[].map(function): U[]"},{"timestamp":"2022-11-11T16:21:50.298Z","url":"","component":"projection","action":"mouseleave","data":"T[].map(function): U[]"},{"timestamp":"2022-11-11T16:21:50.300Z","url":"","component":"projection","action":"mouseenter","data":"T[].reduce(function, U): U"},{"timestamp":"2022-11-11T16:21:50.314Z","url":"","component":"projection","action":"mouseleave","data":"T[].reduce(function, U): U"},{"timestamp":"2022-11-11T16:21:50.317Z","url":"https://stackoverflow.com/questions/23247859/better-way-to-sum-a-property-value-in-an-array","component":"projection","action":"mouseleave"},{"timestamp":"2022-11-11T16:21:56.525Z","url":"https://stackoverflow.com/questions/35480773/sum-values-of-objects-in-array","component":"projection","action":"mouseenter"},{"timestamp":"2022-11-11T16:21:56.536Z","url":"","component":"projection","action":"mouseenter","data":"T[].reduce(function): T"},{"timestamp":"2022-11-11T16:21:56.558Z","url":"","component":"projection","action":"mouseleave","data":"T[].reduce(function): T"},{"timestamp":"2022-11-11T16:21:56.574Z","url":"","component":"projection","action":"mouseenter","data":"T[].reduce(function, U): U"},{"timestamp":"2022-11-11T16:21:57.022Z","url":"https://stackoverflow.com/questions/35480773/sum-values-of-objects-in-array","component":"projection","action":"expand","data":"T[].reduce(function, U): U"},{"timestamp":"2022-11-11T16:21:57.092Z","url":"","component":"projection","action":"mouseleave","data":"T[].reduce(function, U): U"},{"timestamp":"2022-11-11T16:21:57.096Z","url":"https://stackoverflow.com/questions/35480773/sum-values-of-objects-in-array","component":"projection","action":"mouseleave"},{"timestamp":"2022-11-11T16:21:57.571Z","url":"https://stackoverflow.com/questions/35480773/sum-values-of-objects-in-array","component":"projection","action":"tab","data":{"name":"usage","height":100.51351928710938,"width":248.21621704101562,"wc":12,"lc":2,"sig":"T[].reduce(function, U): U"}},{"timestamp":"2022-11-11T16:22:02.308Z","url":"https://stackoverflow.com/questions/35480773/sum-values-of-objects-in-array","component":"projection","action":"mouseenter"},{"timestamp":"2022-11-11T16:22:02.312Z","url":"","component":"projection","action":"mouseenter","data":"T[].reduce(function, U): U"},{"timestamp":"2022-11-11T16:22:03.609Z","url":"","component":"projection","action":"mouseleave","data":"T[].reduce(function, U): U"},{"timestamp":"2022-11-11T16:22:03.612Z","url":"https://stackoverflow.com/questions/35480773/sum-values-of-objects-in-array","component":"projection","action":"mouseleave"},{"timestamp":"2022-11-11T16:22:04.025Z","url":"https://stackoverflow.com/questions/35480773/sum-values-of-objects-in-array","component":"projection","action":"mouseenter"},{"timestamp":"2022-11-11T16:22:04.029Z","url":"","component":"projection","action":"mouseenter","data":"T[].reduce(function, U): U"},{"timestamp":"2022-11-11T16:22:04.505Z","url":"https://stackoverflow.com/questions/35480773/sum-values-of-objects-in-array","component":"page","action":"open","data":"#answer-59730051"},{"timestamp":"2022-11-11T16:22:04.566Z","url":"","component":"projection","action":"mouseleave","data":"T[].reduce(function, U): U"},{"timestamp":"2022-11-11T16:22:04.571Z","url":"https://stackoverflow.com/questions/35480773/sum-values-of-objects-in-array","component":"projection","action":"mouseleave"},{"timestamp":"2022-11-11T16:22:05.911Z","url":"https://stackoverflow.com/questions/35480773/sum-values-of-objects-in-array","component":"page","action":"load","data":"#answer-59730051"},{"timestamp":"2022-11-11T16:22:06.669Z","url":"https://stackoverflow.com/questions/35480773/sum-values-of-objects-in-array","component":"page","action":"scroll","data":{"viewport":{"x":0,"y":3249.29736328125,"height":679,"width":295},"document":{"height":9711,"width":280},"question":{"identifier":"35480773","top":-3085.864990234375,"bottom":-2318.864990234375,"right":264.2162170410156,"left":16,"width":248.21621704101562,"height":767},"answers":[{"identifier":"35480841","top":-2238.5810546875,"bottom":-0.04052734375,"right":264.2162170410156,"left":16,"width":248.21621704101562,"height":2238.54052734375},{"identifier":"59730051","top":-0.04054054245352745,"bottom":471.3918935395777,"right":264.2162170410156,"left":16,"width":248.21621704101562,"height":471.43243408203125},{"identifier":"60381611","top":471.39190673828125,"bottom":1111.5,"right":264.2162170410156,"left":16,"width":248.21621704101562,"height":640.1080932617188},{"identifier":"35480989","top":1111.5,"bottom":1895.3648681640625,"right":264.2162170410156,"left":16,"width":248.21621704101562,"height":783.8648681640625},{"identifier":"35480862","top":1895.3648681640625,"bottom":2197.337860107422,"right":264.2162170410156,"left":16,"width":248.21621704101562,"height":301.9729919433594},{"identifier":"35481022","top":2197.337890625,"bottom":2668.2433166503906,"right":264.2162170410156,"left":16,"width":248.21621704101562,"height":470.9054260253906},{"identifier":"35480887","top":2668.243408203125,"bottom":3128.9055786132812,"right":264.2162170410156,"left":16,"width":248.21621704101562,"height":460.66217041015625},{"identifier":"52555418","top":3128.905517578125,"bottom":3827.3784790039062,"right":264.2162170410156,"left":16,"width":248.21621704101562,"height":698.4729614257812}]}},{"timestamp":"2022-11-11T16:22:07.310Z","url":"https://stackoverflow.com/questions/35480773/sum-values-of-objects-in-array","component":"page","action":"close"},{"timestamp":"2022-11-11T16:22:07.677Z","url":"https://stackoverflow.com/questions/35480773/sum-values-of-objects-in-array","component":"projection","action":"mouseenter"},{"timestamp":"2022-11-11T16:22:08.474Z","url":"","component":"projection","action":"mouseenter","data":"T[].reduce(function, U): U"},{"timestamp":"2022-11-11T16:22:08.557Z","url":"","component":"projection","action":"mouseleave","data":"T[].reduce(function, U): U"},{"timestamp":"2022-11-11T16:22:08.561Z","url":"https://stackoverflow.com/questions/35480773/sum-values-of-objects-in-array","component":"projection","action":"mouseleave"},{"timestamp":"2022-11-11T16:22:08.823Z","url":"https://stackoverflow.com/questions/35480773/sum-values-of-objects-in-array","component":"projection","action":"mouseenter"},{"timestamp":"2022-11-11T16:22:08.839Z","url":"","component":"projection","action":"mouseenter","data":"T[].reduce(function, U): U"},{"timestamp":"2022-11-11T16:22:09.223Z","url":"","component":"projection","action":"mouseleave","data":"T[].reduce(function, U): U"},{"timestamp":"2022-11-11T16:22:09.239Z","url":"https://stackoverflow.com/questions/35480773/sum-values-of-objects-in-array","component":"projection","action":"mouseleave"},{"timestamp":"2022-11-11T16:22:16.177Z","url":"https://stackoverflow.com/questions/35480773/sum-values-of-objects-in-array","component":"projection","action":"mouseenter"},{"timestamp":"2022-11-11T16:22:16.183Z","url":"","component":"projection","action":"mouseenter","data":"T[].reduce(function): T"},{"timestamp":"2022-11-11T16:22:16.707Z","url":"","component":"projection","action":"mouseleave","data":"T[].reduce(function): T"},{"timestamp":"2022-11-11T16:22:16.724Z","url":"https://stackoverflow.com/questions/35480773/sum-values-of-objects-in-array","component":"projection","action":"mouseleave"},{"timestamp":"2022-11-11T16:23:24.909Z","url":"https://stackoverflow.com/questions/35480773/sum-values-of-objects-in-array","component":"projection","action":"mouseenter"},{"timestamp":"2022-11-11T16:23:24.926Z","url":"","component":"projection","action":"mouseenter","data":"T[].reduce(function, U): U"},{"timestamp":"2022-11-11T16:23:30.651Z","url":"","component":"projection","action":"mouseleave","data":"T[].reduce(function, U): U"},{"timestamp":"2022-11-11T16:23:30.694Z","url":"","component":"projection","action":"mouseenter","data":"T[].reduce(function, U): U"},{"timestamp":"2022-11-11T16:23:31.158Z","url":"","component":"projection","action":"mouseleave","data":"T[].reduce(function, U): U"},{"timestamp":"2022-11-11T16:23:31.174Z","url":"","component":"projection","action":"mouseenter","data":"T[].reduce(function): T"},{"timestamp":"2022-11-11T16:23:31.208Z","url":"","component":"projection","action":"mouseleave","data":"T[].reduce(function): T"},{"timestamp":"2022-11-11T16:23:31.234Z","url":"","component":"projection","action":"mouseenter","data":"reduce(function, number)"},{"timestamp":"2022-11-11T16:23:31.249Z","url":"","component":"projection","action":"mouseleave","data":"reduce(function, number)"},{"timestamp":"2022-11-11T16:23:31.259Z","url":"https://stackoverflow.com/questions/35480773/sum-values-of-objects-in-array","component":"projection","action":"mouseleave"},{"timestamp":"2022-11-11T16:23:31.263Z","url":"https://stackoverflow.com/questions/23247859/better-way-to-sum-a-property-value-in-an-array","component":"projection","action":"mouseenter"},{"timestamp":"2022-11-11T16:23:31.324Z","url":"","component":"projection","action":"mouseenter","data":"T[].reduce(function, U): U"},{"timestamp":"2022-11-11T16:23:31.696Z","url":"","component":"projection","action":"mouseleave","data":"T[].reduce(function, U): U"},{"timestamp":"2022-11-11T16:23:31.702Z","url":"","component":"projection","action":"mouseenter","data":"T[].map(function): U[]"},{"timestamp":"2022-11-11T16:23:31.812Z","url":"","component":"projection","action":"mouseleave","data":"T[].map(function): U[]"},{"timestamp":"2022-11-11T16:23:31.829Z","url":"","component":"projection","action":"mouseenter","data":"T[].map(function): U[]"},{"timestamp":"2022-11-11T16:23:34.281Z","url":"","component":"projection","action":"mouseleave","data":"T[].map(function): U[]"},{"timestamp":"2022-11-11T16:23:34.287Z","url":"https://stackoverflow.com/questions/23247859/better-way-to-sum-a-property-value-in-an-array","component":"projection","action":"mouseleave"},{"timestamp":"2022-11-11T16:23:34.291Z","url":"https://stackoverflow.com/questions/35480773/sum-values-of-objects-in-array","component":"projection","action":"mouseenter"},{"timestamp":"2022-11-11T16:23:34.294Z","url":"","component":"projection","action":"mouseenter","data":"reduce(function, number)"},{"timestamp":"2022-11-11T16:23:34.359Z","url":"","component":"projection","action":"mouseleave","data":"reduce(function, number)"},{"timestamp":"2022-11-11T16:23:34.429Z","url":"https://stackoverflow.com/questions/35480773/sum-values-of-objects-in-array","component":"projection","action":"mouseleave"},{"timestamp":"2022-11-11T16:23:34.648Z","url":"https://stackoverflow.com/questions/23247859/better-way-to-sum-a-property-value-in-an-array","component":"projection","action":"mouseenter"},{"timestamp":"2022-11-11T16:23:34.716Z","url":"","component":"projection","action":"mouseenter","data":"T[].reduce(function, U): U"},{"timestamp":"2022-11-11T16:23:34.882Z","url":"","component":"projection","action":"mouseleave","data":"T[].reduce(function, U): U"},{"timestamp":"2022-11-11T16:23:35.316Z","url":"https://stackoverflow.com/questions/23247859/better-way-to-sum-a-property-value-in-an-array","component":"page","action":"open"},{"timestamp":"2022-11-11T16:23:35.365Z","url":"https://stackoverflow.com/questions/23247859/better-way-to-sum-a-property-value-in-an-array","component":"projection","action":"mouseleave"},{"timestamp":"2022-11-11T16:23:36.545Z","url":"https://stackoverflow.com/questions/23247859/better-way-to-sum-a-property-value-in-an-array","component":"page","action":"load"},{"timestamp":"2022-11-11T16:23:40.811Z","url":"https://stackoverflow.com/questions/23247859/better-way-to-sum-a-property-value-in-an-array","component":"page","action":"scroll","data":{"viewport":{"x":0,"y":159.1351318359375,"height":679,"width":295},"document":{"height":21927,"width":301},"question":{"identifier":"23247859","top":35.135135650634766,"bottom":1514.1622352600098,"right":264.2162170410156,"left":16,"width":248.21621704101562,"height":1479.027099609375},"answers":[{"identifier":"23249575","top":1594.446044921875,"bottom":3065.8785400390625,"right":264.2162170410156,"left":16,"width":248.21621704101562,"height":1471.4324951171875},{"identifier":"43281805","top":3065.87841796875,"bottom":5489.47314453125,"right":264.2162170410156,"left":16,"width":248.21621704101562,"height":2423.5947265625},{"identifier":"23247980","top":5489.47314453125,"bottom":7349.5677490234375,"right":264.2162170410156,"left":16,"width":248.21621704101562,"height":1860.0946044921875},{"identifier":"63681334","top":7349.56787109375,"bottom":8334.4462890625,"right":264.2162170410156,"left":16,"width":248.21621704101562,"height":984.87841796875},{"identifier":"49089648","top":8334.4462890625,"bottom":9850.90576171875,"right":264.2162170410156,"left":16,"width":248.21621704101562,"height":1516.45947265625},{"identifier":"55706793","top":9850.9052734375,"bottom":10768.607971191406,"right":264.2162170410156,"left":16,"width":248.21621704101562,"height":917.7026977539062},{"identifier":"37845478","top":10768.6083984375,"bottom":11630.000305175781,"right":264.2162170410156,"left":16,"width":248.21621704101562,"height":861.3919067382812},{"identifier":"52729221","top":11630,"bottom":11979.01351928711,"right":264.2162170410156,"left":16,"width":248.21621704101562,"height":349.0135192871094},{"identifier":"58558769","top":11979.013671875,"bottom":12554.55419921875,"right":264.2162170410156,"left":16,"width":248.21621704101562,"height":575.54052734375},{"identifier":"48867811","top":12554.5546875,"bottom":13016.0546875,"right":264.2162170410156,"left":16,"width":248.21621704101562,"height":461.5},{"identifier":"61711217","top":13016.0546875,"bottom":13526.892547607422,"right":264.2162170410156,"left":16,"width":248.21621704101562,"height":510.8378601074219},{"identifier":"50851824","top":13526.892578125,"bottom":13857.689880371094,"right":264.2162170410156,"left":16,"width":248.21621704101562,"height":330.79730224609375},{"identifier":"55545616","top":13857.689453125,"bottom":14222.459747314453,"right":264.2162170410156,"left":16,"width":248.21621704101562,"height":364.7702941894531},{"identifier":"67934181","top":14222.4599609375,"bottom":15678.554565429688,"right":264.2162170410156,"left":16,"width":248.21621704101562,"height":1456.0946044921875},{"identifier":"55647015","top":15678.5546875,"bottom":16474.324951171875,"right":264.2162170410156,"left":16,"width":248.21621704101562,"height":795.770263671875},{"identifier":"57442714","top":16474.32421875,"bottom":17037.2431640625,"right":264.2162170410156,"left":16,"width":248.21621704101562,"height":562.9189453125},{"identifier":"52057686","top":17037.244140625,"bottom":17476.244140625,"right":264.2162170410156,"left":16,"width":248.21621704101562,"height":439},{"identifier":"73135275","top":17476.244140625,"bottom":17863.068481445312,"right":264.2162170410156,"left":16,"width":248.21621704101562,"height":386.8243408203125},{"identifier":"68433236","top":17863.068359375,"bottom":18862.90625,"right":264.2162170410156,"left":16,"width":248.21621704101562,"height":999.837890625}]}},{"timestamp":"2022-11-11T16:23:45.823Z","url":"https://stackoverflow.com/questions/23247859/better-way-to-sum-a-property-value-in-an-array","component":"page","action":"scroll","data":{"viewport":{"x":0,"y":1696,"height":679,"width":295},"document":{"height":21927,"width":301},"question":{"identifier":"23247859","top":-1501.729736328125,"bottom":-22.70263671875,"right":264.2162170410156,"left":16,"width":248.21621704101562,"height":1479.027099609375},"answers":[{"identifier":"23249575","top":57.58108139038086,"bottom":1529.0135765075684,"right":264.2162170410156,"left":16,"width":248.21621704101562,"height":1471.4324951171875},{"identifier":"43281805","top":1529.0135498046875,"bottom":3952.6082763671875,"right":264.2162170410156,"left":16,"width":248.21621704101562,"height":2423.5947265625},{"identifier":"23247980","top":3952.608154296875,"bottom":5812.7027587890625,"right":264.2162170410156,"left":16,"width":248.21621704101562,"height":1860.0946044921875},{"identifier":"63681334","top":5812.70263671875,"bottom":6797.5810546875,"right":264.2162170410156,"left":16,"width":248.21621704101562,"height":984.87841796875},{"identifier":"49089648","top":6797.5810546875,"bottom":8314.04052734375,"right":264.2162170410156,"left":16,"width":248.21621704101562,"height":1516.45947265625},{"identifier":"55706793","top":8314.041015625,"bottom":9231.743713378906,"right":264.2162170410156,"left":16,"width":248.21621704101562,"height":917.7026977539062},{"identifier":"37845478","top":9231.7431640625,"bottom":10093.135070800781,"right":264.2162170410156,"left":16,"width":248.21621704101562,"height":861.3919067382812},{"identifier":"52729221","top":10093.1357421875,"bottom":10442.14926147461,"right":264.2162170410156,"left":16,"width":248.21621704101562,"height":349.0135192871094},{"identifier":"58558769","top":10442.1484375,"bottom":11017.68896484375,"right":264.2162170410156,"left":16,"width":248.21621704101562,"height":575.54052734375},{"identifier":"48867811","top":11017.689453125,"bottom":11479.189453125,"right":264.2162170410156,"left":16,"width":248.21621704101562,"height":461.5},{"identifier":"61711217","top":11479.189453125,"bottom":11990.027313232422,"right":264.2162170410156,"left":16,"width":248.21621704101562,"height":510.8378601074219},{"identifier":"50851824","top":11990.02734375,"bottom":12320.824645996094,"right":264.2162170410156,"left":16,"width":248.21621704101562,"height":330.79730224609375},{"identifier":"55545616","top":12320.82421875,"bottom":12685.594512939453,"right":264.2162170410156,"left":16,"width":248.21621704101562,"height":364.7702941894531},{"identifier":"67934181","top":12685.5947265625,"bottom":14141.689331054688,"right":264.2162170410156,"left":16,"width":248.21621704101562,"height":1456.0946044921875},{"identifier":"55647015","top":14141.689453125,"bottom":14937.459716796875,"right":264.2162170410156,"left":16,"width":248.21621704101562,"height":795.770263671875},{"identifier":"57442714","top":14937.4599609375,"bottom":15500.37890625,"right":264.2162170410156,"left":16,"width":248.21621704101562,"height":562.9189453125},{"identifier":"52057686","top":15500.37890625,"bottom":15939.37890625,"right":264.2162170410156,"left":16,"width":248.21621704101562,"height":439},{"identifier":"73135275","top":15939.37890625,"bottom":16326.203247070312,"right":264.2162170410156,"left":16,"width":248.21621704101562,"height":386.8243408203125},{"identifier":"68433236","top":16326.203125,"bottom":17326.041015625,"right":264.2162170410156,"left":16,"width":248.21621704101562,"height":999.837890625}]}},{"timestamp":"2022-11-11T16:23:52.410Z","url":"https://stackoverflow.com/questions/23247859/better-way-to-sum-a-property-value-in-an-array","component":"page","action":"selection","data":"$scope.sum = function(items, prop){\n    return items.reduce( function(a, b){\n        return a + b[prop];\n    }, 0);\n};\n\n$scope.travelerTotal = $scope.sum($scope.traveler, 'Amount');"},{"timestamp":"2022-11-11T16:23:56.942Z","url":"https://stackoverflow.com/questions/23247859/better-way-to-sum-a-property-value-in-an-array","component":"page","action":"scroll","data":{"viewport":{"x":0,"y":2173.405517578125,"height":679,"width":295},"document":{"height":21927,"width":301},"question":{"identifier":"23247859","top":-1979.1351318359375,"bottom":-500.1080322265625,"right":264.2162170410156,"left":16,"width":248.21621704101562,"height":1479.027099609375},"answers":[{"identifier":"23249575","top":-419.8243408203125,"bottom":1051.608154296875,"right":264.2162170410156,"left":16,"width":248.21621704101562,"height":1471.4324951171875},{"identifier":"43281805","top":1051.608154296875,"bottom":3475.202880859375,"right":264.2162170410156,"left":16,"width":248.21621704101562,"height":2423.5947265625},{"identifier":"23247980","top":3475.202880859375,"bottom":5335.2974853515625,"right":264.2162170410156,"left":16,"width":248.21621704101562,"height":1860.0946044921875},{"identifier":"63681334","top":5335.29736328125,"bottom":6320.17578125,"right":264.2162170410156,"left":16,"width":248.21621704101562,"height":984.87841796875},{"identifier":"49089648","top":6320.17578125,"bottom":7836.63525390625,"right":264.2162170410156,"left":16,"width":248.21621704101562,"height":1516.45947265625},{"identifier":"55706793","top":7836.63525390625,"bottom":8754.337951660156,"right":264.2162170410156,"left":16,"width":248.21621704101562,"height":917.7026977539062},{"identifier":"37845478","top":8754.337890625,"bottom":9615.729797363281,"right":264.2162170410156,"left":16,"width":248.21621704101562,"height":861.3919067382812},{"identifier":"52729221","top":9615.7294921875,"bottom":9964.74301147461,"right":264.2162170410156,"left":16,"width":248.21621704101562,"height":349.0135192871094},{"identifier":"58558769","top":9964.7431640625,"bottom":10540.28369140625,"right":264.2162170410156,"left":16,"width":248.21621704101562,"height":575.54052734375},{"identifier":"48867811","top":10540.2841796875,"bottom":11001.7841796875,"right":264.2162170410156,"left":16,"width":248.21621704101562,"height":461.5},{"identifier":"61711217","top":11001.7841796875,"bottom":11512.622039794922,"right":264.2162170410156,"left":16,"width":248.21621704101562,"height":510.8378601074219},{"identifier":"50851824","top":11512.6220703125,"bottom":11843.419372558594,"right":264.2162170410156,"left":16,"width":248.21621704101562,"height":330.79730224609375},{"identifier":"55545616","top":11843.4189453125,"bottom":12208.189239501953,"right":264.2162170410156,"left":16,"width":248.21621704101562,"height":364.7702941894531},{"identifier":"67934181","top":12208.189453125,"bottom":13664.284057617188,"right":264.2162170410156,"left":16,"width":248.21621704101562,"height":1456.0946044921875},{"identifier":"55647015","top":13664.2841796875,"bottom":14460.054443359375,"right":264.2162170410156,"left":16,"width":248.21621704101562,"height":795.770263671875},{"identifier":"57442714","top":14460.0546875,"bottom":15022.9736328125,"right":264.2162170410156,"left":16,"width":248.21621704101562,"height":562.9189453125},{"identifier":"52057686","top":15022.9736328125,"bottom":15461.9736328125,"right":264.2162170410156,"left":16,"width":248.21621704101562,"height":439},{"identifier":"73135275","top":15461.9736328125,"bottom":15848.797973632812,"right":264.2162170410156,"left":16,"width":248.21621704101562,"height":386.8243408203125},{"identifier":"68433236","top":15848.7978515625,"bottom":16848.6357421875,"right":264.2162170410156,"left":16,"width":248.21621704101562,"height":999.837890625}]}},{"timestamp":"2022-11-11T16:23:59.397Z","url":"https://stackoverflow.com/questions/23247859/better-way-to-sum-a-property-value-in-an-array","component":"page","action":"scroll","data":{"viewport":{"x":0,"y":3127.351318359375,"height":679,"width":295},"document":{"height":21927,"width":301},"question":{"identifier":"23247859","top":-2933.0810546875,"bottom":-1454.053955078125,"right":264.2162170410156,"left":16,"width":248.21621704101562,"height":1479.027099609375},"answers":[{"identifier":"23249575","top":-1373.770263671875,"bottom":97.6622314453125,"right":264.2162170410156,"left":16,"width":248.21621704101562,"height":1471.4324951171875},{"identifier":"43281805","top":97.66216278076172,"bottom":2521.2568893432617,"right":264.2162170410156,"left":16,"width":248.21621704101562,"height":2423.5947265625},{"identifier":"23247980","top":2521.2568359375,"bottom":4381.3514404296875,"right":264.2162170410156,"left":16,"width":248.21621704101562,"height":1860.0946044921875},{"identifier":"63681334","top":4381.3515625,"bottom":5366.22998046875,"right":264.2162170410156,"left":16,"width":248.21621704101562,"height":984.87841796875},{"identifier":"49089648","top":5366.22998046875,"bottom":6882.689453125,"right":264.2162170410156,"left":16,"width":248.21621704101562,"height":1516.45947265625},{"identifier":"55706793","top":6882.689453125,"bottom":7800.392150878906,"right":264.2162170410156,"left":16,"width":248.21621704101562,"height":917.7026977539062},{"identifier":"37845478","top":7800.39208984375,"bottom":8661.783996582031,"right":264.2162170410156,"left":16,"width":248.21621704101562,"height":861.3919067382812},{"identifier":"52729221","top":8661.7841796875,"bottom":9010.79769897461,"right":264.2162170410156,"left":16,"width":248.21621704101562,"height":349.0135192871094},{"identifier":"58558769","top":9010.7978515625,"bottom":9586.33837890625,"right":264.2162170410156,"left":16,"width":248.21621704101562,"height":575.54052734375},{"identifier":"48867811","top":9586.337890625,"bottom":10047.837890625,"right":264.2162170410156,"left":16,"width":248.21621704101562,"height":461.5},{"identifier":"61711217","top":10047.837890625,"bottom":10558.675750732422,"right":264.2162170410156,"left":16,"width":248.21621704101562,"height":510.8378601074219},{"identifier":"50851824","top":10558.67578125,"bottom":10889.473083496094,"right":264.2162170410156,"left":16,"width":248.21621704101562,"height":330.79730224609375},{"identifier":"55545616","top":10889.4736328125,"bottom":11254.243927001953,"right":264.2162170410156,"left":16,"width":248.21621704101562,"height":364.7702941894531},{"identifier":"67934181","top":11254.2431640625,"bottom":12710.337768554688,"right":264.2162170410156,"left":16,"width":248.21621704101562,"height":1456.0946044921875},{"identifier":"55647015","top":12710.337890625,"bottom":13506.108154296875,"right":264.2162170410156,"left":16,"width":248.21621704101562,"height":795.770263671875},{"identifier":"57442714","top":13506.1083984375,"bottom":14069.02734375,"right":264.2162170410156,"left":16,"width":248.21621704101562,"height":562.9189453125},{"identifier":"52057686","top":14069.02734375,"bottom":14508.02734375,"right":264.2162170410156,"left":16,"width":248.21621704101562,"height":439},{"identifier":"73135275","top":14508.02734375,"bottom":14894.851684570312,"right":264.2162170410156,"left":16,"width":248.21621704101562,"height":386.8243408203125},{"identifier":"68433236","top":14894.8515625,"bottom":15894.689453125,"right":264.2162170410156,"left":16,"width":248.21621704101562,"height":999.837890625}]}},{"timestamp":"2022-11-11T16:24:01.267Z","url":"https://stackoverflow.com/questions/23247859/better-way-to-sum-a-property-value-in-an-array","component":"page","action":"close"},{"timestamp":"2022-11-11T16:24:01.635Z","url":"https://stackoverflow.com/questions/35480773/sum-values-of-objects-in-array","component":"projection","action":"mouseenter"},{"timestamp":"2022-11-11T16:24:01.651Z","url":"","component":"projection","action":"mouseenter","data":"T[].reduce(function, U): U"},{"timestamp":"2022-11-11T16:24:05.916Z","url":"","component":"projection","action":"mouseleave","data":"T[].reduce(function, U): U"},{"timestamp":"2022-11-11T16:24:05.922Z","url":"https://stackoverflow.com/questions/35480773/sum-values-of-objects-in-array","component":"projection","action":"mouseleave"},{"timestamp":"2022-11-11T16:24:07.046Z","url":"https://stackoverflow.com/questions/35480773/sum-values-of-objects-in-array","component":"projection","action":"copy","data":{"sig":"T[].reduce(function, U): U","selection":"var array = [{\"adults\":2,\"children\":3},{\"adults\":2,\"children\":1}];\n\nvar totalChild = array.reduce((accum,item) => accum + item.children, 0)"}},{"timestamp":"2022-11-11T16:24:10.994Z","url":"https://stackoverflow.com/questions/35480773/sum-values-of-objects-in-array","component":"projection","action":"mouseenter"},{"timestamp":"2022-11-11T16:24:11.003Z","url":"","component":"projection","action":"mouseenter","data":"T[].reduce(function, U): U"},{"timestamp":"2022-11-11T16:24:11.942Z","url":"https://stackoverflow.com/questions/35480773/sum-values-of-objects-in-array","component":"projection","action":"tab","data":{"name":"code","height":184.51351928710938,"width":248.21621704101562,"wc":15,"lc":4,"sig":"T[].reduce(function, U): U"}},{"timestamp":"2022-11-11T16:24:12.635Z","url":"","component":"projection","action":"mouseleave","data":"T[].reduce(function, U): U"},{"timestamp":"2022-11-11T16:24:12.640Z","url":"https://stackoverflow.com/questions/35480773/sum-values-of-objects-in-array","component":"projection","action":"mouseleave"},{"timestamp":"2022-11-11T16:24:12.719Z","url":"https://stackoverflow.com/questions/35480773/sum-values-of-objects-in-array","component":"projection","action":"mouseenter"},{"timestamp":"2022-11-11T16:24:12.785Z","url":"","component":"projection","action":"mouseenter","data":"T[].reduce(function, U): U"},{"timestamp":"2022-11-11T16:24:13.697Z","url":"","component":"projection","action":"mouseleave","data":"T[].reduce(function, U): U"},{"timestamp":"2022-11-11T16:24:13.929Z","url":"","component":"projection","action":"mouseenter","data":"T[].reduce(function, U): U"},{"timestamp":"2022-11-11T16:24:17.182Z","url":"","component":"projection","action":"mouseleave","data":"T[].reduce(function, U): U"},{"timestamp":"2022-11-11T16:24:17.190Z","url":"https://stackoverflow.com/questions/35480773/sum-values-of-objects-in-array","component":"projection","action":"mouseleave"},{"timestamp":"2022-11-11T16:24:17.196Z","url":"https://stackoverflow.com/questions/35480773/sum-values-of-objects-in-array","component":"projection","action":"mouseenter"},{"timestamp":"2022-11-11T16:24:17.228Z","url":"","component":"projection","action":"mouseenter","data":"T[].reduce(function, U): U"},{"timestamp":"2022-11-11T16:24:18.405Z","url":"","component":"projection","action":"mouseleave","data":"T[].reduce(function, U): U"},{"timestamp":"2022-11-11T16:24:18.410Z","url":"https://stackoverflow.com/questions/35480773/sum-values-of-objects-in-array","component":"projection","action":"mouseleave"},{"timestamp":"2022-11-11T16:24:19.775Z","url":"https://stackoverflow.com/questions/35480773/sum-values-of-objects-in-array","component":"projection","action":"copy","data":{"sig":"T[].reduce(function, U): U","selection":"var array = [{\"adults\":2,\"children\":3},{\"adults\":2,\"children\":1}];\n\nvar totalChild = array.reduce((accum,item) => accum + item.children, 0)\n\nconsole.log(totalChild) //output 4"}},{"timestamp":"2022-11-11T16:24:36.436Z","url":"https://stackoverflow.com/questions/35480773/sum-values-of-objects-in-array","component":"projection","action":"mouseenter"},{"timestamp":"2022-11-11T16:24:36.443Z","url":"","component":"projection","action":"mouseenter","data":"T[].reduce(function, U): U"},{"timestamp":"2022-11-11T16:24:37.108Z","url":"https://stackoverflow.com/questions/35480773/sum-values-of-objects-in-array","component":"projection","action":"selection","data":{"sig":"T[].reduce(function, U): U","selection":"var array = [{\"adults\":2,\"children\":3},{\"adults\":2,\"children\":1}];\n\nvar totalChild = array.reduce((accum,item) => accum + item.children, 0)\n\nconsole.log(totalChild) //output 4"}},{"timestamp":"2022-11-11T16:24:40.010Z","url":"https://stackoverflow.com/questions/35480773/sum-values-of-objects-in-array","component":"projection","action":"selection","data":{"sig":"T[].reduce(function, U): U","selection":"var array = [{\"adults\":2,\"children\":3},{\"adults\":2,\"children\":1}];\n\nvar totalChild = array.reduce((accum,item) => accum + item.children, 0)\n\nconsole.log(totalChild) //output 4"}},{"timestamp":"2022-11-11T16:24:40.130Z","url":"","component":"projection","action":"mouseleave","data":"T[].reduce(function, U): U"},{"timestamp":"2022-11-11T16:24:40.138Z","url":"https://stackoverflow.com/questions/35480773/sum-values-of-objects-in-array","component":"projection","action":"mouseleave"},{"timestamp":"2022-11-11T16:24:44.739Z","url":"https://stackoverflow.com/questions/35480773/sum-values-of-objects-in-array","component":"projection","action":"mouseenter"},{"timestamp":"2022-11-11T16:24:44.756Z","url":"","component":"projection","action":"mouseenter","data":"T[].reduce(function, U): U"},{"timestamp":"2022-11-11T16:24:49.303Z","url":"https://stackoverflow.com/questions/35480773/sum-values-of-objects-in-array","component":"projection","action":"selection","data":{"sig":"T[].reduce(function, U): U","selection":"var array = [{\"adults\":2,\"children\":3},{\"adults\":2,\"children\":1}];\n\nvar totalChild = array.reduce((accum,item) => accum + item.children, 0)\n\nconsole.log(totalChild) //output 4"}},{"timestamp":"2022-11-11T16:24:49.461Z","url":"","component":"projection","action":"mouseleave","data":"T[].reduce(function, U): U"},{"timestamp":"2022-11-11T16:24:49.467Z","url":"https://stackoverflow.com/questions/35480773/sum-values-of-objects-in-array","component":"projection","action":"mouseleave"},{"timestamp":"2022-11-11T16:25:21.130Z","url":"https://stackoverflow.com/questions/35480773/sum-values-of-objects-in-array","component":"projection","action":"mouseenter"},{"timestamp":"2022-11-11T16:25:21.146Z","url":"","component":"projection","action":"mouseenter","data":"T[].reduce(function, U): U"},{"timestamp":"2022-11-11T16:25:23.256Z","url":"","component":"projection","action":"mouseleave","data":"T[].reduce(function, U): U"},{"timestamp":"2022-11-11T16:25:23.264Z","url":"https://stackoverflow.com/questions/35480773/sum-values-of-objects-in-array","component":"projection","action":"mouseleave"},{"timestamp":"2022-11-11T16:26:15.987Z","url":"https://stackoverflow.com/questions/35480773/sum-values-of-objects-in-array","component":"projection","action":"mouseenter"},{"timestamp":"2022-11-11T16:26:15.998Z","url":"","component":"projection","action":"mouseenter","data":"T[].reduce(function, U): U"},{"timestamp":"2022-11-11T16:26:16.059Z","url":"","component":"projection","action":"mouseleave","data":"T[].reduce(function, U): U"},{"timestamp":"2022-11-11T16:26:16.068Z","url":"https://stackoverflow.com/questions/35480773/sum-values-of-objects-in-array","component":"projection","action":"mouseleave"}]}]}