{"numFailedTestSuites":1,"numFailedTests":0,"numPassedTestSuites":0,"numPassedTests":0,"numPendingTestSuites":0,"numPendingTests":0,"numRuntimeErrorTestSuites":1,"numTodoTests":0,"numTotalTestSuites":1,"numTotalTests":0,"openHandles":[],"snapshot":{"added":0,"didUpdate":false,"failure":false,"filesAdded":0,"filesRemoved":0,"filesRemovedList":[],"filesUnmatched":0,"filesUpdated":0,"matched":0,"total":0,"unchecked":0,"uncheckedKeysByFile":[],"unmatched":0,"updated":0},"startTime":1668185309701,"success":false,"testResults":[{"assertionResults":[],"coverage":{},"endTime":1668185310244,"message":"  \u001b[1m● \u001b[22mTest suite failed to run\n\n    TypeError: The \"path\" argument must be of type string. Received undefined\n\n    \u001b[0m \u001b[90m 13 |\u001b[39m     \u001b[90m// src/public/\u001b[39m\u001b[0m\n    \u001b[0m \u001b[90m 14 |\u001b[39m\u001b[0m\n    \u001b[0m\u001b[31m\u001b[1m>\u001b[22m\u001b[39m\u001b[90m 15 |\u001b[39m     app\u001b[33m.\u001b[39muse(express\u001b[33m.\u001b[39m\u001b[36mstatic\u001b[39m((path\u001b[33m.\u001b[39mresolve(dirname\u001b[33m,\u001b[39m \u001b[32m'src/public/'\u001b[39m))))\u001b[33m;\u001b[39m\u001b[0m\n    \u001b[0m \u001b[90m    |\u001b[39m                                  \u001b[31m\u001b[1m^\u001b[22m\u001b[39m\u001b[0m\n    \u001b[0m \u001b[90m 16 |\u001b[39m }\u001b[0m\n    \u001b[0m \u001b[90m 17 |\u001b[39m\u001b[0m\n    \u001b[0m \u001b[90m 18 |\u001b[39m setup()\u001b[33m;\u001b[39m\u001b[0m\n\n      \u001b[2mat setup (\u001b[22msrc/serve.js\u001b[2m:15:34)\u001b[22m\n      \u001b[2mat Object.<anonymous> (\u001b[22msrc/serve.js\u001b[2m:18:1)\u001b[22m\n      \u001b[2mat Object.<anonymous> (\u001b[22m\u001b[0m\u001b[36mtest/serve.test.js\u001b[39m\u001b[0m\u001b[2m:2:1)\u001b[22m\n","name":"/workspaces/55264_3/test/serve.test.js","startTime":1668185310244,"status":"failed","summary":""}],"wasInterrupted":false}