{"id":"55264_3","conditions":[{"taskId":3,"taskName":"clone","enableFragments":true,"enableContext":true,"showContext":true,"provideSearchTerms":true,"sequence":3},{"taskId":2,"taskName":"find","enableFragments":true,"enableContext":true,"showContext":true,"provideSearchTerms":true,"sequence":4},{"taskId":1,"taskName":"currency","enableFragments":false,"enableContext":true,"showContext":false,"provideSearchTerms":true,"sequence":5},{"taskId":4,"taskName":"sort","enableFragments":false,"enableContext":true,"showContext":false,"provideSearchTerms":true,"sequence":6},{"taskId":6,"taskName":"serve","enableFragments":false,"enableContext":false,"showContext":false,"provideSearchTerms":false,"sequence":7},{"taskId":5,"taskName":"recent","enableFragments":true,"enableContext":true,"showContext":true,"provideSearchTerms":false,"sequence":8}],"activeTaskId":"recent","tasks":[{"id":"pre-study"},{"enableFragments":true,"enableContext":true,"showContext":true,"provideSearchTerms":true,"contextOverride":[{"source":"src/tutorial.js","name":"sumTradedShares","position":{"start":397,"end":545},"variables":[],"parameters":[{"source":"src/tutorial.js","name":"trades","position":{"start":429,"end":435},"type":{"name":"Trade[]"}}],"returnType":"number"}],"id":"tutorial","startTime":"2022-11-11T16:20:21.047Z","duration":318478,"timer":{"startTime":"2022-11-11T16:22:27.235Z","endTime":"2022-11-11T16:25:40.849Z"},"endTime":"2022-11-11T16:25:40.849Z"},{"enableFragments":false,"enableContext":true,"showContext":false,"contextOverride":[{"source":"src/currency.js","name":"printCurrency","position":{"start":593,"end":782},"variables":[],"parameters":[{"source":"src/currency.js","name":"amount","position":{"start":623,"end":629},"type":{"name":"number"}},{"source":"src/currency.js","name":"locale","position":{"start":631,"end":637},"type":{"name":"string"}},{"source":"src/currency.js","name":"currency","position":{"start":639,"end":647},"type":{"name":"string"}}],"returnType":"string"}],"provideSearchTerms":true,"searchTerms":"format currency","id":"currency","startTime":"2022-11-11T16:31:38.113Z","timer":{"startTime":"2022-11-11T16:31:38.113Z","endTime":"2022-11-11T16:37:44.110Z"},"duration":359040,"data":{"Q1":"2","Q2":"","Q3":"","Q4":""},"endTime":"2022-11-11T16:37:53.012Z"},{"enableFragments":true,"enableContext":true,"showContext":true,"contextOverride":[{"source":"src/find.js","name":"getTradeById","position":{"start":286,"end":506},"variables":[],"parameters":[{"source":"src/find.js","name":"trades","position":{"start":315,"end":321},"type":{"name":"Trade[]"}},{"source":"src/find.js","name":"id","position":{"start":323,"end":325},"type":{"name":"number"}}],"returnType":"Trade"}],"provideSearchTerms":true,"searchTerms":"find item in array by value","id":"find","startTime":"2022-11-11T16:28:51.252Z","timer":{"startTime":"2022-11-11T16:28:51.252Z","endTime":"2022-11-11T16:31:07.299Z"},"duration":134310,"data":{"Q1":"5","Q2":"","Q3":"","Q4":""},"endTime":"2022-11-11T16:31:26.020Z"},{"enableFragments":true,"enableContext":true,"showContext":true,"contextOverride":[{"source":"src/clone.js","name":"cloneTradeLedger","position":{"start":239,"end":406},"variables":[],"parameters":[{"source":"src/clone.js","name":"trades","position":{"start":272,"end":278},"type":{"name":"Trade[]"}}],"returnType":"Trade[]"}],"provideSearchTerms":true,"searchTerms":"clone array","id":"clone","startTime":"2022-11-11T16:25:48.765Z","timer":{"startTime":"2022-11-11T16:25:48.765Z","endTime":"2022-11-11T16:28:10.746Z"},"duration":140193,"data":{"Q1":"5","Q2":"","Q3":"","Q4":""},"endTime":"2022-11-11T16:28:40.971Z"},{"enableFragments":false,"enableContext":true,"showContext":false,"contextOverride":[{"source":"src/sort.js","name":"sortTradesByShareCount","position":{"start":285,"end":524},"variables":[],"parameters":[{"source":"src/sort.js","name":"trades","position":{"start":324,"end":330},"type":{"name":"Trade[]"}}],"returnType":"Trade[]"}],"provideSearchTerms":true,"searchTerms":"sort array of objects descending","id":"sort","startTime":"2022-11-11T16:38:04.685Z","timer":{"startTime":"2022-11-11T16:38:04.686Z","endTime":"2022-11-11T16:41:59.784Z"},"duration":232987,"data":{"Q1":"4","Q2":"","Q3":"","Q4":""},"endTime":"2022-11-11T16:42:05.776Z"},{"enableFragments":true,"enableContext":true,"showContext":true,"contextOverride":[{"source":"src/recent.js","name":"moment","position":{"start":7,"end":13},"module":{"name":"moment","position":{"start":19,"end":27}},"references":[{"start":485,"end":491},{"start":753,"end":759},{"start":836,"end":842}]},{"source":"src/recent.js","name":"moment","position":{"start":485,"end":503},"variables":[],"arguments":[{"source":"src/recent.js","name":"","type":"Date","value":"new Date()","position":{"start":492,"end":502}}],"returnType":"any"},{"source":"src/recent.js","name":"moment","position":{"start":753,"end":768},"variables":[],"arguments":[{"source":"src/recent.js","name":"","type":"any","value":"endDate","position":{"start":760,"end":767}}],"returnType":"any"},{"source":"src/recent.js","name":"moment","position":{"start":836,"end":854},"variables":[],"arguments":[{"source":"src/recent.js","name":"","type":"any","value":"trade.date","position":{"start":843,"end":853}}],"returnType":"any"},{"source":"src/recent.js","name":"getPastTradesFrom","position":{"start":400,"end":938},"variables":[{"source":"src/recent.js","name":"endDate","position":{"start":475,"end":503},"type":{"name":"any"}},{"source":"src/recent.js","name":"startDate","position":{"start":741,"end":768},"type":{"name":"any"}}],"parameters":[{"source":"src/recent.js","name":"trades","position":{"start":434,"end":440},"type":{"name":"Trade[]"}},{"source":"src/recent.js","name":"from","position":{"start":442,"end":446},"type":{"name":"number"}},{"source":"src/recent.js","name":"unit","position":{"start":448,"end":461},"type":{"name":"string"}}],"returnType":"Trade[]"}],"provideSearchTerms":false,"searchTerms":"","id":"recent","startTime":"2022-11-11T16:49:44.748Z","timer":{"startTime":"2022-11-11T16:49:44.748Z","endTime":"2022-11-11T16:54:09.308Z"},"duration":263191,"data":{"Q1":"4","Q2":"","Q3":"","Q4":""},"endTime":"2022-11-11T16:54:20.003Z"},{"enableFragments":false,"enableContext":false,"showContext":false,"contextOverride":[],"provideSearchTerms":false,"searchTerms":"","id":"serve","startTime":"2022-11-11T16:42:17.596Z","timer":{"startTime":"2022-11-11T16:42:17.596Z","endTime":"2022-11-11T16:49:23.927Z"},"duration":419548,"data":{"Q1":"2","Q2":"","Q3":"","Q4":""},"endTime":"2022-11-11T16:49:33.825Z"},{"id":"post-study"}],"activations":["2022-11-11T16:18:37.045Z"]}