{"numFailedTestSuites":0,"numFailedTests":0,"numPassedTestSuites":1,"numPassedTests":3,"numPendingTestSuites":0,"numPendingTests":0,"numRuntimeErrorTestSuites":0,"numTodoTests":0,"numTotalTestSuites":1,"numTotalTests":3,"openHandles":[],"snapshot":{"added":0,"didUpdate":false,"failure":false,"filesAdded":0,"filesRemoved":0,"filesRemovedList":[],"filesUnmatched":0,"filesUpdated":0,"matched":0,"total":0,"unchecked":0,"uncheckedKeysByFile":[],"unmatched":0,"updated":0},"startTime":1669156882797,"success":true,"testResults":[{"assertionResults":[{"ancestorTitles":["printCurrency()"],"failureMessages":[],"fullName":"printCurrency() Should format amount as Yen in en-US locale","location":null,"status":"passed","title":"Should format amount as Yen in en-US locale"},{"ancestorTitles":["printCurrency()"],"failureMessages":[],"fullName":"printCurrency() Should format amount as sterling in en-UK locale","location":null,"status":"passed","title":"Should format amount as sterling in en-UK locale"},{"ancestorTitles":["printCurrency()"],"failureMessages":[],"fullName":"printCurrency() Should format amount as sterling in fr-FR locale","location":null,"status":"passed","title":"Should format amount as sterling in fr-FR locale"}],"endTime":1669156883095,"message":"","name":"/workspaces/32919_2/test/currency.test.js","startTime":1669156882822,"status":"passed","summary":""}],"wasInterrupted":false}