{"trialId":"32919_2","taskId":"find","appEvents":[{"timestamp":"2022-11-22T22:33:53.508Z","name":"search","data":"search-start"},{"timestamp":"2022-11-22T22:33:53.618Z","name":"resize","data":{"height":1240,"width":300}},{"timestamp":"2022-11-22T22:33:54.713Z","name":"search","data":"search-done"},{"timestamp":"2022-11-22T22:37:46.319Z","name":"resize","data":{"height":0,"width":0}}],"searches":[{"keywords":["find","item","in","array","by","value"],"context":{"tokens":[{"kind":"language","value":"javascript"}]},"timestamp":"2022-11-22T22:33:53.508Z","results":[{"signatures":[],"areSignaturesLoading":true,"title":"Find a value in an array of objects in Javascript - Stack Overflow","url":"https://stackoverflow.com/questions/12462318/find-a-value-in-an-array-of-objects-in-javascript","displayLink":"https://stackoverflow.com › questions › find-a-value-in-...","date":"Sep 17, 2012","snippet":"The find() method returns the first value that matches from the collection. Once it matches the value in findings, it will not check the ...","snippetHighlightWords":["find","value","value","check"]},{"signatures":[],"areSignaturesLoading":true,"title":"How to find if an array contains a specific string in JavaScript ...","url":"https://stackoverflow.com/questions/6116474/how-to-find-if-an-array-contains-a-specific-string-in-javascript-jquery","displayLink":"https://stackoverflow.com › questions › how-to-find-if-...","date":"May 24, 2011","snippet":"var found = categories.includes('specialword');. No comparisons and no confusing -1 results. It does what we want: it returns true ..."},{"signatures":[],"areSignaturesLoading":true,"title":"Find object with specific value in array - Stack Overflow","url":"https://stackoverflow.com/questions/52460473/find-object-with-specific-value-in-array","displayLink":"https://stackoverflow.com › questions › find-object-wit...","date":"Sep 22, 2018","snippet":"Now, I would like to check if my array contains an object with the name \"Mike\". How do I go about this in javascript? I am thinking something ...","snippetHighlightWords":["check","array","object","javascript"]},{"signatures":[],"areSignaturesLoading":true,"title":"Get JavaScript object from array of objects by value of property","url":"https://stackoverflow.com/questions/13964155/get-javascript-object-from-array-of-objects-by-value-of-property","displayLink":"https://stackoverflow.com › questions › get-javascript-o...","date":"Dec 20, 2012","snippet":"The find() method returns a value in the array, if an element in the array satisfies the provided testing function.","snippetHighlightWords":["find","value","array","element","array"]},{"signatures":[],"areSignaturesLoading":true,"title":"Find object by id in an array of JavaScript objects","url":"https://stackoverflow.com/questions/7364150/find-object-by-id-in-an-array-of-javascript-objects","displayLink":"https://stackoverflow.com › questions › find-object-by-i...","snippet":"Use the find() method: myArray.find(x => x.id === '45').foo;. From MDN: The find() method returns the first value in the array, ...","snippetHighlightWords":["find","find","find","value","array"],"extensions":["Sep 9, 2011","36 answers"]},{"signatures":[],"areSignaturesLoading":true,"title":"Find all matching elements with in an array of objects [duplicate]","url":"https://stackoverflow.com/questions/52311150/find-all-matching-elements-with-in-an-array-of-objects","displayLink":"https://stackoverflow.com › questions › find-all-matchi...","snippet":"Two things: first, Array.find() returns the first matching element, undefined if it finds nothing. Array.filter returns a new array ...","snippetHighlightWords":["Array","find","element","Array","array"],"extensions":["Sep 13, 2018","6 answers"]},{"signatures":[],"areSignaturesLoading":true,"title":"How do I check if an array includes a value in JavaScript?","url":"https://stackoverflow.com/questions/237104/how-do-i-check-if-an-array-includes-a-value-in-javascript","displayLink":"https://stackoverflow.com › questions › how-do-i-check...","snippet":"inArray is a terrible name for a function that returns the index of the element, and -1 if it doesn't exist. I would expect a boolean to be returned. – Tim. Jul ...","snippetHighlightWords":["element"]},{"signatures":[],"areSignaturesLoading":true,"title":"How can I find and update values in an array of objects?","url":"https://stackoverflow.com/questions/35206125/how-can-i-find-and-update-values-in-an-array-of-objects","displayLink":"https://stackoverflow.com › questions › how-can-i-find-...","date":"Feb 4, 2016","snippet":"var item = {...} var items = [{id:2}, {id:2}, {id: ...","snippetHighlightWords":["item"]},{"signatures":[],"areSignaturesLoading":true,"title":"Find an item in array and get whats left - Stack Overflow","url":"https://stackoverflow.com/questions/57607836/find-an-item-in-array-and-get-whats-left","displayLink":"https://stackoverflow.com › questions › find-an-item-in...","date":"Aug 22, 2019","snippet":"var fruit = [ \"apples\", \"pears\" ]; var alreadyHave = \"apples\"; for( var i = 0; i < fruit.length; i++){ if (! fruit[i] === alreadyHave) { fruit."},{"signatures":[],"areSignaturesLoading":true,"title":"Best way to find if an item is in a JavaScript array? [duplicate]","url":"https://stackoverflow.com/questions/143847/best-way-to-find-if-an-item-is-in-a-javascript-array","displayLink":"https://stackoverflow.com › questions › best-way-to-fin...","snippet":"Note that \"inArray\" is a misnomer, because it doesn't return boolean value - it returns index of first element found. So if you are checking if ...","extensions":["Sep 27, 2008","8 answers"]}],"events":[{"timestamp":"2022-11-22T22:33:53.527Z","url":"https://stackoverflow.com/questions/12462318/find-a-value-in-an-array-of-objects-in-javascript","component":"projection","action":"load","data":{"height":82,"width":269.890625,"wc":25,"lc":1}},{"timestamp":"2022-11-22T22:33:53.527Z","url":"https://stackoverflow.com/questions/6116474/how-to-find-if-an-array-contains-a-specific-string-in-javascript-jquery","component":"projection","action":"load","data":{"height":82,"width":271.21875,"wc":20,"lc":1}},{"timestamp":"2022-11-22T22:33:53.527Z","url":"https://stackoverflow.com/questions/52460473/find-object-with-specific-value-in-array","component":"projection","action":"load","data":{"height":82,"width":267.84375,"wc":29,"lc":1}},{"timestamp":"2022-11-22T22:33:53.527Z","url":"https://stackoverflow.com/questions/13964155/get-javascript-object-from-array-of-objects-by-value-of-property","component":"projection","action":"load","data":{"height":82,"width":269.875,"wc":20,"lc":1}},{"timestamp":"2022-11-22T22:33:53.527Z","url":"https://stackoverflow.com/questions/7364150/find-object-by-id-in-an-array-of-javascript-objects","component":"projection","action":"load","data":{"height":82,"width":268.25,"wc":22,"lc":1}},{"timestamp":"2022-11-22T22:33:53.527Z","url":"https://stackoverflow.com/questions/52311150/find-all-matching-elements-with-in-an-array-of-objects","component":"projection","action":"load","data":{"height":82,"width":255.640625,"wc":20,"lc":1}},{"timestamp":"2022-11-22T22:33:53.527Z","url":"https://stackoverflow.com/questions/237104/how-do-i-check-if-an-array-includes-a-value-in-javascript","component":"projection","action":"load","data":{"height":82,"width":262.609375,"wc":33,"lc":1}},{"timestamp":"2022-11-22T22:33:53.527Z","url":"https://stackoverflow.com/questions/35206125/how-can-i-find-and-update-values-in-an-array-of-objects","component":"projection","action":"load","data":{"height":38,"width":264.921875,"wc":11,"lc":1}},{"timestamp":"2022-11-22T22:33:53.527Z","url":"https://stackoverflow.com/questions/57607836/find-an-item-in-array-and-get-whats-left","component":"projection","action":"load","data":{"height":82,"width":262.6875,"wc":27,"lc":1}},{"timestamp":"2022-11-22T22:33:53.527Z","url":"https://stackoverflow.com/questions/143847/best-way-to-find-if-an-item-is-in-a-javascript-array","component":"projection","action":"load","data":{"height":82,"width":270.15625,"wc":27,"lc":1}},{"timestamp":"2022-11-22T22:33:53.980Z","url":"https://stackoverflow.com/questions/12462318/find-a-value-in-an-array-of-objects-in-javascript","component":"projection","action":"mouseenter"},{"timestamp":"2022-11-22T22:33:54.622Z","url":"https://stackoverflow.com/questions/12462318/find-a-value-in-an-array-of-objects-in-javascript","component":"projection","action":"mouseleave"},{"timestamp":"2022-11-22T22:33:54.713Z","url":"https://stackoverflow.com/questions/12462318/find-a-value-in-an-array-of-objects-in-javascript","component":"projection","action":"loaded","data":"projection 10 of 10"},{"timestamp":"2022-11-22T22:33:54.713Z","url":"https://stackoverflow.com/questions/6116474/how-to-find-if-an-array-contains-a-specific-string-in-javascript-jquery","component":"projection","action":"loaded","data":"projection 9 of 10"},{"timestamp":"2022-11-22T22:33:54.713Z","url":"https://stackoverflow.com/questions/52460473/find-object-with-specific-value-in-array","component":"projection","action":"loaded","data":"projection 8 of 10"},{"timestamp":"2022-11-22T22:33:54.713Z","url":"https://stackoverflow.com/questions/13964155/get-javascript-object-from-array-of-objects-by-value-of-property","component":"projection","action":"loaded","data":"projection 7 of 10"},{"timestamp":"2022-11-22T22:33:54.713Z","url":"https://stackoverflow.com/questions/7364150/find-object-by-id-in-an-array-of-javascript-objects","component":"projection","action":"loaded","data":"projection 6 of 10"},{"timestamp":"2022-11-22T22:33:54.713Z","url":"https://stackoverflow.com/questions/52311150/find-all-matching-elements-with-in-an-array-of-objects","component":"projection","action":"loaded","data":"projection 5 of 10"},{"timestamp":"2022-11-22T22:33:54.713Z","url":"https://stackoverflow.com/questions/237104/how-do-i-check-if-an-array-includes-a-value-in-javascript","component":"projection","action":"loaded","data":"projection 4 of 10"},{"timestamp":"2022-11-22T22:33:54.713Z","url":"https://stackoverflow.com/questions/35206125/how-can-i-find-and-update-values-in-an-array-of-objects","component":"projection","action":"loaded","data":"projection 3 of 10"},{"timestamp":"2022-11-22T22:33:54.713Z","url":"https://stackoverflow.com/questions/57607836/find-an-item-in-array-and-get-whats-left","component":"projection","action":"loaded","data":"projection 2 of 10"},{"timestamp":"2022-11-22T22:33:54.713Z","url":"https://stackoverflow.com/questions/143847/best-way-to-find-if-an-item-is-in-a-javascript-array","component":"projection","action":"loaded","data":"projection 1 of 10"},{"timestamp":"2022-11-22T22:36:20.231Z","url":"https://stackoverflow.com/questions/237104/how-do-i-check-if-an-array-includes-a-value-in-javascript","component":"projection","action":"mouseenter"},{"timestamp":"2022-11-22T22:36:20.243Z","url":"https://stackoverflow.com/questions/237104/how-do-i-check-if-an-array-includes-a-value-in-javascript","component":"projection","action":"mouseleave"},{"timestamp":"2022-11-22T22:36:20.298Z","url":"https://stackoverflow.com/questions/237104/how-do-i-check-if-an-array-includes-a-value-in-javascript","component":"projection","action":"mouseenter"},{"timestamp":"2022-11-22T22:36:20.328Z","url":"https://stackoverflow.com/questions/237104/how-do-i-check-if-an-array-includes-a-value-in-javascript","component":"projection","action":"mouseleave"},{"timestamp":"2022-11-22T22:37:00.212Z","url":"https://stackoverflow.com/questions/6116474/how-to-find-if-an-array-contains-a-specific-string-in-javascript-jquery","component":"projection","action":"mouseenter"},{"timestamp":"2022-11-22T22:37:00.599Z","url":"https://stackoverflow.com/questions/6116474/how-to-find-if-an-array-contains-a-specific-string-in-javascript-jquery","component":"projection","action":"mouseleave"},{"timestamp":"2022-11-22T22:37:00.600Z","url":"https://stackoverflow.com/questions/12462318/find-a-value-in-an-array-of-objects-in-javascript","component":"projection","action":"mouseenter"},{"timestamp":"2022-11-22T22:37:00.745Z","url":"https://stackoverflow.com/questions/12462318/find-a-value-in-an-array-of-objects-in-javascript","component":"projection","action":"mouseleave"},{"timestamp":"2022-11-22T22:37:02.326Z","url":"https://stackoverflow.com/questions/12462318/find-a-value-in-an-array-of-objects-in-javascript","component":"projection","action":"mouseenter"},{"timestamp":"2022-11-22T22:37:05.633Z","url":"https://stackoverflow.com/questions/12462318/find-a-value-in-an-array-of-objects-in-javascript","component":"projection","action":"mouseleave"}]}]}