{"trialId":"32919_2","taskId":"currency","appEvents":[{"timestamp":"2022-11-22T22:38:11.959Z","name":"resize","data":{"height":1240,"width":300}},{"timestamp":"2022-11-22T22:38:12.606Z","name":"search","data":"search-start"},{"timestamp":"2022-11-22T22:38:13.812Z","name":"search","data":"search-done"},{"timestamp":"2022-11-22T22:39:09.076Z","name":"resize","data":{"height":1240,"width":700}},{"timestamp":"2022-11-22T22:39:11.766Z","name":"resize","data":{"height":1240,"width":940}},{"timestamp":"2022-11-22T22:39:51.539Z","name":"search","data":"search-start"},{"timestamp":"2022-11-22T22:39:56.569Z","name":"search","data":"search-done"},{"timestamp":"2022-11-22T22:41:48.984Z","name":"resize","data":{"height":0,"width":0}}],"searches":[{"keywords":["format","currency"],"context":{"tokens":[{"kind":"language","value":"javascript"}]},"timestamp":"2022-11-22T22:38:12.606Z","results":[{"signatures":[],"areSignaturesLoading":true,"title":"How to format numbers as currency strings - Stack Overflow","url":"https://stackoverflow.com/questions/149055/how-to-format-numbers-as-currency-strings","displayLink":"https://stackoverflow.com › questions › how-to-format-...","date":"Sep 29, 2008","snippet":"All you need is to add the currency symbol (e.g. \"$\" + profits.toFixed(2) ) and you will have your amount in dollars. Custom function. If you ...","snippetHighlightWords":["currency"]},{"signatures":[],"areSignaturesLoading":true,"title":"How to format numbers as currency strings - Stack Overflow","url":"https://stackoverflow.com/questions/149055/how-to-format-numbers-as-currency-strings/5681208","displayLink":"https://stackoverflow.com › questions › how-to-format-...","date":"66 answers","snippet":"I found this from: accounting.js. It's very easy and perfectly fits my need. // Default usage: accounting.formatMoney(12345678); // $12,345,678.00 ...","snippetHighlightWords":["js"]},{"signatures":[],"areSignaturesLoading":true,"title":"How do I print currency format in JavaScript - Stack Overflow","url":"https://stackoverflow.com/questions/4022171/how-do-i-print-currency-format-in-javascript","displayLink":"https://stackoverflow.com › questions › how-do-i-print-...","snippet":"I am writing a function that takes the float price and returns the formatted currency value with currency code too. like fnPrice( 1001.01 ) should print $ ...","snippetHighlightWords":["currency","currency"]},{"signatures":[],"areSignaturesLoading":true,"title":"How to format currency in JavaScript? - Stack Overflow","url":"https://stackoverflow.com/questions/64297528/how-to-format-currency-in-javascript","displayLink":"https://stackoverflow.com › questions › how-to-format-...","date":"Oct 10, 2020","snippet":"I'm beginner in JavaScript and I'm rendering a list that contains some products. The product price format comes as follows: 3800 , 4000 , 11000 ...","snippetHighlightWords":["JavaScript","format"]},{"signatures":[],"areSignaturesLoading":true,"title":"How to format currency and time in javascript - Stack Overflow","url":"https://stackoverflow.com/questions/60689698/how-to-format-currency-and-time-in-javascript","displayLink":"https://stackoverflow.com › questions › how-to-format-...","date":"Mar 15, 2020","snippet":"To format as currency, you can use Intl.NumberFormat either with or without the currency symbol. It can be used via toLocaleString:.","snippetHighlightWords":["format","currency","currency"]},{"signatures":[],"areSignaturesLoading":true,"title":"Proper JS currency format with commas and decimals","url":"https://stackoverflow.com/questions/19664926/proper-js-currency-format-with-commas-and-decimals","displayLink":"https://stackoverflow.com › questions › proper-js-curre...","date":"Oct 29, 2013","snippet":"The value that you get from text fields is of type 'string'. When you do math on simple strings Javascript will automatically coerce them to ...","snippetHighlightWords":["Javascript"]},{"signatures":[],"areSignaturesLoading":true,"title":"Currency format in euro - javascript - Stack Overflow","url":"https://stackoverflow.com/questions/69668216/currency-format-in-euro","displayLink":"https://stackoverflow.com › questions › currency-forma...","snippet":"For your onChange event on the euro currency, you want to remove the . the same way you are removing the , for the dollars, ...","snippetHighlightWords":["currency"],"extensions":["Oct 21, 2021","1 answer"]},{"signatures":[],"areSignaturesLoading":true,"title":"Javascript Function to Format as Money - Stack Overflow","url":"https://stackoverflow.com/questions/40426965/javascript-function-to-format-as-money","displayLink":"https://stackoverflow.com › questions › javascript-funct...","date":"Nov 4, 2016","snippet":"String.prototype.formatMoney = function(places, symbol, thousand, decimal) { if((this).match(/^$/) && (this).indexOf(',') != -1 && (this)."},{"signatures":[],"areSignaturesLoading":true,"title":"Format currency in JavaScript removing .00 - Stack Overflow","url":"https://stackoverflow.com/questions/46235907/format-currency-in-javascript-removing-00","displayLink":"https://stackoverflow.com › questions › format-currenc...","date":"Sep 15, 2017","snippet":"NumberFormat has the more sensible behavior of rounding away from zero as opposed to other JavaScript methods like Math.round . For example, ...","snippetHighlightWords":["JavaScript"]},{"signatures":[],"areSignaturesLoading":true,"title":"Currency formatting using Intl.NumberFormat without currency ...","url":"https://stackoverflow.com/questions/68549027/currency-formatting-using-intl-numberformat-without-currency-symbol","displayLink":"https://stackoverflow.com › questions › currency-forma...","date":"Jul 27, 2021","snippet":"I am trying to use Intl as a default currency formatter and it is almost perfect. ... I find it bizarre that I spend over an hour looking for a ...","snippetHighlightWords":["currency formatter"]}],"events":[{"timestamp":"2022-11-22T22:38:12.618Z","url":"https://stackoverflow.com/questions/149055/how-to-format-numbers-as-currency-strings","component":"projection","action":"load","data":{"height":104,"width":265.640625,"wc":27,"lc":1}},{"timestamp":"2022-11-22T22:38:12.618Z","url":"https://stackoverflow.com/questions/149055/how-to-format-numbers-as-currency-strings/5681208","component":"projection","action":"load","data":{"height":104,"width":260.703125,"wc":20,"lc":1}},{"timestamp":"2022-11-22T22:38:12.618Z","url":"https://stackoverflow.com/questions/4022171/how-do-i-print-currency-format-in-javascript","component":"projection","action":"load","data":{"height":82,"width":268.125,"wc":28,"lc":1}},{"timestamp":"2022-11-22T22:38:12.618Z","url":"https://stackoverflow.com/questions/64297528/how-to-format-currency-in-javascript","component":"projection","action":"load","data":{"height":104,"width":268.4375,"wc":26,"lc":1}},{"timestamp":"2022-11-22T22:38:12.618Z","url":"https://stackoverflow.com/questions/60689698/how-to-format-currency-and-time-in-javascript","component":"projection","action":"load","data":{"height":82,"width":267.890625,"wc":21,"lc":1}},{"timestamp":"2022-11-22T22:38:12.618Z","url":"https://stackoverflow.com/questions/19664926/proper-js-currency-format-with-commas-and-decimals","component":"projection","action":"load","data":{"height":82,"width":269.828125,"wc":26,"lc":1}},{"timestamp":"2022-11-22T22:38:12.618Z","url":"https://stackoverflow.com/questions/69668216/currency-format-in-euro","component":"projection","action":"load","data":{"height":82,"width":253.6875,"wc":26,"lc":1}},{"timestamp":"2022-11-22T22:38:12.618Z","url":"https://stackoverflow.com/questions/40426965/javascript-function-to-format-as-money","component":"projection","action":"load","data":{"height":82,"width":218.96875,"wc":14,"lc":1}},{"timestamp":"2022-11-22T22:38:12.618Z","url":"https://stackoverflow.com/questions/46235907/format-currency-in-javascript-removing-00","component":"projection","action":"load","data":{"height":82,"width":266.4375,"wc":23,"lc":1}},{"timestamp":"2022-11-22T22:38:12.618Z","url":"https://stackoverflow.com/questions/68549027/currency-formatting-using-intl-numberformat-without-currency-symbol","component":"projection","action":"load","data":{"height":82,"width":272,"wc":31,"lc":1}},{"timestamp":"2022-11-22T22:38:12.686Z","url":"https://stackoverflow.com/questions/149055/how-to-format-numbers-as-currency-strings","component":"projection","action":"mouseenter"},{"timestamp":"2022-11-22T22:38:12.916Z","url":"https://stackoverflow.com/questions/149055/how-to-format-numbers-as-currency-strings","component":"projection","action":"mouseleave"},{"timestamp":"2022-11-22T22:38:13.340Z","url":"https://stackoverflow.com/questions/149055/how-to-format-numbers-as-currency-strings","component":"projection","action":"mouseenter"},{"timestamp":"2022-11-22T22:38:13.812Z","url":"https://stackoverflow.com/questions/149055/how-to-format-numbers-as-currency-strings","component":"projection","action":"loaded","data":"projection 10 of 10"},{"timestamp":"2022-11-22T22:38:13.812Z","url":"https://stackoverflow.com/questions/149055/how-to-format-numbers-as-currency-strings/5681208","component":"projection","action":"loaded","data":"projection 9 of 10"},{"timestamp":"2022-11-22T22:38:13.812Z","url":"https://stackoverflow.com/questions/4022171/how-do-i-print-currency-format-in-javascript","component":"projection","action":"loaded","data":"projection 8 of 10"},{"timestamp":"2022-11-22T22:38:13.812Z","url":"https://stackoverflow.com/questions/64297528/how-to-format-currency-in-javascript","component":"projection","action":"loaded","data":"projection 7 of 10"},{"timestamp":"2022-11-22T22:38:13.812Z","url":"https://stackoverflow.com/questions/60689698/how-to-format-currency-and-time-in-javascript","component":"projection","action":"loaded","data":"projection 6 of 10"},{"timestamp":"2022-11-22T22:38:13.812Z","url":"https://stackoverflow.com/questions/19664926/proper-js-currency-format-with-commas-and-decimals","component":"projection","action":"loaded","data":"projection 5 of 10"},{"timestamp":"2022-11-22T22:38:13.812Z","url":"https://stackoverflow.com/questions/69668216/currency-format-in-euro","component":"projection","action":"loaded","data":"projection 4 of 10"},{"timestamp":"2022-11-22T22:38:13.812Z","url":"https://stackoverflow.com/questions/40426965/javascript-function-to-format-as-money","component":"projection","action":"loaded","data":"projection 3 of 10"},{"timestamp":"2022-11-22T22:38:13.812Z","url":"https://stackoverflow.com/questions/46235907/format-currency-in-javascript-removing-00","component":"projection","action":"loaded","data":"projection 2 of 10"},{"timestamp":"2022-11-22T22:38:13.812Z","url":"https://stackoverflow.com/questions/68549027/currency-formatting-using-intl-numberformat-without-currency-symbol","component":"projection","action":"loaded","data":"projection 1 of 10"},{"timestamp":"2022-11-22T22:38:14.393Z","url":"https://stackoverflow.com/questions/149055/how-to-format-numbers-as-currency-strings","component":"page","action":"open"},{"timestamp":"2022-11-22T22:38:14.405Z","url":"https://stackoverflow.com/questions/149055/how-to-format-numbers-as-currency-strings","component":"projection","action":"mouseleave"},{"timestamp":"2022-11-22T22:38:23.422Z","url":"https://stackoverflow.com/questions/149055/how-to-format-numbers-as-currency-strings","component":"page","action":"load"},{"timestamp":"2022-11-22T22:38:40.541Z","url":"https://stackoverflow.com/questions/149055/how-to-format-numbers-as-currency-strings","component":"page","action":"scroll","data":{"viewport":{"x":0,"y":700,"height":1180,"width":296},"document":{"height":50575,"width":287},"question":{"identifier":"149055","top":-536.59375,"bottom":1228.34375,"right":263,"left":16,"width":247,"height":1764.9375},"answers":[{"identifier":"16233919","top":1345.625,"bottom":4632.328125,"right":263,"left":16,"width":247,"height":3286.703125},{"identifier":"149099","top":4632.328125,"bottom":8476.578125,"right":263,"left":16,"width":247,"height":3844.25},{"identifier":"14428340","top":8476.578125,"bottom":11854.234375,"right":263,"left":16,"width":247,"height":3377.65625},{"identifier":"149107","top":11854.234375,"bottom":14108.71875,"right":263,"left":16,"width":247,"height":2254.484375},{"identifier":"2866613","top":14108.71875,"bottom":16934.09375,"right":263,"left":16,"width":247,"height":2825.375},{"identifier":"26745078","top":16934.09375,"bottom":18132.78125,"right":263,"left":16,"width":247,"height":1198.6875},{"identifier":"7266497","top":18132.78125,"bottom":19164.78125,"right":263,"left":16,"width":247,"height":1032},{"identifier":"9318724","top":19164.78125,"bottom":20479.59375,"right":263,"left":16,"width":247,"height":1314.8125},{"identifier":"5342097","top":20479.59375,"bottom":21812.40625,"right":263,"left":16,"width":247,"height":1332.8125},{"identifier":"18994850","top":21812.40625,"bottom":23318.34375,"right":263,"left":16,"width":247,"height":1505.9375},{"identifier":"9318723","top":23318.34375,"bottom":23996.96875,"right":263,"left":16,"width":247,"height":678.625},{"identifier":"68536579","top":23996.96875,"bottom":24666.578125,"right":263,"left":16,"width":247,"height":669.609375},{"identifier":"149150","top":24666.578125,"bottom":25781.453125,"right":263,"left":16,"width":247,"height":1114.875},{"identifier":"12698339","top":25781.453125,"bottom":26691.265625,"right":263,"left":16,"width":247,"height":909.8125},{"identifier":"40079019","top":26691.265625,"bottom":28835.765625,"right":263,"left":16,"width":247,"height":2144.5},{"identifier":"6787083","top":28835.765625,"bottom":29905.703125,"right":263,"left":16,"width":247,"height":1069.9375},{"identifier":"6715476","top":29905.703125,"bottom":31015.265625,"right":263,"left":16,"width":247,"height":1109.5625},{"identifier":"8726353","top":31015.265625,"bottom":31620.328125,"right":263,"left":16,"width":247,"height":605.0625},{"identifier":"11270819","top":31620.328125,"bottom":33497.515625,"right":263,"left":16,"width":247,"height":1877.1875},{"identifier":"149080","top":33497.515625,"bottom":34409.765625,"right":263,"left":16,"width":247,"height":912.25},{"identifier":"60877747","top":34409.765625,"bottom":34933.25,"right":263,"left":16,"width":247,"height":523.484375},{"identifier":"1323064","top":34933.25,"bottom":36848.6875,"right":263,"left":16,"width":247,"height":1915.4375},{"identifier":"10168573","top":36848.6875,"bottom":37768.3125,"right":263,"left":16,"width":247,"height":919.625},{"identifier":"9327950","top":37768.3125,"bottom":38437.0625,"right":263,"left":16,"width":247,"height":668.75},{"identifier":"149120","top":38437.0625,"bottom":39178.6875,"right":263,"left":16,"width":247,"height":741.625},{"identifier":"12698442","top":39178.6875,"bottom":39714,"right":263,"left":16,"width":247,"height":535.3125},{"identifier":"3284302","top":39714,"bottom":41172.4375,"right":263,"left":16,"width":247,"height":1458.4375},{"identifier":"14735423","top":41172.4375,"bottom":42363.25,"right":263,"left":16,"width":247,"height":1190.8125},{"identifier":"54274936","top":42363.25,"bottom":42927.25,"right":263,"left":16,"width":247,"height":564},{"identifier":"23717185","top":42927.25,"bottom":47249.328125,"right":263,"left":16,"width":247,"height":4322.078125}]}},{"timestamp":"2022-11-22T22:38:43.151Z","url":"https://stackoverflow.com/questions/149055/how-to-format-numbers-as-currency-strings","component":"page","action":"scroll","data":{"viewport":{"x":0,"y":1791,"height":1180,"width":296},"document":{"height":50575,"width":287},"question":{"identifier":"149055","top":-1627.59375,"bottom":137.34375,"right":263,"left":16,"width":247,"height":1764.9375},"answers":[{"identifier":"16233919","top":254.625,"bottom":3541.328125,"right":263,"left":16,"width":247,"height":3286.703125},{"identifier":"149099","top":3541.328125,"bottom":7385.578125,"right":263,"left":16,"width":247,"height":3844.25},{"identifier":"14428340","top":7385.578125,"bottom":10763.234375,"right":263,"left":16,"width":247,"height":3377.65625},{"identifier":"149107","top":10763.234375,"bottom":13017.71875,"right":263,"left":16,"width":247,"height":2254.484375},{"identifier":"2866613","top":13017.71875,"bottom":15843.09375,"right":263,"left":16,"width":247,"height":2825.375},{"identifier":"26745078","top":15843.09375,"bottom":17041.78125,"right":263,"left":16,"width":247,"height":1198.6875},{"identifier":"7266497","top":17041.78125,"bottom":18073.78125,"right":263,"left":16,"width":247,"height":1032},{"identifier":"9318724","top":18073.78125,"bottom":19388.59375,"right":263,"left":16,"width":247,"height":1314.8125},{"identifier":"5342097","top":19388.59375,"bottom":20721.40625,"right":263,"left":16,"width":247,"height":1332.8125},{"identifier":"18994850","top":20721.40625,"bottom":22227.34375,"right":263,"left":16,"width":247,"height":1505.9375},{"identifier":"9318723","top":22227.34375,"bottom":22905.96875,"right":263,"left":16,"width":247,"height":678.625},{"identifier":"68536579","top":22905.96875,"bottom":23575.578125,"right":263,"left":16,"width":247,"height":669.609375},{"identifier":"149150","top":23575.578125,"bottom":24690.453125,"right":263,"left":16,"width":247,"height":1114.875},{"identifier":"12698339","top":24690.453125,"bottom":25600.265625,"right":263,"left":16,"width":247,"height":909.8125},{"identifier":"40079019","top":25600.265625,"bottom":27744.765625,"right":263,"left":16,"width":247,"height":2144.5},{"identifier":"6787083","top":27744.765625,"bottom":28814.703125,"right":263,"left":16,"width":247,"height":1069.9375},{"identifier":"6715476","top":28814.703125,"bottom":29924.265625,"right":263,"left":16,"width":247,"height":1109.5625},{"identifier":"8726353","top":29924.265625,"bottom":30529.328125,"right":263,"left":16,"width":247,"height":605.0625},{"identifier":"11270819","top":30529.328125,"bottom":32406.515625,"right":263,"left":16,"width":247,"height":1877.1875},{"identifier":"149080","top":32406.515625,"bottom":33318.765625,"right":263,"left":16,"width":247,"height":912.25},{"identifier":"60877747","top":33318.765625,"bottom":33842.25,"right":263,"left":16,"width":247,"height":523.484375},{"identifier":"1323064","top":33842.25,"bottom":35757.6875,"right":263,"left":16,"width":247,"height":1915.4375},{"identifier":"10168573","top":35757.6875,"bottom":36677.3125,"right":263,"left":16,"width":247,"height":919.625},{"identifier":"9327950","top":36677.3125,"bottom":37346.0625,"right":263,"left":16,"width":247,"height":668.75},{"identifier":"149120","top":37346.0625,"bottom":38087.6875,"right":263,"left":16,"width":247,"height":741.625},{"identifier":"12698442","top":38087.6875,"bottom":38623,"right":263,"left":16,"width":247,"height":535.3125},{"identifier":"3284302","top":38623,"bottom":40081.4375,"right":263,"left":16,"width":247,"height":1458.4375},{"identifier":"14735423","top":40081.4375,"bottom":41272.25,"right":263,"left":16,"width":247,"height":1190.8125},{"identifier":"54274936","top":41272.25,"bottom":41836.25,"right":263,"left":16,"width":247,"height":564},{"identifier":"23717185","top":41836.25,"bottom":46158.328125,"right":263,"left":16,"width":247,"height":4322.078125}]}},{"timestamp":"2022-11-22T22:38:44.067Z","url":"https://stackoverflow.com/questions/149055/how-to-format-numbers-as-currency-strings","component":"page","action":"close"},{"timestamp":"2022-11-22T22:38:44.380Z","url":"https://stackoverflow.com/questions/149055/how-to-format-numbers-as-currency-strings","component":"projection","action":"mouseenter"},{"timestamp":"2022-11-22T22:38:46.649Z","url":"https://stackoverflow.com/questions/149055/how-to-format-numbers-as-currency-strings","component":"projection","action":"selection","data":"e"},{"timestamp":"2022-11-22T22:38:47.081Z","url":"https://stackoverflow.com/questions/149055/how-to-format-numbers-as-currency-strings","component":"projection","action":"mouseleave"},{"timestamp":"2022-11-22T22:38:47.329Z","url":"https://stackoverflow.com/questions/149055/how-to-format-numbers-as-currency-strings","component":"projection","action":"mouseenter"},{"timestamp":"2022-11-22T22:38:48.078Z","url":"https://stackoverflow.com/questions/149055/how-to-format-numbers-as-currency-strings","component":"page","action":"open"},{"timestamp":"2022-11-22T22:38:48.090Z","url":"https://stackoverflow.com/questions/149055/how-to-format-numbers-as-currency-strings","component":"projection","action":"mouseleave"},{"timestamp":"2022-11-22T22:38:48.490Z","url":"https://stackoverflow.com/questions/149055/how-to-format-numbers-as-currency-strings","component":"page","action":"load"},{"timestamp":"2022-11-22T22:38:49.328Z","url":"https://stackoverflow.com/questions/149055/how-to-format-numbers-as-currency-strings","component":"page","action":"close"},{"timestamp":"2022-11-22T22:38:49.643Z","url":"https://stackoverflow.com/questions/149055/how-to-format-numbers-as-currency-strings/5681208","component":"projection","action":"mouseenter"},{"timestamp":"2022-11-22T22:38:49.891Z","url":"https://stackoverflow.com/questions/149055/how-to-format-numbers-as-currency-strings/5681208","component":"projection","action":"mouseleave"},{"timestamp":"2022-11-22T22:38:49.892Z","url":"https://stackoverflow.com/questions/64297528/how-to-format-currency-in-javascript","component":"projection","action":"mouseenter"},{"timestamp":"2022-11-22T22:38:49.928Z","url":"https://stackoverflow.com/questions/64297528/how-to-format-currency-in-javascript","component":"projection","action":"mouseleave"},{"timestamp":"2022-11-22T22:38:49.929Z","url":"https://stackoverflow.com/questions/60689698/how-to-format-currency-and-time-in-javascript","component":"projection","action":"mouseenter"},{"timestamp":"2022-11-22T22:38:50.515Z","url":"https://stackoverflow.com/questions/60689698/how-to-format-currency-and-time-in-javascript","component":"projection","action":"mouseleave"},{"timestamp":"2022-11-22T22:38:50.516Z","url":"https://stackoverflow.com/questions/4022171/how-do-i-print-currency-format-in-javascript","component":"projection","action":"mouseenter"},{"timestamp":"2022-11-22T22:38:50.576Z","url":"https://stackoverflow.com/questions/4022171/how-do-i-print-currency-format-in-javascript","component":"projection","action":"mouseleave"},{"timestamp":"2022-11-22T22:38:50.576Z","url":"https://stackoverflow.com/questions/149055/how-to-format-numbers-as-currency-strings/5681208","component":"projection","action":"mouseenter"},{"timestamp":"2022-11-22T22:38:51.248Z","url":"https://stackoverflow.com/questions/149055/how-to-format-numbers-as-currency-strings/5681208","component":"projection","action":"mouseleave"},{"timestamp":"2022-11-22T22:38:51.249Z","url":"https://stackoverflow.com/questions/149055/how-to-format-numbers-as-currency-strings","component":"projection","action":"mouseenter"},{"timestamp":"2022-11-22T22:38:51.767Z","url":"https://stackoverflow.com/questions/149055/how-to-format-numbers-as-currency-strings","component":"page","action":"open"},{"timestamp":"2022-11-22T22:38:51.776Z","url":"https://stackoverflow.com/questions/149055/how-to-format-numbers-as-currency-strings","component":"projection","action":"mouseleave"},{"timestamp":"2022-11-22T22:38:52.129Z","url":"https://stackoverflow.com/questions/149055/how-to-format-numbers-as-currency-strings","component":"page","action":"load"},{"timestamp":"2022-11-22T22:38:53.057Z","url":"https://stackoverflow.com/questions/149055/how-to-format-numbers-as-currency-strings","component":"page","action":"close"},{"timestamp":"2022-11-22T22:38:53.369Z","url":"https://stackoverflow.com/questions/149055/how-to-format-numbers-as-currency-strings","component":"projection","action":"mouseenter"},{"timestamp":"2022-11-22T22:38:53.587Z","url":"https://stackoverflow.com/questions/149055/how-to-format-numbers-as-currency-strings","component":"projection","action":"mouseleave"},{"timestamp":"2022-11-22T22:38:54.089Z","url":"https://stackoverflow.com/questions/149055/how-to-format-numbers-as-currency-strings","component":"projection","action":"mouseenter"},{"timestamp":"2022-11-22T22:38:55.763Z","url":"https://stackoverflow.com/questions/149055/how-to-format-numbers-as-currency-strings","component":"page","action":"open"},{"timestamp":"2022-11-22T22:38:55.774Z","url":"https://stackoverflow.com/questions/149055/how-to-format-numbers-as-currency-strings","component":"projection","action":"mouseleave"},{"timestamp":"2022-11-22T22:38:56.107Z","url":"https://stackoverflow.com/questions/149055/how-to-format-numbers-as-currency-strings","component":"page","action":"load"},{"timestamp":"2022-11-22T22:38:59.972Z","url":"https://stackoverflow.com/questions/149055/how-to-format-numbers-as-currency-strings","component":"page","action":"scroll","data":{"viewport":{"x":0,"y":1700,"height":1180,"width":296},"document":{"height":50578,"width":287},"question":{"identifier":"149055","top":-1536.59375,"bottom":228.34375,"right":263,"left":16,"width":247,"height":1764.9375},"answers":[{"identifier":"16233919","top":345.625,"bottom":3632.328125,"right":263,"left":16,"width":247,"height":3286.703125},{"identifier":"149099","top":3632.328125,"bottom":7476.578125,"right":263,"left":16,"width":247,"height":3844.25},{"identifier":"14428340","top":7476.578125,"bottom":10854.234375,"right":263,"left":16,"width":247,"height":3377.65625},{"identifier":"149107","top":10854.234375,"bottom":13108.71875,"right":263,"left":16,"width":247,"height":2254.484375},{"identifier":"2866613","top":13108.71875,"bottom":15934.09375,"right":263,"left":16,"width":247,"height":2825.375},{"identifier":"26745078","top":15934.09375,"bottom":17132.78125,"right":263,"left":16,"width":247,"height":1198.6875},{"identifier":"7266497","top":17132.78125,"bottom":18164.78125,"right":263,"left":16,"width":247,"height":1032},{"identifier":"9318724","top":18164.78125,"bottom":19479.59375,"right":263,"left":16,"width":247,"height":1314.8125},{"identifier":"5342097","top":19479.59375,"bottom":20812.40625,"right":263,"left":16,"width":247,"height":1332.8125},{"identifier":"18994850","top":20812.40625,"bottom":22318.34375,"right":263,"left":16,"width":247,"height":1505.9375},{"identifier":"9318723","top":22318.34375,"bottom":22996.96875,"right":263,"left":16,"width":247,"height":678.625},{"identifier":"68536579","top":22996.96875,"bottom":23666.578125,"right":263,"left":16,"width":247,"height":669.609375},{"identifier":"149150","top":23666.578125,"bottom":24781.453125,"right":263,"left":16,"width":247,"height":1114.875},{"identifier":"12698339","top":24781.453125,"bottom":25691.265625,"right":263,"left":16,"width":247,"height":909.8125},{"identifier":"40079019","top":25691.265625,"bottom":27835.765625,"right":263,"left":16,"width":247,"height":2144.5},{"identifier":"6787083","top":27835.765625,"bottom":28905.703125,"right":263,"left":16,"width":247,"height":1069.9375},{"identifier":"6715476","top":28905.703125,"bottom":30015.265625,"right":263,"left":16,"width":247,"height":1109.5625},{"identifier":"8726353","top":30015.265625,"bottom":30620.328125,"right":263,"left":16,"width":247,"height":605.0625},{"identifier":"11270819","top":30620.328125,"bottom":32497.515625,"right":263,"left":16,"width":247,"height":1877.1875},{"identifier":"149080","top":32497.515625,"bottom":33409.765625,"right":263,"left":16,"width":247,"height":912.25},{"identifier":"60877747","top":33409.765625,"bottom":33933.25,"right":263,"left":16,"width":247,"height":523.484375},{"identifier":"1323064","top":33933.25,"bottom":35848.6875,"right":263,"left":16,"width":247,"height":1915.4375},{"identifier":"10168573","top":35848.6875,"bottom":36768.3125,"right":263,"left":16,"width":247,"height":919.625},{"identifier":"9327950","top":36768.3125,"bottom":37437.0625,"right":263,"left":16,"width":247,"height":668.75},{"identifier":"149120","top":37437.0625,"bottom":38178.6875,"right":263,"left":16,"width":247,"height":741.625},{"identifier":"12698442","top":38178.6875,"bottom":38714,"right":263,"left":16,"width":247,"height":535.3125},{"identifier":"3284302","top":38714,"bottom":40172.4375,"right":263,"left":16,"width":247,"height":1458.4375},{"identifier":"14735423","top":40172.4375,"bottom":41363.25,"right":263,"left":16,"width":247,"height":1190.8125},{"identifier":"54274936","top":41363.25,"bottom":41927.25,"right":263,"left":16,"width":247,"height":564},{"identifier":"23717185","top":41927.25,"bottom":46249.328125,"right":263,"left":16,"width":247,"height":4322.078125}]}},{"timestamp":"2022-11-22T22:39:07.863Z","url":"https://stackoverflow.com/questions/149055/how-to-format-numbers-as-currency-strings","component":"page","action":"scroll","data":{"viewport":{"x":0,"y":1028,"height":1180,"width":649},"document":{"height":36700,"width":632},"question":{"identifier":"149055","top":-848.125,"bottom":110.96875,"right":616,"left":181,"width":435,"height":959.09375},"answers":[{"identifier":"16233919","top":208.5625,"bottom":2254.96875,"right":616,"left":181,"width":435,"height":2046.40625},{"identifier":"149099","top":2254.96875,"bottom":5070.421875,"right":616,"left":181,"width":435,"height":2815.453125},{"identifier":"14428340","top":5070.421875,"bottom":7369.859375,"right":616,"left":181,"width":435,"height":2299.4375},{"identifier":"149107","top":7369.859375,"bottom":8927.8125,"right":616,"left":181,"width":435,"height":1557.953125},{"identifier":"2866613","top":8927.8125,"bottom":10725.4375,"right":616,"left":181,"width":435,"height":1797.625},{"identifier":"26745078","top":10725.4375,"bottom":11489.4375,"right":616,"left":181,"width":435,"height":764},{"identifier":"7266497","top":11489.4375,"bottom":12109.25,"right":616,"left":181,"width":435,"height":619.8125},{"identifier":"9318724","top":12109.25,"bottom":13081.25,"right":616,"left":181,"width":435,"height":972},{"identifier":"5342097","top":13081.25,"bottom":14050.75,"right":616,"left":181,"width":435,"height":969.5},{"identifier":"18994850","top":14050.75,"bottom":15044.9375,"right":616,"left":181,"width":435,"height":994.1875},{"identifier":"9318723","top":15044.9375,"bottom":15528.25,"right":616,"left":181,"width":435,"height":483.3125},{"identifier":"68536579","top":15528.25,"bottom":16043.546875,"right":616,"left":181,"width":435,"height":515.296875},{"identifier":"149150","top":16043.546875,"bottom":16806.046875,"right":616,"left":181,"width":435,"height":762.5},{"identifier":"12698339","top":16806.046875,"bottom":17376.421875,"right":616,"left":181,"width":435,"height":570.375},{"identifier":"40079019","top":17376.421875,"bottom":19063.734375,"right":616,"left":181,"width":435,"height":1687.3125},{"identifier":"6787083","top":19063.734375,"bottom":19654.921875,"right":616,"left":181,"width":435,"height":591.1875},{"identifier":"6715476","top":19654.921875,"bottom":20319.671875,"right":616,"left":181,"width":435,"height":664.75},{"identifier":"8726353","top":20319.671875,"bottom":20803.546875,"right":616,"left":181,"width":435,"height":483.875},{"identifier":"11270819","top":20803.546875,"bottom":21933.484375,"right":616,"left":181,"width":435,"height":1129.9375},{"identifier":"149080","top":21933.484375,"bottom":22706.359375,"right":616,"left":181,"width":435,"height":772.875},{"identifier":"60877747","top":22706.359375,"bottom":23271.1875,"right":616,"left":181,"width":435,"height":564.828125},{"identifier":"1323064","top":23271.1875,"bottom":24979.75,"right":616,"left":181,"width":435,"height":1708.5625},{"identifier":"10168573","top":24979.75,"bottom":25686.8125,"right":616,"left":181,"width":435,"height":707.0625},{"identifier":"9327950","top":25686.8125,"bottom":26155.9375,"right":616,"left":181,"width":435,"height":469.125},{"identifier":"149120","top":26155.9375,"bottom":26805.6875,"right":616,"left":181,"width":435,"height":649.75},{"identifier":"12698442","top":26805.6875,"bottom":27256.1875,"right":616,"left":181,"width":435,"height":450.5},{"identifier":"3284302","top":27256.1875,"bottom":28309.5625,"right":616,"left":181,"width":435,"height":1053.375},{"identifier":"14735423","top":28309.5625,"bottom":29123.0625,"right":616,"left":181,"width":435,"height":813.5},{"identifier":"54274936","top":29123.0625,"bottom":29556.3125,"right":616,"left":181,"width":435,"height":433.25},{"identifier":"23717185","top":29556.3125,"bottom":33409,"right":616,"left":181,"width":435,"height":3852.6875}]}},{"timestamp":"2022-11-22T22:39:15.373Z","url":"https://stackoverflow.com/questions/149055/how-to-format-numbers-as-currency-strings","component":"page","action":"scroll","data":{"viewport":{"x":0,"y":728,"height":1180,"width":936},"document":{"height":29796,"width":919},"question":{"identifier":"149055","top":-609.5625,"bottom":69.84375,"right":903,"left":181,"width":722,"height":679.40625},"answers":[{"identifier":"16233919","top":167.4375,"bottom":1674.921875,"right":903,"left":181,"width":722,"height":1507.484375},{"identifier":"149099","top":1674.921875,"bottom":4065.6875,"right":903,"left":181,"width":722,"height":2390.765625},{"identifier":"14428340","top":4065.6875,"bottom":5948.140625,"right":903,"left":181,"width":722,"height":1882.453125},{"identifier":"149107","top":5948.140625,"bottom":7140.28125,"right":903,"left":181,"width":722,"height":1192.140625},{"identifier":"2866613","top":7140.28125,"bottom":8572.53125,"right":903,"left":181,"width":722,"height":1432.25},{"identifier":"26745078","top":8572.53125,"bottom":9142.09375,"right":903,"left":181,"width":722,"height":569.5625},{"identifier":"7266497","top":9142.09375,"bottom":9611.234375,"right":903,"left":181,"width":722,"height":469.140625},{"identifier":"9318724","top":9611.234375,"bottom":10357.671875,"right":903,"left":181,"width":722,"height":746.4375},{"identifier":"5342097","top":10357.671875,"bottom":11114.546875,"right":903,"left":181,"width":722,"height":756.875},{"identifier":"18994850","top":11114.546875,"bottom":11861.109375,"right":903,"left":181,"width":722,"height":746.5625},{"identifier":"9318723","top":11861.109375,"bottom":12214.546875,"right":903,"left":181,"width":722,"height":353.4375},{"identifier":"68536579","top":12214.546875,"bottom":12636.34375,"right":903,"left":181,"width":722,"height":421.796875},{"identifier":"149150","top":12636.34375,"bottom":13213.96875,"right":903,"left":181,"width":722,"height":577.625},{"identifier":"12698339","top":13213.96875,"bottom":13603.78125,"right":903,"left":181,"width":722,"height":389.8125},{"identifier":"40079019","top":13603.78125,"bottom":15051.65625,"right":903,"left":181,"width":722,"height":1447.875},{"identifier":"6787083","top":15051.65625,"bottom":15449.78125,"right":903,"left":181,"width":722,"height":398.125},{"identifier":"6715476","top":15449.78125,"bottom":15926.71875,"right":903,"left":181,"width":722,"height":476.9375},{"identifier":"8726353","top":15926.71875,"bottom":16284.59375,"right":903,"left":181,"width":722,"height":357.875},{"identifier":"11270819","top":16284.59375,"bottom":17108.03125,"right":903,"left":181,"width":722,"height":823.4375},{"identifier":"149080","top":17108.03125,"bottom":17754.90625,"right":903,"left":181,"width":722,"height":646.875},{"identifier":"60877747","top":17754.90625,"bottom":18306.09375,"right":903,"left":181,"width":722,"height":551.1875},{"identifier":"1323064","top":18306.09375,"bottom":19853.65625,"right":903,"left":181,"width":722,"height":1547.5625},{"identifier":"10168573","top":19853.65625,"bottom":20422.21875,"right":903,"left":181,"width":722,"height":568.5625},{"identifier":"9327950","top":20422.21875,"bottom":20779.65625,"right":903,"left":181,"width":722,"height":357.4375},{"identifier":"149120","top":20779.65625,"bottom":21324.71875,"right":903,"left":181,"width":722,"height":545.0625},{"identifier":"12698442","top":21324.71875,"bottom":21667.40625,"right":903,"left":181,"width":722,"height":342.6875},{"identifier":"3284302","top":21667.40625,"bottom":22532.96875,"right":903,"left":181,"width":722,"height":865.5625},{"identifier":"14735423","top":22532.96875,"bottom":23171.15625,"right":903,"left":181,"width":722,"height":638.1875},{"identifier":"54274936","top":23171.15625,"bottom":23499.71875,"right":903,"left":181,"width":722,"height":328.5625},{"identifier":"23717185","top":23499.71875,"bottom":27040.46875,"right":903,"left":181,"width":722,"height":3540.75}]}},{"timestamp":"2022-11-22T22:39:18.566Z","url":"https://stackoverflow.com/questions/149055/how-to-format-numbers-as-currency-strings","component":"page","action":"close"},{"timestamp":"2022-11-22T22:39:18.884Z","url":"https://stackoverflow.com/questions/149055/how-to-format-numbers-as-currency-strings","component":"projection","action":"mouseenter"},{"timestamp":"2022-11-22T22:39:18.932Z","url":"https://stackoverflow.com/questions/149055/how-to-format-numbers-as-currency-strings","component":"projection","action":"mouseleave"},{"timestamp":"2022-11-22T22:39:18.933Z","url":"https://stackoverflow.com/questions/149055/how-to-format-numbers-as-currency-strings/5681208","component":"projection","action":"mouseenter"},{"timestamp":"2022-11-22T22:39:20.389Z","url":"https://stackoverflow.com/questions/149055/how-to-format-numbers-as-currency-strings/5681208","component":"page","action":"open"},{"timestamp":"2022-11-22T22:39:20.400Z","url":"https://stackoverflow.com/questions/149055/how-to-format-numbers-as-currency-strings/5681208","component":"projection","action":"mouseleave"},{"timestamp":"2022-11-22T22:39:20.736Z","url":"https://stackoverflow.com/questions/149055/how-to-format-numbers-as-currency-strings/5681208","component":"page","action":"load"},{"timestamp":"2022-11-22T22:39:22.472Z","url":"https://stackoverflow.com/questions/149055/how-to-format-numbers-as-currency-strings/5681208","component":"page","action":"close"},{"timestamp":"2022-11-22T22:39:22.785Z","url":"https://stackoverflow.com/questions/149055/how-to-format-numbers-as-currency-strings","component":"projection","action":"mouseenter"},{"timestamp":"2022-11-22T22:39:22.791Z","url":"https://stackoverflow.com/questions/149055/how-to-format-numbers-as-currency-strings","component":"projection","action":"mouseleave"},{"timestamp":"2022-11-22T22:39:22.792Z","url":"https://stackoverflow.com/questions/149055/how-to-format-numbers-as-currency-strings/5681208","component":"projection","action":"mouseenter"},{"timestamp":"2022-11-22T22:39:22.869Z","url":"https://stackoverflow.com/questions/149055/how-to-format-numbers-as-currency-strings/5681208","component":"projection","action":"mouseleave"},{"timestamp":"2022-11-22T22:39:22.871Z","url":"https://stackoverflow.com/questions/4022171/how-do-i-print-currency-format-in-javascript","component":"projection","action":"mouseenter"},{"timestamp":"2022-11-22T22:39:23.740Z","url":"https://stackoverflow.com/questions/4022171/how-do-i-print-currency-format-in-javascript","component":"page","action":"open"},{"timestamp":"2022-11-22T22:39:23.750Z","url":"https://stackoverflow.com/questions/4022171/how-do-i-print-currency-format-in-javascript","component":"projection","action":"mouseleave"},{"timestamp":"2022-11-22T22:39:23.991Z","url":"https://stackoverflow.com/questions/4022171/how-do-i-print-currency-format-in-javascript","component":"page","action":"load"},{"timestamp":"2022-11-22T22:39:32.839Z","url":"https://stackoverflow.com/questions/4022171/how-do-i-print-currency-format-in-javascript","component":"page","action":"close"},{"timestamp":"2022-11-22T22:39:33.150Z","url":"https://stackoverflow.com/questions/149055/how-to-format-numbers-as-currency-strings","component":"projection","action":"mouseenter"},{"timestamp":"2022-11-22T22:39:33.295Z","url":"https://stackoverflow.com/questions/149055/how-to-format-numbers-as-currency-strings","component":"projection","action":"mouseleave"},{"timestamp":"2022-11-22T22:39:33.296Z","url":"https://stackoverflow.com/questions/149055/how-to-format-numbers-as-currency-strings/5681208","component":"projection","action":"mouseenter"},{"timestamp":"2022-11-22T22:39:33.501Z","url":"https://stackoverflow.com/questions/149055/how-to-format-numbers-as-currency-strings/5681208","component":"projection","action":"mouseleave"},{"timestamp":"2022-11-22T22:39:33.502Z","url":"https://stackoverflow.com/questions/149055/how-to-format-numbers-as-currency-strings","component":"projection","action":"mouseenter"},{"timestamp":"2022-11-22T22:39:33.707Z","url":"https://stackoverflow.com/questions/149055/how-to-format-numbers-as-currency-strings","component":"projection","action":"mouseleave"},{"timestamp":"2022-11-22T22:39:34.561Z","url":"https://stackoverflow.com/questions/149055/how-to-format-numbers-as-currency-strings","component":"projection","action":"mouseenter"},{"timestamp":"2022-11-22T22:39:34.888Z","url":"https://stackoverflow.com/questions/149055/how-to-format-numbers-as-currency-strings","component":"projection","action":"mouseleave"},{"timestamp":"2022-11-22T22:39:34.889Z","url":"https://stackoverflow.com/questions/149055/how-to-format-numbers-as-currency-strings/5681208","component":"projection","action":"mouseenter"},{"timestamp":"2022-11-22T22:39:35.027Z","url":"https://stackoverflow.com/questions/149055/how-to-format-numbers-as-currency-strings/5681208","component":"projection","action":"mouseleave"},{"timestamp":"2022-11-22T22:39:35.028Z","url":"https://stackoverflow.com/questions/4022171/how-do-i-print-currency-format-in-javascript","component":"projection","action":"mouseenter"},{"timestamp":"2022-11-22T22:39:35.179Z","url":"https://stackoverflow.com/questions/4022171/how-do-i-print-currency-format-in-javascript","component":"projection","action":"mouseleave"},{"timestamp":"2022-11-22T22:39:35.180Z","url":"https://stackoverflow.com/questions/64297528/how-to-format-currency-in-javascript","component":"projection","action":"mouseenter"},{"timestamp":"2022-11-22T22:39:37.745Z","url":"https://stackoverflow.com/questions/64297528/how-to-format-currency-in-javascript","component":"page","action":"open"},{"timestamp":"2022-11-22T22:39:37.757Z","url":"https://stackoverflow.com/questions/64297528/how-to-format-currency-in-javascript","component":"projection","action":"mouseleave"},{"timestamp":"2022-11-22T22:39:37.975Z","url":"https://stackoverflow.com/questions/64297528/how-to-format-currency-in-javascript","component":"page","action":"load"},{"timestamp":"2022-11-22T22:39:40.035Z","url":"https://stackoverflow.com/questions/64297528/how-to-format-currency-in-javascript","component":"page","action":"scroll","data":{"viewport":{"x":0,"y":300,"height":1180,"width":936},"document":{"height":3637,"width":919},"question":{"identifier":"64297528","top":-181.5625,"bottom":474.53125,"right":903,"left":181,"width":722,"height":656.09375},"answers":[{"identifier":"64302312","top":535.125,"bottom":982.1875,"right":903,"left":181,"width":722,"height":447.0625},{"identifier":"64297598","top":982.1875,"bottom":1372.765625,"right":903,"left":181,"width":722,"height":390.578125}]}},{"timestamp":"2022-11-22T22:39:41.818Z","url":"https://stackoverflow.com/questions/64297528/how-to-format-currency-in-javascript","component":"page","action":"scroll","data":{"viewport":{"x":0,"y":0,"height":1180,"width":936},"document":{"height":3637,"width":919},"question":{"identifier":"64297528","top":118.4375,"bottom":774.53125,"right":903,"left":181,"width":722,"height":656.09375},"answers":[{"identifier":"64302312","top":835.125,"bottom":1282.1875,"right":903,"left":181,"width":722,"height":447.0625},{"identifier":"64297598","top":1282.1875,"bottom":1672.765625,"right":903,"left":181,"width":722,"height":390.578125}]}},{"timestamp":"2022-11-22T22:39:41.976Z","url":"https://stackoverflow.com/questions/64297528/how-to-format-currency-in-javascript","component":"page","action":"close"},{"timestamp":"2022-11-22T22:39:42.291Z","url":"https://stackoverflow.com/questions/149055/how-to-format-numbers-as-currency-strings/5681208","component":"projection","action":"mouseenter"},{"timestamp":"2022-11-22T22:39:42.296Z","url":"https://stackoverflow.com/questions/149055/how-to-format-numbers-as-currency-strings/5681208","component":"projection","action":"mouseleave"},{"timestamp":"2022-11-22T22:39:42.297Z","url":"https://stackoverflow.com/questions/4022171/how-do-i-print-currency-format-in-javascript","component":"projection","action":"mouseenter"},{"timestamp":"2022-11-22T22:39:42.321Z","url":"https://stackoverflow.com/questions/4022171/how-do-i-print-currency-format-in-javascript","component":"projection","action":"mouseleave"},{"timestamp":"2022-11-22T22:39:42.322Z","url":"https://stackoverflow.com/questions/64297528/how-to-format-currency-in-javascript","component":"projection","action":"mouseenter"},{"timestamp":"2022-11-22T22:39:42.369Z","url":"https://stackoverflow.com/questions/64297528/how-to-format-currency-in-javascript","component":"projection","action":"mouseleave"},{"timestamp":"2022-11-22T22:39:42.370Z","url":"https://stackoverflow.com/questions/60689698/how-to-format-currency-and-time-in-javascript","component":"projection","action":"mouseenter"},{"timestamp":"2022-11-22T22:39:43.314Z","url":"https://stackoverflow.com/questions/60689698/how-to-format-currency-and-time-in-javascript","component":"projection","action":"mouseleave"},{"timestamp":"2022-11-22T22:39:43.315Z","url":"https://stackoverflow.com/questions/64297528/how-to-format-currency-in-javascript","component":"projection","action":"mouseenter"},{"timestamp":"2022-11-22T22:39:43.357Z","url":"https://stackoverflow.com/questions/64297528/how-to-format-currency-in-javascript","component":"projection","action":"mouseleave"},{"timestamp":"2022-11-22T22:39:43.358Z","url":"https://stackoverflow.com/questions/4022171/how-do-i-print-currency-format-in-javascript","component":"projection","action":"mouseenter"},{"timestamp":"2022-11-22T22:39:43.387Z","url":"https://stackoverflow.com/questions/4022171/how-do-i-print-currency-format-in-javascript","component":"projection","action":"mouseleave"},{"timestamp":"2022-11-22T22:39:43.388Z","url":"https://stackoverflow.com/questions/149055/how-to-format-numbers-as-currency-strings/5681208","component":"projection","action":"mouseenter"},{"timestamp":"2022-11-22T22:39:43.435Z","url":"https://stackoverflow.com/questions/149055/how-to-format-numbers-as-currency-strings/5681208","component":"projection","action":"mouseleave"},{"timestamp":"2022-11-22T22:39:43.437Z","url":"https://stackoverflow.com/questions/149055/how-to-format-numbers-as-currency-strings","component":"projection","action":"mouseenter"},{"timestamp":"2022-11-22T22:39:43.896Z","url":"https://stackoverflow.com/questions/149055/how-to-format-numbers-as-currency-strings","component":"projection","action":"mouseleave"}]},{"keywords":["format","currency","given","locale"],"context":{"tokens":[{"kind":"language","value":"javascript"}]},"timestamp":"2022-11-22T22:39:51.539Z","results":[{"signatures":[],"areSignaturesLoading":true,"title":"How to format numbers as currency strings - Stack Overflow","snippet":"All you need is to add the currency symbol (e.g. \"$\" + profits.toFixed(2) ) and you will have your amount in dollars. Custom function. If you ...","url":"https://stackoverflow.com/questions/149055/how-to-format-numbers-as-currency-strings","displayLink":"https://stackoverflow.com › questions › how-to-format-...","snippetHighlightWords":["currency"],"date":"Sep 29, 2008"},{"signatures":[],"areSignaturesLoading":true,"title":"Get the currency symbol for a locale - javascript - Stack Overflow","snippet":"How to get the currency symbol for a given currency string (\"GBP\", \"USD\" etc)? The best I've come up with seems ridiculously long winded, is ...","url":"https://stackoverflow.com/questions/50650503/get-the-currency-symbol-for-a-locale","displayLink":"https://stackoverflow.com › questions › get-the-currenc...","snippetHighlightWords":["currency","given currency string"],"date":"Jun 1, 2018"},{"signatures":[],"areSignaturesLoading":true,"title":"How to format a big number (represented by string) in ...","snippet":"I'd like to format the amount with thousand separators, a currency symbol, and NBSP/NNBSP handling, all with respect to provided locale.","url":"https://stackoverflow.com/questions/68848954/how-to-format-a-big-number-represented-by-string-in-javascript-with-currency-a","displayLink":"https://stackoverflow.com › questions › how-to-format-...","snippetHighlightWords":["format","currency","provided locale"],"date":"Aug 19, 2021"},{"signatures":[],"areSignaturesLoading":true,"title":"Format number to currency in locale pt-br - Stack Overflow","snippet":"I am going to assume that your text variable holds the amount in centavos (1 real = 100 centavos). Then you simply have to divide by 100 to ...","url":"https://stackoverflow.com/questions/66307763/format-number-to-currency-in-locale-pt-br","displayLink":"https://stackoverflow.com › questions › format-number...","date":"Feb 21, 2021 1 answer"},{"signatures":[],"areSignaturesLoading":true,"title":"Is there a functionality in JavaScript to convert values into ...","snippet":"How can I format numbers as money in JavaScript? ... so instead I made a prototype which formats the currency to the appropriate locale.","url":"https://stackoverflow.com/questions/5314237/is-there-a-functionality-in-javascript-to-convert-values-into-specific-locale-fo","displayLink":"https://stackoverflow.com › questions › is-there-a-functi...","snippetHighlightWords":["format numbers","money","JavaScript","currency","locale"],"date":"Mar 15, 2011"},{"signatures":[],"areSignaturesLoading":true,"title":"javascript - Differences in currency formatting using Number ...","snippet":"I've been looking into locale aware number ...","url":"https://stackoverflow.com/questions/56057751/differences-in-currency-formatting-using-number-tolocalestring","displayLink":"https://stackoverflow.com › questions › differences-in-c...","snippetHighlightWords":["locale"],"date":"May 9, 2019"},{"signatures":[],"areSignaturesLoading":true,"title":"How to format prices in JS [duplicate] - Stack Overflow","snippet":"(10000).toLocaleString(xxxx, { style: 'currency', currency: 'USD', });.","url":"https://stackoverflow.com/questions/71483712/how-to-format-prices-in-js","displayLink":"https://stackoverflow.com › questions › how-to-format-...","snippetHighlightWords":["currency","currency"],"date":"Mar 15, 2022"},{"signatures":[],"areSignaturesLoading":true,"title":"How to get the actual currency symbol from ... - Stack Overflow","snippet":"const formatter new Intl.NumberFormat('de-DE', { style: 'currency', ... Now what I like is to actually get the symbol (given the locale).","url":"https://stackoverflow.com/questions/73184966/how-to-get-the-actual-currency-symbol-from-the-internationalization-standard","displayLink":"https://stackoverflow.com › questions › how-to-get-the-...","snippetHighlightWords":["formatter","currency","given","locale"],"date":"Jul 31, 2022"},{"signatures":[],"areSignaturesLoading":true,"title":"How to format a price according to a local code (i.e. en_GB ...","snippet":"I don't know if there is a filter available with your currency filtering but you could create a custom filter that uses accounting.js to do ...","url":"https://stackoverflow.com/questions/32746391/how-to-format-a-price-according-to-a-local-code-i-e-en-gb-it-it","displayLink":"https://stackoverflow.com › questions › how-to-format-...","snippetHighlightWords":["currency","js"],"date":"Sep 23, 2015 2 answers"},{"signatures":[],"areSignaturesLoading":true,"title":"Javascript Number and Currency localization - Stack Overflow","snippet":"Most modern browsers have built in support internationalisation in the form of the global Intl object and extensions to Number, String & Date.","url":"https://stackoverflow.com/questions/5624173/javascript-number-and-currency-localization","displayLink":"https://stackoverflow.com › questions › javascript-num...","snippetHighlightWords":["String"],"date":"4 answers"}],"events":[{"timestamp":"2022-11-22T22:39:55.375Z","url":"https://stackoverflow.com/questions/149055/how-to-format-numbers-as-currency-strings","component":"projection","action":"load","data":{"height":38,"width":878.703125,"wc":27,"lc":1}},{"timestamp":"2022-11-22T22:39:55.375Z","url":"https://stackoverflow.com/questions/50650503/get-the-currency-symbol-for-a-locale","component":"projection","action":"load","data":{"height":38,"width":899.09375,"wc":26,"lc":1}},{"timestamp":"2022-11-22T22:39:55.375Z","url":"https://stackoverflow.com/questions/68848954/how-to-format-a-big-number-represented-by-string-in-javascript-with-currency-a","component":"projection","action":"load","data":{"height":38,"width":879.65625,"wc":21,"lc":1}},{"timestamp":"2022-11-22T22:39:55.375Z","url":"https://stackoverflow.com/questions/66307763/format-number-to-currency-in-locale-pt-br","component":"projection","action":"load","data":{"height":38,"width":893.3125,"wc":29,"lc":1}},{"timestamp":"2022-11-22T22:39:55.375Z","url":"https://stackoverflow.com/questions/5314237/is-there-a-functionality-in-javascript-to-convert-values-into-specific-locale-fo","component":"projection","action":"load","data":{"height":38,"width":873.53125,"wc":24,"lc":1}},{"timestamp":"2022-11-22T22:39:55.375Z","url":"https://stackoverflow.com/questions/56057751/differences-in-currency-formatting-using-number-tolocalestring","component":"projection","action":"load","data":{"height":16,"width":288.234375,"wc":8,"lc":1}},{"timestamp":"2022-11-22T22:39:55.375Z","url":"https://stackoverflow.com/questions/71483712/how-to-format-prices-in-js","component":"projection","action":"load","data":{"height":16,"width":433.359375,"wc":7,"lc":1}},{"timestamp":"2022-11-22T22:39:55.375Z","url":"https://stackoverflow.com/questions/73184966/how-to-get-the-actual-currency-symbol-from-the-internationalization-standard","component":"projection","action":"load","data":{"height":38,"width":890.28125,"wc":21,"lc":1}},{"timestamp":"2022-11-22T22:39:55.375Z","url":"https://stackoverflow.com/questions/32746391/how-to-format-a-price-according-to-a-local-code-i-e-en-gb-it-it","component":"projection","action":"load","data":{"height":38,"width":877,"wc":26,"lc":1}},{"timestamp":"2022-11-22T22:39:55.375Z","url":"https://stackoverflow.com/questions/5624173/javascript-number-and-currency-localization","component":"projection","action":"load","data":{"height":38,"width":876.15625,"wc":23,"lc":1}},{"timestamp":"2022-11-22T22:39:56.412Z","url":"https://stackoverflow.com/questions/149055/how-to-format-numbers-as-currency-strings","component":"projection","action":"mouseenter"},{"timestamp":"2022-11-22T22:39:56.569Z","url":"https://stackoverflow.com/questions/149055/how-to-format-numbers-as-currency-strings","component":"projection","action":"loaded","data":"projection 10 of 10"},{"timestamp":"2022-11-22T22:39:56.569Z","url":"https://stackoverflow.com/questions/50650503/get-the-currency-symbol-for-a-locale","component":"projection","action":"loaded","data":"projection 9 of 10"},{"timestamp":"2022-11-22T22:39:56.569Z","url":"https://stackoverflow.com/questions/68848954/how-to-format-a-big-number-represented-by-string-in-javascript-with-currency-a","component":"projection","action":"loaded","data":"projection 8 of 10"},{"timestamp":"2022-11-22T22:39:56.569Z","url":"https://stackoverflow.com/questions/66307763/format-number-to-currency-in-locale-pt-br","component":"projection","action":"loaded","data":"projection 7 of 10"},{"timestamp":"2022-11-22T22:39:56.569Z","url":"https://stackoverflow.com/questions/5314237/is-there-a-functionality-in-javascript-to-convert-values-into-specific-locale-fo","component":"projection","action":"loaded","data":"projection 6 of 10"},{"timestamp":"2022-11-22T22:39:56.569Z","url":"https://stackoverflow.com/questions/56057751/differences-in-currency-formatting-using-number-tolocalestring","component":"projection","action":"loaded","data":"projection 5 of 10"},{"timestamp":"2022-11-22T22:39:56.569Z","url":"https://stackoverflow.com/questions/71483712/how-to-format-prices-in-js","component":"projection","action":"loaded","data":"projection 4 of 10"},{"timestamp":"2022-11-22T22:39:56.569Z","url":"https://stackoverflow.com/questions/73184966/how-to-get-the-actual-currency-symbol-from-the-internationalization-standard","component":"projection","action":"loaded","data":"projection 3 of 10"},{"timestamp":"2022-11-22T22:39:56.569Z","url":"https://stackoverflow.com/questions/32746391/how-to-format-a-price-according-to-a-local-code-i-e-en-gb-it-it","component":"projection","action":"loaded","data":"projection 2 of 10"},{"timestamp":"2022-11-22T22:39:56.569Z","url":"https://stackoverflow.com/questions/5624173/javascript-number-and-currency-localization","component":"projection","action":"loaded","data":"projection 1 of 10"},{"timestamp":"2022-11-22T22:39:56.848Z","url":"https://stackoverflow.com/questions/149055/how-to-format-numbers-as-currency-strings","component":"page","action":"open"},{"timestamp":"2022-11-22T22:39:56.861Z","url":"https://stackoverflow.com/questions/149055/how-to-format-numbers-as-currency-strings","component":"projection","action":"mouseleave"},{"timestamp":"2022-11-22T22:39:57.555Z","url":"https://stackoverflow.com/questions/149055/how-to-format-numbers-as-currency-strings","component":"page","action":"load"},{"timestamp":"2022-11-22T22:40:01.932Z","url":"https://stackoverflow.com/questions/149055/how-to-format-numbers-as-currency-strings","component":"page","action":"scroll","data":{"viewport":{"x":0,"y":400,"height":1180,"width":936},"document":{"height":29796,"width":919},"question":{"identifier":"149055","top":-281.5625,"bottom":397.84375,"right":903,"left":181,"width":722,"height":679.40625},"answers":[{"identifier":"16233919","top":495.4375,"bottom":2002.921875,"right":903,"left":181,"width":722,"height":1507.484375},{"identifier":"149099","top":2002.921875,"bottom":4393.6875,"right":903,"left":181,"width":722,"height":2390.765625},{"identifier":"14428340","top":4393.6875,"bottom":6276.140625,"right":903,"left":181,"width":722,"height":1882.453125},{"identifier":"149107","top":6276.140625,"bottom":7468.28125,"right":903,"left":181,"width":722,"height":1192.140625},{"identifier":"2866613","top":7468.28125,"bottom":8900.53125,"right":903,"left":181,"width":722,"height":1432.25},{"identifier":"26745078","top":8900.53125,"bottom":9470.09375,"right":903,"left":181,"width":722,"height":569.5625},{"identifier":"7266497","top":9470.09375,"bottom":9939.234375,"right":903,"left":181,"width":722,"height":469.140625},{"identifier":"9318724","top":9939.234375,"bottom":10685.671875,"right":903,"left":181,"width":722,"height":746.4375},{"identifier":"5342097","top":10685.671875,"bottom":11442.546875,"right":903,"left":181,"width":722,"height":756.875},{"identifier":"18994850","top":11442.546875,"bottom":12189.109375,"right":903,"left":181,"width":722,"height":746.5625},{"identifier":"9318723","top":12189.109375,"bottom":12542.546875,"right":903,"left":181,"width":722,"height":353.4375},{"identifier":"68536579","top":12542.546875,"bottom":12964.34375,"right":903,"left":181,"width":722,"height":421.796875},{"identifier":"149150","top":12964.34375,"bottom":13541.96875,"right":903,"left":181,"width":722,"height":577.625},{"identifier":"12698339","top":13541.96875,"bottom":13931.78125,"right":903,"left":181,"width":722,"height":389.8125},{"identifier":"40079019","top":13931.78125,"bottom":15379.65625,"right":903,"left":181,"width":722,"height":1447.875},{"identifier":"6787083","top":15379.65625,"bottom":15777.78125,"right":903,"left":181,"width":722,"height":398.125},{"identifier":"6715476","top":15777.78125,"bottom":16254.71875,"right":903,"left":181,"width":722,"height":476.9375},{"identifier":"8726353","top":16254.71875,"bottom":16612.59375,"right":903,"left":181,"width":722,"height":357.875},{"identifier":"11270819","top":16612.59375,"bottom":17436.03125,"right":903,"left":181,"width":722,"height":823.4375},{"identifier":"149080","top":17436.03125,"bottom":18082.90625,"right":903,"left":181,"width":722,"height":646.875},{"identifier":"60877747","top":18082.90625,"bottom":18634.09375,"right":903,"left":181,"width":722,"height":551.1875},{"identifier":"1323064","top":18634.09375,"bottom":20181.65625,"right":903,"left":181,"width":722,"height":1547.5625},{"identifier":"10168573","top":20181.65625,"bottom":20750.21875,"right":903,"left":181,"width":722,"height":568.5625},{"identifier":"9327950","top":20750.21875,"bottom":21107.65625,"right":903,"left":181,"width":722,"height":357.4375},{"identifier":"149120","top":21107.65625,"bottom":21652.71875,"right":903,"left":181,"width":722,"height":545.0625},{"identifier":"12698442","top":21652.71875,"bottom":21995.40625,"right":903,"left":181,"width":722,"height":342.6875},{"identifier":"3284302","top":21995.40625,"bottom":22860.96875,"right":903,"left":181,"width":722,"height":865.5625},{"identifier":"14735423","top":22860.96875,"bottom":23499.15625,"right":903,"left":181,"width":722,"height":638.1875},{"identifier":"54274936","top":23499.15625,"bottom":23827.71875,"right":903,"left":181,"width":722,"height":328.5625},{"identifier":"23717185","top":23827.71875,"bottom":27368.46875,"right":903,"left":181,"width":722,"height":3540.75}]}},{"timestamp":"2022-11-22T22:40:02.736Z","url":"https://stackoverflow.com/questions/149055/how-to-format-numbers-as-currency-strings","component":"page","action":"scroll","data":{"viewport":{"x":0,"y":500,"height":1180,"width":936},"document":{"height":29796,"width":919},"question":{"identifier":"149055","top":-381.5625,"bottom":297.84375,"right":903,"left":181,"width":722,"height":679.40625},"answers":[{"identifier":"16233919","top":395.4375,"bottom":1902.921875,"right":903,"left":181,"width":722,"height":1507.484375},{"identifier":"149099","top":1902.921875,"bottom":4293.6875,"right":903,"left":181,"width":722,"height":2390.765625},{"identifier":"14428340","top":4293.6875,"bottom":6176.140625,"right":903,"left":181,"width":722,"height":1882.453125},{"identifier":"149107","top":6176.140625,"bottom":7368.28125,"right":903,"left":181,"width":722,"height":1192.140625},{"identifier":"2866613","top":7368.28125,"bottom":8800.53125,"right":903,"left":181,"width":722,"height":1432.25},{"identifier":"26745078","top":8800.53125,"bottom":9370.09375,"right":903,"left":181,"width":722,"height":569.5625},{"identifier":"7266497","top":9370.09375,"bottom":9839.234375,"right":903,"left":181,"width":722,"height":469.140625},{"identifier":"9318724","top":9839.234375,"bottom":10585.671875,"right":903,"left":181,"width":722,"height":746.4375},{"identifier":"5342097","top":10585.671875,"bottom":11342.546875,"right":903,"left":181,"width":722,"height":756.875},{"identifier":"18994850","top":11342.546875,"bottom":12089.109375,"right":903,"left":181,"width":722,"height":746.5625},{"identifier":"9318723","top":12089.109375,"bottom":12442.546875,"right":903,"left":181,"width":722,"height":353.4375},{"identifier":"68536579","top":12442.546875,"bottom":12864.34375,"right":903,"left":181,"width":722,"height":421.796875},{"identifier":"149150","top":12864.34375,"bottom":13441.96875,"right":903,"left":181,"width":722,"height":577.625},{"identifier":"12698339","top":13441.96875,"bottom":13831.78125,"right":903,"left":181,"width":722,"height":389.8125},{"identifier":"40079019","top":13831.78125,"bottom":15279.65625,"right":903,"left":181,"width":722,"height":1447.875},{"identifier":"6787083","top":15279.65625,"bottom":15677.78125,"right":903,"left":181,"width":722,"height":398.125},{"identifier":"6715476","top":15677.78125,"bottom":16154.71875,"right":903,"left":181,"width":722,"height":476.9375},{"identifier":"8726353","top":16154.71875,"bottom":16512.59375,"right":903,"left":181,"width":722,"height":357.875},{"identifier":"11270819","top":16512.59375,"bottom":17336.03125,"right":903,"left":181,"width":722,"height":823.4375},{"identifier":"149080","top":17336.03125,"bottom":17982.90625,"right":903,"left":181,"width":722,"height":646.875},{"identifier":"60877747","top":17982.90625,"bottom":18534.09375,"right":903,"left":181,"width":722,"height":551.1875},{"identifier":"1323064","top":18534.09375,"bottom":20081.65625,"right":903,"left":181,"width":722,"height":1547.5625},{"identifier":"10168573","top":20081.65625,"bottom":20650.21875,"right":903,"left":181,"width":722,"height":568.5625},{"identifier":"9327950","top":20650.21875,"bottom":21007.65625,"right":903,"left":181,"width":722,"height":357.4375},{"identifier":"149120","top":21007.65625,"bottom":21552.71875,"right":903,"left":181,"width":722,"height":545.0625},{"identifier":"12698442","top":21552.71875,"bottom":21895.40625,"right":903,"left":181,"width":722,"height":342.6875},{"identifier":"3284302","top":21895.40625,"bottom":22760.96875,"right":903,"left":181,"width":722,"height":865.5625},{"identifier":"14735423","top":22760.96875,"bottom":23399.15625,"right":903,"left":181,"width":722,"height":638.1875},{"identifier":"54274936","top":23399.15625,"bottom":23727.71875,"right":903,"left":181,"width":722,"height":328.5625},{"identifier":"23717185","top":23727.71875,"bottom":27268.46875,"right":903,"left":181,"width":722,"height":3540.75}]}},{"timestamp":"2022-11-22T22:40:31.468Z","url":"https://stackoverflow.com/questions/149055/how-to-format-numbers-as-currency-strings","component":"page","action":"copy","data":"const formatter = new Intl.NumberFormat('en-US', {\n  style: 'currency',\n  currency: 'USD',\n\n  // These options are needed to round to whole numbers if that's what you want.\n  //minimumFractionDigits: 0, // (this suffices for whole numbers, but will print 2500.10 as $2,500.1)\n  //maximumFractionDigits: 0, // (causes 2500.99 to be printed as $2,501)\n});"},{"timestamp":"2022-11-22T22:40:31.581Z","url":"https://stackoverflow.com/questions/149055/how-to-format-numbers-as-currency-strings","component":"page","action":"selection","data":"const formatter = new Intl.NumberFormat('en-US', {\n  style: 'currency',\n  currency: 'USD',\n\n  // These options are needed to round to whole numbers if that's what you want.\n  //minimumFractionDigits: 0, // (this suffices for whole numbers, but will print 2500.10 as $2,500.1)\n  //maximumFractionDigits: 0, // (causes 2500.99 to be printed as $2,501)\n});"}]}]}