{"trialId":"32919_2","taskId":"recent","appEvents":[{"timestamp":"2022-11-22T22:49:38.695Z","name":"resize","data":{"height":1240,"width":940}},{"timestamp":"2022-11-22T22:51:44.945Z","name":"search","data":"search-start"},{"timestamp":"2022-11-22T22:51:49.665Z","name":"search","data":"search-done"},{"timestamp":"2022-11-22T22:52:00.215Z","name":"search","data":"search-start"},{"timestamp":"2022-11-22T22:52:03.174Z","name":"search","data":"search-done"},{"timestamp":"2022-11-22T22:52:10.445Z","name":"search","data":"search-start"},{"timestamp":"2022-11-22T22:52:13.430Z","name":"search","data":"search-done"},{"timestamp":"2022-11-22T22:52:26.189Z","name":"search","data":"search-start"},{"timestamp":"2022-11-22T22:52:32.193Z","name":"search-error","data":{"message":"The user aborted a request."}},{"timestamp":"2022-11-22T22:52:34.755Z","name":"search","data":"search-start"},{"timestamp":"2022-11-22T22:52:36.201Z","name":"search","data":"search-done"}],"searches":[{"keywords":["js","get","start","date","given","time","unti"],"context":{"tokens":[{"kind":"library","value":"moment"},{"kind":"language","value":"javascript"}]},"timestamp":"2022-11-22T22:51:44.944Z","results":[{"signatures":[],"areSignaturesLoading":true,"title":"MomentJs get \"time until\" with two variables - Stack Overflow","snippet":"1 Answer 1 ... You can use moment.duration to calculate the dateArray value. Duration has years() , months() , days() , hours() , minutes() , ...","url":"https://stackoverflow.com/questions/42031436/momentjs-get-time-until-with-two-variables","displayLink":"https://stackoverflow.com › questions › momentjs-get-ti...","snippetHighlightWords":["moment"],"date":"Feb 3, 2017 1 answer"},{"signatures":[],"areSignaturesLoading":true,"title":"How to set time with date in momentjs - Stack Overflow","snippet":"Moment.js does not provide a way to set the time of an existing moment through a string. Why not just concatenate the two: var date ...","url":"https://stackoverflow.com/questions/42515588/how-to-set-time-with-date-in-momentjs","displayLink":"https://stackoverflow.com › questions › how-to-set-time...","snippetHighlightWords":["Moment","js","time","date"],"date":"Feb 28, 2017 5 answers"},{"signatures":[],"areSignaturesLoading":true,"title":"How can I remove time from date with Moment.js?","snippet":"You can use any of these or change the input passed into moment().format(). For example, for your case you can pass moment.utc(dateTime).format('MMMM D, YYYY') ...","url":"https://stackoverflow.com/questions/15130735/how-can-i-remove-time-from-date-with-moment-js","displayLink":"https://stackoverflow.com › questions › how-can-i-rem...","snippetHighlightWords":["moment","moment"]},{"signatures":[],"areSignaturesLoading":true,"title":"Moment JS start and end of given month - Stack Overflow","snippet":"Show activity on this post. I need to calculate a JS date given year=2014 and month=9 (September 2014).","url":"https://stackoverflow.com/questions/26131003/moment-js-start-and-end-of-given-month","displayLink":"https://stackoverflow.com › questions › moment-js-start...","snippetHighlightWords":["JS date given"],"date":"Sep 30, 2014"},{"signatures":[],"areSignaturesLoading":true,"title":"Moment.js getting duration from now until future date","snippet":"I am trying to implement a countdown timer by getting each part of the time until the event (minutes, seconds, etc), with support for ...","url":"https://stackoverflow.com/questions/71446482/moment-js-getting-duration-from-now-until-future-date","displayLink":"https://stackoverflow.com › questions › moment-js-getti...","snippetHighlightWords":["getting","time until","with"],"date":"Mar 12, 2022"},{"signatures":[],"areSignaturesLoading":true,"title":"Moment.js transform to date object - javascript - Stack Overflow","snippet":"11 Answers 11 · While the moment constructor can take a Date , it is usually best to not use one. For \"now\", don't use moment(new Date()) . Instead, just use ...","url":"https://stackoverflow.com/questions/17987647/moment-js-transform-to-date-object","displayLink":"https://stackoverflow.com › questions › moment-js-tran...","snippetHighlightWords":["moment","Date","one","moment","Date"]},{"signatures":[],"areSignaturesLoading":true,"title":"Getting Moment JS to display time ago up to yesterday then ...","snippet":"Edit: If the target date happens to be today, and you want to display 'Today' instead of moment's default '15 hours ago', just check for a ...","url":"https://stackoverflow.com/questions/46187726/getting-moment-js-to-display-time-ago-up-to-yesterday-then-start-displaying-a-fo","displayLink":"https://stackoverflow.com › questions › getting-moment...","snippetHighlightWords":["date","moment's"],"date":"Sep 13, 2017"},{"signatures":[],"areSignaturesLoading":true,"title":"Days/Weeks ago from specific date with Moment.js","snippet":"You can do this with momentjs diff() method, which can return the difference between two dates in days , weeks , months , hours , minutes ...","url":"https://stackoverflow.com/questions/51642623/days-weeks-ago-from-specific-date-with-moment-js","displayLink":"https://stackoverflow.com › questions › days-weeks-ago...","snippetHighlightWords":["with momentjs","dates"],"date":"Aug 1, 2018 2 answers"},{"signatures":[],"areSignaturesLoading":true,"title":"Moment js get first and last day of current month - Stack Overflow","snippet":".Clone() is needed since a lot of the functions will modify the moment date. One example is x = momentDate.add(1,\"day\") ...","url":"https://stackoverflow.com/questions/39267623/moment-js-get-first-and-last-day-of-current-month","displayLink":"https://stackoverflow.com › questions › moment-js-get-...","snippetHighlightWords":["moment date","One"],"date":"Sep 1, 2016"},{"signatures":[],"areSignaturesLoading":true,"title":"Set time in Moment.js - Stack Overflow","snippet":"But you need the date! Get current timestamp, add the time that your counter will count. Compare the current timestamp with that timestamp to ...","url":"https://stackoverflow.com/questions/59814581/set-time-in-moment-js","displayLink":"https://stackoverflow.com › questions › set-time-in-mo...","snippetHighlightWords":["date","Get","time","with"],"date":"Jan 19, 2020"}],"events":[{"timestamp":"2022-11-22T22:51:48.470Z","url":"https://stackoverflow.com/questions/42031436/momentjs-get-time-until-with-two-variables","component":"projection","action":"load","data":{"height":38,"width":909.125,"wc":26,"lc":1}},{"timestamp":"2022-11-22T22:51:48.470Z","url":"https://stackoverflow.com/questions/42515588/how-to-set-time-with-date-in-momentjs","component":"projection","action":"load","data":{"height":38,"width":904.09375,"wc":26,"lc":1}},{"timestamp":"2022-11-22T22:51:48.470Z","url":"https://stackoverflow.com/questions/15130735/how-can-i-remove-time-from-date-with-moment-js","component":"projection","action":"load","data":{"height":38,"width":748.71875,"wc":25,"lc":1}},{"timestamp":"2022-11-22T22:51:48.470Z","url":"https://stackoverflow.com/questions/26131003/moment-js-start-and-end-of-given-month","component":"projection","action":"load","data":{"height":16,"width":671.8125,"wc":18,"lc":1}},{"timestamp":"2022-11-22T22:51:48.470Z","url":"https://stackoverflow.com/questions/71446482/moment-js-getting-duration-from-now-until-future-date","component":"projection","action":"load","data":{"height":38,"width":867.984375,"wc":25,"lc":1}},{"timestamp":"2022-11-22T22:51:48.470Z","url":"https://stackoverflow.com/questions/17987647/moment-js-transform-to-date-object","component":"projection","action":"load","data":{"height":38,"width":890.515625,"wc":32,"lc":1}},{"timestamp":"2022-11-22T22:51:48.470Z","url":"https://stackoverflow.com/questions/46187726/getting-moment-js-to-display-time-ago-up-to-yesterday-then-start-displaying-a-fo","component":"projection","action":"load","data":{"height":38,"width":885.546875,"wc":27,"lc":1}},{"timestamp":"2022-11-22T22:51:48.470Z","url":"https://stackoverflow.com/questions/51642623/days-weeks-ago-from-specific-date-with-moment-js","component":"projection","action":"load","data":{"height":38,"width":887.015625,"wc":27,"lc":1}},{"timestamp":"2022-11-22T22:51:48.470Z","url":"https://stackoverflow.com/questions/39267623/moment-js-get-first-and-last-day-of-current-month","component":"projection","action":"load","data":{"height":16,"width":784.4375,"wc":21,"lc":1}},{"timestamp":"2022-11-22T22:51:48.470Z","url":"https://stackoverflow.com/questions/59814581/set-time-in-moment-js","component":"projection","action":"load","data":{"height":38,"width":900.984375,"wc":25,"lc":1}},{"timestamp":"2022-11-22T22:51:49.181Z","url":"https://stackoverflow.com/questions/42031436/momentjs-get-time-until-with-two-variables","component":"projection","action":"mouseenter"},{"timestamp":"2022-11-22T22:51:49.502Z","url":"https://stackoverflow.com/questions/42031436/momentjs-get-time-until-with-two-variables","component":"projection","action":"mouseleave"},{"timestamp":"2022-11-22T22:51:49.665Z","url":"https://stackoverflow.com/questions/42031436/momentjs-get-time-until-with-two-variables","component":"projection","action":"loaded","data":"projection 10 of 10"},{"timestamp":"2022-11-22T22:51:49.665Z","url":"https://stackoverflow.com/questions/42515588/how-to-set-time-with-date-in-momentjs","component":"projection","action":"loaded","data":"projection 9 of 10"},{"timestamp":"2022-11-22T22:51:49.665Z","url":"https://stackoverflow.com/questions/15130735/how-can-i-remove-time-from-date-with-moment-js","component":"projection","action":"loaded","data":"projection 8 of 10"},{"timestamp":"2022-11-22T22:51:49.665Z","url":"https://stackoverflow.com/questions/26131003/moment-js-start-and-end-of-given-month","component":"projection","action":"loaded","data":"projection 7 of 10"},{"timestamp":"2022-11-22T22:51:49.665Z","url":"https://stackoverflow.com/questions/71446482/moment-js-getting-duration-from-now-until-future-date","component":"projection","action":"loaded","data":"projection 6 of 10"},{"timestamp":"2022-11-22T22:51:49.665Z","url":"https://stackoverflow.com/questions/17987647/moment-js-transform-to-date-object","component":"projection","action":"loaded","data":"projection 5 of 10"},{"timestamp":"2022-11-22T22:51:49.665Z","url":"https://stackoverflow.com/questions/46187726/getting-moment-js-to-display-time-ago-up-to-yesterday-then-start-displaying-a-fo","component":"projection","action":"loaded","data":"projection 4 of 10"},{"timestamp":"2022-11-22T22:51:49.665Z","url":"https://stackoverflow.com/questions/51642623/days-weeks-ago-from-specific-date-with-moment-js","component":"projection","action":"loaded","data":"projection 3 of 10"},{"timestamp":"2022-11-22T22:51:49.665Z","url":"https://stackoverflow.com/questions/39267623/moment-js-get-first-and-last-day-of-current-month","component":"projection","action":"loaded","data":"projection 2 of 10"},{"timestamp":"2022-11-22T22:51:49.665Z","url":"https://stackoverflow.com/questions/59814581/set-time-in-moment-js","component":"projection","action":"loaded","data":"projection 1 of 10"},{"timestamp":"2022-11-22T22:51:49.768Z","url":"https://stackoverflow.com/questions/42031436/momentjs-get-time-until-with-two-variables","component":"projection","action":"mouseenter"},{"timestamp":"2022-11-22T22:51:50.429Z","url":"https://stackoverflow.com/questions/42031436/momentjs-get-time-until-with-two-variables","component":"projection","action":"mouseleave"},{"timestamp":"2022-11-22T22:51:50.895Z","url":"https://stackoverflow.com/questions/42031436/momentjs-get-time-until-with-two-variables","component":"projection","action":"mouseenter"},{"timestamp":"2022-11-22T22:51:51.570Z","url":"https://stackoverflow.com/questions/42031436/momentjs-get-time-until-with-two-variables","component":"page","action":"open"},{"timestamp":"2022-11-22T22:51:51.579Z","url":"https://stackoverflow.com/questions/42031436/momentjs-get-time-until-with-two-variables","component":"projection","action":"mouseleave"},{"timestamp":"2022-11-22T22:51:51.812Z","url":"https://stackoverflow.com/questions/42031436/momentjs-get-time-until-with-two-variables","component":"page","action":"load"},{"timestamp":"2022-11-22T22:51:56.597Z","url":"https://stackoverflow.com/questions/42031436/momentjs-get-time-until-with-two-variables","component":"page","action":"close"},{"timestamp":"2022-11-22T22:51:56.911Z","url":"https://stackoverflow.com/questions/42031436/momentjs-get-time-until-with-two-variables","component":"projection","action":"mouseenter"},{"timestamp":"2022-11-22T22:51:57.025Z","url":"https://stackoverflow.com/questions/42031436/momentjs-get-time-until-with-two-variables","component":"projection","action":"mouseleave"}]},{"keywords":["js","get","start","date","given","time","unit"],"context":{"tokens":[{"kind":"library","value":"moment"},{"kind":"language","value":"javascript"}]},"timestamp":"2022-11-22T22:52:00.214Z","results":[{"signatures":[],"areSignaturesLoading":true,"title":"How to set time with date in momentjs - Stack Overflow","snippet":"Moment.js does not provide a way to set the time of an existing moment through a string. Why not just concatenate the two: var date ...","url":"https://stackoverflow.com/questions/42515588/how-to-set-time-with-date-in-momentjs","displayLink":"https://stackoverflow.com › questions › how-to-set-time...","snippetHighlightWords":["Moment","js","time","date"],"date":"Feb 28, 2017 5 answers"},{"signatures":[],"areSignaturesLoading":true,"title":"Moment JS start and end of given month - Stack Overflow","snippet":"Mutates the original moment by setting it to the end of a unit of time. Here's an example function that gives you the output you want: function ...","url":"https://stackoverflow.com/questions/26131003/moment-js-start-and-end-of-given-month","displayLink":"https://stackoverflow.com › questions › moment-js-start...","snippetHighlightWords":["moment","unit","time"],"date":"Sep 30, 2014"},{"signatures":[],"areSignaturesLoading":true,"title":"Moment.js transform to date object - javascript - Stack Overflow","snippet":"Use this to transform a moment object into a date object: From http://momentjs.com/docs/#/displaying/as-javascript-date/ moment().toDate();. Yields:","url":"https://stackoverflow.com/questions/17987647/moment-js-transform-to-date-object","displayLink":"https://stackoverflow.com › questions › moment-js-tran...","snippetHighlightWords":["date","momentjs","javascript","date"],"date":"11 answers"},{"signatures":[],"areSignaturesLoading":true,"title":"Getting Moment JS to display time ago up to yesterday then ...","snippet":"I'm trying to get momentjs to display the time from now up till yesterday. Once it's been 3 days it would display the actual date. Example using ...","url":"https://stackoverflow.com/questions/46187726/getting-moment-js-to-display-time-ago-up-to-yesterday-then-start-displaying-a-fo","displayLink":"https://stackoverflow.com › questions › getting-moment...","snippetHighlightWords":["get momentjs","time","date"],"date":"Sep 13, 2017"},{"signatures":[],"areSignaturesLoading":true,"title":"How can I remove time from date with Moment.js?","snippet":"You can use any of these or change the input passed into moment().format(). For example, for your case you can pass moment.utc(dateTime).format('MMMM D, YYYY') ...","url":"https://stackoverflow.com/questions/15130735/how-can-i-remove-time-from-date-with-moment-js","displayLink":"https://stackoverflow.com › questions › how-can-i-rem...","snippetHighlightWords":["moment","moment"]},{"signatures":[],"areSignaturesLoading":true,"title":"Get hours difference between two dates in Moment Js","snippet":"You were close. You just need to use the duration.asHours() method (see the docs). var duration = moment.duration(end.diff(startTime)); var hours = duration ...","url":"https://stackoverflow.com/questions/25150570/get-hours-difference-between-two-dates-in-moment-js","displayLink":"https://stackoverflow.com › questions › get-hours-differ...","snippetHighlightWords":["moment"],"date":"17 answers"},{"signatures":[],"areSignaturesLoading":true,"title":"Get Last week date range from sunday to saturday moment js","snippet":"isoWeek gets you the start of week as per ISO 8601 standard. According to international standard ISO 8601, Monday is the first day of the ...","url":"https://stackoverflow.com/questions/51633466/get-last-week-date-range-from-sunday-to-saturday-moment-js","displayLink":"https://stackoverflow.com › questions › get-last-week-d...","snippetHighlightWords":["start","first"],"date":"Aug 1, 2018 2 answers"},{"signatures":[],"areSignaturesLoading":true,"title":"momentJS date string add 5 days - Stack Overflow","snippet":"var new_date = moment(startdate, \"DD-MM-YYYY\").add(5, 'days');. Thanks @Bala for the information. ... This is what you'd have to do to get that ...","url":"https://stackoverflow.com/questions/22547129/momentjs-date-string-add-5-days","displayLink":"https://stackoverflow.com › questions › momentjs-date-...","snippetHighlightWords":["moment","startdate","get"],"date":"Mar 20, 2014"},{"signatures":[],"areSignaturesLoading":true,"title":"Momentjs timezone - getting date at time in specific timezone","snippet":"var tempDate = moment(1448841600000); //moment(\"2015-11-30\"); //monday 11/30 in UTC var adjustedStart = moment.tz(tempDate, \"America/Los_Angeles ...","url":"https://stackoverflow.com/questions/34145957/momentjs-timezone-getting-date-at-time-in-specific-timezone","displayLink":"https://stackoverflow.com › questions › momentjs-timez...","snippetHighlightWords":["moment","moment","moment"],"date":"Dec 8, 2015"},{"signatures":[],"areSignaturesLoading":true,"title":"How to get first and last day of the current week in JavaScript","snippet":"I recommend to use Moment.js for such cases. I had scenarios where I had to check current date time, this week, this month and this quarters date time.","url":"https://stackoverflow.com/questions/5210376/how-to-get-first-and-last-day-of-the-current-week-in-javascript","displayLink":"https://stackoverflow.com › questions › how-to-get-first...","snippetHighlightWords":["Moment","js","date time","date time"]}],"events":[{"timestamp":"2022-11-22T22:52:01.982Z","url":"https://stackoverflow.com/questions/42515588/how-to-set-time-with-date-in-momentjs","component":"projection","action":"load","data":{"height":38,"width":904.09375,"wc":26,"lc":1}},{"timestamp":"2022-11-22T22:52:01.982Z","url":"https://stackoverflow.com/questions/26131003/moment-js-start-and-end-of-given-month","component":"projection","action":"load","data":{"height":38,"width":905.734375,"wc":28,"lc":1}},{"timestamp":"2022-11-22T22:52:01.982Z","url":"https://stackoverflow.com/questions/17987647/moment-js-transform-to-date-object","component":"projection","action":"load","data":{"height":38,"width":867.453125,"wc":15,"lc":1}},{"timestamp":"2022-11-22T22:52:01.982Z","url":"https://stackoverflow.com/questions/46187726/getting-moment-js-to-display-time-ago-up-to-yesterday-then-start-displaying-a-fo","component":"projection","action":"load","data":{"height":38,"width":909.0625,"wc":28,"lc":1}},{"timestamp":"2022-11-22T22:52:01.982Z","url":"https://stackoverflow.com/questions/15130735/how-can-i-remove-time-from-date-with-moment-js","component":"projection","action":"load","data":{"height":38,"width":748.71875,"wc":25,"lc":1}},{"timestamp":"2022-11-22T22:52:01.982Z","url":"https://stackoverflow.com/questions/25150570/get-hours-difference-between-two-dates-in-moment-js","component":"projection","action":"load","data":{"height":38,"width":712.59375,"wc":23,"lc":1}},{"timestamp":"2022-11-22T22:52:01.982Z","url":"https://stackoverflow.com/questions/51633466/get-last-week-date-range-from-sunday-to-saturday-moment-js","component":"projection","action":"load","data":{"height":38,"width":906.890625,"wc":26,"lc":1}},{"timestamp":"2022-11-22T22:52:01.982Z","url":"https://stackoverflow.com/questions/22547129/momentjs-date-string-add-5-days","component":"projection","action":"load","data":{"height":38,"width":889.8125,"wc":23,"lc":1}},{"timestamp":"2022-11-22T22:52:01.982Z","url":"https://stackoverflow.com/questions/34145957/momentjs-timezone-getting-date-at-time-in-specific-timezone","component":"projection","action":"load","data":{"height":38,"width":806.359375,"wc":15,"lc":1}},{"timestamp":"2022-11-22T22:52:01.982Z","url":"https://stackoverflow.com/questions/5210376/how-to-get-first-and-last-day-of-the-current-week-in-javascript","component":"projection","action":"load","data":{"height":38,"width":900.34375,"wc":28,"lc":1}},{"timestamp":"2022-11-22T22:52:03.174Z","url":"https://stackoverflow.com/questions/42515588/how-to-set-time-with-date-in-momentjs","component":"projection","action":"loaded","data":"projection 10 of 10"},{"timestamp":"2022-11-22T22:52:03.174Z","url":"https://stackoverflow.com/questions/26131003/moment-js-start-and-end-of-given-month","component":"projection","action":"loaded","data":"projection 9 of 10"},{"timestamp":"2022-11-22T22:52:03.174Z","url":"https://stackoverflow.com/questions/17987647/moment-js-transform-to-date-object","component":"projection","action":"loaded","data":"projection 8 of 10"},{"timestamp":"2022-11-22T22:52:03.174Z","url":"https://stackoverflow.com/questions/46187726/getting-moment-js-to-display-time-ago-up-to-yesterday-then-start-displaying-a-fo","component":"projection","action":"loaded","data":"projection 7 of 10"},{"timestamp":"2022-11-22T22:52:03.174Z","url":"https://stackoverflow.com/questions/15130735/how-can-i-remove-time-from-date-with-moment-js","component":"projection","action":"loaded","data":"projection 6 of 10"},{"timestamp":"2022-11-22T22:52:03.174Z","url":"https://stackoverflow.com/questions/25150570/get-hours-difference-between-two-dates-in-moment-js","component":"projection","action":"loaded","data":"projection 5 of 10"},{"timestamp":"2022-11-22T22:52:03.174Z","url":"https://stackoverflow.com/questions/51633466/get-last-week-date-range-from-sunday-to-saturday-moment-js","component":"projection","action":"loaded","data":"projection 4 of 10"},{"timestamp":"2022-11-22T22:52:03.174Z","url":"https://stackoverflow.com/questions/22547129/momentjs-date-string-add-5-days","component":"projection","action":"loaded","data":"projection 3 of 10"},{"timestamp":"2022-11-22T22:52:03.174Z","url":"https://stackoverflow.com/questions/34145957/momentjs-timezone-getting-date-at-time-in-specific-timezone","component":"projection","action":"loaded","data":"projection 2 of 10"},{"timestamp":"2022-11-22T22:52:03.174Z","url":"https://stackoverflow.com/questions/5210376/how-to-get-first-and-last-day-of-the-current-week-in-javascript","component":"projection","action":"loaded","data":"projection 1 of 10"},{"timestamp":"2022-11-22T22:52:03.217Z","url":"https://stackoverflow.com/questions/42515588/how-to-set-time-with-date-in-momentjs","component":"projection","action":"mouseenter"},{"timestamp":"2022-11-22T22:52:04.149Z","url":"https://stackoverflow.com/questions/42515588/how-to-set-time-with-date-in-momentjs","component":"projection","action":"mouseleave"},{"timestamp":"2022-11-22T22:52:04.150Z","url":"https://stackoverflow.com/questions/26131003/moment-js-start-and-end-of-given-month","component":"projection","action":"mouseenter"},{"timestamp":"2022-11-22T22:52:05.536Z","url":"https://stackoverflow.com/questions/26131003/moment-js-start-and-end-of-given-month","component":"projection","action":"mouseleave"},{"timestamp":"2022-11-22T22:52:05.537Z","url":"https://stackoverflow.com/questions/17987647/moment-js-transform-to-date-object","component":"projection","action":"mouseenter"},{"timestamp":"2022-11-22T22:52:06.445Z","url":"https://stackoverflow.com/questions/17987647/moment-js-transform-to-date-object","component":"projection","action":"mouseleave"},{"timestamp":"2022-11-22T22:52:06.446Z","url":"https://stackoverflow.com/questions/26131003/moment-js-start-and-end-of-given-month","component":"projection","action":"mouseenter"},{"timestamp":"2022-11-22T22:52:06.481Z","url":"https://stackoverflow.com/questions/26131003/moment-js-start-and-end-of-given-month","component":"projection","action":"mouseleave"},{"timestamp":"2022-11-22T22:52:06.482Z","url":"https://stackoverflow.com/questions/42515588/how-to-set-time-with-date-in-momentjs","component":"projection","action":"mouseenter"},{"timestamp":"2022-11-22T22:52:06.530Z","url":"https://stackoverflow.com/questions/42515588/how-to-set-time-with-date-in-momentjs","component":"projection","action":"mouseleave"}]},{"keywords":["js","moment","interval"],"context":{"tokens":[{"kind":"library","value":"moment"},{"kind":"language","value":"javascript"}]},"timestamp":"2022-11-22T22:52:10.444Z","results":[{"signatures":[],"areSignaturesLoading":true,"title":"Dynamic date and time with moment.js and setInterval","snippet":"I've made a few modifications in your code: Note that the method update is now outside the ready event handler. code:","url":"https://stackoverflow.com/questions/10590461/dynamic-date-and-time-with-moment-js-and-setinterval","displayLink":"https://stackoverflow.com › questions › dynamic-date-a...","date":"May 14, 2012 4 answers"},{"signatures":[],"areSignaturesLoading":true,"title":"Moment js interval for a day in 12 hours format - Stack Overflow","snippet":"In 12 hours format,i have to create a interval of 15 minutes in moment which is working fine with 30 minutes interval.","url":"https://stackoverflow.com/questions/53708625/moment-js-interval-for-a-day-in-12-hours-format","displayLink":"https://stackoverflow.com › questions › moment-js-inter...","snippetHighlightWords":["format","interval","moment","interval"],"date":"Dec 10, 2018"},{"signatures":[],"areSignaturesLoading":true,"title":"moment.js: Return the first and last day of each month within ...","snippet":"I am trying to return an array that would give me the first and last day of each month, taking into account the start and end dates for the first and last month ...","url":"https://stackoverflow.com/questions/68831509/moment-js-return-the-first-and-last-day-of-each-month-within-an-interval","displayLink":"https://stackoverflow.com › questions › moment-js-retu..."},{"signatures":[],"areSignaturesLoading":true,"title":"Display time duration based on start and end date with interval ...","snippet":"I want to display array of durations given the startTime, endTime, and interval. ... Is there an easiest way a moment js can do that? javascript ...","url":"https://stackoverflow.com/questions/48276306/display-time-duration-based-on-start-and-end-date-with-interval-using-moment-js","displayLink":"https://stackoverflow.com › questions › display-time-du...","snippetHighlightWords":["interval","moment js","javascript"],"date":"Jan 16, 2018"},{"signatures":[],"areSignaturesLoading":true,"title":"MomentJS not working when using setInterval method","snippet":"I am using setInterval to update the code every 1 second to update the time dynamically but it's not working at all. Help me! Code: let timer = ...","url":"https://stackoverflow.com/questions/50341969/momentjs-not-working-when-using-setinterval-method","displayLink":"https://stackoverflow.com › questions › momentjs-not-...","snippetHighlightWords":["setInterval","timer"],"date":"May 15, 2018"},{"signatures":[],"areSignaturesLoading":true,"title":"Check interval between midnight of a certain date and current ...","snippet":"I can use any npm package such as moment . javascript · node.js · typescript · momentjs · Share.","url":"https://stackoverflow.com/questions/63324623/check-interval-between-midnight-of-a-certain-date-and-current-moment-in-js-nod","displayLink":"https://stackoverflow.com › questions › check-interval-...","snippetHighlightWords":["javascript","momentjs"],"date":"Aug 9, 2020"},{"signatures":[],"areSignaturesLoading":true,"title":"Using moment.js to show a timer? [duplicate] - Stack Overflow","snippet":"try this, it will help. var timerVar = setInterval(countTimer, 1000); var totalSeconds = 0; function countTimer() { ++totalSeconds; ...","url":"https://stackoverflow.com/questions/59517362/using-moment-js-to-show-a-timer","displayLink":"https://stackoverflow.com › questions › using-moment-j...","snippetHighlightWords":["setInterval"],"date":"Dec 29, 2019 2 answers"},{"signatures":[],"areSignaturesLoading":true,"title":"Moment.js set frequency and interval using minutes and ...","snippet":"Moment.js set frequency and interval using minutes and seconds for countdown timer · 0 · Know someone who can answer? Share a link to this ...","url":"https://stackoverflow.com/questions/73045357/moment-js-set-frequency-and-interval-using-minutes-and-seconds-for-countdown-tim","displayLink":"https://stackoverflow.com › questions › moment-js-set-f...","snippetHighlightWords":["Moment","js","interval","timer"],"date":"Jul 20, 2022"},{"signatures":[],"areSignaturesLoading":true,"title":"Get same time interval from date range in moment.js","snippet":"I assume that your x property is a JavaScript Date object and with var date = moment(value.x); you are calling moment(Date); .","url":"https://stackoverflow.com/questions/45941301/get-same-time-interval-from-date-range-in-moment-js","displayLink":"https://stackoverflow.com › questions › get-same-time-i...","snippetHighlightWords":["JavaScript","moment","moment"],"date":"Aug 29, 2017 1 answer"},{"signatures":[],"areSignaturesLoading":true,"title":"JavaScript interval function to count datetime - Stack Overflow","snippet":"nextTick() gets evaluated before the setInterval , so the interval ... <script src=\"https://cdnjs.cloudflare.com/ajax/libs/moment.js/2.22.2/ ...","url":"https://stackoverflow.com/questions/51912251/javascript-interval-function-to-count-datetime","displayLink":"https://stackoverflow.com › questions › javascript-inter...","snippetHighlightWords":["setInterval","interval","moment","js"],"date":"Aug 18, 2018"}],"events":[{"timestamp":"2022-11-22T22:52:12.238Z","url":"https://stackoverflow.com/questions/10590461/dynamic-date-and-time-with-moment-js-and-setinterval","component":"projection","action":"load","data":{"height":38,"width":883.234375,"wc":21,"lc":1}},{"timestamp":"2022-11-22T22:52:12.238Z","url":"https://stackoverflow.com/questions/53708625/moment-js-interval-for-a-day-in-12-hours-format","component":"projection","action":"load","data":{"height":16,"width":746.4375,"wc":22,"lc":1}},{"timestamp":"2022-11-22T22:52:12.238Z","url":"https://stackoverflow.com/questions/68831509/moment-js-return-the-first-and-last-day-of-each-month-within-an-interval","component":"projection","action":"load","data":{"height":38,"width":902.84375,"wc":34,"lc":1}},{"timestamp":"2022-11-22T22:52:12.238Z","url":"https://stackoverflow.com/questions/48276306/display-time-duration-based-on-start-and-end-date-with-interval-using-moment-js","component":"projection","action":"load","data":{"height":38,"width":897.203125,"wc":27,"lc":1}},{"timestamp":"2022-11-22T22:52:12.238Z","url":"https://stackoverflow.com/questions/50341969/momentjs-not-working-when-using-setinterval-method","component":"projection","action":"load","data":{"height":38,"width":887.515625,"wc":29,"lc":1}},{"timestamp":"2022-11-22T22:52:12.238Z","url":"https://stackoverflow.com/questions/63324623/check-interval-between-midnight-of-a-certain-date-and-current-moment-in-js-nod","component":"projection","action":"load","data":{"height":16,"width":626.6875,"wc":19,"lc":1}},{"timestamp":"2022-11-22T22:52:12.238Z","url":"https://stackoverflow.com/questions/59517362/using-moment-js-to-show-a-timer","component":"projection","action":"load","data":{"height":38,"width":866.3125,"wc":19,"lc":1}},{"timestamp":"2022-11-22T22:52:12.238Z","url":"https://stackoverflow.com/questions/73045357/moment-js-set-frequency-and-interval-using-minutes-and-seconds-for-countdown-tim","component":"projection","action":"load","data":{"height":38,"width":894.9375,"wc":26,"lc":1}},{"timestamp":"2022-11-22T22:52:12.238Z","url":"https://stackoverflow.com/questions/45941301/get-same-time-interval-from-date-range-in-moment-js","component":"projection","action":"load","data":{"height":38,"width":868.265625,"wc":22,"lc":1}},{"timestamp":"2022-11-22T22:52:12.238Z","url":"https://stackoverflow.com/questions/51912251/javascript-interval-function-to-count-datetime","component":"projection","action":"load","data":{"height":16,"width":422.84375,"wc":14,"lc":1}},{"timestamp":"2022-11-22T22:52:12.248Z","url":"https://stackoverflow.com/questions/10590461/dynamic-date-and-time-with-moment-js-and-setinterval","component":"projection","action":"mouseenter"},{"timestamp":"2022-11-22T22:52:12.418Z","url":"https://stackoverflow.com/questions/10590461/dynamic-date-and-time-with-moment-js-and-setinterval","component":"projection","action":"mouseleave"},{"timestamp":"2022-11-22T22:52:13.018Z","url":"https://stackoverflow.com/questions/10590461/dynamic-date-and-time-with-moment-js-and-setinterval","component":"projection","action":"mouseenter"},{"timestamp":"2022-11-22T22:52:13.430Z","url":"https://stackoverflow.com/questions/10590461/dynamic-date-and-time-with-moment-js-and-setinterval","component":"projection","action":"loaded","data":"projection 10 of 10"},{"timestamp":"2022-11-22T22:52:13.430Z","url":"https://stackoverflow.com/questions/53708625/moment-js-interval-for-a-day-in-12-hours-format","component":"projection","action":"loaded","data":"projection 9 of 10"},{"timestamp":"2022-11-22T22:52:13.430Z","url":"https://stackoverflow.com/questions/68831509/moment-js-return-the-first-and-last-day-of-each-month-within-an-interval","component":"projection","action":"loaded","data":"projection 8 of 10"},{"timestamp":"2022-11-22T22:52:13.430Z","url":"https://stackoverflow.com/questions/48276306/display-time-duration-based-on-start-and-end-date-with-interval-using-moment-js","component":"projection","action":"loaded","data":"projection 7 of 10"},{"timestamp":"2022-11-22T22:52:13.430Z","url":"https://stackoverflow.com/questions/50341969/momentjs-not-working-when-using-setinterval-method","component":"projection","action":"loaded","data":"projection 6 of 10"},{"timestamp":"2022-11-22T22:52:13.430Z","url":"https://stackoverflow.com/questions/63324623/check-interval-between-midnight-of-a-certain-date-and-current-moment-in-js-nod","component":"projection","action":"loaded","data":"projection 5 of 10"},{"timestamp":"2022-11-22T22:52:13.430Z","url":"https://stackoverflow.com/questions/59517362/using-moment-js-to-show-a-timer","component":"projection","action":"loaded","data":"projection 4 of 10"},{"timestamp":"2022-11-22T22:52:13.430Z","url":"https://stackoverflow.com/questions/73045357/moment-js-set-frequency-and-interval-using-minutes-and-seconds-for-countdown-tim","component":"projection","action":"loaded","data":"projection 3 of 10"},{"timestamp":"2022-11-22T22:52:13.430Z","url":"https://stackoverflow.com/questions/45941301/get-same-time-interval-from-date-range-in-moment-js","component":"projection","action":"loaded","data":"projection 2 of 10"},{"timestamp":"2022-11-22T22:52:13.430Z","url":"https://stackoverflow.com/questions/51912251/javascript-interval-function-to-count-datetime","component":"projection","action":"loaded","data":"projection 1 of 10"},{"timestamp":"2022-11-22T22:52:14.205Z","url":"https://stackoverflow.com/questions/10590461/dynamic-date-and-time-with-moment-js-and-setinterval","component":"projection","action":"mouseleave"}]},{"keywords":["js","moment","get","start","date","given","interval","and","end","date"],"context":{"tokens":[{"kind":"library","value":"moment"},{"kind":"language","value":"javascript"}]},"timestamp":"2022-11-22T22:52:34.754Z","results":[{"signatures":[],"areSignaturesLoading":true,"title":"moment.js: Return the first and last day of each month within ...","snippet":"UPDATE: I you want delimiter the start date and the end date using startDate and endDate you can add a controll in every cycle. In this snip I use a [Ternary ...","url":"https://stackoverflow.com/questions/68831509/moment-js-return-the-first-and-last-day-of-each-month-within-an-interval","displayLink":"https://stackoverflow.com › questions › moment-js-retu...","snippetHighlightWords":["start date","end date","startDate"]},{"signatures":[],"areSignaturesLoading":true,"title":"Display time duration based on start and end date with interval ...","snippet":"I want to display array of durations given the startTime, endTime, and interval. ... Is there an easiest way a moment js can do that? javascript ...","url":"https://stackoverflow.com/questions/48276306/display-time-duration-based-on-start-and-end-date-with-interval-using-moment-js","displayLink":"https://stackoverflow.com › questions › display-time-du...","snippetHighlightWords":["given","interval","moment js","javascript"],"date":"Jan 16, 2018"},{"signatures":[],"areSignaturesLoading":true,"title":"How to get date range using moment.js - Stack Overflow","snippet":"I know this is an old/answered question, but since it's at the top of google here is how to achieve a date range with only moment (and ...","url":"https://stackoverflow.com/questions/37673322/how-to-get-date-range-using-moment-js","displayLink":"https://stackoverflow.com › questions › how-to-get-date...","snippetHighlightWords":["date","moment"],"date":"Jun 7, 2016 5 answers"},{"signatures":[],"areSignaturesLoading":true,"title":"Get same time interval from date range in moment.js","snippet":"You can simply use date.isBetween(start, end, null, '[]') to check if an element is in the range between start and end .","url":"https://stackoverflow.com/questions/45941301/get-same-time-interval-from-date-range-in-moment-js","displayLink":"https://stackoverflow.com › questions › get-same-time-i...","snippetHighlightWords":["date","start","end","start","end"],"date":"Aug 29, 2017"},{"signatures":[],"areSignaturesLoading":true,"title":"Get Last week date range from sunday to saturday moment js","snippet":"According to international standard ISO 8601, Monday is the first day of the week. You may try using week instead of isoWeek in the method, ...","url":"https://stackoverflow.com/questions/51633466/get-last-week-date-range-from-sunday-to-saturday-moment-js","displayLink":"https://stackoverflow.com › questions › get-last-week-d...","snippetHighlightWords":["first"],"date":"Aug 1, 2018"},{"signatures":[],"areSignaturesLoading":true,"title":"Dates array using Moment.js - javascript - Stack Overflow","snippet":"Just create a function which will accept the start and end dates and an interval and keep adding to an array the ...","url":"https://stackoverflow.com/questions/56841245/dates-array-using-moment-js","displayLink":"https://stackoverflow.com › questions › dates-array-usin...","snippetHighlightWords":["start","end dates","interval"],"date":"Jul 1, 2019"},{"signatures":[],"areSignaturesLoading":true,"title":"How to enumerate dates between two dates in Moment","snippet":"var enumerateDaysBetweenDates = function(startDate, endDate) { var now = startDate.clone(), dates = []; while (now.isSameOrBefore(endDate)) { ...","url":"https://stackoverflow.com/questions/23795522/how-to-enumerate-dates-between-two-dates-in-moment","displayLink":"https://stackoverflow.com › questions › how-to-enumer...","snippetHighlightWords":["startDate","startDate","dates"],"date":"May 21, 2014"},{"signatures":[],"areSignaturesLoading":true,"title":"Divide the date range given by moment js by weeks","snippet":"Use a while loop, which keeps a current date that is constantly incremented by 7 days, to be compared against the end date. The current date ...","url":"https://stackoverflow.com/questions/65531326/divide-the-date-range-given-by-moment-js-by-weeks","displayLink":"https://stackoverflow.com › questions › divide-the-date-...","snippetHighlightWords":["date","end date","date"],"date":"Jan 1, 2021"},{"signatures":[],"areSignaturesLoading":true,"title":"How to get start and end of day in Javascript? - Stack Overflow","snippet":"var start = new Date(); start.setUTCHours(0,0,0,0); var end = new Date(); end.setUTCHours(23,59,59,999); alert( start.","url":"https://stackoverflow.com/questions/8636617/how-to-get-start-and-end-of-day-in-javascript","displayLink":"https://stackoverflow.com › questions › how-to-get-start...","snippetHighlightWords":["start","Date","start","end","Date","end","start"],"date":"Dec 26, 2011 13 answers"},{"signatures":[],"areSignaturesLoading":true,"title":"Moment.js: Date between dates - javascript - Stack Overflow","snippet":"In versions 2.9+ there is an isBetween function, but it's exclusive: var compareDate = moment(\"15/02/2013\", \"DD/MM/YYYY\"); var startDate ...","url":"https://stackoverflow.com/questions/14897571/moment-js-date-between-dates","displayLink":"https://stackoverflow.com › questions › moment-js-date...","snippetHighlightWords":["moment","startDate"],"date":"Feb 15, 2013 8 answers"}],"events":[{"timestamp":"2022-11-22T22:52:35.009Z","url":"https://stackoverflow.com/questions/68831509/moment-js-return-the-first-and-last-day-of-each-month-within-an-interval","component":"projection","action":"load","data":{"height":38,"width":898.75,"wc":32,"lc":1}},{"timestamp":"2022-11-22T22:52:35.009Z","url":"https://stackoverflow.com/questions/48276306/display-time-duration-based-on-start-and-end-date-with-interval-using-moment-js","component":"projection","action":"load","data":{"height":38,"width":900.3125,"wc":27,"lc":1}},{"timestamp":"2022-11-22T22:52:35.009Z","url":"https://stackoverflow.com/questions/37673322/how-to-get-date-range-using-moment-js","component":"projection","action":"load","data":{"height":38,"width":884.53125,"wc":28,"lc":1}},{"timestamp":"2022-11-22T22:52:35.009Z","url":"https://stackoverflow.com/questions/45941301/get-same-time-interval-from-date-range-in-moment-js","component":"projection","action":"load","data":{"height":16,"width":742.9375,"wc":22,"lc":1}},{"timestamp":"2022-11-22T22:52:35.009Z","url":"https://stackoverflow.com/questions/51633466/get-last-week-date-range-from-sunday-to-saturday-moment-js","component":"projection","action":"load","data":{"height":38,"width":908.828125,"wc":26,"lc":1}},{"timestamp":"2022-11-22T22:52:35.009Z","url":"https://stackoverflow.com/questions/56841245/dates-array-using-moment-js","component":"projection","action":"load","data":{"height":16,"width":724.515625,"wc":23,"lc":1}},{"timestamp":"2022-11-22T22:52:35.009Z","url":"https://stackoverflow.com/questions/23795522/how-to-enumerate-dates-between-two-dates-in-moment","component":"projection","action":"load","data":{"height":38,"width":820.578125,"wc":17,"lc":1}},{"timestamp":"2022-11-22T22:52:35.009Z","url":"https://stackoverflow.com/questions/65531326/divide-the-date-range-given-by-moment-js-by-weeks","component":"projection","action":"load","data":{"height":38,"width":910.375,"wc":27,"lc":1}},{"timestamp":"2022-11-22T22:52:35.009Z","url":"https://stackoverflow.com/questions/8636617/how-to-get-start-and-end-of-day-in-javascript","component":"projection","action":"load","data":{"height":38,"width":904.453125,"wc":14,"lc":1}},{"timestamp":"2022-11-22T22:52:35.009Z","url":"https://stackoverflow.com/questions/14897571/moment-js-date-between-dates","component":"projection","action":"load","data":{"height":38,"width":858.515625,"wc":19,"lc":1}},{"timestamp":"2022-11-22T22:52:35.353Z","url":"https://stackoverflow.com/questions/68831509/moment-js-return-the-first-and-last-day-of-each-month-within-an-interval","component":"projection","action":"mouseenter"},{"timestamp":"2022-11-22T22:52:36.201Z","url":"https://stackoverflow.com/questions/68831509/moment-js-return-the-first-and-last-day-of-each-month-within-an-interval","component":"projection","action":"loaded","data":"projection 10 of 10"},{"timestamp":"2022-11-22T22:52:36.201Z","url":"https://stackoverflow.com/questions/48276306/display-time-duration-based-on-start-and-end-date-with-interval-using-moment-js","component":"projection","action":"loaded","data":"projection 9 of 10"},{"timestamp":"2022-11-22T22:52:36.201Z","url":"https://stackoverflow.com/questions/37673322/how-to-get-date-range-using-moment-js","component":"projection","action":"loaded","data":"projection 8 of 10"},{"timestamp":"2022-11-22T22:52:36.201Z","url":"https://stackoverflow.com/questions/45941301/get-same-time-interval-from-date-range-in-moment-js","component":"projection","action":"loaded","data":"projection 7 of 10"},{"timestamp":"2022-11-22T22:52:36.201Z","url":"https://stackoverflow.com/questions/51633466/get-last-week-date-range-from-sunday-to-saturday-moment-js","component":"projection","action":"loaded","data":"projection 6 of 10"},{"timestamp":"2022-11-22T22:52:36.201Z","url":"https://stackoverflow.com/questions/56841245/dates-array-using-moment-js","component":"projection","action":"loaded","data":"projection 5 of 10"},{"timestamp":"2022-11-22T22:52:36.201Z","url":"https://stackoverflow.com/questions/23795522/how-to-enumerate-dates-between-two-dates-in-moment","component":"projection","action":"loaded","data":"projection 4 of 10"},{"timestamp":"2022-11-22T22:52:36.201Z","url":"https://stackoverflow.com/questions/65531326/divide-the-date-range-given-by-moment-js-by-weeks","component":"projection","action":"loaded","data":"projection 3 of 10"},{"timestamp":"2022-11-22T22:52:36.201Z","url":"https://stackoverflow.com/questions/8636617/how-to-get-start-and-end-of-day-in-javascript","component":"projection","action":"loaded","data":"projection 2 of 10"},{"timestamp":"2022-11-22T22:52:36.201Z","url":"https://stackoverflow.com/questions/14897571/moment-js-date-between-dates","component":"projection","action":"loaded","data":"projection 1 of 10"},{"timestamp":"2022-11-22T22:52:36.915Z","url":"https://stackoverflow.com/questions/68831509/moment-js-return-the-first-and-last-day-of-each-month-within-an-interval","component":"projection","action":"mouseleave"},{"timestamp":"2022-11-22T22:52:36.917Z","url":"https://stackoverflow.com/questions/48276306/display-time-duration-based-on-start-and-end-date-with-interval-using-moment-js","component":"projection","action":"mouseenter"},{"timestamp":"2022-11-22T22:52:41.226Z","url":"https://stackoverflow.com/questions/48276306/display-time-duration-based-on-start-and-end-date-with-interval-using-moment-js","component":"projection","action":"selection","data":"art and end date with interval ...\nJan 16, 2018 — I want to display array of duration"},{"timestamp":"2022-11-22T22:52:41.501Z","url":"https://stackoverflow.com/questions/48276306/display-time-duration-based-on-start-and-end-date-with-interval-using-moment-js","component":"projection","action":"mouseleave"},{"timestamp":"2022-11-22T22:52:41.502Z","url":"https://stackoverflow.com/questions/37673322/how-to-get-date-range-using-moment-js","component":"projection","action":"mouseenter"},{"timestamp":"2022-11-22T22:52:43.415Z","url":"https://stackoverflow.com/questions/37673322/how-to-get-date-range-using-moment-js","component":"page","action":"open"},{"timestamp":"2022-11-22T22:52:43.427Z","url":"https://stackoverflow.com/questions/37673322/how-to-get-date-range-using-moment-js","component":"projection","action":"mouseleave"},{"timestamp":"2022-11-22T22:52:43.674Z","url":"https://stackoverflow.com/questions/37673322/how-to-get-date-range-using-moment-js","component":"page","action":"load"},{"timestamp":"2022-11-22T22:52:46.051Z","url":"https://stackoverflow.com/questions/37673322/how-to-get-date-range-using-moment-js","component":"page","action":"close"},{"timestamp":"2022-11-22T22:52:46.366Z","url":"https://stackoverflow.com/questions/37673322/how-to-get-date-range-using-moment-js","component":"projection","action":"mouseenter"},{"timestamp":"2022-11-22T22:52:46.426Z","url":"https://stackoverflow.com/questions/37673322/how-to-get-date-range-using-moment-js","component":"projection","action":"mouseleave"},{"timestamp":"2022-11-22T22:52:46.427Z","url":"https://stackoverflow.com/questions/48276306/display-time-duration-based-on-start-and-end-date-with-interval-using-moment-js","component":"projection","action":"mouseenter"},{"timestamp":"2022-11-22T22:52:46.649Z","url":"https://stackoverflow.com/questions/48276306/display-time-duration-based-on-start-and-end-date-with-interval-using-moment-js","component":"page","action":"open"},{"timestamp":"2022-11-22T22:52:46.659Z","url":"https://stackoverflow.com/questions/48276306/display-time-duration-based-on-start-and-end-date-with-interval-using-moment-js","component":"projection","action":"mouseleave"},{"timestamp":"2022-11-22T22:52:46.907Z","url":"https://stackoverflow.com/questions/48276306/display-time-duration-based-on-start-and-end-date-with-interval-using-moment-js","component":"page","action":"load"},{"timestamp":"2022-11-22T22:52:52.169Z","url":"https://stackoverflow.com/questions/48276306/display-time-duration-based-on-start-and-end-date-with-interval-using-moment-js","component":"page","action":"close"},{"timestamp":"2022-11-22T22:52:52.484Z","url":"https://stackoverflow.com/questions/68831509/moment-js-return-the-first-and-last-day-of-each-month-within-an-interval","component":"projection","action":"mouseenter"},{"timestamp":"2022-11-22T22:52:52.587Z","url":"https://stackoverflow.com/questions/68831509/moment-js-return-the-first-and-last-day-of-each-month-within-an-interval","component":"projection","action":"mouseleave"},{"timestamp":"2022-11-22T22:52:52.588Z","url":"https://stackoverflow.com/questions/48276306/display-time-duration-based-on-start-and-end-date-with-interval-using-moment-js","component":"projection","action":"mouseenter"},{"timestamp":"2022-11-22T22:52:52.613Z","url":"https://stackoverflow.com/questions/48276306/display-time-duration-based-on-start-and-end-date-with-interval-using-moment-js","component":"projection","action":"mouseleave"},{"timestamp":"2022-11-22T22:52:54.053Z","url":"https://stackoverflow.com/questions/68831509/moment-js-return-the-first-and-last-day-of-each-month-within-an-interval","component":"projection","action":"mouseenter"},{"timestamp":"2022-11-22T22:52:59.181Z","url":"https://stackoverflow.com/questions/68831509/moment-js-return-the-first-and-last-day-of-each-month-within-an-interval","component":"projection","action":"mouseleave"},{"timestamp":"2022-11-22T22:54:04.285Z","url":"https://stackoverflow.com/questions/14897571/moment-js-date-between-dates","component":"projection","action":"mouseenter"},{"timestamp":"2022-11-22T22:54:04.297Z","url":"https://stackoverflow.com/questions/14897571/moment-js-date-between-dates","component":"projection","action":"mouseleave"},{"timestamp":"2022-11-22T22:54:04.298Z","url":"https://stackoverflow.com/questions/8636617/how-to-get-start-and-end-of-day-in-javascript","component":"projection","action":"mouseenter"},{"timestamp":"2022-11-22T22:54:04.303Z","url":"https://stackoverflow.com/questions/8636617/how-to-get-start-and-end-of-day-in-javascript","component":"projection","action":"mouseleave"},{"timestamp":"2022-11-22T22:54:04.304Z","url":"https://stackoverflow.com/questions/65531326/divide-the-date-range-given-by-moment-js-by-weeks","component":"projection","action":"mouseenter"},{"timestamp":"2022-11-22T22:54:04.309Z","url":"https://stackoverflow.com/questions/65531326/divide-the-date-range-given-by-moment-js-by-weeks","component":"projection","action":"mouseleave"},{"timestamp":"2022-11-22T22:54:04.310Z","url":"https://stackoverflow.com/questions/23795522/how-to-enumerate-dates-between-two-dates-in-moment","component":"projection","action":"mouseenter"},{"timestamp":"2022-11-22T22:54:04.316Z","url":"https://stackoverflow.com/questions/23795522/how-to-enumerate-dates-between-two-dates-in-moment","component":"projection","action":"mouseleave"},{"timestamp":"2022-11-22T22:54:04.317Z","url":"https://stackoverflow.com/questions/56841245/dates-array-using-moment-js","component":"projection","action":"mouseenter"},{"timestamp":"2022-11-22T22:54:04.322Z","url":"https://stackoverflow.com/questions/56841245/dates-array-using-moment-js","component":"projection","action":"mouseleave"},{"timestamp":"2022-11-22T22:54:04.323Z","url":"https://stackoverflow.com/questions/51633466/get-last-week-date-range-from-sunday-to-saturday-moment-js","component":"projection","action":"mouseenter"},{"timestamp":"2022-11-22T22:54:04.328Z","url":"https://stackoverflow.com/questions/51633466/get-last-week-date-range-from-sunday-to-saturday-moment-js","component":"projection","action":"mouseleave"},{"timestamp":"2022-11-22T22:54:04.329Z","url":"https://stackoverflow.com/questions/37673322/how-to-get-date-range-using-moment-js","component":"projection","action":"mouseenter"},{"timestamp":"2022-11-22T22:54:04.334Z","url":"https://stackoverflow.com/questions/37673322/how-to-get-date-range-using-moment-js","component":"projection","action":"mouseleave"},{"timestamp":"2022-11-22T22:54:04.335Z","url":"https://stackoverflow.com/questions/48276306/display-time-duration-based-on-start-and-end-date-with-interval-using-moment-js","component":"projection","action":"mouseenter"},{"timestamp":"2022-11-22T22:54:04.346Z","url":"https://stackoverflow.com/questions/48276306/display-time-duration-based-on-start-and-end-date-with-interval-using-moment-js","component":"projection","action":"mouseleave"},{"timestamp":"2022-11-22T22:54:04.721Z","url":"https://stackoverflow.com/questions/68831509/moment-js-return-the-first-and-last-day-of-each-month-within-an-interval","component":"projection","action":"mouseenter"},{"timestamp":"2022-11-22T22:54:04.727Z","url":"https://stackoverflow.com/questions/68831509/moment-js-return-the-first-and-last-day-of-each-month-within-an-interval","component":"projection","action":"mouseleave"},{"timestamp":"2022-11-22T22:54:04.728Z","url":"https://stackoverflow.com/questions/48276306/display-time-duration-based-on-start-and-end-date-with-interval-using-moment-js","component":"projection","action":"mouseenter"},{"timestamp":"2022-11-22T22:54:04.733Z","url":"https://stackoverflow.com/questions/48276306/display-time-duration-based-on-start-and-end-date-with-interval-using-moment-js","component":"projection","action":"mouseleave"},{"timestamp":"2022-11-22T22:54:04.735Z","url":"https://stackoverflow.com/questions/37673322/how-to-get-date-range-using-moment-js","component":"projection","action":"mouseenter"},{"timestamp":"2022-11-22T22:54:04.739Z","url":"https://stackoverflow.com/questions/37673322/how-to-get-date-range-using-moment-js","component":"projection","action":"mouseleave"},{"timestamp":"2022-11-22T22:54:04.740Z","url":"https://stackoverflow.com/questions/45941301/get-same-time-interval-from-date-range-in-moment-js","component":"projection","action":"mouseenter"},{"timestamp":"2022-11-22T22:54:04.745Z","url":"https://stackoverflow.com/questions/45941301/get-same-time-interval-from-date-range-in-moment-js","component":"projection","action":"mouseleave"},{"timestamp":"2022-11-22T22:54:04.747Z","url":"https://stackoverflow.com/questions/51633466/get-last-week-date-range-from-sunday-to-saturday-moment-js","component":"projection","action":"mouseenter"},{"timestamp":"2022-11-22T22:54:04.752Z","url":"https://stackoverflow.com/questions/51633466/get-last-week-date-range-from-sunday-to-saturday-moment-js","component":"projection","action":"mouseleave"},{"timestamp":"2022-11-22T22:54:04.753Z","url":"https://stackoverflow.com/questions/23795522/how-to-enumerate-dates-between-two-dates-in-moment","component":"projection","action":"mouseenter"},{"timestamp":"2022-11-22T22:54:04.758Z","url":"https://stackoverflow.com/questions/23795522/how-to-enumerate-dates-between-two-dates-in-moment","component":"projection","action":"mouseleave"},{"timestamp":"2022-11-22T22:54:04.759Z","url":"https://stackoverflow.com/questions/65531326/divide-the-date-range-given-by-moment-js-by-weeks","component":"projection","action":"mouseenter"},{"timestamp":"2022-11-22T22:54:04.764Z","url":"https://stackoverflow.com/questions/65531326/divide-the-date-range-given-by-moment-js-by-weeks","component":"projection","action":"mouseleave"},{"timestamp":"2022-11-22T22:54:04.765Z","url":"https://stackoverflow.com/questions/14897571/moment-js-date-between-dates","component":"projection","action":"mouseenter"},{"timestamp":"2022-11-22T22:54:04.770Z","url":"https://stackoverflow.com/questions/14897571/moment-js-date-between-dates","component":"projection","action":"mouseleave"},{"timestamp":"2022-11-22T22:54:36.227Z","url":"https://stackoverflow.com/questions/14897571/moment-js-date-between-dates","component":"projection","action":"mouseenter"},{"timestamp":"2022-11-22T22:54:36.282Z","url":"https://stackoverflow.com/questions/14897571/moment-js-date-between-dates","component":"projection","action":"mouseleave"},{"timestamp":"2022-11-22T22:54:36.283Z","url":"https://stackoverflow.com/questions/8636617/how-to-get-start-and-end-of-day-in-javascript","component":"projection","action":"mouseenter"},{"timestamp":"2022-11-22T22:55:49.889Z","url":"https://stackoverflow.com/questions/8636617/how-to-get-start-and-end-of-day-in-javascript","component":"projection","action":"mouseleave"},{"timestamp":"2022-11-22T22:56:33.225Z","url":"https://stackoverflow.com/questions/48276306/display-time-duration-based-on-start-and-end-date-with-interval-using-moment-js","component":"projection","action":"mouseenter"},{"timestamp":"2022-11-22T22:56:33.358Z","url":"https://stackoverflow.com/questions/48276306/display-time-duration-based-on-start-and-end-date-with-interval-using-moment-js","component":"projection","action":"mouseleave"}]}]}