{"trialId":"32919_2","taskId":"tutorial","appEvents":[{"timestamp":"2022-11-22T22:27:54.150Z","name":"search","data":"search-start"},{"timestamp":"2022-11-22T22:27:59.496Z","name":"search","data":"search-done"},{"timestamp":"2022-11-22T22:33:31.567Z","name":"resize","data":{"height":0,"width":0}}],"searches":[{"keywords":["sum","object","property","array"],"context":{"tokens":[{"kind":"language","value":"javascript"}]},"timestamp":"2022-11-22T22:27:54.147Z","results":[{"signatures":[{"answerKeywords":["array","array","array","sum","object","object","array"],"answerWordCount":2463,"text":"T[].reduce(function): T","parentType":"T[]","name":"reduce","arguments":[{"name":"callbackfn:(previousValue:T,currentValue:T,currentIndex:number,array:T[])=>T","type":"(previousValue: T, currentValue: T, currentIndex: number, array: T[]) => T"}],"returnType":"T","usage":"var val = array.reduce(function(previousValue, currentValue) {\n  return {\n    adults: previousValue.adults + currentValue.adults,\n    children: previousValue.children + currentValue.children\n  }\n});","definition":"var array = [{\n  \"adults\": 2,\n  \"children\": 3\n}, {\n  \"adults\": 2,\n  \"children\": 1\n}];","source":"var array = [{\n  \"adults\": 2,\n  \"children\": 3\n}, {\n  \"adults\": 2,\n  \"children\": 1\n}];\n\nvar val = array.reduce(function(previousValue, currentValue) {\n  return {\n    adults: previousValue.adults + currentValue.adults,\n    children: previousValue.children + currentValue.children\n  }\n});\nconsole.log(val);","answerId":"35480841","answerUrl":"https://stackoverflow.com/a/35480841","voteCount":31,"isAccepted":false,"lastModified":"2019-07-23T07:21:10.000Z"},{"answerKeywords":["array","array"],"answerWordCount":914,"text":"T[].reduce(function, U): U","parentType":"T[]","name":"reduce","arguments":[{"name":"callbackfn:(previousValue:U,currentValue:T,currentIndex:number,array:T[])=>U","type":"(previousValue: U, currentValue: T, currentIndex: number, array: T[]) => U"},{"name":"initialValue:U","type":"U"}],"returnType":"U","usage":"var totalChild = array.reduce((accum,item) => accum + item.children, 0)","definition":"var array = [{\"adults\":2,\"children\":3},{\"adults\":2,\"children\":1}];","source":" \n\nvar array = [{\"adults\":2,\"children\":3},{\"adults\":2,\"children\":1}];\n\nvar totalChild = array.reduce((accum,item) => accum + item.children, 0)\n\nconsole.log(totalChild) //output 4","answerId":"59730051","answerUrl":"https://stackoverflow.com/a/59730051","voteCount":24,"isAccepted":false,"lastModified":"2022-01-27T11:37:17.000Z"},{"answerKeywords":["property","sum","sum"],"answerWordCount":1070,"text":"reduce(function, number)","name":"reduce","arguments":[{"type":"(acc: any, curr: any) => any"},{"type":"number"}],"returnType":"any","usage":"reduce((acc, curr) => acc + curr.property, 0)","definition":"","source":".reduce((acc, curr) => acc + curr.property, 0)\n\narr = [{x:1, y:-1}, {x:2, y:-2}, {x:3, y:-3}];\n\nx_sum = arr.reduce((acc, curr) => acc + curr.x, 0); // 6\ny_sum = arr.reduce((acc, curr) => acc + curr.y, 0); // -6\n","answerId":"60381611","answerUrl":"https://stackoverflow.com/a/60381611","voteCount":7,"isAccepted":false,"lastModified":"2020-02-24T18:04:11.000Z"},{"answerKeywords":["property","sum","sum"],"answerWordCount":1070,"text":"reduce(function, number)","parentType":"any","name":"reduce","arguments":[{"type":"(acc: any, curr: any) => any"},{"type":"number"}],"returnType":"any","usage":"arr.reduce((acc, curr) => acc + curr.x, 0)","definition":"","source":".reduce((acc, curr) => acc + curr.property, 0)\n\narr = [{x:1, y:-1}, {x:2, y:-2}, {x:3, y:-3}];\n\nx_sum = arr.reduce((acc, curr) => acc + curr.x, 0); // 6\ny_sum = arr.reduce((acc, curr) => acc + curr.y, 0); // -6\n","answerId":"60381611","answerUrl":"https://stackoverflow.com/a/60381611","voteCount":7,"isAccepted":false,"lastModified":"2020-02-24T18:04:11.000Z"},{"answerKeywords":["property","sum","sum"],"answerWordCount":1070,"text":"reduce(function, number)","parentType":"any","name":"reduce","arguments":[{"type":"(acc: any, curr: any) => any"},{"type":"number"}],"returnType":"any","usage":"arr.reduce((acc, curr) => acc + curr.y, 0)","definition":"","source":".reduce((acc, curr) => acc + curr.property, 0)\n\narr = [{x:1, y:-1}, {x:2, y:-2}, {x:3, y:-3}];\n\nx_sum = arr.reduce((acc, curr) => acc + curr.x, 0); // 6\ny_sum = arr.reduce((acc, curr) => acc + curr.y, 0); // -6\n","answerId":"60381611","answerUrl":"https://stackoverflow.com/a/60381611","voteCount":7,"isAccepted":false,"lastModified":"2020-02-24T18:04:11.000Z"},{"answerKeywords":["array","property","property","property","array","array","array","array","array"],"answerWordCount":902,"text":"count(object[], string)","parentType":"any","name":"count","arguments":[{"name":"array","type":"{ adults: number; children: number; }[]"},{"name":"key","type":"string"}],"returnType":"any","usage":"var array = [{ \"adults\": 2, \"children\": 3 }, { \"adults\": 2, \"children\": 2 }],\n    adults = count(array, 'adults'),\n    children = count(array, 'children');","definition":"function count(array, key) {\n    return array.reduce(function (r, a) {\n        return r + a[key];\n    }, 0);\n}","source":"function count(array, key) {\n    return array.reduce(function (r, a) {\n        return r + a[key];\n    }, 0);\n}\n\nvar array = [{ \"adults\": 2, \"children\": 3 }, { \"adults\": 2, \"children\": 2 }],\n    adults = count(array, 'adults'),\n    children = count(array, 'children');\n\ndocument.write('Adults: ' + adults + '<br>');\ndocument.write('Children: ' + children + '<br>');","answerId":"35480989","answerUrl":"https://stackoverflow.com/a/35480989","voteCount":2,"isAccepted":false,"lastModified":"2016-02-18T12:03:51.000Z"},{"answerKeywords":["array","property","property","property","array","array","array","array","array"],"answerWordCount":902,"text":"count(object[], string)","parentType":"any","name":"count","arguments":[{"name":"array","type":"{ adults: number; children: number; }[]"},{"name":"key","type":"string"}],"returnType":"any","usage":"var array = [{ \"adults\": 2, \"children\": 3 }, { \"adults\": 2, \"children\": 2 }],\n    adults = count(array, 'adults'),\n    children = count(array, 'children');","definition":"function count(array, key) {\n    return array.reduce(function (r, a) {\n        return r + a[key];\n    }, 0);\n}","source":"function count(array, key) {\n    return array.reduce(function (r, a) {\n        return r + a[key];\n    }, 0);\n}\n\nvar array = [{ \"adults\": 2, \"children\": 3 }, { \"adults\": 2, \"children\": 2 }],\n    adults = count(array, 'adults'),\n    children = count(array, 'children');\n\ndocument.write('Adults: ' + adults + '<br>');\ndocument.write('Children: ' + children + '<br>');","answerId":"35480989","answerUrl":"https://stackoverflow.com/a/35480989","voteCount":2,"isAccepted":false,"lastModified":"2016-02-18T12:03:51.000Z"},{"answerKeywords":["array","property","property","property","array","array","array","array","array"],"answerWordCount":902,"text":"Document.write(string[]): void","parentType":"Document","name":"write","arguments":[{"name":"...text:string[]","type":"string[]"}],"returnType":"void","usage":"document.write('Adults: ' + adults + '<br>')","definition":"declare var document:Document;","source":"function count(array, key) {\n    return array.reduce(function (r, a) {\n        return r + a[key];\n    }, 0);\n}\n\nvar array = [{ \"adults\": 2, \"children\": 3 }, { \"adults\": 2, \"children\": 2 }],\n    adults = count(array, 'adults'),\n    children = count(array, 'children');\n\ndocument.write('Adults: ' + adults + '<br>');\ndocument.write('Children: ' + children + '<br>');","answerId":"35480989","answerUrl":"https://stackoverflow.com/a/35480989","voteCount":2,"isAccepted":false,"lastModified":"2016-02-18T12:03:51.000Z"},{"answerKeywords":["array","property","property","property","array","array","array","array","array"],"answerWordCount":902,"text":"Document.write(string[]): void","parentType":"Document","name":"write","arguments":[{"name":"...text:string[]","type":"string[]"}],"returnType":"void","usage":"document.write('Children: ' + children + '<br>')","definition":"declare var document:Document;","source":"function count(array, key) {\n    return array.reduce(function (r, a) {\n        return r + a[key];\n    }, 0);\n}\n\nvar array = [{ \"adults\": 2, \"children\": 3 }, { \"adults\": 2, \"children\": 2 }],\n    adults = count(array, 'adults'),\n    children = count(array, 'children');\n\ndocument.write('Adults: ' + adults + '<br>');\ndocument.write('Children: ' + children + '<br>');","answerId":"35480989","answerUrl":"https://stackoverflow.com/a/35480989","voteCount":2,"isAccepted":false,"lastModified":"2016-02-18T12:03:51.000Z"},{"answerKeywords":["array","sum","sum","sum","array","sum","array","sum"],"answerWordCount":809,"text":"T[].reduce(function): T","parentType":"T[]","name":"reduce","arguments":[{"name":"callbackfn:(previousValue:T,currentValue:T,currentIndex:number,array:T[])=>T","type":"(previousValue: T, currentValue: T, currentIndex: number, array: T[]) => T"}],"returnType":"T","usage":"var adultsCount = array.reduce( sumProps('adults'));","definition":"var array = [{\"adults\":2,\"children\":3},{\"adults\":2,\"children\":1}];","source":"var array = [{\"adults\":2,\"children\":3},{\"adults\":2,\"children\":1}];\nvar sumProps = prop => (sum, obj) => sum += obj[prop];\nvar adultsCount = array.reduce( sumProps('adults'));\nvar childrenCount = array.reduce( sumProps('children'));\n","answerId":"35480862","answerUrl":"https://stackoverflow.com/a/35480862","voteCount":1,"isAccepted":false,"lastModified":"2016-02-18T11:58:58.000Z"},{"answerKeywords":["array","sum","sum","sum","array","sum","array","sum"],"answerWordCount":809,"text":"function.sumProps(string): function","parentType":"(prop: any) => (sum: any, obj: any) => any","name":"sumProps","arguments":[{"name":"prop","type":"string"}],"returnType":"(sum: any, obj: any) => any","usage":"sumProps('adults')","definition":"var sumProps = prop => (sum, obj) => sum += obj[prop];","source":"var array = [{\"adults\":2,\"children\":3},{\"adults\":2,\"children\":1}];\nvar sumProps = prop => (sum, obj) => sum += obj[prop];\nvar adultsCount = array.reduce( sumProps('adults'));\nvar childrenCount = array.reduce( sumProps('children'));\n","answerId":"35480862","answerUrl":"https://stackoverflow.com/a/35480862","voteCount":1,"isAccepted":false,"lastModified":"2016-02-18T11:58:58.000Z"},{"answerKeywords":["array","sum","sum","sum","array","sum","array","sum"],"answerWordCount":809,"text":"T[].reduce(function): T","parentType":"T[]","name":"reduce","arguments":[{"name":"callbackfn:(previousValue:T,currentValue:T,currentIndex:number,array:T[])=>T","type":"(previousValue: T, currentValue: T, currentIndex: number, array: T[]) => T"}],"returnType":"T","usage":"var childrenCount = array.reduce( sumProps('children'));","definition":"var array = [{\"adults\":2,\"children\":3},{\"adults\":2,\"children\":1}];","source":"var array = [{\"adults\":2,\"children\":3},{\"adults\":2,\"children\":1}];\nvar sumProps = prop => (sum, obj) => sum += obj[prop];\nvar adultsCount = array.reduce( sumProps('adults'));\nvar childrenCount = array.reduce( sumProps('children'));\n","answerId":"35480862","answerUrl":"https://stackoverflow.com/a/35480862","voteCount":1,"isAccepted":false,"lastModified":"2016-02-18T11:58:58.000Z"},{"answerKeywords":["array","sum","sum","sum","array","sum","array","sum"],"answerWordCount":809,"text":"function.sumProps(string): function","parentType":"(prop: any) => (sum: any, obj: any) => any","name":"sumProps","arguments":[{"name":"prop","type":"string"}],"returnType":"(sum: any, obj: any) => any","usage":"sumProps('children')","definition":"var sumProps = prop => (sum, obj) => sum += obj[prop];","source":"var array = [{\"adults\":2,\"children\":3},{\"adults\":2,\"children\":1}];\nvar sumProps = prop => (sum, obj) => sum += obj[prop];\nvar adultsCount = array.reduce( sumProps('adults'));\nvar childrenCount = array.reduce( sumProps('children'));\n","answerId":"35480862","answerUrl":"https://stackoverflow.com/a/35480862","voteCount":1,"isAccepted":false,"lastModified":"2016-02-18T11:58:58.000Z"},{"answerKeywords":["sum","array","sum","sum","array","sum","sum","sum","sum"],"answerWordCount":824,"text":"T[].forEach(function): void","parentType":"T[]","name":"forEach","arguments":[{"name":"callbackfn:(value:T,index:number,array:T[])=>void","type":"(value: T, index: number, array: T[]) => void"}],"returnType":"void","usage":"array.forEach(function(obj){\n    adults_sum += obj[\"adults\"];\n    children_sum += obj[\"children\"];\n})","definition":"var array = [{\"adults\":2,\"children\":3},{\"adults\":2,\"children\":1}];","source":"var array = [{\"adults\":2,\"children\":3},{\"adults\":2,\"children\":1}];\nvar adults_sum = 0, children_sum = 0;\n\narray.forEach(function(obj){\n    adults_sum += obj[\"adults\"];\n    children_sum += obj[\"children\"];\n});\n\nconsole.log(adults_sum, children_sum); // 4 4\n","answerId":"35481022","answerUrl":"https://stackoverflow.com/a/35481022","voteCount":0,"isAccepted":false,"lastModified":"2016-02-18T12:05:17.000Z"},{"answerKeywords":["array","sum","sum","sum"],"answerWordCount":945,"text":"reduce(function)","parentType":"any","name":"reduce","arguments":[{"type":"(sum: any, tuple: any) => { adults: any; children: any; }"}],"returnType":"any","usage":"var val = array.reduce(function (sum, tuple) {\n    return { adults: sum.adults + tuple.adults,\n             children: sum.children + tuple.children };\n});","definition":"","source":"var val = array.reduce(function (sum, tuple) {\n    return { adults: sum.adults + tuple.adults,\n             children: sum.children + tuple.children };\n});\n","answerId":"35480887","answerUrl":"https://stackoverflow.com/a/35480887","voteCount":0,"isAccepted":false,"lastModified":"2016-02-18T12:10:02.000Z"}],"areSignaturesLoading":false,"title":"Sum values of objects in array - javascript - Stack Overflow","url":"https://stackoverflow.com/questions/35480773/sum-values-of-objects-in-array","displayLink":"https://stackoverflow.com › questions › sum-values-of-...","snippet":"The key feature of the function is the Array#reduce methode and a property which returns the actual count calue and the actual property value. Show activity on ...","snippetHighlightWords":["Array","property","property value"]},{"signatures":[{"answerKeywords":["array","sum","array","sum","sum","sum","sum","object","array"],"answerWordCount":1961,"text":"function.sum(unknown, string)","parentType":"(items: any, prop: any) => any","name":"sum","arguments":[{"name":"items","type":"any"},{"name":"prop","type":"string"}],"returnType":"any","usage":"$scope.sum($scope.traveler, 'Amount')","definition":"$scope","source":"$scope.sum = function(items, prop){\n    return items.reduce( function(a, b){\n        return a + b[prop];\n    }, 0);\n};\n\n$scope.travelerTotal = $scope.sum($scope.traveler, 'Amount');\n","answerId":"23249575","answerUrl":"https://stackoverflow.com/a/23249575","voteCount":291,"isAccepted":false,"lastModified":"2014-04-23T16:03:56.000Z"},{"answerKeywords":["sum","sum","array","array","sum","array","array"],"answerWordCount":2184,"text":"T[].reduce(function): T","parentType":"T[]","name":"reduce","arguments":[{"name":"callbackfn:(previousValue:T,currentValue:T,currentIndex:number,array:T[])=>T","type":"(previousValue: T, currentValue: T, currentIndex: number, array: T[]) => T"}],"returnType":"T","usage":"traveler.map(amount).reduce(sum)","definition":"","source":"var traveler = [{description: 'Senior', Amount: 50},\n                {description: 'Senior', Amount: 50},\n                {description: 'Adult', Amount: 75},\n                {description: 'Child', Amount: 35},\n                {description: 'Infant', Amount: 25}];\n\nfunction amount(item){\n  return item.Amount;\n}\n\nfunction sum(prev, next){\n  return prev + next;\n}\n\ntraveler.map(amount).reduce(sum);\n// => 235;\n\n// or use arrow functions\ntraveler.map(item => item.Amount).reduce((prev, next) => prev + next);\n\n// Example of reuse.\n// Get only Amounts greater than 0;\n\n// Also, while using Javascript, stick with camelCase.\n// If you do decide to go against the standards, \n// then maintain your decision with all keys as in...\n\n// { description: 'Senior', Amount: 50 }\n\n// would be\n\n// { Description: 'Senior', Amount: 50 };\n\nvar travelers = [{description: 'Senior', amount: 50},\n                {description: 'Senior', amount: 50},\n                {description: 'Adult', amount: 75},\n                {description: 'Child', amount: 35},\n                {description: 'Infant', amount: 0 }];\n\n// Directly above Travelers array I changed \"Amount\" to \"amount\" to match standards.\n\nfunction amount(item){\n  return item.amount;\n}\n\ntravelers.filter(amount);\n// => [{description: 'Senior', amount: 50},\n//     {description: 'Senior', amount: 50},\n//     {description: 'Adult', amount: 75},\n//     {description: 'Child', amount: 35}];\n//     Does not include \"Infant\" as 0 is falsey.\n","answerId":"43281805","answerUrl":"https://stackoverflow.com/a/43281805","voteCount":207,"isAccepted":false,"lastModified":"2019-12-09T15:43:11.000Z"},{"answerKeywords":["sum","sum","array","array","sum","array","array"],"answerWordCount":2184,"text":"T[].map(function): U[]","parentType":"T[]","name":"map","arguments":[{"name":"callbackfn:(value:T,index:number,array:T[])=>U","type":"(value: T, index: number, array: T[]) => U"}],"returnType":"U[]","usage":"traveler.map(amount)","definition":"var traveler = [{description: 'Senior', Amount: 50},\n                {description: 'Senior', Amount: 50},\n                {description: 'Adult', Amount: 75},\n                {description: 'Child', Amount: 35},\n                {description: 'Infant', Amount: 25}];","source":"var traveler = [{description: 'Senior', Amount: 50},\n                {description: 'Senior', Amount: 50},\n                {description: 'Adult', Amount: 75},\n                {description: 'Child', Amount: 35},\n                {description: 'Infant', Amount: 25}];\n\nfunction amount(item){\n  return item.Amount;\n}\n\nfunction sum(prev, next){\n  return prev + next;\n}\n\ntraveler.map(amount).reduce(sum);\n// => 235;\n\n// or use arrow functions\ntraveler.map(item => item.Amount).reduce((prev, next) => prev + next);\n\n// Example of reuse.\n// Get only Amounts greater than 0;\n\n// Also, while using Javascript, stick with camelCase.\n// If you do decide to go against the standards, \n// then maintain your decision with all keys as in...\n\n// { description: 'Senior', Amount: 50 }\n\n// would be\n\n// { Description: 'Senior', Amount: 50 };\n\nvar travelers = [{description: 'Senior', amount: 50},\n                {description: 'Senior', amount: 50},\n                {description: 'Adult', amount: 75},\n                {description: 'Child', amount: 35},\n                {description: 'Infant', amount: 0 }];\n\n// Directly above Travelers array I changed \"Amount\" to \"amount\" to match standards.\n\nfunction amount(item){\n  return item.amount;\n}\n\ntravelers.filter(amount);\n// => [{description: 'Senior', amount: 50},\n//     {description: 'Senior', amount: 50},\n//     {description: 'Adult', amount: 75},\n//     {description: 'Child', amount: 35}];\n//     Does not include \"Infant\" as 0 is falsey.\n","answerId":"43281805","answerUrl":"https://stackoverflow.com/a/43281805","voteCount":207,"isAccepted":false,"lastModified":"2019-12-09T15:43:11.000Z"},{"answerKeywords":["sum","sum","array","array","sum","array","array"],"answerWordCount":2184,"text":"T[].reduce(function): T","parentType":"T[]","name":"reduce","arguments":[{"name":"callbackfn:(previousValue:T,currentValue:T,currentIndex:number,array:T[])=>T","type":"(previousValue: T, currentValue: T, currentIndex: number, array: T[]) => T"}],"returnType":"T","usage":"traveler.map(item => item.Amount).reduce((prev, next) => prev + next)","definition":"","source":"var traveler = [{description: 'Senior', Amount: 50},\n                {description: 'Senior', Amount: 50},\n                {description: 'Adult', Amount: 75},\n                {description: 'Child', Amount: 35},\n                {description: 'Infant', Amount: 25}];\n\nfunction amount(item){\n  return item.Amount;\n}\n\nfunction sum(prev, next){\n  return prev + next;\n}\n\ntraveler.map(amount).reduce(sum);\n// => 235;\n\n// or use arrow functions\ntraveler.map(item => item.Amount).reduce((prev, next) => prev + next);\n\n// Example of reuse.\n// Get only Amounts greater than 0;\n\n// Also, while using Javascript, stick with camelCase.\n// If you do decide to go against the standards, \n// then maintain your decision with all keys as in...\n\n// { description: 'Senior', Amount: 50 }\n\n// would be\n\n// { Description: 'Senior', Amount: 50 };\n\nvar travelers = [{description: 'Senior', amount: 50},\n                {description: 'Senior', amount: 50},\n                {description: 'Adult', amount: 75},\n                {description: 'Child', amount: 35},\n                {description: 'Infant', amount: 0 }];\n\n// Directly above Travelers array I changed \"Amount\" to \"amount\" to match standards.\n\nfunction amount(item){\n  return item.amount;\n}\n\ntravelers.filter(amount);\n// => [{description: 'Senior', amount: 50},\n//     {description: 'Senior', amount: 50},\n//     {description: 'Adult', amount: 75},\n//     {description: 'Child', amount: 35}];\n//     Does not include \"Infant\" as 0 is falsey.\n","answerId":"43281805","answerUrl":"https://stackoverflow.com/a/43281805","voteCount":207,"isAccepted":false,"lastModified":"2019-12-09T15:43:11.000Z"},{"answerKeywords":["sum","sum","array","array","sum","array","array"],"answerWordCount":2184,"text":"T[].map(function): U[]","parentType":"T[]","name":"map","arguments":[{"name":"callbackfn:(value:T,index:number,array:T[])=>U","type":"(value: T, index: number, array: T[]) => U"}],"returnType":"U[]","usage":"traveler.map(item => item.Amount)","definition":"var traveler = [{description: 'Senior', Amount: 50},\n                {description: 'Senior', Amount: 50},\n                {description: 'Adult', Amount: 75},\n                {description: 'Child', Amount: 35},\n                {description: 'Infant', Amount: 25}];","source":"var traveler = [{description: 'Senior', Amount: 50},\n                {description: 'Senior', Amount: 50},\n                {description: 'Adult', Amount: 75},\n                {description: 'Child', Amount: 35},\n                {description: 'Infant', Amount: 25}];\n\nfunction amount(item){\n  return item.Amount;\n}\n\nfunction sum(prev, next){\n  return prev + next;\n}\n\ntraveler.map(amount).reduce(sum);\n// => 235;\n\n// or use arrow functions\ntraveler.map(item => item.Amount).reduce((prev, next) => prev + next);\n\n// Example of reuse.\n// Get only Amounts greater than 0;\n\n// Also, while using Javascript, stick with camelCase.\n// If you do decide to go against the standards, \n// then maintain your decision with all keys as in...\n\n// { description: 'Senior', Amount: 50 }\n\n// would be\n\n// { Description: 'Senior', Amount: 50 };\n\nvar travelers = [{description: 'Senior', amount: 50},\n                {description: 'Senior', amount: 50},\n                {description: 'Adult', amount: 75},\n                {description: 'Child', amount: 35},\n                {description: 'Infant', amount: 0 }];\n\n// Directly above Travelers array I changed \"Amount\" to \"amount\" to match standards.\n\nfunction amount(item){\n  return item.amount;\n}\n\ntravelers.filter(amount);\n// => [{description: 'Senior', amount: 50},\n//     {description: 'Senior', amount: 50},\n//     {description: 'Adult', amount: 75},\n//     {description: 'Child', amount: 35}];\n//     Does not include \"Infant\" as 0 is falsey.\n","answerId":"43281805","answerUrl":"https://stackoverflow.com/a/43281805","voteCount":207,"isAccepted":false,"lastModified":"2019-12-09T15:43:11.000Z"},{"answerKeywords":["sum","sum","array","array","sum","array","array"],"answerWordCount":2184,"text":"T[].filter(function): T[]","parentType":"T[]","name":"filter","arguments":[{"name":"predicate:(value:T,index:number,array:T[])=>unknown","type":"(value: T, index: number, array: T[]) => unknown"}],"returnType":"T[]","usage":"travelers.filter(amount)","definition":"var travelers = [{description: 'Senior', amount: 50},\n                {description: 'Senior', amount: 50},\n                {description: 'Adult', amount: 75},\n                {description: 'Child', amount: 35},\n                {description: 'Infant', amount: 0 }];","source":"var traveler = [{description: 'Senior', Amount: 50},\n                {description: 'Senior', Amount: 50},\n                {description: 'Adult', Amount: 75},\n                {description: 'Child', Amount: 35},\n                {description: 'Infant', Amount: 25}];\n\nfunction amount(item){\n  return item.Amount;\n}\n\nfunction sum(prev, next){\n  return prev + next;\n}\n\ntraveler.map(amount).reduce(sum);\n// => 235;\n\n// or use arrow functions\ntraveler.map(item => item.Amount).reduce((prev, next) => prev + next);\n\n// Example of reuse.\n// Get only Amounts greater than 0;\n\n// Also, while using Javascript, stick with camelCase.\n// If you do decide to go against the standards, \n// then maintain your decision with all keys as in...\n\n// { description: 'Senior', Amount: 50 }\n\n// would be\n\n// { Description: 'Senior', Amount: 50 };\n\nvar travelers = [{description: 'Senior', amount: 50},\n                {description: 'Senior', amount: 50},\n                {description: 'Adult', amount: 75},\n                {description: 'Child', amount: 35},\n                {description: 'Infant', amount: 0 }];\n\n// Directly above Travelers array I changed \"Amount\" to \"amount\" to match standards.\n\nfunction amount(item){\n  return item.amount;\n}\n\ntravelers.filter(amount);\n// => [{description: 'Senior', amount: 50},\n//     {description: 'Senior', amount: 50},\n//     {description: 'Adult', amount: 75},\n//     {description: 'Child', amount: 35}];\n//     Does not include \"Infant\" as 0 is falsey.\n","answerId":"43281805","answerUrl":"https://stackoverflow.com/a/43281805","voteCount":207,"isAccepted":false,"lastModified":"2019-12-09T15:43:11.000Z"},{"answerKeywords":["sum","sum","array","sum","sum","array","object","object","array"],"answerWordCount":1966,"text":"TravellerCollection.sum(string)","parentType":"TravellerCollection","name":"sum","arguments":[{"name":"key","type":"string"}],"returnType":"any","usage":"traveler.sum('Amount')","definition":"const traveler = new TravellerCollection(...[\n    {  description: 'Senior', Amount: 50},\n    {  description: 'Senior', Amount: 50},\n    {  description: 'Adult', Amount: 75},\n    {  description: 'Child', Amount: 35},\n    {  description: 'Infant', Amount: 25 },\n]);","source":"class TravellerCollection extends Array {\n    sum(key) {\n        return this.reduce((a, b) => a + (b[key] || 0), 0);\n    }\n}\nconst traveler = new TravellerCollection(...[\n    {  description: 'Senior', Amount: 50},\n    {  description: 'Senior', Amount: 50},\n    {  description: 'Adult', Amount: 75},\n    {  description: 'Child', Amount: 35},\n    {  description: 'Infant', Amount: 25 },\n]);\n\nconsole.log(traveler.sum('Amount')); //~> 235\n\ntraveler = [\n    {  description: 'Senior', Amount: 50},\n    {  description: 'Senior', Amount: 50},\n    {  description: 'Adult', Amount: 75},\n    {  description: 'Child', Amount: 35},\n    {  description: 'Infant', Amount: 25 },\n];\n\nArray.prototype.sum = function (prop) {\n    var total = 0\n    for ( var i = 0, _len = this.length; i < _len; i++ ) {\n        total += this[i][prop]\n    }\n    return total\n}\n\nconsole.log(traveler.sum(\"Amount\"))\n","answerId":"23247980","answerUrl":"https://stackoverflow.com/a/23247980","voteCount":193,"isAccepted":true,"lastModified":"2019-03-06T17:12:54.000Z"},{"answerKeywords":["sum","sum","array","sum","sum","array","object","object","array"],"answerWordCount":1966,"text":"TravellerCollection.sum(string)","parentType":"TravellerCollection","name":"sum","arguments":[{"name":"key","type":"string"}],"returnType":"any","usage":"traveler.sum(\"Amount\")","definition":"const traveler = new TravellerCollection(...[\n    {  description: 'Senior', Amount: 50},\n    {  description: 'Senior', Amount: 50},\n    {  description: 'Adult', Amount: 75},\n    {  description: 'Child', Amount: 35},\n    {  description: 'Infant', Amount: 25 },\n]);","source":"class TravellerCollection extends Array {\n    sum(key) {\n        return this.reduce((a, b) => a + (b[key] || 0), 0);\n    }\n}\nconst traveler = new TravellerCollection(...[\n    {  description: 'Senior', Amount: 50},\n    {  description: 'Senior', Amount: 50},\n    {  description: 'Adult', Amount: 75},\n    {  description: 'Child', Amount: 35},\n    {  description: 'Infant', Amount: 25 },\n]);\n\nconsole.log(traveler.sum('Amount')); //~> 235\n\ntraveler = [\n    {  description: 'Senior', Amount: 50},\n    {  description: 'Senior', Amount: 50},\n    {  description: 'Adult', Amount: 75},\n    {  description: 'Child', Amount: 35},\n    {  description: 'Infant', Amount: 25 },\n];\n\nArray.prototype.sum = function (prop) {\n    var total = 0\n    for ( var i = 0, _len = this.length; i < _len; i++ ) {\n        total += this[i][prop]\n    }\n    return total\n}\n\nconsole.log(traveler.sum(\"Amount\"))\n","answerId":"23247980","answerUrl":"https://stackoverflow.com/a/23247980","voteCount":193,"isAccepted":true,"lastModified":"2019-03-06T17:12:54.000Z"},{"answerKeywords":["sum"],"answerWordCount":1831,"text":"T[].reduce(function, U): U","parentType":"T[]","name":"reduce","arguments":[{"name":"callbackfn:(previousValue:U,currentValue:T,currentIndex:number,array:T[])=>U","type":"(previousValue: U, currentValue: T, currentIndex: number, array: T[]) => U"},{"name":"initialValue:U","type":"U"}],"returnType":"U","usage":"traveler.reduce((n, {Amount}) => n + Amount, 0)","definition":"const traveler = [\n  { description: 'Senior', Amount: 50 },\n  { description: 'Senior', Amount: 50 },\n  { description: 'Adult', Amount: 75 },\n  { description: 'Child', Amount: 35 },\n  { description: 'Infant', Amount: 25 },\n];","source":"const traveler = [\n  { description: 'Senior', Amount: 50 },\n  { description: 'Senior', Amount: 50 },\n  { description: 'Adult', Amount: 75 },\n  { description: 'Child', Amount: 35 },\n  { description: 'Infant', Amount: 25 },\n];\n\nconsole.log(traveler.reduce((n, {Amount}) => n + Amount, 0))\n","answerId":"63681334","answerUrl":"https://stackoverflow.com/a/63681334","voteCount":160,"isAccepted":false,"lastModified":"2020-09-10T08:50:23.000Z"},{"answerKeywords":["object","object","array","sum","sum"],"answerWordCount":2148,"text":"reduce(function, number)","parentType":"any","name":"reduce","arguments":[{"type":"(a: any, b: any) => number"},{"type":"number"}],"returnType":"any","usage":"items.reduce((a, b) => +a + +b.price, 0)","definition":"","source":"// + operator for casting to Number\nitems.reduce((a, b) => +a + +b.price, 0);\n","answerId":"49089648","answerUrl":"https://stackoverflow.com/a/49089648","voteCount":135,"isAccepted":false,"lastModified":"2018-03-03T21:57:53.000Z"},{"answerKeywords":["sum"],"answerWordCount":1474,"text":"T[].reduce(function, T): T","parentType":"T[]","name":"reduce","arguments":[{"name":"callbackfn:(previousValue:T,currentValue:T,currentIndex:number,array:T[])=>T","type":"(previousValue: T, currentValue: T, currentIndex: number, array: T[]) => T"},{"name":"initialValue:T","type":"T"}],"returnType":"T","usage":"const sum = traveler\n  .map(item => item.amount)\n  .reduce((prev, curr) => prev + curr, 0);","definition":"","source":"const traveler = [\n    {  description: 'Senior', amount: 50 },\n    {  description: 'Senior', amount: 50 },\n    {  description: 'Adult', amount: 75 },\n    {  description: 'Child', amount: 35 },\n    {  description: 'Infant', amount: 25 },\n];\n\nconst sum = traveler\n  .map(item => item.amount)\n  .reduce((prev, curr) => prev + curr, 0);\n\nconst calculateSum = (obj, field) => obj\n  .map(items => items.attributes[field])\n  .reduce((prev, curr) => prev + curr, 0);\n","answerId":"55706793","answerUrl":"https://stackoverflow.com/a/55706793","voteCount":47,"isAccepted":false,"lastModified":"2019-04-16T11:20:44.000Z"},{"answerKeywords":["sum"],"answerWordCount":1474,"text":"T[].map(function): U[]","parentType":"T[]","name":"map","arguments":[{"name":"callbackfn:(value:T,index:number,array:T[])=>U","type":"(value: T, index: number, array: T[]) => U"}],"returnType":"U[]","usage":"traveler\n  .map(item => item.amount)","definition":"const traveler = [\n    {  description: 'Senior', amount: 50 },\n    {  description: 'Senior', amount: 50 },\n    {  description: 'Adult', amount: 75 },\n    {  description: 'Child', amount: 35 },\n    {  description: 'Infant', amount: 25 },\n];","source":"const traveler = [\n    {  description: 'Senior', amount: 50 },\n    {  description: 'Senior', amount: 50 },\n    {  description: 'Adult', amount: 75 },\n    {  description: 'Child', amount: 35 },\n    {  description: 'Infant', amount: 25 },\n];\n\nconst sum = traveler\n  .map(item => item.amount)\n  .reduce((prev, curr) => prev + curr, 0);\n\nconst calculateSum = (obj, field) => obj\n  .map(items => items.attributes[field])\n  .reduce((prev, curr) => prev + curr, 0);\n","answerId":"55706793","answerUrl":"https://stackoverflow.com/a/55706793","voteCount":47,"isAccepted":false,"lastModified":"2019-04-16T11:20:44.000Z"},{"answerKeywords":[],"answerWordCount":904,"text":"reduce(function)","parentType":"any","name":"reduce","arguments":[{"type":"(a: any, c: any) => any"}],"returnType":"any","usage":"$scope.traveler.map(o=>o.Amount).reduce((a,c)=>a+c)","definition":"","source":"$scope.traveler.map(o=>o.Amount).reduce((a,c)=>a+c);\n","answerId":"52729221","answerUrl":"https://stackoverflow.com/a/52729221","voteCount":22,"isAccepted":false,"lastModified":"2018-11-16T17:05:28.000Z"},{"answerKeywords":[],"answerWordCount":904,"text":"map(function)","parentType":"any","name":"map","arguments":[{"type":"(o: any) => any"}],"returnType":"any","usage":"$scope.traveler.map(o=>o.Amount)","definition":"","source":"$scope.traveler.map(o=>o.Amount).reduce((a,c)=>a+c);\n","answerId":"52729221","answerUrl":"https://stackoverflow.com/a/52729221","voteCount":22,"isAccepted":false,"lastModified":"2018-11-16T17:05:28.000Z"},{"answerKeywords":["sum","sum"],"answerWordCount":945,"text":"T[].reduce(function): T","parentType":"T[]","name":"reduce","arguments":[{"name":"callbackfn:(previousValue:T,currentValue:T,currentIndex:number,array:T[])=>T","type":"(previousValue: T, currentValue: T, currentIndex: number, array: T[]) => T"}],"returnType":"T","usage":"let sum = lst.map(o => o.price).reduce((a, c) => { return a + c });","definition":"","source":"let lst = [\n     { description:'Senior', price: 10},\n     { description:'Adult', price: 20},\n     { description:'Child', price: 30}\n];\nlet sum = lst.map(o => o.price).reduce((a, c) => { return a + c });\nconsole.log(sum);","answerId":"58558769","answerUrl":"https://stackoverflow.com/a/58558769","voteCount":22,"isAccepted":false,"lastModified":"2019-10-25T13:55:45.000Z"},{"answerKeywords":["sum","sum"],"answerWordCount":945,"text":"T[].map(function): U[]","parentType":"T[]","name":"map","arguments":[{"name":"callbackfn:(value:T,index:number,array:T[])=>U","type":"(value: T, index: number, array: T[]) => U"}],"returnType":"U[]","usage":"lst.map(o => o.price)","definition":"let lst = [\n     { description:'Senior', price: 10},\n     { description:'Adult', price: 20},\n     { description:'Child', price: 30}\n];","source":"let lst = [\n     { description:'Senior', price: 10},\n     { description:'Adult', price: 20},\n     { description:'Child', price: 30}\n];\nlet sum = lst.map(o => o.price).reduce((a, c) => { return a + c });\nconsole.log(sum);","answerId":"58558769","answerUrl":"https://stackoverflow.com/a/58558769","voteCount":22,"isAccepted":false,"lastModified":"2019-10-25T13:55:45.000Z"},{"answerKeywords":["sum","sum","object","sum","object"],"answerWordCount":824,"text":"sumBy(unknown, string)","parentType":"any","name":"sumBy","arguments":[{"type":"any"},{"type":"string"}],"returnType":"any","usage":"_.sumBy(objects, 'value')","definition":"","source":"_.sumBy(objects, 'value');\n_.sumBy(objects, function(o) { return o.value; });\n","answerId":"48867811","answerUrl":"https://stackoverflow.com/a/48867811","voteCount":15,"isAccepted":false,"lastModified":"2018-02-19T13:59:19.000Z"},{"answerKeywords":["sum","sum","object","sum","object"],"answerWordCount":824,"text":"sumBy(unknown, function)","parentType":"any","name":"sumBy","arguments":[{"type":"any"},{"type":"(o: any) => any"}],"returnType":"any","usage":"_.sumBy(objects, function(o) { return o.value; })","definition":"","source":"_.sumBy(objects, 'value');\n_.sumBy(objects, function(o) { return o.value; });\n","answerId":"48867811","answerUrl":"https://stackoverflow.com/a/48867811","voteCount":15,"isAccepted":false,"lastModified":"2018-02-19T13:59:19.000Z"},{"answerKeywords":["array","object","array","array"],"answerWordCount":846,"text":"map(function)","parentType":"any","name":"map","arguments":[{"type":"(item: any) => number"}],"returnType":"any","usage":"let values = array.map((item) => parseInt(item[column]) || 0)","definition":"","source":"function getSum(array, column)\n  let values = array.map((item) => parseInt(item[column]) || 0)\n  return values.reduce((a, b) => a + b)\n}\n\nfoo = [\n  { a: 1, b: \"\" },\n  { a: null, b: 2 },\n  { a: 1, b: 2 },\n  { a: 1, b: 2 },\n]\n\ngetSum(foo, a) == 3\ngetSum(foo, b) == 6\n","answerId":"61711217","answerUrl":"https://stackoverflow.com/a/61711217","voteCount":5,"isAccepted":false,"lastModified":"2020-05-10T11:28:02.000Z"},{"answerKeywords":["array","object","array","array"],"answerWordCount":846,"text":"reduce(function)","parentType":"any","name":"reduce","arguments":[{"type":"(a: any, b: any) => any"}],"returnType":"any","usage":"values.reduce((a, b) => a + b)","definition":"let values = array.map((item) => parseInt(item[column]) || 0)","source":"function getSum(array, column)\n  let values = array.map((item) => parseInt(item[column]) || 0)\n  return values.reduce((a, b) => a + b)\n}\n\nfoo = [\n  { a: 1, b: \"\" },\n  { a: null, b: 2 },\n  { a: 1, b: 2 },\n  { a: 1, b: 2 },\n]\n\ngetSum(foo, a) == 3\ngetSum(foo, b) == 6\n","answerId":"61711217","answerUrl":"https://stackoverflow.com/a/61711217","voteCount":5,"isAccepted":false,"lastModified":"2020-05-10T11:28:02.000Z"},{"answerKeywords":["array","object","array","array"],"answerWordCount":846,"text":"getSum(unknown, unknown)","parentType":"any","name":"getSum","arguments":[{"name":"array","type":"any"},{"name":"column","type":"any"}],"returnType":"any","usage":"getSum(foo, a)","definition":"function getSum(array, column)","source":"function getSum(array, column)\n  let values = array.map((item) => parseInt(item[column]) || 0)\n  return values.reduce((a, b) => a + b)\n}\n\nfoo = [\n  { a: 1, b: \"\" },\n  { a: null, b: 2 },\n  { a: 1, b: 2 },\n  { a: 1, b: 2 },\n]\n\ngetSum(foo, a) == 3\ngetSum(foo, b) == 6\n","answerId":"61711217","answerUrl":"https://stackoverflow.com/a/61711217","voteCount":5,"isAccepted":false,"lastModified":"2020-05-10T11:28:02.000Z"},{"answerKeywords":["array","object","array","array"],"answerWordCount":846,"text":"getSum(unknown, unknown)","parentType":"any","name":"getSum","arguments":[{"name":"array","type":"any"},{"name":"column","type":"any"}],"returnType":"any","usage":"getSum(foo, b)","definition":"function getSum(array, column)","source":"function getSum(array, column)\n  let values = array.map((item) => parseInt(item[column]) || 0)\n  return values.reduce((a, b) => a + b)\n}\n\nfoo = [\n  { a: 1, b: \"\" },\n  { a: null, b: 2 },\n  { a: 1, b: 2 },\n  { a: 1, b: 2 },\n]\n\ngetSum(foo, a) == 3\ngetSum(foo, b) == 6\n","answerId":"61711217","answerUrl":"https://stackoverflow.com/a/61711217","voteCount":5,"isAccepted":false,"lastModified":"2020-05-10T11:28:02.000Z"},{"answerKeywords":[],"answerWordCount":804,"text":"forEach(function)","parentType":"any","name":"forEach","arguments":[{"type":"(data: any) => any"}],"returnType":"any","usage":"$scope.traveler.forEach( data => totalAmount = totalAmount + data.Amount)","definition":"","source":"let totalAmount = 0;\n$scope.traveler.forEach( data => totalAmount = totalAmount + data.Amount);\nreturn totalAmount;\n","answerId":"50851824","answerUrl":"https://stackoverflow.com/a/50851824","voteCount":4,"isAccepted":false,"lastModified":"2018-06-14T07:24:25.000Z"},{"answerKeywords":["sum","sum"],"answerWordCount":824,"text":"function.sumPropertyValue(object[], string)","parentType":"(items: any, prop: any) => any","name":"sumPropertyValue","arguments":[{"name":"items","type":"{ quantity: number; }[]"},{"name":"prop","type":"string"}],"returnType":"any","usage":"const cart_total = sumPropertyValue(cart_items, 'quantity');","definition":"const sumPropertyValue = (items, prop) => items.reduce((a, b) => a + b[prop], 0);","source":"const sumPropertyValue = (items, prop) => items.reduce((a, b) => a + b[prop], 0);\n\n// usage:\nconst cart_items = [ {quantity: 3}, {quantity: 4}, {quantity: 2} ];\nconst cart_total = sumPropertyValue(cart_items, 'quantity');\n","answerId":"55545616","answerUrl":"https://stackoverflow.com/a/55545616","voteCount":3,"isAccepted":false,"lastModified":"2019-04-06T03:27:01.000Z"},{"answerKeywords":["sum","property","array","sum","array","sum","property","sum","sum","sum","sum","sum","property","array","property","property"],"answerWordCount":989,"text":"function.sumFromArray(string, object[]): number","parentType":"(propertyName: any, array: any) => number","name":"sumFromArray","arguments":[{"name":"propertyName","type":"string"},{"name":"array","type":"{ Amount: number; description: string; }[]"}],"returnType":"number","usage":"var sumOfTraveler = sumFromArray('Amount', traveler);","definition":"var sumFromArray = (propertyName, array) => {\n  let sum = 0;\n  array.forEach(item => {\n    sum += item[propertyName] ?? 0;\n  });\n  return sum;\n};","source":"var traveler = [\n  {Amount: 50,  description: 'Senior'},\n  {Amount: 50,  description: 'Senior'},\n  {Amount: 75,  description: 'Adult'},\n  {Amount: 35,  description: 'Child'},\n  {Amount: 25,  description: 'Infant'}\n];\n\nvar sumFromArray = (propertyName, array) => {\n  let sum = 0;\n  array.forEach(item => {\n    sum += item[propertyName] ?? 0;\n  });\n  return sum;\n};\n\nvar sumOfTraveler = sumFromArray('Amount', traveler);\nconsole.log(sumOfTraveler);\nconst sumFromArray = (propertyName: string, array: Array<{[propertyName: string]: number}>) => { ... };\n","answerId":"67934181","answerUrl":"https://stackoverflow.com/a/67934181","voteCount":2,"isAccepted":false,"lastModified":"2021-06-11T09:05:43.000Z"},{"answerKeywords":["sum","array","object","sum","array","array","sum"],"answerWordCount":1007,"text":"sum(object[])","parentType":"any","name":"sum","arguments":[{"name":"arrayData","type":"{ description: string; Amount: number; }[]"}],"returnType":"any","usage":"sum(traveler)","definition":"function sum(arrayData, key){\n   return arrayData.reduce((a,b) => {\n  return {Amount : a.Amount + b.Amount}\n})\n}","source":"const traveler = [\n  {  description: 'Senior', Amount: 50},\n  {  description: 'Senior', Amount: 50},\n  {  description: 'Adult', Amount: 75},\n  {  description: 'Child', Amount: 35},\n  {  description: 'Infant', Amount: 25 }\n];\n\nconst traveler = [\n    {  description: 'Senior', Amount: 50},\n    {  description: 'Senior', Amount: 50},\n    {  description: 'Adult', Amount: 75},\n    {  description: 'Child', Amount: 35},\n    {  description: 'Infant', Amount: 25 },\n];\nfunction sum(arrayData, key){\n   return arrayData.reduce((a,b) => {\n  return {Amount : a.Amount + b.Amount}\n})\n}\nconsole.log(sum(traveler))","answerId":"55647015","answerUrl":"https://stackoverflow.com/a/55647015","voteCount":1,"isAccepted":false,"lastModified":"2019-04-12T08:30:51.000Z"},{"answerKeywords":["sum","array","sum","array","array","sum","array","sum","sum","sum","sum","sum"],"answerWordCount":856,"text":"sumOfArrayWithParameter(unknown, string): number","parentType":"any","name":"sumOfArrayWithParameter","arguments":[{"name":"array","type":"any"},{"name":"parameter","type":"string"}],"returnType":"number","usage":"let sum = sumOfArrayWithParameter(someArray, 'someProperty');","definition":"function sumOfArrayWithParameter (array, parameter) {\n  let sum = null;\n  if (array && array.length > 0 && typeof parameter === 'string') {\n    sum = 0;\n    for (let e of array) if (e && e.hasOwnProperty(parameter)) sum += e[parameter];\n  }\n  return sum;\n}","source":"function sumOfArrayWithParameter (array, parameter) {\n  let sum = null;\n  if (array && array.length > 0 && typeof parameter === 'string') {\n    sum = 0;\n    for (let e of array) if (e && e.hasOwnProperty(parameter)) sum += e[parameter];\n  }\n  return sum;\n}\n\nlet sum = sumOfArrayWithParameter(someArray, 'someProperty');\n","answerId":"57442714","answerUrl":"https://stackoverflow.com/a/57442714","voteCount":1,"isAccepted":false,"lastModified":"2019-08-10T13:45:59.000Z"},{"answerKeywords":[],"answerWordCount":825,"text":"each(unknown, function)","parentType":"any","name":"each","arguments":[{"type":"any"},{"type":"(i: any, v: any) => void"}],"returnType":"any","usage":"$.each(traveler, function( i, v ) { total_amount += v.Amount ; })","definition":"","source":"var total_amount = 0; \n$.each(traveler, function( i, v ) { total_amount += v.Amount ; });\n","answerId":"52057686","answerUrl":"https://stackoverflow.com/a/52057686","voteCount":0,"isAccepted":false,"lastModified":"2018-08-28T12:17:27.000Z"},{"answerKeywords":["sum"],"answerWordCount":806,"text":"sum()","parentType":"any","name":"sum","arguments":[],"returnType":"any","usage":"var total = List.extend(traveler).select('Amount').sum();","definition":"","source":"var total = List.extend(traveler).select('Amount').sum();\n","answerId":"73135275","answerUrl":"https://stackoverflow.com/a/73135275","voteCount":0,"isAccepted":false,"lastModified":"2022-07-27T09:17:43.000Z"},{"answerKeywords":["sum"],"answerWordCount":806,"text":"select(string)","parentType":"any","name":"select","arguments":[{"type":"string"}],"returnType":"any","usage":"List.extend(traveler).select('Amount')","definition":"","source":"var total = List.extend(traveler).select('Amount').sum();\n","answerId":"73135275","answerUrl":"https://stackoverflow.com/a/73135275","voteCount":0,"isAccepted":false,"lastModified":"2022-07-27T09:17:43.000Z"},{"answerKeywords":["sum"],"answerWordCount":806,"text":"extend(unknown)","parentType":"any","name":"extend","arguments":[{"type":"any"}],"returnType":"any","usage":"List.extend(traveler)","definition":"","source":"var total = List.extend(traveler).select('Amount').sum();\n","answerId":"73135275","answerUrl":"https://stackoverflow.com/a/73135275","voteCount":0,"isAccepted":false,"lastModified":"2022-07-27T09:17:43.000Z"}],"areSignaturesLoading":false,"title":"Better way to sum a property value in an array - Stack Overflow","url":"https://stackoverflow.com/questions/23247859/better-way-to-sum-a-property-value-in-an-array","displayLink":"https://stackoverflow.com › questions › better-way-to-s...","snippet":"18 Answers 18 · brilliant answer, is it possible to put $scope.travelerTotal = $scope.sum($scope. · Yes if it comes after the sum function is created. – Gruff ...","snippetHighlightWords":["sum","sum"]},{"signatures":[{"answerKeywords":["object","array","object","object","object"],"answerWordCount":1126,"text":"function[].transform(object[]): any[]","parentType":"(arr: any) => any[]","name":"transform","arguments":[{"name":"arr","type":"{ x: string; y: number; }[]"}],"returnType":"any[]","usage":"transform(data)","definition":"const transform = arr => (\n  Object.values(\n    arr.reduce(\n      (acc, {x, y}) => ({\n        ...acc,\n        [convertKey(x)]: {\n          ...(acc[convertKey(x)] || {x}),\n          y: (acc[convertKey(x)]?.y || 0) + y\n        }\n      }),\n      {}\n    )\n  )\n);","source":"// a small helper method to convert key by leaving out the z-s in: '/xxxx?zzz'\nconst convertKey = x => (x.split('?')[0]);\n\n// use reduce to iterate thru the array & obtain a result-object\n// destructure to get 'x', 'y'\n// if 'x' already present, add 'y'\n// else create an object with 'x', 'y' props\n// return the `Object.values` of the result-object\nconst transform = arr => (\n  Object.values(\n    arr.reduce(\n      (acc, {x, y}) => ({\n        ...acc,\n        [convertKey(x)]: {\n          ...(acc[convertKey(x)] || {x}),\n          y: (acc[convertKey(x)]?.y || 0) + y\n        }\n      }),\n      {}\n    )\n  )\n);\n\nconst data = [\n    {\n        \"x\": \"/shop.html\",\n        \"y\": 3\n    },\n    {\n        \"x\": \"/\",\n        \"y\": 2\n    },\n    {\n        \"x\": \"/?test324\",\n        \"y\": 1\n    },\n    {\n        \"x\": \"/account.html\",\n        \"y\": 1\n    },\n    {\n        \"x\": \"/account.html?test1\",\n        \"y\": 1\n    },\n    {\n        \"x\": \"/shop.html?test543\",\n        \"y\": 1\n    }\n];\n\nconsole.log(transform(data));","answerId":"71571656","answerUrl":"https://stackoverflow.com/a/71571656","voteCount":1,"isAccepted":true,"lastModified":"2022-03-22T11:54:44.000Z"}],"areSignaturesLoading":false,"title":"How to sum properties of elements in an object-array?","url":"https://stackoverflow.com/questions/71571425/how-to-sum-properties-of-elements-in-an-object-array","displayLink":"https://stackoverflow.com › questions › how-to-sum-pr...","date":"Mar 22, 2022","snippet":"How to sum properties of elements in an object-array? ; let output = res.data ; function (accumulator, cur) ; find(function ; x.split ; return elem.x ...","snippetHighlightWords":["sum properties","elements","object","array"]},{"signatures":[{"answerKeywords":[],"answerWordCount":944,"text":"T[].reduce(function, U): U","parentType":"T[]","name":"reduce","arguments":[{"name":"callbackfn:(previousValue:U,currentValue:T,currentIndex:number,array:T[])=>U","type":"(previousValue: U, currentValue: T, currentIndex: number, array: T[]) => U"},{"name":"initialValue:U","type":"U"}],"returnType":"U","usage":"var arr = models.reduce((acc, item) => {\n  let existItem = acc.find(({id}) => item.id === id);\n  if(existItem) {\n    existItem.count += item.count;\n  } else {\n    acc.push(item);\n  }\n  return acc;\n}, []);","definition":"var models = [\n    { id: 1, name: \"samsung\", seller_id: 1, count: 56 },\n    { id: 1, name: \"samsung\", seller_id: 2, count: 68 },\n    { id: 2, name: \"nokia\", seller_id: 2, count: 45 },\n    { id: 2, name: \"nokia\", seller_id: 3, count: 49 }\n];","source":"var models = [\n    { id: 1, name: \"samsung\", seller_id: 1, count: 56 },\n    { id: 1, name: \"samsung\", seller_id: 2, count: 68 },\n    { id: 2, name: \"nokia\", seller_id: 2, count: 45 },\n    { id: 2, name: \"nokia\", seller_id: 3, count: 49 }\n];\n\nvar arr = models.reduce((acc, item) => {\n  let existItem = acc.find(({id}) => item.id === id);\n  if(existItem) {\n    existItem.count += item.count;\n  } else {\n    acc.push(item);\n  }\n  return acc;\n}, []);\n\nconsole.log(arr);\nthis.arr = this.models.reduce((acc, item) => {\n  let existItem = acc.find(({id}) => item.id === id);\n  if(existItem) {\n    existItem.count += item.count;\n  } else {\n    acc.push(item);\n  }\n  return acc;\n}, []);\n","answerId":"60089535","answerUrl":"https://stackoverflow.com/a/60089535","voteCount":1,"isAccepted":true,"lastModified":"2020-02-06T07:15:19.000Z"},{"answerKeywords":[],"answerWordCount":944,"text":"T[].reduce(function, U): U","parentType":"T[]","name":"reduce","arguments":[{"name":"callbackfn:(previousValue:U,currentValue:T,currentIndex:number,array:T[])=>U","type":"(previousValue: U, currentValue: T, currentIndex: number, array: T[]) => U"},{"name":"initialValue:U","type":"U"}],"returnType":"U","usage":"this.models.reduce((acc, item) => {\n  let existItem = acc.find(({id}) => item.id === id);\n  if(existItem) {\n    existItem.count += item.count;\n  } else {\n    acc.push(item);\n  }\n  return acc;\n}, [])","definition":"var models = [\n    { id: 1, name: \"samsung\", seller_id: 1, count: 56 },\n    { id: 1, name: \"samsung\", seller_id: 2, count: 68 },\n    { id: 2, name: \"nokia\", seller_id: 2, count: 45 },\n    { id: 2, name: \"nokia\", seller_id: 3, count: 49 }\n];","source":"var models = [\n    { id: 1, name: \"samsung\", seller_id: 1, count: 56 },\n    { id: 1, name: \"samsung\", seller_id: 2, count: 68 },\n    { id: 2, name: \"nokia\", seller_id: 2, count: 45 },\n    { id: 2, name: \"nokia\", seller_id: 3, count: 49 }\n];\n\nvar arr = models.reduce((acc, item) => {\n  let existItem = acc.find(({id}) => item.id === id);\n  if(existItem) {\n    existItem.count += item.count;\n  } else {\n    acc.push(item);\n  }\n  return acc;\n}, []);\n\nconsole.log(arr);\nthis.arr = this.models.reduce((acc, item) => {\n  let existItem = acc.find(({id}) => item.id === id);\n  if(existItem) {\n    existItem.count += item.count;\n  } else {\n    acc.push(item);\n  }\n  return acc;\n}, []);\n","answerId":"60089535","answerUrl":"https://stackoverflow.com/a/60089535","voteCount":1,"isAccepted":true,"lastModified":"2020-02-06T07:15:19.000Z"},{"answerKeywords":["object","array"],"answerWordCount":951,"text":"T[].reduce(function, U): U","parentType":"T[]","name":"reduce","arguments":[{"name":"callbackfn:(previousValue:U,currentValue:T,currentIndex:number,array:T[])=>U","type":"(previousValue: U, currentValue: T, currentIndex: number, array: T[]) => U"},{"name":"initialValue:U","type":"U"}],"returnType":"U","usage":"let data = models.reduce((acc, curr) => {\n  if (!acc[curr.id]) {\n    acc[curr.id] = curr;\n  } else {\n    acc[curr.id].count += curr.count\n\n  }\n  return acc;\n}, {})","definition":"let models = [{\n    id: 1,\n    name: \"samsung\",\n    seller_id: 1,\n    count: 56\n  },\n  {\n    id: 1,\n    name: \"samsung\",\n    seller_id: 2,\n    count: 68\n  },\n  {\n    id: 2,\n    name: \"nokia\",\n    seller_id: 2,\n    count: 45\n  },\n  {\n    id: 2,\n    name: \"nokia\",\n    seller_id: 3,\n    count: 49\n  }\n]","source":"let models = [{\n    id: 1,\n    name: \"samsung\",\n    seller_id: 1,\n    count: 56\n  },\n  {\n    id: 1,\n    name: \"samsung\",\n    seller_id: 2,\n    count: 68\n  },\n  {\n    id: 2,\n    name: \"nokia\",\n    seller_id: 2,\n    count: 45\n  },\n  {\n    id: 2,\n    name: \"nokia\",\n    seller_id: 3,\n    count: 49\n  }\n]\nlet data = models.reduce((acc, curr) => {\n  if (!acc[curr.id]) {\n    acc[curr.id] = curr;\n  } else {\n    acc[curr.id].count += curr.count\n\n  }\n  return acc;\n}, {})\nconsole.log(Object.values(data))","answerId":"60089570","answerUrl":"https://stackoverflow.com/a/60089570","voteCount":0,"isAccepted":false,"lastModified":"2020-02-06T07:18:09.000Z"},{"answerKeywords":["object","array"],"answerWordCount":951,"text":"ObjectConstructor.values(object): T[]","parentType":"ObjectConstructor","name":"values","arguments":[{"name":"o:{[s:string]:T}|ArrayLike<T>","type":"{ [s: string]: T; } | ArrayLike<T>"}],"returnType":"T[]","usage":"Object.values(data)","definition":"declare var Object:ObjectConstructor;","source":"let models = [{\n    id: 1,\n    name: \"samsung\",\n    seller_id: 1,\n    count: 56\n  },\n  {\n    id: 1,\n    name: \"samsung\",\n    seller_id: 2,\n    count: 68\n  },\n  {\n    id: 2,\n    name: \"nokia\",\n    seller_id: 2,\n    count: 45\n  },\n  {\n    id: 2,\n    name: \"nokia\",\n    seller_id: 3,\n    count: 49\n  }\n]\nlet data = models.reduce((acc, curr) => {\n  if (!acc[curr.id]) {\n    acc[curr.id] = curr;\n  } else {\n    acc[curr.id].count += curr.count\n\n  }\n  return acc;\n}, {})\nconsole.log(Object.values(data))","answerId":"60089570","answerUrl":"https://stackoverflow.com/a/60089570","voteCount":0,"isAccepted":false,"lastModified":"2020-02-06T07:18:09.000Z"}],"areSignaturesLoading":false,"title":"Reduce and sum array of objects (JS) - Stack Overflow","url":"https://stackoverflow.com/questions/60089494/reduce-and-sum-array-of-objects-js","displayLink":"https://stackoverflow.com › questions › reduce-and-su...","date":"Feb 6, 2020","snippet":"this.arr = this.models.reduce((acc, item) => { let existItem = acc.find(({id}) ... Then use Object.values to create an array of the values.","snippetHighlightWords":["item","Object","values","array","values"]}],"events":[{"timestamp":"2022-11-22T22:27:55.895Z","url":"https://stackoverflow.com/questions/71571425/how-to-sum-properties-of-elements-in-an-object-array","component":"projection","action":"loaded","data":"projection 1 of 4"},{"timestamp":"2022-11-22T22:27:56.228Z","url":"https://stackoverflow.com/questions/35480773/sum-values-of-objects-in-array","component":"projection","action":"mouseenter"},{"timestamp":"2022-11-22T22:27:56.237Z","url":"https://stackoverflow.com/questions/60089494/reduce-and-sum-array-of-objects-js","component":"projection","action":"loaded","data":"projection 2 of 4"},{"timestamp":"2022-11-22T22:27:57.341Z","url":"https://stackoverflow.com/questions/35480773/sum-values-of-objects-in-array","component":"projection","action":"mouseleave"},{"timestamp":"2022-11-22T22:27:57.342Z","url":"https://stackoverflow.com/questions/23247859/better-way-to-sum-a-property-value-in-an-array","component":"projection","action":"mouseenter"},{"timestamp":"2022-11-22T22:27:57.347Z","url":"https://stackoverflow.com/questions/23247859/better-way-to-sum-a-property-value-in-an-array","component":"projection","action":"mouseleave"},{"timestamp":"2022-11-22T22:27:57.365Z","url":"https://stackoverflow.com/questions/35480773/sum-values-of-objects-in-array","component":"projection","action":"loaded","data":"projection 3 of 4"},{"timestamp":"2022-11-22T22:27:57.445Z","url":"https://stackoverflow.com/questions/71571425/how-to-sum-properties-of-elements-in-an-object-array","component":"projection","action":"mouseenter"},{"timestamp":"2022-11-22T22:27:57.446Z","url":"","component":"projection","action":"mouseenter","data":"function[].transform(object[]): any[]"},{"timestamp":"2022-11-22T22:27:57.725Z","url":"","component":"projection","action":"mouseleave","data":"function[].transform(object[]): any[]"},{"timestamp":"2022-11-22T22:27:57.767Z","url":"https://stackoverflow.com/questions/71571425/how-to-sum-properties-of-elements-in-an-object-array","component":"projection","action":"mouseleave"},{"timestamp":"2022-11-22T22:27:57.768Z","url":"https://stackoverflow.com/questions/60089494/reduce-and-sum-array-of-objects-js","component":"projection","action":"mouseenter"},{"timestamp":"2022-11-22T22:27:57.844Z","url":"","component":"projection","action":"mouseenter","data":"T[].reduce(function, U): U"},{"timestamp":"2022-11-22T22:27:58.106Z","url":"","component":"projection","action":"mouseleave","data":"T[].reduce(function, U): U"},{"timestamp":"2022-11-22T22:27:58.169Z","url":"https://stackoverflow.com/questions/60089494/reduce-and-sum-array-of-objects-js","component":"projection","action":"mouseleave"},{"timestamp":"2022-11-22T22:27:58.173Z","url":"https://stackoverflow.com/questions/71571425/how-to-sum-properties-of-elements-in-an-object-array","component":"projection","action":"mouseenter"},{"timestamp":"2022-11-22T22:27:58.197Z","url":"https://stackoverflow.com/questions/71571425/how-to-sum-properties-of-elements-in-an-object-array","component":"projection","action":"mouseleave"},{"timestamp":"2022-11-22T22:27:58.199Z","url":"https://stackoverflow.com/questions/23247859/better-way-to-sum-a-property-value-in-an-array","component":"projection","action":"mouseenter"},{"timestamp":"2022-11-22T22:27:58.214Z","url":"https://stackoverflow.com/questions/23247859/better-way-to-sum-a-property-value-in-an-array","component":"projection","action":"mouseleave"},{"timestamp":"2022-11-22T22:27:58.791Z","url":"https://stackoverflow.com/questions/35480773/sum-values-of-objects-in-array","component":"projection","action":"mouseenter"},{"timestamp":"2022-11-22T22:27:58.792Z","url":"","component":"projection","action":"mouseenter","data":"T[].reduce(function): T"},{"timestamp":"2022-11-22T22:27:58.802Z","url":"","component":"projection","action":"mouseleave","data":"T[].reduce(function): T"},{"timestamp":"2022-11-22T22:27:58.803Z","url":"","component":"projection","action":"mouseenter","data":"T[].reduce(function, U): U"},{"timestamp":"2022-11-22T22:27:58.875Z","url":"","component":"projection","action":"mouseleave","data":"T[].reduce(function, U): U"},{"timestamp":"2022-11-22T22:27:59.496Z","url":"https://stackoverflow.com/questions/23247859/better-way-to-sum-a-property-value-in-an-array","component":"projection","action":"loaded","data":"projection 4 of 4"},{"timestamp":"2022-11-22T22:28:00.607Z","url":"","component":"projection","action":"mouseenter","data":"T[].reduce(function, U): U"},{"timestamp":"2022-11-22T22:28:00.945Z","url":"","component":"projection","action":"mouseleave","data":"T[].reduce(function, U): U"},{"timestamp":"2022-11-22T22:28:00.952Z","url":"https://stackoverflow.com/questions/35480773/sum-values-of-objects-in-array","component":"projection","action":"mouseleave"},{"timestamp":"2022-11-22T22:28:03.151Z","url":"https://stackoverflow.com/questions/35480773/sum-values-of-objects-in-array","component":"projection","action":"mouseenter"},{"timestamp":"2022-11-22T22:28:03.152Z","url":"","component":"projection","action":"mouseenter","data":"T[].reduce(function): T"},{"timestamp":"2022-11-22T22:28:03.169Z","url":"","component":"projection","action":"mouseleave","data":"T[].reduce(function): T"},{"timestamp":"2022-11-22T22:28:03.170Z","url":"","component":"projection","action":"mouseenter","data":"T[].reduce(function, U): U"},{"timestamp":"2022-11-22T22:28:04.780Z","url":"","component":"projection","action":"mouseleave","data":"T[].reduce(function, U): U"},{"timestamp":"2022-11-22T22:28:04.782Z","url":"","component":"projection","action":"mouseenter","data":"T[].reduce(function): T"},{"timestamp":"2022-11-22T22:28:04.804Z","url":"","component":"projection","action":"mouseleave","data":"T[].reduce(function): T"},{"timestamp":"2022-11-22T22:28:04.806Z","url":"https://stackoverflow.com/questions/35480773/sum-values-of-objects-in-array","component":"projection","action":"mouseleave"},{"timestamp":"2022-11-22T22:28:05.138Z","url":"https://stackoverflow.com/questions/23247859/better-way-to-sum-a-property-value-in-an-array","component":"projection","action":"mouseenter"},{"timestamp":"2022-11-22T22:28:05.140Z","url":"","component":"projection","action":"mouseenter","data":"T[].reduce(function, U): U"},{"timestamp":"2022-11-22T22:28:05.168Z","url":"","component":"projection","action":"mouseleave","data":"T[].reduce(function, U): U"},{"timestamp":"2022-11-22T22:28:05.174Z","url":"","component":"projection","action":"mouseenter","data":"T[].map(function): U[]"},{"timestamp":"2022-11-22T22:28:05.277Z","url":"","component":"projection","action":"mouseleave","data":"T[].map(function): U[]"},{"timestamp":"2022-11-22T22:28:05.279Z","url":"","component":"projection","action":"mouseenter","data":"T[].reduce(function): T"},{"timestamp":"2022-11-22T22:28:06.476Z","url":"","component":"projection","action":"mouseleave","data":"T[].reduce(function): T"},{"timestamp":"2022-11-22T22:28:06.477Z","url":"","component":"projection","action":"mouseenter","data":"T[].map(function): U[]"},{"timestamp":"2022-11-22T22:28:06.537Z","url":"","component":"projection","action":"mouseleave","data":"T[].map(function): U[]"},{"timestamp":"2022-11-22T22:28:06.539Z","url":"","component":"projection","action":"mouseenter","data":"T[].reduce(function, U): U"},{"timestamp":"2022-11-22T22:28:06.549Z","url":"","component":"projection","action":"mouseleave","data":"T[].reduce(function, U): U"},{"timestamp":"2022-11-22T22:28:06.551Z","url":"https://stackoverflow.com/questions/23247859/better-way-to-sum-a-property-value-in-an-array","component":"projection","action":"mouseleave"},{"timestamp":"2022-11-22T22:28:08.281Z","url":"https://stackoverflow.com/questions/35480773/sum-values-of-objects-in-array","component":"projection","action":"mouseenter"},{"timestamp":"2022-11-22T22:28:08.283Z","url":"","component":"projection","action":"mouseenter","data":"T[].reduce(function, U): U"},{"timestamp":"2022-11-22T22:28:08.843Z","url":"https://stackoverflow.com/questions/35480773/sum-values-of-objects-in-array","component":"projection","action":"expand","data":"T[].reduce(function, U): U"},{"timestamp":"2022-11-22T22:28:08.919Z","url":"","component":"projection","action":"mouseleave","data":"T[].reduce(function, U): U"},{"timestamp":"2022-11-22T22:28:08.920Z","url":"https://stackoverflow.com/questions/35480773/sum-values-of-objects-in-array","component":"projection","action":"mouseleave"},{"timestamp":"2022-11-22T22:28:09.377Z","url":"https://stackoverflow.com/questions/35480773/sum-values-of-objects-in-array","component":"projection","action":"tab","data":{"name":"usage","height":101,"width":248,"wc":12,"lc":2,"sig":"T[].reduce(function, U): U"}},{"timestamp":"2022-11-22T22:28:09.572Z","url":"https://stackoverflow.com/questions/35480773/sum-values-of-objects-in-array","component":"projection","action":"mouseenter"},{"timestamp":"2022-11-22T22:28:09.574Z","url":"","component":"projection","action":"mouseenter","data":"T[].reduce(function, U): U"},{"timestamp":"2022-11-22T22:28:09.929Z","url":"","component":"projection","action":"mouseleave","data":"T[].reduce(function, U): U"},{"timestamp":"2022-11-22T22:28:09.931Z","url":"https://stackoverflow.com/questions/35480773/sum-values-of-objects-in-array","component":"projection","action":"mouseleave"},{"timestamp":"2022-11-22T22:28:09.935Z","url":"https://stackoverflow.com/questions/35480773/sum-values-of-objects-in-array","component":"projection","action":"mouseenter"},{"timestamp":"2022-11-22T22:28:09.937Z","url":"","component":"projection","action":"mouseenter","data":"T[].reduce(function, U): U"},{"timestamp":"2022-11-22T22:28:09.941Z","url":"","component":"projection","action":"mouseleave","data":"T[].reduce(function, U): U"},{"timestamp":"2022-11-22T22:28:09.943Z","url":"https://stackoverflow.com/questions/35480773/sum-values-of-objects-in-array","component":"projection","action":"mouseleave"},{"timestamp":"2022-11-22T22:28:13.321Z","url":"https://stackoverflow.com/questions/35480773/sum-values-of-objects-in-array","component":"projection","action":"mouseenter"},{"timestamp":"2022-11-22T22:28:13.322Z","url":"","component":"projection","action":"mouseenter","data":"T[].reduce(function, U): U"},{"timestamp":"2022-11-22T22:28:14.319Z","url":"https://stackoverflow.com/questions/35480773/sum-values-of-objects-in-array","component":"projection","action":"tab","data":{"name":"code","height":185,"width":248,"wc":15,"lc":4,"sig":"T[].reduce(function, U): U"}},{"timestamp":"2022-11-22T22:28:16.926Z","url":"https://stackoverflow.com/questions/35480773/sum-values-of-objects-in-array","component":"page","action":"open","data":"#answer-59730051"},{"timestamp":"2022-11-22T22:28:16.958Z","url":"","component":"projection","action":"mouseleave","data":"T[].reduce(function, U): U"},{"timestamp":"2022-11-22T22:28:16.961Z","url":"https://stackoverflow.com/questions/35480773/sum-values-of-objects-in-array","component":"projection","action":"mouseleave"},{"timestamp":"2022-11-22T22:28:17.986Z","url":"https://stackoverflow.com/questions/35480773/sum-values-of-objects-in-array","component":"page","action":"load","data":"#answer-59730051"},{"timestamp":"2022-11-22T22:28:18.750Z","url":"https://stackoverflow.com/questions/35480773/sum-values-of-objects-in-array","component":"page","action":"scroll","data":{"viewport":{"x":0,"y":3245,"height":1180,"width":296},"document":{"height":9748,"width":279},"question":{"identifier":"35480773","top":-3081.59375,"bottom":-2317.375,"right":263,"left":16,"width":247,"height":764.21875},"answers":[{"identifier":"35480841","top":-2237.09375,"bottom":0.21875,"right":263,"left":16,"width":247,"height":2237.3125},{"identifier":"59730051","top":0.21875,"bottom":472.21875,"right":263,"left":16,"width":247,"height":472},{"identifier":"60381611","top":472.21875,"bottom":1113.34375,"right":263,"left":16,"width":247,"height":641.125},{"identifier":"35480989","top":1113.34375,"bottom":1897.84375,"right":263,"left":16,"width":247,"height":784.5},{"identifier":"35480862","top":1897.84375,"bottom":2200.34375,"right":263,"left":16,"width":247,"height":302.5},{"identifier":"35481022","top":2200.34375,"bottom":2671.84375,"right":263,"left":16,"width":247,"height":471.5},{"identifier":"35480887","top":2671.84375,"bottom":3133.03125,"right":263,"left":16,"width":247,"height":461.1875},{"identifier":"52555418","top":3133.03125,"bottom":3832.21875,"right":263,"left":16,"width":247,"height":699.1875}]}},{"timestamp":"2022-11-22T22:28:22.166Z","url":"https://stackoverflow.com/questions/35480773/sum-values-of-objects-in-array","component":"page","action":"scroll","data":{"viewport":{"x":0,"y":3445,"height":1180,"width":296},"document":{"height":9748,"width":279},"question":{"identifier":"35480773","top":-3281.59375,"bottom":-2517.375,"right":263,"left":16,"width":247,"height":764.21875},"answers":[{"identifier":"35480841","top":-2437.09375,"bottom":-199.78125,"right":263,"left":16,"width":247,"height":2237.3125},{"identifier":"59730051","top":-199.78125,"bottom":272.21875,"right":263,"left":16,"width":247,"height":472},{"identifier":"60381611","top":272.21875,"bottom":913.34375,"right":263,"left":16,"width":247,"height":641.125},{"identifier":"35480989","top":913.34375,"bottom":1697.84375,"right":263,"left":16,"width":247,"height":784.5},{"identifier":"35480862","top":1697.84375,"bottom":2000.34375,"right":263,"left":16,"width":247,"height":302.5},{"identifier":"35481022","top":2000.34375,"bottom":2471.84375,"right":263,"left":16,"width":247,"height":471.5},{"identifier":"35480887","top":2471.84375,"bottom":2933.03125,"right":263,"left":16,"width":247,"height":461.1875},{"identifier":"52555418","top":2933.03125,"bottom":3632.21875,"right":263,"left":16,"width":247,"height":699.1875}]}},{"timestamp":"2022-11-22T22:28:23.808Z","url":"https://stackoverflow.com/questions/35480773/sum-values-of-objects-in-array","component":"page","action":"close"},{"timestamp":"2022-11-22T22:28:24.155Z","url":"https://stackoverflow.com/questions/35480773/sum-values-of-objects-in-array","component":"projection","action":"mouseenter"},{"timestamp":"2022-11-22T22:28:24.157Z","url":"","component":"projection","action":"mouseenter","data":"T[].reduce(function, U): U"},{"timestamp":"2022-11-22T22:28:24.587Z","url":"","component":"projection","action":"mouseleave","data":"T[].reduce(function, U): U"},{"timestamp":"2022-11-22T22:28:24.590Z","url":"https://stackoverflow.com/questions/35480773/sum-values-of-objects-in-array","component":"projection","action":"mouseleave"},{"timestamp":"2022-11-22T22:28:25.933Z","url":"https://stackoverflow.com/questions/35480773/sum-values-of-objects-in-array","component":"projection","action":"mouseenter"},{"timestamp":"2022-11-22T22:28:25.935Z","url":"","component":"projection","action":"mouseenter","data":"T[].reduce(function, U): U"},{"timestamp":"2022-11-22T22:28:25.974Z","url":"","component":"projection","action":"mouseleave","data":"T[].reduce(function, U): U"},{"timestamp":"2022-11-22T22:28:26.044Z","url":"https://stackoverflow.com/questions/35480773/sum-values-of-objects-in-array","component":"projection","action":"mouseleave"},{"timestamp":"2022-11-22T22:28:26.388Z","url":"https://stackoverflow.com/questions/35480773/sum-values-of-objects-in-array","component":"projection","action":"mouseenter"},{"timestamp":"2022-11-22T22:28:26.390Z","url":"","component":"projection","action":"mouseenter","data":"T[].reduce(function, U): U"},{"timestamp":"2022-11-22T22:28:26.442Z","url":"","component":"projection","action":"mouseleave","data":"T[].reduce(function, U): U"},{"timestamp":"2022-11-22T22:28:26.445Z","url":"https://stackoverflow.com/questions/35480773/sum-values-of-objects-in-array","component":"projection","action":"mouseleave"},{"timestamp":"2022-11-22T22:28:41.348Z","url":"https://stackoverflow.com/questions/35480773/sum-values-of-objects-in-array","component":"projection","action":"mouseenter"},{"timestamp":"2022-11-22T22:28:41.350Z","url":"","component":"projection","action":"mouseenter","data":"T[].reduce(function): T"},{"timestamp":"2022-11-22T22:28:41.466Z","url":"","component":"projection","action":"mouseleave","data":"T[].reduce(function): T"},{"timestamp":"2022-11-22T22:28:41.468Z","url":"https://stackoverflow.com/questions/35480773/sum-values-of-objects-in-array","component":"projection","action":"mouseleave"},{"timestamp":"2022-11-22T22:29:11.869Z","url":"https://stackoverflow.com/questions/35480773/sum-values-of-objects-in-array","component":"projection","action":"mouseenter"},{"timestamp":"2022-11-22T22:29:11.875Z","url":"","component":"projection","action":"mouseenter","data":"T[].reduce(function, U): U"},{"timestamp":"2022-11-22T22:29:17.145Z","url":"","component":"projection","action":"mouseleave","data":"T[].reduce(function, U): U"},{"timestamp":"2022-11-22T22:29:17.279Z","url":"","component":"projection","action":"mouseenter","data":"T[].reduce(function, U): U"},{"timestamp":"2022-11-22T22:29:17.841Z","url":"https://stackoverflow.com/questions/35480773/sum-values-of-objects-in-array","component":"projection","action":"selection","data":{"sig":"T[].reduce(function, U): U","selection":"ild) //"}},{"timestamp":"2022-11-22T22:29:17.913Z","url":"","component":"projection","action":"mouseleave","data":"T[].reduce(function, U): U"},{"timestamp":"2022-11-22T22:29:17.916Z","url":"https://stackoverflow.com/questions/35480773/sum-values-of-objects-in-array","component":"projection","action":"mouseleave"},{"timestamp":"2022-11-22T22:29:17.926Z","url":"https://stackoverflow.com/questions/35480773/sum-values-of-objects-in-array","component":"projection","action":"mouseenter"},{"timestamp":"2022-11-22T22:29:17.933Z","url":"","component":"projection","action":"mouseenter","data":"T[].reduce(function, U): U"},{"timestamp":"2022-11-22T22:29:20.278Z","url":"","component":"projection","action":"mouseleave","data":"T[].reduce(function, U): U"},{"timestamp":"2022-11-22T22:29:20.338Z","url":"https://stackoverflow.com/questions/35480773/sum-values-of-objects-in-array","component":"projection","action":"mouseleave"},{"timestamp":"2022-11-22T22:29:20.520Z","url":"https://stackoverflow.com/questions/35480773/sum-values-of-objects-in-array","component":"projection","action":"mouseenter"},{"timestamp":"2022-11-22T22:29:20.525Z","url":"","component":"projection","action":"mouseenter","data":"T[].reduce(function, U): U"},{"timestamp":"2022-11-22T22:29:21.157Z","url":"https://stackoverflow.com/questions/35480773/sum-values-of-objects-in-array","component":"projection","action":"selection","data":{"sig":"T[].reduce(function, U): U","selection":"var array = [{\"adults\":2,\"children\":3},{\"adults\":2,\"children\":1}];\n\nvar totalChild = array.reduce((accum,item) => accum + item.children, 0)\n\nconsole.log(totalChild) //output 4"}},{"timestamp":"2022-11-22T22:29:22.258Z","url":"https://stackoverflow.com/questions/35480773/sum-values-of-objects-in-array","component":"projection","action":"selection","data":{"sig":"T[].reduce(function, U): U","selection":"var array = [{\"adults\":2,\"children\":3},{\"adults\":2,\"children\":1}];\n\nvar totalChild = array.reduce((accum,item) => accum + item.children, 0)\n\nconsole.log(totalChild) //output 4"}},{"timestamp":"2022-11-22T22:29:22.326Z","url":"","component":"projection","action":"mouseleave","data":"T[].reduce(function, U): U"},{"timestamp":"2022-11-22T22:29:22.328Z","url":"https://stackoverflow.com/questions/35480773/sum-values-of-objects-in-array","component":"projection","action":"mouseleave"},{"timestamp":"2022-11-22T22:29:22.349Z","url":"https://stackoverflow.com/questions/35480773/sum-values-of-objects-in-array","component":"projection","action":"mouseenter"},{"timestamp":"2022-11-22T22:29:22.361Z","url":"","component":"projection","action":"mouseenter","data":"T[].reduce(function, U): U"},{"timestamp":"2022-11-22T22:29:22.597Z","url":"","component":"projection","action":"mouseleave","data":"T[].reduce(function, U): U"},{"timestamp":"2022-11-22T22:29:22.599Z","url":"https://stackoverflow.com/questions/35480773/sum-values-of-objects-in-array","component":"projection","action":"mouseleave"},{"timestamp":"2022-11-22T22:29:22.672Z","url":"https://stackoverflow.com/questions/35480773/sum-values-of-objects-in-array","component":"projection","action":"copy","data":{"sig":"T[].reduce(function, U): U","selection":"var array = [{\"adults\":2,\"children\":3},{\"adults\":2,\"children\":1}];\n\nvar totalChild = array.reduce((accum,item) => accum + item.children, 0)\n\nconsole.log(totalChild) //output 4"}},{"timestamp":"2022-11-22T22:29:33.647Z","url":"https://stackoverflow.com/questions/35480773/sum-values-of-objects-in-array","component":"projection","action":"mouseenter"},{"timestamp":"2022-11-22T22:29:33.649Z","url":"","component":"projection","action":"mouseenter","data":"T[].reduce(function, U): U"},{"timestamp":"2022-11-22T22:29:33.710Z","url":"","component":"projection","action":"mouseleave","data":"T[].reduce(function, U): U"},{"timestamp":"2022-11-22T22:29:33.712Z","url":"https://stackoverflow.com/questions/35480773/sum-values-of-objects-in-array","component":"projection","action":"mouseleave"},{"timestamp":"2022-11-22T22:29:33.991Z","url":"https://stackoverflow.com/questions/35480773/sum-values-of-objects-in-array","component":"projection","action":"mouseenter"},{"timestamp":"2022-11-22T22:29:33.993Z","url":"","component":"projection","action":"mouseenter","data":"T[].reduce(function, U): U"},{"timestamp":"2022-11-22T22:29:34.047Z","url":"","component":"projection","action":"mouseleave","data":"T[].reduce(function, U): U"},{"timestamp":"2022-11-22T22:29:34.050Z","url":"https://stackoverflow.com/questions/35480773/sum-values-of-objects-in-array","component":"projection","action":"mouseleave"},{"timestamp":"2022-11-22T22:30:32.696Z","url":"https://stackoverflow.com/questions/35480773/sum-values-of-objects-in-array","component":"projection","action":"mouseenter"},{"timestamp":"2022-11-22T22:30:32.699Z","url":"","component":"projection","action":"mouseenter","data":"T[].reduce(function, U): U"},{"timestamp":"2022-11-22T22:30:33.078Z","url":"","component":"projection","action":"mouseleave","data":"T[].reduce(function, U): U"},{"timestamp":"2022-11-22T22:30:33.089Z","url":"","component":"projection","action":"mouseenter","data":"T[].reduce(function): T"},{"timestamp":"2022-11-22T22:30:33.115Z","url":"","component":"projection","action":"mouseleave","data":"T[].reduce(function): T"},{"timestamp":"2022-11-22T22:30:33.120Z","url":"","component":"projection","action":"mouseenter","data":"reduce(function, number)"},{"timestamp":"2022-11-22T22:30:33.150Z","url":"","component":"projection","action":"mouseleave","data":"reduce(function, number)"},{"timestamp":"2022-11-22T22:30:33.162Z","url":"https://stackoverflow.com/questions/35480773/sum-values-of-objects-in-array","component":"projection","action":"mouseleave"},{"timestamp":"2022-11-22T22:30:33.165Z","url":"https://stackoverflow.com/questions/23247859/better-way-to-sum-a-property-value-in-an-array","component":"projection","action":"mouseenter"},{"timestamp":"2022-11-22T22:30:33.200Z","url":"","component":"projection","action":"mouseenter","data":"T[].reduce(function, U): U"},{"timestamp":"2022-11-22T22:30:33.405Z","url":"","component":"projection","action":"mouseleave","data":"T[].reduce(function, U): U"},{"timestamp":"2022-11-22T22:30:34.483Z","url":"https://stackoverflow.com/questions/23247859/better-way-to-sum-a-property-value-in-an-array","component":"projection","action":"mouseleave"},{"timestamp":"2022-11-22T22:30:34.485Z","url":"https://stackoverflow.com/questions/35480773/sum-values-of-objects-in-array","component":"projection","action":"mouseenter"},{"timestamp":"2022-11-22T22:30:34.489Z","url":"","component":"projection","action":"mouseenter","data":"reduce(function, number)"},{"timestamp":"2022-11-22T22:30:34.502Z","url":"","component":"projection","action":"mouseleave","data":"reduce(function, number)"},{"timestamp":"2022-11-22T22:30:34.505Z","url":"","component":"projection","action":"mouseenter","data":"T[].reduce(function): T"},{"timestamp":"2022-11-22T22:30:34.514Z","url":"","component":"projection","action":"mouseleave","data":"T[].reduce(function): T"},{"timestamp":"2022-11-22T22:30:34.521Z","url":"https://stackoverflow.com/questions/35480773/sum-values-of-objects-in-array","component":"projection","action":"mouseleave"},{"timestamp":"2022-11-22T22:31:33.139Z","url":"https://stackoverflow.com/questions/23247859/better-way-to-sum-a-property-value-in-an-array","component":"projection","action":"mouseenter"},{"timestamp":"2022-11-22T22:31:33.146Z","url":"https://stackoverflow.com/questions/23247859/better-way-to-sum-a-property-value-in-an-array","component":"projection","action":"mouseleave"},{"timestamp":"2022-11-22T22:31:33.148Z","url":"https://stackoverflow.com/questions/35480773/sum-values-of-objects-in-array","component":"projection","action":"mouseenter"},{"timestamp":"2022-11-22T22:31:33.153Z","url":"","component":"projection","action":"mouseenter","data":"reduce(function, number)"},{"timestamp":"2022-11-22T22:31:33.176Z","url":"","component":"projection","action":"mouseleave","data":"reduce(function, number)"},{"timestamp":"2022-11-22T22:31:33.180Z","url":"","component":"projection","action":"mouseenter","data":"T[].reduce(function): T"},{"timestamp":"2022-11-22T22:31:33.203Z","url":"","component":"projection","action":"mouseleave","data":"T[].reduce(function): T"},{"timestamp":"2022-11-22T22:31:33.209Z","url":"","component":"projection","action":"mouseenter","data":"T[].reduce(function, U): U"},{"timestamp":"2022-11-22T22:31:33.607Z","url":"","component":"projection","action":"mouseleave","data":"T[].reduce(function, U): U"},{"timestamp":"2022-11-22T22:31:33.626Z","url":"","component":"projection","action":"mouseenter","data":"T[].reduce(function): T"},{"timestamp":"2022-11-22T22:31:34.283Z","url":"https://stackoverflow.com/questions/35480773/sum-values-of-objects-in-array","component":"projection","action":"expand","data":"T[].reduce(function): T"},{"timestamp":"2022-11-22T22:31:34.830Z","url":"https://stackoverflow.com/questions/35480773/sum-values-of-objects-in-array","component":"projection","action":"tab","data":{"name":"usage","height":280,"width":248,"wc":41,"lc":13,"sig":"T[].reduce(function): T"}},{"timestamp":"2022-11-22T22:31:34.832Z","url":"https://stackoverflow.com/questions/35480773/sum-values-of-objects-in-array","component":"projection","action":"tab","data":{"name":"usage","height":101,"width":248,"wc":8,"lc":2,"sig":"T[].reduce(function): T"}},{"timestamp":"2022-11-22T22:31:38.379Z","url":"","component":"projection","action":"mouseleave","data":"T[].reduce(function): T"},{"timestamp":"2022-11-22T22:31:38.422Z","url":"","component":"projection","action":"mouseenter","data":"T[].reduce(function, U): U"},{"timestamp":"2022-11-22T22:31:39.662Z","url":"https://stackoverflow.com/questions/35480773/sum-values-of-objects-in-array","component":"projection","action":"expand","data":"T[].reduce(function, U): U"},{"timestamp":"2022-11-22T22:31:41.723Z","url":"","component":"projection","action":"mouseleave","data":"T[].reduce(function, U): U"},{"timestamp":"2022-11-22T22:31:41.741Z","url":"https://stackoverflow.com/questions/35480773/sum-values-of-objects-in-array","component":"projection","action":"mouseleave"},{"timestamp":"2022-11-22T22:32:11.079Z","url":"https://stackoverflow.com/questions/35480773/sum-values-of-objects-in-array","component":"projection","action":"mouseenter"},{"timestamp":"2022-11-22T22:32:11.260Z","url":"","component":"projection","action":"mouseenter","data":"T[].reduce(function, U): U"},{"timestamp":"2022-11-22T22:32:11.848Z","url":"","component":"projection","action":"mouseleave","data":"T[].reduce(function, U): U"},{"timestamp":"2022-11-22T22:32:11.941Z","url":"https://stackoverflow.com/questions/35480773/sum-values-of-objects-in-array","component":"projection","action":"mouseleave"},{"timestamp":"2022-11-22T22:32:12.409Z","url":"https://stackoverflow.com/questions/35480773/sum-values-of-objects-in-array","component":"projection","action":"mouseenter"},{"timestamp":"2022-11-22T22:32:12.526Z","url":"","component":"projection","action":"mouseenter","data":"T[].reduce(function, U): U"},{"timestamp":"2022-11-22T22:32:13.393Z","url":"","component":"projection","action":"mouseleave","data":"T[].reduce(function, U): U"},{"timestamp":"2022-11-22T22:32:13.405Z","url":"","component":"projection","action":"mouseenter","data":"T[].reduce(function): T"},{"timestamp":"2022-11-22T22:32:13.441Z","url":"","component":"projection","action":"mouseleave","data":"T[].reduce(function): T"},{"timestamp":"2022-11-22T22:32:13.445Z","url":"","component":"projection","action":"mouseenter","data":"reduce(function, number)"},{"timestamp":"2022-11-22T22:32:13.956Z","url":"","component":"projection","action":"mouseleave","data":"reduce(function, number)"},{"timestamp":"2022-11-22T22:32:14.311Z","url":"","component":"projection","action":"mouseenter","data":"reduce(function, number)"},{"timestamp":"2022-11-22T22:32:14.428Z","url":"","component":"projection","action":"mouseleave","data":"reduce(function, number)"},{"timestamp":"2022-11-22T22:32:14.431Z","url":"","component":"projection","action":"mouseenter","data":"T[].reduce(function): T"},{"timestamp":"2022-11-22T22:32:14.477Z","url":"","component":"projection","action":"mouseleave","data":"T[].reduce(function): T"},{"timestamp":"2022-11-22T22:32:14.495Z","url":"","component":"projection","action":"mouseenter","data":"T[].reduce(function, U): U"},{"timestamp":"2022-11-22T22:32:16.213Z","url":"","component":"projection","action":"mouseleave","data":"T[].reduce(function, U): U"},{"timestamp":"2022-11-22T22:32:16.216Z","url":"https://stackoverflow.com/questions/35480773/sum-values-of-objects-in-array","component":"projection","action":"mouseleave"},{"timestamp":"2022-11-22T22:32:39.410Z","url":"https://stackoverflow.com/questions/23247859/better-way-to-sum-a-property-value-in-an-array","component":"projection","action":"mouseenter"},{"timestamp":"2022-11-22T22:32:39.413Z","url":"","component":"projection","action":"mouseenter","data":"T[].map(function): U[]"},{"timestamp":"2022-11-22T22:32:39.417Z","url":"","component":"projection","action":"mouseleave","data":"T[].map(function): U[]"},{"timestamp":"2022-11-22T22:32:39.420Z","url":"https://stackoverflow.com/questions/23247859/better-way-to-sum-a-property-value-in-an-array","component":"projection","action":"mouseleave"},{"timestamp":"2022-11-22T22:32:39.688Z","url":"https://stackoverflow.com/questions/23247859/better-way-to-sum-a-property-value-in-an-array","component":"projection","action":"mouseenter"},{"timestamp":"2022-11-22T22:32:39.712Z","url":"https://stackoverflow.com/questions/23247859/better-way-to-sum-a-property-value-in-an-array","component":"projection","action":"mouseleave"},{"timestamp":"2022-11-22T22:32:39.715Z","url":"https://stackoverflow.com/questions/35480773/sum-values-of-objects-in-array","component":"projection","action":"mouseenter"},{"timestamp":"2022-11-22T22:32:39.717Z","url":"","component":"projection","action":"mouseenter","data":"reduce(function, number)"},{"timestamp":"2022-11-22T22:32:39.749Z","url":"","component":"projection","action":"mouseleave","data":"reduce(function, number)"},{"timestamp":"2022-11-22T22:32:39.751Z","url":"","component":"projection","action":"mouseenter","data":"T[].reduce(function): T"},{"timestamp":"2022-11-22T22:32:39.938Z","url":"","component":"projection","action":"mouseleave","data":"T[].reduce(function): T"},{"timestamp":"2022-11-22T22:32:39.941Z","url":"","component":"projection","action":"mouseenter","data":"T[].reduce(function, U): U"},{"timestamp":"2022-11-22T22:32:40.819Z","url":"https://stackoverflow.com/questions/35480773/sum-values-of-objects-in-array","component":"page","action":"open","data":"#answer-59730051"},{"timestamp":"2022-11-22T22:32:40.853Z","url":"","component":"projection","action":"mouseleave","data":"T[].reduce(function, U): U"},{"timestamp":"2022-11-22T22:32:40.856Z","url":"https://stackoverflow.com/questions/35480773/sum-values-of-objects-in-array","component":"projection","action":"mouseleave"},{"timestamp":"2022-11-22T22:32:41.442Z","url":"https://stackoverflow.com/questions/35480773/sum-values-of-objects-in-array","component":"page","action":"load","data":"#answer-59730051"},{"timestamp":"2022-11-22T22:32:42.202Z","url":"https://stackoverflow.com/questions/35480773/sum-values-of-objects-in-array","component":"page","action":"scroll","data":{"viewport":{"x":0,"y":3245,"height":1180,"width":296},"document":{"height":9734,"width":279},"question":{"identifier":"35480773","top":-3081.59375,"bottom":-2317.375,"right":263,"left":16,"width":247,"height":764.21875},"answers":[{"identifier":"35480841","top":-2237.09375,"bottom":0.21875,"right":263,"left":16,"width":247,"height":2237.3125},{"identifier":"59730051","top":0.21875,"bottom":472.21875,"right":263,"left":16,"width":247,"height":472},{"identifier":"60381611","top":472.21875,"bottom":1113.34375,"right":263,"left":16,"width":247,"height":641.125},{"identifier":"35480989","top":1113.34375,"bottom":1897.84375,"right":263,"left":16,"width":247,"height":784.5},{"identifier":"35480862","top":1897.84375,"bottom":2200.34375,"right":263,"left":16,"width":247,"height":302.5},{"identifier":"35481022","top":2200.34375,"bottom":2671.84375,"right":263,"left":16,"width":247,"height":471.5},{"identifier":"35480887","top":2671.84375,"bottom":3133.03125,"right":263,"left":16,"width":247,"height":461.1875},{"identifier":"52555418","top":3133.03125,"bottom":3832.21875,"right":263,"left":16,"width":247,"height":699.1875}]}},{"timestamp":"2022-11-22T22:32:43.208Z","url":"https://stackoverflow.com/questions/35480773/sum-values-of-objects-in-array","component":"page","action":"scroll","data":{"viewport":{"x":0,"y":2845,"height":1180,"width":296},"document":{"height":9734,"width":279},"question":{"identifier":"35480773","top":-2681.59375,"bottom":-1917.375,"right":263,"left":16,"width":247,"height":764.21875},"answers":[{"identifier":"35480841","top":-1837.09375,"bottom":400.21875,"right":263,"left":16,"width":247,"height":2237.3125},{"identifier":"59730051","top":400.21875,"bottom":872.21875,"right":263,"left":16,"width":247,"height":472},{"identifier":"60381611","top":872.21875,"bottom":1513.34375,"right":263,"left":16,"width":247,"height":641.125},{"identifier":"35480989","top":1513.34375,"bottom":2297.84375,"right":263,"left":16,"width":247,"height":784.5},{"identifier":"35480862","top":2297.84375,"bottom":2600.34375,"right":263,"left":16,"width":247,"height":302.5},{"identifier":"35481022","top":2600.34375,"bottom":3071.84375,"right":263,"left":16,"width":247,"height":471.5},{"identifier":"35480887","top":3071.84375,"bottom":3533.03125,"right":263,"left":16,"width":247,"height":461.1875},{"identifier":"52555418","top":3533.03125,"bottom":4232.21875,"right":263,"left":16,"width":247,"height":699.1875}]}},{"timestamp":"2022-11-22T22:32:45.852Z","url":"https://stackoverflow.com/questions/35480773/sum-values-of-objects-in-array","component":"page","action":"scroll","data":{"viewport":{"x":0,"y":145,"height":1180,"width":296},"document":{"height":9734,"width":279},"question":{"identifier":"35480773","top":18.40625,"bottom":782.625,"right":263,"left":16,"width":247,"height":764.21875},"answers":[{"identifier":"35480841","top":862.90625,"bottom":3100.21875,"right":263,"left":16,"width":247,"height":2237.3125},{"identifier":"59730051","top":3100.21875,"bottom":3572.21875,"right":263,"left":16,"width":247,"height":472},{"identifier":"60381611","top":3572.21875,"bottom":4213.34375,"right":263,"left":16,"width":247,"height":641.125},{"identifier":"35480989","top":4213.34375,"bottom":4997.84375,"right":263,"left":16,"width":247,"height":784.5},{"identifier":"35480862","top":4997.84375,"bottom":5300.34375,"right":263,"left":16,"width":247,"height":302.5},{"identifier":"35481022","top":5300.34375,"bottom":5771.84375,"right":263,"left":16,"width":247,"height":471.5},{"identifier":"35480887","top":5771.84375,"bottom":6233.03125,"right":263,"left":16,"width":247,"height":461.1875},{"identifier":"52555418","top":6233.03125,"bottom":6932.21875,"right":263,"left":16,"width":247,"height":699.1875}]}},{"timestamp":"2022-11-22T22:32:47.815Z","url":"https://stackoverflow.com/questions/35480773/sum-values-of-objects-in-array","component":"page","action":"scroll","data":{"viewport":{"x":0,"y":0,"height":1180,"width":296},"document":{"height":9734,"width":279},"question":{"identifier":"35480773","top":163.40625,"bottom":927.625,"right":263,"left":16,"width":247,"height":764.21875},"answers":[{"identifier":"35480841","top":1007.90625,"bottom":3245.21875,"right":263,"left":16,"width":247,"height":2237.3125},{"identifier":"59730051","top":3245.21875,"bottom":3717.21875,"right":263,"left":16,"width":247,"height":472},{"identifier":"60381611","top":3717.21875,"bottom":4358.34375,"right":263,"left":16,"width":247,"height":641.125},{"identifier":"35480989","top":4358.34375,"bottom":5142.84375,"right":263,"left":16,"width":247,"height":784.5},{"identifier":"35480862","top":5142.84375,"bottom":5445.34375,"right":263,"left":16,"width":247,"height":302.5},{"identifier":"35481022","top":5445.34375,"bottom":5916.84375,"right":263,"left":16,"width":247,"height":471.5},{"identifier":"35480887","top":5916.84375,"bottom":6378.03125,"right":263,"left":16,"width":247,"height":461.1875},{"identifier":"52555418","top":6378.03125,"bottom":7077.21875,"right":263,"left":16,"width":247,"height":699.1875}]}},{"timestamp":"2022-11-22T22:32:55.407Z","url":"https://stackoverflow.com/questions/35480773/sum-values-of-objects-in-array","component":"page","action":"scroll","data":{"viewport":{"x":0,"y":900,"height":1180,"width":296},"document":{"height":9734,"width":279},"question":{"identifier":"35480773","top":-736.59375,"bottom":27.625,"right":263,"left":16,"width":247,"height":764.21875},"answers":[{"identifier":"35480841","top":107.90625,"bottom":2345.21875,"right":263,"left":16,"width":247,"height":2237.3125},{"identifier":"59730051","top":2345.21875,"bottom":2817.21875,"right":263,"left":16,"width":247,"height":472},{"identifier":"60381611","top":2817.21875,"bottom":3458.34375,"right":263,"left":16,"width":247,"height":641.125},{"identifier":"35480989","top":3458.34375,"bottom":4242.84375,"right":263,"left":16,"width":247,"height":784.5},{"identifier":"35480862","top":4242.84375,"bottom":4545.34375,"right":263,"left":16,"width":247,"height":302.5},{"identifier":"35481022","top":4545.34375,"bottom":5016.84375,"right":263,"left":16,"width":247,"height":471.5},{"identifier":"35480887","top":5016.84375,"bottom":5478.03125,"right":263,"left":16,"width":247,"height":461.1875},{"identifier":"52555418","top":5478.03125,"bottom":6177.21875,"right":263,"left":16,"width":247,"height":699.1875}]}},{"timestamp":"2022-11-22T22:32:58.630Z","url":"https://stackoverflow.com/questions/35480773/sum-values-of-objects-in-array","component":"page","action":"scroll","data":{"viewport":{"x":0,"y":2800,"height":1180,"width":296},"document":{"height":9734,"width":279},"question":{"identifier":"35480773","top":-2636.59375,"bottom":-1872.375,"right":263,"left":16,"width":247,"height":764.21875},"answers":[{"identifier":"35480841","top":-1792.09375,"bottom":445.21875,"right":263,"left":16,"width":247,"height":2237.3125},{"identifier":"59730051","top":445.21875,"bottom":917.21875,"right":263,"left":16,"width":247,"height":472},{"identifier":"60381611","top":917.21875,"bottom":1558.34375,"right":263,"left":16,"width":247,"height":641.125},{"identifier":"35480989","top":1558.34375,"bottom":2342.84375,"right":263,"left":16,"width":247,"height":784.5},{"identifier":"35480862","top":2342.84375,"bottom":2645.34375,"right":263,"left":16,"width":247,"height":302.5},{"identifier":"35481022","top":2645.34375,"bottom":3116.84375,"right":263,"left":16,"width":247,"height":471.5},{"identifier":"35480887","top":3116.84375,"bottom":3578.03125,"right":263,"left":16,"width":247,"height":461.1875},{"identifier":"52555418","top":3578.03125,"bottom":4277.21875,"right":263,"left":16,"width":247,"height":699.1875}]}},{"timestamp":"2022-11-22T22:33:06.342Z","url":"https://stackoverflow.com/questions/35480773/sum-values-of-objects-in-array","component":"page","action":"selection","data":"nsole.l"}]}]}