{"id":"32919_2","conditions":[{"taskId":2,"taskName":"find","enableFragments":false,"enableContext":true,"showContext":false,"provideSearchTerms":true,"sequence":3},{"taskId":1,"taskName":"currency","enableFragments":false,"enableContext":true,"showContext":false,"provideSearchTerms":true,"sequence":4},{"taskId":4,"taskName":"sort","enableFragments":true,"enableContext":true,"showContext":true,"provideSearchTerms":true,"sequence":5},{"taskId":3,"taskName":"clone","enableFragments":true,"enableContext":true,"showContext":true,"provideSearchTerms":true,"sequence":6},{"taskId":6,"taskName":"serve","enableFragments":true,"enableContext":true,"showContext":true,"provideSearchTerms":false,"sequence":7},{"taskId":5,"taskName":"recent","enableFragments":false,"enableContext":false,"showContext":false,"provideSearchTerms":false,"sequence":8}],"activeTaskId":"recent","tasks":[{"id":"pre-study"},{"enableFragments":true,"enableContext":true,"showContext":true,"provideSearchTerms":true,"contextOverride":[{"source":"src/tutorial.js","name":"sumTradedShares","position":{"start":397,"end":545},"variables":[],"parameters":[{"source":"src/tutorial.js","name":"trades","position":{"start":429,"end":435},"type":{"name":"Trade[]"}}],"returnType":"number"}],"id":"tutorial","startTime":"2022-11-22T22:27:29.307Z","duration":355498,"timer":{"startTime":"2022-11-22T22:28:42.516Z","endTime":"2022-11-22T22:33:26.231Z"},"endTime":"2022-11-22T22:33:26.231Z"},{"enableFragments":false,"enableContext":true,"showContext":false,"contextOverride":[{"source":"src/currency.js","name":"printCurrency","position":{"start":593,"end":782},"variables":[],"parameters":[{"source":"src/currency.js","name":"amount","position":{"start":623,"end":629},"type":{"name":"number"}},{"source":"src/currency.js","name":"locale","position":{"start":631,"end":637},"type":{"name":"string"}},{"source":"src/currency.js","name":"currency","position":{"start":639,"end":647},"type":{"name":"string"}}],"returnType":"string"}],"provideSearchTerms":true,"searchTerms":"format currency","id":"currency","startTime":"2022-11-22T22:37:47.437Z","timer":{"startTime":"2022-11-22T22:37:47.437Z","endTime":"2022-11-22T22:41:23.450Z"},"duration":215247,"data":{"Q1":"5","Q2":"Clear, concise, and relevant.","Q3":"No","Q4":""},"endTime":"2022-11-22T22:41:42.771Z"},{"enableFragments":false,"enableContext":true,"showContext":false,"contextOverride":[{"source":"src/find.js","name":"getTradeById","position":{"start":286,"end":506},"variables":[],"parameters":[{"source":"src/find.js","name":"trades","position":{"start":315,"end":321},"type":{"name":"Trade[]"}},{"source":"src/find.js","name":"id","position":{"start":323,"end":325},"type":{"name":"number"}}],"returnType":"Trade"}],"provideSearchTerms":true,"searchTerms":"find item in array by value","id":"find","startTime":"2022-11-22T22:33:31.700Z","timer":{"startTime":"2022-11-22T22:33:31.700Z","endTime":"2022-11-22T22:36:30.862Z"},"duration":178214,"data":{"Q1":"3","Q2":"No need to use Scout, but results seem very relevant.","Q3":"N/A","Q4":""},"endTime":"2022-11-22T22:37:40.060Z"},{"enableFragments":true,"enableContext":true,"showContext":true,"contextOverride":[{"source":"src/clone.js","name":"cloneTradeLedger","position":{"start":239,"end":406},"variables":[],"parameters":[{"source":"src/clone.js","name":"trades","position":{"start":272,"end":278},"type":{"name":"Trade[]"}}],"returnType":"Trade[]"}],"provideSearchTerms":true,"searchTerms":"clone array","id":"clone","startTime":"2022-11-22T22:43:35.762Z","timer":{"startTime":"2022-11-22T22:43:35.762Z","endTime":"2022-11-22T22:44:46.275Z"},"duration":69136,"data":{"Q1":"5","Q2":"Very relevant first result","Q3":"","Q4":""},"endTime":"2022-11-22T22:44:56.510Z"},{"enableFragments":true,"enableContext":true,"showContext":true,"contextOverride":[{"source":"src/sort.js","name":"sortTradesByShareCount","position":{"start":285,"end":524},"variables":[],"parameters":[{"source":"src/sort.js","name":"trades","position":{"start":324,"end":330},"type":{"name":"Trade[]"}}],"returnType":"Trade[]"}],"provideSearchTerms":true,"searchTerms":"sort array of objects descending","id":"sort","startTime":"2022-11-22T22:41:50.247Z","timer":{"startTime":"2022-11-22T22:41:50.247Z","endTime":"2022-11-22T22:43:09.591Z"},"duration":78273,"data":{"Q1":"5","Q2":"Very relevant first result","Q3":"","Q4":""},"endTime":"2022-11-22T22:43:28.259Z"},{"enableFragments":false,"enableContext":false,"showContext":false,"contextOverride":[],"provideSearchTerms":false,"searchTerms":"","id":"recent","startTime":"2022-11-22T22:48:48.780Z","timer":{"startTime":"2022-11-22T22:48:48.780Z","endTime":"2022-11-22T22:55:53.623Z"},"duration":419616,"data":{"Q1":"3","Q2":"Issue was finding the right search terms, not the results","Q3":"No","Q4":""},"endTime":"2022-11-22T22:56:32.556Z"},{"enableFragments":true,"enableContext":true,"showContext":true,"contextOverride":[{"source":"src/serve.js","name":"express","position":{"start":7,"end":14},"module":{"name":"express","position":{"start":20,"end":29}},"references":[{"start":181,"end":188}]},{"source":"src/serve.js","name":"path","position":{"start":38,"end":42},"module":{"name":"path","position":{"start":48,"end":54}},"references":[]},{"source":"src/serve.js","name":"setup","position":{"start":193,"end":290},"variables":[],"parameters":[],"returnType":"void"}],"provideSearchTerms":false,"searchTerms":"","id":"serve","startTime":"2022-11-22T22:45:04.514Z","timer":{"startTime":"2022-11-22T22:45:04.515Z","endTime":"2022-11-22T22:48:28.315Z"},"duration":202218,"data":{"Q1":"5","Q2":"Perfect first search result","Q3":"","Q4":""},"endTime":"2022-11-22T22:48:41.435Z"},{"id":"post-study"}],"activations":["2022-11-22T22:26:52.784Z"]}