{"trialId":"91073_2","taskId":"currency","appEvents":[{"timestamp":"2022-11-11T16:26:22.430Z","name":"search","data":"search-start"},{"timestamp":"2022-11-11T16:26:23.695Z","name":"search","data":"search-done"}],"searches":[{"keywords":["format","currency"],"context":{"tokens":[{"kind":"language","value":"javascript"}]},"timestamp":"2022-11-11T16:26:22.427Z","results":[{"signatures":[],"areSignaturesLoading":true,"title":"How to format numbers as currency strings - Stack Overflow","url":"https://stackoverflow.com/questions/149055/how-to-format-numbers-as-currency-strings","displayLink":"https://stackoverflow.com › questions › how-to-format-...","date":"Sep 29, 2008","snippet":"All you need is to add the currency symbol (e.g. \"$\" + profits.toFixed(2) ) and you will have your amount in dollars. Custom function. If you ...","snippetHighlightWords":["currency"]},{"signatures":[],"areSignaturesLoading":true,"title":"How to format numbers as currency strings - Stack Overflow","url":"https://stackoverflow.com/questions/149055/how-to-format-numbers-as-currency-strings/5681208","displayLink":"https://stackoverflow.com › questions › how-to-format-...","date":"66 answers","snippet":"I found this from: accounting.js. It's very easy and perfectly fits my need. // Default usage: accounting.formatMoney(12345678); // $12,345,678.00 ...","snippetHighlightWords":["js"]},{"signatures":[],"areSignaturesLoading":true,"title":"How do I print currency format in JavaScript - Stack Overflow","url":"https://stackoverflow.com/questions/4022171/how-do-i-print-currency-format-in-javascript","displayLink":"https://stackoverflow.com › questions › how-do-i-print-...","snippet":"I am writing a function that takes the float price and returns the formatted currency value with currency code too. like fnPrice( 1001.01 ) should print $ ...","snippetHighlightWords":["currency","currency"]},{"signatures":[],"areSignaturesLoading":true,"title":"How to format currency in JavaScript? - Stack Overflow","url":"https://stackoverflow.com/questions/64297528/how-to-format-currency-in-javascript","displayLink":"https://stackoverflow.com › questions › how-to-format-...","date":"Oct 10, 2020","snippet":"I'm beginner in JavaScript and I'm rendering a list that contains some products. The product price format comes as follows: 3800 , 4000 , 11000 ...","snippetHighlightWords":["JavaScript","format"]},{"signatures":[],"areSignaturesLoading":true,"title":"How to format currency and time in javascript - Stack Overflow","url":"https://stackoverflow.com/questions/60689698/how-to-format-currency-and-time-in-javascript","displayLink":"https://stackoverflow.com › questions › how-to-format-...","date":"Mar 15, 2020","snippet":"To format as currency, you can use Intl.NumberFormat either with or without the currency symbol. It can be used via toLocaleString:.","snippetHighlightWords":["format","currency","currency"]},{"signatures":[],"areSignaturesLoading":true,"title":"Proper JS currency format with commas and decimals","url":"https://stackoverflow.com/questions/19664926/proper-js-currency-format-with-commas-and-decimals","displayLink":"https://stackoverflow.com › questions › proper-js-curre...","date":"Oct 29, 2013","snippet":"The value that you get from text fields is of type 'string'. When you do math on simple strings Javascript will automatically coerce them to ...","snippetHighlightWords":["Javascript"]},{"signatures":[],"areSignaturesLoading":true,"title":"Currency format in euro - javascript - Stack Overflow","url":"https://stackoverflow.com/questions/69668216/currency-format-in-euro","displayLink":"https://stackoverflow.com › questions › currency-forma...","snippet":"For your onChange event on the euro currency, you want to remove the . the same way you are removing the , for the dollars, ...","snippetHighlightWords":["currency"],"extensions":["Oct 21, 2021","1 answer"]},{"signatures":[],"areSignaturesLoading":true,"title":"Javascript Function to Format as Money - Stack Overflow","url":"https://stackoverflow.com/questions/40426965/javascript-function-to-format-as-money","displayLink":"https://stackoverflow.com › questions › javascript-funct...","date":"Nov 4, 2016","snippet":"String.prototype.formatMoney = function(places, symbol, thousand, decimal) { if((this).match(/^$/) && (this).indexOf(',') != -1 && (this)."},{"signatures":[],"areSignaturesLoading":true,"title":"Format currency in JavaScript removing .00 - Stack Overflow","url":"https://stackoverflow.com/questions/46235907/format-currency-in-javascript-removing-00","displayLink":"https://stackoverflow.com › questions › format-currenc...","date":"Sep 15, 2017","snippet":"NumberFormat has the more sensible behavior of rounding away from zero as opposed to other JavaScript methods like Math.round . For example, ...","snippetHighlightWords":["JavaScript"]},{"signatures":[],"areSignaturesLoading":true,"title":"Currency formatting using Intl.NumberFormat without currency ...","url":"https://stackoverflow.com/questions/68549027/currency-formatting-using-intl-numberformat-without-currency-symbol","displayLink":"https://stackoverflow.com › questions › currency-forma...","date":"Jul 27, 2021","snippet":"I am trying to use Intl as a default currency formatter and it is almost perfect. ... I find it bizarre that I spend over an hour looking for a ...","snippetHighlightWords":["currency formatter"]}],"events":[{"timestamp":"2022-11-11T16:26:22.562Z","url":"https://stackoverflow.com/questions/149055/how-to-format-numbers-as-currency-strings","component":"projection","action":"load","data":{"height":60,"width":348.70001220703125,"wc":27,"lc":1}},{"timestamp":"2022-11-11T16:26:22.562Z","url":"https://stackoverflow.com/questions/149055/how-to-format-numbers-as-currency-strings/5681208","component":"projection","action":"load","data":{"height":82,"width":354.1000061035156,"wc":20,"lc":1}},{"timestamp":"2022-11-11T16:26:22.563Z","url":"https://stackoverflow.com/questions/4022171/how-do-i-print-currency-format-in-javascript","component":"projection","action":"load","data":{"height":60,"width":336,"wc":28,"lc":1}},{"timestamp":"2022-11-11T16:26:22.563Z","url":"https://stackoverflow.com/questions/64297528/how-to-format-currency-in-javascript","component":"projection","action":"load","data":{"height":82,"width":339.20001220703125,"wc":26,"lc":1}},{"timestamp":"2022-11-11T16:26:22.563Z","url":"https://stackoverflow.com/questions/60689698/how-to-format-currency-and-time-in-javascript","component":"projection","action":"load","data":{"height":60,"width":344.8999938964844,"wc":21,"lc":1}},{"timestamp":"2022-11-11T16:26:22.563Z","url":"https://stackoverflow.com/questions/19664926/proper-js-currency-format-with-commas-and-decimals","component":"projection","action":"load","data":{"height":60,"width":346.3999938964844,"wc":26,"lc":1}},{"timestamp":"2022-11-11T16:26:22.564Z","url":"https://stackoverflow.com/questions/69668216/currency-format-in-euro","component":"projection","action":"load","data":{"height":60,"width":341.8999938964844,"wc":26,"lc":1}},{"timestamp":"2022-11-11T16:26:22.564Z","url":"https://stackoverflow.com/questions/40426965/javascript-function-to-format-as-money","component":"projection","action":"load","data":{"height":60,"width":349.1000061035156,"wc":14,"lc":1}},{"timestamp":"2022-11-11T16:26:22.564Z","url":"https://stackoverflow.com/questions/46235907/format-currency-in-javascript-removing-00","component":"projection","action":"load","data":{"height":82,"width":348.8999938964844,"wc":23,"lc":1}},{"timestamp":"2022-11-11T16:26:22.564Z","url":"https://stackoverflow.com/questions/68549027/currency-formatting-using-intl-numberformat-without-currency-symbol","component":"projection","action":"load","data":{"height":60,"width":347.79998779296875,"wc":31,"lc":1}},{"timestamp":"2022-11-11T16:26:22.571Z","url":"https://stackoverflow.com/questions/149055/how-to-format-numbers-as-currency-strings","component":"projection","action":"mouseenter"},{"timestamp":"2022-11-11T16:26:23.695Z","url":"https://stackoverflow.com/questions/149055/how-to-format-numbers-as-currency-strings","component":"projection","action":"loaded","data":"projection 10 of 10"},{"timestamp":"2022-11-11T16:26:23.695Z","url":"https://stackoverflow.com/questions/149055/how-to-format-numbers-as-currency-strings/5681208","component":"projection","action":"loaded","data":"projection 9 of 10"},{"timestamp":"2022-11-11T16:26:23.695Z","url":"https://stackoverflow.com/questions/4022171/how-do-i-print-currency-format-in-javascript","component":"projection","action":"loaded","data":"projection 8 of 10"},{"timestamp":"2022-11-11T16:26:23.695Z","url":"https://stackoverflow.com/questions/64297528/how-to-format-currency-in-javascript","component":"projection","action":"loaded","data":"projection 7 of 10"},{"timestamp":"2022-11-11T16:26:23.695Z","url":"https://stackoverflow.com/questions/60689698/how-to-format-currency-and-time-in-javascript","component":"projection","action":"loaded","data":"projection 6 of 10"},{"timestamp":"2022-11-11T16:26:23.695Z","url":"https://stackoverflow.com/questions/19664926/proper-js-currency-format-with-commas-and-decimals","component":"projection","action":"loaded","data":"projection 5 of 10"},{"timestamp":"2022-11-11T16:26:23.695Z","url":"https://stackoverflow.com/questions/69668216/currency-format-in-euro","component":"projection","action":"loaded","data":"projection 4 of 10"},{"timestamp":"2022-11-11T16:26:23.695Z","url":"https://stackoverflow.com/questions/40426965/javascript-function-to-format-as-money","component":"projection","action":"loaded","data":"projection 3 of 10"},{"timestamp":"2022-11-11T16:26:23.695Z","url":"https://stackoverflow.com/questions/46235907/format-currency-in-javascript-removing-00","component":"projection","action":"loaded","data":"projection 2 of 10"},{"timestamp":"2022-11-11T16:26:23.695Z","url":"https://stackoverflow.com/questions/68549027/currency-formatting-using-intl-numberformat-without-currency-symbol","component":"projection","action":"loaded","data":"projection 1 of 10"},{"timestamp":"2022-11-11T16:26:24.975Z","url":"https://stackoverflow.com/questions/149055/how-to-format-numbers-as-currency-strings","component":"page","action":"open"},{"timestamp":"2022-11-11T16:26:25.030Z","url":"https://stackoverflow.com/questions/149055/how-to-format-numbers-as-currency-strings","component":"projection","action":"mouseleave"},{"timestamp":"2022-11-11T16:26:26.582Z","url":"https://stackoverflow.com/questions/149055/how-to-format-numbers-as-currency-strings","component":"page","action":"load"},{"timestamp":"2022-11-11T16:26:29.147Z","url":"https://stackoverflow.com/questions/149055/how-to-format-numbers-as-currency-strings","component":"page","action":"scroll","data":{"viewport":{"x":0,"y":153,"height":470,"width":393},"document":{"height":41098,"width":376},"question":{"identifier":"149055","top":10.466659545898438,"bottom":1208.0333099365234,"right":360,"left":16,"width":344,"height":1197.566650390625},"answers":[{"identifier":"16233919","top":1325.3333740234375,"bottom":3729.0833740234375,"right":360,"left":16,"width":344,"height":2403.75},{"identifier":"149099","top":3729.083251953125,"bottom":6851.88330078125,"right":360,"left":16,"width":344,"height":3122.800048828125},{"identifier":"14428340","top":6851.88330078125,"bottom":9503.75,"right":360,"left":16,"width":344,"height":2651.86669921875},{"identifier":"149107","top":9503.75,"bottom":11294.699951171875,"right":360,"left":16,"width":344,"height":1790.949951171875},{"identifier":"2866613","top":11294.7001953125,"bottom":13414.31689453125,"right":360,"left":16,"width":344,"height":2119.61669921875},{"identifier":"26745078","top":13414.31640625,"bottom":14275.783081054688,"right":360,"left":16,"width":344,"height":861.4666748046875},{"identifier":"7266497","top":14275.783203125,"bottom":15044.949829101562,"right":360,"left":16,"width":344,"height":769.1666259765625},{"identifier":"9318724","top":15044.9501953125,"bottom":16152.416870117188,"right":360,"left":16,"width":344,"height":1107.4666748046875},{"identifier":"5342097","top":16152.4169921875,"bottom":17236.383666992188,"right":360,"left":16,"width":344,"height":1083.9666748046875},{"identifier":"18994850","top":17236.3828125,"bottom":18394.449462890625,"right":360,"left":16,"width":344,"height":1158.066650390625},{"identifier":"9318723","top":18394.44921875,"bottom":18966.915893554688,"right":360,"left":16,"width":344,"height":572.4666748046875},{"identifier":"68536579","top":18966.916015625,"bottom":19523.28271484375,"right":360,"left":16,"width":344,"height":556.36669921875},{"identifier":"149150","top":19523.283203125,"bottom":20432.449829101562,"right":360,"left":16,"width":344,"height":909.1666259765625},{"identifier":"12698339","top":20432.44921875,"bottom":21100.215881347656,"right":360,"left":16,"width":344,"height":667.7666625976562},{"identifier":"40079019","top":21100.216796875,"bottom":22903.183471679688,"right":360,"left":16,"width":344,"height":1802.9666748046875},{"identifier":"6787083","top":22903.18359375,"bottom":23670.450256347656,"right":360,"left":16,"width":344,"height":767.2666625976562},{"identifier":"6715476","top":23670.44921875,"bottom":24491.665893554688,"right":360,"left":16,"width":344,"height":821.2166748046875},{"identifier":"8726353","top":24491.666015625,"bottom":25022.53271484375,"right":360,"left":16,"width":344,"height":530.86669921875},{"identifier":"11270819","top":25022.533203125,"bottom":26385.999877929688,"right":360,"left":16,"width":344,"height":1363.4666748046875},{"identifier":"149080","top":26386,"bottom":27224.066650390625,"right":360,"left":16,"width":344,"height":838.066650390625},{"identifier":"60877747","top":27224.06640625,"bottom":27764.18310546875,"right":360,"left":16,"width":344,"height":540.11669921875},{"identifier":"1323064","top":27764.18359375,"bottom":29530.9501953125,"right":360,"left":16,"width":344,"height":1766.7666015625},{"identifier":"10168573","top":29530.94921875,"bottom":30313.215881347656,"right":360,"left":16,"width":344,"height":782.2666625976562},{"identifier":"9327950","top":30313.216796875,"bottom":30875.783447265625,"right":360,"left":16,"width":344,"height":562.566650390625},{"identifier":"149120","top":30875.783203125,"bottom":31550.049865722656,"right":360,"left":16,"width":344,"height":674.2666625976562},{"identifier":"12698442","top":31550.05078125,"bottom":32025.017456054688,"right":360,"left":16,"width":344,"height":474.9666748046875},{"identifier":"3284302","top":32025.017578125,"bottom":33188.584228515625,"right":360,"left":16,"width":344,"height":1163.566650390625},{"identifier":"14735423","top":33188.58203125,"bottom":34168.54870605469,"right":360,"left":16,"width":344,"height":979.9666748046875},{"identifier":"54274936","top":34168.55078125,"bottom":34644.51745605469,"right":360,"left":16,"width":344,"height":475.9666748046875},{"identifier":"23717185","top":34644.515625,"bottom":38660.2490234375,"right":360,"left":16,"width":344,"height":4015.7333984375}]}},{"timestamp":"2022-11-11T16:26:32.228Z","url":"https://stackoverflow.com/questions/149055/how-to-format-numbers-as-currency-strings","component":"page","action":"scroll","data":{"viewport":{"x":0,"y":1581,"height":470,"width":393},"document":{"height":41098,"width":376},"question":{"identifier":"149055","top":-1417.5333251953125,"bottom":-219.9666748046875,"right":360,"left":16,"width":344,"height":1197.566650390625},"answers":[{"identifier":"16233919","top":-102.66667175292969,"bottom":2301.0833282470703,"right":360,"left":16,"width":344,"height":2403.75},{"identifier":"149099","top":2301.083251953125,"bottom":5423.88330078125,"right":360,"left":16,"width":344,"height":3122.800048828125},{"identifier":"14428340","top":5423.88330078125,"bottom":8075.75,"right":360,"left":16,"width":344,"height":2651.86669921875},{"identifier":"149107","top":8075.75,"bottom":9866.699951171875,"right":360,"left":16,"width":344,"height":1790.949951171875},{"identifier":"2866613","top":9866.7001953125,"bottom":11986.31689453125,"right":360,"left":16,"width":344,"height":2119.61669921875},{"identifier":"26745078","top":11986.31640625,"bottom":12847.783081054688,"right":360,"left":16,"width":344,"height":861.4666748046875},{"identifier":"7266497","top":12847.783203125,"bottom":13616.949829101562,"right":360,"left":16,"width":344,"height":769.1666259765625},{"identifier":"9318724","top":13616.9501953125,"bottom":14724.416870117188,"right":360,"left":16,"width":344,"height":1107.4666748046875},{"identifier":"5342097","top":14724.4169921875,"bottom":15808.383666992188,"right":360,"left":16,"width":344,"height":1083.9666748046875},{"identifier":"18994850","top":15808.3837890625,"bottom":16966.450439453125,"right":360,"left":16,"width":344,"height":1158.066650390625},{"identifier":"9318723","top":16966.44921875,"bottom":17538.915893554688,"right":360,"left":16,"width":344,"height":572.4666748046875},{"identifier":"68536579","top":17538.916015625,"bottom":18095.28271484375,"right":360,"left":16,"width":344,"height":556.36669921875},{"identifier":"149150","top":18095.283203125,"bottom":19004.449829101562,"right":360,"left":16,"width":344,"height":909.1666259765625},{"identifier":"12698339","top":19004.44921875,"bottom":19672.215881347656,"right":360,"left":16,"width":344,"height":667.7666625976562},{"identifier":"40079019","top":19672.216796875,"bottom":21475.183471679688,"right":360,"left":16,"width":344,"height":1802.9666748046875},{"identifier":"6787083","top":21475.18359375,"bottom":22242.450256347656,"right":360,"left":16,"width":344,"height":767.2666625976562},{"identifier":"6715476","top":22242.44921875,"bottom":23063.665893554688,"right":360,"left":16,"width":344,"height":821.2166748046875},{"identifier":"8726353","top":23063.666015625,"bottom":23594.53271484375,"right":360,"left":16,"width":344,"height":530.86669921875},{"identifier":"11270819","top":23594.533203125,"bottom":24957.999877929688,"right":360,"left":16,"width":344,"height":1363.4666748046875},{"identifier":"149080","top":24958,"bottom":25796.066650390625,"right":360,"left":16,"width":344,"height":838.066650390625},{"identifier":"60877747","top":25796.06640625,"bottom":26336.18310546875,"right":360,"left":16,"width":344,"height":540.11669921875},{"identifier":"1323064","top":26336.18359375,"bottom":28102.9501953125,"right":360,"left":16,"width":344,"height":1766.7666015625},{"identifier":"10168573","top":28102.94921875,"bottom":28885.215881347656,"right":360,"left":16,"width":344,"height":782.2666625976562},{"identifier":"9327950","top":28885.216796875,"bottom":29447.783447265625,"right":360,"left":16,"width":344,"height":562.566650390625},{"identifier":"149120","top":29447.783203125,"bottom":30122.049865722656,"right":360,"left":16,"width":344,"height":674.2666625976562},{"identifier":"12698442","top":30122.05078125,"bottom":30597.017456054688,"right":360,"left":16,"width":344,"height":474.9666748046875},{"identifier":"3284302","top":30597.017578125,"bottom":31760.584228515625,"right":360,"left":16,"width":344,"height":1163.566650390625},{"identifier":"14735423","top":31760.583984375,"bottom":32740.550659179688,"right":360,"left":16,"width":344,"height":979.9666748046875},{"identifier":"54274936","top":32740.55078125,"bottom":33216.51745605469,"right":360,"left":16,"width":344,"height":475.9666748046875},{"identifier":"23717185","top":33216.515625,"bottom":37232.2490234375,"right":360,"left":16,"width":344,"height":4015.7333984375}]}},{"timestamp":"2022-11-11T16:26:36.010Z","url":"https://stackoverflow.com/questions/149055/how-to-format-numbers-as-currency-strings","component":"page","action":"copy","data":"// Create our number formatter.\r\nconst formatter = new Intl.NumberFormat('en-US', {\r\n  style: 'currency',\r\n  currency: 'USD',\r\n\r\n  // These options are needed to round to whole numbers if that's what you want.\r\n  //minimumFractionDigits: 0, // (this suffices for whole numbers, but will print 2500.10 as $2,500.1)\r\n  //maximumFractionDigits: 0, // (causes 2500.99 to be printed as $2,501)\r\n});"},{"timestamp":"2022-11-11T16:26:36.108Z","url":"https://stackoverflow.com/questions/149055/how-to-format-numbers-as-currency-strings","component":"page","action":"selection","data":"// Create our number formatter.\r\nconst formatter = new Intl.NumberFormat('en-US', {\r\n  style: 'currency',\r\n  currency: 'USD',\r\n\r\n  // These options are needed to round to whole numbers if that's what you want.\r\n  //minimumFractionDigits: 0, // (this suffices for whole numbers, but will print 2500.10 as $2,500.1)\r\n  //maximumFractionDigits: 0, // (causes 2500.99 to be printed as $2,501)\r\n});"},{"timestamp":"2022-11-11T16:26:49.948Z","url":"https://stackoverflow.com/questions/149055/how-to-format-numbers-as-currency-strings","component":"page","action":"selection","data":"formatter.format(2500)); "},{"timestamp":"2022-11-11T16:26:51.357Z","url":"https://stackoverflow.com/questions/149055/how-to-format-numbers-as-currency-strings","component":"page","action":"copy","data":"formatter.format(2500"},{"timestamp":"2022-11-11T16:26:51.430Z","url":"https://stackoverflow.com/questions/149055/how-to-format-numbers-as-currency-strings","component":"page","action":"selection","data":"formatter.format(2500"},{"timestamp":"2022-11-11T16:27:06.168Z","url":"https://stackoverflow.com/questions/149055/how-to-format-numbers-as-currency-strings","component":"page","action":"scroll","data":{"viewport":{"x":0,"y":1785,"height":470,"width":393},"document":{"height":41098,"width":376},"question":{"identifier":"149055","top":-1621.5333251953125,"bottom":-423.9666748046875,"right":360,"left":16,"width":344,"height":1197.566650390625},"answers":[{"identifier":"16233919","top":-306.66668701171875,"bottom":2097.0833129882812,"right":360,"left":16,"width":344,"height":2403.75},{"identifier":"149099","top":2097.083251953125,"bottom":5219.88330078125,"right":360,"left":16,"width":344,"height":3122.800048828125},{"identifier":"14428340","top":5219.88330078125,"bottom":7871.75,"right":360,"left":16,"width":344,"height":2651.86669921875},{"identifier":"149107","top":7871.75,"bottom":9662.699951171875,"right":360,"left":16,"width":344,"height":1790.949951171875},{"identifier":"2866613","top":9662.7001953125,"bottom":11782.31689453125,"right":360,"left":16,"width":344,"height":2119.61669921875},{"identifier":"26745078","top":11782.31640625,"bottom":12643.783081054688,"right":360,"left":16,"width":344,"height":861.4666748046875},{"identifier":"7266497","top":12643.783203125,"bottom":13412.949829101562,"right":360,"left":16,"width":344,"height":769.1666259765625},{"identifier":"9318724","top":13412.9501953125,"bottom":14520.416870117188,"right":360,"left":16,"width":344,"height":1107.4666748046875},{"identifier":"5342097","top":14520.4169921875,"bottom":15604.383666992188,"right":360,"left":16,"width":344,"height":1083.9666748046875},{"identifier":"18994850","top":15604.3837890625,"bottom":16762.450439453125,"right":360,"left":16,"width":344,"height":1158.066650390625},{"identifier":"9318723","top":16762.44921875,"bottom":17334.915893554688,"right":360,"left":16,"width":344,"height":572.4666748046875},{"identifier":"68536579","top":17334.916015625,"bottom":17891.28271484375,"right":360,"left":16,"width":344,"height":556.36669921875},{"identifier":"149150","top":17891.283203125,"bottom":18800.449829101562,"right":360,"left":16,"width":344,"height":909.1666259765625},{"identifier":"12698339","top":18800.44921875,"bottom":19468.215881347656,"right":360,"left":16,"width":344,"height":667.7666625976562},{"identifier":"40079019","top":19468.216796875,"bottom":21271.183471679688,"right":360,"left":16,"width":344,"height":1802.9666748046875},{"identifier":"6787083","top":21271.18359375,"bottom":22038.450256347656,"right":360,"left":16,"width":344,"height":767.2666625976562},{"identifier":"6715476","top":22038.44921875,"bottom":22859.665893554688,"right":360,"left":16,"width":344,"height":821.2166748046875},{"identifier":"8726353","top":22859.666015625,"bottom":23390.53271484375,"right":360,"left":16,"width":344,"height":530.86669921875},{"identifier":"11270819","top":23390.533203125,"bottom":24753.999877929688,"right":360,"left":16,"width":344,"height":1363.4666748046875},{"identifier":"149080","top":24754,"bottom":25592.066650390625,"right":360,"left":16,"width":344,"height":838.066650390625},{"identifier":"60877747","top":25592.06640625,"bottom":26132.18310546875,"right":360,"left":16,"width":344,"height":540.11669921875},{"identifier":"1323064","top":26132.18359375,"bottom":27898.9501953125,"right":360,"left":16,"width":344,"height":1766.7666015625},{"identifier":"10168573","top":27898.94921875,"bottom":28681.215881347656,"right":360,"left":16,"width":344,"height":782.2666625976562},{"identifier":"9327950","top":28681.216796875,"bottom":29243.783447265625,"right":360,"left":16,"width":344,"height":562.566650390625},{"identifier":"149120","top":29243.783203125,"bottom":29918.049865722656,"right":360,"left":16,"width":344,"height":674.2666625976562},{"identifier":"12698442","top":29918.05078125,"bottom":30393.017456054688,"right":360,"left":16,"width":344,"height":474.9666748046875},{"identifier":"3284302","top":30393.017578125,"bottom":31556.584228515625,"right":360,"left":16,"width":344,"height":1163.566650390625},{"identifier":"14735423","top":31556.583984375,"bottom":32536.550659179688,"right":360,"left":16,"width":344,"height":979.9666748046875},{"identifier":"54274936","top":32536.55078125,"bottom":33012.51745605469,"right":360,"left":16,"width":344,"height":475.9666748046875},{"identifier":"23717185","top":33012.515625,"bottom":37028.2490234375,"right":360,"left":16,"width":344,"height":4015.7333984375}]}},{"timestamp":"2022-11-11T16:27:07.852Z","url":"https://stackoverflow.com/questions/149055/how-to-format-numbers-as-currency-strings","component":"page","action":"scroll","data":{"viewport":{"x":0,"y":1632,"height":470,"width":393},"document":{"height":41098,"width":376},"question":{"identifier":"149055","top":-1468.5333251953125,"bottom":-270.9666748046875,"right":360,"left":16,"width":344,"height":1197.566650390625},"answers":[{"identifier":"16233919","top":-153.6666717529297,"bottom":2250.0833282470703,"right":360,"left":16,"width":344,"height":2403.75},{"identifier":"149099","top":2250.083251953125,"bottom":5372.88330078125,"right":360,"left":16,"width":344,"height":3122.800048828125},{"identifier":"14428340","top":5372.88330078125,"bottom":8024.75,"right":360,"left":16,"width":344,"height":2651.86669921875},{"identifier":"149107","top":8024.75,"bottom":9815.699951171875,"right":360,"left":16,"width":344,"height":1790.949951171875},{"identifier":"2866613","top":9815.7001953125,"bottom":11935.31689453125,"right":360,"left":16,"width":344,"height":2119.61669921875},{"identifier":"26745078","top":11935.31640625,"bottom":12796.783081054688,"right":360,"left":16,"width":344,"height":861.4666748046875},{"identifier":"7266497","top":12796.783203125,"bottom":13565.949829101562,"right":360,"left":16,"width":344,"height":769.1666259765625},{"identifier":"9318724","top":13565.9501953125,"bottom":14673.416870117188,"right":360,"left":16,"width":344,"height":1107.4666748046875},{"identifier":"5342097","top":14673.4169921875,"bottom":15757.383666992188,"right":360,"left":16,"width":344,"height":1083.9666748046875},{"identifier":"18994850","top":15757.3837890625,"bottom":16915.450439453125,"right":360,"left":16,"width":344,"height":1158.066650390625},{"identifier":"9318723","top":16915.44921875,"bottom":17487.915893554688,"right":360,"left":16,"width":344,"height":572.4666748046875},{"identifier":"68536579","top":17487.916015625,"bottom":18044.28271484375,"right":360,"left":16,"width":344,"height":556.36669921875},{"identifier":"149150","top":18044.283203125,"bottom":18953.449829101562,"right":360,"left":16,"width":344,"height":909.1666259765625},{"identifier":"12698339","top":18953.44921875,"bottom":19621.215881347656,"right":360,"left":16,"width":344,"height":667.7666625976562},{"identifier":"40079019","top":19621.216796875,"bottom":21424.183471679688,"right":360,"left":16,"width":344,"height":1802.9666748046875},{"identifier":"6787083","top":21424.18359375,"bottom":22191.450256347656,"right":360,"left":16,"width":344,"height":767.2666625976562},{"identifier":"6715476","top":22191.44921875,"bottom":23012.665893554688,"right":360,"left":16,"width":344,"height":821.2166748046875},{"identifier":"8726353","top":23012.666015625,"bottom":23543.53271484375,"right":360,"left":16,"width":344,"height":530.86669921875},{"identifier":"11270819","top":23543.533203125,"bottom":24906.999877929688,"right":360,"left":16,"width":344,"height":1363.4666748046875},{"identifier":"149080","top":24907,"bottom":25745.066650390625,"right":360,"left":16,"width":344,"height":838.066650390625},{"identifier":"60877747","top":25745.06640625,"bottom":26285.18310546875,"right":360,"left":16,"width":344,"height":540.11669921875},{"identifier":"1323064","top":26285.18359375,"bottom":28051.9501953125,"right":360,"left":16,"width":344,"height":1766.7666015625},{"identifier":"10168573","top":28051.94921875,"bottom":28834.215881347656,"right":360,"left":16,"width":344,"height":782.2666625976562},{"identifier":"9327950","top":28834.216796875,"bottom":29396.783447265625,"right":360,"left":16,"width":344,"height":562.566650390625},{"identifier":"149120","top":29396.783203125,"bottom":30071.049865722656,"right":360,"left":16,"width":344,"height":674.2666625976562},{"identifier":"12698442","top":30071.05078125,"bottom":30546.017456054688,"right":360,"left":16,"width":344,"height":474.9666748046875},{"identifier":"3284302","top":30546.017578125,"bottom":31709.584228515625,"right":360,"left":16,"width":344,"height":1163.566650390625},{"identifier":"14735423","top":31709.583984375,"bottom":32689.550659179688,"right":360,"left":16,"width":344,"height":979.9666748046875},{"identifier":"54274936","top":32689.55078125,"bottom":33165.51745605469,"right":360,"left":16,"width":344,"height":475.9666748046875},{"identifier":"23717185","top":33165.515625,"bottom":37181.2490234375,"right":360,"left":16,"width":344,"height":4015.7333984375}]}},{"timestamp":"2022-11-11T16:27:09.766Z","url":"https://stackoverflow.com/questions/149055/how-to-format-numbers-as-currency-strings","component":"page","action":"scroll","data":{"viewport":{"x":0,"y":1581,"height":470,"width":393},"document":{"height":41098,"width":376},"question":{"identifier":"149055","top":-1417.5333251953125,"bottom":-219.9666748046875,"right":360,"left":16,"width":344,"height":1197.566650390625},"answers":[{"identifier":"16233919","top":-102.66667175292969,"bottom":2301.0833282470703,"right":360,"left":16,"width":344,"height":2403.75},{"identifier":"149099","top":2301.083251953125,"bottom":5423.88330078125,"right":360,"left":16,"width":344,"height":3122.800048828125},{"identifier":"14428340","top":5423.88330078125,"bottom":8075.75,"right":360,"left":16,"width":344,"height":2651.86669921875},{"identifier":"149107","top":8075.75,"bottom":9866.699951171875,"right":360,"left":16,"width":344,"height":1790.949951171875},{"identifier":"2866613","top":9866.7001953125,"bottom":11986.31689453125,"right":360,"left":16,"width":344,"height":2119.61669921875},{"identifier":"26745078","top":11986.31640625,"bottom":12847.783081054688,"right":360,"left":16,"width":344,"height":861.4666748046875},{"identifier":"7266497","top":12847.783203125,"bottom":13616.949829101562,"right":360,"left":16,"width":344,"height":769.1666259765625},{"identifier":"9318724","top":13616.9501953125,"bottom":14724.416870117188,"right":360,"left":16,"width":344,"height":1107.4666748046875},{"identifier":"5342097","top":14724.4169921875,"bottom":15808.383666992188,"right":360,"left":16,"width":344,"height":1083.9666748046875},{"identifier":"18994850","top":15808.3837890625,"bottom":16966.450439453125,"right":360,"left":16,"width":344,"height":1158.066650390625},{"identifier":"9318723","top":16966.44921875,"bottom":17538.915893554688,"right":360,"left":16,"width":344,"height":572.4666748046875},{"identifier":"68536579","top":17538.916015625,"bottom":18095.28271484375,"right":360,"left":16,"width":344,"height":556.36669921875},{"identifier":"149150","top":18095.283203125,"bottom":19004.449829101562,"right":360,"left":16,"width":344,"height":909.1666259765625},{"identifier":"12698339","top":19004.44921875,"bottom":19672.215881347656,"right":360,"left":16,"width":344,"height":667.7666625976562},{"identifier":"40079019","top":19672.216796875,"bottom":21475.183471679688,"right":360,"left":16,"width":344,"height":1802.9666748046875},{"identifier":"6787083","top":21475.18359375,"bottom":22242.450256347656,"right":360,"left":16,"width":344,"height":767.2666625976562},{"identifier":"6715476","top":22242.44921875,"bottom":23063.665893554688,"right":360,"left":16,"width":344,"height":821.2166748046875},{"identifier":"8726353","top":23063.666015625,"bottom":23594.53271484375,"right":360,"left":16,"width":344,"height":530.86669921875},{"identifier":"11270819","top":23594.533203125,"bottom":24957.999877929688,"right":360,"left":16,"width":344,"height":1363.4666748046875},{"identifier":"149080","top":24958,"bottom":25796.066650390625,"right":360,"left":16,"width":344,"height":838.066650390625},{"identifier":"60877747","top":25796.06640625,"bottom":26336.18310546875,"right":360,"left":16,"width":344,"height":540.11669921875},{"identifier":"1323064","top":26336.18359375,"bottom":28102.9501953125,"right":360,"left":16,"width":344,"height":1766.7666015625},{"identifier":"10168573","top":28102.94921875,"bottom":28885.215881347656,"right":360,"left":16,"width":344,"height":782.2666625976562},{"identifier":"9327950","top":28885.216796875,"bottom":29447.783447265625,"right":360,"left":16,"width":344,"height":562.566650390625},{"identifier":"149120","top":29447.783203125,"bottom":30122.049865722656,"right":360,"left":16,"width":344,"height":674.2666625976562},{"identifier":"12698442","top":30122.05078125,"bottom":30597.017456054688,"right":360,"left":16,"width":344,"height":474.9666748046875},{"identifier":"3284302","top":30597.017578125,"bottom":31760.584228515625,"right":360,"left":16,"width":344,"height":1163.566650390625},{"identifier":"14735423","top":31760.583984375,"bottom":32740.550659179688,"right":360,"left":16,"width":344,"height":979.9666748046875},{"identifier":"54274936","top":32740.55078125,"bottom":33216.51745605469,"right":360,"left":16,"width":344,"height":475.9666748046875},{"identifier":"23717185","top":33216.515625,"bottom":37232.2490234375,"right":360,"left":16,"width":344,"height":4015.7333984375}]}},{"timestamp":"2022-11-11T16:27:11.114Z","url":"https://stackoverflow.com/questions/149055/how-to-format-numbers-as-currency-strings","component":"page","action":"scroll","data":{"viewport":{"x":0,"y":1479,"height":470,"width":393},"document":{"height":41098,"width":376},"question":{"identifier":"149055","top":-1315.5333251953125,"bottom":-117.9666748046875,"right":360,"left":16,"width":344,"height":1197.566650390625},"answers":[{"identifier":"16233919","top":-0.6666717529296875,"bottom":2403.0833282470703,"right":360,"left":16,"width":344,"height":2403.75},{"identifier":"149099","top":2403.083251953125,"bottom":5525.88330078125,"right":360,"left":16,"width":344,"height":3122.800048828125},{"identifier":"14428340","top":5525.88330078125,"bottom":8177.75,"right":360,"left":16,"width":344,"height":2651.86669921875},{"identifier":"149107","top":8177.75,"bottom":9968.699951171875,"right":360,"left":16,"width":344,"height":1790.949951171875},{"identifier":"2866613","top":9968.7001953125,"bottom":12088.31689453125,"right":360,"left":16,"width":344,"height":2119.61669921875},{"identifier":"26745078","top":12088.31640625,"bottom":12949.783081054688,"right":360,"left":16,"width":344,"height":861.4666748046875},{"identifier":"7266497","top":12949.783203125,"bottom":13718.949829101562,"right":360,"left":16,"width":344,"height":769.1666259765625},{"identifier":"9318724","top":13718.9501953125,"bottom":14826.416870117188,"right":360,"left":16,"width":344,"height":1107.4666748046875},{"identifier":"5342097","top":14826.4169921875,"bottom":15910.383666992188,"right":360,"left":16,"width":344,"height":1083.9666748046875},{"identifier":"18994850","top":15910.3837890625,"bottom":17068.450439453125,"right":360,"left":16,"width":344,"height":1158.066650390625},{"identifier":"9318723","top":17068.44921875,"bottom":17640.915893554688,"right":360,"left":16,"width":344,"height":572.4666748046875},{"identifier":"68536579","top":17640.916015625,"bottom":18197.28271484375,"right":360,"left":16,"width":344,"height":556.36669921875},{"identifier":"149150","top":18197.283203125,"bottom":19106.449829101562,"right":360,"left":16,"width":344,"height":909.1666259765625},{"identifier":"12698339","top":19106.44921875,"bottom":19774.215881347656,"right":360,"left":16,"width":344,"height":667.7666625976562},{"identifier":"40079019","top":19774.216796875,"bottom":21577.183471679688,"right":360,"left":16,"width":344,"height":1802.9666748046875},{"identifier":"6787083","top":21577.18359375,"bottom":22344.450256347656,"right":360,"left":16,"width":344,"height":767.2666625976562},{"identifier":"6715476","top":22344.44921875,"bottom":23165.665893554688,"right":360,"left":16,"width":344,"height":821.2166748046875},{"identifier":"8726353","top":23165.666015625,"bottom":23696.53271484375,"right":360,"left":16,"width":344,"height":530.86669921875},{"identifier":"11270819","top":23696.533203125,"bottom":25059.999877929688,"right":360,"left":16,"width":344,"height":1363.4666748046875},{"identifier":"149080","top":25060,"bottom":25898.066650390625,"right":360,"left":16,"width":344,"height":838.066650390625},{"identifier":"60877747","top":25898.06640625,"bottom":26438.18310546875,"right":360,"left":16,"width":344,"height":540.11669921875},{"identifier":"1323064","top":26438.18359375,"bottom":28204.9501953125,"right":360,"left":16,"width":344,"height":1766.7666015625},{"identifier":"10168573","top":28204.94921875,"bottom":28987.215881347656,"right":360,"left":16,"width":344,"height":782.2666625976562},{"identifier":"9327950","top":28987.216796875,"bottom":29549.783447265625,"right":360,"left":16,"width":344,"height":562.566650390625},{"identifier":"149120","top":29549.783203125,"bottom":30224.049865722656,"right":360,"left":16,"width":344,"height":674.2666625976562},{"identifier":"12698442","top":30224.05078125,"bottom":30699.017456054688,"right":360,"left":16,"width":344,"height":474.9666748046875},{"identifier":"3284302","top":30699.017578125,"bottom":31862.584228515625,"right":360,"left":16,"width":344,"height":1163.566650390625},{"identifier":"14735423","top":31862.583984375,"bottom":32842.55065917969,"right":360,"left":16,"width":344,"height":979.9666748046875},{"identifier":"54274936","top":32842.55078125,"bottom":33318.51745605469,"right":360,"left":16,"width":344,"height":475.9666748046875},{"identifier":"23717185","top":33318.515625,"bottom":37334.2490234375,"right":360,"left":16,"width":344,"height":4015.7333984375}]}},{"timestamp":"2022-11-11T16:27:11.360Z","url":"https://stackoverflow.com/questions/149055/how-to-format-numbers-as-currency-strings","component":"page","action":"selection","data":"rmat('en-US', {\r\n  style: 'currency',\r\n  currency: "},{"timestamp":"2022-11-11T16:27:15.333Z","url":"https://stackoverflow.com/questions/149055/how-to-format-numbers-as-currency-strings","component":"page","action":"scroll","data":{"viewport":{"x":0,"y":1530,"height":470,"width":393},"document":{"height":41098,"width":376},"question":{"identifier":"149055","top":-1366.5333251953125,"bottom":-168.9666748046875,"right":360,"left":16,"width":344,"height":1197.566650390625},"answers":[{"identifier":"16233919","top":-51.66667175292969,"bottom":2352.0833282470703,"right":360,"left":16,"width":344,"height":2403.75},{"identifier":"149099","top":2352.083251953125,"bottom":5474.88330078125,"right":360,"left":16,"width":344,"height":3122.800048828125},{"identifier":"14428340","top":5474.88330078125,"bottom":8126.75,"right":360,"left":16,"width":344,"height":2651.86669921875},{"identifier":"149107","top":8126.75,"bottom":9917.699951171875,"right":360,"left":16,"width":344,"height":1790.949951171875},{"identifier":"2866613","top":9917.7001953125,"bottom":12037.31689453125,"right":360,"left":16,"width":344,"height":2119.61669921875},{"identifier":"26745078","top":12037.31640625,"bottom":12898.783081054688,"right":360,"left":16,"width":344,"height":861.4666748046875},{"identifier":"7266497","top":12898.783203125,"bottom":13667.949829101562,"right":360,"left":16,"width":344,"height":769.1666259765625},{"identifier":"9318724","top":13667.9501953125,"bottom":14775.416870117188,"right":360,"left":16,"width":344,"height":1107.4666748046875},{"identifier":"5342097","top":14775.4169921875,"bottom":15859.383666992188,"right":360,"left":16,"width":344,"height":1083.9666748046875},{"identifier":"18994850","top":15859.3837890625,"bottom":17017.450439453125,"right":360,"left":16,"width":344,"height":1158.066650390625},{"identifier":"9318723","top":17017.44921875,"bottom":17589.915893554688,"right":360,"left":16,"width":344,"height":572.4666748046875},{"identifier":"68536579","top":17589.916015625,"bottom":18146.28271484375,"right":360,"left":16,"width":344,"height":556.36669921875},{"identifier":"149150","top":18146.283203125,"bottom":19055.449829101562,"right":360,"left":16,"width":344,"height":909.1666259765625},{"identifier":"12698339","top":19055.44921875,"bottom":19723.215881347656,"right":360,"left":16,"width":344,"height":667.7666625976562},{"identifier":"40079019","top":19723.216796875,"bottom":21526.183471679688,"right":360,"left":16,"width":344,"height":1802.9666748046875},{"identifier":"6787083","top":21526.18359375,"bottom":22293.450256347656,"right":360,"left":16,"width":344,"height":767.2666625976562},{"identifier":"6715476","top":22293.44921875,"bottom":23114.665893554688,"right":360,"left":16,"width":344,"height":821.2166748046875},{"identifier":"8726353","top":23114.666015625,"bottom":23645.53271484375,"right":360,"left":16,"width":344,"height":530.86669921875},{"identifier":"11270819","top":23645.533203125,"bottom":25008.999877929688,"right":360,"left":16,"width":344,"height":1363.4666748046875},{"identifier":"149080","top":25009,"bottom":25847.066650390625,"right":360,"left":16,"width":344,"height":838.066650390625},{"identifier":"60877747","top":25847.06640625,"bottom":26387.18310546875,"right":360,"left":16,"width":344,"height":540.11669921875},{"identifier":"1323064","top":26387.18359375,"bottom":28153.9501953125,"right":360,"left":16,"width":344,"height":1766.7666015625},{"identifier":"10168573","top":28153.94921875,"bottom":28936.215881347656,"right":360,"left":16,"width":344,"height":782.2666625976562},{"identifier":"9327950","top":28936.216796875,"bottom":29498.783447265625,"right":360,"left":16,"width":344,"height":562.566650390625},{"identifier":"149120","top":29498.783203125,"bottom":30173.049865722656,"right":360,"left":16,"width":344,"height":674.2666625976562},{"identifier":"12698442","top":30173.05078125,"bottom":30648.017456054688,"right":360,"left":16,"width":344,"height":474.9666748046875},{"identifier":"3284302","top":30648.017578125,"bottom":31811.584228515625,"right":360,"left":16,"width":344,"height":1163.566650390625},{"identifier":"14735423","top":31811.583984375,"bottom":32791.55065917969,"right":360,"left":16,"width":344,"height":979.9666748046875},{"identifier":"54274936","top":32791.55078125,"bottom":33267.51745605469,"right":360,"left":16,"width":344,"height":475.9666748046875},{"identifier":"23717185","top":33267.515625,"bottom":37283.2490234375,"right":360,"left":16,"width":344,"height":4015.7333984375}]}}]}]}