{"trialId":"91073_2","taskId":"recent","appEvents":[{"timestamp":"2022-11-11T16:45:52.780Z","name":"search","data":"search-start"},{"timestamp":"2022-11-11T16:45:56.205Z","name":"search","data":"search-done"},{"timestamp":"2022-11-11T16:46:40.106Z","name":"search","data":"search-start"},{"timestamp":"2022-11-11T16:46:43.292Z","name":"search","data":"search-done"}],"searches":[{"keywords":["moment","subtract","date"],"context":{"tokens":[{"kind":"language","value":"javascript"}]},"timestamp":"2022-11-11T16:45:52.778Z","results":[{"signatures":[],"areSignaturesLoading":true,"title":"How to subtract 2 dates on momentjs - Stack Overflow","snippet":"You are correct, you can use moment's diff function to subtract two dates (see my example on Plunker): var date1 = moment('2016-10-08 10:29:23'); var date2 ...","url":"https://stackoverflow.com/questions/40459932/how-to-subtract-2-dates-on-momentjs","displayLink":"https://stackoverflow.com › questions › how-to-subtract...","snippetHighlightWords":["moment's","subtract","dates","moment"],"date":"1 answer"},{"signatures":[],"areSignaturesLoading":true,"title":"Moment JS - how to subtract 7 days from current date?","snippet":"You can use: moment().subtract(1,'w'). to subtract one week (7 days) from the current date. NOTE: 1. w for week 2. d for days 3. M for month 4. y for year.","url":"https://stackoverflow.com/questions/25888182/moment-js-how-to-subtract-7-days-from-current-date","displayLink":"https://stackoverflow.com › questions › moment-js-how...","snippetHighlightWords":["moment","subtract","subtract","date"]},{"signatures":[],"areSignaturesLoading":true,"title":"Format date and Subtract days using Moment.js - Stack Overflow","snippet":"I would like a variable to hold yesterday's date in the format DD-MM-YYYY using Moment.js. So if today is 15-04-2015, I would like to subtract a day and have 14 ...","url":"https://stackoverflow.com/questions/29651815/format-date-and-subtract-days-using-moment-js","displayLink":"https://stackoverflow.com › questions › format-date-an...","snippetHighlightWords":["date","Moment","js","subtract"]},{"signatures":[],"areSignaturesLoading":true,"title":"How add and subtract days using Moment JS for the given ...","snippet":"Here's how, just add and subtract directly using your selectedDate. var selectedDate = moment(1628312400000); let next = \"Next Day :: \" + ...","url":"https://stackoverflow.com/questions/68756983/how-add-and-subtract-days-using-moment-js-for-the-given-timestamp-value","displayLink":"https://stackoverflow.com › questions › how-add-and-s...","snippetHighlightWords":["subtract","moment"],"date":"4 answers"},{"signatures":[],"areSignaturesLoading":true,"title":"How to get the total Hours by Subtracting two dates using ...","snippet":"The format function returns a string. So, in your code, date1 and date2 are strings, not momentjs datetime values. Remove the call to format() .","url":"https://stackoverflow.com/questions/52326850/how-to-get-the-total-hours-by-subtracting-two-dates-using-moment","displayLink":"https://stackoverflow.com › questions › how-to-get-the-...","snippetHighlightWords":["momentjs datetime"],"date":"Sep 14, 2018"},{"signatures":[],"areSignaturesLoading":true,"title":"How can I subtract 1 month using moment.js? - Stack Overflow","snippet":"How can I subtract one month using moment.js? tl,dr; moment(date).add(-1, 'months'); // or: moment(date).subtract(1, 'months'); ...","url":"https://stackoverflow.com/questions/67649925/how-can-i-subtract-1-month-using-moment-js","displayLink":"https://stackoverflow.com › questions › how-can-i-subtr...","snippetHighlightWords":["subtract","moment","js","moment","date","moment","date","subtract"],"date":"May 22, 2021 1 answer"},{"signatures":[],"areSignaturesLoading":true,"title":"How to subtract one month using moment.js? - Stack Overflow","snippet":"Before version 2.8.0, the moment#subtract(String, Number) syntax was also supported. It has been deprecated in favor of moment#subtract(Number, String) ...","url":"https://stackoverflow.com/questions/41505492/how-to-subtract-one-month-using-moment-js","displayLink":"https://stackoverflow.com › questions › how-to-subtract...","snippetHighlightWords":["moment","subtract","moment","subtract"]},{"signatures":[],"areSignaturesLoading":true,"title":"Subtract one day from a particular date using MomentJs","snippet":"Closed 3 years ago. I get the second week of 2018 like this using moment.js var date =moment([ ...","url":"https://stackoverflow.com/questions/54019837/subtract-one-day-from-a-particular-date-using-momentjs","displayLink":"https://stackoverflow.com › questions › subtract-one-da...","snippetHighlightWords":["moment","js","date","moment"],"date":"Jan 3, 2019"},{"signatures":[],"areSignaturesLoading":true,"title":"Javascript: Subtract months from a string date using moment ...","snippet":"Adding .format() at the end of the function; var result = moment(dateMoment).subtract(12, 'months').format();.","url":"https://stackoverflow.com/questions/70794840/javascript-subtract-months-from-a-string-date-using-moment-library","displayLink":"https://stackoverflow.com › questions › javascript-subtr...","snippetHighlightWords":["moment","subtract"],"date":"Jan 20, 2022"},{"signatures":[],"areSignaturesLoading":true,"title":"Subtracting 30 days from an ISODate using MomentJS","snippet":"I think it is working just as it should. Look at the output from the snippet, it does subtract 30 days from the given date.","url":"https://stackoverflow.com/questions/67533168/subtracting-30-days-from-an-isodate-using-momentjs","displayLink":"https://stackoverflow.com › questions › subtracting-30-...","snippetHighlightWords":["subtract","date"],"date":"May 14, 2021 1 answer"}],"events":[{"timestamp":"2022-11-11T16:45:55.047Z","url":"https://stackoverflow.com/questions/40459932/how-to-subtract-2-dates-on-momentjs","component":"projection","action":"load","data":{"height":126.5,"width":239.39999389648438,"wc":26,"lc":1}},{"timestamp":"2022-11-11T16:45:55.047Z","url":"https://stackoverflow.com/questions/25888182/moment-js-how-to-subtract-7-days-from-current-date","component":"projection","action":"load","data":{"height":104,"width":253.89999389648438,"wc":31,"lc":1}},{"timestamp":"2022-11-11T16:45:55.048Z","url":"https://stackoverflow.com/questions/29651815/format-date-and-subtract-days-using-moment-js","component":"projection","action":"load","data":{"height":104,"width":249.6999969482422,"wc":31,"lc":1}},{"timestamp":"2022-11-11T16:45:55.048Z","url":"https://stackoverflow.com/questions/68756983/how-add-and-subtract-days-using-moment-js-for-the-given-timestamp-value","component":"projection","action":"load","data":{"height":104,"width":243.60000610351562,"wc":23,"lc":1}},{"timestamp":"2022-11-11T16:45:55.048Z","url":"https://stackoverflow.com/questions/52326850/how-to-get-the-total-hours-by-subtracting-two-dates-using-moment","component":"projection","action":"load","data":{"height":104,"width":255.10000610351562,"wc":25,"lc":1}},{"timestamp":"2022-11-11T16:45:55.048Z","url":"https://stackoverflow.com/questions/67649925/how-can-i-subtract-1-month-using-moment-js","component":"projection","action":"load","data":{"height":104,"width":254.5,"wc":16,"lc":1}},{"timestamp":"2022-11-11T16:45:55.048Z","url":"https://stackoverflow.com/questions/41505492/how-to-subtract-one-month-using-moment-js","component":"projection","action":"load","data":{"height":104,"width":247.8000030517578,"wc":20,"lc":1}},{"timestamp":"2022-11-11T16:45:55.048Z","url":"https://stackoverflow.com/questions/54019837/subtract-one-day-from-a-particular-date-using-momentjs","component":"projection","action":"load","data":{"height":82,"width":249.39999389648438,"wc":19,"lc":1}},{"timestamp":"2022-11-11T16:45:55.048Z","url":"https://stackoverflow.com/questions/70794840/javascript-subtract-months-from-a-string-date-using-moment-library","component":"projection","action":"load","data":{"height":82,"width":249.8000030517578,"wc":13,"lc":1}},{"timestamp":"2022-11-11T16:45:55.048Z","url":"https://stackoverflow.com/questions/67533168/subtracting-30-days-from-an-isodate-using-momentjs","component":"projection","action":"load","data":{"height":82,"width":248.6999969482422,"wc":25,"lc":1}},{"timestamp":"2022-11-11T16:45:55.053Z","url":"https://stackoverflow.com/questions/40459932/how-to-subtract-2-dates-on-momentjs","component":"projection","action":"mouseenter"},{"timestamp":"2022-11-11T16:45:56.205Z","url":"https://stackoverflow.com/questions/40459932/how-to-subtract-2-dates-on-momentjs","component":"projection","action":"loaded","data":"projection 10 of 10"},{"timestamp":"2022-11-11T16:45:56.205Z","url":"https://stackoverflow.com/questions/25888182/moment-js-how-to-subtract-7-days-from-current-date","component":"projection","action":"loaded","data":"projection 9 of 10"},{"timestamp":"2022-11-11T16:45:56.205Z","url":"https://stackoverflow.com/questions/29651815/format-date-and-subtract-days-using-moment-js","component":"projection","action":"loaded","data":"projection 8 of 10"},{"timestamp":"2022-11-11T16:45:56.205Z","url":"https://stackoverflow.com/questions/68756983/how-add-and-subtract-days-using-moment-js-for-the-given-timestamp-value","component":"projection","action":"loaded","data":"projection 7 of 10"},{"timestamp":"2022-11-11T16:45:56.205Z","url":"https://stackoverflow.com/questions/52326850/how-to-get-the-total-hours-by-subtracting-two-dates-using-moment","component":"projection","action":"loaded","data":"projection 6 of 10"},{"timestamp":"2022-11-11T16:45:56.205Z","url":"https://stackoverflow.com/questions/67649925/how-can-i-subtract-1-month-using-moment-js","component":"projection","action":"loaded","data":"projection 5 of 10"},{"timestamp":"2022-11-11T16:45:56.205Z","url":"https://stackoverflow.com/questions/41505492/how-to-subtract-one-month-using-moment-js","component":"projection","action":"loaded","data":"projection 4 of 10"},{"timestamp":"2022-11-11T16:45:56.205Z","url":"https://stackoverflow.com/questions/54019837/subtract-one-day-from-a-particular-date-using-momentjs","component":"projection","action":"loaded","data":"projection 3 of 10"},{"timestamp":"2022-11-11T16:45:56.205Z","url":"https://stackoverflow.com/questions/70794840/javascript-subtract-months-from-a-string-date-using-moment-library","component":"projection","action":"loaded","data":"projection 2 of 10"},{"timestamp":"2022-11-11T16:45:56.205Z","url":"https://stackoverflow.com/questions/67533168/subtracting-30-days-from-an-isodate-using-momentjs","component":"projection","action":"loaded","data":"projection 1 of 10"},{"timestamp":"2022-11-11T16:45:56.773Z","url":"https://stackoverflow.com/questions/40459932/how-to-subtract-2-dates-on-momentjs","component":"page","action":"open"},{"timestamp":"2022-11-11T16:45:56.833Z","url":"https://stackoverflow.com/questions/40459932/how-to-subtract-2-dates-on-momentjs","component":"projection","action":"mouseleave"},{"timestamp":"2022-11-11T16:45:57.677Z","url":"https://stackoverflow.com/questions/40459932/how-to-subtract-2-dates-on-momentjs","component":"page","action":"load"},{"timestamp":"2022-11-11T16:46:00.818Z","url":"https://stackoverflow.com/questions/40459932/how-to-subtract-2-dates-on-momentjs","component":"page","action":"scroll","data":{"viewport":{"x":0,"y":1122,"height":470,"width":295},"document":{"height":5250,"width":278},"question":{"identifier":"40459932","top":-936.1500244140625,"bottom":-168,"right":262,"left":16,"width":246,"height":768.1500244140625},"answers":[{"identifier":"40460820","top":-87.69999694824219,"bottom":1848.9500274658203,"right":262,"left":16,"width":246,"height":1936.6500244140625}]}},{"timestamp":"2022-11-11T16:46:16.986Z","url":"https://stackoverflow.com/questions/40459932/how-to-subtract-2-dates-on-momentjs","component":"page","action":"close"},{"timestamp":"2022-11-11T16:46:17.359Z","url":"https://stackoverflow.com/questions/40459932/how-to-subtract-2-dates-on-momentjs","component":"projection","action":"mouseenter"},{"timestamp":"2022-11-11T16:46:17.491Z","url":"https://stackoverflow.com/questions/40459932/how-to-subtract-2-dates-on-momentjs","component":"projection","action":"mouseleave"}]},{"keywords":["moment","subtract","days","from","date"],"context":{"tokens":[{"kind":"language","value":"javascript"}]},"timestamp":"2022-11-11T16:46:40.104Z","results":[{"signatures":[],"areSignaturesLoading":true,"title":"Format date and Subtract days using Moment.js - Stack Overflow","snippet":"I would like a variable to hold yesterday's date in the format DD-MM-YYYY using Moment.js. So if today is 15-04-2015, I would like to subtract a day and have 14 ...","url":"https://stackoverflow.com/questions/29651815/format-date-and-subtract-days-using-moment-js","displayLink":"https://stackoverflow.com › questions › format-date-an...","snippetHighlightWords":["date","Moment","js","subtract","day"]},{"signatures":[],"areSignaturesLoading":true,"title":"Moment JS - how to subtract 7 days from current date?","snippet":"You can use: moment().subtract(1,'w'). to subtract one week (7 days) from the current date. NOTE: 1. w for week 2. d for days 3. M for month 4. y for year.","url":"https://stackoverflow.com/questions/25888182/moment-js-how-to-subtract-7-days-from-current-date","displayLink":"https://stackoverflow.com › questions › moment-js-how...","snippetHighlightWords":["moment","subtract","subtract","days","date","days"]},{"signatures":[],"areSignaturesLoading":true,"title":"How to subtract days from a plain Date? - Stack Overflow","snippet":"You can use d.setDate(d.getDate() + days) with both positive and negative values for days to add and subtract days respectively. And it should work on ...","url":"https://stackoverflow.com/questions/1296358/how-to-subtract-days-from-a-plain-date","displayLink":"https://stackoverflow.com › questions › how-to-subtract...","snippetHighlightWords":["days","days","subtract days"]},{"signatures":[],"areSignaturesLoading":true,"title":"How add and subtract days using Moment JS for the given ...","snippet":"Here's how, just add and subtract directly using your selectedDate. var selectedDate = moment(1628312400000); let next = \"Next Day :: \" + ...","url":"https://stackoverflow.com/questions/68756983/how-add-and-subtract-days-using-moment-js-for-the-given-timestamp-value","displayLink":"https://stackoverflow.com › questions › how-add-and-s...","snippetHighlightWords":["subtract","moment","Day"],"date":"4 answers"},{"signatures":[],"areSignaturesLoading":true,"title":"subtract days after the current date moment js - Stack Overflow","snippet":"Moment js isValidDate I needed a little review. Example <Datetime locale=\"tr\" value={request.travelEndDate} isValidDate={this.","url":"https://stackoverflow.com/questions/58626988/subtract-days-after-the-current-date-moment-js","displayLink":"https://stackoverflow.com › questions › subtract-days-af...","snippetHighlightWords":["Moment js","Datetime"],"date":"Oct 30, 2019"},{"signatures":[],"areSignaturesLoading":true,"title":"Subtract one day from a particular date using MomentJs","snippet":"Use moment substract method: .subtract(1, 'days');.","url":"https://stackoverflow.com/questions/54019837/subtract-one-day-from-a-particular-date-using-momentjs","displayLink":"https://stackoverflow.com › questions › subtract-one-da...","snippetHighlightWords":["moment","subtract","days"],"date":"Jan 3, 2019 1 answer"},{"signatures":[],"areSignaturesLoading":true,"title":"How to subtract 2 dates on momentjs - Stack Overflow","snippet":"You are correct, you can use moment's diff function to subtract two dates (see my example on Plunker): var date1 = moment('2016-10-08 10:29:23'); var date2 ...","url":"https://stackoverflow.com/questions/40459932/how-to-subtract-2-dates-on-momentjs","displayLink":"https://stackoverflow.com › questions › how-to-subtract...","snippetHighlightWords":["moment's diff","subtract","dates","moment"],"date":"1 answer"},{"signatures":[],"areSignaturesLoading":true,"title":"Subtracting 30 days from an ISODate using MomentJS","snippet":"I think it is working just as it should. Look at the output from the snippet, it does subtract 30 days from the given date.","url":"https://stackoverflow.com/questions/67533168/subtracting-30-days-from-an-isodate-using-momentjs","displayLink":"https://stackoverflow.com › questions › subtracting-30-...","snippetHighlightWords":["subtract","days","date"],"date":"May 14, 2021 1 answer"},{"signatures":[],"areSignaturesLoading":true,"title":"moment.js - subtract 1 day from Sunday not working as expected","snippet":"This outputs Sun Jul 15 2018 12:00:00 as the originalDate and Sat Jul 21 2018 12:00:00 as the date subtracted by 1 day. As you can see the new ...","url":"https://stackoverflow.com/questions/51428671/moment-js-subtract-1-day-from-sunday-not-working-as-expected","displayLink":"https://stackoverflow.com › questions › moment-js-subt...","snippetHighlightWords":["date","day"],"date":"Jul 19, 2018"},{"signatures":[],"areSignaturesLoading":true,"title":"moment.js add/subtract days without affecting the original date","snippet":"moment.js add/subtract days without affecting the original date · try this moment().add(7, 'days'); .Also go through this. – Raviteja. Mar 4, 2016 at 5:37 · this ...","url":"https://stackoverflow.com/questions/35788718/moment-js-add-subtract-days-without-affecting-the-original-date","displayLink":"https://stackoverflow.com › questions › moment-js-add-...","snippetHighlightWords":["moment","js","subtract days","date","moment","days"]}],"events":[{"timestamp":"2022-11-11T16:46:42.148Z","url":"https://stackoverflow.com/questions/29651815/format-date-and-subtract-days-using-moment-js","component":"projection","action":"load","data":{"height":104,"width":250.6999969482422,"wc":31,"lc":1}},{"timestamp":"2022-11-11T16:46:42.148Z","url":"https://stackoverflow.com/questions/25888182/moment-js-how-to-subtract-7-days-from-current-date","component":"projection","action":"load","data":{"height":104,"width":255.89999389648438,"wc":31,"lc":1}},{"timestamp":"2022-11-11T16:46:42.148Z","url":"https://stackoverflow.com/questions/1296358/how-to-subtract-days-from-a-plain-date","component":"projection","action":"load","data":{"height":104,"width":257,"wc":26,"lc":1}},{"timestamp":"2022-11-11T16:46:42.148Z","url":"https://stackoverflow.com/questions/68756983/how-add-and-subtract-days-using-moment-js-for-the-given-timestamp-value","component":"projection","action":"load","data":{"height":104,"width":243.60000610351562,"wc":23,"lc":1}},{"timestamp":"2022-11-11T16:46:42.148Z","url":"https://stackoverflow.com/questions/58626988/subtract-days-after-the-current-date-moment-js","component":"projection","action":"load","data":{"height":104,"width":254.60000610351562,"wc":13,"lc":1}},{"timestamp":"2022-11-11T16:46:42.148Z","url":"https://stackoverflow.com/questions/54019837/subtract-one-day-from-a-particular-date-using-momentjs","component":"projection","action":"load","data":{"height":38,"width":255,"wc":6,"lc":1}},{"timestamp":"2022-11-11T16:46:42.148Z","url":"https://stackoverflow.com/questions/40459932/how-to-subtract-2-dates-on-momentjs","component":"projection","action":"load","data":{"height":126.5,"width":239.39999389648438,"wc":26,"lc":1}},{"timestamp":"2022-11-11T16:46:42.148Z","url":"https://stackoverflow.com/questions/67533168/subtracting-30-days-from-an-isodate-using-momentjs","component":"projection","action":"load","data":{"height":82,"width":250.6999969482422,"wc":25,"lc":1}},{"timestamp":"2022-11-11T16:46:42.148Z","url":"https://stackoverflow.com/questions/51428671/moment-js-subtract-1-day-from-sunday-not-working-as-expected","component":"projection","action":"load","data":{"height":104,"width":250.8000030517578,"wc":30,"lc":1}},{"timestamp":"2022-11-11T16:46:42.148Z","url":"https://stackoverflow.com/questions/35788718/moment-js-add-subtract-days-without-affecting-the-original-date","component":"projection","action":"load","data":{"height":104,"width":253.5,"wc":27,"lc":1}},{"timestamp":"2022-11-11T16:46:42.284Z","url":"https://stackoverflow.com/questions/29651815/format-date-and-subtract-days-using-moment-js","component":"projection","action":"mouseenter"},{"timestamp":"2022-11-11T16:46:43.291Z","url":"https://stackoverflow.com/questions/29651815/format-date-and-subtract-days-using-moment-js","component":"projection","action":"loaded","data":"projection 10 of 10"},{"timestamp":"2022-11-11T16:46:43.292Z","url":"https://stackoverflow.com/questions/25888182/moment-js-how-to-subtract-7-days-from-current-date","component":"projection","action":"loaded","data":"projection 9 of 10"},{"timestamp":"2022-11-11T16:46:43.292Z","url":"https://stackoverflow.com/questions/1296358/how-to-subtract-days-from-a-plain-date","component":"projection","action":"loaded","data":"projection 8 of 10"},{"timestamp":"2022-11-11T16:46:43.292Z","url":"https://stackoverflow.com/questions/68756983/how-add-and-subtract-days-using-moment-js-for-the-given-timestamp-value","component":"projection","action":"loaded","data":"projection 7 of 10"},{"timestamp":"2022-11-11T16:46:43.292Z","url":"https://stackoverflow.com/questions/58626988/subtract-days-after-the-current-date-moment-js","component":"projection","action":"loaded","data":"projection 6 of 10"},{"timestamp":"2022-11-11T16:46:43.292Z","url":"https://stackoverflow.com/questions/54019837/subtract-one-day-from-a-particular-date-using-momentjs","component":"projection","action":"loaded","data":"projection 5 of 10"},{"timestamp":"2022-11-11T16:46:43.292Z","url":"https://stackoverflow.com/questions/40459932/how-to-subtract-2-dates-on-momentjs","component":"projection","action":"loaded","data":"projection 4 of 10"},{"timestamp":"2022-11-11T16:46:43.292Z","url":"https://stackoverflow.com/questions/67533168/subtracting-30-days-from-an-isodate-using-momentjs","component":"projection","action":"loaded","data":"projection 3 of 10"},{"timestamp":"2022-11-11T16:46:43.292Z","url":"https://stackoverflow.com/questions/51428671/moment-js-subtract-1-day-from-sunday-not-working-as-expected","component":"projection","action":"loaded","data":"projection 2 of 10"},{"timestamp":"2022-11-11T16:46:43.292Z","url":"https://stackoverflow.com/questions/35788718/moment-js-add-subtract-days-without-affecting-the-original-date","component":"projection","action":"loaded","data":"projection 1 of 10"},{"timestamp":"2022-11-11T16:46:43.698Z","url":"https://stackoverflow.com/questions/29651815/format-date-and-subtract-days-using-moment-js","component":"page","action":"open"},{"timestamp":"2022-11-11T16:46:43.747Z","url":"https://stackoverflow.com/questions/29651815/format-date-and-subtract-days-using-moment-js","component":"projection","action":"mouseleave"},{"timestamp":"2022-11-11T16:46:44.624Z","url":"https://stackoverflow.com/questions/29651815/format-date-and-subtract-days-using-moment-js","component":"page","action":"load"},{"timestamp":"2022-11-11T16:46:49.665Z","url":"https://stackoverflow.com/questions/29651815/format-date-and-subtract-days-using-moment-js","component":"page","action":"scroll","data":{"viewport":{"x":0,"y":2142,"height":470,"width":295},"document":{"height":8276,"width":278},"question":{"identifier":"29651815","top":-1925.300048828125,"bottom":-348.25,"right":262,"left":16,"width":246,"height":1577.050048828125},"answers":[{"identifier":"29652195","top":-267.95001220703125,"bottom":978.8999633789062,"right":262,"left":16,"width":246,"height":1246.8499755859375},{"identifier":"56685858","top":978.9000244140625,"bottom":1499.9500122070312,"right":262,"left":16,"width":246,"height":521.0499877929688},{"identifier":"29652077","top":1499.949951171875,"bottom":1743.2999572753906,"right":262,"left":16,"width":246,"height":243.35000610351562},{"identifier":"29652091","top":1743.300048828125,"bottom":2477.3500366210938,"right":262,"left":16,"width":246,"height":734.0499877929688},{"identifier":"54794221","top":2477.35009765625,"bottom":2884.2000732421875,"right":262,"left":16,"width":246,"height":406.8499755859375},{"identifier":"29652120","top":2884.199951171875,"bottom":3404.0499267578125,"right":262,"left":16,"width":246,"height":519.8499755859375},{"identifier":"37411397","top":3404.050048828125,"bottom":3656.9000396728516,"right":262,"left":16,"width":246,"height":252.84999084472656}]}},{"timestamp":"2022-11-11T16:46:53.742Z","url":"https://stackoverflow.com/questions/29651815/format-date-and-subtract-days-using-moment-js","component":"page","action":"selection","data":".subtract(1, \"days\");"},{"timestamp":"2022-11-11T16:46:53.773Z","url":"https://stackoverflow.com/questions/29651815/format-date-and-subtract-days-using-moment-js","component":"page","action":"copy","data":".subtract(1, \"days\");"}]}]}