{"trialId":"91073_2","taskId":"find","appEvents":[{"timestamp":"2022-11-11T16:21:51.597Z","name":"search","data":"search-start"},{"timestamp":"2022-11-11T16:21:52.843Z","name":"search","data":"search-done"},{"timestamp":"2022-11-11T16:22:05.973Z","name":"search","data":"search-start"},{"timestamp":"2022-11-11T16:22:07.203Z","name":"search","data":"search-done"},{"timestamp":"2022-11-11T16:22:30.726Z","name":"resize","data":{"height":530,"width":401}},{"timestamp":"2022-11-11T16:22:31.845Z","name":"resize","data":{"height":530,"width":397}},{"timestamp":"2022-11-11T16:24:15.236Z","name":"search","data":"search-start"},{"timestamp":"2022-11-11T16:24:16.473Z","name":"search","data":"search-done"}],"searches":[{"keywords":["find","item","in","array","by","value"],"context":{"tokens":[{"kind":"language","value":"javascript"}]},"timestamp":"2022-11-11T16:21:51.595Z","results":[{"signatures":[],"areSignaturesLoading":true,"title":"Find a value in an array of objects in Javascript - Stack Overflow","url":"https://stackoverflow.com/questions/12462318/find-a-value-in-an-array-of-objects-in-javascript","displayLink":"https://stackoverflow.com › questions › find-a-value-in-...","date":"Sep 17, 2012","snippet":"The find() method returns the first value that matches from the collection. Once it matches the value in findings, it will not check the ...","snippetHighlightWords":["find","value","value","check"]},{"signatures":[],"areSignaturesLoading":true,"title":"How to find if an array contains a specific string in JavaScript ...","url":"https://stackoverflow.com/questions/6116474/how-to-find-if-an-array-contains-a-specific-string-in-javascript-jquery","displayLink":"https://stackoverflow.com › questions › how-to-find-if-...","date":"May 24, 2011","snippet":"var found = categories.includes('specialword');. No comparisons and no confusing -1 results. It does what we want: it returns true ..."},{"signatures":[],"areSignaturesLoading":true,"title":"Find object with specific value in array - Stack Overflow","url":"https://stackoverflow.com/questions/52460473/find-object-with-specific-value-in-array","displayLink":"https://stackoverflow.com › questions › find-object-wit...","date":"Sep 22, 2018","snippet":"Now, I would like to check if my array contains an object with the name \"Mike\". How do I go about this in javascript? I am thinking something ...","snippetHighlightWords":["check","array","object","javascript"]},{"signatures":[],"areSignaturesLoading":true,"title":"Get JavaScript object from array of objects by value of property","url":"https://stackoverflow.com/questions/13964155/get-javascript-object-from-array-of-objects-by-value-of-property","displayLink":"https://stackoverflow.com › questions › get-javascript-o...","date":"Dec 20, 2012","snippet":"The find() method returns a value in the array, if an element in the array satisfies the provided testing function.","snippetHighlightWords":["find","value","array","element","array"]},{"signatures":[],"areSignaturesLoading":true,"title":"Find object by id in an array of JavaScript objects","url":"https://stackoverflow.com/questions/7364150/find-object-by-id-in-an-array-of-javascript-objects","displayLink":"https://stackoverflow.com › questions › find-object-by-i...","snippet":"Use the find() method: myArray.find(x => x.id === '45').foo;. From MDN: The find() method returns the first value in the array, ...","snippetHighlightWords":["find","find","find","value","array"],"extensions":["Sep 9, 2011","36 answers"]},{"signatures":[],"areSignaturesLoading":true,"title":"Find all matching elements with in an array of objects [duplicate]","url":"https://stackoverflow.com/questions/52311150/find-all-matching-elements-with-in-an-array-of-objects","displayLink":"https://stackoverflow.com › questions › find-all-matchi...","snippet":"Two things: first, Array.find() returns the first matching element, undefined if it finds nothing. Array.filter returns a new array ...","snippetHighlightWords":["Array","find","element","Array","array"],"extensions":["Sep 13, 2018","6 answers"]},{"signatures":[],"areSignaturesLoading":true,"title":"How do I check if an array includes a value in JavaScript?","url":"https://stackoverflow.com/questions/237104/how-do-i-check-if-an-array-includes-a-value-in-javascript","displayLink":"https://stackoverflow.com › questions › how-do-i-check...","snippet":"inArray is a terrible name for a function that returns the index of the element, and -1 if it doesn't exist. I would expect a boolean to be returned. – Tim. Jul ...","snippetHighlightWords":["element"]},{"signatures":[],"areSignaturesLoading":true,"title":"How can I find and update values in an array of objects?","url":"https://stackoverflow.com/questions/35206125/how-can-i-find-and-update-values-in-an-array-of-objects","displayLink":"https://stackoverflow.com › questions › how-can-i-find-...","date":"Feb 4, 2016","snippet":"var item = {...} var items = [{id:2}, {id:2}, {id: ...","snippetHighlightWords":["item"]},{"signatures":[],"areSignaturesLoading":true,"title":"Find an item in array and get whats left - Stack Overflow","url":"https://stackoverflow.com/questions/57607836/find-an-item-in-array-and-get-whats-left","displayLink":"https://stackoverflow.com › questions › find-an-item-in...","date":"Aug 22, 2019","snippet":"var fruit = [ \"apples\", \"pears\" ]; var alreadyHave = \"apples\"; for( var i = 0; i < fruit.length; i++){ if (! fruit[i] === alreadyHave) { fruit."},{"signatures":[],"areSignaturesLoading":true,"title":"Best way to find if an item is in a JavaScript array? [duplicate]","url":"https://stackoverflow.com/questions/143847/best-way-to-find-if-an-item-is-in-a-javascript-array","displayLink":"https://stackoverflow.com › questions › best-way-to-fin...","snippet":"Note that \"inArray\" is a misnomer, because it doesn't return boolean value - it returns index of first element found. So if you are checking if ...","extensions":["Sep 27, 2008","8 answers"]}],"events":[{"timestamp":"2022-11-11T16:21:51.704Z","url":"https://stackoverflow.com/questions/12462318/find-a-value-in-an-array-of-objects-in-javascript","component":"projection","action":"load","data":{"height":104,"width":253,"wc":25,"lc":1}},{"timestamp":"2022-11-11T16:21:51.704Z","url":"https://stackoverflow.com/questions/6116474/how-to-find-if-an-array-contains-a-specific-string-in-javascript-jquery","component":"projection","action":"load","data":{"height":104,"width":247.10000610351562,"wc":20,"lc":1}},{"timestamp":"2022-11-11T16:21:51.704Z","url":"https://stackoverflow.com/questions/52460473/find-object-with-specific-value-in-array","component":"projection","action":"load","data":{"height":104,"width":254.89999389648438,"wc":29,"lc":1}},{"timestamp":"2022-11-11T16:21:51.704Z","url":"https://stackoverflow.com/questions/13964155/get-javascript-object-from-array-of-objects-by-value-of-property","component":"projection","action":"load","data":{"height":82,"width":227.1999969482422,"wc":20,"lc":1}},{"timestamp":"2022-11-11T16:21:51.705Z","url":"https://stackoverflow.com/questions/7364150/find-object-by-id-in-an-array-of-javascript-objects","component":"projection","action":"load","data":{"height":82,"width":250,"wc":22,"lc":1}},{"timestamp":"2022-11-11T16:21:51.705Z","url":"https://stackoverflow.com/questions/52311150/find-all-matching-elements-with-in-an-array-of-objects","component":"projection","action":"load","data":{"height":82,"width":255,"wc":20,"lc":1}},{"timestamp":"2022-11-11T16:21:51.705Z","url":"https://stackoverflow.com/questions/237104/how-do-i-check-if-an-array-includes-a-value-in-javascript","component":"projection","action":"load","data":{"height":82,"width":249.10000610351562,"wc":33,"lc":1}},{"timestamp":"2022-11-11T16:21:51.705Z","url":"https://stackoverflow.com/questions/35206125/how-can-i-find-and-update-values-in-an-array-of-objects","component":"projection","action":"load","data":{"height":38,"width":218.39999389648438,"wc":11,"lc":1}},{"timestamp":"2022-11-11T16:21:51.705Z","url":"https://stackoverflow.com/questions/57607836/find-an-item-in-array-and-get-whats-left","component":"projection","action":"load","data":{"height":82,"width":240.8000030517578,"wc":27,"lc":1}},{"timestamp":"2022-11-11T16:21:51.705Z","url":"https://stackoverflow.com/questions/143847/best-way-to-find-if-an-item-is-in-a-javascript-array","component":"projection","action":"load","data":{"height":82,"width":253.89999389648438,"wc":27,"lc":1}},{"timestamp":"2022-11-11T16:21:52.842Z","url":"https://stackoverflow.com/questions/12462318/find-a-value-in-an-array-of-objects-in-javascript","component":"projection","action":"loaded","data":"projection 10 of 10"},{"timestamp":"2022-11-11T16:21:52.842Z","url":"https://stackoverflow.com/questions/6116474/how-to-find-if-an-array-contains-a-specific-string-in-javascript-jquery","component":"projection","action":"loaded","data":"projection 9 of 10"},{"timestamp":"2022-11-11T16:21:52.842Z","url":"https://stackoverflow.com/questions/52460473/find-object-with-specific-value-in-array","component":"projection","action":"loaded","data":"projection 8 of 10"},{"timestamp":"2022-11-11T16:21:52.843Z","url":"https://stackoverflow.com/questions/13964155/get-javascript-object-from-array-of-objects-by-value-of-property","component":"projection","action":"loaded","data":"projection 7 of 10"},{"timestamp":"2022-11-11T16:21:52.843Z","url":"https://stackoverflow.com/questions/7364150/find-object-by-id-in-an-array-of-javascript-objects","component":"projection","action":"loaded","data":"projection 6 of 10"},{"timestamp":"2022-11-11T16:21:52.843Z","url":"https://stackoverflow.com/questions/52311150/find-all-matching-elements-with-in-an-array-of-objects","component":"projection","action":"loaded","data":"projection 5 of 10"},{"timestamp":"2022-11-11T16:21:52.843Z","url":"https://stackoverflow.com/questions/237104/how-do-i-check-if-an-array-includes-a-value-in-javascript","component":"projection","action":"loaded","data":"projection 4 of 10"},{"timestamp":"2022-11-11T16:21:52.843Z","url":"https://stackoverflow.com/questions/35206125/how-can-i-find-and-update-values-in-an-array-of-objects","component":"projection","action":"loaded","data":"projection 3 of 10"},{"timestamp":"2022-11-11T16:21:52.843Z","url":"https://stackoverflow.com/questions/57607836/find-an-item-in-array-and-get-whats-left","component":"projection","action":"loaded","data":"projection 2 of 10"},{"timestamp":"2022-11-11T16:21:52.843Z","url":"https://stackoverflow.com/questions/143847/best-way-to-find-if-an-item-is-in-a-javascript-array","component":"projection","action":"loaded","data":"projection 1 of 10"},{"timestamp":"2022-11-11T16:21:57.276Z","url":"https://stackoverflow.com/questions/12462318/find-a-value-in-an-array-of-objects-in-javascript","component":"projection","action":"mouseenter"},{"timestamp":"2022-11-11T16:21:58.159Z","url":"https://stackoverflow.com/questions/12462318/find-a-value-in-an-array-of-objects-in-javascript","component":"page","action":"open"},{"timestamp":"2022-11-11T16:21:58.210Z","url":"https://stackoverflow.com/questions/12462318/find-a-value-in-an-array-of-objects-in-javascript","component":"projection","action":"mouseleave"},{"timestamp":"2022-11-11T16:21:59.603Z","url":"https://stackoverflow.com/questions/12462318/find-a-value-in-an-array-of-objects-in-javascript","component":"page","action":"load"},{"timestamp":"2022-11-11T16:22:01.112Z","url":"https://stackoverflow.com/questions/12462318/find-a-value-in-an-array-of-objects-in-javascript","component":"page","action":"scroll","data":{"viewport":{"x":0,"y":204,"height":470,"width":295},"document":{"height":25028,"width":278},"question":{"identifier":"12462318","top":-9.683334350585938,"bottom":1088.9666900634766,"right":262,"left":16,"width":246,"height":1098.6500244140625},"answers":[{"identifier":"12462414","top":1169.2666015625,"bottom":3191.1165771484375,"right":262,"left":16,"width":246,"height":2021.8499755859375},{"identifier":"12462387","top":3191.11669921875,"bottom":4204.2667236328125,"right":262,"left":16,"width":246,"height":1013.1500244140625},{"identifier":"38500417","top":4204.2666015625,"bottom":5826.316650390625,"right":262,"left":16,"width":246,"height":1622.050048828125},{"identifier":"44048398","top":5826.31689453125,"bottom":6654.866882324219,"right":262,"left":16,"width":246,"height":828.5499877929688},{"identifier":"48718969","top":6654.86669921875,"bottom":8239.816650390625,"right":262,"left":16,"width":246,"height":1584.949951171875},{"identifier":"47790805","top":8239.81640625,"bottom":9436.366455078125,"right":262,"left":16,"width":246,"height":1196.550048828125},{"identifier":"43778799","top":9436.3662109375,"bottom":10415.716186523438,"right":262,"left":16,"width":246,"height":979.3499755859375},{"identifier":"12462406","top":10415.716796875,"bottom":11252.666809082031,"right":262,"left":16,"width":246,"height":836.9500122070312},{"identifier":"31748358","top":11252.6669921875,"bottom":12203.117004394531,"right":262,"left":16,"width":246,"height":950.4500122070312},{"identifier":"47194061","top":12203.1162109375,"bottom":12641.466186523438,"right":262,"left":16,"width":246,"height":438.3499755859375},{"identifier":"33097318","top":12641.466796875,"bottom":16147.31689453125,"right":262,"left":16,"width":246,"height":3505.85009765625},{"identifier":"12462347","top":16147.31640625,"bottom":17028.76641845703,"right":262,"left":16,"width":246,"height":881.4500122070312},{"identifier":"37735967","top":17028.767578125,"bottom":17457.617584228516,"right":262,"left":16,"width":246,"height":428.8500061035156},{"identifier":"33825763","top":17457.6171875,"bottom":18061.66717529297,"right":262,"left":16,"width":246,"height":604.0499877929688},{"identifier":"24263355","top":18061.666015625,"bottom":18485.515991210938,"right":262,"left":16,"width":246,"height":423.8499755859375},{"identifier":"42891511","top":18485.517578125,"bottom":19710.667602539062,"right":262,"left":16,"width":246,"height":1225.1500244140625},{"identifier":"37489965","top":19710.666015625,"bottom":20002.515991210938,"right":262,"left":16,"width":246,"height":291.8499755859375},{"identifier":"38786112","top":20002.517578125,"bottom":20894.367553710938,"right":262,"left":16,"width":246,"height":891.8499755859375},{"identifier":"27443358","top":20894.3671875,"bottom":21322.217163085938,"right":262,"left":16,"width":246,"height":427.8499755859375},{"identifier":"45355935","top":21322.216796875,"bottom":22344.566772460938,"right":262,"left":16,"width":246,"height":1022.3499755859375}]}},{"timestamp":"2022-11-11T16:22:01.524Z","url":"https://stackoverflow.com/questions/12462318/find-a-value-in-an-array-of-objects-in-javascript","component":"page","action":"close"},{"timestamp":"2022-11-11T16:22:02.255Z","url":"https://stackoverflow.com/questions/12462318/find-a-value-in-an-array-of-objects-in-javascript","component":"projection","action":"mouseenter"},{"timestamp":"2022-11-11T16:22:02.421Z","url":"https://stackoverflow.com/questions/12462318/find-a-value-in-an-array-of-objects-in-javascript","component":"projection","action":"mouseleave"},{"timestamp":"2022-11-11T16:22:02.425Z","url":"https://stackoverflow.com/questions/6116474/how-to-find-if-an-array-contains-a-specific-string-in-javascript-jquery","component":"projection","action":"mouseenter"},{"timestamp":"2022-11-11T16:22:02.522Z","url":"https://stackoverflow.com/questions/6116474/how-to-find-if-an-array-contains-a-specific-string-in-javascript-jquery","component":"projection","action":"mouseleave"},{"timestamp":"2022-11-11T16:22:02.525Z","url":"https://stackoverflow.com/questions/52460473/find-object-with-specific-value-in-array","component":"projection","action":"mouseenter"},{"timestamp":"2022-11-11T16:22:02.655Z","url":"https://stackoverflow.com/questions/52460473/find-object-with-specific-value-in-array","component":"projection","action":"mouseleave"},{"timestamp":"2022-11-11T16:22:02.963Z","url":"https://stackoverflow.com/questions/52460473/find-object-with-specific-value-in-array","component":"projection","action":"mouseenter"},{"timestamp":"2022-11-11T16:22:02.965Z","url":"https://stackoverflow.com/questions/52460473/find-object-with-specific-value-in-array","component":"projection","action":"mouseleave"},{"timestamp":"2022-11-11T16:22:02.978Z","url":"https://stackoverflow.com/questions/52460473/find-object-with-specific-value-in-array","component":"projection","action":"mouseenter"},{"timestamp":"2022-11-11T16:22:03.040Z","url":"https://stackoverflow.com/questions/52460473/find-object-with-specific-value-in-array","component":"projection","action":"mouseleave"},{"timestamp":"2022-11-11T16:22:03.042Z","url":"https://stackoverflow.com/questions/6116474/how-to-find-if-an-array-contains-a-specific-string-in-javascript-jquery","component":"projection","action":"mouseenter"},{"timestamp":"2022-11-11T16:22:03.123Z","url":"https://stackoverflow.com/questions/6116474/how-to-find-if-an-array-contains-a-specific-string-in-javascript-jquery","component":"projection","action":"mouseleave"},{"timestamp":"2022-11-11T16:22:03.125Z","url":"https://stackoverflow.com/questions/12462318/find-a-value-in-an-array-of-objects-in-javascript","component":"projection","action":"mouseenter"},{"timestamp":"2022-11-11T16:22:03.557Z","url":"https://stackoverflow.com/questions/12462318/find-a-value-in-an-array-of-objects-in-javascript","component":"projection","action":"mouseleave"},{"timestamp":"2022-11-11T16:22:03.642Z","url":"https://stackoverflow.com/questions/12462318/find-a-value-in-an-array-of-objects-in-javascript","component":"projection","action":"mouseenter"},{"timestamp":"2022-11-11T16:22:03.691Z","url":"https://stackoverflow.com/questions/12462318/find-a-value-in-an-array-of-objects-in-javascript","component":"projection","action":"mouseleave"},{"timestamp":"2022-11-11T16:22:03.825Z","url":"https://stackoverflow.com/questions/12462318/find-a-value-in-an-array-of-objects-in-javascript","component":"projection","action":"mouseenter"},{"timestamp":"2022-11-11T16:22:03.875Z","url":"https://stackoverflow.com/questions/12462318/find-a-value-in-an-array-of-objects-in-javascript","component":"projection","action":"mouseleave"},{"timestamp":"2022-11-11T16:22:04.626Z","url":"https://stackoverflow.com/questions/12462318/find-a-value-in-an-array-of-objects-in-javascript","component":"projection","action":"mouseenter"},{"timestamp":"2022-11-11T16:22:04.727Z","url":"https://stackoverflow.com/questions/12462318/find-a-value-in-an-array-of-objects-in-javascript","component":"projection","action":"mouseleave"},{"timestamp":"2022-11-11T16:22:05.278Z","url":"https://stackoverflow.com/questions/6116474/how-to-find-if-an-array-contains-a-specific-string-in-javascript-jquery","component":"projection","action":"mouseenter"},{"timestamp":"2022-11-11T16:22:05.512Z","url":"https://stackoverflow.com/questions/6116474/how-to-find-if-an-array-contains-a-specific-string-in-javascript-jquery","component":"projection","action":"mouseleave"},{"timestamp":"2022-11-11T16:22:05.514Z","url":"https://stackoverflow.com/questions/12462318/find-a-value-in-an-array-of-objects-in-javascript","component":"projection","action":"mouseenter"}]},{"keywords":["find","item","in","array","by","value"],"context":{"tokens":[{"kind":"language","value":"javascript"}]},"timestamp":"2022-11-11T16:22:05.972Z","results":[{"signatures":[],"areSignaturesLoading":true,"title":"Find a value in an array of objects in Javascript - Stack Overflow","url":"https://stackoverflow.com/questions/12462318/find-a-value-in-an-array-of-objects-in-javascript","displayLink":"https://stackoverflow.com › questions › find-a-value-in-...","date":"Sep 17, 2012","snippet":"The find() method returns the first value that matches from the collection. Once it matches the value in findings, it will not check the ...","snippetHighlightWords":["find","value","value","check"]},{"signatures":[],"areSignaturesLoading":true,"title":"How to find if an array contains a specific string in JavaScript ...","url":"https://stackoverflow.com/questions/6116474/how-to-find-if-an-array-contains-a-specific-string-in-javascript-jquery","displayLink":"https://stackoverflow.com › questions › how-to-find-if-...","date":"May 24, 2011","snippet":"var found = categories.includes('specialword');. No comparisons and no confusing -1 results. It does what we want: it returns true ..."},{"signatures":[],"areSignaturesLoading":true,"title":"Find object with specific value in array - Stack Overflow","url":"https://stackoverflow.com/questions/52460473/find-object-with-specific-value-in-array","displayLink":"https://stackoverflow.com › questions › find-object-wit...","date":"Sep 22, 2018","snippet":"Now, I would like to check if my array contains an object with the name \"Mike\". How do I go about this in javascript? I am thinking something ...","snippetHighlightWords":["check","array","object","javascript"]},{"signatures":[],"areSignaturesLoading":true,"title":"Get JavaScript object from array of objects by value of property","url":"https://stackoverflow.com/questions/13964155/get-javascript-object-from-array-of-objects-by-value-of-property","displayLink":"https://stackoverflow.com › questions › get-javascript-o...","date":"Dec 20, 2012","snippet":"The find() method returns a value in the array, if an element in the array satisfies the provided testing function.","snippetHighlightWords":["find","value","array","element","array"]},{"signatures":[],"areSignaturesLoading":true,"title":"Find object by id in an array of JavaScript objects","url":"https://stackoverflow.com/questions/7364150/find-object-by-id-in-an-array-of-javascript-objects","displayLink":"https://stackoverflow.com › questions › find-object-by-i...","snippet":"Use the find() method: myArray.find(x => x.id === '45').foo;. From MDN: The find() method returns the first value in the array, ...","snippetHighlightWords":["find","find","find","value","array"],"extensions":["Sep 9, 2011","36 answers"]},{"signatures":[],"areSignaturesLoading":true,"title":"Find all matching elements with in an array of objects [duplicate]","url":"https://stackoverflow.com/questions/52311150/find-all-matching-elements-with-in-an-array-of-objects","displayLink":"https://stackoverflow.com › questions › find-all-matchi...","snippet":"Two things: first, Array.find() returns the first matching element, undefined if it finds nothing. Array.filter returns a new array ...","snippetHighlightWords":["Array","find","element","Array","array"],"extensions":["Sep 13, 2018","6 answers"]},{"signatures":[],"areSignaturesLoading":true,"title":"How do I check if an array includes a value in JavaScript?","url":"https://stackoverflow.com/questions/237104/how-do-i-check-if-an-array-includes-a-value-in-javascript","displayLink":"https://stackoverflow.com › questions › how-do-i-check...","snippet":"inArray is a terrible name for a function that returns the index of the element, and -1 if it doesn't exist. I would expect a boolean to be returned. – Tim. Jul ...","snippetHighlightWords":["element"]},{"signatures":[],"areSignaturesLoading":true,"title":"How can I find and update values in an array of objects?","url":"https://stackoverflow.com/questions/35206125/how-can-i-find-and-update-values-in-an-array-of-objects","displayLink":"https://stackoverflow.com › questions › how-can-i-find-...","date":"Feb 4, 2016","snippet":"var item = {...} var items = [{id:2}, {id:2}, {id: ...","snippetHighlightWords":["item"]},{"signatures":[],"areSignaturesLoading":true,"title":"Find an item in array and get whats left - Stack Overflow","url":"https://stackoverflow.com/questions/57607836/find-an-item-in-array-and-get-whats-left","displayLink":"https://stackoverflow.com › questions › find-an-item-in...","date":"Aug 22, 2019","snippet":"var fruit = [ \"apples\", \"pears\" ]; var alreadyHave = \"apples\"; for( var i = 0; i < fruit.length; i++){ if (! fruit[i] === alreadyHave) { fruit."},{"signatures":[],"areSignaturesLoading":true,"title":"Best way to find if an item is in a JavaScript array? [duplicate]","url":"https://stackoverflow.com/questions/143847/best-way-to-find-if-an-item-is-in-a-javascript-array","displayLink":"https://stackoverflow.com › questions › best-way-to-fin...","snippet":"Note that \"inArray\" is a misnomer, because it doesn't return boolean value - it returns index of first element found. So if you are checking if ...","extensions":["Sep 27, 2008","8 answers"]}],"events":[{"timestamp":"2022-11-11T16:22:06.021Z","url":"https://stackoverflow.com/questions/12462318/find-a-value-in-an-array-of-objects-in-javascript","component":"projection","action":"load","data":{"height":104,"width":253,"wc":25,"lc":1}},{"timestamp":"2022-11-11T16:22:06.021Z","url":"https://stackoverflow.com/questions/6116474/how-to-find-if-an-array-contains-a-specific-string-in-javascript-jquery","component":"projection","action":"load","data":{"height":104,"width":247.10000610351562,"wc":20,"lc":1}},{"timestamp":"2022-11-11T16:22:06.021Z","url":"https://stackoverflow.com/questions/52460473/find-object-with-specific-value-in-array","component":"projection","action":"load","data":{"height":104,"width":254.89999389648438,"wc":29,"lc":1}},{"timestamp":"2022-11-11T16:22:06.021Z","url":"https://stackoverflow.com/questions/13964155/get-javascript-object-from-array-of-objects-by-value-of-property","component":"projection","action":"load","data":{"height":82,"width":227.1999969482422,"wc":20,"lc":1}},{"timestamp":"2022-11-11T16:22:06.021Z","url":"https://stackoverflow.com/questions/7364150/find-object-by-id-in-an-array-of-javascript-objects","component":"projection","action":"load","data":{"height":82,"width":250,"wc":22,"lc":1}},{"timestamp":"2022-11-11T16:22:06.021Z","url":"https://stackoverflow.com/questions/52311150/find-all-matching-elements-with-in-an-array-of-objects","component":"projection","action":"load","data":{"height":82,"width":255,"wc":20,"lc":1}},{"timestamp":"2022-11-11T16:22:06.021Z","url":"https://stackoverflow.com/questions/237104/how-do-i-check-if-an-array-includes-a-value-in-javascript","component":"projection","action":"load","data":{"height":82,"width":249.10000610351562,"wc":33,"lc":1}},{"timestamp":"2022-11-11T16:22:06.021Z","url":"https://stackoverflow.com/questions/35206125/how-can-i-find-and-update-values-in-an-array-of-objects","component":"projection","action":"load","data":{"height":38,"width":218.39999389648438,"wc":11,"lc":1}},{"timestamp":"2022-11-11T16:22:06.021Z","url":"https://stackoverflow.com/questions/57607836/find-an-item-in-array-and-get-whats-left","component":"projection","action":"load","data":{"height":82,"width":240.8000030517578,"wc":27,"lc":1}},{"timestamp":"2022-11-11T16:22:06.022Z","url":"https://stackoverflow.com/questions/143847/best-way-to-find-if-an-item-is-in-a-javascript-array","component":"projection","action":"load","data":{"height":82,"width":253.89999389648438,"wc":27,"lc":1}},{"timestamp":"2022-11-11T16:22:06.027Z","url":"https://stackoverflow.com/questions/12462318/find-a-value-in-an-array-of-objects-in-javascript","component":"projection","action":"mouseenter"},{"timestamp":"2022-11-11T16:22:07.201Z","url":"https://stackoverflow.com/questions/12462318/find-a-value-in-an-array-of-objects-in-javascript","component":"projection","action":"loaded","data":"projection 10 of 10"},{"timestamp":"2022-11-11T16:22:07.201Z","url":"https://stackoverflow.com/questions/6116474/how-to-find-if-an-array-contains-a-specific-string-in-javascript-jquery","component":"projection","action":"loaded","data":"projection 9 of 10"},{"timestamp":"2022-11-11T16:22:07.202Z","url":"https://stackoverflow.com/questions/52460473/find-object-with-specific-value-in-array","component":"projection","action":"loaded","data":"projection 8 of 10"},{"timestamp":"2022-11-11T16:22:07.202Z","url":"https://stackoverflow.com/questions/13964155/get-javascript-object-from-array-of-objects-by-value-of-property","component":"projection","action":"loaded","data":"projection 7 of 10"},{"timestamp":"2022-11-11T16:22:07.202Z","url":"https://stackoverflow.com/questions/7364150/find-object-by-id-in-an-array-of-javascript-objects","component":"projection","action":"loaded","data":"projection 6 of 10"},{"timestamp":"2022-11-11T16:22:07.202Z","url":"https://stackoverflow.com/questions/52311150/find-all-matching-elements-with-in-an-array-of-objects","component":"projection","action":"loaded","data":"projection 5 of 10"},{"timestamp":"2022-11-11T16:22:07.203Z","url":"https://stackoverflow.com/questions/237104/how-do-i-check-if-an-array-includes-a-value-in-javascript","component":"projection","action":"loaded","data":"projection 4 of 10"},{"timestamp":"2022-11-11T16:22:07.203Z","url":"https://stackoverflow.com/questions/35206125/how-can-i-find-and-update-values-in-an-array-of-objects","component":"projection","action":"loaded","data":"projection 3 of 10"},{"timestamp":"2022-11-11T16:22:07.203Z","url":"https://stackoverflow.com/questions/57607836/find-an-item-in-array-and-get-whats-left","component":"projection","action":"loaded","data":"projection 2 of 10"},{"timestamp":"2022-11-11T16:22:07.203Z","url":"https://stackoverflow.com/questions/143847/best-way-to-find-if-an-item-is-in-a-javascript-array","component":"projection","action":"loaded","data":"projection 1 of 10"},{"timestamp":"2022-11-11T16:22:11.978Z","url":"https://stackoverflow.com/questions/12462318/find-a-value-in-an-array-of-objects-in-javascript","component":"projection","action":"mouseleave"},{"timestamp":"2022-11-11T16:22:11.983Z","url":"https://stackoverflow.com/questions/6116474/how-to-find-if-an-array-contains-a-specific-string-in-javascript-jquery","component":"projection","action":"mouseenter"},{"timestamp":"2022-11-11T16:22:12.012Z","url":"https://stackoverflow.com/questions/6116474/how-to-find-if-an-array-contains-a-specific-string-in-javascript-jquery","component":"projection","action":"mouseleave"},{"timestamp":"2022-11-11T16:22:12.162Z","url":"https://stackoverflow.com/questions/52460473/find-object-with-specific-value-in-array","component":"projection","action":"mouseenter"},{"timestamp":"2022-11-11T16:22:12.412Z","url":"https://stackoverflow.com/questions/52460473/find-object-with-specific-value-in-array","component":"projection","action":"mouseleave"},{"timestamp":"2022-11-11T16:22:12.417Z","url":"https://stackoverflow.com/questions/52460473/find-object-with-specific-value-in-array","component":"projection","action":"mouseenter"},{"timestamp":"2022-11-11T16:22:12.619Z","url":"https://stackoverflow.com/questions/52460473/find-object-with-specific-value-in-array","component":"projection","action":"mouseleave"},{"timestamp":"2022-11-11T16:22:12.663Z","url":"https://stackoverflow.com/questions/52460473/find-object-with-specific-value-in-array","component":"projection","action":"mouseenter"},{"timestamp":"2022-11-11T16:22:12.695Z","url":"https://stackoverflow.com/questions/52460473/find-object-with-specific-value-in-array","component":"projection","action":"mouseleave"},{"timestamp":"2022-11-11T16:22:12.860Z","url":"https://stackoverflow.com/questions/6116474/how-to-find-if-an-array-contains-a-specific-string-in-javascript-jquery","component":"projection","action":"mouseenter"},{"timestamp":"2022-11-11T16:22:13.609Z","url":"https://stackoverflow.com/questions/6116474/how-to-find-if-an-array-contains-a-specific-string-in-javascript-jquery","component":"projection","action":"mouseleave"},{"timestamp":"2022-11-11T16:22:13.612Z","url":"https://stackoverflow.com/questions/12462318/find-a-value-in-an-array-of-objects-in-javascript","component":"projection","action":"mouseenter"},{"timestamp":"2022-11-11T16:22:13.715Z","url":"https://stackoverflow.com/questions/12462318/find-a-value-in-an-array-of-objects-in-javascript","component":"projection","action":"mouseleave"},{"timestamp":"2022-11-11T16:22:13.719Z","url":"https://stackoverflow.com/questions/6116474/how-to-find-if-an-array-contains-a-specific-string-in-javascript-jquery","component":"projection","action":"mouseenter"},{"timestamp":"2022-11-11T16:22:13.916Z","url":"https://stackoverflow.com/questions/6116474/how-to-find-if-an-array-contains-a-specific-string-in-javascript-jquery","component":"projection","action":"mouseleave"},{"timestamp":"2022-11-11T16:22:13.922Z","url":"https://stackoverflow.com/questions/12462318/find-a-value-in-an-array-of-objects-in-javascript","component":"projection","action":"mouseenter"},{"timestamp":"2022-11-11T16:22:14.668Z","url":"https://stackoverflow.com/questions/12462318/find-a-value-in-an-array-of-objects-in-javascript","component":"projection","action":"mouseleave"},{"timestamp":"2022-11-11T16:22:19.964Z","url":"https://stackoverflow.com/questions/12462318/find-a-value-in-an-array-of-objects-in-javascript","component":"projection","action":"mouseenter"},{"timestamp":"2022-11-11T16:22:21.500Z","url":"https://stackoverflow.com/questions/12462318/find-a-value-in-an-array-of-objects-in-javascript","component":"projection","action":"mouseleave"},{"timestamp":"2022-11-11T16:22:21.504Z","url":"https://stackoverflow.com/questions/6116474/how-to-find-if-an-array-contains-a-specific-string-in-javascript-jquery","component":"projection","action":"mouseenter"},{"timestamp":"2022-11-11T16:22:22.741Z","url":"https://stackoverflow.com/questions/6116474/how-to-find-if-an-array-contains-a-specific-string-in-javascript-jquery","component":"projection","action":"mouseleave"},{"timestamp":"2022-11-11T16:22:22.794Z","url":"https://stackoverflow.com/questions/12462318/find-a-value-in-an-array-of-objects-in-javascript","component":"projection","action":"mouseenter"},{"timestamp":"2022-11-11T16:22:25.059Z","url":"https://stackoverflow.com/questions/12462318/find-a-value-in-an-array-of-objects-in-javascript","component":"projection","action":"mouseleave"},{"timestamp":"2022-11-11T16:22:25.527Z","url":"https://stackoverflow.com/questions/12462318/find-a-value-in-an-array-of-objects-in-javascript","component":"projection","action":"mouseenter"},{"timestamp":"2022-11-11T16:22:26.065Z","url":"https://stackoverflow.com/questions/12462318/find-a-value-in-an-array-of-objects-in-javascript","component":"page","action":"open"},{"timestamp":"2022-11-11T16:22:26.136Z","url":"https://stackoverflow.com/questions/12462318/find-a-value-in-an-array-of-objects-in-javascript","component":"projection","action":"mouseleave"},{"timestamp":"2022-11-11T16:22:27.137Z","url":"https://stackoverflow.com/questions/12462318/find-a-value-in-an-array-of-objects-in-javascript","component":"page","action":"load"},{"timestamp":"2022-11-11T16:22:29.221Z","url":"https://stackoverflow.com/questions/12462318/find-a-value-in-an-array-of-objects-in-javascript","component":"page","action":"scroll","data":{"viewport":{"x":0,"y":714,"height":470,"width":295},"document":{"height":25136,"width":278},"question":{"identifier":"12462318","top":-519.683349609375,"bottom":578.9666748046875,"right":262,"left":16,"width":246,"height":1098.6500244140625},"answers":[{"identifier":"12462414","top":659.2666625976562,"bottom":2681.1166381835938,"right":262,"left":16,"width":246,"height":2021.8499755859375},{"identifier":"12462387","top":2681.11669921875,"bottom":3694.2667236328125,"right":262,"left":16,"width":246,"height":1013.1500244140625},{"identifier":"38500417","top":3694.2666015625,"bottom":5316.316650390625,"right":262,"left":16,"width":246,"height":1622.050048828125},{"identifier":"44048398","top":5316.31689453125,"bottom":6144.866882324219,"right":262,"left":16,"width":246,"height":828.5499877929688},{"identifier":"48718969","top":6144.86669921875,"bottom":7729.816650390625,"right":262,"left":16,"width":246,"height":1584.949951171875},{"identifier":"47790805","top":7729.81689453125,"bottom":8926.366943359375,"right":262,"left":16,"width":246,"height":1196.550048828125},{"identifier":"43778799","top":8926.3662109375,"bottom":9905.716186523438,"right":262,"left":16,"width":246,"height":979.3499755859375},{"identifier":"12462406","top":9905.716796875,"bottom":10742.666809082031,"right":262,"left":16,"width":246,"height":836.9500122070312},{"identifier":"31748358","top":10742.6669921875,"bottom":11693.117004394531,"right":262,"left":16,"width":246,"height":950.4500122070312},{"identifier":"47194061","top":11693.1162109375,"bottom":12131.466186523438,"right":262,"left":16,"width":246,"height":438.3499755859375},{"identifier":"33097318","top":12131.466796875,"bottom":15637.31689453125,"right":262,"left":16,"width":246,"height":3505.85009765625},{"identifier":"12462347","top":15637.31640625,"bottom":16518.76641845703,"right":262,"left":16,"width":246,"height":881.4500122070312},{"identifier":"37735967","top":16518.767578125,"bottom":16947.617584228516,"right":262,"left":16,"width":246,"height":428.8500061035156},{"identifier":"33825763","top":16947.6171875,"bottom":17551.66717529297,"right":262,"left":16,"width":246,"height":604.0499877929688},{"identifier":"24263355","top":17551.666015625,"bottom":17975.515991210938,"right":262,"left":16,"width":246,"height":423.8499755859375},{"identifier":"42891511","top":17975.517578125,"bottom":19200.667602539062,"right":262,"left":16,"width":246,"height":1225.1500244140625},{"identifier":"37489965","top":19200.666015625,"bottom":19492.515991210938,"right":262,"left":16,"width":246,"height":291.8499755859375},{"identifier":"38786112","top":19492.517578125,"bottom":20384.367553710938,"right":262,"left":16,"width":246,"height":891.8499755859375},{"identifier":"27443358","top":20384.3671875,"bottom":20812.217163085938,"right":262,"left":16,"width":246,"height":427.8499755859375},{"identifier":"45355935","top":20812.216796875,"bottom":21834.566772460938,"right":262,"left":16,"width":246,"height":1022.3499755859375}]}},{"timestamp":"2022-11-11T16:22:30.636Z","url":"https://stackoverflow.com/questions/12462318/find-a-value-in-an-array-of-objects-in-javascript","component":"page","action":"scroll","data":{"viewport":{"x":0,"y":683.1500244140625,"height":470,"width":397},"document":{"height":20638,"width":380},"question":{"identifier":"12462318","top":-519.683349609375,"bottom":385.38330078125,"right":364,"left":16,"width":348,"height":905.066650390625},"answers":[{"identifier":"12462414","top":465.683349609375,"bottom":1971.550048828125,"right":364,"left":16,"width":348,"height":1505.86669921875},{"identifier":"12462387","top":1971.550048828125,"bottom":2830.61669921875,"right":364,"left":16,"width":348,"height":859.066650390625},{"identifier":"38500417","top":2830.61669921875,"bottom":3967.683349609375,"right":364,"left":16,"width":348,"height":1137.066650390625},{"identifier":"44048398","top":3967.683349609375,"bottom":4587.550048828125,"right":364,"left":16,"width":348,"height":619.86669921875},{"identifier":"48718969","top":4587.5498046875,"bottom":5791.41650390625,"right":364,"left":16,"width":348,"height":1203.86669921875},{"identifier":"47790805","top":5791.41650390625,"bottom":6656.183166503906,"right":364,"left":16,"width":348,"height":864.7666625976562},{"identifier":"43778799","top":6656.18310546875,"bottom":7486.949768066406,"right":364,"left":16,"width":348,"height":830.7666625976562},{"identifier":"12462406","top":7486.9501953125,"bottom":8184.4168701171875,"right":364,"left":16,"width":348,"height":697.4666748046875},{"identifier":"31748358","top":8184.41650390625,"bottom":8948.683166503906,"right":364,"left":16,"width":348,"height":764.2666625976562},{"identifier":"47194061","top":8948.68359375,"bottom":9342.150268554688,"right":364,"left":16,"width":348,"height":393.4666748046875},{"identifier":"33097318","top":9342.150390625,"bottom":12459.717041015625,"right":364,"left":16,"width":348,"height":3117.566650390625},{"identifier":"12462347","top":12459.716796875,"bottom":13169.58349609375,"right":364,"left":16,"width":348,"height":709.86669921875},{"identifier":"37735967","top":13169.5830078125,"bottom":13531.049682617188,"right":364,"left":16,"width":348,"height":361.4666748046875},{"identifier":"33825763","top":13531.0498046875,"bottom":14073.216430664062,"right":364,"left":16,"width":348,"height":542.1666259765625},{"identifier":"24263355","top":14073.216796875,"bottom":14452.183471679688,"right":364,"left":16,"width":348,"height":378.9666748046875},{"identifier":"42891511","top":14452.18359375,"bottom":15622.7001953125,"right":364,"left":16,"width":348,"height":1170.5166015625},{"identifier":"37489965","top":15622.7001953125,"bottom":15847.166870117188,"right":364,"left":16,"width":348,"height":224.4666748046875},{"identifier":"38786112","top":15847.1669921875,"bottom":16671.633666992188,"right":364,"left":16,"width":348,"height":824.4666748046875},{"identifier":"27443358","top":16671.6328125,"bottom":17077.099487304688,"right":364,"left":16,"width":348,"height":405.4666748046875},{"identifier":"45355935","top":17077.099609375,"bottom":17762.066284179688,"right":364,"left":16,"width":348,"height":684.9666748046875}]}},{"timestamp":"2022-11-11T16:22:32.853Z","url":"https://stackoverflow.com/questions/12462318/find-a-value-in-an-array-of-objects-in-javascript","component":"page","action":"scroll","data":{"viewport":{"x":0,"y":1091.1500244140625,"height":470,"width":393},"document":{"height":20835,"width":376},"question":{"identifier":"12462318","top":-927.683349609375,"bottom":-1.61669921875,"right":360,"left":16,"width":344,"height":926.066650390625},"answers":[{"identifier":"12462414","top":78.68333435058594,"bottom":1602.749984741211,"right":360,"left":16,"width":344,"height":1524.066650390625},{"identifier":"12462387","top":1602.75,"bottom":2461.816650390625,"right":360,"left":16,"width":344,"height":859.066650390625},{"identifier":"38500417","top":2461.816650390625,"bottom":3635.2833251953125,"right":360,"left":16,"width":344,"height":1173.4666748046875},{"identifier":"44048398","top":3635.283447265625,"bottom":4255.150085449219,"right":360,"left":16,"width":344,"height":619.8666381835938},{"identifier":"48718969","top":4255.14990234375,"bottom":5477.216552734375,"right":360,"left":16,"width":344,"height":1222.066650390625},{"identifier":"47790805","top":5477.216796875,"bottom":6341.983459472656,"right":360,"left":16,"width":344,"height":864.7666625976562},{"identifier":"43778799","top":6341.9833984375,"bottom":7189.750061035156,"right":360,"left":16,"width":344,"height":847.7666625976562},{"identifier":"12462406","top":7189.75,"bottom":7887.2166748046875,"right":360,"left":16,"width":344,"height":697.4666748046875},{"identifier":"31748358","top":7887.216796875,"bottom":8651.483459472656,"right":360,"left":16,"width":344,"height":764.2666625976562},{"identifier":"47194061","top":8651.4833984375,"bottom":9044.950073242188,"right":360,"left":16,"width":344,"height":393.4666748046875},{"identifier":"33097318","top":9044.9501953125,"bottom":12162.516845703125,"right":360,"left":16,"width":344,"height":3117.566650390625},{"identifier":"12462347","top":12162.5166015625,"bottom":12872.38330078125,"right":360,"left":16,"width":344,"height":709.86669921875},{"identifier":"37735967","top":12872.3837890625,"bottom":13233.850463867188,"right":360,"left":16,"width":344,"height":361.4666748046875},{"identifier":"33825763","top":13233.849609375,"bottom":13776.016235351562,"right":360,"left":16,"width":344,"height":542.1666259765625},{"identifier":"24263355","top":13776.0166015625,"bottom":14177.483276367188,"right":360,"left":16,"width":344,"height":401.4666748046875},{"identifier":"42891511","top":14177.4833984375,"bottom":15344.533447265625,"right":360,"left":16,"width":344,"height":1167.050048828125},{"identifier":"37489965","top":15344.533203125,"bottom":15568.999862670898,"right":360,"left":16,"width":344,"height":224.46665954589844},{"identifier":"38786112","top":15569,"bottom":16415.966674804688,"right":360,"left":16,"width":344,"height":846.9666748046875},{"identifier":"27443358","top":16415.966796875,"bottom":16821.433471679688,"right":360,"left":16,"width":344,"height":405.4666748046875},{"identifier":"45355935","top":16821.43359375,"bottom":17551.400268554688,"right":360,"left":16,"width":344,"height":729.9666748046875}]}},{"timestamp":"2022-11-11T16:22:38.135Z","url":"https://stackoverflow.com/questions/12462318/find-a-value-in-an-array-of-objects-in-javascript","component":"page","action":"selection","data":"arr.find(o => o.name === 'string 1');"},{"timestamp":"2022-11-11T16:22:38.193Z","url":"https://stackoverflow.com/questions/12462318/find-a-value-in-an-array-of-objects-in-javascript","component":"page","action":"copy","data":"arr.find(o => o.name === 'string 1');"},{"timestamp":"2022-11-11T16:23:49.416Z","url":"https://stackoverflow.com/questions/12462318/find-a-value-in-an-array-of-objects-in-javascript","component":"page","action":"scroll","data":{"viewport":{"x":0,"y":1040.1500244140625,"height":470,"width":393},"document":{"height":20835,"width":376},"question":{"identifier":"12462318","top":-876.683349609375,"bottom":49.38330078125,"right":360,"left":16,"width":344,"height":926.066650390625},"answers":[{"identifier":"12462414","top":129.68333435058594,"bottom":1653.749984741211,"right":360,"left":16,"width":344,"height":1524.066650390625},{"identifier":"12462387","top":1653.75,"bottom":2512.816650390625,"right":360,"left":16,"width":344,"height":859.066650390625},{"identifier":"38500417","top":2512.816650390625,"bottom":3686.2833251953125,"right":360,"left":16,"width":344,"height":1173.4666748046875},{"identifier":"44048398","top":3686.283447265625,"bottom":4306.150085449219,"right":360,"left":16,"width":344,"height":619.8666381835938},{"identifier":"48718969","top":4306.14990234375,"bottom":5528.216552734375,"right":360,"left":16,"width":344,"height":1222.066650390625},{"identifier":"47790805","top":5528.216796875,"bottom":6392.983459472656,"right":360,"left":16,"width":344,"height":864.7666625976562},{"identifier":"43778799","top":6392.9833984375,"bottom":7240.750061035156,"right":360,"left":16,"width":344,"height":847.7666625976562},{"identifier":"12462406","top":7240.75,"bottom":7938.2166748046875,"right":360,"left":16,"width":344,"height":697.4666748046875},{"identifier":"31748358","top":7938.216796875,"bottom":8702.483459472656,"right":360,"left":16,"width":344,"height":764.2666625976562},{"identifier":"47194061","top":8702.4833984375,"bottom":9095.950073242188,"right":360,"left":16,"width":344,"height":393.4666748046875},{"identifier":"33097318","top":9095.9501953125,"bottom":12213.516845703125,"right":360,"left":16,"width":344,"height":3117.566650390625},{"identifier":"12462347","top":12213.5166015625,"bottom":12923.38330078125,"right":360,"left":16,"width":344,"height":709.86669921875},{"identifier":"37735967","top":12923.3837890625,"bottom":13284.850463867188,"right":360,"left":16,"width":344,"height":361.4666748046875},{"identifier":"33825763","top":13284.849609375,"bottom":13827.016235351562,"right":360,"left":16,"width":344,"height":542.1666259765625},{"identifier":"24263355","top":13827.0166015625,"bottom":14228.483276367188,"right":360,"left":16,"width":344,"height":401.4666748046875},{"identifier":"42891511","top":14228.4833984375,"bottom":15395.533447265625,"right":360,"left":16,"width":344,"height":1167.050048828125},{"identifier":"37489965","top":15395.533203125,"bottom":15619.999862670898,"right":360,"left":16,"width":344,"height":224.46665954589844},{"identifier":"38786112","top":15620,"bottom":16466.966674804688,"right":360,"left":16,"width":344,"height":846.9666748046875},{"identifier":"27443358","top":16466.966796875,"bottom":16872.433471679688,"right":360,"left":16,"width":344,"height":405.4666748046875},{"identifier":"45355935","top":16872.43359375,"bottom":17602.400268554688,"right":360,"left":16,"width":344,"height":729.9666748046875}]}},{"timestamp":"2022-11-11T16:23:50.742Z","url":"https://stackoverflow.com/questions/12462318/find-a-value-in-an-array-of-objects-in-javascript","component":"page","action":"close"},{"timestamp":"2022-11-11T16:23:51.149Z","url":"https://stackoverflow.com/questions/12462318/find-a-value-in-an-array-of-objects-in-javascript","component":"projection","action":"mouseenter"},{"timestamp":"2022-11-11T16:23:51.417Z","url":"https://stackoverflow.com/questions/12462318/find-a-value-in-an-array-of-objects-in-javascript","component":"projection","action":"mouseleave"},{"timestamp":"2022-11-11T16:23:51.430Z","url":"https://stackoverflow.com/questions/6116474/how-to-find-if-an-array-contains-a-specific-string-in-javascript-jquery","component":"projection","action":"mouseenter"},{"timestamp":"2022-11-11T16:23:51.851Z","url":"https://stackoverflow.com/questions/6116474/how-to-find-if-an-array-contains-a-specific-string-in-javascript-jquery","component":"projection","action":"mouseleave"},{"timestamp":"2022-11-11T16:23:51.856Z","url":"https://stackoverflow.com/questions/52460473/find-object-with-specific-value-in-array","component":"projection","action":"mouseenter"},{"timestamp":"2022-11-11T16:23:52.369Z","url":"https://stackoverflow.com/questions/52460473/find-object-with-specific-value-in-array","component":"projection","action":"mouseleave"},{"timestamp":"2022-11-11T16:23:52.373Z","url":"https://stackoverflow.com/questions/6116474/how-to-find-if-an-array-contains-a-specific-string-in-javascript-jquery","component":"projection","action":"mouseenter"},{"timestamp":"2022-11-11T16:23:53.987Z","url":"https://stackoverflow.com/questions/6116474/how-to-find-if-an-array-contains-a-specific-string-in-javascript-jquery","component":"projection","action":"mouseleave"},{"timestamp":"2022-11-11T16:23:55.058Z","url":"https://stackoverflow.com/questions/6116474/how-to-find-if-an-array-contains-a-specific-string-in-javascript-jquery","component":"projection","action":"mouseenter"},{"timestamp":"2022-11-11T16:23:57.815Z","url":"https://stackoverflow.com/questions/6116474/how-to-find-if-an-array-contains-a-specific-string-in-javascript-jquery","component":"projection","action":"mouseleave"},{"timestamp":"2022-11-11T16:23:57.823Z","url":"https://stackoverflow.com/questions/12462318/find-a-value-in-an-array-of-objects-in-javascript","component":"projection","action":"mouseenter"},{"timestamp":"2022-11-11T16:24:02.626Z","url":"https://stackoverflow.com/questions/12462318/find-a-value-in-an-array-of-objects-in-javascript","component":"projection","action":"mouseleave"},{"timestamp":"2022-11-11T16:24:02.636Z","url":"https://stackoverflow.com/questions/6116474/how-to-find-if-an-array-contains-a-specific-string-in-javascript-jquery","component":"projection","action":"mouseenter"},{"timestamp":"2022-11-11T16:24:03.120Z","url":"https://stackoverflow.com/questions/6116474/how-to-find-if-an-array-contains-a-specific-string-in-javascript-jquery","component":"projection","action":"mouseleave"},{"timestamp":"2022-11-11T16:24:03.124Z","url":"https://stackoverflow.com/questions/12462318/find-a-value-in-an-array-of-objects-in-javascript","component":"projection","action":"mouseenter"},{"timestamp":"2022-11-11T16:24:04.113Z","url":"https://stackoverflow.com/questions/12462318/find-a-value-in-an-array-of-objects-in-javascript","component":"projection","action":"mouseleave"},{"timestamp":"2022-11-11T16:24:04.119Z","url":"https://stackoverflow.com/questions/6116474/how-to-find-if-an-array-contains-a-specific-string-in-javascript-jquery","component":"projection","action":"mouseenter"},{"timestamp":"2022-11-11T16:24:04.564Z","url":"https://stackoverflow.com/questions/6116474/how-to-find-if-an-array-contains-a-specific-string-in-javascript-jquery","component":"projection","action":"mouseleave"},{"timestamp":"2022-11-11T16:24:04.571Z","url":"https://stackoverflow.com/questions/12462318/find-a-value-in-an-array-of-objects-in-javascript","component":"projection","action":"mouseenter"},{"timestamp":"2022-11-11T16:24:05.747Z","url":"https://stackoverflow.com/questions/12462318/find-a-value-in-an-array-of-objects-in-javascript","component":"projection","action":"mouseleave"},{"timestamp":"2022-11-11T16:24:05.834Z","url":"https://stackoverflow.com/questions/12462318/find-a-value-in-an-array-of-objects-in-javascript","component":"projection","action":"mouseenter"},{"timestamp":"2022-11-11T16:24:07.858Z","url":"https://stackoverflow.com/questions/12462318/find-a-value-in-an-array-of-objects-in-javascript","component":"projection","action":"mouseleave"},{"timestamp":"2022-11-11T16:24:07.862Z","url":"https://stackoverflow.com/questions/6116474/how-to-find-if-an-array-contains-a-specific-string-in-javascript-jquery","component":"projection","action":"mouseenter"},{"timestamp":"2022-11-11T16:24:08.273Z","url":"https://stackoverflow.com/questions/6116474/how-to-find-if-an-array-contains-a-specific-string-in-javascript-jquery","component":"projection","action":"mouseleave"},{"timestamp":"2022-11-11T16:24:08.277Z","url":"https://stackoverflow.com/questions/12462318/find-a-value-in-an-array-of-objects-in-javascript","component":"projection","action":"mouseenter"},{"timestamp":"2022-11-11T16:24:08.327Z","url":"https://stackoverflow.com/questions/12462318/find-a-value-in-an-array-of-objects-in-javascript","component":"projection","action":"mouseleave"},{"timestamp":"2022-11-11T16:24:08.708Z","url":"https://stackoverflow.com/questions/12462318/find-a-value-in-an-array-of-objects-in-javascript","component":"projection","action":"mouseenter"},{"timestamp":"2022-11-11T16:24:09.793Z","url":"https://stackoverflow.com/questions/12462318/find-a-value-in-an-array-of-objects-in-javascript","component":"projection","action":"mouseleave"},{"timestamp":"2022-11-11T16:24:10.295Z","url":"https://stackoverflow.com/questions/12462318/find-a-value-in-an-array-of-objects-in-javascript","component":"projection","action":"mouseenter"},{"timestamp":"2022-11-11T16:24:10.456Z","url":"https://stackoverflow.com/questions/12462318/find-a-value-in-an-array-of-objects-in-javascript","component":"projection","action":"mouseleave"},{"timestamp":"2022-11-11T16:24:10.461Z","url":"https://stackoverflow.com/questions/6116474/how-to-find-if-an-array-contains-a-specific-string-in-javascript-jquery","component":"projection","action":"mouseenter"},{"timestamp":"2022-11-11T16:24:10.473Z","url":"https://stackoverflow.com/questions/6116474/how-to-find-if-an-array-contains-a-specific-string-in-javascript-jquery","component":"projection","action":"mouseleave"},{"timestamp":"2022-11-11T16:24:11.442Z","url":"https://stackoverflow.com/questions/6116474/how-to-find-if-an-array-contains-a-specific-string-in-javascript-jquery","component":"projection","action":"mouseenter"},{"timestamp":"2022-11-11T16:24:11.480Z","url":"https://stackoverflow.com/questions/6116474/how-to-find-if-an-array-contains-a-specific-string-in-javascript-jquery","component":"projection","action":"mouseleave"},{"timestamp":"2022-11-11T16:24:11.486Z","url":"https://stackoverflow.com/questions/52460473/find-object-with-specific-value-in-array","component":"projection","action":"mouseenter"}]},{"keywords":["find","item","in","array","by","value"],"context":{"tokens":[{"kind":"language","value":"javascript"}]},"timestamp":"2022-11-11T16:24:15.235Z","results":[{"signatures":[],"areSignaturesLoading":true,"title":"Find a value in an array of objects in Javascript - Stack Overflow","url":"https://stackoverflow.com/questions/12462318/find-a-value-in-an-array-of-objects-in-javascript","displayLink":"https://stackoverflow.com › questions › find-a-value-in-...","date":"Sep 17, 2012","snippet":"The find() method returns the first value that matches from the collection. Once it matches the value in findings, it will not check the ...","snippetHighlightWords":["find","value","value","check"]},{"signatures":[],"areSignaturesLoading":true,"title":"How to find if an array contains a specific string in JavaScript ...","url":"https://stackoverflow.com/questions/6116474/how-to-find-if-an-array-contains-a-specific-string-in-javascript-jquery","displayLink":"https://stackoverflow.com › questions › how-to-find-if-...","date":"May 24, 2011","snippet":"var found = categories.includes('specialword');. No comparisons and no confusing -1 results. It does what we want: it returns true ..."},{"signatures":[],"areSignaturesLoading":true,"title":"Find object with specific value in array - Stack Overflow","url":"https://stackoverflow.com/questions/52460473/find-object-with-specific-value-in-array","displayLink":"https://stackoverflow.com › questions › find-object-wit...","date":"Sep 22, 2018","snippet":"Now, I would like to check if my array contains an object with the name \"Mike\". How do I go about this in javascript? I am thinking something ...","snippetHighlightWords":["check","array","object","javascript"]},{"signatures":[],"areSignaturesLoading":true,"title":"Get JavaScript object from array of objects by value of property","url":"https://stackoverflow.com/questions/13964155/get-javascript-object-from-array-of-objects-by-value-of-property","displayLink":"https://stackoverflow.com › questions › get-javascript-o...","date":"Dec 20, 2012","snippet":"The find() method returns a value in the array, if an element in the array satisfies the provided testing function.","snippetHighlightWords":["find","value","array","element","array"]},{"signatures":[],"areSignaturesLoading":true,"title":"Find object by id in an array of JavaScript objects","url":"https://stackoverflow.com/questions/7364150/find-object-by-id-in-an-array-of-javascript-objects","displayLink":"https://stackoverflow.com › questions › find-object-by-i...","snippet":"Use the find() method: myArray.find(x => x.id === '45').foo;. From MDN: The find() method returns the first value in the array, ...","snippetHighlightWords":["find","find","find","value","array"],"extensions":["Sep 9, 2011","36 answers"]},{"signatures":[],"areSignaturesLoading":true,"title":"Find all matching elements with in an array of objects [duplicate]","url":"https://stackoverflow.com/questions/52311150/find-all-matching-elements-with-in-an-array-of-objects","displayLink":"https://stackoverflow.com › questions › find-all-matchi...","snippet":"Two things: first, Array.find() returns the first matching element, undefined if it finds nothing. Array.filter returns a new array ...","snippetHighlightWords":["Array","find","element","Array","array"],"extensions":["Sep 13, 2018","6 answers"]},{"signatures":[],"areSignaturesLoading":true,"title":"How do I check if an array includes a value in JavaScript?","url":"https://stackoverflow.com/questions/237104/how-do-i-check-if-an-array-includes-a-value-in-javascript","displayLink":"https://stackoverflow.com › questions › how-do-i-check...","snippet":"inArray is a terrible name for a function that returns the index of the element, and -1 if it doesn't exist. I would expect a boolean to be returned. – Tim. Jul ...","snippetHighlightWords":["element"]},{"signatures":[],"areSignaturesLoading":true,"title":"How can I find and update values in an array of objects?","url":"https://stackoverflow.com/questions/35206125/how-can-i-find-and-update-values-in-an-array-of-objects","displayLink":"https://stackoverflow.com › questions › how-can-i-find-...","date":"Feb 4, 2016","snippet":"var item = {...} var items = [{id:2}, {id:2}, {id: ...","snippetHighlightWords":["item"]},{"signatures":[],"areSignaturesLoading":true,"title":"Find an item in array and get whats left - Stack Overflow","url":"https://stackoverflow.com/questions/57607836/find-an-item-in-array-and-get-whats-left","displayLink":"https://stackoverflow.com › questions › find-an-item-in...","date":"Aug 22, 2019","snippet":"var fruit = [ \"apples\", \"pears\" ]; var alreadyHave = \"apples\"; for( var i = 0; i < fruit.length; i++){ if (! fruit[i] === alreadyHave) { fruit."},{"signatures":[],"areSignaturesLoading":true,"title":"Best way to find if an item is in a JavaScript array? [duplicate]","url":"https://stackoverflow.com/questions/143847/best-way-to-find-if-an-item-is-in-a-javascript-array","displayLink":"https://stackoverflow.com › questions › best-way-to-fin...","snippet":"Note that \"inArray\" is a misnomer, because it doesn't return boolean value - it returns index of first element found. So if you are checking if ...","extensions":["Sep 27, 2008","8 answers"]}],"events":[{"timestamp":"2022-11-11T16:24:15.316Z","url":"https://stackoverflow.com/questions/12462318/find-a-value-in-an-array-of-objects-in-javascript","component":"projection","action":"load","data":{"height":60,"width":344.6000061035156,"wc":25,"lc":1}},{"timestamp":"2022-11-11T16:24:15.316Z","url":"https://stackoverflow.com/questions/6116474/how-to-find-if-an-array-contains-a-specific-string-in-javascript-jquery","component":"projection","action":"load","data":{"height":82,"width":330.1000061035156,"wc":20,"lc":1}},{"timestamp":"2022-11-11T16:24:15.316Z","url":"https://stackoverflow.com/questions/52460473/find-object-with-specific-value-in-array","component":"projection","action":"load","data":{"height":60,"width":347.29998779296875,"wc":29,"lc":1}},{"timestamp":"2022-11-11T16:24:15.316Z","url":"https://stackoverflow.com/questions/13964155/get-javascript-object-from-array-of-objects-by-value-of-property","component":"projection","action":"load","data":{"height":60,"width":348.1000061035156,"wc":20,"lc":1}},{"timestamp":"2022-11-11T16:24:15.317Z","url":"https://stackoverflow.com/questions/7364150/find-object-by-id-in-an-array-of-javascript-objects","component":"projection","action":"load","data":{"height":60,"width":333.1000061035156,"wc":22,"lc":1}},{"timestamp":"2022-11-11T16:24:15.317Z","url":"https://stackoverflow.com/questions/52311150/find-all-matching-elements-with-in-an-array-of-objects","component":"projection","action":"load","data":{"height":60,"width":349.79998779296875,"wc":20,"lc":1}},{"timestamp":"2022-11-11T16:24:15.317Z","url":"https://stackoverflow.com/questions/237104/how-do-i-check-if-an-array-includes-a-value-in-javascript","component":"projection","action":"load","data":{"height":60,"width":351.79998779296875,"wc":33,"lc":1}},{"timestamp":"2022-11-11T16:24:15.317Z","url":"https://stackoverflow.com/questions/35206125/how-can-i-find-and-update-values-in-an-array-of-objects","component":"projection","action":"load","data":{"height":38,"width":318.1000061035156,"wc":11,"lc":1}},{"timestamp":"2022-11-11T16:24:15.317Z","url":"https://stackoverflow.com/questions/57607836/find-an-item-in-array-and-get-whats-left","component":"projection","action":"load","data":{"height":60,"width":335.70001220703125,"wc":27,"lc":1}},{"timestamp":"2022-11-11T16:24:15.318Z","url":"https://stackoverflow.com/questions/143847/best-way-to-find-if-an-item-is-in-a-javascript-array","component":"projection","action":"load","data":{"height":60,"width":339.6000061035156,"wc":27,"lc":1}},{"timestamp":"2022-11-11T16:24:15.329Z","url":"https://stackoverflow.com/questions/52460473/find-object-with-specific-value-in-array","component":"projection","action":"mouseenter"},{"timestamp":"2022-11-11T16:24:16.142Z","url":"https://stackoverflow.com/questions/52460473/find-object-with-specific-value-in-array","component":"projection","action":"mouseleave"},{"timestamp":"2022-11-11T16:24:16.149Z","url":"https://stackoverflow.com/questions/6116474/how-to-find-if-an-array-contains-a-specific-string-in-javascript-jquery","component":"projection","action":"mouseenter"},{"timestamp":"2022-11-11T16:24:16.472Z","url":"https://stackoverflow.com/questions/12462318/find-a-value-in-an-array-of-objects-in-javascript","component":"projection","action":"loaded","data":"projection 10 of 10"},{"timestamp":"2022-11-11T16:24:16.472Z","url":"https://stackoverflow.com/questions/6116474/how-to-find-if-an-array-contains-a-specific-string-in-javascript-jquery","component":"projection","action":"loaded","data":"projection 9 of 10"},{"timestamp":"2022-11-11T16:24:16.472Z","url":"https://stackoverflow.com/questions/52460473/find-object-with-specific-value-in-array","component":"projection","action":"loaded","data":"projection 8 of 10"},{"timestamp":"2022-11-11T16:24:16.472Z","url":"https://stackoverflow.com/questions/13964155/get-javascript-object-from-array-of-objects-by-value-of-property","component":"projection","action":"loaded","data":"projection 7 of 10"},{"timestamp":"2022-11-11T16:24:16.472Z","url":"https://stackoverflow.com/questions/7364150/find-object-by-id-in-an-array-of-javascript-objects","component":"projection","action":"loaded","data":"projection 6 of 10"},{"timestamp":"2022-11-11T16:24:16.473Z","url":"https://stackoverflow.com/questions/52311150/find-all-matching-elements-with-in-an-array-of-objects","component":"projection","action":"loaded","data":"projection 5 of 10"},{"timestamp":"2022-11-11T16:24:16.473Z","url":"https://stackoverflow.com/questions/237104/how-do-i-check-if-an-array-includes-a-value-in-javascript","component":"projection","action":"loaded","data":"projection 4 of 10"},{"timestamp":"2022-11-11T16:24:16.473Z","url":"https://stackoverflow.com/questions/35206125/how-can-i-find-and-update-values-in-an-array-of-objects","component":"projection","action":"loaded","data":"projection 3 of 10"},{"timestamp":"2022-11-11T16:24:16.473Z","url":"https://stackoverflow.com/questions/57607836/find-an-item-in-array-and-get-whats-left","component":"projection","action":"loaded","data":"projection 2 of 10"},{"timestamp":"2022-11-11T16:24:16.473Z","url":"https://stackoverflow.com/questions/143847/best-way-to-find-if-an-item-is-in-a-javascript-array","component":"projection","action":"loaded","data":"projection 1 of 10"},{"timestamp":"2022-11-11T16:24:18.063Z","url":"https://stackoverflow.com/questions/6116474/how-to-find-if-an-array-contains-a-specific-string-in-javascript-jquery","component":"projection","action":"mouseleave"},{"timestamp":"2022-11-11T16:24:18.069Z","url":"https://stackoverflow.com/questions/52460473/find-object-with-specific-value-in-array","component":"projection","action":"mouseenter"},{"timestamp":"2022-11-11T16:24:18.280Z","url":"https://stackoverflow.com/questions/52460473/find-object-with-specific-value-in-array","component":"projection","action":"mouseleave"},{"timestamp":"2022-11-11T16:24:18.287Z","url":"https://stackoverflow.com/questions/13964155/get-javascript-object-from-array-of-objects-by-value-of-property","component":"projection","action":"mouseenter"},{"timestamp":"2022-11-11T16:24:18.414Z","url":"https://stackoverflow.com/questions/13964155/get-javascript-object-from-array-of-objects-by-value-of-property","component":"projection","action":"mouseleave"},{"timestamp":"2022-11-11T16:24:19.466Z","url":"https://stackoverflow.com/questions/13964155/get-javascript-object-from-array-of-objects-by-value-of-property","component":"projection","action":"mouseenter"},{"timestamp":"2022-11-11T16:24:19.500Z","url":"https://stackoverflow.com/questions/13964155/get-javascript-object-from-array-of-objects-by-value-of-property","component":"projection","action":"mouseleave"},{"timestamp":"2022-11-11T16:24:19.506Z","url":"https://stackoverflow.com/questions/52460473/find-object-with-specific-value-in-array","component":"projection","action":"mouseenter"},{"timestamp":"2022-11-11T16:24:19.517Z","url":"https://stackoverflow.com/questions/52460473/find-object-with-specific-value-in-array","component":"projection","action":"mouseleave"},{"timestamp":"2022-11-11T16:24:20.853Z","url":"https://stackoverflow.com/questions/6116474/how-to-find-if-an-array-contains-a-specific-string-in-javascript-jquery","component":"projection","action":"mouseenter"},{"timestamp":"2022-11-11T16:24:20.871Z","url":"https://stackoverflow.com/questions/6116474/how-to-find-if-an-array-contains-a-specific-string-in-javascript-jquery","component":"projection","action":"mouseleave"},{"timestamp":"2022-11-11T16:24:20.879Z","url":"https://stackoverflow.com/questions/12462318/find-a-value-in-an-array-of-objects-in-javascript","component":"projection","action":"mouseenter"},{"timestamp":"2022-11-11T16:24:21.956Z","url":"https://stackoverflow.com/questions/12462318/find-a-value-in-an-array-of-objects-in-javascript","component":"projection","action":"mouseleave"}]}]}