{"numFailedTestSuites":0,"numFailedTests":0,"numPassedTestSuites":1,"numPassedTests":2,"numPendingTestSuites":0,"numPendingTests":0,"numRuntimeErrorTestSuites":0,"numTodoTests":0,"numTotalTestSuites":1,"numTotalTests":2,"openHandles":[],"snapshot":{"added":0,"didUpdate":false,"failure":false,"filesAdded":0,"filesRemoved":0,"filesRemovedList":[],"filesUnmatched":0,"filesUpdated":0,"matched":0,"total":0,"unchecked":0,"uncheckedKeysByFile":[],"unmatched":0,"updated":0},"startTime":1668185020832,"success":true,"testResults":[{"assertionResults":[{"ancestorTitles":["Trade server"],"failureMessages":[],"fullName":"Trade server should have a /static route","location":null,"status":"passed","title":"should have a /static route"},{"ancestorTitles":["Trade server"],"failureMessages":[],"fullName":"Trade server should serve files at /static from src/public/","location":null,"status":"passed","title":"should serve files at /static from src/public/"}],"endTime":1668185021324,"message":"","name":"/workspaces/91073_2/test/serve.test.js","startTime":1668185020858,"status":"passed","summary":""}],"wasInterrupted":false}