{"id":"91073_2","conditions":[{"taskId":2,"taskName":"find","enableFragments":false,"enableContext":true,"showContext":false,"provideSearchTerms":true,"sequence":3},{"taskId":1,"taskName":"currency","enableFragments":false,"enableContext":true,"showContext":false,"provideSearchTerms":true,"sequence":4},{"taskId":4,"taskName":"sort","enableFragments":true,"enableContext":true,"showContext":true,"provideSearchTerms":true,"sequence":5},{"taskId":3,"taskName":"clone","enableFragments":true,"enableContext":true,"showContext":true,"provideSearchTerms":true,"sequence":6},{"taskId":6,"taskName":"serve","enableFragments":true,"enableContext":true,"showContext":true,"provideSearchTerms":false,"sequence":7},{"taskId":5,"taskName":"recent","enableFragments":false,"enableContext":false,"showContext":false,"provideSearchTerms":false,"sequence":8}],"activeTaskId":"recent","tasks":[{"id":"pre-study"},{"enableFragments":true,"enableContext":true,"showContext":true,"provideSearchTerms":true,"contextOverride":[{"source":"src/tutorial.js","name":"sumTradedShares","position":{"start":397,"end":545},"variables":[],"parameters":[{"source":"src/tutorial.js","name":"trades","position":{"start":429,"end":435},"type":{"name":"Trade[]"}}],"returnType":"number"}],"id":"tutorial","startTime":"2022-11-11T16:18:31.528Z","duration":174065,"timer":{"startTime":"2022-11-11T16:20:15.548Z","endTime":"2022-11-11T16:21:27.079Z"},"endTime":"2022-11-11T16:21:27.079Z"},{"enableFragments":false,"enableContext":true,"showContext":false,"contextOverride":[{"source":"src/currency.js","name":"printCurrency","position":{"start":593,"end":782},"variables":[],"parameters":[{"source":"src/currency.js","name":"amount","position":{"start":623,"end":629},"type":{"name":"number"}},{"source":"src/currency.js","name":"locale","position":{"start":631,"end":637},"type":{"name":"string"}},{"source":"src/currency.js","name":"currency","position":{"start":639,"end":647},"type":{"name":"string"}}],"returnType":"string"}],"provideSearchTerms":true,"searchTerms":"format currency","id":"currency","startTime":"2022-11-11T16:25:26.170Z","timer":{"startTime":"2022-11-11T16:25:26.171Z","endTime":"2022-11-11T16:27:50.455Z"},"duration":143037,"data":{"Q1":"4","Q2":"It didn't show me the signatures. It said cannot find signatures using google results.","Q3":"","Q4":""},"endTime":"2022-11-11T16:28:54.664Z"},{"enableFragments":false,"enableContext":true,"showContext":false,"contextOverride":[{"source":"src/find.js","name":"getTradeById","position":{"start":286,"end":506},"variables":[],"parameters":[{"source":"src/find.js","name":"trades","position":{"start":315,"end":321},"type":{"name":"Trade[]"}},{"source":"src/find.js","name":"id","position":{"start":323,"end":325},"type":{"name":"number"}}],"returnType":"Trade"}],"provideSearchTerms":true,"searchTerms":"find item in array by value","id":"find","startTime":"2022-11-11T16:21:34.557Z","timer":{"startTime":"2022-11-11T16:21:34.557Z","endTime":"2022-11-11T16:23:20.235Z"},"duration":104046,"data":{"Q1":"4","Q2":"It's nice to have stack overflow browser in IDE but for such a easy task I don't think it's more efficient to use it.","Q3":"","Q4":""},"endTime":"2022-11-11T16:25:16.385Z"},{"enableFragments":true,"enableContext":true,"showContext":true,"contextOverride":[{"source":"src/clone.js","name":"cloneTradeLedger","position":{"start":239,"end":406},"variables":[],"parameters":[{"source":"src/clone.js","name":"trades","position":{"start":272,"end":278},"type":{"name":"Trade[]"}}],"returnType":"Trade[]"}],"provideSearchTerms":true,"searchTerms":"clone array","id":"clone","startTime":"2022-11-11T16:36:23.594Z","timer":{"startTime":"2022-11-11T16:36:23.594Z","endTime":"2022-11-11T16:37:14.091Z"},"duration":49124,"data":{"Q1":"4","Q2":"The Usage tab shows only one step like JSON.parse which is hard to copy. ","Q3":"","Q4":""},"endTime":"2022-11-11T16:37:59.635Z"},{"enableFragments":true,"enableContext":true,"showContext":true,"contextOverride":[{"source":"src/sort.js","name":"sortTradesByShareCount","position":{"start":285,"end":524},"variables":[],"parameters":[{"source":"src/sort.js","name":"trades","position":{"start":324,"end":330},"type":{"name":"Trade[]"}}],"returnType":"Trade[]"}],"provideSearchTerms":true,"searchTerms":"sort array of objects descending","id":"sort","startTime":"2022-11-11T16:29:19.123Z","timer":{"startTime":"2022-11-11T16:29:19.123Z","endTime":"2022-11-11T16:35:02.460Z"},"duration":306598,"data":{"Q1":"2","Q2":"I found code that sorts ascending and other unknown code using sortBy","Q3":"","Q4":""},"endTime":"2022-11-11T16:36:12.432Z"},{"enableFragments":false,"enableContext":false,"showContext":false,"contextOverride":[],"provideSearchTerms":false,"searchTerms":"","id":"recent","startTime":"2022-11-11T16:44:07.953Z","timer":{"startTime":"2022-11-11T16:44:07.953Z","endTime":"2022-11-11T16:47:11.899Z"},"duration":182403,"data":{"Q1":"5","Q2":"It didn't show me any search suggestions but overall it was pretty easy to find the solution.","Q3":"","Q4":""},"endTime":"2022-11-11T16:47:47.713Z"},{"enableFragments":true,"enableContext":true,"showContext":true,"contextOverride":[{"source":"src/serve.js","name":"express","position":{"start":7,"end":14},"module":{"name":"express","position":{"start":20,"end":29}},"references":[{"start":181,"end":188}]},{"source":"src/serve.js","name":"path","position":{"start":38,"end":42},"module":{"name":"path","position":{"start":48,"end":54}},"references":[]},{"source":"src/serve.js","name":"setup","position":{"start":193,"end":290},"variables":[],"parameters":[],"returnType":"void"}],"provideSearchTerms":false,"searchTerms":"","id":"serve","startTime":"2022-11-11T16:38:09.753Z","timer":{"startTime":"2022-11-11T16:38:09.753Z","endTime":"2022-11-11T16:43:42.144Z"},"duration":331052,"data":{"Q1":"3","Q2":"","Q3":"","Q4":""},"endTime":"2022-11-11T16:43:57.559Z"},{"id":"post-study"}],"activations":["2022-11-11T16:17:49.436Z","2022-11-11T16:32:16.351Z"]}