{"numFailedTestSuites":1,"numFailedTests":2,"numPassedTestSuites":0,"numPassedTests":0,"numPendingTestSuites":0,"numPendingTests":0,"numRuntimeErrorTestSuites":0,"numTodoTests":0,"numTotalTestSuites":1,"numTotalTests":2,"openHandles":[],"snapshot":{"added":0,"didUpdate":false,"failure":false,"filesAdded":0,"filesRemoved":0,"filesRemovedList":[],"filesUnmatched":0,"filesUpdated":0,"matched":0,"total":0,"unchecked":0,"uncheckedKeysByFile":[],"unmatched":0,"updated":0},"startTime":1668099576520,"success":false,"testResults":[{"assertionResults":[{"ancestorTitles":["cloneTradeLedger()"],"failureMessages":["ReferenceError: dup_array is not defined\n    at cloneTradeLedger (/workspaces/14987_4/src/clone.js:14:4)\n    at Object.<anonymous> (/workspaces/14987_4/test/clone.test.js:50:23)\n    at Promise.then.completed (/workspaces/14987_4/node_modules/jest-circus/build/utils.js:391:28)\n    at new Promise (<anonymous>)\n    at callAsyncCircusFn (/workspaces/14987_4/node_modules/jest-circus/build/utils.js:316:10)\n    at _callCircusTest (/workspaces/14987_4/node_modules/jest-circus/build/run.js:218:40)\n    at processTicksAndRejections (node:internal/process/task_queues:96:5)\n    at _runTest (/workspaces/14987_4/node_modules/jest-circus/build/run.js:155:3)\n    at _runTestsForDescribeBlock (/workspaces/14987_4/node_modules/jest-circus/build/run.js:66:9)\n    at _runTestsForDescribeBlock (/workspaces/14987_4/node_modules/jest-circus/build/run.js:60:9)"],"fullName":"cloneTradeLedger() Should create a copy of the trades","location":null,"status":"failed","title":"Should create a copy of the trades"},{"ancestorTitles":["cloneTradeLedger()"],"failureMessages":["ReferenceError: dup_array is not defined\n    at cloneTradeLedger (/workspaces/14987_4/src/clone.js:15:5)\n    at Object.<anonymous> (/workspaces/14987_4/test/clone.test.js:56:23)\n    at Promise.then.completed (/workspaces/14987_4/node_modules/jest-circus/build/utils.js:391:28)\n    at new Promise (<anonymous>)\n    at callAsyncCircusFn (/workspaces/14987_4/node_modules/jest-circus/build/utils.js:316:10)\n    at _callCircusTest (/workspaces/14987_4/node_modules/jest-circus/build/run.js:218:40)\n    at processTicksAndRejections (node:internal/process/task_queues:96:5)\n    at _runTest (/workspaces/14987_4/node_modules/jest-circus/build/run.js:155:3)\n    at _runTestsForDescribeBlock (/workspaces/14987_4/node_modules/jest-circus/build/run.js:66:9)\n    at _runTestsForDescribeBlock (/workspaces/14987_4/node_modules/jest-circus/build/run.js:60:9)"],"fullName":"cloneTradeLedger() Should create a copy of an empty list of the trades ledger","location":null,"status":"failed","title":"Should create a copy of an empty list of the trades ledger"}],"endTime":1668099576915,"message":"\u001b[1m\u001b[31m  \u001b[1m● \u001b[22m\u001b[1mcloneTradeLedger() › Should create a copy of the trades\u001b[39m\u001b[22m\n\n    ReferenceError: dup_array is not defined\n\u001b[2m\u001b[22m\n\u001b[2m    \u001b[0m \u001b[90m 12 |\u001b[39m     \u001b[90m// A shallow copy is acceptable.\u001b[39m\u001b[0m\u001b[22m\n\u001b[2m    \u001b[0m \u001b[90m 13 |\u001b[39m     \u001b[36mfor\u001b[39m(\u001b[36mvar\u001b[39m i \u001b[33m=\u001b[39m \u001b[35m0\u001b[39m\u001b[33m,\u001b[39m len \u001b[33m=\u001b[39m trades\u001b[33m.\u001b[39mlength\u001b[33m;\u001b[39m i \u001b[33m<\u001b[39m len\u001b[33m;\u001b[39m \u001b[33m++\u001b[39mi)\u001b[0m\u001b[22m\n\u001b[2m    \u001b[0m\u001b[31m\u001b[1m>\u001b[22m\u001b[2m\u001b[39m\u001b[90m 14 |\u001b[39m    dup_array[i] \u001b[33m=\u001b[39m trades[i]\u001b[33m;\u001b[39m\u001b[0m\u001b[22m\n\u001b[2m    \u001b[0m \u001b[90m    |\u001b[39m    \u001b[31m\u001b[1m^\u001b[22m\u001b[2m\u001b[39m\u001b[0m\u001b[22m\n\u001b[2m    \u001b[0m \u001b[90m 15 |\u001b[39m     \u001b[36mreturn\u001b[39m dup_array\u001b[33m;\u001b[39m\u001b[0m\u001b[22m\n\u001b[2m    \u001b[0m \u001b[90m 16 |\u001b[39m }\u001b[0m\u001b[22m\n\u001b[2m\u001b[22m\n\u001b[2m      \u001b[2mat cloneTradeLedger (\u001b[22m\u001b[2msrc/clone.js\u001b[2m:14:4)\u001b[22m\u001b[2m\u001b[22m\n\u001b[2m      \u001b[2mat Object.<anonymous> (\u001b[22m\u001b[2m\u001b[0m\u001b[36mtest/clone.test.js\u001b[39m\u001b[0m\u001b[2m:50:23)\u001b[22m\u001b[2m\u001b[22m\n\n\u001b[1m\u001b[31m  \u001b[1m● \u001b[22m\u001b[1mcloneTradeLedger() › Should create a copy of an empty list of the trades ledger\u001b[39m\u001b[22m\n\n    ReferenceError: dup_array is not defined\n\u001b[2m\u001b[22m\n\u001b[2m    \u001b[0m \u001b[90m 13 |\u001b[39m     \u001b[36mfor\u001b[39m(\u001b[36mvar\u001b[39m i \u001b[33m=\u001b[39m \u001b[35m0\u001b[39m\u001b[33m,\u001b[39m len \u001b[33m=\u001b[39m trades\u001b[33m.\u001b[39mlength\u001b[33m;\u001b[39m i \u001b[33m<\u001b[39m len\u001b[33m;\u001b[39m \u001b[33m++\u001b[39mi)\u001b[0m\u001b[22m\n\u001b[2m    \u001b[0m \u001b[90m 14 |\u001b[39m    dup_array[i] \u001b[33m=\u001b[39m trades[i]\u001b[33m;\u001b[39m\u001b[0m\u001b[22m\n\u001b[2m    \u001b[0m\u001b[31m\u001b[1m>\u001b[22m\u001b[2m\u001b[39m\u001b[90m 15 |\u001b[39m     \u001b[36mreturn\u001b[39m dup_array\u001b[33m;\u001b[39m\u001b[0m\u001b[22m\n\u001b[2m    \u001b[0m \u001b[90m    |\u001b[39m     \u001b[31m\u001b[1m^\u001b[22m\u001b[2m\u001b[39m\u001b[0m\u001b[22m\n\u001b[2m    \u001b[0m \u001b[90m 16 |\u001b[39m }\u001b[0m\u001b[22m\n\u001b[2m\u001b[22m\n\u001b[2m      \u001b[2mat cloneTradeLedger (\u001b[22m\u001b[2msrc/clone.js\u001b[2m:15:5)\u001b[22m\u001b[2m\u001b[22m\n\u001b[2m      \u001b[2mat Object.<anonymous> (\u001b[22m\u001b[2m\u001b[0m\u001b[36mtest/clone.test.js\u001b[39m\u001b[0m\u001b[2m:56:23)\u001b[22m\u001b[2m\u001b[22m\n","name":"/workspaces/14987_4/test/clone.test.js","startTime":1668099576550,"status":"failed","summary":""}],"wasInterrupted":false}