{"numFailedTestSuites":1,"numFailedTests":3,"numPassedTestSuites":0,"numPassedTests":0,"numPendingTestSuites":0,"numPendingTests":0,"numRuntimeErrorTestSuites":0,"numTodoTests":0,"numTotalTestSuites":1,"numTotalTests":3,"openHandles":[],"snapshot":{"added":0,"didUpdate":false,"failure":false,"filesAdded":0,"filesRemoved":0,"filesRemovedList":[],"filesUnmatched":0,"filesUpdated":0,"matched":0,"total":0,"unchecked":0,"uncheckedKeysByFile":[],"unmatched":0,"updated":0},"startTime":1668099962899,"success":false,"testResults":[{"assertionResults":[{"ancestorTitles":["getTradeById()"],"failureMessages":["ReferenceError: arr is not defined\n    at getTradeById (/workspaces/14987_4/src/find.js:14:15)\n    at Object.<anonymous> (/workspaces/14987_4/test/find.test.js:8:27)\n    at Promise.then.completed (/workspaces/14987_4/node_modules/jest-circus/build/utils.js:391:28)\n    at new Promise (<anonymous>)\n    at callAsyncCircusFn (/workspaces/14987_4/node_modules/jest-circus/build/utils.js:316:10)\n    at _callCircusTest (/workspaces/14987_4/node_modules/jest-circus/build/run.js:218:40)\n    at processTicksAndRejections (node:internal/process/task_queues:96:5)\n    at _runTest (/workspaces/14987_4/node_modules/jest-circus/build/run.js:155:3)\n    at _runTestsForDescribeBlock (/workspaces/14987_4/node_modules/jest-circus/build/run.js:66:9)\n    at _runTestsForDescribeBlock (/workspaces/14987_4/node_modules/jest-circus/build/run.js:60:9)"],"fullName":"getTradeById() Should find the specified trade.","location":null,"status":"failed","title":"Should find the specified trade."},{"ancestorTitles":["getTradeById()"],"failureMessages":["ReferenceError: arr is not defined\n    at getTradeById (/workspaces/14987_4/src/find.js:14:15)\n    at Object.<anonymous> (/workspaces/14987_4/test/find.test.js:16:29)\n    at Promise.then.completed (/workspaces/14987_4/node_modules/jest-circus/build/utils.js:391:28)\n    at new Promise (<anonymous>)\n    at callAsyncCircusFn (/workspaces/14987_4/node_modules/jest-circus/build/utils.js:316:10)\n    at _callCircusTest (/workspaces/14987_4/node_modules/jest-circus/build/run.js:218:40)\n    at processTicksAndRejections (node:internal/process/task_queues:96:5)\n    at _runTest (/workspaces/14987_4/node_modules/jest-circus/build/run.js:155:3)\n    at _runTestsForDescribeBlock (/workspaces/14987_4/node_modules/jest-circus/build/run.js:66:9)\n    at _runTestsForDescribeBlock (/workspaces/14987_4/node_modules/jest-circus/build/run.js:60:9)"],"fullName":"getTradeById() Should return undefined or [] if no trade has id.","location":null,"status":"failed","title":"Should return undefined or [] if no trade has id."},{"ancestorTitles":["getTradeById()"],"failureMessages":["ReferenceError: arr is not defined\n    at getTradeById (/workspaces/14987_4/src/find.js:14:15)\n    at Object.<anonymous> (/workspaces/14987_4/test/find.test.js:24:29)\n    at Promise.then.completed (/workspaces/14987_4/node_modules/jest-circus/build/utils.js:391:28)\n    at new Promise (<anonymous>)\n    at callAsyncCircusFn (/workspaces/14987_4/node_modules/jest-circus/build/utils.js:316:10)\n    at _callCircusTest (/workspaces/14987_4/node_modules/jest-circus/build/run.js:218:40)\n    at processTicksAndRejections (node:internal/process/task_queues:96:5)\n    at _runTest (/workspaces/14987_4/node_modules/jest-circus/build/run.js:155:3)\n    at _runTestsForDescribeBlock (/workspaces/14987_4/node_modules/jest-circus/build/run.js:66:9)\n    at _runTestsForDescribeBlock (/workspaces/14987_4/node_modules/jest-circus/build/run.js:60:9)"],"fullName":"getTradeById() Should return undefined or [] if there are no trades.","location":null,"status":"failed","title":"Should return undefined or [] if there are no trades."}],"endTime":1668099963360,"message":"\u001b[1m\u001b[31m  \u001b[1m● \u001b[22m\u001b[1mgetTradeById() › Should find the specified trade.\u001b[39m\u001b[22m\n\n    ReferenceError: arr is not defined\n\u001b[2m\u001b[22m\n\u001b[2m    \u001b[0m \u001b[90m 12 |\u001b[39m     \u001b[90m// checking for id === trade.id. If there is no trade \u001b[39m\u001b[0m\u001b[22m\n\u001b[2m    \u001b[0m \u001b[90m 13 |\u001b[39m     \u001b[90m// with the given id, set to undefined or [].\u001b[39m\u001b[0m\u001b[22m\n\u001b[2m    \u001b[0m\u001b[31m\u001b[1m>\u001b[22m\u001b[2m\u001b[39m\u001b[90m 14 |\u001b[39m     \u001b[36mlet\u001b[39m obj \u001b[33m=\u001b[39m arr\u001b[33m.\u001b[39mfind(id \u001b[33m===\u001b[39m trades\u001b[33m.\u001b[39mid)\u001b[33m;\u001b[39m\u001b[0m\u001b[22m\n\u001b[2m    \u001b[0m \u001b[90m    |\u001b[39m               \u001b[31m\u001b[1m^\u001b[22m\u001b[2m\u001b[39m\u001b[0m\u001b[22m\n\u001b[2m    \u001b[0m \u001b[90m 15 |\u001b[39m     \u001b[36mreturn\u001b[39m obj\u001b[33m;\u001b[39m\u001b[0m\u001b[22m\n\u001b[2m    \u001b[0m \u001b[90m 16 |\u001b[39m }\u001b[0m\u001b[22m\n\u001b[2m\u001b[22m\n\u001b[2m      \u001b[2mat getTradeById (\u001b[22m\u001b[2msrc/find.js\u001b[2m:14:15)\u001b[22m\u001b[2m\u001b[22m\n\u001b[2m      \u001b[2mat Object.<anonymous> (\u001b[22m\u001b[2m\u001b[0m\u001b[36mtest/find.test.js\u001b[39m\u001b[0m\u001b[2m:8:27)\u001b[22m\u001b[2m\u001b[22m\n\n\u001b[1m\u001b[31m  \u001b[1m● \u001b[22m\u001b[1mgetTradeById() › Should return undefined or [] if no trade has id.\u001b[39m\u001b[22m\n\n    ReferenceError: arr is not defined\n\u001b[2m\u001b[22m\n\u001b[2m    \u001b[0m \u001b[90m 12 |\u001b[39m     \u001b[90m// checking for id === trade.id. If there is no trade \u001b[39m\u001b[0m\u001b[22m\n\u001b[2m    \u001b[0m \u001b[90m 13 |\u001b[39m     \u001b[90m// with the given id, set to undefined or [].\u001b[39m\u001b[0m\u001b[22m\n\u001b[2m    \u001b[0m\u001b[31m\u001b[1m>\u001b[22m\u001b[2m\u001b[39m\u001b[90m 14 |\u001b[39m     \u001b[36mlet\u001b[39m obj \u001b[33m=\u001b[39m arr\u001b[33m.\u001b[39mfind(id \u001b[33m===\u001b[39m trades\u001b[33m.\u001b[39mid)\u001b[33m;\u001b[39m\u001b[0m\u001b[22m\n\u001b[2m    \u001b[0m \u001b[90m    |\u001b[39m               \u001b[31m\u001b[1m^\u001b[22m\u001b[2m\u001b[39m\u001b[0m\u001b[22m\n\u001b[2m    \u001b[0m \u001b[90m 15 |\u001b[39m     \u001b[36mreturn\u001b[39m obj\u001b[33m;\u001b[39m\u001b[0m\u001b[22m\n\u001b[2m    \u001b[0m \u001b[90m 16 |\u001b[39m }\u001b[0m\u001b[22m\n\u001b[2m\u001b[22m\n\u001b[2m      \u001b[2mat getTradeById (\u001b[22m\u001b[2msrc/find.js\u001b[2m:14:15)\u001b[22m\u001b[2m\u001b[22m\n\u001b[2m      \u001b[2mat Object.<anonymous> (\u001b[22m\u001b[2m\u001b[0m\u001b[36mtest/find.test.js\u001b[39m\u001b[0m\u001b[2m:16:29)\u001b[22m\u001b[2m\u001b[22m\n\n\u001b[1m\u001b[31m  \u001b[1m● \u001b[22m\u001b[1mgetTradeById() › Should return undefined or [] if there are no trades.\u001b[39m\u001b[22m\n\n    ReferenceError: arr is not defined\n\u001b[2m\u001b[22m\n\u001b[2m    \u001b[0m \u001b[90m 12 |\u001b[39m     \u001b[90m// checking for id === trade.id. If there is no trade \u001b[39m\u001b[0m\u001b[22m\n\u001b[2m    \u001b[0m \u001b[90m 13 |\u001b[39m     \u001b[90m// with the given id, set to undefined or [].\u001b[39m\u001b[0m\u001b[22m\n\u001b[2m    \u001b[0m\u001b[31m\u001b[1m>\u001b[22m\u001b[2m\u001b[39m\u001b[90m 14 |\u001b[39m     \u001b[36mlet\u001b[39m obj \u001b[33m=\u001b[39m arr\u001b[33m.\u001b[39mfind(id \u001b[33m===\u001b[39m trades\u001b[33m.\u001b[39mid)\u001b[33m;\u001b[39m\u001b[0m\u001b[22m\n\u001b[2m    \u001b[0m \u001b[90m    |\u001b[39m               \u001b[31m\u001b[1m^\u001b[22m\u001b[2m\u001b[39m\u001b[0m\u001b[22m\n\u001b[2m    \u001b[0m \u001b[90m 15 |\u001b[39m     \u001b[36mreturn\u001b[39m obj\u001b[33m;\u001b[39m\u001b[0m\u001b[22m\n\u001b[2m    \u001b[0m \u001b[90m 16 |\u001b[39m }\u001b[0m\u001b[22m\n\u001b[2m\u001b[22m\n\u001b[2m      \u001b[2mat getTradeById (\u001b[22m\u001b[2msrc/find.js\u001b[2m:14:15)\u001b[22m\u001b[2m\u001b[22m\n\u001b[2m      \u001b[2mat Object.<anonymous> (\u001b[22m\u001b[2m\u001b[0m\u001b[36mtest/find.test.js\u001b[39m\u001b[0m\u001b[2m:24:29)\u001b[22m\u001b[2m\u001b[22m\n","name":"/workspaces/14987_4/test/find.test.js","startTime":1668099962928,"status":"failed","summary":""}],"wasInterrupted":false}