{"trialId":"14987_4","taskId":"sort","appEvents":[{"timestamp":"2022-11-10T16:48:55.459Z","name":"search","data":"search-start"},{"timestamp":"2022-11-10T16:48:56.683Z","name":"search","data":"search-done"},{"timestamp":"2022-11-10T16:53:49.379Z","name":"resize","data":{"height":0,"width":0}},{"timestamp":"2022-11-10T16:54:02.507Z","name":"resize","data":{"height":568,"width":299}}],"searches":[{"keywords":["sort","array","of","objects","descending"],"context":{"tokens":[{"kind":"language","value":"javascript"}]},"timestamp":"2022-11-10T16:48:55.458Z","results":[{"signatures":[],"areSignaturesLoading":true,"title":"Sorting an array of objects by property values - Stack Overflow","url":"https://stackoverflow.com/questions/979256/sorting-an-array-of-objects-by-property-values","displayLink":"https://stackoverflow.com › questions › sorting-an-arra...","date":"33 answers","snippet":"Sort homes by price in ascending order: homes.sort(function(a, b) { return parseFloat(a.price) - parseFloat(b.price); });. Or after ES6 version:","snippetHighlightWords":["Sort","ascending","sort"]},{"signatures":[],"areSignaturesLoading":true,"title":"Sorting an array of objects on both ascending and descending ...","url":"https://stackoverflow.com/questions/56809727/sorting-an-array-of-objects-on-both-ascending-and-descending-order-on-same-click","displayLink":"https://stackoverflow.com › questions › sorting-an-arra...","date":"Jun 28, 2019","snippet":"Sorting an array of objects on both ascending and descending order on same click · reverse the > to < and create a variable that can store the ...","snippetHighlightWords":["Sorting","array of objects","ascending","descending","reverse"]},{"signatures":[],"areSignaturesLoading":true,"title":"JavaScript: Sort an array of objects by a numeric property in ...","url":"https://stackoverflow.com/questions/54623130/javascript-sort-an-array-of-objects-by-a-numeric-property-in-each-object","displayLink":"https://stackoverflow.com › questions › javascript-sort-a...","date":"Feb 11, 2019","snippet":"sort() method does two things, it changes the original array so that it is in sorted order, and it also returns a reference to your original ...","snippetHighlightWords":["sort","array","sorted"]},{"signatures":[],"areSignaturesLoading":true,"title":"Sort by object key in descending order on Javascript/underscore","url":"https://stackoverflow.com/questions/31553155/sort-by-object-key-in-descending-order-on-javascript-underscore","displayLink":"https://stackoverflow.com › questions › sort-by-object-...","date":"Jul 22, 2015","snippet":"I want to sort this array object by key in descending order. So the expected output will be following like the latest date will come first.","snippetHighlightWords":["sort","array object","descending"]},{"signatures":[],"areSignaturesLoading":true,"title":"Javascript: Sorting Objects (not arrays) in descending","url":"https://stackoverflow.com/questions/56996782/javascript-sorting-objects-not-arrays-in-descending","displayLink":"https://stackoverflow.com › questions › javascript-sortin...","date":"Jul 11, 2019","snippet":"Get an array of arrays from Object.entries() .reverse() it; Convert it into a Map ( Map() guarantees order according to how it was entered) ...","snippetHighlightWords":["array","arrays","Object","reverse"]},{"signatures":[],"areSignaturesLoading":true,"title":"Sort array of objects by string property value - Stack Overflow","url":"https://stackoverflow.com/questions/1129216/sort-array-of-objects-by-string-property-value","displayLink":"https://stackoverflow.com › questions › sort-array-of-o...","snippet":"Use JavaScript sort method ... The sort method can be modified to sort anything like an array of numbers, strings and even objects using a compare function. A ...","snippetHighlightWords":["JavaScript sort","sort","sort","array","objects"]},{"signatures":[],"areSignaturesLoading":true,"title":"sort array of objects with letters and numbers in descending ...","url":"https://stackoverflow.com/questions/49365109/sort-array-of-objects-with-letters-and-numbers-in-descending-order","displayLink":"https://stackoverflow.com › questions › sort-array-of-o...","snippet":"You can use array#sort with string#localeCompare with numeric property set to true . const data = [{\"map_name\": \"PHX7260.","snippetHighlightWords":["array#sort"],"extensions":["Mar 19, 2018","3 answers"]},{"signatures":[],"areSignaturesLoading":true,"title":"How do I sort array of objects in descending order based on ...","url":"https://stackoverflow.com/questions/72084911/how-do-i-sort-array-of-objects-in-descending-order-based-on-alphanumeric-value-i","displayLink":"https://stackoverflow.com › questions › how-do-i-sort-a...","snippet":"You need a custom comparer function that will use the value property of your objects to make a descending alphabetic sort on your ArrOfObj.","snippetHighlightWords":["objects","descending","sort"],"extensions":["May 2, 2022","1 answer"]},{"signatures":[],"areSignaturesLoading":true,"title":"JS sort array of objets by specific string property (not ...","url":"https://stackoverflow.com/questions/65687818/js-sort-array-of-objets-by-specific-string-property-not-ascending-or-descending","displayLink":"https://stackoverflow.com › questions › js-sort-array-of-...","snippet":"You could take an object with the wanted order and take a large value as default for sorting. const data = [{ name: \"strawberries\", ...","snippetHighlightWords":["object","sorting"],"extensions":["Jan 12, 2021","5 answers"]},{"signatures":[],"areSignaturesLoading":true,"title":"How can I sort a javascript array of objects numerically and ...","url":"https://stackoverflow.com/questions/12900058/how-can-i-sort-a-javascript-array-of-objects-numerically-and-then-alphabetically","displayLink":"https://stackoverflow.com › questions › how-can-i-sort-...","snippet":"items.sort(function(a, b) { return (a.id - b.id); ...","snippetHighlightWords":["sort"]}],"events":[{"timestamp":"2022-11-10T16:48:55.547Z","url":"https://stackoverflow.com/questions/979256/sorting-an-array-of-objects-by-property-values","component":"projection","action":"load","data":{"height":104,"width":259.921875,"wc":19,"lc":1}},{"timestamp":"2022-11-10T16:48:55.547Z","url":"https://stackoverflow.com/questions/56809727/sorting-an-array-of-objects-on-both-ascending-and-descending-order-on-same-click","component":"projection","action":"load","data":{"height":104,"width":269.34375,"wc":29,"lc":1}},{"timestamp":"2022-11-10T16:48:55.547Z","url":"https://stackoverflow.com/questions/54623130/javascript-sort-an-array-of-objects-by-a-numeric-property-in-each-object","component":"projection","action":"load","data":{"height":82,"width":269.921875,"wc":27,"lc":1}},{"timestamp":"2022-11-10T16:48:55.547Z","url":"https://stackoverflow.com/questions/31553155/sort-by-object-key-in-descending-order-on-javascript-underscore","component":"projection","action":"load","data":{"height":82,"width":270.234375,"wc":26,"lc":1}},{"timestamp":"2022-11-10T16:48:55.547Z","url":"https://stackoverflow.com/questions/56996782/javascript-sorting-objects-not-arrays-in-descending","component":"projection","action":"load","data":{"height":82,"width":269.734375,"wc":25,"lc":1}},{"timestamp":"2022-11-10T16:48:55.547Z","url":"https://stackoverflow.com/questions/1129216/sort-array-of-objects-by-string-property-value","component":"projection","action":"load","data":{"height":82,"width":267.28125,"wc":29,"lc":1}},{"timestamp":"2022-11-10T16:48:55.547Z","url":"https://stackoverflow.com/questions/49365109/sort-array-of-objects-with-letters-and-numbers-in-descending-order","component":"projection","action":"load","data":{"height":82,"width":221.953125,"wc":18,"lc":1}},{"timestamp":"2022-11-10T16:48:55.548Z","url":"https://stackoverflow.com/questions/72084911/how-do-i-sort-array-of-objects-in-descending-order-based-on-alphanumeric-value-i","component":"projection","action":"load","data":{"height":82,"width":266.546875,"wc":24,"lc":1}},{"timestamp":"2022-11-10T16:48:55.548Z","url":"https://stackoverflow.com/questions/65687818/js-sort-array-of-objets-by-specific-string-property-not-ascending-or-descending","component":"projection","action":"load","data":{"height":82,"width":263.46875,"wc":25,"lc":1}},{"timestamp":"2022-11-10T16:48:55.548Z","url":"https://stackoverflow.com/questions/12900058/how-can-i-sort-a-javascript-array-of-objects-numerically-and-then-alphabetically","component":"projection","action":"load","data":{"height":38,"width":243.09375,"wc":8,"lc":1}},{"timestamp":"2022-11-10T16:48:56.683Z","url":"https://stackoverflow.com/questions/979256/sorting-an-array-of-objects-by-property-values","component":"projection","action":"loaded","data":"projection 10 of 10"},{"timestamp":"2022-11-10T16:48:56.683Z","url":"https://stackoverflow.com/questions/56809727/sorting-an-array-of-objects-on-both-ascending-and-descending-order-on-same-click","component":"projection","action":"loaded","data":"projection 9 of 10"},{"timestamp":"2022-11-10T16:48:56.683Z","url":"https://stackoverflow.com/questions/54623130/javascript-sort-an-array-of-objects-by-a-numeric-property-in-each-object","component":"projection","action":"loaded","data":"projection 8 of 10"},{"timestamp":"2022-11-10T16:48:56.683Z","url":"https://stackoverflow.com/questions/31553155/sort-by-object-key-in-descending-order-on-javascript-underscore","component":"projection","action":"loaded","data":"projection 7 of 10"},{"timestamp":"2022-11-10T16:48:56.683Z","url":"https://stackoverflow.com/questions/56996782/javascript-sorting-objects-not-arrays-in-descending","component":"projection","action":"loaded","data":"projection 6 of 10"},{"timestamp":"2022-11-10T16:48:56.683Z","url":"https://stackoverflow.com/questions/1129216/sort-array-of-objects-by-string-property-value","component":"projection","action":"loaded","data":"projection 5 of 10"},{"timestamp":"2022-11-10T16:48:56.683Z","url":"https://stackoverflow.com/questions/49365109/sort-array-of-objects-with-letters-and-numbers-in-descending-order","component":"projection","action":"loaded","data":"projection 4 of 10"},{"timestamp":"2022-11-10T16:48:56.683Z","url":"https://stackoverflow.com/questions/72084911/how-do-i-sort-array-of-objects-in-descending-order-based-on-alphanumeric-value-i","component":"projection","action":"loaded","data":"projection 3 of 10"},{"timestamp":"2022-11-10T16:48:56.683Z","url":"https://stackoverflow.com/questions/65687818/js-sort-array-of-objets-by-specific-string-property-not-ascending-or-descending","component":"projection","action":"loaded","data":"projection 2 of 10"},{"timestamp":"2022-11-10T16:48:56.683Z","url":"https://stackoverflow.com/questions/12900058/how-can-i-sort-a-javascript-array-of-objects-numerically-and-then-alphabetically","component":"projection","action":"loaded","data":"projection 1 of 10"},{"timestamp":"2022-11-10T16:48:57.430Z","url":"https://stackoverflow.com/questions/56809727/sorting-an-array-of-objects-on-both-ascending-and-descending-order-on-same-click","component":"projection","action":"mouseenter"},{"timestamp":"2022-11-10T16:48:57.453Z","url":"https://stackoverflow.com/questions/56809727/sorting-an-array-of-objects-on-both-ascending-and-descending-order-on-same-click","component":"projection","action":"mouseleave"},{"timestamp":"2022-11-10T16:48:57.454Z","url":"https://stackoverflow.com/questions/979256/sorting-an-array-of-objects-by-property-values","component":"projection","action":"mouseenter"},{"timestamp":"2022-11-10T16:48:57.653Z","url":"https://stackoverflow.com/questions/979256/sorting-an-array-of-objects-by-property-values","component":"projection","action":"mouseleave"},{"timestamp":"2022-11-10T16:49:04.121Z","url":"https://stackoverflow.com/questions/979256/sorting-an-array-of-objects-by-property-values","component":"projection","action":"mouseenter"},{"timestamp":"2022-11-10T16:49:04.153Z","url":"https://stackoverflow.com/questions/979256/sorting-an-array-of-objects-by-property-values","component":"projection","action":"mouseleave"},{"timestamp":"2022-11-10T16:49:08.403Z","url":"https://stackoverflow.com/questions/979256/sorting-an-array-of-objects-by-property-values","component":"projection","action":"mouseenter"},{"timestamp":"2022-11-10T16:49:08.809Z","url":"https://stackoverflow.com/questions/979256/sorting-an-array-of-objects-by-property-values","component":"page","action":"open"},{"timestamp":"2022-11-10T16:49:08.852Z","url":"https://stackoverflow.com/questions/979256/sorting-an-array-of-objects-by-property-values","component":"projection","action":"mouseleave"},{"timestamp":"2022-11-10T16:49:10.378Z","url":"https://stackoverflow.com/questions/979256/sorting-an-array-of-objects-by-property-values","component":"page","action":"close"},{"timestamp":"2022-11-10T16:49:10.737Z","url":"https://stackoverflow.com/questions/979256/sorting-an-array-of-objects-by-property-values","component":"projection","action":"mouseenter"},{"timestamp":"2022-11-10T16:49:11.201Z","url":"https://stackoverflow.com/questions/979256/sorting-an-array-of-objects-by-property-values","component":"page","action":"open"},{"timestamp":"2022-11-10T16:49:11.241Z","url":"https://stackoverflow.com/questions/979256/sorting-an-array-of-objects-by-property-values","component":"projection","action":"mouseleave"},{"timestamp":"2022-11-10T16:49:14.149Z","url":"https://stackoverflow.com/questions/979256/sorting-an-array-of-objects-by-property-values","component":"page","action":"load"},{"timestamp":"2022-11-10T16:49:15.089Z","url":"https://stackoverflow.com/questions/979256/sorting-an-array-of-objects-by-property-values","component":"page","action":"scroll","data":{"viewport":{"x":0,"y":300,"height":508,"width":295},"document":{"height":38623,"width":278},"question":{"identifier":"979256","top":-105.765625,"bottom":1156.171875,"right":262,"left":16,"width":246,"height":1261.9375},"answers":[{"identifier":"979289","top":1273.453125,"bottom":3383.765625,"right":262,"left":16,"width":246,"height":2110.3125},{"identifier":"979325","top":3383.765625,"bottom":5218.328125,"right":262,"left":16,"width":246,"height":1834.5625},{"identifier":"979278","top":5218.328125,"bottom":6237.140625,"right":262,"left":16,"width":246,"height":1018.8125},{"identifier":"19970578","top":6237.140625,"bottom":7281.140625,"right":262,"left":16,"width":246,"height":1044},{"identifier":"40796335","top":7281.140625,"bottom":8460.078125,"right":262,"left":16,"width":246,"height":1178.9375},{"identifier":"979295","top":8460.078125,"bottom":9201.203125,"right":262,"left":16,"width":246,"height":741.125},{"identifier":"26762192","top":9201.203125,"bottom":12325.1875,"right":262,"left":16,"width":246,"height":3123.984375},{"identifier":"37440769","top":12325.1875,"bottom":13417.375,"right":262,"left":16,"width":246,"height":1092.1875},{"identifier":"54346678","top":13417.375,"bottom":14087.875,"right":262,"left":16,"width":246,"height":670.5},{"identifier":"60641752","top":14087.875,"bottom":14838.25,"right":262,"left":16,"width":246,"height":750.375},{"identifier":"45534960","top":14838.25,"bottom":15911.4375,"right":262,"left":16,"width":246,"height":1073.1875},{"identifier":"56594176","top":15911.4375,"bottom":16342.375,"right":262,"left":16,"width":246,"height":430.9375},{"identifier":"50652203","top":16342.375,"bottom":18370.8125,"right":262,"left":16,"width":246,"height":2028.4375},{"identifier":"21399152","top":18370.8125,"bottom":19707.125,"right":262,"left":16,"width":246,"height":1336.3125},{"identifier":"20421221","top":19707.125,"bottom":21438.5625,"right":262,"left":16,"width":246,"height":1731.4375},{"identifier":"979296","top":21438.5625,"bottom":21974,"right":262,"left":16,"width":246,"height":535.4375},{"identifier":"25624937","top":21974,"bottom":22925.9375,"right":262,"left":16,"width":246,"height":951.9375},{"identifier":"32773923","top":22925.9375,"bottom":24807.5625,"right":262,"left":16,"width":246,"height":1881.625},{"identifier":"38585024","top":24807.5625,"bottom":25157,"right":262,"left":16,"width":246,"height":349.4375},{"identifier":"48662313","top":25157,"bottom":26120.4375,"right":262,"left":16,"width":246,"height":963.4375},{"identifier":"66636162","top":26120.4375,"bottom":27500.125,"right":262,"left":16,"width":246,"height":1379.6875},{"identifier":"30066050","top":27500.125,"bottom":27895.0625,"right":262,"left":16,"width":246,"height":394.9375},{"identifier":"42100506","top":27895.0625,"bottom":29619,"right":262,"left":16,"width":246,"height":1723.9375},{"identifier":"55088845","top":29619,"bottom":30533.125,"right":262,"left":16,"width":246,"height":914.125},{"identifier":"72601832","top":30533.125,"bottom":31117.0625,"right":262,"left":16,"width":246,"height":583.9375},{"identifier":"43635307","top":31117.0625,"bottom":31713.6875,"right":262,"left":16,"width":246,"height":596.625},{"identifier":"49146133","top":31713.6875,"bottom":32841.625,"right":262,"left":16,"width":246,"height":1127.9375},{"identifier":"26650562","top":32841.625,"bottom":33778.25,"right":262,"left":16,"width":246,"height":936.625},{"identifier":"28247369","top":33778.25,"bottom":34162.6875,"right":262,"left":16,"width":246,"height":384.4375},{"identifier":"36379158","top":34162.6875,"bottom":35834.625,"right":262,"left":16,"width":246,"height":1671.9375}]}},{"timestamp":"2022-11-10T16:49:17.787Z","url":"https://stackoverflow.com/questions/979256/sorting-an-array-of-objects-by-property-values","component":"page","action":"scroll","data":{"viewport":{"x":0,"y":1300,"height":508,"width":295},"document":{"height":38623,"width":278},"question":{"identifier":"979256","top":-1105.765625,"bottom":156.171875,"right":262,"left":16,"width":246,"height":1261.9375},"answers":[{"identifier":"979289","top":273.453125,"bottom":2383.765625,"right":262,"left":16,"width":246,"height":2110.3125},{"identifier":"979325","top":2383.765625,"bottom":4218.328125,"right":262,"left":16,"width":246,"height":1834.5625},{"identifier":"979278","top":4218.328125,"bottom":5237.140625,"right":262,"left":16,"width":246,"height":1018.8125},{"identifier":"19970578","top":5237.140625,"bottom":6281.140625,"right":262,"left":16,"width":246,"height":1044},{"identifier":"40796335","top":6281.140625,"bottom":7460.078125,"right":262,"left":16,"width":246,"height":1178.9375},{"identifier":"979295","top":7460.078125,"bottom":8201.203125,"right":262,"left":16,"width":246,"height":741.125},{"identifier":"26762192","top":8201.203125,"bottom":11325.1875,"right":262,"left":16,"width":246,"height":3123.984375},{"identifier":"37440769","top":11325.1875,"bottom":12417.375,"right":262,"left":16,"width":246,"height":1092.1875},{"identifier":"54346678","top":12417.375,"bottom":13087.875,"right":262,"left":16,"width":246,"height":670.5},{"identifier":"60641752","top":13087.875,"bottom":13838.25,"right":262,"left":16,"width":246,"height":750.375},{"identifier":"45534960","top":13838.25,"bottom":14911.4375,"right":262,"left":16,"width":246,"height":1073.1875},{"identifier":"56594176","top":14911.4375,"bottom":15342.375,"right":262,"left":16,"width":246,"height":430.9375},{"identifier":"50652203","top":15342.375,"bottom":17370.8125,"right":262,"left":16,"width":246,"height":2028.4375},{"identifier":"21399152","top":17370.8125,"bottom":18707.125,"right":262,"left":16,"width":246,"height":1336.3125},{"identifier":"20421221","top":18707.125,"bottom":20438.5625,"right":262,"left":16,"width":246,"height":1731.4375},{"identifier":"979296","top":20438.5625,"bottom":20974,"right":262,"left":16,"width":246,"height":535.4375},{"identifier":"25624937","top":20974,"bottom":21925.9375,"right":262,"left":16,"width":246,"height":951.9375},{"identifier":"32773923","top":21925.9375,"bottom":23807.5625,"right":262,"left":16,"width":246,"height":1881.625},{"identifier":"38585024","top":23807.5625,"bottom":24157,"right":262,"left":16,"width":246,"height":349.4375},{"identifier":"48662313","top":24157,"bottom":25120.4375,"right":262,"left":16,"width":246,"height":963.4375},{"identifier":"66636162","top":25120.4375,"bottom":26500.125,"right":262,"left":16,"width":246,"height":1379.6875},{"identifier":"30066050","top":26500.125,"bottom":26895.0625,"right":262,"left":16,"width":246,"height":394.9375},{"identifier":"42100506","top":26895.0625,"bottom":28619,"right":262,"left":16,"width":246,"height":1723.9375},{"identifier":"55088845","top":28619,"bottom":29533.125,"right":262,"left":16,"width":246,"height":914.125},{"identifier":"72601832","top":29533.125,"bottom":30117.0625,"right":262,"left":16,"width":246,"height":583.9375},{"identifier":"43635307","top":30117.0625,"bottom":30713.6875,"right":262,"left":16,"width":246,"height":596.625},{"identifier":"49146133","top":30713.6875,"bottom":31841.625,"right":262,"left":16,"width":246,"height":1127.9375},{"identifier":"26650562","top":31841.625,"bottom":32778.25,"right":262,"left":16,"width":246,"height":936.625},{"identifier":"28247369","top":32778.25,"bottom":33162.6875,"right":262,"left":16,"width":246,"height":384.4375},{"identifier":"36379158","top":33162.6875,"bottom":34834.625,"right":262,"left":16,"width":246,"height":1671.9375}]}},{"timestamp":"2022-11-10T16:49:20.712Z","url":"https://stackoverflow.com/questions/979256/sorting-an-array-of-objects-by-property-values","component":"page","action":"selection","data":"homes.sort(function(a, b) {\n    return parseFloat(a.price) - parseFloat(b.price);\n});"},{"timestamp":"2022-11-10T16:49:21.270Z","url":"https://stackoverflow.com/questions/979256/sorting-an-array-of-objects-by-property-values","component":"page","action":"copy","data":"homes.sort(function(a, b) {\n    return parseFloat(a.price) - parseFloat(b.price);\n});"},{"timestamp":"2022-11-10T16:49:31.404Z","url":"https://stackoverflow.com/questions/979256/sorting-an-array-of-objects-by-property-values","component":"page","action":"scroll","data":{"viewport":{"x":0,"y":1600,"height":508,"width":295},"document":{"height":38623,"width":278},"question":{"identifier":"979256","top":-1405.765625,"bottom":-143.828125,"right":262,"left":16,"width":246,"height":1261.9375},"answers":[{"identifier":"979289","top":-26.546875,"bottom":2083.765625,"right":262,"left":16,"width":246,"height":2110.3125},{"identifier":"979325","top":2083.765625,"bottom":3918.328125,"right":262,"left":16,"width":246,"height":1834.5625},{"identifier":"979278","top":3918.328125,"bottom":4937.140625,"right":262,"left":16,"width":246,"height":1018.8125},{"identifier":"19970578","top":4937.140625,"bottom":5981.140625,"right":262,"left":16,"width":246,"height":1044},{"identifier":"40796335","top":5981.140625,"bottom":7160.078125,"right":262,"left":16,"width":246,"height":1178.9375},{"identifier":"979295","top":7160.078125,"bottom":7901.203125,"right":262,"left":16,"width":246,"height":741.125},{"identifier":"26762192","top":7901.203125,"bottom":11025.1875,"right":262,"left":16,"width":246,"height":3123.984375},{"identifier":"37440769","top":11025.1875,"bottom":12117.375,"right":262,"left":16,"width":246,"height":1092.1875},{"identifier":"54346678","top":12117.375,"bottom":12787.875,"right":262,"left":16,"width":246,"height":670.5},{"identifier":"60641752","top":12787.875,"bottom":13538.25,"right":262,"left":16,"width":246,"height":750.375},{"identifier":"45534960","top":13538.25,"bottom":14611.4375,"right":262,"left":16,"width":246,"height":1073.1875},{"identifier":"56594176","top":14611.4375,"bottom":15042.375,"right":262,"left":16,"width":246,"height":430.9375},{"identifier":"50652203","top":15042.375,"bottom":17070.8125,"right":262,"left":16,"width":246,"height":2028.4375},{"identifier":"21399152","top":17070.8125,"bottom":18407.125,"right":262,"left":16,"width":246,"height":1336.3125},{"identifier":"20421221","top":18407.125,"bottom":20138.5625,"right":262,"left":16,"width":246,"height":1731.4375},{"identifier":"979296","top":20138.5625,"bottom":20674,"right":262,"left":16,"width":246,"height":535.4375},{"identifier":"25624937","top":20674,"bottom":21625.9375,"right":262,"left":16,"width":246,"height":951.9375},{"identifier":"32773923","top":21625.9375,"bottom":23507.5625,"right":262,"left":16,"width":246,"height":1881.625},{"identifier":"38585024","top":23507.5625,"bottom":23857,"right":262,"left":16,"width":246,"height":349.4375},{"identifier":"48662313","top":23857,"bottom":24820.4375,"right":262,"left":16,"width":246,"height":963.4375},{"identifier":"66636162","top":24820.4375,"bottom":26200.125,"right":262,"left":16,"width":246,"height":1379.6875},{"identifier":"30066050","top":26200.125,"bottom":26595.0625,"right":262,"left":16,"width":246,"height":394.9375},{"identifier":"42100506","top":26595.0625,"bottom":28319,"right":262,"left":16,"width":246,"height":1723.9375},{"identifier":"55088845","top":28319,"bottom":29233.125,"right":262,"left":16,"width":246,"height":914.125},{"identifier":"72601832","top":29233.125,"bottom":29817.0625,"right":262,"left":16,"width":246,"height":583.9375},{"identifier":"43635307","top":29817.0625,"bottom":30413.6875,"right":262,"left":16,"width":246,"height":596.625},{"identifier":"49146133","top":30413.6875,"bottom":31541.625,"right":262,"left":16,"width":246,"height":1127.9375},{"identifier":"26650562","top":31541.625,"bottom":32478.25,"right":262,"left":16,"width":246,"height":936.625},{"identifier":"28247369","top":32478.25,"bottom":32862.6875,"right":262,"left":16,"width":246,"height":384.4375},{"identifier":"36379158","top":32862.6875,"bottom":34534.625,"right":262,"left":16,"width":246,"height":1671.9375}]}},{"timestamp":"2022-11-10T16:50:13.023Z","url":"https://stackoverflow.com/questions/979256/sorting-an-array-of-objects-by-property-values","component":"page","action":"scroll","data":{"viewport":{"x":0,"y":300,"height":508,"width":295},"document":{"height":38623,"width":278},"question":{"identifier":"979256","top":-105.765625,"bottom":1156.171875,"right":262,"left":16,"width":246,"height":1261.9375},"answers":[{"identifier":"979289","top":1273.453125,"bottom":3383.765625,"right":262,"left":16,"width":246,"height":2110.3125},{"identifier":"979325","top":3383.765625,"bottom":5218.328125,"right":262,"left":16,"width":246,"height":1834.5625},{"identifier":"979278","top":5218.328125,"bottom":6237.140625,"right":262,"left":16,"width":246,"height":1018.8125},{"identifier":"19970578","top":6237.140625,"bottom":7281.140625,"right":262,"left":16,"width":246,"height":1044},{"identifier":"40796335","top":7281.140625,"bottom":8460.078125,"right":262,"left":16,"width":246,"height":1178.9375},{"identifier":"979295","top":8460.078125,"bottom":9201.203125,"right":262,"left":16,"width":246,"height":741.125},{"identifier":"26762192","top":9201.203125,"bottom":12325.1875,"right":262,"left":16,"width":246,"height":3123.984375},{"identifier":"37440769","top":12325.1875,"bottom":13417.375,"right":262,"left":16,"width":246,"height":1092.1875},{"identifier":"54346678","top":13417.375,"bottom":14087.875,"right":262,"left":16,"width":246,"height":670.5},{"identifier":"60641752","top":14087.875,"bottom":14838.25,"right":262,"left":16,"width":246,"height":750.375},{"identifier":"45534960","top":14838.25,"bottom":15911.4375,"right":262,"left":16,"width":246,"height":1073.1875},{"identifier":"56594176","top":15911.4375,"bottom":16342.375,"right":262,"left":16,"width":246,"height":430.9375},{"identifier":"50652203","top":16342.375,"bottom":18370.8125,"right":262,"left":16,"width":246,"height":2028.4375},{"identifier":"21399152","top":18370.8125,"bottom":19707.125,"right":262,"left":16,"width":246,"height":1336.3125},{"identifier":"20421221","top":19707.125,"bottom":21438.5625,"right":262,"left":16,"width":246,"height":1731.4375},{"identifier":"979296","top":21438.5625,"bottom":21974,"right":262,"left":16,"width":246,"height":535.4375},{"identifier":"25624937","top":21974,"bottom":22925.9375,"right":262,"left":16,"width":246,"height":951.9375},{"identifier":"32773923","top":22925.9375,"bottom":24807.5625,"right":262,"left":16,"width":246,"height":1881.625},{"identifier":"38585024","top":24807.5625,"bottom":25157,"right":262,"left":16,"width":246,"height":349.4375},{"identifier":"48662313","top":25157,"bottom":26120.4375,"right":262,"left":16,"width":246,"height":963.4375},{"identifier":"66636162","top":26120.4375,"bottom":27500.125,"right":262,"left":16,"width":246,"height":1379.6875},{"identifier":"30066050","top":27500.125,"bottom":27895.0625,"right":262,"left":16,"width":246,"height":394.9375},{"identifier":"42100506","top":27895.0625,"bottom":29619,"right":262,"left":16,"width":246,"height":1723.9375},{"identifier":"55088845","top":29619,"bottom":30533.125,"right":262,"left":16,"width":246,"height":914.125},{"identifier":"72601832","top":30533.125,"bottom":31117.0625,"right":262,"left":16,"width":246,"height":583.9375},{"identifier":"43635307","top":31117.0625,"bottom":31713.6875,"right":262,"left":16,"width":246,"height":596.625},{"identifier":"49146133","top":31713.6875,"bottom":32841.625,"right":262,"left":16,"width":246,"height":1127.9375},{"identifier":"26650562","top":32841.625,"bottom":33778.25,"right":262,"left":16,"width":246,"height":936.625},{"identifier":"28247369","top":33778.25,"bottom":34162.6875,"right":262,"left":16,"width":246,"height":384.4375},{"identifier":"36379158","top":34162.6875,"bottom":35834.625,"right":262,"left":16,"width":246,"height":1671.9375}]}}]}]}