{"trialId":"14987_4","taskId":"serve","appEvents":[{"timestamp":"2022-11-10T17:24:08.959Z","name":"search","data":"search-start"},{"timestamp":"2022-11-10T17:24:12.923Z","name":"search","data":"search-done"},{"timestamp":"2022-11-10T17:25:43.707Z","name":"search","data":"search-start"},{"timestamp":"2022-11-10T17:25:44.972Z","name":"search","data":"search-done"},{"timestamp":"2022-11-10T17:26:08.864Z","name":"search","data":"search-start"},{"timestamp":"2022-11-10T17:26:12.291Z","name":"search","data":"search-done"}],"searches":[{"keywords":["add","static","route"],"context":{"tokens":[{"kind":"library","value":"express"},{"kind":"library","value":"path"},{"kind":"language","value":"javascript"}]},"timestamp":"2022-11-10T17:24:08.955Z","results":[{"signatures":[],"areSignaturesLoading":true,"title":"node.js - `express.static()` keeps routing my files from the route","snippet":"Router object to handle my application routes. In my main app file, I have added a static route for all my static files(css, javascript, html).","url":"https://stackoverflow.com/questions/28143419/express-static-keeps-routing-my-files-from-the-route","displayLink":"https://stackoverflow.com › questions › express-static-k...","snippetHighlightWords":["routes","added","static route","static","javascript"],"date":"Jan 26, 2015"},{"signatures":[],"areSignaturesLoading":true,"title":"How to serve static files to different routes in Express?","snippet":"It's got to do with relative path. With express it's safer to use absolute path. After your route goes one level deep, the html file which ...","url":"https://stackoverflow.com/questions/55853857/how-to-serve-static-files-to-different-routes-in-express","displayLink":"https://stackoverflow.com › questions › how-to-serve-st...","snippetHighlightWords":["path","express","path","route"],"date":"Apr 25, 2019 1 answer"},{"signatures":[],"areSignaturesLoading":true,"title":"Node Express force all static routes to point to root path","snippet":"I have a node.js application that I am trying to genericize so that no matter the URL on the back end it always uses the root path to serve ...","url":"https://stackoverflow.com/questions/58081749/node-express-force-all-static-routes-to-point-to-root-path","displayLink":"https://stackoverflow.com › questions › node-express-f...","snippetHighlightWords":["node","js","path"],"date":"Sep 24, 2019"},{"signatures":[],"areSignaturesLoading":true,"title":"Express serving static files and routing - Stack Overflow","snippet":"I am using express js My root path is ...","url":"https://stackoverflow.com/questions/42977068/express-serving-static-files-and-routing","displayLink":"https://stackoverflow.com › questions › express-serving...","snippetHighlightWords":["express js","path"],"date":"Mar 23, 2017"},{"signatures":[],"areSignaturesLoading":true,"title":"express static routes are not working when adding a validation ...","snippet":"I`ve got a status 404 not found. How can I add another middleware to app.use before the express.static middleware? javascript · express ...","url":"https://stackoverflow.com/questions/69758526/express-static-routes-are-not-working-when-adding-a-validation-middleware","displayLink":"https://stackoverflow.com › questions › express-static-r...","snippetHighlightWords":["add","express","static","javascript","express"],"date":"Oct 28, 2021"},{"signatures":[],"areSignaturesLoading":true,"title":"Express routes to serve directory of static content","snippet":"yes but a whole directory of it to specific route path. – Ajay. Mar 27, 2020 at 1:59. Add a comment ...","url":"https://stackoverflow.com/questions/60878869/express-routes-to-serve-directory-of-static-content","displayLink":"https://stackoverflow.com › questions › express-routes-t...","snippetHighlightWords":["directory","route path","Add"],"date":"Mar 27, 2020"},{"signatures":[],"areSignaturesLoading":true,"title":"node.js - Static routing in node express - Stack Overflow","snippet":"You'd be a lot better off if you don't create conflicting rules where more than one rule matches the same path. · What do you mean exactly by \" / ...","url":"https://stackoverflow.com/questions/36395563/static-routing-in-node-express","displayLink":"https://stackoverflow.com › questions › static-routing-in...","snippetHighlightWords":["create","path"],"date":"Apr 4, 2016"},{"signatures":[],"areSignaturesLoading":true,"title":"Creating routing for a static site using Express - Stack Overflow","snippet":"I am creating a static site, (HTML, CSS, JS) using nodeJS and express for the server... I am trying to create routes, so that the user sees ...","url":"https://stackoverflow.com/questions/66258861/creating-routing-for-a-static-site-using-express","displayLink":"https://stackoverflow.com › questions › creating-routin...","snippetHighlightWords":["static","JS","nodeJS","express","create routes"],"date":"Feb 18, 2021"},{"signatures":[],"areSignaturesLoading":true,"title":"express.static() doesn't route the static files - Stack Overflow","snippet":"I would just serve the public folder. app.use(express.static(path.join(__dirname, 'public')));. Then you can just do:","url":"https://stackoverflow.com/questions/55285668/express-static-doesnt-route-the-static-files","displayLink":"https://stackoverflow.com › questions › express-static-d...","snippetHighlightWords":["express","static","path"],"date":"Mar 21, 2019 2 answers"},{"signatures":[],"areSignaturesLoading":true,"title":"How to add a static route after a dynamic one in ExpressJS?","snippet":"Well, express checks routes in the the order they are registered, and the first one matching is executed. · @bogdanoff what do you think require( ...","url":"https://stackoverflow.com/questions/73305912/how-to-add-a-static-route-after-a-dynamic-one-in-expressjs","displayLink":"https://stackoverflow.com › questions › how-to-add-a-st...","snippetHighlightWords":["express","routes"],"date":"Aug 10, 2022"}],"events":[{"timestamp":"2022-11-10T17:24:11.751Z","url":"https://stackoverflow.com/questions/28143419/express-static-keeps-routing-my-files-from-the-route","component":"projection","action":"load","data":{"height":82,"width":289.515625,"wc":25,"lc":1}},{"timestamp":"2022-11-10T17:24:11.751Z","url":"https://stackoverflow.com/questions/55853857/how-to-serve-static-files-to-different-routes-in-express","component":"projection","action":"load","data":{"height":82,"width":291.765625,"wc":27,"lc":1}},{"timestamp":"2022-11-10T17:24:11.751Z","url":"https://stackoverflow.com/questions/58081749/node-express-force-all-static-routes-to-point-to-root-path","component":"projection","action":"load","data":{"height":82,"width":289.609375,"wc":30,"lc":1}},{"timestamp":"2022-11-10T17:24:11.751Z","url":"https://stackoverflow.com/questions/42977068/express-serving-static-files-and-routing","component":"projection","action":"load","data":{"height":38,"width":296.234375,"wc":10,"lc":1}},{"timestamp":"2022-11-10T17:24:11.751Z","url":"https://stackoverflow.com/questions/69758526/express-static-routes-are-not-working-when-adding-a-validation-middleware","component":"projection","action":"load","data":{"height":82,"width":280.484375,"wc":23,"lc":1}},{"timestamp":"2022-11-10T17:24:11.751Z","url":"https://stackoverflow.com/questions/60878869/express-routes-to-serve-directory-of-static-content","component":"projection","action":"load","data":{"height":60,"width":296.4375,"wc":22,"lc":1}},{"timestamp":"2022-11-10T17:24:11.751Z","url":"https://stackoverflow.com/questions/36395563/static-routing-in-node-express","component":"projection","action":"load","data":{"height":82,"width":289.015625,"wc":31,"lc":1}},{"timestamp":"2022-11-10T17:24:11.751Z","url":"https://stackoverflow.com/questions/66258861/creating-routing-for-a-static-site-using-express","component":"projection","action":"load","data":{"height":82,"width":297.578125,"wc":28,"lc":1}},{"timestamp":"2022-11-10T17:24:11.751Z","url":"https://stackoverflow.com/questions/55285668/express-static-doesnt-route-the-static-files","component":"projection","action":"load","data":{"height":82,"width":286.84375,"wc":14,"lc":1}},{"timestamp":"2022-11-10T17:24:11.751Z","url":"https://stackoverflow.com/questions/73305912/how-to-add-a-static-route-after-a-dynamic-one-in-expressjs","component":"projection","action":"load","data":{"height":82,"width":291.125,"wc":26,"lc":1}},{"timestamp":"2022-11-10T17:24:12.209Z","url":"https://stackoverflow.com/questions/28143419/express-static-keeps-routing-my-files-from-the-route","component":"projection","action":"mouseenter"},{"timestamp":"2022-11-10T17:24:12.923Z","url":"https://stackoverflow.com/questions/28143419/express-static-keeps-routing-my-files-from-the-route","component":"projection","action":"loaded","data":"projection 10 of 10"},{"timestamp":"2022-11-10T17:24:12.923Z","url":"https://stackoverflow.com/questions/55853857/how-to-serve-static-files-to-different-routes-in-express","component":"projection","action":"loaded","data":"projection 9 of 10"},{"timestamp":"2022-11-10T17:24:12.923Z","url":"https://stackoverflow.com/questions/58081749/node-express-force-all-static-routes-to-point-to-root-path","component":"projection","action":"loaded","data":"projection 8 of 10"},{"timestamp":"2022-11-10T17:24:12.923Z","url":"https://stackoverflow.com/questions/42977068/express-serving-static-files-and-routing","component":"projection","action":"loaded","data":"projection 7 of 10"},{"timestamp":"2022-11-10T17:24:12.923Z","url":"https://stackoverflow.com/questions/69758526/express-static-routes-are-not-working-when-adding-a-validation-middleware","component":"projection","action":"loaded","data":"projection 6 of 10"},{"timestamp":"2022-11-10T17:24:12.923Z","url":"https://stackoverflow.com/questions/60878869/express-routes-to-serve-directory-of-static-content","component":"projection","action":"loaded","data":"projection 5 of 10"},{"timestamp":"2022-11-10T17:24:12.923Z","url":"https://stackoverflow.com/questions/36395563/static-routing-in-node-express","component":"projection","action":"loaded","data":"projection 4 of 10"},{"timestamp":"2022-11-10T17:24:12.923Z","url":"https://stackoverflow.com/questions/66258861/creating-routing-for-a-static-site-using-express","component":"projection","action":"loaded","data":"projection 3 of 10"},{"timestamp":"2022-11-10T17:24:12.923Z","url":"https://stackoverflow.com/questions/55285668/express-static-doesnt-route-the-static-files","component":"projection","action":"loaded","data":"projection 2 of 10"},{"timestamp":"2022-11-10T17:24:12.923Z","url":"https://stackoverflow.com/questions/73305912/how-to-add-a-static-route-after-a-dynamic-one-in-expressjs","component":"projection","action":"loaded","data":"projection 1 of 10"},{"timestamp":"2022-11-10T17:24:13.874Z","url":"https://stackoverflow.com/questions/28143419/express-static-keeps-routing-my-files-from-the-route","component":"projection","action":"mouseleave"},{"timestamp":"2022-11-10T17:24:13.875Z","url":"https://stackoverflow.com/questions/55853857/how-to-serve-static-files-to-different-routes-in-express","component":"projection","action":"mouseenter"},{"timestamp":"2022-11-10T17:24:14.608Z","url":"https://stackoverflow.com/questions/55853857/how-to-serve-static-files-to-different-routes-in-express","component":"projection","action":"mouseleave"},{"timestamp":"2022-11-10T17:24:14.609Z","url":"https://stackoverflow.com/questions/28143419/express-static-keeps-routing-my-files-from-the-route","component":"projection","action":"mouseenter"},{"timestamp":"2022-11-10T17:24:16.113Z","url":"https://stackoverflow.com/questions/28143419/express-static-keeps-routing-my-files-from-the-route","component":"page","action":"open"},{"timestamp":"2022-11-10T17:24:16.160Z","url":"https://stackoverflow.com/questions/28143419/express-static-keeps-routing-my-files-from-the-route","component":"projection","action":"mouseleave"},{"timestamp":"2022-11-10T17:24:17.108Z","url":"https://stackoverflow.com/questions/28143419/express-static-keeps-routing-my-files-from-the-route","component":"page","action":"load"},{"timestamp":"2022-11-10T17:24:24.811Z","url":"https://stackoverflow.com/questions/28143419/express-static-keeps-routing-my-files-from-the-route","component":"page","action":"scroll","data":{"viewport":{"x":0,"y":400,"height":508,"width":322},"document":{"height":6906,"width":305},"question":{"identifier":"28143419","top":-205.765625,"bottom":2412.671875,"right":289,"left":16,"width":273,"height":2618.4375},"answers":[{"identifier":"28143812","top":2492.953125,"bottom":4303.765625,"right":289,"left":16,"width":273,"height":1810.8125}]}},{"timestamp":"2022-11-10T17:24:25.899Z","url":"https://stackoverflow.com/questions/28143419/express-static-keeps-routing-my-files-from-the-route","component":"page","action":"scroll","data":{"viewport":{"x":0,"y":700,"height":508,"width":322},"document":{"height":6906,"width":305},"question":{"identifier":"28143419","top":-505.765625,"bottom":2112.671875,"right":289,"left":16,"width":273,"height":2618.4375},"answers":[{"identifier":"28143812","top":2192.953125,"bottom":4003.765625,"right":289,"left":16,"width":273,"height":1810.8125}]}},{"timestamp":"2022-11-10T17:24:28.874Z","url":"https://stackoverflow.com/questions/28143419/express-static-keeps-routing-my-files-from-the-route","component":"page","action":"scroll","data":{"viewport":{"x":0,"y":2800,"height":508,"width":322},"document":{"height":6906,"width":305},"question":{"identifier":"28143419","top":-2605.765625,"bottom":12.671875,"right":289,"left":16,"width":273,"height":2618.4375},"answers":[{"identifier":"28143812","top":92.953125,"bottom":1903.765625,"right":289,"left":16,"width":273,"height":1810.8125}]}},{"timestamp":"2022-11-10T17:25:08.071Z","url":"https://stackoverflow.com/questions/28143419/express-static-keeps-routing-my-files-from-the-route","component":"page","action":"selection","data":"("},{"timestamp":"2022-11-10T17:25:10.208Z","url":"https://stackoverflow.com/questions/28143419/express-static-keeps-routing-my-files-from-the-route","component":"page","action":"copy","data":"app.use(express.static(__dirname + '/public'));\n"},{"timestamp":"2022-11-10T17:25:10.357Z","url":"https://stackoverflow.com/questions/28143419/express-static-keeps-routing-my-files-from-the-route","component":"page","action":"selection","data":"app.use(express.static(__dirname + '/public'));\n"},{"timestamp":"2022-11-10T17:25:41.269Z","url":"https://stackoverflow.com/questions/28143419/express-static-keeps-routing-my-files-from-the-route","component":"page","action":"scroll","data":{"viewport":{"x":0,"y":5900,"height":508,"width":322},"document":{"height":6906,"width":305},"question":{"identifier":"28143419","top":-5705.765625,"bottom":-3087.328125,"right":289,"left":16,"width":273,"height":2618.4375},"answers":[{"identifier":"28143812","top":-3007.046875,"bottom":-1196.234375,"right":289,"left":16,"width":273,"height":1810.8125}]}},{"timestamp":"2022-11-10T17:25:41.953Z","url":"https://stackoverflow.com/questions/28143419/express-static-keeps-routing-my-files-from-the-route","component":"page","action":"close"},{"timestamp":"2022-11-10T17:25:42.298Z","url":"https://stackoverflow.com/questions/28143419/express-static-keeps-routing-my-files-from-the-route","component":"projection","action":"mouseenter"},{"timestamp":"2022-11-10T17:25:42.457Z","url":"https://stackoverflow.com/questions/28143419/express-static-keeps-routing-my-files-from-the-route","component":"projection","action":"mouseleave"},{"timestamp":"2022-11-10T17:25:42.458Z","url":"https://stackoverflow.com/questions/55853857/how-to-serve-static-files-to-different-routes-in-express","component":"projection","action":"mouseenter"},{"timestamp":"2022-11-10T17:25:43.337Z","url":"https://stackoverflow.com/questions/55853857/how-to-serve-static-files-to-different-routes-in-express","component":"page","action":"open"},{"timestamp":"2022-11-10T17:25:43.387Z","url":"https://stackoverflow.com/questions/55853857/how-to-serve-static-files-to-different-routes-in-express","component":"projection","action":"mouseleave"}]},{"keywords":["add","static","route"],"context":{"tokens":[{"kind":"library","value":"express"},{"kind":"library","value":"path"},{"kind":"call","value":"static"},{"kind":"language","value":"javascript"}]},"timestamp":"2022-11-10T17:25:43.705Z","results":[{"signatures":[],"areSignaturesLoading":true,"title":"node.js - `express.static()` keeps routing my files from the route","snippet":"Router object to handle my application routes. In my main app file, I have added a static route for all my static files(css, javascript, html).","url":"https://stackoverflow.com/questions/28143419/express-static-keeps-routing-my-files-from-the-route","displayLink":"https://stackoverflow.com › questions › express-static-k...","snippetHighlightWords":["routes","added","static route","static","javascript"],"date":"Jan 26, 2015"},{"signatures":[],"areSignaturesLoading":true,"title":"How to serve static files to different routes in Express?","snippet":"It's got to do with relative path. With express it's safer to use absolute path. After your route goes one level deep, the html file which ...","url":"https://stackoverflow.com/questions/55853857/how-to-serve-static-files-to-different-routes-in-express","displayLink":"https://stackoverflow.com › questions › how-to-serve-st...","snippetHighlightWords":["path","express","path","route"],"date":"Apr 25, 2019 1 answer"},{"signatures":[],"areSignaturesLoading":true,"title":"Node Express force all static routes to point to root path","snippet":"I have a node.js application that I am trying to genericize so that no matter the URL on the back end it always uses the root path to serve ...","url":"https://stackoverflow.com/questions/58081749/node-express-force-all-static-routes-to-point-to-root-path","displayLink":"https://stackoverflow.com › questions › node-express-f...","snippetHighlightWords":["node","js","path"],"date":"Sep 24, 2019"},{"signatures":[],"areSignaturesLoading":true,"title":"Express serving static files and routing - Stack Overflow","snippet":"I am using express js My root path is ...","url":"https://stackoverflow.com/questions/42977068/express-serving-static-files-and-routing","displayLink":"https://stackoverflow.com › questions › express-serving...","snippetHighlightWords":["express js","path"],"date":"Mar 23, 2017"},{"signatures":[],"areSignaturesLoading":true,"title":"express static routes are not working when adding a validation ...","snippet":"I`ve got a status 404 not found. How can I add another middleware to app.use before the express.static middleware? javascript · express ...","url":"https://stackoverflow.com/questions/69758526/express-static-routes-are-not-working-when-adding-a-validation-middleware","displayLink":"https://stackoverflow.com › questions › express-static-r...","snippetHighlightWords":["add","express","static","javascript","express"],"date":"Oct 28, 2021"},{"signatures":[],"areSignaturesLoading":true,"title":"Express routes to serve directory of static content","snippet":"yes but a whole directory of it to specific route path. – Ajay. Mar 27, 2020 at 1:59. Add a comment ...","url":"https://stackoverflow.com/questions/60878869/express-routes-to-serve-directory-of-static-content","displayLink":"https://stackoverflow.com › questions › express-routes-t...","snippetHighlightWords":["directory","route path","Add"],"date":"Mar 27, 2020"},{"signatures":[],"areSignaturesLoading":true,"title":"node.js - Static routing in node express - Stack Overflow","snippet":"You'd be a lot better off if you don't create conflicting rules where more than one rule matches the same path. · What do you mean exactly by \" / ...","url":"https://stackoverflow.com/questions/36395563/static-routing-in-node-express","displayLink":"https://stackoverflow.com › questions › static-routing-in...","snippetHighlightWords":["create","path"],"date":"Apr 4, 2016"},{"signatures":[],"areSignaturesLoading":true,"title":"Creating routing for a static site using Express - Stack Overflow","snippet":"I am creating a static site, (HTML, CSS, JS) using nodeJS and express for the server... I am trying to create routes, so that the user sees ...","url":"https://stackoverflow.com/questions/66258861/creating-routing-for-a-static-site-using-express","displayLink":"https://stackoverflow.com › questions › creating-routin...","snippetHighlightWords":["static","JS","nodeJS","express","create routes"],"date":"Feb 18, 2021"},{"signatures":[],"areSignaturesLoading":true,"title":"express.static() doesn't route the static files - Stack Overflow","snippet":"I would just serve the public folder. app.use(express.static(path.join(__dirname, 'public')));. Then you can just do:","url":"https://stackoverflow.com/questions/55285668/express-static-doesnt-route-the-static-files","displayLink":"https://stackoverflow.com › questions › express-static-d...","snippetHighlightWords":["express","static","path"],"date":"Mar 21, 2019 2 answers"},{"signatures":[],"areSignaturesLoading":true,"title":"How to add a static route after a dynamic one in ExpressJS?","snippet":"Well, express checks routes in the the order they are registered, and the first one matching is executed. · @bogdanoff what do you think require( ...","url":"https://stackoverflow.com/questions/73305912/how-to-add-a-static-route-after-a-dynamic-one-in-expressjs","displayLink":"https://stackoverflow.com › questions › how-to-add-a-st...","snippetHighlightWords":["express","routes"],"date":"Aug 10, 2022"}],"events":[{"timestamp":"2022-11-10T17:25:43.759Z","url":"https://stackoverflow.com/questions/28143419/express-static-keeps-routing-my-files-from-the-route","component":"projection","action":"load","data":{"height":82,"width":304.203125,"wc":25,"lc":1}},{"timestamp":"2022-11-10T17:25:43.759Z","url":"https://stackoverflow.com/questions/55853857/how-to-serve-static-files-to-different-routes-in-express","component":"projection","action":"load","data":{"height":82,"width":291.765625,"wc":27,"lc":1}},{"timestamp":"2022-11-10T17:25:43.759Z","url":"https://stackoverflow.com/questions/58081749/node-express-force-all-static-routes-to-point-to-root-path","component":"projection","action":"load","data":{"height":82,"width":301.46875,"wc":30,"lc":1}},{"timestamp":"2022-11-10T17:25:43.759Z","url":"https://stackoverflow.com/questions/42977068/express-serving-static-files-and-routing","component":"projection","action":"load","data":{"height":38,"width":296.234375,"wc":10,"lc":1}},{"timestamp":"2022-11-10T17:25:43.759Z","url":"https://stackoverflow.com/questions/69758526/express-static-routes-are-not-working-when-adding-a-validation-middleware","component":"projection","action":"load","data":{"height":82,"width":299.6875,"wc":23,"lc":1}},{"timestamp":"2022-11-10T17:25:43.759Z","url":"https://stackoverflow.com/questions/60878869/express-routes-to-serve-directory-of-static-content","component":"projection","action":"load","data":{"height":60,"width":296.4375,"wc":22,"lc":1}},{"timestamp":"2022-11-10T17:25:43.759Z","url":"https://stackoverflow.com/questions/36395563/static-routing-in-node-express","component":"projection","action":"load","data":{"height":82,"width":301.75,"wc":31,"lc":1}},{"timestamp":"2022-11-10T17:25:43.759Z","url":"https://stackoverflow.com/questions/66258861/creating-routing-for-a-static-site-using-express","component":"projection","action":"load","data":{"height":82,"width":307.171875,"wc":28,"lc":1}},{"timestamp":"2022-11-10T17:25:43.760Z","url":"https://stackoverflow.com/questions/55285668/express-static-doesnt-route-the-static-files","component":"projection","action":"load","data":{"height":82,"width":286.84375,"wc":14,"lc":1}},{"timestamp":"2022-11-10T17:25:43.760Z","url":"https://stackoverflow.com/questions/73305912/how-to-add-a-static-route-after-a-dynamic-one-in-expressjs","component":"projection","action":"load","data":{"height":82,"width":306.21875,"wc":26,"lc":1}},{"timestamp":"2022-11-10T17:25:44.929Z","url":"https://stackoverflow.com/questions/55853857/how-to-serve-static-files-to-different-routes-in-express","component":"page","action":"load"},{"timestamp":"2022-11-10T17:25:44.971Z","url":"https://stackoverflow.com/questions/28143419/express-static-keeps-routing-my-files-from-the-route","component":"projection","action":"loaded","data":"projection 10 of 10"},{"timestamp":"2022-11-10T17:25:44.971Z","url":"https://stackoverflow.com/questions/55853857/how-to-serve-static-files-to-different-routes-in-express","component":"projection","action":"loaded","data":"projection 9 of 10"},{"timestamp":"2022-11-10T17:25:44.971Z","url":"https://stackoverflow.com/questions/58081749/node-express-force-all-static-routes-to-point-to-root-path","component":"projection","action":"loaded","data":"projection 8 of 10"},{"timestamp":"2022-11-10T17:25:44.971Z","url":"https://stackoverflow.com/questions/42977068/express-serving-static-files-and-routing","component":"projection","action":"loaded","data":"projection 7 of 10"},{"timestamp":"2022-11-10T17:25:44.971Z","url":"https://stackoverflow.com/questions/69758526/express-static-routes-are-not-working-when-adding-a-validation-middleware","component":"projection","action":"loaded","data":"projection 6 of 10"},{"timestamp":"2022-11-10T17:25:44.971Z","url":"https://stackoverflow.com/questions/60878869/express-routes-to-serve-directory-of-static-content","component":"projection","action":"loaded","data":"projection 5 of 10"},{"timestamp":"2022-11-10T17:25:44.971Z","url":"https://stackoverflow.com/questions/36395563/static-routing-in-node-express","component":"projection","action":"loaded","data":"projection 4 of 10"},{"timestamp":"2022-11-10T17:25:44.972Z","url":"https://stackoverflow.com/questions/66258861/creating-routing-for-a-static-site-using-express","component":"projection","action":"loaded","data":"projection 3 of 10"},{"timestamp":"2022-11-10T17:25:44.972Z","url":"https://stackoverflow.com/questions/55285668/express-static-doesnt-route-the-static-files","component":"projection","action":"loaded","data":"projection 2 of 10"},{"timestamp":"2022-11-10T17:25:44.972Z","url":"https://stackoverflow.com/questions/73305912/how-to-add-a-static-route-after-a-dynamic-one-in-expressjs","component":"projection","action":"loaded","data":"projection 1 of 10"},{"timestamp":"2022-11-10T17:25:46.830Z","url":"https://stackoverflow.com/questions/55853857/how-to-serve-static-files-to-different-routes-in-express","component":"page","action":"scroll","data":{"viewport":{"x":0,"y":600,"height":508,"width":322},"document":{"height":4724,"width":305},"question":{"identifier":"55853857","top":-436.59375,"bottom":1359,"right":289,"left":16,"width":273,"height":1795.59375},"answers":[{"identifier":"55854598","top":1439.28125,"bottom":2017.21875,"right":289,"left":16,"width":273,"height":577.9375}]}},{"timestamp":"2022-11-10T17:25:47.725Z","url":"https://stackoverflow.com/questions/55853857/how-to-serve-static-files-to-different-routes-in-express","component":"page","action":"scroll","data":{"viewport":{"x":0,"y":1100,"height":508,"width":322},"document":{"height":4724,"width":305},"question":{"identifier":"55853857","top":-936.59375,"bottom":859,"right":289,"left":16,"width":273,"height":1795.59375},"answers":[{"identifier":"55854598","top":939.28125,"bottom":1517.21875,"right":289,"left":16,"width":273,"height":577.9375}]}},{"timestamp":"2022-11-10T17:25:48.725Z","url":"https://stackoverflow.com/questions/55853857/how-to-serve-static-files-to-different-routes-in-express","component":"page","action":"scroll","data":{"viewport":{"x":0,"y":900,"height":508,"width":322},"document":{"height":4724,"width":305},"question":{"identifier":"55853857","top":-736.59375,"bottom":1059,"right":289,"left":16,"width":273,"height":1795.59375},"answers":[{"identifier":"55854598","top":1139.28125,"bottom":1717.21875,"right":289,"left":16,"width":273,"height":577.9375}]}},{"timestamp":"2022-11-10T17:25:50.861Z","url":"https://stackoverflow.com/questions/55853857/how-to-serve-static-files-to-different-routes-in-express","component":"page","action":"scroll","data":{"viewport":{"x":0,"y":1900,"height":508,"width":322},"document":{"height":4724,"width":305},"question":{"identifier":"55853857","top":-1736.59375,"bottom":59,"right":289,"left":16,"width":273,"height":1795.59375},"answers":[{"identifier":"55854598","top":139.28125,"bottom":717.21875,"right":289,"left":16,"width":273,"height":577.9375}]}},{"timestamp":"2022-11-10T17:25:52.463Z","url":"https://stackoverflow.com/questions/55853857/how-to-serve-static-files-to-different-routes-in-express","component":"page","action":"scroll","data":{"viewport":{"x":0,"y":2300,"height":508,"width":322},"document":{"height":4724,"width":305},"question":{"identifier":"55853857","top":-2136.59375,"bottom":-341,"right":289,"left":16,"width":273,"height":1795.59375},"answers":[{"identifier":"55854598","top":-260.71875,"bottom":317.21875,"right":289,"left":16,"width":273,"height":577.9375}]}},{"timestamp":"2022-11-10T17:25:55.759Z","url":"https://stackoverflow.com/questions/55853857/how-to-serve-static-files-to-different-routes-in-express","component":"page","action":"scroll","data":{"viewport":{"x":0,"y":3500,"height":508,"width":322},"document":{"height":4724,"width":305},"question":{"identifier":"55853857","top":-3336.59375,"bottom":-1541,"right":289,"left":16,"width":273,"height":1795.59375},"answers":[{"identifier":"55854598","top":-1460.71875,"bottom":-882.78125,"right":289,"left":16,"width":273,"height":577.9375}]}},{"timestamp":"2022-11-10T17:25:56.225Z","url":"https://stackoverflow.com/questions/55853857/how-to-serve-static-files-to-different-routes-in-express","component":"page","action":"close"}]},{"keywords":["add","static","route","using","path"],"context":{"tokens":[{"kind":"library","value":"express"},{"kind":"library","value":"path"},{"kind":"call","value":"static"},{"kind":"language","value":"javascript"}]},"timestamp":"2022-11-10T17:26:08.862Z","results":[{"signatures":[],"areSignaturesLoading":true,"title":"How to serve static files to different routes in Express?","snippet":"Try app.use('/public(/*)?', express.static(__dirname + '/public')) . Does that work?","url":"https://stackoverflow.com/questions/55853857/how-to-serve-static-files-to-different-routes-in-express","displayLink":"https://stackoverflow.com › questions › how-to-serve-st...","snippetHighlightWords":["use","express","static"],"date":"Apr 25, 2019"},{"signatures":[],"areSignaturesLoading":true,"title":"Express serving static files and routing - Stack Overflow","snippet":"I am using express js My root path is ...","url":"https://stackoverflow.com/questions/42977068/express-serving-static-files-and-routing","displayLink":"https://stackoverflow.com › questions › express-serving...","snippetHighlightWords":["using express js","path"],"date":"Mar 23, 2017"},{"signatures":[],"areSignaturesLoading":true,"title":"Serve out 'static' route with express with redirect and middleware","snippet":"As a concrete example I am using passport and would like to make sure the user is logged in to access that static content. node.js · express · Share.","url":"https://stackoverflow.com/questions/27734164/serve-out-static-route-with-express-with-redirect-and-middleware","displayLink":"https://stackoverflow.com › questions › serve-out-static-...","snippetHighlightWords":["using","static","node","js","express"]},{"signatures":[],"areSignaturesLoading":true,"title":"Node Express force all static routes to point to root path","snippet":"I have a node.js application that I am trying to genericize so that no matter the URL on the back end it always uses the root path to serve ...","url":"https://stackoverflow.com/questions/58081749/node-express-force-all-static-routes-to-point-to-root-path","displayLink":"https://stackoverflow.com › questions › node-express-f...","snippetHighlightWords":["node","js","uses","path"],"date":"Sep 24, 2019"},{"signatures":[],"areSignaturesLoading":true,"title":"express static routes are not working when adding a validation ...","snippet":"use() takes one or more middleware callback functions just fine. This is from the doc: app.use([path,] callback [, callback...]) . They do not ...","url":"https://stackoverflow.com/questions/69758526/express-static-routes-are-not-working-when-adding-a-validation-middleware","displayLink":"https://stackoverflow.com › questions › express-static-r...","snippetHighlightWords":["use","use","path"],"date":"Oct 28, 2021"},{"signatures":[],"areSignaturesLoading":true,"title":"node.js - Static routing in node express - Stack Overflow","snippet":"You'd be a lot better off if you don't create conflicting rules where more than one rule matches the same path. · What do you mean exactly by \" / ...","url":"https://stackoverflow.com/questions/36395563/static-routing-in-node-express","displayLink":"https://stackoverflow.com › questions › static-routing-in...","snippetHighlightWords":["create","path"],"date":"Apr 4, 2016"},{"signatures":[],"areSignaturesLoading":true,"title":"How to set dynamic route for static files in express","snippet":"You do it the other way around you modify url to make your desire effect app.use('/', function(req,res,next){ if(condition){ req.url = newURL // add ...","url":"https://stackoverflow.com/questions/32544846/how-to-set-dynamic-route-for-static-files-in-express","displayLink":"https://stackoverflow.com › questions › how-to-set-dyn...","snippetHighlightWords":["use","add"],"date":"5 answers"},{"signatures":[],"areSignaturesLoading":true,"title":"Express routes to serve directory of static content","snippet":"yes but a whole directory of it to specific route path. – Ajay. Mar 27, 2020 at 1:59. Add a comment ...","url":"https://stackoverflow.com/questions/60878869/express-routes-to-serve-directory-of-static-content","displayLink":"https://stackoverflow.com › questions › express-routes-t...","snippetHighlightWords":["directory","route path","Add"],"date":"Mar 27, 2020"},{"signatures":[],"areSignaturesLoading":true,"title":"Creating routing for a static site using Express - Stack Overflow","snippet":"I am creating a static site, (HTML, CSS, JS) using nodeJS and express for the server... I am trying to create routes, so that the user sees ...","url":"https://stackoverflow.com/questions/66258861/creating-routing-for-a-static-site-using-express","displayLink":"https://stackoverflow.com › questions › creating-routin...","snippetHighlightWords":["static","JS","using nodeJS","express","create routes"],"date":"Feb 18, 2021"},{"signatures":[],"areSignaturesLoading":true,"title":"express.static() doesn't route the static files - Stack Overflow","snippet":"I would just serve the public folder. app.use(express.static(path.join(__dirname, 'public')));. Then you can just do:","url":"https://stackoverflow.com/questions/55285668/express-static-doesnt-route-the-static-files","displayLink":"https://stackoverflow.com › questions › express-static-d...","snippetHighlightWords":["use","express","static","path"],"date":"Mar 21, 2019 2 answers"}],"events":[{"timestamp":"2022-11-10T17:26:11.123Z","url":"https://stackoverflow.com/questions/55853857/how-to-serve-static-files-to-different-routes-in-express","component":"projection","action":"load","data":{"height":60,"width":284.1875,"wc":9,"lc":1}},{"timestamp":"2022-11-10T17:26:11.124Z","url":"https://stackoverflow.com/questions/42977068/express-serving-static-files-and-routing","component":"projection","action":"load","data":{"height":38,"width":271.59375,"wc":10,"lc":1}},{"timestamp":"2022-11-10T17:26:11.124Z","url":"https://stackoverflow.com/questions/27734164/serve-out-static-route-with-express-with-redirect-and-middleware","component":"projection","action":"load","data":{"height":82,"width":292.546875,"wc":29,"lc":1}},{"timestamp":"2022-11-10T17:26:11.124Z","url":"https://stackoverflow.com/questions/58081749/node-express-force-all-static-routes-to-point-to-root-path","component":"projection","action":"load","data":{"height":82,"width":289.609375,"wc":30,"lc":1}},{"timestamp":"2022-11-10T17:26:11.124Z","url":"https://stackoverflow.com/questions/69758526/express-static-routes-are-not-working-when-adding-a-validation-middleware","component":"projection","action":"load","data":{"height":82,"width":290.90625,"wc":24,"lc":1}},{"timestamp":"2022-11-10T17:26:11.124Z","url":"https://stackoverflow.com/questions/36395563/static-routing-in-node-express","component":"projection","action":"load","data":{"height":82,"width":289.015625,"wc":31,"lc":1}},{"timestamp":"2022-11-10T17:26:11.124Z","url":"https://stackoverflow.com/questions/32544846/how-to-set-dynamic-route-for-static-files-in-express","component":"projection","action":"load","data":{"height":82,"width":296.0625,"wc":24,"lc":1}},{"timestamp":"2022-11-10T17:26:11.124Z","url":"https://stackoverflow.com/questions/60878869/express-routes-to-serve-directory-of-static-content","component":"projection","action":"load","data":{"height":60,"width":296.4375,"wc":22,"lc":1}},{"timestamp":"2022-11-10T17:26:11.124Z","url":"https://stackoverflow.com/questions/66258861/creating-routing-for-a-static-site-using-express","component":"projection","action":"load","data":{"height":82,"width":297.578125,"wc":28,"lc":1}},{"timestamp":"2022-11-10T17:26:11.124Z","url":"https://stackoverflow.com/questions/55285668/express-static-doesnt-route-the-static-files","component":"projection","action":"load","data":{"height":82,"width":288.40625,"wc":14,"lc":1}},{"timestamp":"2022-11-10T17:26:11.575Z","url":"https://stackoverflow.com/questions/55853857/how-to-serve-static-files-to-different-routes-in-express","component":"projection","action":"mouseenter"},{"timestamp":"2022-11-10T17:26:12.089Z","url":"https://stackoverflow.com/questions/55853857/how-to-serve-static-files-to-different-routes-in-express","component":"page","action":"open"},{"timestamp":"2022-11-10T17:26:12.147Z","url":"https://stackoverflow.com/questions/55853857/how-to-serve-static-files-to-different-routes-in-express","component":"projection","action":"mouseleave"},{"timestamp":"2022-11-10T17:26:12.290Z","url":"https://stackoverflow.com/questions/55853857/how-to-serve-static-files-to-different-routes-in-express","component":"projection","action":"loaded","data":"projection 10 of 10"},{"timestamp":"2022-11-10T17:26:12.291Z","url":"https://stackoverflow.com/questions/42977068/express-serving-static-files-and-routing","component":"projection","action":"loaded","data":"projection 9 of 10"},{"timestamp":"2022-11-10T17:26:12.291Z","url":"https://stackoverflow.com/questions/27734164/serve-out-static-route-with-express-with-redirect-and-middleware","component":"projection","action":"loaded","data":"projection 8 of 10"},{"timestamp":"2022-11-10T17:26:12.291Z","url":"https://stackoverflow.com/questions/58081749/node-express-force-all-static-routes-to-point-to-root-path","component":"projection","action":"loaded","data":"projection 7 of 10"},{"timestamp":"2022-11-10T17:26:12.291Z","url":"https://stackoverflow.com/questions/69758526/express-static-routes-are-not-working-when-adding-a-validation-middleware","component":"projection","action":"loaded","data":"projection 6 of 10"},{"timestamp":"2022-11-10T17:26:12.291Z","url":"https://stackoverflow.com/questions/36395563/static-routing-in-node-express","component":"projection","action":"loaded","data":"projection 5 of 10"},{"timestamp":"2022-11-10T17:26:12.291Z","url":"https://stackoverflow.com/questions/32544846/how-to-set-dynamic-route-for-static-files-in-express","component":"projection","action":"loaded","data":"projection 4 of 10"},{"timestamp":"2022-11-10T17:26:12.291Z","url":"https://stackoverflow.com/questions/60878869/express-routes-to-serve-directory-of-static-content","component":"projection","action":"loaded","data":"projection 3 of 10"},{"timestamp":"2022-11-10T17:26:12.291Z","url":"https://stackoverflow.com/questions/66258861/creating-routing-for-a-static-site-using-express","component":"projection","action":"loaded","data":"projection 2 of 10"},{"timestamp":"2022-11-10T17:26:12.291Z","url":"https://stackoverflow.com/questions/55285668/express-static-doesnt-route-the-static-files","component":"projection","action":"loaded","data":"projection 1 of 10"},{"timestamp":"2022-11-10T17:26:13.090Z","url":"https://stackoverflow.com/questions/55853857/how-to-serve-static-files-to-different-routes-in-express","component":"page","action":"load"},{"timestamp":"2022-11-10T17:26:15.043Z","url":"https://stackoverflow.com/questions/55853857/how-to-serve-static-files-to-different-routes-in-express","component":"page","action":"scroll","data":{"viewport":{"x":0,"y":900,"height":508,"width":322},"document":{"height":4740,"width":305},"question":{"identifier":"55853857","top":-736.59375,"bottom":1059,"right":289,"left":16,"width":273,"height":1795.59375},"answers":[{"identifier":"55854598","top":1139.28125,"bottom":1717.21875,"right":289,"left":16,"width":273,"height":577.9375}]}},{"timestamp":"2022-11-10T17:26:16.495Z","url":"https://stackoverflow.com/questions/55853857/how-to-serve-static-files-to-different-routes-in-express","component":"page","action":"scroll","data":{"viewport":{"x":0,"y":1900,"height":508,"width":322},"document":{"height":4740,"width":305},"question":{"identifier":"55853857","top":-1736.59375,"bottom":59,"right":289,"left":16,"width":273,"height":1795.59375},"answers":[{"identifier":"55854598","top":139.28125,"bottom":717.21875,"right":289,"left":16,"width":273,"height":577.9375}]}},{"timestamp":"2022-11-10T17:26:19.575Z","url":"https://stackoverflow.com/questions/55853857/how-to-serve-static-files-to-different-routes-in-express","component":"page","action":"scroll","data":{"viewport":{"x":0,"y":900,"height":508,"width":322},"document":{"height":4740,"width":305},"question":{"identifier":"55853857","top":-736.59375,"bottom":1059,"right":289,"left":16,"width":273,"height":1795.59375},"answers":[{"identifier":"55854598","top":1139.28125,"bottom":1717.21875,"right":289,"left":16,"width":273,"height":577.9375}]}},{"timestamp":"2022-11-10T17:26:19.602Z","url":"https://stackoverflow.com/questions/55853857/how-to-serve-static-files-to-different-routes-in-express","component":"page","action":"close"},{"timestamp":"2022-11-10T17:26:20.013Z","url":"https://stackoverflow.com/questions/55853857/how-to-serve-static-files-to-different-routes-in-express","component":"projection","action":"mouseenter"},{"timestamp":"2022-11-10T17:26:20.147Z","url":"https://stackoverflow.com/questions/55853857/how-to-serve-static-files-to-different-routes-in-express","component":"projection","action":"mouseleave"},{"timestamp":"2022-11-10T17:26:20.150Z","url":"https://stackoverflow.com/questions/42977068/express-serving-static-files-and-routing","component":"projection","action":"mouseenter"},{"timestamp":"2022-11-10T17:26:20.633Z","url":"https://stackoverflow.com/questions/42977068/express-serving-static-files-and-routing","component":"page","action":"open"},{"timestamp":"2022-11-10T17:26:20.684Z","url":"https://stackoverflow.com/questions/42977068/express-serving-static-files-and-routing","component":"projection","action":"mouseleave"},{"timestamp":"2022-11-10T17:26:21.570Z","url":"https://stackoverflow.com/questions/42977068/express-serving-static-files-and-routing","component":"page","action":"load"},{"timestamp":"2022-11-10T17:26:22.898Z","url":"https://stackoverflow.com/questions/42977068/express-serving-static-files-and-routing","component":"page","action":"scroll","data":{"viewport":{"x":0,"y":300,"height":508,"width":322},"document":{"height":3586,"width":305},"question":{"identifier":"42977068","top":-136.59375,"bottom":536.75,"right":289,"left":16,"width":273,"height":673.34375},"answers":[{"identifier":"42977199","top":617.03125,"bottom":1064.71875,"right":289,"left":16,"width":273,"height":447.6875}]}},{"timestamp":"2022-11-10T17:26:30.519Z","url":"https://stackoverflow.com/questions/42977068/express-serving-static-files-and-routing","component":"page","action":"selection","data":"Express.static(path.join(__dirname,'/app'))"},{"timestamp":"2022-11-10T17:26:31.030Z","url":"https://stackoverflow.com/questions/42977068/express-serving-static-files-and-routing","component":"page","action":"copy","data":"Express.static(path.join(__dirname,'/app'))"},{"timestamp":"2022-11-10T17:29:39.411Z","url":"https://stackoverflow.com/questions/42977068/express-serving-static-files-and-routing","component":"page","action":"scroll","data":{"viewport":{"x":0,"y":400,"height":508,"width":322},"document":{"height":3586,"width":305},"question":{"identifier":"42977068","top":-236.59375,"bottom":436.75,"right":289,"left":16,"width":273,"height":673.34375},"answers":[{"identifier":"42977199","top":517.03125,"bottom":964.71875,"right":289,"left":16,"width":273,"height":447.6875}]}},{"timestamp":"2022-11-10T17:29:59.646Z","url":"https://stackoverflow.com/questions/42977068/express-serving-static-files-and-routing","component":"page","action":"scroll","data":{"viewport":{"x":0,"y":900,"height":508,"width":322},"document":{"height":3586,"width":305},"question":{"identifier":"42977068","top":-736.59375,"bottom":-63.25,"right":289,"left":16,"width":273,"height":673.34375},"answers":[{"identifier":"42977199","top":17.03125,"bottom":464.71875,"right":289,"left":16,"width":273,"height":447.6875}]}},{"timestamp":"2022-11-10T17:30:01.893Z","url":"https://stackoverflow.com/questions/42977068/express-serving-static-files-and-routing","component":"page","action":"scroll","data":{"viewport":{"x":0,"y":2200,"height":508,"width":322},"document":{"height":3586,"width":305},"question":{"identifier":"42977068","top":-2036.59375,"bottom":-1363.25,"right":289,"left":16,"width":273,"height":673.34375},"answers":[{"identifier":"42977199","top":-1282.96875,"bottom":-835.28125,"right":289,"left":16,"width":273,"height":447.6875}]}},{"timestamp":"2022-11-10T17:30:02.773Z","url":"https://stackoverflow.com/questions/42977068/express-serving-static-files-and-routing","component":"page","action":"scroll","data":{"viewport":{"x":0,"y":2600,"height":508,"width":322},"document":{"height":3586,"width":305},"question":{"identifier":"42977068","top":-2436.59375,"bottom":-1763.25,"right":289,"left":16,"width":273,"height":673.34375},"answers":[{"identifier":"42977199","top":-1682.96875,"bottom":-1235.28125,"right":289,"left":16,"width":273,"height":447.6875}]}},{"timestamp":"2022-11-10T17:30:03.661Z","url":"https://stackoverflow.com/questions/42977068/express-serving-static-files-and-routing","component":"page","action":"scroll","data":{"viewport":{"x":0,"y":2200,"height":508,"width":322},"document":{"height":3586,"width":305},"question":{"identifier":"42977068","top":-2036.59375,"bottom":-1363.25,"right":289,"left":16,"width":273,"height":673.34375},"answers":[{"identifier":"42977199","top":-1282.96875,"bottom":-835.28125,"right":289,"left":16,"width":273,"height":447.6875}]}},{"timestamp":"2022-11-10T17:30:05.805Z","url":"https://stackoverflow.com/questions/42977068/express-serving-static-files-and-routing","component":"page","action":"scroll","data":{"viewport":{"x":0,"y":0,"height":508,"width":322},"document":{"height":3586,"width":305},"question":{"identifier":"42977068","top":163.40625,"bottom":836.75,"right":289,"left":16,"width":273,"height":673.34375},"answers":[{"identifier":"42977199","top":917.03125,"bottom":1364.71875,"right":289,"left":16,"width":273,"height":447.6875}]}}]}]}