{"numFailedTestSuites":1,"numFailedTests":1,"numPassedTestSuites":0,"numPassedTests":0,"numPendingTestSuites":0,"numPendingTests":0,"numRuntimeErrorTestSuites":0,"numTodoTests":0,"numTotalTestSuites":1,"numTotalTests":1,"openHandles":[],"snapshot":{"added":0,"didUpdate":false,"failure":false,"filesAdded":0,"filesRemoved":0,"filesRemovedList":[],"filesUnmatched":0,"filesUpdated":0,"matched":0,"total":0,"unchecked":0,"uncheckedKeysByFile":[],"unmatched":0,"updated":0},"startTime":1668099048432,"success":false,"testResults":[{"assertionResults":[{"ancestorTitles":["sortTradesByShareCount()"],"failureMessages":["Error: \u001b[2mexpect(\u001b[22m\u001b[31mreceived\u001b[39m\u001b[2m).\u001b[22mtoStrictEqual\u001b[2m(\u001b[22m\u001b[32mexpected\u001b[39m\u001b[2m) // deep equality\u001b[22m\n\n\u001b[32m- Expected  - 4\u001b[39m\n\u001b[31m+ Received  + 4\u001b[39m\n\n\u001b[2m  Array [\u001b[22m\n\u001b[32m-   43,\u001b[39m\n\u001b[32m-   23,\u001b[39m\n\u001b[32m-   10,\u001b[39m\n\u001b[31m+   6,\u001b[39m\n\u001b[2m    8,\u001b[22m\n\u001b[2m    8,\u001b[22m\n\u001b[32m-   6,\u001b[39m\n\u001b[31m+   10,\u001b[39m\n\u001b[31m+   23,\u001b[39m\n\u001b[31m+   43,\u001b[39m\n\u001b[2m  ]\u001b[22m\n    at Object.<anonymous> (/workspaces/14987_4/test/sort.test.js:7:47)\n    at Promise.then.completed (/workspaces/14987_4/node_modules/jest-circus/build/utils.js:391:28)\n    at new Promise (<anonymous>)\n    at callAsyncCircusFn (/workspaces/14987_4/node_modules/jest-circus/build/utils.js:316:10)\n    at _callCircusTest (/workspaces/14987_4/node_modules/jest-circus/build/run.js:218:40)\n    at processTicksAndRejections (node:internal/process/task_queues:96:5)\n    at _runTest (/workspaces/14987_4/node_modules/jest-circus/build/run.js:155:3)\n    at _runTestsForDescribeBlock (/workspaces/14987_4/node_modules/jest-circus/build/run.js:66:9)\n    at _runTestsForDescribeBlock (/workspaces/14987_4/node_modules/jest-circus/build/run.js:60:9)\n    at run (/workspaces/14987_4/node_modules/jest-circus/build/run.js:25:3)"],"fullName":"sortTradesByShareCount() Should sort the shareCount property in descending order.","location":null,"status":"failed","title":"Should sort the shareCount property in descending order."}],"endTime":1668099048826,"message":"\u001b[1m\u001b[31m  \u001b[1m● \u001b[22m\u001b[1msortTradesByShareCount() › Should sort the shareCount property in descending order.\u001b[39m\u001b[22m\n\n    \u001b[2mexpect(\u001b[22m\u001b[31mreceived\u001b[39m\u001b[2m).\u001b[22mtoStrictEqual\u001b[2m(\u001b[22m\u001b[32mexpected\u001b[39m\u001b[2m) // deep equality\u001b[22m\n\n    \u001b[32m- Expected  - 4\u001b[39m\n    \u001b[31m+ Received  + 4\u001b[39m\n\n    \u001b[2m  Array [\u001b[22m\n    \u001b[32m-   43,\u001b[39m\n    \u001b[32m-   23,\u001b[39m\n    \u001b[32m-   10,\u001b[39m\n    \u001b[31m+   6,\u001b[39m\n    \u001b[2m    8,\u001b[22m\n    \u001b[2m    8,\u001b[22m\n    \u001b[32m-   6,\u001b[39m\n    \u001b[31m+   10,\u001b[39m\n    \u001b[31m+   23,\u001b[39m\n    \u001b[31m+   43,\u001b[39m\n    \u001b[2m  ]\u001b[22m\n\u001b[2m\u001b[22m\n\u001b[2m    \u001b[0m \u001b[90m 5 |\u001b[39m     it(\u001b[32m\"Should sort the shareCount property in descending order.\"\u001b[39m\u001b[33m,\u001b[39m () \u001b[33m=>\u001b[39m {\u001b[0m\u001b[22m\n\u001b[2m    \u001b[0m \u001b[90m 6 |\u001b[39m         \u001b[36mconst\u001b[39m sorted \u001b[33m=\u001b[39m sortTradesByShareCount(trades)\u001b[33m;\u001b[39m\u001b[0m\u001b[22m\n\u001b[2m    \u001b[0m\u001b[31m\u001b[1m>\u001b[22m\u001b[2m\u001b[39m\u001b[90m 7 |\u001b[39m         expect(sorted\u001b[33m.\u001b[39mmap(s \u001b[33m=>\u001b[39m s\u001b[33m.\u001b[39mshareCount))\u001b[33m.\u001b[39mtoStrictEqual([\u001b[35m43\u001b[39m\u001b[33m,\u001b[39m \u001b[35m23\u001b[39m\u001b[33m,\u001b[39m \u001b[35m10\u001b[39m\u001b[33m,\u001b[39m \u001b[35m8\u001b[39m\u001b[33m,\u001b[39m \u001b[35m8\u001b[39m\u001b[33m,\u001b[39m \u001b[35m6\u001b[39m])\u001b[33m;\u001b[39m\u001b[0m\u001b[22m\n\u001b[2m    \u001b[0m \u001b[90m   |\u001b[39m                                               \u001b[31m\u001b[1m^\u001b[22m\u001b[2m\u001b[39m\u001b[0m\u001b[22m\n\u001b[2m    \u001b[0m \u001b[90m 8 |\u001b[39m     })\u001b[33m;\u001b[39m\u001b[0m\u001b[22m\n\u001b[2m    \u001b[0m \u001b[90m 9 |\u001b[39m })\u001b[0m\u001b[22m\n\u001b[2m\u001b[22m\n\u001b[2m      \u001b[2mat Object.<anonymous> (\u001b[22m\u001b[2m\u001b[0m\u001b[36mtest/sort.test.js\u001b[39m\u001b[0m\u001b[2m:7:47)\u001b[22m\u001b[2m\u001b[22m\n","name":"/workspaces/14987_4/test/sort.test.js","startTime":1668099048461,"status":"failed","summary":""}],"wasInterrupted":false}