{"id":"14987_4","conditions":[{"taskId":4,"taskName":"sort","enableFragments":false,"enableContext":true,"showContext":false,"provideSearchTerms":true,"sequence":3},{"taskId":3,"taskName":"clone","enableFragments":false,"enableContext":true,"showContext":false,"provideSearchTerms":true,"sequence":4},{"taskId":2,"taskName":"find","enableFragments":true,"enableContext":true,"showContext":true,"provideSearchTerms":true,"sequence":5},{"taskId":1,"taskName":"currency","enableFragments":true,"enableContext":true,"showContext":true,"provideSearchTerms":true,"sequence":6},{"taskId":5,"taskName":"recent","enableFragments":true,"enableContext":true,"showContext":true,"provideSearchTerms":false,"sequence":7},{"taskId":6,"taskName":"serve","enableFragments":false,"enableContext":false,"showContext":false,"provideSearchTerms":false,"sequence":8}],"activeTaskId":"serve","tasks":[{"id":"pre-study"},{"enableFragments":true,"enableContext":true,"showContext":true,"provideSearchTerms":true,"contextOverride":[{"source":"src/tutorial.js","name":"sumTradedShares","position":{"start":397,"end":545},"variables":[],"parameters":[{"source":"src/tutorial.js","name":"trades","position":{"start":429,"end":435},"type":{"name":"Trade[]"}}],"returnType":"number"}],"id":"tutorial","startTime":"2022-11-10T16:37:18.772Z","duration":477797,"timer":{"startTime":"2022-11-10T16:39:31.014Z","endTime":"2022-11-10T16:45:52.896Z"},"endTime":"2022-11-10T16:45:52.896Z"},{"enableFragments":true,"enableContext":true,"showContext":true,"contextOverride":[{"source":"src/currency.js","name":"printCurrency","position":{"start":593,"end":782},"variables":[],"parameters":[{"source":"src/currency.js","name":"amount","position":{"start":623,"end":629},"type":{"name":"number"}},{"source":"src/currency.js","name":"locale","position":{"start":631,"end":637},"type":{"name":"string"}},{"source":"src/currency.js","name":"currency","position":{"start":639,"end":647},"type":{"name":"string"}}],"returnType":"string"}],"provideSearchTerms":true,"searchTerms":"format currency","id":"currency","startTime":"2022-11-10T17:07:58.794Z","timer":{"startTime":"2022-11-10T17:07:58.794Z","endTime":"2022-11-10T17:13:08.856Z"},"duration":308683,"data":{"Q1":"5","Q2":"Scout was really helpful","Q3":"","Q4":""},"endTime":"2022-11-10T17:14:00.238Z"},{"enableFragments":true,"enableContext":true,"showContext":true,"contextOverride":[{"source":"src/find.js","name":"getTradeById","position":{"start":286,"end":506},"variables":[],"parameters":[{"source":"src/find.js","name":"trades","position":{"start":315,"end":321},"type":{"name":"Trade[]"}},{"source":"src/find.js","name":"id","position":{"start":323,"end":325},"type":{"name":"number"}}],"returnType":"Trade"}],"provideSearchTerms":true,"searchTerms":"find item in array by value","id":"find","startTime":"2022-11-10T17:00:46.531Z","timer":{"startTime":"2022-11-10T17:00:46.531Z","endTime":"2022-11-10T17:06:59.522Z"},"duration":359299,"data":{"Q1":"5","Q2":"Scout really makes it easy to search for solutions and really is accurate","Q3":"","Q4":""},"endTime":"2022-11-10T17:07:46.570Z"},{"enableFragments":false,"enableContext":true,"showContext":false,"contextOverride":[{"source":"src/clone.js","name":"cloneTradeLedger","position":{"start":239,"end":406},"variables":[],"parameters":[{"source":"src/clone.js","name":"trades","position":{"start":272,"end":278},"type":{"name":"Trade[]"}}],"returnType":"Trade[]"}],"provideSearchTerms":true,"searchTerms":"clone array","id":"clone","startTime":"2022-11-10T16:53:53.356Z","timer":{"startTime":"2022-11-10T16:53:53.357Z","endTime":"2022-11-10T17:00:03.804Z"},"duration":359697,"data":{"Q1":"5","Q2":"none","Q3":"","Q4":""},"endTime":"2022-11-10T17:00:35.115Z"},{"enableFragments":false,"enableContext":true,"showContext":false,"contextOverride":[{"source":"src/sort.js","name":"sortTradesByShareCount","position":{"start":285,"end":524},"variables":[],"parameters":[{"source":"src/sort.js","name":"trades","position":{"start":324,"end":330},"type":{"name":"Trade[]"}}],"returnType":"Trade[]"}],"provideSearchTerms":true,"searchTerms":"sort array of objects descending","id":"sort","startTime":"2022-11-10T16:46:00.743Z","timer":{"startTime":"2022-11-10T16:46:00.743Z","endTime":"2022-11-10T16:52:02.099Z"},"duration":359238,"data":{"Q1":"5","Q2":"It took some time to find the scout binoculars icon as it was invisible","Q3":"","Q4":""},"endTime":"2022-11-10T16:53:42.217Z"},{"enableFragments":true,"enableContext":true,"showContext":true,"contextOverride":[{"source":"src/recent.js","name":"moment","position":{"start":7,"end":13},"module":{"name":"moment","position":{"start":19,"end":27}},"references":[{"start":485,"end":491},{"start":753,"end":759},{"start":836,"end":842}]},{"source":"src/recent.js","name":"moment","position":{"start":485,"end":503},"variables":[],"arguments":[{"source":"src/recent.js","name":"","type":"Date","value":"new Date()","position":{"start":492,"end":502}}],"returnType":"any"},{"source":"src/recent.js","name":"moment","position":{"start":753,"end":768},"variables":[],"arguments":[{"source":"src/recent.js","name":"","type":"any","value":"endDate","position":{"start":760,"end":767}}],"returnType":"any"},{"source":"src/recent.js","name":"moment","position":{"start":836,"end":854},"variables":[],"arguments":[{"source":"src/recent.js","name":"","type":"any","value":"trade.date","position":{"start":843,"end":853}}],"returnType":"any"},{"source":"src/recent.js","name":"getPastTradesFrom","position":{"start":400,"end":938},"variables":[{"source":"src/recent.js","name":"endDate","position":{"start":475,"end":503},"type":{"name":"any"}},{"source":"src/recent.js","name":"startDate","position":{"start":741,"end":768},"type":{"name":"any"}}],"parameters":[{"source":"src/recent.js","name":"trades","position":{"start":434,"end":440},"type":{"name":"Trade[]"}},{"source":"src/recent.js","name":"from","position":{"start":442,"end":446},"type":{"name":"number"}},{"source":"src/recent.js","name":"unit","position":{"start":448,"end":461},"type":{"name":"string"}}],"returnType":"Trade[]"}],"provideSearchTerms":false,"searchTerms":"","id":"recent","startTime":"2022-11-10T17:14:13.127Z","timer":{"startTime":"2022-11-10T17:14:13.127Z","endTime":"2022-11-10T17:22:17.642Z"},"duration":419712,"data":{"Q1":"5","Q2":"It was difficult searching for similar problems and couldn't get the most accurate result to complete this task","Q3":"","Q4":""},"endTime":"2022-11-10T17:23:21.338Z"},{"enableFragments":false,"enableContext":false,"showContext":false,"contextOverride":[],"provideSearchTerms":false,"searchTerms":"","id":"serve","startTime":"2022-11-10T17:23:34.613Z","timer":{"startTime":"2022-11-10T17:23:34.613Z","endTime":"2022-11-10T17:30:43.970Z"},"duration":419277,"data":{"Q1":"5","Q2":"It was very helpful to find the solution and I almost got the solution but  lacked time to complete it ","Q3":"","Q4":""},"endTime":"2022-11-10T17:31:56.649Z"},{"id":"post-study"}],"activations":["2022-11-10T16:37:09.292Z","2022-11-10T16:45:09.140Z"]}