{"trialId":"20998_2","taskId":"find","appEvents":[{"timestamp":"2022-11-22T06:08:45.949Z","name":"search","data":"search-start"},{"timestamp":"2022-11-22T06:08:47.165Z","name":"search","data":"search-done"}],"searches":[{"keywords":["find","item","in","array","by","value"],"context":{"tokens":[{"kind":"language","value":"javascript"}]},"timestamp":"2022-11-22T06:08:45.949Z","results":[{"signatures":[],"areSignaturesLoading":true,"title":"Find a value in an array of objects in Javascript - Stack Overflow","url":"https://stackoverflow.com/questions/12462318/find-a-value-in-an-array-of-objects-in-javascript","displayLink":"https://stackoverflow.com › questions › find-a-value-in-...","date":"Sep 17, 2012","snippet":"The find() method returns the first value that matches from the collection. Once it matches the value in findings, it will not check the ...","snippetHighlightWords":["find","value","value","check"]},{"signatures":[],"areSignaturesLoading":true,"title":"How to find if an array contains a specific string in JavaScript ...","url":"https://stackoverflow.com/questions/6116474/how-to-find-if-an-array-contains-a-specific-string-in-javascript-jquery","displayLink":"https://stackoverflow.com › questions › how-to-find-if-...","date":"May 24, 2011","snippet":"var found = categories.includes('specialword');. No comparisons and no confusing -1 results. It does what we want: it returns true ..."},{"signatures":[],"areSignaturesLoading":true,"title":"Find object with specific value in array - Stack Overflow","url":"https://stackoverflow.com/questions/52460473/find-object-with-specific-value-in-array","displayLink":"https://stackoverflow.com › questions › find-object-wit...","date":"Sep 22, 2018","snippet":"Now, I would like to check if my array contains an object with the name \"Mike\". How do I go about this in javascript? I am thinking something ...","snippetHighlightWords":["check","array","object","javascript"]},{"signatures":[],"areSignaturesLoading":true,"title":"Get JavaScript object from array of objects by value of property","url":"https://stackoverflow.com/questions/13964155/get-javascript-object-from-array-of-objects-by-value-of-property","displayLink":"https://stackoverflow.com › questions › get-javascript-o...","date":"Dec 20, 2012","snippet":"The find() method returns a value in the array, if an element in the array satisfies the provided testing function.","snippetHighlightWords":["find","value","array","element","array"]},{"signatures":[],"areSignaturesLoading":true,"title":"Find object by id in an array of JavaScript objects","url":"https://stackoverflow.com/questions/7364150/find-object-by-id-in-an-array-of-javascript-objects","displayLink":"https://stackoverflow.com › questions › find-object-by-i...","snippet":"Use the find() method: myArray.find(x => x.id === '45').foo;. From MDN: The find() method returns the first value in the array, ...","snippetHighlightWords":["find","find","find","value","array"],"extensions":["Sep 9, 2011","36 answers"]},{"signatures":[],"areSignaturesLoading":true,"title":"Find all matching elements with in an array of objects [duplicate]","url":"https://stackoverflow.com/questions/52311150/find-all-matching-elements-with-in-an-array-of-objects","displayLink":"https://stackoverflow.com › questions › find-all-matchi...","snippet":"Two things: first, Array.find() returns the first matching element, undefined if it finds nothing. Array.filter returns a new array ...","snippetHighlightWords":["Array","find","element","Array","array"],"extensions":["Sep 13, 2018","6 answers"]},{"signatures":[],"areSignaturesLoading":true,"title":"How do I check if an array includes a value in JavaScript?","url":"https://stackoverflow.com/questions/237104/how-do-i-check-if-an-array-includes-a-value-in-javascript","displayLink":"https://stackoverflow.com › questions › how-do-i-check...","snippet":"inArray is a terrible name for a function that returns the index of the element, and -1 if it doesn't exist. I would expect a boolean to be returned. – Tim. Jul ...","snippetHighlightWords":["element"]},{"signatures":[],"areSignaturesLoading":true,"title":"How can I find and update values in an array of objects?","url":"https://stackoverflow.com/questions/35206125/how-can-i-find-and-update-values-in-an-array-of-objects","displayLink":"https://stackoverflow.com › questions › how-can-i-find-...","date":"Feb 4, 2016","snippet":"var item = {...} var items = [{id:2}, {id:2}, {id: ...","snippetHighlightWords":["item"]},{"signatures":[],"areSignaturesLoading":true,"title":"Find an item in array and get whats left - Stack Overflow","url":"https://stackoverflow.com/questions/57607836/find-an-item-in-array-and-get-whats-left","displayLink":"https://stackoverflow.com › questions › find-an-item-in...","date":"Aug 22, 2019","snippet":"var fruit = [ \"apples\", \"pears\" ]; var alreadyHave = \"apples\"; for( var i = 0; i < fruit.length; i++){ if (! fruit[i] === alreadyHave) { fruit."},{"signatures":[],"areSignaturesLoading":true,"title":"Best way to find if an item is in a JavaScript array? [duplicate]","url":"https://stackoverflow.com/questions/143847/best-way-to-find-if-an-item-is-in-a-javascript-array","displayLink":"https://stackoverflow.com › questions › best-way-to-fin...","snippet":"Note that \"inArray\" is a misnomer, because it doesn't return boolean value - it returns index of first element found. So if you are checking if ...","extensions":["Sep 27, 2008","8 answers"]}],"events":[{"timestamp":"2022-11-22T06:08:45.996Z","url":"https://stackoverflow.com/questions/12462318/find-a-value-in-an-array-of-objects-in-javascript","component":"projection","action":"load","data":{"height":60,"width":358.5,"wc":25,"lc":1}},{"timestamp":"2022-11-22T06:08:45.997Z","url":"https://stackoverflow.com/questions/6116474/how-to-find-if-an-array-contains-a-specific-string-in-javascript-jquery","component":"projection","action":"load","data":{"height":82,"width":358.5,"wc":20,"lc":1}},{"timestamp":"2022-11-22T06:08:45.997Z","url":"https://stackoverflow.com/questions/52460473/find-object-with-specific-value-in-array","component":"projection","action":"load","data":{"height":60,"width":347.29998779296875,"wc":29,"lc":1}},{"timestamp":"2022-11-22T06:08:45.997Z","url":"https://stackoverflow.com/questions/13964155/get-javascript-object-from-array-of-objects-by-value-of-property","component":"projection","action":"load","data":{"height":60,"width":348.1000061035156,"wc":20,"lc":1}},{"timestamp":"2022-11-22T06:08:45.997Z","url":"https://stackoverflow.com/questions/7364150/find-object-by-id-in-an-array-of-javascript-objects","component":"projection","action":"load","data":{"height":60,"width":360.70001220703125,"wc":22,"lc":1}},{"timestamp":"2022-11-22T06:08:45.997Z","url":"https://stackoverflow.com/questions/52311150/find-all-matching-elements-with-in-an-array-of-objects","component":"projection","action":"load","data":{"height":60,"width":349.79998779296875,"wc":20,"lc":1}},{"timestamp":"2022-11-22T06:08:45.997Z","url":"https://stackoverflow.com/questions/237104/how-do-i-check-if-an-array-includes-a-value-in-javascript","component":"projection","action":"load","data":{"height":60,"width":351.79998779296875,"wc":33,"lc":1}},{"timestamp":"2022-11-22T06:08:45.997Z","url":"https://stackoverflow.com/questions/35206125/how-can-i-find-and-update-values-in-an-array-of-objects","component":"projection","action":"load","data":{"height":38,"width":359.8999938964844,"wc":11,"lc":1}},{"timestamp":"2022-11-22T06:08:45.997Z","url":"https://stackoverflow.com/questions/57607836/find-an-item-in-array-and-get-whats-left","component":"projection","action":"load","data":{"height":60,"width":335.70001220703125,"wc":27,"lc":1}},{"timestamp":"2022-11-22T06:08:45.997Z","url":"https://stackoverflow.com/questions/143847/best-way-to-find-if-an-item-is-in-a-javascript-array","component":"projection","action":"load","data":{"height":60,"width":339.6000061035156,"wc":27,"lc":1}},{"timestamp":"2022-11-22T06:08:47.164Z","url":"https://stackoverflow.com/questions/12462318/find-a-value-in-an-array-of-objects-in-javascript","component":"projection","action":"loaded","data":"projection 10 of 10"},{"timestamp":"2022-11-22T06:08:47.164Z","url":"https://stackoverflow.com/questions/6116474/how-to-find-if-an-array-contains-a-specific-string-in-javascript-jquery","component":"projection","action":"loaded","data":"projection 9 of 10"},{"timestamp":"2022-11-22T06:08:47.165Z","url":"https://stackoverflow.com/questions/52460473/find-object-with-specific-value-in-array","component":"projection","action":"loaded","data":"projection 8 of 10"},{"timestamp":"2022-11-22T06:08:47.165Z","url":"https://stackoverflow.com/questions/13964155/get-javascript-object-from-array-of-objects-by-value-of-property","component":"projection","action":"loaded","data":"projection 7 of 10"},{"timestamp":"2022-11-22T06:08:47.165Z","url":"https://stackoverflow.com/questions/7364150/find-object-by-id-in-an-array-of-javascript-objects","component":"projection","action":"loaded","data":"projection 6 of 10"},{"timestamp":"2022-11-22T06:08:47.165Z","url":"https://stackoverflow.com/questions/52311150/find-all-matching-elements-with-in-an-array-of-objects","component":"projection","action":"loaded","data":"projection 5 of 10"},{"timestamp":"2022-11-22T06:08:47.165Z","url":"https://stackoverflow.com/questions/237104/how-do-i-check-if-an-array-includes-a-value-in-javascript","component":"projection","action":"loaded","data":"projection 4 of 10"},{"timestamp":"2022-11-22T06:08:47.165Z","url":"https://stackoverflow.com/questions/35206125/how-can-i-find-and-update-values-in-an-array-of-objects","component":"projection","action":"loaded","data":"projection 3 of 10"},{"timestamp":"2022-11-22T06:08:47.165Z","url":"https://stackoverflow.com/questions/57607836/find-an-item-in-array-and-get-whats-left","component":"projection","action":"loaded","data":"projection 2 of 10"},{"timestamp":"2022-11-22T06:08:47.165Z","url":"https://stackoverflow.com/questions/143847/best-way-to-find-if-an-item-is-in-a-javascript-array","component":"projection","action":"loaded","data":"projection 1 of 10"},{"timestamp":"2022-11-22T06:08:50.068Z","url":"https://stackoverflow.com/questions/12462318/find-a-value-in-an-array-of-objects-in-javascript","component":"projection","action":"mouseenter"},{"timestamp":"2022-11-22T06:08:52.411Z","url":"https://stackoverflow.com/questions/12462318/find-a-value-in-an-array-of-objects-in-javascript","component":"page","action":"open"},{"timestamp":"2022-11-22T06:08:52.430Z","url":"https://stackoverflow.com/questions/12462318/find-a-value-in-an-array-of-objects-in-javascript","component":"projection","action":"mouseleave"},{"timestamp":"2022-11-22T06:08:54.478Z","url":"https://stackoverflow.com/questions/12462318/find-a-value-in-an-array-of-objects-in-javascript","component":"page","action":"load"},{"timestamp":"2022-11-22T06:08:57.042Z","url":"https://stackoverflow.com/questions/12462318/find-a-value-in-an-array-of-objects-in-javascript","component":"page","action":"scroll","data":{"viewport":{"x":0,"y":918,"height":658,"width":406},"document":{"height":20339,"width":389},"question":{"identifier":"12462318","top":-754.5333251953125,"bottom":132.3333740234375,"right":373,"left":16,"width":357,"height":886.86669921875},"answers":[{"identifier":"12462414","top":212.63333129882812,"bottom":1682.1000061035156,"right":373,"left":16,"width":357,"height":1469.4666748046875},{"identifier":"12462387","top":1682.0999755859375,"bottom":2522.9666137695312,"right":373,"left":16,"width":357,"height":840.8666381835938},{"identifier":"38500417","top":2522.966552734375,"bottom":3624.833251953125,"right":373,"left":16,"width":357,"height":1101.86669921875},{"identifier":"44048398","top":3624.833251953125,"bottom":4244.699951171875,"right":373,"left":16,"width":357,"height":619.86669921875},{"identifier":"48718969","top":4244.7001953125,"bottom":5362.766845703125,"right":373,"left":16,"width":357,"height":1118.066650390625},{"identifier":"47790805","top":5362.7666015625,"bottom":6209.333251953125,"right":373,"left":16,"width":357,"height":846.566650390625},{"identifier":"43778799","top":6209.33349609375,"bottom":7040.100158691406,"right":373,"left":16,"width":357,"height":830.7666625976562},{"identifier":"12462406","top":7040.10009765625,"bottom":7737.5667724609375,"right":373,"left":16,"width":357,"height":697.4666748046875},{"identifier":"31748358","top":7737.56689453125,"bottom":8483.633544921875,"right":373,"left":16,"width":357,"height":746.066650390625},{"identifier":"47194061","top":8483.6337890625,"bottom":8877.100463867188,"right":373,"left":16,"width":357,"height":393.4666748046875},{"identifier":"33097318","top":8877.099609375,"bottom":11953.96630859375,"right":373,"left":16,"width":357,"height":3076.86669921875},{"identifier":"12462347","top":11953.966796875,"bottom":12663.83349609375,"right":373,"left":16,"width":357,"height":709.86669921875},{"identifier":"37735967","top":12663.8330078125,"bottom":13025.299682617188,"right":373,"left":16,"width":357,"height":361.4666748046875},{"identifier":"33825763","top":13025.2998046875,"bottom":13567.466430664062,"right":373,"left":16,"width":357,"height":542.1666259765625},{"identifier":"24263355","top":13567.466796875,"bottom":13946.433471679688,"right":373,"left":16,"width":357,"height":378.9666748046875},{"identifier":"42891511","top":13946.43359375,"bottom":15124.783569335938,"right":373,"left":16,"width":357,"height":1178.3499755859375},{"identifier":"37489965","top":15124.783203125,"bottom":15349.249862670898,"right":373,"left":16,"width":357,"height":224.46665954589844},{"identifier":"38786112","top":15349.25,"bottom":16173.716674804688,"right":373,"left":16,"width":357,"height":824.4666748046875},{"identifier":"27443358","top":16173.716796875,"bottom":16579.183471679688,"right":373,"left":16,"width":357,"height":405.4666748046875},{"identifier":"45355935","top":16579.18359375,"bottom":17264.150268554688,"right":373,"left":16,"width":357,"height":684.9666748046875}]}},{"timestamp":"2022-11-22T06:09:26.964Z","url":"https://stackoverflow.com/questions/12462318/find-a-value-in-an-array-of-objects-in-javascript","component":"page","action":"selection","data":"let obj = arr.find(o => o.name === 'string 1');"},{"timestamp":"2022-11-22T06:09:27.604Z","url":"https://stackoverflow.com/questions/12462318/find-a-value-in-an-array-of-objects-in-javascript","component":"page","action":"copy","data":"let obj = arr.find(o => o.name === 'string 1');"},{"timestamp":"2022-11-22T06:09:27.756Z","url":"https://stackoverflow.com/questions/12462318/find-a-value-in-an-array-of-objects-in-javascript","component":"page","action":"copy","data":"let obj = arr.find(o => o.name === 'string 1');"},{"timestamp":"2022-11-22T06:09:27.892Z","url":"https://stackoverflow.com/questions/12462318/find-a-value-in-an-array-of-objects-in-javascript","component":"page","action":"copy","data":"let obj = arr.find(o => o.name === 'string 1');"},{"timestamp":"2022-11-22T06:10:46.924Z","url":"https://stackoverflow.com/questions/12462318/find-a-value-in-an-array-of-objects-in-javascript","component":"page","action":"close"},{"timestamp":"2022-11-22T06:10:47.339Z","url":"https://stackoverflow.com/questions/12462318/find-a-value-in-an-array-of-objects-in-javascript","component":"projection","action":"mouseenter"},{"timestamp":"2022-11-22T06:10:47.489Z","url":"https://stackoverflow.com/questions/12462318/find-a-value-in-an-array-of-objects-in-javascript","component":"projection","action":"mouseleave"},{"timestamp":"2022-11-22T06:10:47.491Z","url":"https://stackoverflow.com/questions/6116474/how-to-find-if-an-array-contains-a-specific-string-in-javascript-jquery","component":"projection","action":"mouseenter"},{"timestamp":"2022-11-22T06:10:48.005Z","url":"https://stackoverflow.com/questions/6116474/how-to-find-if-an-array-contains-a-specific-string-in-javascript-jquery","component":"projection","action":"mouseleave"},{"timestamp":"2022-11-22T06:10:48.008Z","url":"https://stackoverflow.com/questions/12462318/find-a-value-in-an-array-of-objects-in-javascript","component":"projection","action":"mouseenter"},{"timestamp":"2022-11-22T06:10:48.690Z","url":"https://stackoverflow.com/questions/12462318/find-a-value-in-an-array-of-objects-in-javascript","component":"projection","action":"mouseleave"},{"timestamp":"2022-11-22T06:10:49.123Z","url":"https://stackoverflow.com/questions/12462318/find-a-value-in-an-array-of-objects-in-javascript","component":"projection","action":"mouseenter"},{"timestamp":"2022-11-22T06:10:49.222Z","url":"https://stackoverflow.com/questions/12462318/find-a-value-in-an-array-of-objects-in-javascript","component":"projection","action":"mouseleave"},{"timestamp":"2022-11-22T06:10:49.224Z","url":"https://stackoverflow.com/questions/6116474/how-to-find-if-an-array-contains-a-specific-string-in-javascript-jquery","component":"projection","action":"mouseenter"},{"timestamp":"2022-11-22T06:10:49.522Z","url":"https://stackoverflow.com/questions/6116474/how-to-find-if-an-array-contains-a-specific-string-in-javascript-jquery","component":"projection","action":"mouseleave"},{"timestamp":"2022-11-22T06:12:24.068Z","url":"https://stackoverflow.com/questions/52460473/find-object-with-specific-value-in-array","component":"projection","action":"mouseenter"},{"timestamp":"2022-11-22T06:12:24.168Z","url":"https://stackoverflow.com/questions/52460473/find-object-with-specific-value-in-array","component":"projection","action":"mouseleave"},{"timestamp":"2022-11-22T06:12:24.171Z","url":"https://stackoverflow.com/questions/6116474/how-to-find-if-an-array-contains-a-specific-string-in-javascript-jquery","component":"projection","action":"mouseenter"}]}]}