{"trialId":"20998_2","taskId":"currency","appEvents":[{"timestamp":"2022-11-22T06:12:25.844Z","name":"search","data":"search-start"},{"timestamp":"2022-11-22T06:12:27.086Z","name":"search","data":"search-done"},{"timestamp":"2022-11-22T06:12:41.418Z","name":"resize","data":{"height":718,"width":362}},{"timestamp":"2022-11-22T06:12:46.731Z","name":"resize","data":{"height":718,"width":394}},{"timestamp":"2022-11-22T06:12:49.624Z","name":"resize","data":{"height":718,"width":431}}],"searches":[{"keywords":["format","currency"],"context":{"tokens":[{"kind":"language","value":"javascript"}]},"timestamp":"2022-11-22T06:12:25.843Z","results":[{"signatures":[],"areSignaturesLoading":true,"title":"How to format numbers as currency strings - Stack Overflow","url":"https://stackoverflow.com/questions/149055/how-to-format-numbers-as-currency-strings","displayLink":"https://stackoverflow.com › questions › how-to-format-...","date":"Sep 29, 2008","snippet":"All you need is to add the currency symbol (e.g. \"$\" + profits.toFixed(2) ) and you will have your amount in dollars. Custom function. If you ...","snippetHighlightWords":["currency"]},{"signatures":[],"areSignaturesLoading":true,"title":"How to format numbers as currency strings - Stack Overflow","url":"https://stackoverflow.com/questions/149055/how-to-format-numbers-as-currency-strings/5681208","displayLink":"https://stackoverflow.com › questions › how-to-format-...","date":"66 answers","snippet":"I found this from: accounting.js. It's very easy and perfectly fits my need. // Default usage: accounting.formatMoney(12345678); // $12,345,678.00 ...","snippetHighlightWords":["js"]},{"signatures":[],"areSignaturesLoading":true,"title":"How do I print currency format in JavaScript - Stack Overflow","url":"https://stackoverflow.com/questions/4022171/how-do-i-print-currency-format-in-javascript","displayLink":"https://stackoverflow.com › questions › how-do-i-print-...","snippet":"I am writing a function that takes the float price and returns the formatted currency value with currency code too. like fnPrice( 1001.01 ) should print $ ...","snippetHighlightWords":["currency","currency"]},{"signatures":[],"areSignaturesLoading":true,"title":"How to format currency in JavaScript? - Stack Overflow","url":"https://stackoverflow.com/questions/64297528/how-to-format-currency-in-javascript","displayLink":"https://stackoverflow.com › questions › how-to-format-...","date":"Oct 10, 2020","snippet":"I'm beginner in JavaScript and I'm rendering a list that contains some products. The product price format comes as follows: 3800 , 4000 , 11000 ...","snippetHighlightWords":["JavaScript","format"]},{"signatures":[],"areSignaturesLoading":true,"title":"How to format currency and time in javascript - Stack Overflow","url":"https://stackoverflow.com/questions/60689698/how-to-format-currency-and-time-in-javascript","displayLink":"https://stackoverflow.com › questions › how-to-format-...","date":"Mar 15, 2020","snippet":"To format as currency, you can use Intl.NumberFormat either with or without the currency symbol. It can be used via toLocaleString:.","snippetHighlightWords":["format","currency","currency"]},{"signatures":[],"areSignaturesLoading":true,"title":"Proper JS currency format with commas and decimals","url":"https://stackoverflow.com/questions/19664926/proper-js-currency-format-with-commas-and-decimals","displayLink":"https://stackoverflow.com › questions › proper-js-curre...","date":"Oct 29, 2013","snippet":"The value that you get from text fields is of type 'string'. When you do math on simple strings Javascript will automatically coerce them to ...","snippetHighlightWords":["Javascript"]},{"signatures":[],"areSignaturesLoading":true,"title":"Currency format in euro - javascript - Stack Overflow","url":"https://stackoverflow.com/questions/69668216/currency-format-in-euro","displayLink":"https://stackoverflow.com › questions › currency-forma...","snippet":"For your onChange event on the euro currency, you want to remove the . the same way you are removing the , for the dollars, ...","snippetHighlightWords":["currency"],"extensions":["Oct 21, 2021","1 answer"]},{"signatures":[],"areSignaturesLoading":true,"title":"Javascript Function to Format as Money - Stack Overflow","url":"https://stackoverflow.com/questions/40426965/javascript-function-to-format-as-money","displayLink":"https://stackoverflow.com › questions › javascript-funct...","date":"Nov 4, 2016","snippet":"String.prototype.formatMoney = function(places, symbol, thousand, decimal) { if((this).match(/^$/) && (this).indexOf(',') != -1 && (this)."},{"signatures":[],"areSignaturesLoading":true,"title":"Format currency in JavaScript removing .00 - Stack Overflow","url":"https://stackoverflow.com/questions/46235907/format-currency-in-javascript-removing-00","displayLink":"https://stackoverflow.com › questions › format-currenc...","date":"Sep 15, 2017","snippet":"NumberFormat has the more sensible behavior of rounding away from zero as opposed to other JavaScript methods like Math.round . For example, ...","snippetHighlightWords":["JavaScript"]},{"signatures":[],"areSignaturesLoading":true,"title":"Currency formatting using Intl.NumberFormat without currency ...","url":"https://stackoverflow.com/questions/68549027/currency-formatting-using-intl-numberformat-without-currency-symbol","displayLink":"https://stackoverflow.com › questions › currency-forma...","date":"Jul 27, 2021","snippet":"I am trying to use Intl as a default currency formatter and it is almost perfect. ... I find it bizarre that I spend over an hour looking for a ...","snippetHighlightWords":["currency formatter"]}],"events":[{"timestamp":"2022-11-22T06:12:25.912Z","url":"https://stackoverflow.com/questions/149055/how-to-format-numbers-as-currency-strings","component":"projection","action":"load","data":{"height":60,"width":348.70001220703125,"wc":27,"lc":1}},{"timestamp":"2022-11-22T06:12:25.912Z","url":"https://stackoverflow.com/questions/149055/how-to-format-numbers-as-currency-strings/5681208","component":"projection","action":"load","data":{"height":82,"width":354.1000061035156,"wc":20,"lc":1}},{"timestamp":"2022-11-22T06:12:25.912Z","url":"https://stackoverflow.com/questions/4022171/how-do-i-print-currency-format-in-javascript","component":"projection","action":"load","data":{"height":60,"width":336,"wc":28,"lc":1}},{"timestamp":"2022-11-22T06:12:25.912Z","url":"https://stackoverflow.com/questions/64297528/how-to-format-currency-in-javascript","component":"projection","action":"load","data":{"height":60,"width":366.70001220703125,"wc":26,"lc":1}},{"timestamp":"2022-11-22T06:12:25.912Z","url":"https://stackoverflow.com/questions/60689698/how-to-format-currency-and-time-in-javascript","component":"projection","action":"load","data":{"height":60,"width":344.8999938964844,"wc":21,"lc":1}},{"timestamp":"2022-11-22T06:12:25.912Z","url":"https://stackoverflow.com/questions/19664926/proper-js-currency-format-with-commas-and-decimals","component":"projection","action":"load","data":{"height":60,"width":360.70001220703125,"wc":26,"lc":1}},{"timestamp":"2022-11-22T06:12:25.912Z","url":"https://stackoverflow.com/questions/69668216/currency-format-in-euro","component":"projection","action":"load","data":{"height":60,"width":361.3999938964844,"wc":26,"lc":1}},{"timestamp":"2022-11-22T06:12:25.912Z","url":"https://stackoverflow.com/questions/40426965/javascript-function-to-format-as-money","component":"projection","action":"load","data":{"height":60,"width":349.1000061035156,"wc":14,"lc":1}},{"timestamp":"2022-11-22T06:12:25.912Z","url":"https://stackoverflow.com/questions/46235907/format-currency-in-javascript-removing-00","component":"projection","action":"load","data":{"height":60,"width":366.5,"wc":23,"lc":1}},{"timestamp":"2022-11-22T06:12:25.912Z","url":"https://stackoverflow.com/questions/68549027/currency-formatting-using-intl-numberformat-without-currency-symbol","component":"projection","action":"load","data":{"height":60,"width":347.79998779296875,"wc":31,"lc":1}},{"timestamp":"2022-11-22T06:12:25.914Z","url":"https://stackoverflow.com/questions/149055/how-to-format-numbers-as-currency-strings/5681208","component":"projection","action":"mouseenter"},{"timestamp":"2022-11-22T06:12:27.085Z","url":"https://stackoverflow.com/questions/149055/how-to-format-numbers-as-currency-strings","component":"projection","action":"loaded","data":"projection 10 of 10"},{"timestamp":"2022-11-22T06:12:27.085Z","url":"https://stackoverflow.com/questions/149055/how-to-format-numbers-as-currency-strings/5681208","component":"projection","action":"loaded","data":"projection 9 of 10"},{"timestamp":"2022-11-22T06:12:27.085Z","url":"https://stackoverflow.com/questions/4022171/how-do-i-print-currency-format-in-javascript","component":"projection","action":"loaded","data":"projection 8 of 10"},{"timestamp":"2022-11-22T06:12:27.085Z","url":"https://stackoverflow.com/questions/64297528/how-to-format-currency-in-javascript","component":"projection","action":"loaded","data":"projection 7 of 10"},{"timestamp":"2022-11-22T06:12:27.085Z","url":"https://stackoverflow.com/questions/60689698/how-to-format-currency-and-time-in-javascript","component":"projection","action":"loaded","data":"projection 6 of 10"},{"timestamp":"2022-11-22T06:12:27.085Z","url":"https://stackoverflow.com/questions/19664926/proper-js-currency-format-with-commas-and-decimals","component":"projection","action":"loaded","data":"projection 5 of 10"},{"timestamp":"2022-11-22T06:12:27.085Z","url":"https://stackoverflow.com/questions/69668216/currency-format-in-euro","component":"projection","action":"loaded","data":"projection 4 of 10"},{"timestamp":"2022-11-22T06:12:27.085Z","url":"https://stackoverflow.com/questions/40426965/javascript-function-to-format-as-money","component":"projection","action":"loaded","data":"projection 3 of 10"},{"timestamp":"2022-11-22T06:12:27.085Z","url":"https://stackoverflow.com/questions/46235907/format-currency-in-javascript-removing-00","component":"projection","action":"loaded","data":"projection 2 of 10"},{"timestamp":"2022-11-22T06:12:27.086Z","url":"https://stackoverflow.com/questions/68549027/currency-formatting-using-intl-numberformat-without-currency-symbol","component":"projection","action":"loaded","data":"projection 1 of 10"},{"timestamp":"2022-11-22T06:12:27.186Z","url":"https://stackoverflow.com/questions/149055/how-to-format-numbers-as-currency-strings/5681208","component":"projection","action":"mouseleave"},{"timestamp":"2022-11-22T06:12:27.187Z","url":"https://stackoverflow.com/questions/149055/how-to-format-numbers-as-currency-strings","component":"projection","action":"mouseenter"},{"timestamp":"2022-11-22T06:12:29.720Z","url":"https://stackoverflow.com/questions/149055/how-to-format-numbers-as-currency-strings","component":"projection","action":"mouseleave"},{"timestamp":"2022-11-22T06:12:49.509Z","url":"https://stackoverflow.com/questions/149055/how-to-format-numbers-as-currency-strings","component":"projection","action":"mouseenter"},{"timestamp":"2022-11-22T06:12:53.291Z","url":"https://stackoverflow.com/questions/149055/how-to-format-numbers-as-currency-strings","component":"page","action":"open"},{"timestamp":"2022-11-22T06:12:53.317Z","url":"https://stackoverflow.com/questions/149055/how-to-format-numbers-as-currency-strings","component":"projection","action":"mouseleave"},{"timestamp":"2022-11-22T06:12:55.311Z","url":"https://stackoverflow.com/questions/149055/how-to-format-numbers-as-currency-strings","component":"page","action":"load"},{"timestamp":"2022-11-22T06:13:01.890Z","url":"https://stackoverflow.com/questions/149055/how-to-format-numbers-as-currency-strings","component":"page","action":"scroll","data":{"viewport":{"x":0,"y":1122,"height":658,"width":427},"document":{"height":39330,"width":410},"question":{"identifier":"149055","top":-958.5333251953125,"bottom":148.0333251953125,"right":394,"left":16,"width":378,"height":1106.566650390625},"answers":[{"identifier":"16233919","top":265.33331298828125,"bottom":2433.8833618164062,"right":394,"left":16,"width":378,"height":2168.550048828125},{"identifier":"149099","top":2433.88330078125,"bottom":5416.38330078125,"right":394,"left":16,"width":378,"height":2982.5},{"identifier":"14428340","top":5416.38330078125,"bottom":7932.25,"right":394,"left":16,"width":378,"height":2515.86669921875},{"identifier":"149107","top":7932.25,"bottom":9641.800048828125,"right":394,"left":16,"width":378,"height":1709.550048828125},{"identifier":"2866613","top":9641.7998046875,"bottom":11666.116455078125,"right":394,"left":16,"width":378,"height":2024.316650390625},{"identifier":"26745078","top":11666.1162109375,"bottom":12491.182861328125,"right":394,"left":16,"width":378,"height":825.066650390625},{"identifier":"7266497","top":12491.18359375,"bottom":13183.250244140625,"right":394,"left":16,"width":378,"height":692.066650390625},{"identifier":"9318724","top":13183.25,"bottom":14268.216674804688,"right":394,"left":16,"width":378,"height":1084.9666748046875},{"identifier":"5342097","top":14268.216796875,"bottom":15279.383483886719,"right":394,"left":16,"width":378,"height":1011.1666870117188},{"identifier":"18994850","top":15279.3837890625,"bottom":16378.550415039062,"right":394,"left":16,"width":378,"height":1099.1666259765625},{"identifier":"9318723","top":16378.5498046875,"bottom":16914.616455078125,"right":394,"left":16,"width":378,"height":536.066650390625},{"identifier":"68536579","top":16914.6171875,"bottom":17448.48388671875,"right":394,"left":16,"width":378,"height":533.86669921875},{"identifier":"149150","top":17448.482421875,"bottom":18294.449096679688,"right":394,"left":16,"width":378,"height":845.9666748046875},{"identifier":"12698339","top":18294.44921875,"bottom":18944.015869140625,"right":394,"left":16,"width":378,"height":649.566650390625},{"identifier":"40079019","top":18944.017578125,"bottom":20710.584228515625,"right":394,"left":16,"width":378,"height":1766.566650390625},{"identifier":"6787083","top":20710.583984375,"bottom":21418.95068359375,"right":394,"left":16,"width":378,"height":708.36669921875},{"identifier":"6715476","top":21418.94921875,"bottom":22150.165893554688,"right":394,"left":16,"width":378,"height":731.2166748046875},{"identifier":"8726353","top":22150.166015625,"bottom":22658.532684326172,"right":394,"left":16,"width":378,"height":508.3666687011719},{"identifier":"11270819","top":22658.533203125,"bottom":23926.699829101562,"right":394,"left":16,"width":378,"height":1268.1666259765625},{"identifier":"149080","top":23926.69921875,"bottom":24742.265869140625,"right":394,"left":16,"width":378,"height":815.566650390625},{"identifier":"60877747","top":24742.267578125,"bottom":25301.13427734375,"right":394,"left":16,"width":378,"height":558.86669921875},{"identifier":"1323064","top":25301.1328125,"bottom":27027.199462890625,"right":394,"left":16,"width":378,"height":1726.066650390625},{"identifier":"10168573","top":27027.19921875,"bottom":27809.465881347656,"right":394,"left":16,"width":378,"height":782.2666625976562},{"identifier":"9327950","top":27809.466796875,"bottom":28336.83349609375,"right":394,"left":16,"width":378,"height":527.36669921875},{"identifier":"149120","top":28336.833984375,"bottom":29011.100646972656,"right":394,"left":16,"width":378,"height":674.2666625976562},{"identifier":"12698442","top":29011.099609375,"bottom":29486.066284179688,"right":394,"left":16,"width":378,"height":474.9666748046875},{"identifier":"3284302","top":29486.06640625,"bottom":30627.133056640625,"right":394,"left":16,"width":378,"height":1141.066650390625},{"identifier":"14735423","top":30627.1328125,"bottom":31539.599487304688,"right":394,"left":16,"width":378,"height":912.4666748046875},{"identifier":"54274936","top":31539.599609375,"bottom":32015.566284179688,"right":394,"left":16,"width":378,"height":475.9666748046875},{"identifier":"23717185","top":32015.56640625,"bottom":35940.2998046875,"right":394,"left":16,"width":378,"height":3924.7333984375}]}},{"timestamp":"2022-11-22T06:13:02.912Z","url":"https://stackoverflow.com/questions/149055/how-to-format-numbers-as-currency-strings","component":"page","action":"scroll","data":{"viewport":{"x":0,"y":1224,"height":658,"width":427},"document":{"height":39330,"width":410},"question":{"identifier":"149055","top":-1060.5333251953125,"bottom":46.0333251953125,"right":394,"left":16,"width":378,"height":1106.566650390625},"answers":[{"identifier":"16233919","top":163.3333282470703,"bottom":2331.8833770751953,"right":394,"left":16,"width":378,"height":2168.550048828125},{"identifier":"149099","top":2331.88330078125,"bottom":5314.38330078125,"right":394,"left":16,"width":378,"height":2982.5},{"identifier":"14428340","top":5314.38330078125,"bottom":7830.25,"right":394,"left":16,"width":378,"height":2515.86669921875},{"identifier":"149107","top":7830.25,"bottom":9539.800048828125,"right":394,"left":16,"width":378,"height":1709.550048828125},{"identifier":"2866613","top":9539.7998046875,"bottom":11564.116455078125,"right":394,"left":16,"width":378,"height":2024.316650390625},{"identifier":"26745078","top":11564.1162109375,"bottom":12389.182861328125,"right":394,"left":16,"width":378,"height":825.066650390625},{"identifier":"7266497","top":12389.18359375,"bottom":13081.250244140625,"right":394,"left":16,"width":378,"height":692.066650390625},{"identifier":"9318724","top":13081.25,"bottom":14166.216674804688,"right":394,"left":16,"width":378,"height":1084.9666748046875},{"identifier":"5342097","top":14166.216796875,"bottom":15177.383483886719,"right":394,"left":16,"width":378,"height":1011.1666870117188},{"identifier":"18994850","top":15177.3837890625,"bottom":16276.550415039062,"right":394,"left":16,"width":378,"height":1099.1666259765625},{"identifier":"9318723","top":16276.5498046875,"bottom":16812.616455078125,"right":394,"left":16,"width":378,"height":536.066650390625},{"identifier":"68536579","top":16812.6171875,"bottom":17346.48388671875,"right":394,"left":16,"width":378,"height":533.86669921875},{"identifier":"149150","top":17346.482421875,"bottom":18192.449096679688,"right":394,"left":16,"width":378,"height":845.9666748046875},{"identifier":"12698339","top":18192.44921875,"bottom":18842.015869140625,"right":394,"left":16,"width":378,"height":649.566650390625},{"identifier":"40079019","top":18842.017578125,"bottom":20608.584228515625,"right":394,"left":16,"width":378,"height":1766.566650390625},{"identifier":"6787083","top":20608.583984375,"bottom":21316.95068359375,"right":394,"left":16,"width":378,"height":708.36669921875},{"identifier":"6715476","top":21316.94921875,"bottom":22048.165893554688,"right":394,"left":16,"width":378,"height":731.2166748046875},{"identifier":"8726353","top":22048.166015625,"bottom":22556.532684326172,"right":394,"left":16,"width":378,"height":508.3666687011719},{"identifier":"11270819","top":22556.533203125,"bottom":23824.699829101562,"right":394,"left":16,"width":378,"height":1268.1666259765625},{"identifier":"149080","top":23824.69921875,"bottom":24640.265869140625,"right":394,"left":16,"width":378,"height":815.566650390625},{"identifier":"60877747","top":24640.267578125,"bottom":25199.13427734375,"right":394,"left":16,"width":378,"height":558.86669921875},{"identifier":"1323064","top":25199.1328125,"bottom":26925.199462890625,"right":394,"left":16,"width":378,"height":1726.066650390625},{"identifier":"10168573","top":26925.19921875,"bottom":27707.465881347656,"right":394,"left":16,"width":378,"height":782.2666625976562},{"identifier":"9327950","top":27707.466796875,"bottom":28234.83349609375,"right":394,"left":16,"width":378,"height":527.36669921875},{"identifier":"149120","top":28234.833984375,"bottom":28909.100646972656,"right":394,"left":16,"width":378,"height":674.2666625976562},{"identifier":"12698442","top":28909.099609375,"bottom":29384.066284179688,"right":394,"left":16,"width":378,"height":474.9666748046875},{"identifier":"3284302","top":29384.06640625,"bottom":30525.133056640625,"right":394,"left":16,"width":378,"height":1141.066650390625},{"identifier":"14735423","top":30525.1328125,"bottom":31437.599487304688,"right":394,"left":16,"width":378,"height":912.4666748046875},{"identifier":"54274936","top":31437.599609375,"bottom":31913.566284179688,"right":394,"left":16,"width":378,"height":475.9666748046875},{"identifier":"23717185","top":31913.56640625,"bottom":35838.2998046875,"right":394,"left":16,"width":378,"height":3924.7333984375}]}},{"timestamp":"2022-11-22T06:13:04.261Z","url":"https://stackoverflow.com/questions/149055/how-to-format-numbers-as-currency-strings","component":"page","action":"scroll","data":{"viewport":{"x":0,"y":1326,"height":658,"width":427},"document":{"height":39330,"width":410},"question":{"identifier":"149055","top":-1162.5333251953125,"bottom":-55.9666748046875,"right":394,"left":16,"width":378,"height":1106.566650390625},"answers":[{"identifier":"16233919","top":61.33332824707031,"bottom":2229.8833770751953,"right":394,"left":16,"width":378,"height":2168.550048828125},{"identifier":"149099","top":2229.88330078125,"bottom":5212.38330078125,"right":394,"left":16,"width":378,"height":2982.5},{"identifier":"14428340","top":5212.38330078125,"bottom":7728.25,"right":394,"left":16,"width":378,"height":2515.86669921875},{"identifier":"149107","top":7728.25,"bottom":9437.800048828125,"right":394,"left":16,"width":378,"height":1709.550048828125},{"identifier":"2866613","top":9437.7998046875,"bottom":11462.116455078125,"right":394,"left":16,"width":378,"height":2024.316650390625},{"identifier":"26745078","top":11462.1162109375,"bottom":12287.182861328125,"right":394,"left":16,"width":378,"height":825.066650390625},{"identifier":"7266497","top":12287.18359375,"bottom":12979.250244140625,"right":394,"left":16,"width":378,"height":692.066650390625},{"identifier":"9318724","top":12979.25,"bottom":14064.216674804688,"right":394,"left":16,"width":378,"height":1084.9666748046875},{"identifier":"5342097","top":14064.216796875,"bottom":15075.383483886719,"right":394,"left":16,"width":378,"height":1011.1666870117188},{"identifier":"18994850","top":15075.3837890625,"bottom":16174.550415039062,"right":394,"left":16,"width":378,"height":1099.1666259765625},{"identifier":"9318723","top":16174.5498046875,"bottom":16710.616455078125,"right":394,"left":16,"width":378,"height":536.066650390625},{"identifier":"68536579","top":16710.6171875,"bottom":17244.48388671875,"right":394,"left":16,"width":378,"height":533.86669921875},{"identifier":"149150","top":17244.482421875,"bottom":18090.449096679688,"right":394,"left":16,"width":378,"height":845.9666748046875},{"identifier":"12698339","top":18090.44921875,"bottom":18740.015869140625,"right":394,"left":16,"width":378,"height":649.566650390625},{"identifier":"40079019","top":18740.017578125,"bottom":20506.584228515625,"right":394,"left":16,"width":378,"height":1766.566650390625},{"identifier":"6787083","top":20506.583984375,"bottom":21214.95068359375,"right":394,"left":16,"width":378,"height":708.36669921875},{"identifier":"6715476","top":21214.94921875,"bottom":21946.165893554688,"right":394,"left":16,"width":378,"height":731.2166748046875},{"identifier":"8726353","top":21946.166015625,"bottom":22454.532684326172,"right":394,"left":16,"width":378,"height":508.3666687011719},{"identifier":"11270819","top":22454.533203125,"bottom":23722.699829101562,"right":394,"left":16,"width":378,"height":1268.1666259765625},{"identifier":"149080","top":23722.69921875,"bottom":24538.265869140625,"right":394,"left":16,"width":378,"height":815.566650390625},{"identifier":"60877747","top":24538.267578125,"bottom":25097.13427734375,"right":394,"left":16,"width":378,"height":558.86669921875},{"identifier":"1323064","top":25097.1328125,"bottom":26823.199462890625,"right":394,"left":16,"width":378,"height":1726.066650390625},{"identifier":"10168573","top":26823.19921875,"bottom":27605.465881347656,"right":394,"left":16,"width":378,"height":782.2666625976562},{"identifier":"9327950","top":27605.466796875,"bottom":28132.83349609375,"right":394,"left":16,"width":378,"height":527.36669921875},{"identifier":"149120","top":28132.833984375,"bottom":28807.100646972656,"right":394,"left":16,"width":378,"height":674.2666625976562},{"identifier":"12698442","top":28807.099609375,"bottom":29282.066284179688,"right":394,"left":16,"width":378,"height":474.9666748046875},{"identifier":"3284302","top":29282.06640625,"bottom":30423.133056640625,"right":394,"left":16,"width":378,"height":1141.066650390625},{"identifier":"14735423","top":30423.1328125,"bottom":31335.599487304688,"right":394,"left":16,"width":378,"height":912.4666748046875},{"identifier":"54274936","top":31335.599609375,"bottom":31811.566284179688,"right":394,"left":16,"width":378,"height":475.9666748046875},{"identifier":"23717185","top":31811.56640625,"bottom":35736.2998046875,"right":394,"left":16,"width":378,"height":3924.7333984375}]}},{"timestamp":"2022-11-22T06:14:03.900Z","url":"https://stackoverflow.com/questions/149055/how-to-format-numbers-as-currency-strings","component":"page","action":"selection","data":"const "},{"timestamp":"2022-11-22T06:14:09.481Z","url":"https://stackoverflow.com/questions/149055/how-to-format-numbers-as-currency-strings","component":"page","action":"selection","data":"const formatter = new Intl.NumberFormat('en-US', {\r\n  style: 'currency',\r\n  currency: 'USD',\r\n\r\n  // These options are needed to round to whole numbers if that's what you want.\r\n  //minimumFractionDigits: 0, // (this suffices for whole numbers, but will print 2500.10 as $2,500.1)\r\n  //maximumFractionDigits: 0, // (causes 2500.99 to be printed as $2,501)\r\n});"},{"timestamp":"2022-11-22T06:15:35.232Z","url":"https://stackoverflow.com/questions/149055/how-to-format-numbers-as-currency-strings","component":"page","action":"scroll","data":{"viewport":{"x":0,"y":1632,"height":658,"width":427},"document":{"height":39330,"width":410},"question":{"identifier":"149055","top":-1468.5333251953125,"bottom":-361.9666748046875,"right":394,"left":16,"width":378,"height":1106.566650390625},"answers":[{"identifier":"16233919","top":-244.6666717529297,"bottom":1923.8833770751953,"right":394,"left":16,"width":378,"height":2168.550048828125},{"identifier":"149099","top":1923.88330078125,"bottom":4906.38330078125,"right":394,"left":16,"width":378,"height":2982.5},{"identifier":"14428340","top":4906.38330078125,"bottom":7422.25,"right":394,"left":16,"width":378,"height":2515.86669921875},{"identifier":"149107","top":7422.25,"bottom":9131.800048828125,"right":394,"left":16,"width":378,"height":1709.550048828125},{"identifier":"2866613","top":9131.7998046875,"bottom":11156.116455078125,"right":394,"left":16,"width":378,"height":2024.316650390625},{"identifier":"26745078","top":11156.1162109375,"bottom":11981.182861328125,"right":394,"left":16,"width":378,"height":825.066650390625},{"identifier":"7266497","top":11981.18359375,"bottom":12673.250244140625,"right":394,"left":16,"width":378,"height":692.066650390625},{"identifier":"9318724","top":12673.25,"bottom":13758.216674804688,"right":394,"left":16,"width":378,"height":1084.9666748046875},{"identifier":"5342097","top":13758.216796875,"bottom":14769.383483886719,"right":394,"left":16,"width":378,"height":1011.1666870117188},{"identifier":"18994850","top":14769.3837890625,"bottom":15868.550415039062,"right":394,"left":16,"width":378,"height":1099.1666259765625},{"identifier":"9318723","top":15868.5498046875,"bottom":16404.616455078125,"right":394,"left":16,"width":378,"height":536.066650390625},{"identifier":"68536579","top":16404.6171875,"bottom":16938.48388671875,"right":394,"left":16,"width":378,"height":533.86669921875},{"identifier":"149150","top":16938.482421875,"bottom":17784.449096679688,"right":394,"left":16,"width":378,"height":845.9666748046875},{"identifier":"12698339","top":17784.44921875,"bottom":18434.015869140625,"right":394,"left":16,"width":378,"height":649.566650390625},{"identifier":"40079019","top":18434.017578125,"bottom":20200.584228515625,"right":394,"left":16,"width":378,"height":1766.566650390625},{"identifier":"6787083","top":20200.583984375,"bottom":20908.95068359375,"right":394,"left":16,"width":378,"height":708.36669921875},{"identifier":"6715476","top":20908.94921875,"bottom":21640.165893554688,"right":394,"left":16,"width":378,"height":731.2166748046875},{"identifier":"8726353","top":21640.166015625,"bottom":22148.532684326172,"right":394,"left":16,"width":378,"height":508.3666687011719},{"identifier":"11270819","top":22148.533203125,"bottom":23416.699829101562,"right":394,"left":16,"width":378,"height":1268.1666259765625},{"identifier":"149080","top":23416.69921875,"bottom":24232.265869140625,"right":394,"left":16,"width":378,"height":815.566650390625},{"identifier":"60877747","top":24232.267578125,"bottom":24791.13427734375,"right":394,"left":16,"width":378,"height":558.86669921875},{"identifier":"1323064","top":24791.1328125,"bottom":26517.199462890625,"right":394,"left":16,"width":378,"height":1726.066650390625},{"identifier":"10168573","top":26517.19921875,"bottom":27299.465881347656,"right":394,"left":16,"width":378,"height":782.2666625976562},{"identifier":"9327950","top":27299.466796875,"bottom":27826.83349609375,"right":394,"left":16,"width":378,"height":527.36669921875},{"identifier":"149120","top":27826.833984375,"bottom":28501.100646972656,"right":394,"left":16,"width":378,"height":674.2666625976562},{"identifier":"12698442","top":28501.099609375,"bottom":28976.066284179688,"right":394,"left":16,"width":378,"height":474.9666748046875},{"identifier":"3284302","top":28976.06640625,"bottom":30117.133056640625,"right":394,"left":16,"width":378,"height":1141.066650390625},{"identifier":"14735423","top":30117.1328125,"bottom":31029.599487304688,"right":394,"left":16,"width":378,"height":912.4666748046875},{"identifier":"54274936","top":31029.599609375,"bottom":31505.566284179688,"right":394,"left":16,"width":378,"height":475.9666748046875},{"identifier":"23717185","top":31505.56640625,"bottom":35430.2998046875,"right":394,"left":16,"width":378,"height":3924.7333984375}]}},{"timestamp":"2022-11-22T06:15:37.557Z","url":"https://stackoverflow.com/questions/149055/how-to-format-numbers-as-currency-strings","component":"page","action":"scroll","data":{"viewport":{"x":0,"y":1428,"height":658,"width":427},"document":{"height":39330,"width":410},"question":{"identifier":"149055","top":-1264.5333251953125,"bottom":-157.9666748046875,"right":394,"left":16,"width":378,"height":1106.566650390625},"answers":[{"identifier":"16233919","top":-40.66667175292969,"bottom":2127.8833770751953,"right":394,"left":16,"width":378,"height":2168.550048828125},{"identifier":"149099","top":2127.88330078125,"bottom":5110.38330078125,"right":394,"left":16,"width":378,"height":2982.5},{"identifier":"14428340","top":5110.38330078125,"bottom":7626.25,"right":394,"left":16,"width":378,"height":2515.86669921875},{"identifier":"149107","top":7626.25,"bottom":9335.800048828125,"right":394,"left":16,"width":378,"height":1709.550048828125},{"identifier":"2866613","top":9335.7998046875,"bottom":11360.116455078125,"right":394,"left":16,"width":378,"height":2024.316650390625},{"identifier":"26745078","top":11360.1162109375,"bottom":12185.182861328125,"right":394,"left":16,"width":378,"height":825.066650390625},{"identifier":"7266497","top":12185.18359375,"bottom":12877.250244140625,"right":394,"left":16,"width":378,"height":692.066650390625},{"identifier":"9318724","top":12877.25,"bottom":13962.216674804688,"right":394,"left":16,"width":378,"height":1084.9666748046875},{"identifier":"5342097","top":13962.216796875,"bottom":14973.383483886719,"right":394,"left":16,"width":378,"height":1011.1666870117188},{"identifier":"18994850","top":14973.3837890625,"bottom":16072.550415039062,"right":394,"left":16,"width":378,"height":1099.1666259765625},{"identifier":"9318723","top":16072.5498046875,"bottom":16608.616455078125,"right":394,"left":16,"width":378,"height":536.066650390625},{"identifier":"68536579","top":16608.6171875,"bottom":17142.48388671875,"right":394,"left":16,"width":378,"height":533.86669921875},{"identifier":"149150","top":17142.482421875,"bottom":17988.449096679688,"right":394,"left":16,"width":378,"height":845.9666748046875},{"identifier":"12698339","top":17988.44921875,"bottom":18638.015869140625,"right":394,"left":16,"width":378,"height":649.566650390625},{"identifier":"40079019","top":18638.017578125,"bottom":20404.584228515625,"right":394,"left":16,"width":378,"height":1766.566650390625},{"identifier":"6787083","top":20404.583984375,"bottom":21112.95068359375,"right":394,"left":16,"width":378,"height":708.36669921875},{"identifier":"6715476","top":21112.94921875,"bottom":21844.165893554688,"right":394,"left":16,"width":378,"height":731.2166748046875},{"identifier":"8726353","top":21844.166015625,"bottom":22352.532684326172,"right":394,"left":16,"width":378,"height":508.3666687011719},{"identifier":"11270819","top":22352.533203125,"bottom":23620.699829101562,"right":394,"left":16,"width":378,"height":1268.1666259765625},{"identifier":"149080","top":23620.69921875,"bottom":24436.265869140625,"right":394,"left":16,"width":378,"height":815.566650390625},{"identifier":"60877747","top":24436.267578125,"bottom":24995.13427734375,"right":394,"left":16,"width":378,"height":558.86669921875},{"identifier":"1323064","top":24995.1328125,"bottom":26721.199462890625,"right":394,"left":16,"width":378,"height":1726.066650390625},{"identifier":"10168573","top":26721.19921875,"bottom":27503.465881347656,"right":394,"left":16,"width":378,"height":782.2666625976562},{"identifier":"9327950","top":27503.466796875,"bottom":28030.83349609375,"right":394,"left":16,"width":378,"height":527.36669921875},{"identifier":"149120","top":28030.833984375,"bottom":28705.100646972656,"right":394,"left":16,"width":378,"height":674.2666625976562},{"identifier":"12698442","top":28705.099609375,"bottom":29180.066284179688,"right":394,"left":16,"width":378,"height":474.9666748046875},{"identifier":"3284302","top":29180.06640625,"bottom":30321.133056640625,"right":394,"left":16,"width":378,"height":1141.066650390625},{"identifier":"14735423","top":30321.1328125,"bottom":31233.599487304688,"right":394,"left":16,"width":378,"height":912.4666748046875},{"identifier":"54274936","top":31233.599609375,"bottom":31709.566284179688,"right":394,"left":16,"width":378,"height":475.9666748046875},{"identifier":"23717185","top":31709.56640625,"bottom":35634.2998046875,"right":394,"left":16,"width":378,"height":3924.7333984375}]}},{"timestamp":"2022-11-22T06:16:15.808Z","url":"https://stackoverflow.com/questions/149055/how-to-format-numbers-as-currency-strings","component":"page","action":"selection","data":"formatter.format(2500)"},{"timestamp":"2022-11-22T06:16:47.067Z","url":"https://stackoverflow.com/questions/149055/how-to-format-numbers-as-currency-strings","component":"page","action":"close"},{"timestamp":"2022-11-22T06:16:47.551Z","url":"https://stackoverflow.com/questions/149055/how-to-format-numbers-as-currency-strings","component":"projection","action":"mouseenter"},{"timestamp":"2022-11-22T06:16:47.901Z","url":"https://stackoverflow.com/questions/149055/how-to-format-numbers-as-currency-strings","component":"projection","action":"mouseleave"},{"timestamp":"2022-11-22T06:16:48.251Z","url":"https://stackoverflow.com/questions/149055/how-to-format-numbers-as-currency-strings","component":"projection","action":"mouseenter"},{"timestamp":"2022-11-22T06:16:48.401Z","url":"https://stackoverflow.com/questions/149055/how-to-format-numbers-as-currency-strings","component":"projection","action":"mouseleave"},{"timestamp":"2022-11-22T06:16:48.404Z","url":"https://stackoverflow.com/questions/149055/how-to-format-numbers-as-currency-strings/5681208","component":"projection","action":"mouseenter"},{"timestamp":"2022-11-22T06:16:48.428Z","url":"https://stackoverflow.com/questions/149055/how-to-format-numbers-as-currency-strings/5681208","component":"projection","action":"mouseleave"},{"timestamp":"2022-11-22T06:19:13.955Z","url":"https://stackoverflow.com/questions/4022171/how-do-i-print-currency-format-in-javascript","component":"projection","action":"mouseenter"}]}]}