{"trialId":"20998_2","taskId":"serve","appEvents":[{"timestamp":"2022-11-22T06:30:11.459Z","name":"search","data":"search-start"},{"timestamp":"2022-11-22T06:30:19.452Z","name":"search","data":"search-done"}],"searches":[{"keywords":["serve","static","file"],"context":{"tokens":[{"kind":"library","value":"express"},{"kind":"library","value":"path"},{"kind":"language","value":"javascript"}]},"timestamp":"2022-11-22T06:30:11.458Z","results":[{"signatures":[{"answerKeywords":["file","static","file","file","file","serve","file","express","static"],"answerWordCount":927,"text":"use(string, function)","parentType":"any","name":"use","arguments":[{"type":"string"},{"type":"(req: any, res: any) => any"}],"returnType":"any","usage":"app.use(\"/files\", function (req, res) {\n  return res.send(\"I will be served instead of a files directory\");\n})","definition":"","source":"// Define `/files` route first\napp.use(\"/files\", function (req, res) {\n  return res.send(\"I will be served instead of a files directory\");\n});\n\n// Static\napp.use(\"/\", express.static(__dirname));\n","answerId":"65116954","answerUrl":"https://stackoverflow.com/a/65116954","voteCount":2,"isAccepted":true,"lastModified":"2020-12-03T04:19:23.000Z"},{"answerKeywords":["file","static","file","file","file","serve","file","express","static"],"answerWordCount":927,"text":"use(string, unknown)","parentType":"any","name":"use","arguments":[{"type":"string"},{"type":"any"}],"returnType":"any","usage":"app.use(\"/\", express.static(__dirname))","definition":"","source":"// Define `/files` route first\napp.use(\"/files\", function (req, res) {\n  return res.send(\"I will be served instead of a files directory\");\n});\n\n// Static\napp.use(\"/\", express.static(__dirname));\n","answerId":"65116954","answerUrl":"https://stackoverflow.com/a/65116954","voteCount":2,"isAccepted":true,"lastModified":"2020-12-03T04:19:23.000Z"},{"answerKeywords":["file","static","file","file","file","serve","file","express","static"],"answerWordCount":927,"text":"static(unknown)","parentType":"any","name":"static","arguments":[{"type":"any"}],"returnType":"any","usage":"express.static(__dirname)","definition":"","source":"// Define `/files` route first\napp.use(\"/files\", function (req, res) {\n  return res.send(\"I will be served instead of a files directory\");\n});\n\n// Static\napp.use(\"/\", express.static(__dirname));\n","answerId":"65116954","answerUrl":"https://stackoverflow.com/a/65116954","voteCount":2,"isAccepted":true,"lastModified":"2020-12-03T04:19:23.000Z"},{"answerKeywords":["express","express","path","path","express","express","static","path","static","path","static"],"answerWordCount":1057,"text":"express()","name":"express","arguments":[],"returnType":"any","usage":"const app = express();","definition":"","source":"const express = require('express');\nconst path = require('path');\nconst app = express();\napp.use('/public',express.static(path.join(__dirname,'static')));\napp.get('/',(req,res)=> {\n          res.sendFile(path.join(__dirname,'static','index.html');\n         });\napp.listen(3000);\n","answerId":"68244233","answerUrl":"https://stackoverflow.com/a/68244233","voteCount":0,"isAccepted":false,"lastModified":"2021-07-04T11:23:24.000Z"},{"answerKeywords":["express","express","path","path","express","express","static","path","static","path","static"],"answerWordCount":1057,"text":"use(string, unknown)","parentType":"any","name":"use","arguments":[{"type":"string"},{"type":"any"}],"returnType":"any","usage":"app.use('/public',express.static(path.join(__dirname,'static')))","definition":"const app = express();","source":"const express = require('express');\nconst path = require('path');\nconst app = express();\napp.use('/public',express.static(path.join(__dirname,'static')));\napp.get('/',(req,res)=> {\n          res.sendFile(path.join(__dirname,'static','index.html');\n         });\napp.listen(3000);\n","answerId":"68244233","answerUrl":"https://stackoverflow.com/a/68244233","voteCount":0,"isAccepted":false,"lastModified":"2021-07-04T11:23:24.000Z"},{"answerKeywords":["express","express","path","path","express","express","static","path","static","path","static"],"answerWordCount":1057,"text":"static(unknown)","parentType":"any","name":"static","arguments":[{"type":"any"}],"returnType":"any","usage":"express.static(path.join(__dirname,'static'))","definition":"","source":"const express = require('express');\nconst path = require('path');\nconst app = express();\napp.use('/public',express.static(path.join(__dirname,'static')));\napp.get('/',(req,res)=> {\n          res.sendFile(path.join(__dirname,'static','index.html');\n         });\napp.listen(3000);\n","answerId":"68244233","answerUrl":"https://stackoverflow.com/a/68244233","voteCount":0,"isAccepted":false,"lastModified":"2021-07-04T11:23:24.000Z"},{"answerKeywords":["express","express","path","path","express","express","static","path","static","path","static"],"answerWordCount":1057,"text":"join(unknown, string)","parentType":"any","name":"join","arguments":[{"type":"any"},{"type":"string"}],"returnType":"any","usage":"path.join(__dirname,'static')","definition":"","source":"const express = require('express');\nconst path = require('path');\nconst app = express();\napp.use('/public',express.static(path.join(__dirname,'static')));\napp.get('/',(req,res)=> {\n          res.sendFile(path.join(__dirname,'static','index.html');\n         });\napp.listen(3000);\n","answerId":"68244233","answerUrl":"https://stackoverflow.com/a/68244233","voteCount":0,"isAccepted":false,"lastModified":"2021-07-04T11:23:24.000Z"},{"answerKeywords":["express","express","path","path","express","express","static","path","static","path","static"],"answerWordCount":1057,"text":"get(string, function)","parentType":"any","name":"get","arguments":[{"type":"string"},{"type":"(req: any, res: any) => void"}],"returnType":"any","usage":"app.get('/',(req,res)=> {\n          res.sendFile(path.join(__dirname,'static','index.html');\n         })","definition":"const app = express();","source":"const express = require('express');\nconst path = require('path');\nconst app = express();\napp.use('/public',express.static(path.join(__dirname,'static')));\napp.get('/',(req,res)=> {\n          res.sendFile(path.join(__dirname,'static','index.html');\n         });\napp.listen(3000);\n","answerId":"68244233","answerUrl":"https://stackoverflow.com/a/68244233","voteCount":0,"isAccepted":false,"lastModified":"2021-07-04T11:23:24.000Z"},{"answerKeywords":["express","express","path","path","express","express","static","path","static","path","static"],"answerWordCount":1057,"text":"listen(number)","parentType":"any","name":"listen","arguments":[{"type":"number"}],"returnType":"any","usage":"app.listen(3000)","definition":"const app = express();","source":"const express = require('express');\nconst path = require('path');\nconst app = express();\napp.use('/public',express.static(path.join(__dirname,'static')));\napp.get('/',(req,res)=> {\n          res.sendFile(path.join(__dirname,'static','index.html');\n         });\napp.listen(3000);\n","answerId":"68244233","answerUrl":"https://stackoverflow.com/a/68244233","voteCount":0,"isAccepted":false,"lastModified":"2021-07-04T11:23:24.000Z"}],"areSignaturesLoading":false,"title":"How to serve static files in ExpressJS on some paths and not ...","snippet":"I have this piece of code: var express = require('express'); var app = express(); express. static(__dirname); app.","url":"https://stackoverflow.com/questions/65115458/how-to-serve-static-files-in-expressjs-on-some-paths-and-not-others","displayLink":"https://stackoverflow.com › questions › how-to-serve-st...","snippetHighlightWords":["express","express","express","express","static"],"date":"Dec 2, 2020"},{"signatures":[{"answerKeywords":["express","static","path","file","file","path","path","file"],"answerWordCount":882,"text":"use(unknown)","parentType":"any","name":"use","arguments":[{"type":"any"}],"returnType":"any","usage":"app.use(express.static(path.join(__dirname, \"public\")))","definition":"","source":"  app.use(express.static(path.join(__dirname, \"public\")));\n\n|__public/   \n    |__ css/\n        |__ css files...\n    |__ js/\n        |__ js files...\n\n//For CSS File\n<link rel=\"stylesheet\" href=\"/css/main.css\" />\n\n//For JS File\n<script src=\"/js/script.js\"></script>\n","answerId":"72412862","answerUrl":"https://stackoverflow.com/a/72412862","voteCount":0,"isAccepted":false,"lastModified":"2022-05-28T04:33:22.000Z"},{"answerKeywords":["express","static","path","file","file","path","path","file"],"answerWordCount":882,"text":"static(unknown)","parentType":"any","name":"static","arguments":[{"type":"any"}],"returnType":"any","usage":"express.static(path.join(__dirname, \"public\"))","definition":"","source":"  app.use(express.static(path.join(__dirname, \"public\")));\n\n|__public/   \n    |__ css/\n        |__ css files...\n    |__ js/\n        |__ js files...\n\n//For CSS File\n<link rel=\"stylesheet\" href=\"/css/main.css\" />\n\n//For JS File\n<script src=\"/js/script.js\"></script>\n","answerId":"72412862","answerUrl":"https://stackoverflow.com/a/72412862","voteCount":0,"isAccepted":false,"lastModified":"2022-05-28T04:33:22.000Z"},{"answerKeywords":["express","static","path","file","file","path","path","file"],"answerWordCount":882,"text":"join(unknown, string)","parentType":"any","name":"join","arguments":[{"type":"any"},{"type":"string"}],"returnType":"any","usage":"path.join(__dirname, \"public\")","definition":"","source":"  app.use(express.static(path.join(__dirname, \"public\")));\n\n|__public/   \n    |__ css/\n        |__ css files...\n    |__ js/\n        |__ js files...\n\n//For CSS File\n<link rel=\"stylesheet\" href=\"/css/main.css\" />\n\n//For JS File\n<script src=\"/js/script.js\"></script>\n","answerId":"72412862","answerUrl":"https://stackoverflow.com/a/72412862","voteCount":0,"isAccepted":false,"lastModified":"2022-05-28T04:33:22.000Z"}],"areSignaturesLoading":false,"title":"nodejs express app serve static files from public/js folder not ...","snippet":"1. Add this middleware in the index.js above you set view engine. app.use(express.static(path.join(__dirname, \"public\"))); · 2. Folder Structure.","url":"https://stackoverflow.com/questions/72411261/nodejs-express-app-serve-static-files-from-public-js-folder-not-work","displayLink":"https://stackoverflow.com › questions › nodejs-express-...","snippetHighlightWords":["js","express","static","path"],"date":"May 27, 2022 1 answer"},{"signatures":[{"answerKeywords":["express","static","path","path","file","file","serve","express","static","path","static","static","express","static","file","static","path","static","static","path","express","static","express","path","serve","path","path","static","express","static","path"],"answerWordCount":1006,"text":"use(unknown)","parentType":"any","name":"use","arguments":[{"type":"any"}],"returnType":"any","usage":"app.use(express.static('public'))","definition":"","source":"app.use(express.static('public'))\n","answerId":"71015495","answerUrl":"https://stackoverflow.com/a/71015495","voteCount":2,"isAccepted":false,"lastModified":"2022-02-07T08:56:39.000Z"},{"answerKeywords":["express","static","path","path","file","file","serve","express","static","path","static","static","express","static","file","static","path","static","static","path","express","static","express","path","serve","path","path","static","express","static","path"],"answerWordCount":1006,"text":"static(string)","parentType":"any","name":"static","arguments":[{"type":"string"}],"returnType":"any","usage":"express.static('public')","definition":"","source":"app.use(express.static('public'))\n","answerId":"71015495","answerUrl":"https://stackoverflow.com/a/71015495","voteCount":2,"isAccepted":false,"lastModified":"2022-02-07T08:56:39.000Z"}],"areSignaturesLoading":false,"title":"Express: serving static files in express using app.use() not ...","snippet":"I am trying to serve static html and css ...","url":"https://stackoverflow.com/questions/71015238/express-serving-static-files-in-express-using-app-use-not-working-on-route","displayLink":"https://stackoverflow.com › questions › express-serving...","snippetHighlightWords":["serve static"],"date":"Feb 7, 2022"},{"signatures":[],"areSignaturesLoading":false,"title":"Express, how to always serve static directory? - Stack Overflow","snippet":"js. I basically need my app to always serve 'build/' no matter which path the visitor is on, as the routing is handled by the frontend with ...","url":"https://stackoverflow.com/questions/61090344/express-how-to-always-serve-static-directory","displayLink":"https://stackoverflow.com › questions › express-how-to...","snippetHighlightWords":["js","serve","path"],"date":"Apr 7, 2020"},{"signatures":[{"answerKeywords":["serve","file","serve","file","serve","serve","serve","file","serve","serve","express","static","static","file","serve","path","path","path","serve","path","path","path","path","path","path","path","serve","path","path","path","path","path","path","serve","serve","serve","express","static","express","static","path","file","file","serve","serve","express","static","express","static","path","file","file","serve"],"answerWordCount":1683,"text":"use(unknown)","parentType":"any","name":"use","arguments":[{"type":"any"}],"returnType":"any","usage":"app.use(express.static(\"/my-project/public\"))","definition":"","source":"/my-project\n    server\n    public\n        images\n            kitten.jpg\n\napp.use(express.static(\"/my-project/public\"));\n\n<img src=\"/images/kitten.jpg\">\n\napp.use(express.static(\"/my-project/public/images\"));\n\n<img src=\"/kitten.jpg\">\n","answerId":"71670938","answerUrl":"https://stackoverflow.com/a/71670938","voteCount":0,"isAccepted":true,"lastModified":"2022-03-30T02:48:36.000Z"},{"answerKeywords":["serve","file","serve","file","serve","serve","serve","file","serve","serve","express","static","static","file","serve","path","path","path","serve","path","path","path","path","path","path","path","serve","path","path","path","path","path","path","serve","serve","serve","express","static","express","static","path","file","file","serve","serve","express","static","express","static","path","file","file","serve"],"answerWordCount":1683,"text":"static(string)","parentType":"any","name":"static","arguments":[{"type":"string"}],"returnType":"any","usage":"express.static(\"/my-project/public\")","definition":"","source":"/my-project\n    server\n    public\n        images\n            kitten.jpg\n\napp.use(express.static(\"/my-project/public\"));\n\n<img src=\"/images/kitten.jpg\">\n\napp.use(express.static(\"/my-project/public/images\"));\n\n<img src=\"/kitten.jpg\">\n","answerId":"71670938","answerUrl":"https://stackoverflow.com/a/71670938","voteCount":0,"isAccepted":true,"lastModified":"2022-03-30T02:48:36.000Z"},{"answerKeywords":["express","static","express","static","file"],"answerWordCount":910,"text":"use(unknown)","parentType":"any","name":"use","arguments":[{"type":"any"}],"returnType":"any","usage":"app.use(express.static('public'))","definition":"","source":"app.use(express.static('public'));  \n","answerId":"71668774","answerUrl":"https://stackoverflow.com/a/71668774","voteCount":0,"isAccepted":false,"lastModified":"2022-03-30T12:43:57.000Z"},{"answerKeywords":["express","static","express","static","file"],"answerWordCount":910,"text":"static(string)","parentType":"any","name":"static","arguments":[{"type":"string"}],"returnType":"any","usage":"express.static('public')","definition":"","source":"app.use(express.static('public'));  \n","answerId":"71668774","answerUrl":"https://stackoverflow.com/a/71668774","voteCount":0,"isAccepted":false,"lastModified":"2022-03-30T12:43:57.000Z"}],"areSignaturesLoading":false,"title":"Static Files in express - node.js - Stack Overflow","snippet":"In the Express framework, express.static() is often used for serving a group of static files (all in one directory or in one directory ...","url":"https://stackoverflow.com/questions/71668735/static-files-in-express","displayLink":"https://stackoverflow.com › questions › static-files-in-ex...","snippetHighlightWords":["Express","express","static","serving","static files","directory","directory"],"date":"Mar 29, 2022"},{"signatures":[{"answerKeywords":["express","static","express","static","path","static","file","file","file","static","file","static","serve","express","static","javascript","static","static","express","static","static","static","javascript","static","static","static"],"answerWordCount":1163,"text":"use(unknown)","parentType":"any","name":"use","arguments":[{"type":"any"}],"returnType":"any","usage":"app.use(express.static(__dirname + '/public'))","definition":"","source":"app.use(express.static(__dirname + '/public'));\n\nhttp://localhost:3000/css/style.css\nhttp://localhost:3000/javascript/script.js\nhttp://localhost:3000/favicon.ico\nhttp://localhost:3000/index.html\nhttp://localhost:3000/robots.txt\n\nhttp://localhost:3000/static_folder/css/style.css\nhttp://localhost:3000/static_folder/javascript/script.js\nhttp://localhost:3000/static_folder/favicon.ico\nhttp://localhost:3000/static_folder/index.html\nhttp://localhost:3000/static_folder/robots.txt\n","answerId":"68818023","answerUrl":"https://stackoverflow.com/a/68818023","voteCount":2,"isAccepted":true,"lastModified":"2021-08-17T13:13:12.000Z"},{"answerKeywords":["express","static","express","static","path","static","file","file","file","static","file","static","serve","express","static","javascript","static","static","express","static","static","static","javascript","static","static","static"],"answerWordCount":1163,"text":"static(string)","parentType":"any","name":"static","arguments":[{"type":"string"}],"returnType":"any","usage":"express.static(__dirname + '/public')","definition":"","source":"app.use(express.static(__dirname + '/public'));\n\nhttp://localhost:3000/css/style.css\nhttp://localhost:3000/javascript/script.js\nhttp://localhost:3000/favicon.ico\nhttp://localhost:3000/index.html\nhttp://localhost:3000/robots.txt\n\nhttp://localhost:3000/static_folder/css/style.css\nhttp://localhost:3000/static_folder/javascript/script.js\nhttp://localhost:3000/static_folder/favicon.ico\nhttp://localhost:3000/static_folder/index.html\nhttp://localhost:3000/static_folder/robots.txt\n","answerId":"68818023","answerUrl":"https://stackoverflow.com/a/68818023","voteCount":2,"isAccepted":true,"lastModified":"2021-08-17T13:13:12.000Z"}],"areSignaturesLoading":false,"title":"Can someone please explain how static files in express js work?","snippet":"NOTE: DO NOT PUT PRIVATE FILES INSIDE YOUR STATIC FOLDER. app.use(express.static(__dirname + '/public'));.","url":"https://stackoverflow.com/questions/68816405/can-someone-please-explain-how-static-files-in-express-js-work","displayLink":"https://stackoverflow.com › questions › can-someone-pl...","snippetHighlightWords":["FILES","STATIC","express","static"],"date":"Aug 17, 2021 1 answer"},{"signatures":[{"answerKeywords":["path","file","static","express","static","path"],"answerWordCount":1144,"text":"use(string, unknown)","parentType":"any","name":"use","arguments":[{"type":"string"},{"type":"any"}],"returnType":"any","usage":"app.use('/static', express.static(path.join(__dirname, 'public')))","definition":"","source":"app.use('/static', express.static(path.join(__dirname, 'public')));\n","answerId":"71452113","answerUrl":"https://stackoverflow.com/a/71452113","voteCount":3,"isAccepted":true,"lastModified":"2022-03-12T18:11:00.000Z"},{"answerKeywords":["path","file","static","express","static","path"],"answerWordCount":1144,"text":"static(unknown)","parentType":"any","name":"static","arguments":[{"type":"any"}],"returnType":"any","usage":"express.static(path.join(__dirname, 'public'))","definition":"","source":"app.use('/static', express.static(path.join(__dirname, 'public')));\n","answerId":"71452113","answerUrl":"https://stackoverflow.com/a/71452113","voteCount":3,"isAccepted":true,"lastModified":"2022-03-12T18:11:00.000Z"},{"answerKeywords":["path","file","static","express","static","path"],"answerWordCount":1144,"text":"join(unknown, string)","parentType":"any","name":"join","arguments":[{"type":"any"},{"type":"string"}],"returnType":"any","usage":"path.join(__dirname, 'public')","definition":"","source":"app.use('/static', express.static(path.join(__dirname, 'public')));\n","answerId":"71452113","answerUrl":"https://stackoverflow.com/a/71452113","voteCount":3,"isAccepted":true,"lastModified":"2022-03-12T18:11:00.000Z"}],"areSignaturesLoading":false,"title":"Express.js just won't serve static files - Stack Overflow","snippet":"You have to match up three things to get express.static() to work properly. You have to construct a URL you're requesting that matches the app.","url":"https://stackoverflow.com/questions/71451988/express-js-just-wont-serve-static-files","displayLink":"https://stackoverflow.com › questions › express-js-just-...","snippetHighlightWords":["express","static"],"date":"Mar 12, 2022"},{"signatures":[{"answerKeywords":["express","express","static","express","static"],"answerWordCount":795,"text":"express()","name":"express","arguments":[],"returnType":"any","usage":"var app = express()","definition":"","source":"var app = express()\n\n\napp.use(express.static('folder_name'))\n\napp.use(express.static(__dirname + '/folder_mame'));\napp.set('folder_name', __dirname);\n","answerId":"72862008","answerUrl":"https://stackoverflow.com/a/72862008","voteCount":1,"isAccepted":false,"lastModified":"2022-07-04T21:04:27.000Z"},{"answerKeywords":["express","express","static","express","static"],"answerWordCount":795,"text":"use(unknown)","parentType":"any","name":"use","arguments":[{"type":"any"}],"returnType":"any","usage":"app.use(express.static('folder_name'))","definition":"var app = express()","source":"var app = express()\n\n\napp.use(express.static('folder_name'))\n\napp.use(express.static(__dirname + '/folder_mame'));\napp.set('folder_name', __dirname);\n","answerId":"72862008","answerUrl":"https://stackoverflow.com/a/72862008","voteCount":1,"isAccepted":false,"lastModified":"2022-07-04T21:04:27.000Z"},{"answerKeywords":["express","express","static","express","static"],"answerWordCount":795,"text":"static(string)","parentType":"any","name":"static","arguments":[{"type":"string"}],"returnType":"any","usage":"express.static('folder_name')","definition":"","source":"var app = express()\n\n\napp.use(express.static('folder_name'))\n\napp.use(express.static(__dirname + '/folder_mame'));\napp.set('folder_name', __dirname);\n","answerId":"72862008","answerUrl":"https://stackoverflow.com/a/72862008","voteCount":1,"isAccepted":false,"lastModified":"2022-07-04T21:04:27.000Z"},{"answerKeywords":["express","express","static","express","static"],"answerWordCount":795,"text":"use(unknown)","parentType":"any","name":"use","arguments":[{"type":"any"}],"returnType":"any","usage":"app.use(express.static(__dirname + '/folder_mame'))","definition":"var app = express()","source":"var app = express()\n\n\napp.use(express.static('folder_name'))\n\napp.use(express.static(__dirname + '/folder_mame'));\napp.set('folder_name', __dirname);\n","answerId":"72862008","answerUrl":"https://stackoverflow.com/a/72862008","voteCount":1,"isAccepted":false,"lastModified":"2022-07-04T21:04:27.000Z"},{"answerKeywords":["express","express","static","express","static"],"answerWordCount":795,"text":"static(string)","parentType":"any","name":"static","arguments":[{"type":"string"}],"returnType":"any","usage":"express.static(__dirname + '/folder_mame')","definition":"","source":"var app = express()\n\n\napp.use(express.static('folder_name'))\n\napp.use(express.static(__dirname + '/folder_mame'));\napp.set('folder_name', __dirname);\n","answerId":"72862008","answerUrl":"https://stackoverflow.com/a/72862008","voteCount":1,"isAccepted":false,"lastModified":"2022-07-04T21:04:27.000Z"},{"answerKeywords":["express","express","static","express","static"],"answerWordCount":795,"text":"set(string, unknown)","parentType":"any","name":"set","arguments":[{"type":"string"},{"type":"any"}],"returnType":"any","usage":"app.set('folder_name', __dirname)","definition":"var app = express()","source":"var app = express()\n\n\napp.use(express.static('folder_name'))\n\napp.use(express.static(__dirname + '/folder_mame'));\napp.set('folder_name', __dirname);\n","answerId":"72862008","answerUrl":"https://stackoverflow.com/a/72862008","voteCount":1,"isAccepted":false,"lastModified":"2022-07-04T21:04:27.000Z"},{"answerKeywords":["static","file","serve","static","file","file","file","express","static","express","static","serve","static","express","static","serve","file","file","express","static","file","static","file","static","file"],"answerWordCount":1282,"text":"use(unknown)","parentType":"any","name":"use","arguments":[{"type":"any"}],"returnType":"any","usage":"app.use(express.static('public'))","definition":"","source":"app.use(express.static('public'))\n\nhttp://localhost:3000/images/kitten.jpg\nhttp://localhost:3000/css/style.css\nhttp://localhost:3000/js/app.js\nhttp://localhost:3000/images/bg.png\nhttp://localhost:3000/hello.html\n","answerId":"72862056","answerUrl":"https://stackoverflow.com/a/72862056","voteCount":1,"isAccepted":false,"lastModified":"2022-07-04T21:11:16.000Z"},{"answerKeywords":["static","file","serve","static","file","file","file","express","static","express","static","serve","static","express","static","serve","file","file","express","static","file","static","file","static","file"],"answerWordCount":1282,"text":"static(string)","parentType":"any","name":"static","arguments":[{"type":"string"}],"returnType":"any","usage":"express.static('public')","definition":"","source":"app.use(express.static('public'))\n\nhttp://localhost:3000/images/kitten.jpg\nhttp://localhost:3000/css/style.css\nhttp://localhost:3000/js/app.js\nhttp://localhost:3000/images/bg.png\nhttp://localhost:3000/hello.html\n","answerId":"72862056","answerUrl":"https://stackoverflow.com/a/72862056","voteCount":1,"isAccepted":false,"lastModified":"2022-07-04T21:11:16.000Z"}],"areSignaturesLoading":false,"title":"How to serve static files from root path '/' - Stack Overflow","snippet":"To serve static files such as images, CSS files, and JavaScript files, use the express.static built-in middleware function in Express.","url":"https://stackoverflow.com/questions/72861892/how-to-serve-static-files-from-root-path","displayLink":"https://stackoverflow.com › questions › how-to-serve-st...","snippetHighlightWords":["serve static files","files","JavaScript files","express","Express"],"date":"Jul 4, 2022"},{"signatures":[{"answerKeywords":["path","express","static","path","static","express","static","path"],"answerWordCount":1895,"text":"use(unknown)","parentType":"any","name":"use","arguments":[{"type":"any"}],"returnType":"any","usage":"app.use(express.static(path.join(__dirname,'public')))","definition":"","source":"app.use(express.static(path.join(__dirname,'public')));\n","answerId":"50008600","answerUrl":"https://stackoverflow.com/a/50008600","voteCount":0,"isAccepted":false,"lastModified":"2018-04-24T18:30:26.000Z"},{"answerKeywords":["path","express","static","path","static","express","static","path"],"answerWordCount":1895,"text":"static(unknown)","parentType":"any","name":"static","arguments":[{"type":"any"}],"returnType":"any","usage":"express.static(path.join(__dirname,'public'))","definition":"","source":"app.use(express.static(path.join(__dirname,'public')));\n","answerId":"50008600","answerUrl":"https://stackoverflow.com/a/50008600","voteCount":0,"isAccepted":false,"lastModified":"2018-04-24T18:30:26.000Z"},{"answerKeywords":["path","express","static","path","static","express","static","path"],"answerWordCount":1895,"text":"join(unknown, string)","parentType":"any","name":"join","arguments":[{"type":"any"},{"type":"string"}],"returnType":"any","usage":"path.join(__dirname,'public')","definition":"","source":"app.use(express.static(path.join(__dirname,'public')));\n","answerId":"50008600","answerUrl":"https://stackoverflow.com/a/50008600","voteCount":0,"isAccepted":false,"lastModified":"2018-04-24T18:30:26.000Z"},{"answerKeywords":["express","static","path","static","express","static","path","static","serve","serve","express","static","path"],"answerWordCount":1217,"text":"use(unknown)","parentType":"any","name":"use","arguments":[{"type":"any"}],"returnType":"any","usage":"app.use(express.static(path.join(__dirname, 'src/client/public')))","definition":"","source":"app.use(express.static(path.join(__dirname, 'src/client/public'))); \n// http://localhost:3000/hello.html\n\napp.use('/static', express.static(path.join(__dirname, 'src/client/public')))\n// http://localhost:3000/static/hello.html\n","answerId":"50008583","answerUrl":"https://stackoverflow.com/a/50008583","voteCount":0,"isAccepted":false,"lastModified":"2018-04-25T06:38:51.000Z"},{"answerKeywords":["express","static","path","static","express","static","path","static","serve","serve","express","static","path"],"answerWordCount":1217,"text":"static(unknown)","parentType":"any","name":"static","arguments":[{"type":"any"}],"returnType":"any","usage":"express.static(path.join(__dirname, 'src/client/public'))","definition":"","source":"app.use(express.static(path.join(__dirname, 'src/client/public'))); \n// http://localhost:3000/hello.html\n\napp.use('/static', express.static(path.join(__dirname, 'src/client/public')))\n// http://localhost:3000/static/hello.html\n","answerId":"50008583","answerUrl":"https://stackoverflow.com/a/50008583","voteCount":0,"isAccepted":false,"lastModified":"2018-04-25T06:38:51.000Z"},{"answerKeywords":["express","static","path","static","express","static","path","static","serve","serve","express","static","path"],"answerWordCount":1217,"text":"join(unknown, string)","parentType":"any","name":"join","arguments":[{"type":"any"},{"type":"string"}],"returnType":"any","usage":"path.join(__dirname, 'src/client/public')","definition":"","source":"app.use(express.static(path.join(__dirname, 'src/client/public'))); \n// http://localhost:3000/hello.html\n\napp.use('/static', express.static(path.join(__dirname, 'src/client/public')))\n// http://localhost:3000/static/hello.html\n","answerId":"50008583","answerUrl":"https://stackoverflow.com/a/50008583","voteCount":0,"isAccepted":false,"lastModified":"2018-04-25T06:38:51.000Z"},{"answerKeywords":["express","static","path","static","express","static","path","static","serve","serve","express","static","path"],"answerWordCount":1217,"text":"use(string, unknown)","parentType":"any","name":"use","arguments":[{"type":"string"},{"type":"any"}],"returnType":"any","usage":"app.use('/static', express.static(path.join(__dirname, 'src/client/public')))","definition":"","source":"app.use(express.static(path.join(__dirname, 'src/client/public'))); \n// http://localhost:3000/hello.html\n\napp.use('/static', express.static(path.join(__dirname, 'src/client/public')))\n// http://localhost:3000/static/hello.html\n","answerId":"50008583","answerUrl":"https://stackoverflow.com/a/50008583","voteCount":0,"isAccepted":false,"lastModified":"2018-04-25T06:38:51.000Z"},{"answerKeywords":["express","static","path","static","express","static","path","static","serve","serve","express","static","path"],"answerWordCount":1217,"text":"static(unknown)","parentType":"any","name":"static","arguments":[{"type":"any"}],"returnType":"any","usage":"express.static(path.join(__dirname, 'src/client/public'))","definition":"","source":"app.use(express.static(path.join(__dirname, 'src/client/public'))); \n// http://localhost:3000/hello.html\n\napp.use('/static', express.static(path.join(__dirname, 'src/client/public')))\n// http://localhost:3000/static/hello.html\n","answerId":"50008583","answerUrl":"https://stackoverflow.com/a/50008583","voteCount":0,"isAccepted":false,"lastModified":"2018-04-25T06:38:51.000Z"},{"answerKeywords":["express","static","path","static","express","static","path","static","serve","serve","express","static","path"],"answerWordCount":1217,"text":"join(unknown, string)","parentType":"any","name":"join","arguments":[{"type":"any"},{"type":"string"}],"returnType":"any","usage":"path.join(__dirname, 'src/client/public')","definition":"","source":"app.use(express.static(path.join(__dirname, 'src/client/public'))); \n// http://localhost:3000/hello.html\n\napp.use('/static', express.static(path.join(__dirname, 'src/client/public')))\n// http://localhost:3000/static/hello.html\n","answerId":"50008583","answerUrl":"https://stackoverflow.com/a/50008583","voteCount":0,"isAccepted":false,"lastModified":"2018-04-25T06:38:51.000Z"}],"areSignaturesLoading":false,"title":"How to make express serve static files from another upper ...","snippet":"SOLVED this by using: app.use(express.static(path.join(__dirname, '/../client/public')));.","url":"https://stackoverflow.com/questions/50008552/how-to-make-express-serve-static-files-from-another-upper-directory","displayLink":"https://stackoverflow.com › questions › how-to-make-e...","snippetHighlightWords":["express","static","path"],"date":"Apr 24, 2018"},{"signatures":[],"areSignaturesLoading":false,"title":"Express serve static files inside Router - Stack Overflow","snippet":"Use the express.static middleware in your route1.js file instead of simply passing the folder path string to the route.","url":"https://stackoverflow.com/questions/69692368/express-serve-static-files-inside-router","displayLink":"https://stackoverflow.com › questions › express-serve-st...","snippetHighlightWords":["express","static","js file","path","route"],"date":"Oct 23, 2021 1 answer"}],"events":[{"timestamp":"2022-11-22T06:30:13.907Z","url":"https://stackoverflow.com/questions/65115458/how-to-serve-static-files-in-expressjs-on-some-paths-and-not-others","component":"projection","action":"mouseenter"},{"timestamp":"2022-11-22T06:30:15.311Z","url":"https://stackoverflow.com/questions/65115458/how-to-serve-static-files-in-expressjs-on-some-paths-and-not-others","component":"projection","action":"loaded","data":"projection 1 of 10"},{"timestamp":"2022-11-22T06:30:15.827Z","url":"https://stackoverflow.com/questions/72411261/nodejs-express-app-serve-static-files-from-public-js-folder-not-work","component":"projection","action":"loaded","data":"projection 2 of 10"},{"timestamp":"2022-11-22T06:30:16.197Z","url":"https://stackoverflow.com/questions/71015238/express-serving-static-files-in-express-using-app-use-not-working-on-route","component":"projection","action":"loaded","data":"projection 3 of 10"},{"timestamp":"2022-11-22T06:30:16.406Z","url":"https://stackoverflow.com/questions/61090344/express-how-to-always-serve-static-directory","component":"projection","action":"loaded","data":"projection 4 of 10"},{"timestamp":"2022-11-22T06:30:17.117Z","url":"https://stackoverflow.com/questions/71668735/static-files-in-express","component":"projection","action":"loaded","data":"projection 5 of 10"},{"timestamp":"2022-11-22T06:30:17.254Z","url":"","component":"projection","action":"mouseenter","data":"use(string, unknown)"},{"timestamp":"2022-11-22T06:30:17.555Z","url":"https://stackoverflow.com/questions/68816405/can-someone-please-explain-how-static-files-in-express-js-work","component":"projection","action":"loaded","data":"projection 6 of 10"},{"timestamp":"2022-11-22T06:30:17.802Z","url":"https://stackoverflow.com/questions/65115458/how-to-serve-static-files-in-expressjs-on-some-paths-and-not-others","component":"projection","action":"expand","data":"use(string, unknown)"},{"timestamp":"2022-11-22T06:30:17.934Z","url":"https://stackoverflow.com/questions/71451988/express-js-just-wont-serve-static-files","component":"projection","action":"loaded","data":"projection 7 of 10"},{"timestamp":"2022-11-22T06:30:18.339Z","url":"https://stackoverflow.com/questions/65115458/how-to-serve-static-files-in-expressjs-on-some-paths-and-not-others","component":"projection","action":"tab","data":{"name":"usage","height":49,"width":340,"wc":2,"lc":1,"sig":"use(string, unknown)"}},{"timestamp":"2022-11-22T06:30:18.342Z","url":"https://stackoverflow.com/questions/65115458/how-to-serve-static-files-in-expressjs-on-some-paths-and-not-others","component":"projection","action":"tab","data":{"name":"usage","height":108,"width":365,"wc":4,"lc":2,"sig":"use(string, unknown)"}},{"timestamp":"2022-11-22T06:30:18.499Z","url":"https://stackoverflow.com/questions/72861892/how-to-serve-static-files-from-root-path","component":"projection","action":"loaded","data":"projection 8 of 10"},{"timestamp":"2022-11-22T06:30:19.183Z","url":"https://stackoverflow.com/questions/50008552/how-to-make-express-serve-static-files-from-another-upper-directory","component":"projection","action":"loaded","data":"projection 9 of 10"},{"timestamp":"2022-11-22T06:30:19.452Z","url":"https://stackoverflow.com/questions/69692368/express-serve-static-files-inside-router","component":"projection","action":"loaded","data":"projection 10 of 10"},{"timestamp":"2022-11-22T06:30:34.214Z","url":"https://stackoverflow.com/questions/65115458/how-to-serve-static-files-in-expressjs-on-some-paths-and-not-others","component":"projection","action":"tab","data":{"name":"code","height":192,"width":365,"wc":22,"lc":6,"sig":"use(string, unknown)"}},{"timestamp":"2022-11-22T06:30:49.163Z","url":"","component":"projection","action":"mouseleave","data":"use(string, unknown)"},{"timestamp":"2022-11-22T06:30:49.171Z","url":"https://stackoverflow.com/questions/65115458/how-to-serve-static-files-in-expressjs-on-some-paths-and-not-others","component":"projection","action":"mouseleave"},{"timestamp":"2022-11-22T06:31:25.926Z","url":"https://stackoverflow.com/questions/65115458/how-to-serve-static-files-in-expressjs-on-some-paths-and-not-others","component":"projection","action":"mouseenter"},{"timestamp":"2022-11-22T06:31:25.936Z","url":"","component":"projection","action":"mouseenter","data":"use(string, unknown)"},{"timestamp":"2022-11-22T06:31:48.882Z","url":"https://stackoverflow.com/questions/65115458/how-to-serve-static-files-in-expressjs-on-some-paths-and-not-others","component":"projection","action":"selection","data":{"sig":"use(string, unknown)","selection":"app"}},{"timestamp":"2022-11-22T06:31:49.010Z","url":"https://stackoverflow.com/questions/65115458/how-to-serve-static-files-in-expressjs-on-some-paths-and-not-others","component":"projection","action":"selection","data":{"sig":"use(string, unknown)","selection":"app.use('/public',express.static(path.join(__dirname,'static')))"}},{"timestamp":"2022-11-22T06:31:53.299Z","url":"https://stackoverflow.com/questions/65115458/how-to-serve-static-files-in-expressjs-on-some-paths-and-not-others","component":"projection","action":"copy","data":{"sig":"use(string, unknown)","selection":"app.use('/public',express.static(path.join(__dirname,'static')))"}},{"timestamp":"2022-11-22T06:31:53.643Z","url":"","component":"projection","action":"mouseleave","data":"use(string, unknown)"},{"timestamp":"2022-11-22T06:31:53.650Z","url":"https://stackoverflow.com/questions/65115458/how-to-serve-static-files-in-expressjs-on-some-paths-and-not-others","component":"projection","action":"mouseleave"},{"timestamp":"2022-11-22T06:32:16.233Z","url":"https://stackoverflow.com/questions/65115458/how-to-serve-static-files-in-expressjs-on-some-paths-and-not-others","component":"projection","action":"mouseenter"},{"timestamp":"2022-11-22T06:32:16.249Z","url":"","component":"projection","action":"mouseenter","data":"use(string, unknown)"},{"timestamp":"2022-11-22T06:32:19.058Z","url":"","component":"projection","action":"mouseleave","data":"use(string, unknown)"},{"timestamp":"2022-11-22T06:32:19.062Z","url":"https://stackoverflow.com/questions/65115458/how-to-serve-static-files-in-expressjs-on-some-paths-and-not-others","component":"projection","action":"mouseleave"},{"timestamp":"2022-11-22T06:32:26.339Z","url":"https://stackoverflow.com/questions/72411261/nodejs-express-app-serve-static-files-from-public-js-folder-not-work","component":"projection","action":"mouseenter"},{"timestamp":"2022-11-22T06:32:26.352Z","url":"https://stackoverflow.com/questions/72411261/nodejs-express-app-serve-static-files-from-public-js-folder-not-work","component":"projection","action":"mouseleave"},{"timestamp":"2022-11-22T06:32:28.212Z","url":"https://stackoverflow.com/questions/72411261/nodejs-express-app-serve-static-files-from-public-js-folder-not-work","component":"projection","action":"mouseenter"},{"timestamp":"2022-11-22T06:32:28.229Z","url":"https://stackoverflow.com/questions/72411261/nodejs-express-app-serve-static-files-from-public-js-folder-not-work","component":"projection","action":"mouseleave"},{"timestamp":"2022-11-22T06:32:28.237Z","url":"https://stackoverflow.com/questions/65115458/how-to-serve-static-files-in-expressjs-on-some-paths-and-not-others","component":"projection","action":"mouseenter"},{"timestamp":"2022-11-22T06:32:28.247Z","url":"","component":"projection","action":"mouseenter","data":"use(string, function)"},{"timestamp":"2022-11-22T06:32:28.253Z","url":"","component":"projection","action":"mouseleave","data":"use(string, function)"},{"timestamp":"2022-11-22T06:32:28.258Z","url":"","component":"projection","action":"mouseenter","data":"use(string, unknown)"},{"timestamp":"2022-11-22T06:32:28.378Z","url":"","component":"projection","action":"mouseleave","data":"use(string, unknown)"},{"timestamp":"2022-11-22T06:32:28.382Z","url":"https://stackoverflow.com/questions/65115458/how-to-serve-static-files-in-expressjs-on-some-paths-and-not-others","component":"projection","action":"mouseleave"},{"timestamp":"2022-11-22T06:32:29.511Z","url":"https://stackoverflow.com/questions/65115458/how-to-serve-static-files-in-expressjs-on-some-paths-and-not-others","component":"projection","action":"mouseenter"},{"timestamp":"2022-11-22T06:32:29.516Z","url":"","component":"projection","action":"mouseenter","data":"use(string, unknown)"},{"timestamp":"2022-11-22T06:32:29.795Z","url":"","component":"projection","action":"mouseleave","data":"use(string, unknown)"},{"timestamp":"2022-11-22T06:32:29.811Z","url":"https://stackoverflow.com/questions/65115458/how-to-serve-static-files-in-expressjs-on-some-paths-and-not-others","component":"projection","action":"mouseleave"},{"timestamp":"2022-11-22T06:32:33.309Z","url":"https://stackoverflow.com/questions/65115458/how-to-serve-static-files-in-expressjs-on-some-paths-and-not-others","component":"projection","action":"mouseenter"},{"timestamp":"2022-11-22T06:32:33.315Z","url":"","component":"projection","action":"mouseenter","data":"use(string, unknown)"},{"timestamp":"2022-11-22T06:32:33.413Z","url":"","component":"projection","action":"mouseleave","data":"use(string, unknown)"},{"timestamp":"2022-11-22T06:32:33.421Z","url":"https://stackoverflow.com/questions/65115458/how-to-serve-static-files-in-expressjs-on-some-paths-and-not-others","component":"projection","action":"mouseleave"},{"timestamp":"2022-11-22T06:34:31.802Z","url":"https://stackoverflow.com/questions/65115458/how-to-serve-static-files-in-expressjs-on-some-paths-and-not-others","component":"projection","action":"mouseenter"},{"timestamp":"2022-11-22T06:34:31.815Z","url":"","component":"projection","action":"mouseenter","data":"use(string, unknown)"},{"timestamp":"2022-11-22T06:34:36.485Z","url":"","component":"projection","action":"mouseleave","data":"use(string, unknown)"},{"timestamp":"2022-11-22T06:34:36.499Z","url":"https://stackoverflow.com/questions/65115458/how-to-serve-static-files-in-expressjs-on-some-paths-and-not-others","component":"projection","action":"mouseleave"},{"timestamp":"2022-11-22T06:34:46.421Z","url":"https://stackoverflow.com/questions/65115458/how-to-serve-static-files-in-expressjs-on-some-paths-and-not-others","component":"projection","action":"mouseenter"},{"timestamp":"2022-11-22T06:34:46.430Z","url":"","component":"projection","action":"mouseenter","data":"use(string, unknown)"},{"timestamp":"2022-11-22T06:34:46.704Z","url":"","component":"projection","action":"mouseleave","data":"use(string, unknown)"},{"timestamp":"2022-11-22T06:34:46.710Z","url":"https://stackoverflow.com/questions/65115458/how-to-serve-static-files-in-expressjs-on-some-paths-and-not-others","component":"projection","action":"mouseleave"},{"timestamp":"2022-11-22T06:34:46.887Z","url":"https://stackoverflow.com/questions/65115458/how-to-serve-static-files-in-expressjs-on-some-paths-and-not-others","component":"projection","action":"mouseenter"},{"timestamp":"2022-11-22T06:34:46.891Z","url":"","component":"projection","action":"mouseenter","data":"use(string, unknown)"},{"timestamp":"2022-11-22T06:34:46.956Z","url":"","component":"projection","action":"mouseleave","data":"use(string, unknown)"},{"timestamp":"2022-11-22T06:34:46.962Z","url":"https://stackoverflow.com/questions/65115458/how-to-serve-static-files-in-expressjs-on-some-paths-and-not-others","component":"projection","action":"mouseleave"},{"timestamp":"2022-11-22T06:34:47.019Z","url":"https://stackoverflow.com/questions/65115458/how-to-serve-static-files-in-expressjs-on-some-paths-and-not-others","component":"projection","action":"mouseenter"},{"timestamp":"2022-11-22T06:34:47.021Z","url":"","component":"projection","action":"mouseenter","data":"use(string, unknown)"},{"timestamp":"2022-11-22T06:34:47.082Z","url":"","component":"projection","action":"mouseleave","data":"use(string, unknown)"},{"timestamp":"2022-11-22T06:34:47.085Z","url":"https://stackoverflow.com/questions/65115458/how-to-serve-static-files-in-expressjs-on-some-paths-and-not-others","component":"projection","action":"mouseleave"},{"timestamp":"2022-11-22T06:34:47.121Z","url":"https://stackoverflow.com/questions/65115458/how-to-serve-static-files-in-expressjs-on-some-paths-and-not-others","component":"projection","action":"mouseenter"},{"timestamp":"2022-11-22T06:34:47.126Z","url":"","component":"projection","action":"mouseenter","data":"use(string, unknown)"},{"timestamp":"2022-11-22T06:34:47.162Z","url":"","component":"projection","action":"mouseleave","data":"use(string, unknown)"},{"timestamp":"2022-11-22T06:34:47.165Z","url":"https://stackoverflow.com/questions/65115458/how-to-serve-static-files-in-expressjs-on-some-paths-and-not-others","component":"projection","action":"mouseleave"},{"timestamp":"2022-11-22T06:34:47.234Z","url":"https://stackoverflow.com/questions/65115458/how-to-serve-static-files-in-expressjs-on-some-paths-and-not-others","component":"projection","action":"mouseenter"},{"timestamp":"2022-11-22T06:34:47.236Z","url":"","component":"projection","action":"mouseenter","data":"use(string, unknown)"},{"timestamp":"2022-11-22T06:34:47.426Z","url":"","component":"projection","action":"mouseleave","data":"use(string, unknown)"},{"timestamp":"2022-11-22T06:34:47.429Z","url":"https://stackoverflow.com/questions/65115458/how-to-serve-static-files-in-expressjs-on-some-paths-and-not-others","component":"projection","action":"mouseleave"},{"timestamp":"2022-11-22T06:35:44.332Z","url":"https://stackoverflow.com/questions/65115458/how-to-serve-static-files-in-expressjs-on-some-paths-and-not-others","component":"projection","action":"mouseenter"},{"timestamp":"2022-11-22T06:35:44.356Z","url":"","component":"projection","action":"mouseenter","data":"use(string, unknown)"}]}]}