{"trialId":"20998_2","taskId":"recent","appEvents":[{"timestamp":"2022-11-22T06:36:47.450Z","name":"search","data":"search-start"},{"timestamp":"2022-11-22T06:36:51.389Z","name":"search","data":"search-done"},{"timestamp":"2022-11-22T06:37:06.218Z","name":"search","data":"search-start"},{"timestamp":"2022-11-22T06:37:11.938Z","name":"search","data":"search-done"}],"searches":[{"keywords":["update","date","by","interval","unit","javascript","moment.js"],"context":{"tokens":[{"kind":"language","value":"javascript"}]},"timestamp":"2022-11-22T06:36:47.449Z","results":[{"signatures":[],"areSignaturesLoading":true,"title":"momentJS date string add 5 days - Stack Overflow","snippet":"UPDATED: January 19, 2016. As of moment 2.8.4 - use .add(5, 'd') (or .add(5, 'days') ) instead of .add('d', 5)","url":"https://stackoverflow.com/questions/22547129/momentjs-date-string-add-5-days","displayLink":"https://stackoverflow.com › questions › momentjs-date-...","snippetHighlightWords":["UPDATED","moment"],"date":"Mar 20, 2014 11 answers"},{"signatures":[],"areSignaturesLoading":true,"title":"Moment.js: Date between dates - javascript - Stack Overflow","snippet":"I'm trying to detect with Moment.js if a given date is between two dates. Since version 2.0.0, Tim added isBefore() and isAfter() for date ...","url":"https://stackoverflow.com/questions/14897571/moment-js-date-between-dates","displayLink":"https://stackoverflow.com › questions › moment-js-date...","snippetHighlightWords":["Moment","js","date","dates","date"],"date":"Feb 15, 2013"},{"signatures":[],"areSignaturesLoading":true,"title":"Get same time interval from date range in moment.js","snippet":"I assume that your x property is a JavaScript Date object and with var date = moment(value.x); you are calling moment(Date); .","url":"https://stackoverflow.com/questions/45941301/get-same-time-interval-from-date-range-in-moment-js","displayLink":"https://stackoverflow.com › questions › get-same-time-i...","snippetHighlightWords":["JavaScript Date","date","moment","moment","Date"],"date":"Aug 29, 2017 1 answer"},{"signatures":[],"areSignaturesLoading":true,"title":"Moment.js transform to date object - javascript - Stack Overflow","snippet":"Use this to transform a moment object into a date object: From http://momentjs.com/docs/#/displaying/as-javascript-date/ moment().toDate();. Yields:","url":"https://stackoverflow.com/questions/17987647/moment-js-transform-to-date-object","displayLink":"https://stackoverflow.com › questions › moment-js-tran...","snippetHighlightWords":["date","momentjs","javascript","date"],"date":"11 answers"},{"signatures":[],"areSignaturesLoading":true,"title":"How to enumerate dates between two dates in Moment","snippet":"I think a date enumerator method should not change either of the arguments passed in. I'd create a separate variable for enumerating.","url":"https://stackoverflow.com/questions/23795522/how-to-enumerate-dates-between-two-dates-in-moment","displayLink":"https://stackoverflow.com › questions › how-to-enumer...","snippetHighlightWords":["date","change"],"date":"May 21, 2014"},{"signatures":[],"areSignaturesLoading":true,"title":"How to add 30 minutes to a JavaScript Date object?","snippet":"setMinutes(date.getMinutes() + ...) will fail crossing over Daylight Saving boundaries. For example (assuming '2014-03-09' is a Daylight ...","url":"https://stackoverflow.com/questions/1197928/how-to-add-30-minutes-to-a-javascript-date-object","displayLink":"https://stackoverflow.com › questions › how-to-add-30-...","snippetHighlightWords":["date"],"date":"28 answers"},{"signatures":[],"areSignaturesLoading":true,"title":"Javascript: Set a new Date to tomorrow 8am - Stack Overflow","snippet":"js works with 'moment' objects that wrap over JS dates to provide additional methods. The moment() invocation returns a moment of the current ...","url":"https://stackoverflow.com/questions/36158193/javascript-set-a-new-date-to-tomorrow-8am","displayLink":"https://stackoverflow.com › questions › javascript-set-a-...","snippetHighlightWords":["js","moment","JS dates","moment","moment"],"date":"Mar 22, 2016"},{"signatures":[],"areSignaturesLoading":true,"title":"Moment js get first and last day of current month - Stack Overflow","snippet":".Clone() is needed since a lot of the functions will modify the moment date. One example is x = momentDate.add(1,\"day\") ...","url":"https://stackoverflow.com/questions/39267623/moment-js-get-first-and-last-day-of-current-month","displayLink":"https://stackoverflow.com › questions › moment-js-get-...","snippetHighlightWords":["moment date"],"date":"Sep 1, 2016"},{"signatures":[],"areSignaturesLoading":true,"title":"Get hours difference between two dates in Moment Js","snippet":"You were close. You just need to use the duration.asHours() method (see the docs). var duration = moment.duration(end.diff(startTime)); var hours = duration ...","url":"https://stackoverflow.com/questions/25150570/get-hours-difference-between-two-dates-in-moment-js","displayLink":"https://stackoverflow.com › questions › get-hours-differ...","snippetHighlightWords":["moment"],"date":"17 answers"},{"signatures":[],"areSignaturesLoading":true,"title":"Moment js date time comparison - Stack Overflow","snippet":"Updated ; moment('01-02-2020' ; valueOf() const ; '11-11-2012', 'DD-MM-YYYY' ; // console.log((date1 > date2 ? 'date1' : 'date2') + \" is greater...\" ) if ; log(\" ...","url":"https://stackoverflow.com/questions/22600856/moment-js-date-time-comparison","displayLink":"https://stackoverflow.com › questions › moment-js-date...","snippetHighlightWords":["Updated","moment"]}],"events":[{"timestamp":"2022-11-22T06:36:50.243Z","url":"https://stackoverflow.com/questions/22547129/momentjs-date-string-add-5-days","component":"projection","action":"load","data":{"height":60,"width":372.20001220703125,"wc":20,"lc":1}},{"timestamp":"2022-11-22T06:36:50.244Z","url":"https://stackoverflow.com/questions/14897571/moment-js-date-between-dates","component":"projection","action":"load","data":{"height":60,"width":371.70001220703125,"wc":25,"lc":1}},{"timestamp":"2022-11-22T06:36:50.244Z","url":"https://stackoverflow.com/questions/45941301/get-same-time-interval-from-date-range-in-moment-js","component":"projection","action":"load","data":{"height":60.5,"width":382.79998779296875,"wc":22,"lc":1}},{"timestamp":"2022-11-22T06:36:50.244Z","url":"https://stackoverflow.com/questions/17987647/moment-js-transform-to-date-object","component":"projection","action":"load","data":{"height":60,"width":375.70001220703125,"wc":15,"lc":1}},{"timestamp":"2022-11-22T06:36:50.246Z","url":"https://stackoverflow.com/questions/23795522/how-to-enumerate-dates-between-two-dates-in-moment","component":"projection","action":"load","data":{"height":60,"width":375.79998779296875,"wc":22,"lc":1}},{"timestamp":"2022-11-22T06:36:50.246Z","url":"https://stackoverflow.com/questions/1197928/how-to-add-30-minutes-to-a-javascript-date-object","component":"projection","action":"load","data":{"height":60,"width":363.79998779296875,"wc":18,"lc":1}},{"timestamp":"2022-11-22T06:36:50.246Z","url":"https://stackoverflow.com/questions/36158193/javascript-set-a-new-date-to-tomorrow-8am","component":"projection","action":"load","data":{"height":60,"width":368.5,"wc":24,"lc":1}},{"timestamp":"2022-11-22T06:36:50.246Z","url":"https://stackoverflow.com/questions/39267623/moment-js-get-first-and-last-day-of-current-month","component":"projection","action":"load","data":{"height":60,"width":375.70001220703125,"wc":21,"lc":1}},{"timestamp":"2022-11-22T06:36:50.246Z","url":"https://stackoverflow.com/questions/25150570/get-hours-difference-between-two-dates-in-moment-js","component":"projection","action":"load","data":{"height":82,"width":378.79998779296875,"wc":23,"lc":1}},{"timestamp":"2022-11-22T06:36:50.246Z","url":"https://stackoverflow.com/questions/22600856/moment-js-date-time-comparison","component":"projection","action":"load","data":{"height":60,"width":379.79998779296875,"wc":27,"lc":1}},{"timestamp":"2022-11-22T06:36:50.249Z","url":"https://stackoverflow.com/questions/23795522/how-to-enumerate-dates-between-two-dates-in-moment","component":"projection","action":"mouseenter"},{"timestamp":"2022-11-22T06:36:50.409Z","url":"https://stackoverflow.com/questions/23795522/how-to-enumerate-dates-between-two-dates-in-moment","component":"projection","action":"mouseleave"},{"timestamp":"2022-11-22T06:36:50.743Z","url":"https://stackoverflow.com/questions/23795522/how-to-enumerate-dates-between-two-dates-in-moment","component":"projection","action":"mouseenter"},{"timestamp":"2022-11-22T06:36:50.760Z","url":"https://stackoverflow.com/questions/23795522/how-to-enumerate-dates-between-two-dates-in-moment","component":"projection","action":"mouseleave"},{"timestamp":"2022-11-22T06:36:50.761Z","url":"https://stackoverflow.com/questions/17987647/moment-js-transform-to-date-object","component":"projection","action":"mouseenter"},{"timestamp":"2022-11-22T06:36:50.792Z","url":"https://stackoverflow.com/questions/17987647/moment-js-transform-to-date-object","component":"projection","action":"mouseleave"},{"timestamp":"2022-11-22T06:36:50.794Z","url":"https://stackoverflow.com/questions/45941301/get-same-time-interval-from-date-range-in-moment-js","component":"projection","action":"mouseenter"},{"timestamp":"2022-11-22T06:36:50.910Z","url":"https://stackoverflow.com/questions/45941301/get-same-time-interval-from-date-range-in-moment-js","component":"projection","action":"mouseleave"},{"timestamp":"2022-11-22T06:36:50.911Z","url":"https://stackoverflow.com/questions/14897571/moment-js-date-between-dates","component":"projection","action":"mouseenter"},{"timestamp":"2022-11-22T06:36:51.388Z","url":"https://stackoverflow.com/questions/22547129/momentjs-date-string-add-5-days","component":"projection","action":"loaded","data":"projection 10 of 10"},{"timestamp":"2022-11-22T06:36:51.388Z","url":"https://stackoverflow.com/questions/14897571/moment-js-date-between-dates","component":"projection","action":"loaded","data":"projection 9 of 10"},{"timestamp":"2022-11-22T06:36:51.389Z","url":"https://stackoverflow.com/questions/45941301/get-same-time-interval-from-date-range-in-moment-js","component":"projection","action":"loaded","data":"projection 8 of 10"},{"timestamp":"2022-11-22T06:36:51.389Z","url":"https://stackoverflow.com/questions/17987647/moment-js-transform-to-date-object","component":"projection","action":"loaded","data":"projection 7 of 10"},{"timestamp":"2022-11-22T06:36:51.389Z","url":"https://stackoverflow.com/questions/23795522/how-to-enumerate-dates-between-two-dates-in-moment","component":"projection","action":"loaded","data":"projection 6 of 10"},{"timestamp":"2022-11-22T06:36:51.389Z","url":"https://stackoverflow.com/questions/1197928/how-to-add-30-minutes-to-a-javascript-date-object","component":"projection","action":"loaded","data":"projection 5 of 10"},{"timestamp":"2022-11-22T06:36:51.389Z","url":"https://stackoverflow.com/questions/36158193/javascript-set-a-new-date-to-tomorrow-8am","component":"projection","action":"loaded","data":"projection 4 of 10"},{"timestamp":"2022-11-22T06:36:51.389Z","url":"https://stackoverflow.com/questions/39267623/moment-js-get-first-and-last-day-of-current-month","component":"projection","action":"loaded","data":"projection 3 of 10"},{"timestamp":"2022-11-22T06:36:51.389Z","url":"https://stackoverflow.com/questions/25150570/get-hours-difference-between-two-dates-in-moment-js","component":"projection","action":"loaded","data":"projection 2 of 10"},{"timestamp":"2022-11-22T06:36:51.389Z","url":"https://stackoverflow.com/questions/22600856/moment-js-date-time-comparison","component":"projection","action":"loaded","data":"projection 1 of 10"},{"timestamp":"2022-11-22T06:36:51.826Z","url":"https://stackoverflow.com/questions/14897571/moment-js-date-between-dates","component":"projection","action":"mouseleave"},{"timestamp":"2022-11-22T06:36:51.828Z","url":"https://stackoverflow.com/questions/22547129/momentjs-date-string-add-5-days","component":"projection","action":"mouseenter"},{"timestamp":"2022-11-22T06:36:55.844Z","url":"https://stackoverflow.com/questions/22547129/momentjs-date-string-add-5-days","component":"projection","action":"mouseleave"},{"timestamp":"2022-11-22T06:36:55.846Z","url":"https://stackoverflow.com/questions/14897571/moment-js-date-between-dates","component":"projection","action":"mouseenter"},{"timestamp":"2022-11-22T06:36:58.829Z","url":"https://stackoverflow.com/questions/14897571/moment-js-date-between-dates","component":"projection","action":"mouseleave"},{"timestamp":"2022-11-22T06:36:58.831Z","url":"https://stackoverflow.com/questions/45941301/get-same-time-interval-from-date-range-in-moment-js","component":"projection","action":"mouseenter"},{"timestamp":"2022-11-22T06:37:01.179Z","url":"https://stackoverflow.com/questions/45941301/get-same-time-interval-from-date-range-in-moment-js","component":"projection","action":"mouseleave"},{"timestamp":"2022-11-22T06:37:01.181Z","url":"https://stackoverflow.com/questions/14897571/moment-js-date-between-dates","component":"projection","action":"mouseenter"},{"timestamp":"2022-11-22T06:37:01.230Z","url":"https://stackoverflow.com/questions/14897571/moment-js-date-between-dates","component":"projection","action":"mouseleave"},{"timestamp":"2022-11-22T06:37:01.232Z","url":"https://stackoverflow.com/questions/22547129/momentjs-date-string-add-5-days","component":"projection","action":"mouseenter"},{"timestamp":"2022-11-22T06:37:01.530Z","url":"https://stackoverflow.com/questions/22547129/momentjs-date-string-add-5-days","component":"projection","action":"mouseleave"}]},{"keywords":["subtract","date","by","interval","unit","javascript","moment.js"],"context":{"tokens":[{"kind":"language","value":"javascript"}]},"timestamp":"2022-11-22T06:37:06.218Z","results":[{"signatures":[],"areSignaturesLoading":true,"title":"javascript - subtract time from date - moment js - Stack Overflow","snippet":"There is a simple function subtract which moment library gives us to subtract time from some time. Using it ...","url":"https://stackoverflow.com/questions/24428656/subtract-time-from-date-moment-js","displayLink":"https://stackoverflow.com › questions › subtract-time-fr...","snippetHighlightWords":["subtract","moment","subtract"],"date":"Jun 26, 2014"},{"signatures":[],"areSignaturesLoading":true,"title":"Get hours difference between two dates in Moment Js","snippet":"Following code block shows how to calculate the difference in number of days between two dates using MomentJS. var now = moment(new Date()); //todays date ...","url":"https://stackoverflow.com/questions/25150570/get-hours-difference-between-two-dates-in-moment-js","displayLink":"https://stackoverflow.com › questions › get-hours-differ...","snippetHighlightWords":["two dates","MomentJS","Date","date"]},{"signatures":[],"areSignaturesLoading":true,"title":"How do I subtract minutes from a date in JavaScript?","snippet":"In the code below, a new Date is created by subtracting the appropriate number of milliseconds from myEndDateTime :","url":"https://stackoverflow.com/questions/674721/how-do-i-subtract-minutes-from-a-date-in-javascript","displayLink":"https://stackoverflow.com › questions › how-do-i-subtr...","snippetHighlightWords":["Date","subtracting"],"date":"Mar 23, 2009"},{"signatures":[],"areSignaturesLoading":true,"title":"How to calculate number of days between two dates","snippet":"Try this Using moment.js (Its quite easy to compute date operations in javascript). firstDate.diff(secondDate, 'days', false);// true|false ...","url":"https://stackoverflow.com/questions/9129928/how-to-calculate-number-of-days-between-two-dates","displayLink":"https://stackoverflow.com › questions › how-to-calculat...","snippetHighlightWords":["moment","js","date","javascript"],"date":"Feb 3, 2012"},{"signatures":[],"areSignaturesLoading":true,"title":"Moment.js: Date between dates - javascript - Stack Overflow","snippet":"I'm trying to detect with Moment.js if a given date is between two dates. Since version 2.0.0, Tim added isBefore() and isAfter() for date ...","url":"https://stackoverflow.com/questions/14897571/moment-js-date-between-dates","displayLink":"https://stackoverflow.com › questions › moment-js-date...","snippetHighlightWords":["Moment","js","date","two dates","date"],"date":"Feb 15, 2013"},{"signatures":[],"areSignaturesLoading":true,"title":"How can I remove time from date with Moment.js?","snippet":"But I would like to remove the time at the end. How can I do that? I'm using Moment.js. javascript · date · momentjs.","url":"https://stackoverflow.com/questions/15130735/how-can-i-remove-time-from-date-with-moment-js","displayLink":"https://stackoverflow.com › questions › how-can-i-rem...","snippetHighlightWords":["Moment","js","javascript","date","momentjs"]},{"signatures":[],"areSignaturesLoading":true,"title":"Subtract date, month and years dynamically and put data as ...","snippet":"log(Math.round(duration.as('days')) + 'days');. You can also include several if statements ...","url":"https://stackoverflow.com/questions/52238891/subtract-date-month-and-years-dynamically-and-put-data-as-days-using-jquery","displayLink":"https://stackoverflow.com › questions › subtract-date-m...","date":"Sep 8, 2018"},{"signatures":[],"areSignaturesLoading":true,"title":"How to calculate date difference in JavaScript? - Stack Overflow","snippet":"Assuming you have two Date objects, you can just subtract them to get the difference in milliseconds: var difference = date2 - date1;.","url":"https://stackoverflow.com/questions/7763327/how-to-calculate-date-difference-in-javascript","displayLink":"https://stackoverflow.com › questions › how-to-calculat...","snippetHighlightWords":["Date","subtract"]},{"signatures":[],"areSignaturesLoading":true,"title":"Moment js get first and last day of current month - Stack Overflow","snippet":".Clone() is needed since a lot of the functions will modify the moment date. One example is x = momentDate.add(1,\"day\") ...","url":"https://stackoverflow.com/questions/39267623/moment-js-get-first-and-last-day-of-current-month","displayLink":"https://stackoverflow.com › questions › moment-js-get-...","snippetHighlightWords":["moment date"]},{"signatures":[],"areSignaturesLoading":true,"title":"moment.js get yesterday time range from midnight to midnight","snippet":"Date format doesn't matter this is just an example. javascript · momentjs · Share.","url":"https://stackoverflow.com/questions/31593445/moment-js-get-yesterday-time-range-from-midnight-to-midnight","displayLink":"https://stackoverflow.com › questions › moment-js-get-...","snippetHighlightWords":["Date","javascript","momentjs"],"date":"Jul 23, 2015"}],"events":[{"timestamp":"2022-11-22T06:37:10.755Z","url":"https://stackoverflow.com/questions/24428656/subtract-time-from-date-moment-js","component":"projection","action":"load","data":{"height":60,"width":372.6000061035156,"wc":20,"lc":1}},{"timestamp":"2022-11-22T06:37:10.755Z","url":"https://stackoverflow.com/questions/25150570/get-hours-difference-between-two-dates-in-moment-js","component":"projection","action":"load","data":{"height":60.5,"width":375.79998779296875,"wc":26,"lc":1}},{"timestamp":"2022-11-22T06:37:10.755Z","url":"https://stackoverflow.com/questions/674721/how-do-i-subtract-minutes-from-a-date-in-javascript","component":"projection","action":"load","data":{"height":60,"width":386.79998779296875,"wc":19,"lc":1}},{"timestamp":"2022-11-22T06:37:10.755Z","url":"https://stackoverflow.com/questions/9129928/how-to-calculate-number-of-days-between-two-dates","component":"projection","action":"load","data":{"height":60,"width":373.70001220703125,"wc":18,"lc":1}},{"timestamp":"2022-11-22T06:37:10.755Z","url":"https://stackoverflow.com/questions/14897571/moment-js-date-between-dates","component":"projection","action":"load","data":{"height":60,"width":371.70001220703125,"wc":25,"lc":1}},{"timestamp":"2022-11-22T06:37:10.755Z","url":"https://stackoverflow.com/questions/15130735/how-can-i-remove-time-from-date-with-moment-js","component":"projection","action":"load","data":{"height":38,"width":376,"wc":24,"lc":1}},{"timestamp":"2022-11-22T06:37:10.756Z","url":"https://stackoverflow.com/questions/52238891/subtract-date-month-and-years-dynamically-and-put-data-as-days-using-jquery","component":"projection","action":"load","data":{"height":38,"width":339.1000061035156,"wc":11,"lc":1}},{"timestamp":"2022-11-22T06:37:10.756Z","url":"https://stackoverflow.com/questions/7763327/how-to-calculate-date-difference-in-javascript","component":"projection","action":"load","data":{"height":60,"width":384.70001220703125,"wc":23,"lc":1}},{"timestamp":"2022-11-22T06:37:10.756Z","url":"https://stackoverflow.com/questions/39267623/moment-js-get-first-and-last-day-of-current-month","component":"projection","action":"load","data":{"height":60,"width":383.29998779296875,"wc":21,"lc":1}},{"timestamp":"2022-11-22T06:37:10.756Z","url":"https://stackoverflow.com/questions/31593445/moment-js-get-yesterday-time-range-from-midnight-to-midnight","component":"projection","action":"load","data":{"height":38,"width":360.70001220703125,"wc":14,"lc":1}},{"timestamp":"2022-11-22T06:37:11.450Z","url":"https://stackoverflow.com/questions/24428656/subtract-time-from-date-moment-js","component":"projection","action":"mouseenter"},{"timestamp":"2022-11-22T06:37:11.937Z","url":"https://stackoverflow.com/questions/24428656/subtract-time-from-date-moment-js","component":"projection","action":"loaded","data":"projection 10 of 10"},{"timestamp":"2022-11-22T06:37:11.937Z","url":"https://stackoverflow.com/questions/25150570/get-hours-difference-between-two-dates-in-moment-js","component":"projection","action":"loaded","data":"projection 9 of 10"},{"timestamp":"2022-11-22T06:37:11.937Z","url":"https://stackoverflow.com/questions/674721/how-do-i-subtract-minutes-from-a-date-in-javascript","component":"projection","action":"loaded","data":"projection 8 of 10"},{"timestamp":"2022-11-22T06:37:11.938Z","url":"https://stackoverflow.com/questions/9129928/how-to-calculate-number-of-days-between-two-dates","component":"projection","action":"loaded","data":"projection 7 of 10"},{"timestamp":"2022-11-22T06:37:11.938Z","url":"https://stackoverflow.com/questions/14897571/moment-js-date-between-dates","component":"projection","action":"loaded","data":"projection 6 of 10"},{"timestamp":"2022-11-22T06:37:11.938Z","url":"https://stackoverflow.com/questions/15130735/how-can-i-remove-time-from-date-with-moment-js","component":"projection","action":"loaded","data":"projection 5 of 10"},{"timestamp":"2022-11-22T06:37:11.938Z","url":"https://stackoverflow.com/questions/52238891/subtract-date-month-and-years-dynamically-and-put-data-as-days-using-jquery","component":"projection","action":"loaded","data":"projection 4 of 10"},{"timestamp":"2022-11-22T06:37:11.938Z","url":"https://stackoverflow.com/questions/7763327/how-to-calculate-date-difference-in-javascript","component":"projection","action":"loaded","data":"projection 3 of 10"},{"timestamp":"2022-11-22T06:37:11.938Z","url":"https://stackoverflow.com/questions/39267623/moment-js-get-first-and-last-day-of-current-month","component":"projection","action":"loaded","data":"projection 2 of 10"},{"timestamp":"2022-11-22T06:37:11.938Z","url":"https://stackoverflow.com/questions/31593445/moment-js-get-yesterday-time-range-from-midnight-to-midnight","component":"projection","action":"loaded","data":"projection 1 of 10"},{"timestamp":"2022-11-22T06:37:14.873Z","url":"https://stackoverflow.com/questions/24428656/subtract-time-from-date-moment-js","component":"page","action":"open"},{"timestamp":"2022-11-22T06:37:14.893Z","url":"https://stackoverflow.com/questions/24428656/subtract-time-from-date-moment-js","component":"projection","action":"mouseleave"},{"timestamp":"2022-11-22T06:37:15.973Z","url":"https://stackoverflow.com/questions/24428656/subtract-time-from-date-moment-js","component":"page","action":"load"},{"timestamp":"2022-11-22T06:37:19.108Z","url":"https://stackoverflow.com/questions/24428656/subtract-time-from-date-moment-js","component":"page","action":"scroll","data":{"viewport":{"x":0,"y":816,"height":658,"width":427},"document":{"height":7559,"width":410},"question":{"identifier":"24428656","top":-683.38330078125,"bottom":149.38336181640625,"right":394,"left":16,"width":378,"height":832.7666625976562},"answers":[{"identifier":"24428984","top":229.68333435058594,"bottom":1105.050033569336,"right":394,"left":16,"width":378,"height":875.36669921875},{"identifier":"27492540","top":1105.050048828125,"bottom":1671.2166748046875,"right":394,"left":16,"width":378,"height":566.1666259765625},{"identifier":"57287372","top":1671.2166748046875,"bottom":2351.5833740234375,"right":394,"left":16,"width":378,"height":680.36669921875},{"identifier":"24428908","top":2351.583251953125,"bottom":3152.8499145507812,"right":394,"left":16,"width":378,"height":801.2666625976562},{"identifier":"37895245","top":3152.85009765625,"bottom":3565.3167724609375,"right":394,"left":16,"width":378,"height":412.4666748046875},{"identifier":"37872591","top":3565.316650390625,"bottom":3893.2833251953125,"right":394,"left":16,"width":378,"height":327.9666748046875},{"identifier":"68172062","top":3893.283447265625,"bottom":4477.2501220703125,"right":394,"left":16,"width":378,"height":583.9666748046875}]}},{"timestamp":"2022-11-22T06:37:20.980Z","url":"https://stackoverflow.com/questions/24428656/subtract-time-from-date-moment-js","component":"page","action":"scroll","data":{"viewport":{"x":0,"y":918,"height":658,"width":427},"document":{"height":7559,"width":410},"question":{"identifier":"24428656","top":-785.38330078125,"bottom":47.38336181640625,"right":394,"left":16,"width":378,"height":832.7666625976562},"answers":[{"identifier":"24428984","top":127.68333435058594,"bottom":1003.0500335693359,"right":394,"left":16,"width":378,"height":875.36669921875},{"identifier":"27492540","top":1003.0499877929688,"bottom":1569.2166137695312,"right":394,"left":16,"width":378,"height":566.1666259765625},{"identifier":"57287372","top":1569.2166748046875,"bottom":2249.5833740234375,"right":394,"left":16,"width":378,"height":680.36669921875},{"identifier":"24428908","top":2249.583251953125,"bottom":3050.8499145507812,"right":394,"left":16,"width":378,"height":801.2666625976562},{"identifier":"37895245","top":3050.85009765625,"bottom":3463.3167724609375,"right":394,"left":16,"width":378,"height":412.4666748046875},{"identifier":"37872591","top":3463.316650390625,"bottom":3791.2833251953125,"right":394,"left":16,"width":378,"height":327.9666748046875},{"identifier":"68172062","top":3791.283447265625,"bottom":4375.2501220703125,"right":394,"left":16,"width":378,"height":583.9666748046875}]}},{"timestamp":"2022-11-22T06:37:22.165Z","url":"https://stackoverflow.com/questions/24428656/subtract-time-from-date-moment-js","component":"page","action":"scroll","data":{"viewport":{"x":0,"y":0,"height":658,"width":427},"document":{"height":7559,"width":410},"question":{"identifier":"24428656","top":132.61666870117188,"bottom":965.3833312988281,"right":394,"left":16,"width":378,"height":832.7666625976562},"answers":[{"identifier":"24428984","top":1045.683349609375,"bottom":1921.050048828125,"right":394,"left":16,"width":378,"height":875.36669921875},{"identifier":"27492540","top":1921.050048828125,"bottom":2487.2166748046875,"right":394,"left":16,"width":378,"height":566.1666259765625},{"identifier":"57287372","top":2487.216552734375,"bottom":3167.583251953125,"right":394,"left":16,"width":378,"height":680.36669921875},{"identifier":"24428908","top":3167.583251953125,"bottom":3968.8499145507812,"right":394,"left":16,"width":378,"height":801.2666625976562},{"identifier":"37895245","top":3968.85009765625,"bottom":4381.3167724609375,"right":394,"left":16,"width":378,"height":412.4666748046875},{"identifier":"37872591","top":4381.31689453125,"bottom":4709.2835693359375,"right":394,"left":16,"width":378,"height":327.9666748046875},{"identifier":"68172062","top":4709.283203125,"bottom":5293.2498779296875,"right":394,"left":16,"width":378,"height":583.9666748046875}]}},{"timestamp":"2022-11-22T06:37:23.928Z","url":"https://stackoverflow.com/questions/24428656/subtract-time-from-date-moment-js","component":"page","action":"scroll","data":{"viewport":{"x":0,"y":918,"height":658,"width":427},"document":{"height":7559,"width":410},"question":{"identifier":"24428656","top":-785.38330078125,"bottom":47.38336181640625,"right":394,"left":16,"width":378,"height":832.7666625976562},"answers":[{"identifier":"24428984","top":127.68333435058594,"bottom":1003.0500335693359,"right":394,"left":16,"width":378,"height":875.36669921875},{"identifier":"27492540","top":1003.0499877929688,"bottom":1569.2166137695312,"right":394,"left":16,"width":378,"height":566.1666259765625},{"identifier":"57287372","top":1569.2166748046875,"bottom":2249.5833740234375,"right":394,"left":16,"width":378,"height":680.36669921875},{"identifier":"24428908","top":2249.583251953125,"bottom":3050.8499145507812,"right":394,"left":16,"width":378,"height":801.2666625976562},{"identifier":"37895245","top":3050.85009765625,"bottom":3463.3167724609375,"right":394,"left":16,"width":378,"height":412.4666748046875},{"identifier":"37872591","top":3463.316650390625,"bottom":3791.2833251953125,"right":394,"left":16,"width":378,"height":327.9666748046875},{"identifier":"68172062","top":3791.283447265625,"bottom":4375.2501220703125,"right":394,"left":16,"width":378,"height":583.9666748046875}]}},{"timestamp":"2022-11-22T06:37:32.206Z","url":"https://stackoverflow.com/questions/24428656/subtract-time-from-date-moment-js","component":"page","action":"scroll","data":{"viewport":{"x":0,"y":1020,"height":658,"width":427},"document":{"height":7559,"width":410},"question":{"identifier":"24428656","top":-887.38330078125,"bottom":-54.61663818359375,"right":394,"left":16,"width":378,"height":832.7666625976562},"answers":[{"identifier":"24428984","top":25.683334350585938,"bottom":901.0500335693359,"right":394,"left":16,"width":378,"height":875.36669921875},{"identifier":"27492540","top":901.0499877929688,"bottom":1467.2166137695312,"right":394,"left":16,"width":378,"height":566.1666259765625},{"identifier":"57287372","top":1467.2166748046875,"bottom":2147.5833740234375,"right":394,"left":16,"width":378,"height":680.36669921875},{"identifier":"24428908","top":2147.583251953125,"bottom":2948.8499145507812,"right":394,"left":16,"width":378,"height":801.2666625976562},{"identifier":"37895245","top":2948.85009765625,"bottom":3361.3167724609375,"right":394,"left":16,"width":378,"height":412.4666748046875},{"identifier":"37872591","top":3361.316650390625,"bottom":3689.2833251953125,"right":394,"left":16,"width":378,"height":327.9666748046875},{"identifier":"68172062","top":3689.283447265625,"bottom":4273.2501220703125,"right":394,"left":16,"width":378,"height":583.9666748046875}]}},{"timestamp":"2022-11-22T06:37:33.274Z","url":"https://stackoverflow.com/questions/24428656/subtract-time-from-date-moment-js","component":"page","action":"scroll","data":{"viewport":{"x":0,"y":1122,"height":658,"width":427},"document":{"height":7559,"width":410},"question":{"identifier":"24428656","top":-989.38330078125,"bottom":-156.61663818359375,"right":394,"left":16,"width":378,"height":832.7666625976562},"answers":[{"identifier":"24428984","top":-76.31666564941406,"bottom":799.0500335693359,"right":394,"left":16,"width":378,"height":875.36669921875},{"identifier":"27492540","top":799.0499877929688,"bottom":1365.2166137695312,"right":394,"left":16,"width":378,"height":566.1666259765625},{"identifier":"57287372","top":1365.2166748046875,"bottom":2045.5833740234375,"right":394,"left":16,"width":378,"height":680.36669921875},{"identifier":"24428908","top":2045.5833740234375,"bottom":2846.8500366210938,"right":394,"left":16,"width":378,"height":801.2666625976562},{"identifier":"37895245","top":2846.85009765625,"bottom":3259.3167724609375,"right":394,"left":16,"width":378,"height":412.4666748046875},{"identifier":"37872591","top":3259.316650390625,"bottom":3587.2833251953125,"right":394,"left":16,"width":378,"height":327.9666748046875},{"identifier":"68172062","top":3587.283447265625,"bottom":4171.2501220703125,"right":394,"left":16,"width":378,"height":583.9666748046875}]}},{"timestamp":"2022-11-22T06:38:46.672Z","url":"https://stackoverflow.com/questions/24428656/subtract-time-from-date-moment-js","component":"page","action":"scroll","data":{"viewport":{"x":0,"y":1020,"height":658,"width":427},"document":{"height":7559,"width":410},"question":{"identifier":"24428656","top":-887.38330078125,"bottom":-54.61663818359375,"right":394,"left":16,"width":378,"height":832.7666625976562},"answers":[{"identifier":"24428984","top":25.683334350585938,"bottom":901.0500335693359,"right":394,"left":16,"width":378,"height":875.36669921875},{"identifier":"27492540","top":901.0499877929688,"bottom":1467.2166137695312,"right":394,"left":16,"width":378,"height":566.1666259765625},{"identifier":"57287372","top":1467.2166748046875,"bottom":2147.5833740234375,"right":394,"left":16,"width":378,"height":680.36669921875},{"identifier":"24428908","top":2147.583251953125,"bottom":2948.8499145507812,"right":394,"left":16,"width":378,"height":801.2666625976562},{"identifier":"37895245","top":2948.85009765625,"bottom":3361.3167724609375,"right":394,"left":16,"width":378,"height":412.4666748046875},{"identifier":"37872591","top":3361.316650390625,"bottom":3689.2833251953125,"right":394,"left":16,"width":378,"height":327.9666748046875},{"identifier":"68172062","top":3689.283447265625,"bottom":4273.2501220703125,"right":394,"left":16,"width":378,"height":583.9666748046875}]}},{"timestamp":"2022-11-22T06:38:51.220Z","url":"https://stackoverflow.com/questions/24428656/subtract-time-from-date-moment-js","component":"page","action":"scroll","data":{"viewport":{"x":0,"y":1836,"height":658,"width":427},"document":{"height":7559,"width":410},"question":{"identifier":"24428656","top":-1703.38330078125,"bottom":-870.6166381835938,"right":394,"left":16,"width":378,"height":832.7666625976562},"answers":[{"identifier":"24428984","top":-790.316650390625,"bottom":85.050048828125,"right":394,"left":16,"width":378,"height":875.36669921875},{"identifier":"27492540","top":85.05000305175781,"bottom":651.2166290283203,"right":394,"left":16,"width":378,"height":566.1666259765625},{"identifier":"57287372","top":651.2166748046875,"bottom":1331.5833740234375,"right":394,"left":16,"width":378,"height":680.36669921875},{"identifier":"24428908","top":1331.5833740234375,"bottom":2132.8500366210938,"right":394,"left":16,"width":378,"height":801.2666625976562},{"identifier":"37895245","top":2132.85009765625,"bottom":2545.3167724609375,"right":394,"left":16,"width":378,"height":412.4666748046875},{"identifier":"37872591","top":2545.316650390625,"bottom":2873.2833251953125,"right":394,"left":16,"width":378,"height":327.9666748046875},{"identifier":"68172062","top":2873.283447265625,"bottom":3457.2501220703125,"right":394,"left":16,"width":378,"height":583.9666748046875}]}},{"timestamp":"2022-11-22T06:38:54.124Z","url":"https://stackoverflow.com/questions/24428656/subtract-time-from-date-moment-js","component":"page","action":"selection","data":"t"},{"timestamp":"2022-11-22T06:39:18.467Z","url":"https://stackoverflow.com/questions/24428656/subtract-time-from-date-moment-js","component":"page","action":"scroll","data":{"viewport":{"x":0,"y":2346,"height":658,"width":427},"document":{"height":7559,"width":410},"question":{"identifier":"24428656","top":-2213.38330078125,"bottom":-1380.6166381835938,"right":394,"left":16,"width":378,"height":832.7666625976562},"answers":[{"identifier":"24428984","top":-1300.316650390625,"bottom":-424.949951171875,"right":394,"left":16,"width":378,"height":875.36669921875},{"identifier":"27492540","top":-424.95001220703125,"bottom":141.21661376953125,"right":394,"left":16,"width":378,"height":566.1666259765625},{"identifier":"57287372","top":141.21665954589844,"bottom":821.5833587646484,"right":394,"left":16,"width":378,"height":680.36669921875},{"identifier":"24428908","top":821.5833129882812,"bottom":1622.8499755859375,"right":394,"left":16,"width":378,"height":801.2666625976562},{"identifier":"37895245","top":1622.8499755859375,"bottom":2035.316650390625,"right":394,"left":16,"width":378,"height":412.4666748046875},{"identifier":"37872591","top":2035.316650390625,"bottom":2363.2833251953125,"right":394,"left":16,"width":378,"height":327.9666748046875},{"identifier":"68172062","top":2363.283447265625,"bottom":2947.2501220703125,"right":394,"left":16,"width":378,"height":583.9666748046875}]}},{"timestamp":"2022-11-22T06:39:21.533Z","url":"https://stackoverflow.com/questions/24428656/subtract-time-from-date-moment-js","component":"page","action":"selection","data":"moment"},{"timestamp":"2022-11-22T06:39:23.357Z","url":"https://stackoverflow.com/questions/24428656/subtract-time-from-date-moment-js","component":"page","action":"selection","data":"moment(Date.now()).subtract(7, 'days')"},{"timestamp":"2022-11-22T06:39:23.411Z","url":"https://stackoverflow.com/questions/24428656/subtract-time-from-date-moment-js","component":"page","action":"copy","data":"moment(Date.now()).subtract(7, 'days')"},{"timestamp":"2022-11-22T06:39:23.579Z","url":"https://stackoverflow.com/questions/24428656/subtract-time-from-date-moment-js","component":"page","action":"copy","data":"moment(Date.now()).subtract(7, 'days')"},{"timestamp":"2022-11-22T06:39:23.722Z","url":"https://stackoverflow.com/questions/24428656/subtract-time-from-date-moment-js","component":"page","action":"copy","data":"moment(Date.now()).subtract(7, 'days')"},{"timestamp":"2022-11-22T06:39:55.181Z","url":"https://stackoverflow.com/questions/24428656/subtract-time-from-date-moment-js","component":"page","action":"scroll","data":{"viewport":{"x":0,"y":1938,"height":658,"width":427},"document":{"height":7559,"width":410},"question":{"identifier":"24428656","top":-1805.38330078125,"bottom":-972.6166381835938,"right":394,"left":16,"width":378,"height":832.7666625976562},"answers":[{"identifier":"24428984","top":-892.316650390625,"bottom":-16.949951171875,"right":394,"left":16,"width":378,"height":875.36669921875},{"identifier":"27492540","top":-16.949996948242188,"bottom":549.2166290283203,"right":394,"left":16,"width":378,"height":566.1666259765625},{"identifier":"57287372","top":549.2166748046875,"bottom":1229.5833740234375,"right":394,"left":16,"width":378,"height":680.36669921875},{"identifier":"24428908","top":1229.5833740234375,"bottom":2030.8500366210938,"right":394,"left":16,"width":378,"height":801.2666625976562},{"identifier":"37895245","top":2030.8499755859375,"bottom":2443.316650390625,"right":394,"left":16,"width":378,"height":412.4666748046875},{"identifier":"37872591","top":2443.316650390625,"bottom":2771.2833251953125,"right":394,"left":16,"width":378,"height":327.9666748046875},{"identifier":"68172062","top":2771.283447265625,"bottom":3355.2501220703125,"right":394,"left":16,"width":378,"height":583.9666748046875}]}}]}]}