{"id":"20998_2","conditions":[{"taskId":2,"taskName":"find","enableFragments":false,"enableContext":true,"showContext":false,"provideSearchTerms":true,"sequence":3},{"taskId":1,"taskName":"currency","enableFragments":false,"enableContext":true,"showContext":false,"provideSearchTerms":true,"sequence":4},{"taskId":4,"taskName":"sort","enableFragments":true,"enableContext":true,"showContext":true,"provideSearchTerms":true,"sequence":5},{"taskId":3,"taskName":"clone","enableFragments":true,"enableContext":true,"showContext":true,"provideSearchTerms":true,"sequence":6},{"taskId":6,"taskName":"serve","enableFragments":true,"enableContext":true,"showContext":true,"provideSearchTerms":false,"sequence":7},{"taskId":5,"taskName":"recent","enableFragments":false,"enableContext":false,"showContext":false,"provideSearchTerms":false,"sequence":8}],"activeTaskId":"recent","tasks":[{"id":"pre-study"},{"enableFragments":true,"enableContext":true,"showContext":true,"provideSearchTerms":true,"contextOverride":[{"source":"src/tutorial.js","name":"sumTradedShares","position":{"start":397,"end":545},"variables":[],"parameters":[{"source":"src/tutorial.js","name":"trades","position":{"start":429,"end":435},"type":{"name":"Trade[]"}}],"returnType":"number"}],"id":"tutorial","startTime":"2022-11-22T06:00:30.344Z","duration":410705,"timer":{"startTime":"2022-11-22T06:02:49.661Z","endTime":"2022-11-22T06:07:22.556Z"},"endTime":"2022-11-22T06:07:22.556Z"},{"enableFragments":false,"enableContext":true,"showContext":false,"contextOverride":[{"source":"src/currency.js","name":"printCurrency","position":{"start":593,"end":782},"variables":[],"parameters":[{"source":"src/currency.js","name":"amount","position":{"start":623,"end":629},"type":{"name":"number"}},{"source":"src/currency.js","name":"locale","position":{"start":631,"end":637},"type":{"name":"string"}},{"source":"src/currency.js","name":"currency","position":{"start":639,"end":647},"type":{"name":"string"}}],"returnType":"string"}],"provideSearchTerms":true,"searchTerms":"format currency","id":"currency","startTime":"2022-11-22T06:11:29.954Z","timer":{"startTime":"2022-11-22T06:11:29.955Z","endTime":"2022-11-22T06:16:46.546Z"},"duration":314613,"data":{"Q1":"4","Q2":"","Q3":"","Q4":""},"endTime":"2022-11-22T06:17:11.745Z"},{"enableFragments":false,"enableContext":true,"showContext":false,"contextOverride":[{"source":"src/find.js","name":"getTradeById","position":{"start":286,"end":506},"variables":[],"parameters":[{"source":"src/find.js","name":"trades","position":{"start":315,"end":321},"type":{"name":"Trade[]"}},{"source":"src/find.js","name":"id","position":{"start":323,"end":325},"type":{"name":"number"}}],"returnType":"Trade"}],"provideSearchTerms":true,"searchTerms":"find item in array by value","id":"find","startTime":"2022-11-22T06:07:30.922Z","timer":{"startTime":"2022-11-22T06:07:30.923Z","endTime":"2022-11-22T06:10:39.719Z"},"duration":186346,"data":{"Q1":"5","Q2":"","Q3":"","Q4":""},"endTime":"2022-11-22T06:11:19.027Z"},{"enableFragments":true,"enableContext":true,"showContext":true,"contextOverride":[{"source":"src/clone.js","name":"cloneTradeLedger","position":{"start":239,"end":406},"variables":[],"parameters":[{"source":"src/clone.js","name":"trades","position":{"start":272,"end":278},"type":{"name":"Trade[]"}}],"returnType":"Trade[]"}],"provideSearchTerms":true,"searchTerms":"clone array","id":"clone","startTime":"2022-11-22T06:22:36.984Z","timer":{"startTime":"2022-11-22T06:22:36.984Z","endTime":"2022-11-22T06:26:18.633Z"},"duration":219598,"data":{"Q1":"4","Q2":"","Q3":"","Q4":""},"endTime":"2022-11-22T06:26:34.470Z"},{"enableFragments":true,"enableContext":true,"showContext":true,"contextOverride":[{"source":"src/sort.js","name":"sortTradesByShareCount","position":{"start":285,"end":524},"variables":[],"parameters":[{"source":"src/sort.js","name":"trades","position":{"start":324,"end":330},"type":{"name":"Trade[]"}}],"returnType":"Trade[]"}],"provideSearchTerms":true,"searchTerms":"sort array of objects descending","id":"sort","startTime":"2022-11-22T06:17:23.397Z","timer":{"startTime":"2022-11-22T06:17:23.397Z","endTime":"2022-11-22T06:22:13.090Z"},"duration":287821,"data":{"Q1":"5","Q2":"","Q3":"","Q4":""},"endTime":"2022-11-22T06:22:23.160Z"},{"enableFragments":false,"enableContext":false,"showContext":false,"contextOverride":[],"provideSearchTerms":false,"searchTerms":"","id":"recent","startTime":"2022-11-22T06:34:52.331Z","timer":{"startTime":"2022-11-22T06:34:52.332Z","endTime":"2022-11-22T06:42:15.856Z"},"duration":419081,"data":{"Q1":"4","Q2":"","Q3":"","Q4":""},"endTime":"2022-11-22T06:42:31.874Z"},{"enableFragments":true,"enableContext":true,"showContext":true,"contextOverride":[{"source":"src/serve.js","name":"express","position":{"start":7,"end":14},"module":{"name":"express","position":{"start":20,"end":29}},"references":[{"start":181,"end":188}]},{"source":"src/serve.js","name":"path","position":{"start":38,"end":42},"module":{"name":"path","position":{"start":48,"end":54}},"references":[]},{"source":"src/serve.js","name":"setup","position":{"start":193,"end":290},"variables":[],"parameters":[],"returnType":"void"}],"provideSearchTerms":false,"searchTerms":"","id":"serve","startTime":"2022-11-22T06:26:46.217Z","timer":{"startTime":"2022-11-22T06:26:46.217Z","endTime":"2022-11-22T06:34:12.684Z"},"duration":419987,"data":{"Q1":"2","Q2":"","Q3":"","Q4":""},"endTime":"2022-11-22T06:34:40.411Z"},{"id":"post-study"}],"activations":["2022-11-22T06:00:07.491Z"]}