{"numFailedTestSuites":1,"numFailedTests":4,"numPassedTestSuites":0,"numPassedTests":0,"numPendingTestSuites":0,"numPendingTests":0,"numRuntimeErrorTestSuites":0,"numTodoTests":0,"numTotalTestSuites":1,"numTotalTests":4,"openHandles":[],"snapshot":{"added":0,"didUpdate":false,"failure":false,"filesAdded":0,"filesRemoved":0,"filesRemovedList":[],"filesUnmatched":0,"filesUpdated":0,"matched":0,"total":0,"unchecked":0,"uncheckedKeysByFile":[],"unmatched":0,"updated":0},"startTime":1669261397171,"success":false,"testResults":[{"assertionResults":[{"ancestorTitles":["getPastTradesFrom()"],"failureMessages":["TypeError: endDate.diff is not a function\n    at getPastTradesFrom (/workspaces/42904_3/src/recent.js:19:29)\n    at Object.<anonymous> (/workspaces/42904_3/test/recent.test.js:75:20)\n    at Promise.then.completed (/workspaces/42904_3/node_modules/jest-circus/build/utils.js:391:28)\n    at new Promise (<anonymous>)\n    at callAsyncCircusFn (/workspaces/42904_3/node_modules/jest-circus/build/utils.js:316:10)\n    at _callCircusTest (/workspaces/42904_3/node_modules/jest-circus/build/run.js:218:40)\n    at processTicksAndRejections (node:internal/process/task_queues:96:5)\n    at _runTest (/workspaces/42904_3/node_modules/jest-circus/build/run.js:155:3)\n    at _runTestsForDescribeBlock (/workspaces/42904_3/node_modules/jest-circus/build/run.js:66:9)\n    at _runTestsForDescribeBlock (/workspaces/42904_3/node_modules/jest-circus/build/run.js:60:9)"],"fullName":"getPastTradesFrom() Should filter trades in the past 7 days.","location":null,"status":"failed","title":"Should filter trades in the past 7 days."},{"ancestorTitles":["getPastTradesFrom()"],"failureMessages":["TypeError: endDate.diff is not a function\n    at getPastTradesFrom (/workspaces/42904_3/src/recent.js:19:29)\n    at Object.<anonymous> (/workspaces/42904_3/test/recent.test.js:84:20)\n    at Promise.then.completed (/workspaces/42904_3/node_modules/jest-circus/build/utils.js:391:28)\n    at new Promise (<anonymous>)\n    at callAsyncCircusFn (/workspaces/42904_3/node_modules/jest-circus/build/utils.js:316:10)\n    at _callCircusTest (/workspaces/42904_3/node_modules/jest-circus/build/run.js:218:40)\n    at processTicksAndRejections (node:internal/process/task_queues:96:5)\n    at _runTest (/workspaces/42904_3/node_modules/jest-circus/build/run.js:155:3)\n    at _runTestsForDescribeBlock (/workspaces/42904_3/node_modules/jest-circus/build/run.js:66:9)\n    at _runTestsForDescribeBlock (/workspaces/42904_3/node_modules/jest-circus/build/run.js:60:9)"],"fullName":"getPastTradesFrom() Should filter trades in the past 30 days.","location":null,"status":"failed","title":"Should filter trades in the past 30 days."},{"ancestorTitles":["getPastTradesFrom()"],"failureMessages":["TypeError: endDate.diff is not a function\n    at getPastTradesFrom (/workspaces/42904_3/src/recent.js:19:29)\n    at Object.<anonymous> (/workspaces/42904_3/test/recent.test.js:94:20)\n    at Promise.then.completed (/workspaces/42904_3/node_modules/jest-circus/build/utils.js:391:28)\n    at new Promise (<anonymous>)\n    at callAsyncCircusFn (/workspaces/42904_3/node_modules/jest-circus/build/utils.js:316:10)\n    at _callCircusTest (/workspaces/42904_3/node_modules/jest-circus/build/run.js:218:40)\n    at processTicksAndRejections (node:internal/process/task_queues:96:5)\n    at _runTest (/workspaces/42904_3/node_modules/jest-circus/build/run.js:155:3)\n    at _runTestsForDescribeBlock (/workspaces/42904_3/node_modules/jest-circus/build/run.js:66:9)\n    at _runTestsForDescribeBlock (/workspaces/42904_3/node_modules/jest-circus/build/run.js:60:9)"],"fullName":"getPastTradesFrom() Should filter trades in the past month.","location":null,"status":"failed","title":"Should filter trades in the past month."},{"ancestorTitles":["getPastTradesFrom()"],"failureMessages":["TypeError: endDate.diff is not a function\n    at getPastTradesFrom (/workspaces/42904_3/src/recent.js:19:29)\n    at Object.<anonymous> (/workspaces/42904_3/test/recent.test.js:105:20)\n    at Promise.then.completed (/workspaces/42904_3/node_modules/jest-circus/build/utils.js:391:28)\n    at new Promise (<anonymous>)\n    at callAsyncCircusFn (/workspaces/42904_3/node_modules/jest-circus/build/utils.js:316:10)\n    at _callCircusTest (/workspaces/42904_3/node_modules/jest-circus/build/run.js:218:40)\n    at processTicksAndRejections (node:internal/process/task_queues:96:5)\n    at _runTest (/workspaces/42904_3/node_modules/jest-circus/build/run.js:155:3)\n    at _runTestsForDescribeBlock (/workspaces/42904_3/node_modules/jest-circus/build/run.js:66:9)\n    at _runTestsForDescribeBlock (/workspaces/42904_3/node_modules/jest-circus/build/run.js:60:9)"],"fullName":"getPastTradesFrom() Should fitler trades when from value exceeds unit.","location":null,"status":"failed","title":"Should fitler trades when from value exceeds unit."}],"endTime":1669261397580,"message":"\u001b[1m\u001b[31m  \u001b[1m● \u001b[22m\u001b[1mgetPastTradesFrom() › Should filter trades in the past 7 days.\u001b[39m\u001b[22m\n\n    TypeError: endDate.diff is not a function\n\u001b[2m\u001b[22m\n\u001b[2m    \u001b[0m \u001b[90m 17 |\u001b[39m     \u001b[90m// TODO: Update the startDate by subtracting the amount \u001b[39m\u001b[0m\u001b[22m\n\u001b[2m    \u001b[0m \u001b[90m 18 |\u001b[39m     \u001b[90m// of time specified by the \"interval\" and \"unit\" parameters.  \u001b[39m\u001b[0m\u001b[22m\n\u001b[2m    \u001b[0m\u001b[31m\u001b[1m>\u001b[22m\u001b[2m\u001b[39m\u001b[90m 19 |\u001b[39m     \u001b[36mvar\u001b[39m startDate \u001b[33m=\u001b[39m endDate\u001b[33m.\u001b[39mdiff(interval\u001b[33m,\u001b[39m unit) \u001b[0m\u001b[22m\n\u001b[2m    \u001b[0m \u001b[90m    |\u001b[39m                             \u001b[31m\u001b[1m^\u001b[22m\u001b[2m\u001b[39m\u001b[0m\u001b[22m\n\u001b[2m    \u001b[0m \u001b[90m 20 |\u001b[39m\u001b[0m\u001b[22m\n\u001b[2m    \u001b[0m \u001b[90m 21 |\u001b[39m\u001b[0m\u001b[22m\n\u001b[2m    \u001b[0m \u001b[90m 22 |\u001b[39m\u001b[0m\u001b[22m\n\u001b[2m\u001b[22m\n\u001b[2m      \u001b[2mat getPastTradesFrom (\u001b[22m\u001b[2msrc/recent.js\u001b[2m:19:29)\u001b[22m\u001b[2m\u001b[22m\n\u001b[2m      \u001b[2mat Object.<anonymous> (\u001b[22m\u001b[2m\u001b[0m\u001b[36mtest/recent.test.js\u001b[39m\u001b[0m\u001b[2m:75:20)\u001b[22m\u001b[2m\u001b[22m\n\n\u001b[1m\u001b[31m  \u001b[1m● \u001b[22m\u001b[1mgetPastTradesFrom() › Should filter trades in the past 30 days.\u001b[39m\u001b[22m\n\n    TypeError: endDate.diff is not a function\n\u001b[2m\u001b[22m\n\u001b[2m    \u001b[0m \u001b[90m 17 |\u001b[39m     \u001b[90m// TODO: Update the startDate by subtracting the amount \u001b[39m\u001b[0m\u001b[22m\n\u001b[2m    \u001b[0m \u001b[90m 18 |\u001b[39m     \u001b[90m// of time specified by the \"interval\" and \"unit\" parameters.  \u001b[39m\u001b[0m\u001b[22m\n\u001b[2m    \u001b[0m\u001b[31m\u001b[1m>\u001b[22m\u001b[2m\u001b[39m\u001b[90m 19 |\u001b[39m     \u001b[36mvar\u001b[39m startDate \u001b[33m=\u001b[39m endDate\u001b[33m.\u001b[39mdiff(interval\u001b[33m,\u001b[39m unit) \u001b[0m\u001b[22m\n\u001b[2m    \u001b[0m \u001b[90m    |\u001b[39m                             \u001b[31m\u001b[1m^\u001b[22m\u001b[2m\u001b[39m\u001b[0m\u001b[22m\n\u001b[2m    \u001b[0m \u001b[90m 20 |\u001b[39m\u001b[0m\u001b[22m\n\u001b[2m    \u001b[0m \u001b[90m 21 |\u001b[39m\u001b[0m\u001b[22m\n\u001b[2m    \u001b[0m \u001b[90m 22 |\u001b[39m\u001b[0m\u001b[22m\n\u001b[2m\u001b[22m\n\u001b[2m      \u001b[2mat getPastTradesFrom (\u001b[22m\u001b[2msrc/recent.js\u001b[2m:19:29)\u001b[22m\u001b[2m\u001b[22m\n\u001b[2m      \u001b[2mat Object.<anonymous> (\u001b[22m\u001b[2m\u001b[0m\u001b[36mtest/recent.test.js\u001b[39m\u001b[0m\u001b[2m:84:20)\u001b[22m\u001b[2m\u001b[22m\n\n\u001b[1m\u001b[31m  \u001b[1m● \u001b[22m\u001b[1mgetPastTradesFrom() › Should filter trades in the past month.\u001b[39m\u001b[22m\n\n    TypeError: endDate.diff is not a function\n\u001b[2m\u001b[22m\n\u001b[2m    \u001b[0m \u001b[90m 17 |\u001b[39m     \u001b[90m// TODO: Update the startDate by subtracting the amount \u001b[39m\u001b[0m\u001b[22m\n\u001b[2m    \u001b[0m \u001b[90m 18 |\u001b[39m     \u001b[90m// of time specified by the \"interval\" and \"unit\" parameters.  \u001b[39m\u001b[0m\u001b[22m\n\u001b[2m    \u001b[0m\u001b[31m\u001b[1m>\u001b[22m\u001b[2m\u001b[39m\u001b[90m 19 |\u001b[39m     \u001b[36mvar\u001b[39m startDate \u001b[33m=\u001b[39m endDate\u001b[33m.\u001b[39mdiff(interval\u001b[33m,\u001b[39m unit) \u001b[0m\u001b[22m\n\u001b[2m    \u001b[0m \u001b[90m    |\u001b[39m                             \u001b[31m\u001b[1m^\u001b[22m\u001b[2m\u001b[39m\u001b[0m\u001b[22m\n\u001b[2m    \u001b[0m \u001b[90m 20 |\u001b[39m\u001b[0m\u001b[22m\n\u001b[2m    \u001b[0m \u001b[90m 21 |\u001b[39m\u001b[0m\u001b[22m\n\u001b[2m    \u001b[0m \u001b[90m 22 |\u001b[39m\u001b[0m\u001b[22m\n\u001b[2m\u001b[22m\n\u001b[2m      \u001b[2mat getPastTradesFrom (\u001b[22m\u001b[2msrc/recent.js\u001b[2m:19:29)\u001b[22m\u001b[2m\u001b[22m\n\u001b[2m      \u001b[2mat Object.<anonymous> (\u001b[22m\u001b[2m\u001b[0m\u001b[36mtest/recent.test.js\u001b[39m\u001b[0m\u001b[2m:94:20)\u001b[22m\u001b[2m\u001b[22m\n\n\u001b[1m\u001b[31m  \u001b[1m● \u001b[22m\u001b[1mgetPastTradesFrom() › Should fitler trades when from value exceeds unit.\u001b[39m\u001b[22m\n\n    TypeError: endDate.diff is not a function\n\u001b[2m\u001b[22m\n\u001b[2m    \u001b[0m \u001b[90m 17 |\u001b[39m     \u001b[90m// TODO: Update the startDate by subtracting the amount \u001b[39m\u001b[0m\u001b[22m\n\u001b[2m    \u001b[0m \u001b[90m 18 |\u001b[39m     \u001b[90m// of time specified by the \"interval\" and \"unit\" parameters.  \u001b[39m\u001b[0m\u001b[22m\n\u001b[2m    \u001b[0m\u001b[31m\u001b[1m>\u001b[22m\u001b[2m\u001b[39m\u001b[90m 19 |\u001b[39m     \u001b[36mvar\u001b[39m startDate \u001b[33m=\u001b[39m endDate\u001b[33m.\u001b[39mdiff(interval\u001b[33m,\u001b[39m unit) \u001b[0m\u001b[22m\n\u001b[2m    \u001b[0m \u001b[90m    |\u001b[39m                             \u001b[31m\u001b[1m^\u001b[22m\u001b[2m\u001b[39m\u001b[0m\u001b[22m\n\u001b[2m    \u001b[0m \u001b[90m 20 |\u001b[39m\u001b[0m\u001b[22m\n\u001b[2m    \u001b[0m \u001b[90m 21 |\u001b[39m\u001b[0m\u001b[22m\n\u001b[2m    \u001b[0m \u001b[90m 22 |\u001b[39m\u001b[0m\u001b[22m\n\u001b[2m\u001b[22m\n\u001b[2m      \u001b[2mat getPastTradesFrom (\u001b[22m\u001b[2msrc/recent.js\u001b[2m:19:29)\u001b[22m\u001b[2m\u001b[22m\n\u001b[2m      \u001b[2mat Object.<anonymous> (\u001b[22m\u001b[2m\u001b[0m\u001b[36mtest/recent.test.js\u001b[39m\u001b[0m\u001b[2m:105:20)\u001b[22m\u001b[2m\u001b[22m\n","name":"/workspaces/42904_3/test/recent.test.js","startTime":1669261397197,"status":"failed","summary":""}],"wasInterrupted":false}