{"trialId":"42904_3","taskId":"sort","appEvents":[{"timestamp":"2022-11-24T03:26:17.613Z","name":"resize","data":{"height":904,"width":300}},{"timestamp":"2022-11-24T03:26:18.173Z","name":"search","data":"search-start"},{"timestamp":"2022-11-24T03:26:19.405Z","name":"search","data":"search-done"},{"timestamp":"2022-11-24T03:29:31.328Z","name":"resize","data":{"height":0,"width":0}}],"searches":[{"keywords":["sort","array","of","objects","descending"],"context":{"tokens":[{"kind":"language","value":"javascript"}]},"timestamp":"2022-11-24T03:26:18.173Z","results":[{"signatures":[],"areSignaturesLoading":true,"title":"Sorting an array of objects by property values - Stack Overflow","url":"https://stackoverflow.com/questions/979256/sorting-an-array-of-objects-by-property-values","displayLink":"https://stackoverflow.com › questions › sorting-an-arra...","date":"33 answers","snippet":"Sort homes by price in ascending order: homes.sort(function(a, b) { return parseFloat(a.price) - parseFloat(b.price); });. Or after ES6 version:","snippetHighlightWords":["Sort","ascending","sort"]},{"signatures":[],"areSignaturesLoading":true,"title":"Sorting an array of objects on both ascending and descending ...","url":"https://stackoverflow.com/questions/56809727/sorting-an-array-of-objects-on-both-ascending-and-descending-order-on-same-click","displayLink":"https://stackoverflow.com › questions › sorting-an-arra...","date":"Jun 28, 2019","snippet":"Sorting an array of objects on both ascending and descending order on same click · reverse the > to < and create a variable that can store the ...","snippetHighlightWords":["Sorting","array of objects","ascending","descending","reverse"]},{"signatures":[],"areSignaturesLoading":true,"title":"JavaScript: Sort an array of objects by a numeric property in ...","url":"https://stackoverflow.com/questions/54623130/javascript-sort-an-array-of-objects-by-a-numeric-property-in-each-object","displayLink":"https://stackoverflow.com › questions › javascript-sort-a...","date":"Feb 11, 2019","snippet":"sort() method does two things, it changes the original array so that it is in sorted order, and it also returns a reference to your original ...","snippetHighlightWords":["sort","array","sorted"]},{"signatures":[],"areSignaturesLoading":true,"title":"Sort by object key in descending order on Javascript/underscore","url":"https://stackoverflow.com/questions/31553155/sort-by-object-key-in-descending-order-on-javascript-underscore","displayLink":"https://stackoverflow.com › questions › sort-by-object-...","date":"Jul 22, 2015","snippet":"I want to sort this array object by key in descending order. So the expected output will be following like the latest date will come first.","snippetHighlightWords":["sort","array object","descending"]},{"signatures":[],"areSignaturesLoading":true,"title":"Javascript: Sorting Objects (not arrays) in descending","url":"https://stackoverflow.com/questions/56996782/javascript-sorting-objects-not-arrays-in-descending","displayLink":"https://stackoverflow.com › questions › javascript-sortin...","date":"Jul 11, 2019","snippet":"Get an array of arrays from Object.entries() .reverse() it; Convert it into a Map ( Map() guarantees order according to how it was entered) ...","snippetHighlightWords":["array","arrays","Object","reverse"]},{"signatures":[],"areSignaturesLoading":true,"title":"Sort array of objects by string property value - Stack Overflow","url":"https://stackoverflow.com/questions/1129216/sort-array-of-objects-by-string-property-value","displayLink":"https://stackoverflow.com › questions › sort-array-of-o...","snippet":"Use JavaScript sort method ... The sort method can be modified to sort anything like an array of numbers, strings and even objects using a compare function. A ...","snippetHighlightWords":["JavaScript sort","sort","sort","array","objects"]},{"signatures":[],"areSignaturesLoading":true,"title":"sort array of objects with letters and numbers in descending ...","url":"https://stackoverflow.com/questions/49365109/sort-array-of-objects-with-letters-and-numbers-in-descending-order","displayLink":"https://stackoverflow.com › questions › sort-array-of-o...","snippet":"You can use array#sort with string#localeCompare with numeric property set to true . const data = [{\"map_name\": \"PHX7260.","snippetHighlightWords":["array#sort"],"extensions":["Mar 19, 2018","3 answers"]},{"signatures":[],"areSignaturesLoading":true,"title":"How do I sort array of objects in descending order based on ...","url":"https://stackoverflow.com/questions/72084911/how-do-i-sort-array-of-objects-in-descending-order-based-on-alphanumeric-value-i","displayLink":"https://stackoverflow.com › questions › how-do-i-sort-a...","snippet":"You need a custom comparer function that will use the value property of your objects to make a descending alphabetic sort on your ArrOfObj.","snippetHighlightWords":["objects","descending","sort"],"extensions":["May 2, 2022","1 answer"]},{"signatures":[],"areSignaturesLoading":true,"title":"JS sort array of objets by specific string property (not ...","url":"https://stackoverflow.com/questions/65687818/js-sort-array-of-objets-by-specific-string-property-not-ascending-or-descending","displayLink":"https://stackoverflow.com › questions › js-sort-array-of-...","snippet":"You could take an object with the wanted order and take a large value as default for sorting. const data = [{ name: \"strawberries\", ...","snippetHighlightWords":["object","sorting"],"extensions":["Jan 12, 2021","5 answers"]},{"signatures":[],"areSignaturesLoading":true,"title":"How can I sort a javascript array of objects numerically and ...","url":"https://stackoverflow.com/questions/12900058/how-can-i-sort-a-javascript-array-of-objects-numerically-and-then-alphabetically","displayLink":"https://stackoverflow.com › questions › how-can-i-sort-...","snippet":"items.sort(function(a, b) { return (a.id - b.id); ...","snippetHighlightWords":["sort"]}],"events":[{"timestamp":"2022-11-24T03:26:18.306Z","url":"https://stackoverflow.com/questions/979256/sorting-an-array-of-objects-by-property-values","component":"projection","action":"load","data":{"height":103.5,"width":259.8984375,"wc":19,"lc":1}},{"timestamp":"2022-11-24T03:26:18.307Z","url":"https://stackoverflow.com/questions/56809727/sorting-an-array-of-objects-on-both-ascending-and-descending-order-on-same-click","component":"projection","action":"load","data":{"height":103.5,"width":269.34375,"wc":29,"lc":1}},{"timestamp":"2022-11-24T03:26:18.307Z","url":"https://stackoverflow.com/questions/54623130/javascript-sort-an-array-of-objects-by-a-numeric-property-in-each-object","component":"projection","action":"load","data":{"height":81.5,"width":269.90625,"wc":27,"lc":1}},{"timestamp":"2022-11-24T03:26:18.308Z","url":"https://stackoverflow.com/questions/31553155/sort-by-object-key-in-descending-order-on-javascript-underscore","component":"projection","action":"load","data":{"height":81.5,"width":270.21875,"wc":26,"lc":1}},{"timestamp":"2022-11-24T03:26:18.308Z","url":"https://stackoverflow.com/questions/56996782/javascript-sorting-objects-not-arrays-in-descending","component":"projection","action":"load","data":{"height":81.5,"width":269.7265625,"wc":25,"lc":1}},{"timestamp":"2022-11-24T03:26:18.308Z","url":"https://stackoverflow.com/questions/1129216/sort-array-of-objects-by-string-property-value","component":"projection","action":"load","data":{"height":81.5,"width":267.2578125,"wc":29,"lc":1}},{"timestamp":"2022-11-24T03:26:18.308Z","url":"https://stackoverflow.com/questions/49365109/sort-array-of-objects-with-letters-and-numbers-in-descending-order","component":"projection","action":"load","data":{"height":81.5,"width":221.953125,"wc":18,"lc":1}},{"timestamp":"2022-11-24T03:26:18.309Z","url":"https://stackoverflow.com/questions/72084911/how-do-i-sort-array-of-objects-in-descending-order-based-on-alphanumeric-value-i","component":"projection","action":"load","data":{"height":81.5,"width":266.5390625,"wc":24,"lc":1}},{"timestamp":"2022-11-24T03:26:18.309Z","url":"https://stackoverflow.com/questions/65687818/js-sort-array-of-objets-by-specific-string-property-not-ascending-or-descending","component":"projection","action":"load","data":{"height":81.5,"width":263.46875,"wc":25,"lc":1}},{"timestamp":"2022-11-24T03:26:18.310Z","url":"https://stackoverflow.com/questions/12900058/how-can-i-sort-a-javascript-array-of-objects-numerically-and-then-alphabetically","component":"projection","action":"load","data":{"height":37.5,"width":243.078125,"wc":8,"lc":1}},{"timestamp":"2022-11-24T03:26:18.450Z","url":"https://stackoverflow.com/questions/56809727/sorting-an-array-of-objects-on-both-ascending-and-descending-order-on-same-click","component":"projection","action":"mouseenter"},{"timestamp":"2022-11-24T03:26:18.533Z","url":"https://stackoverflow.com/questions/56809727/sorting-an-array-of-objects-on-both-ascending-and-descending-order-on-same-click","component":"projection","action":"mouseleave"},{"timestamp":"2022-11-24T03:26:18.534Z","url":"https://stackoverflow.com/questions/54623130/javascript-sort-an-array-of-objects-by-a-numeric-property-in-each-object","component":"projection","action":"mouseenter"},{"timestamp":"2022-11-24T03:26:18.631Z","url":"https://stackoverflow.com/questions/54623130/javascript-sort-an-array-of-objects-by-a-numeric-property-in-each-object","component":"projection","action":"mouseleave"},{"timestamp":"2022-11-24T03:26:19.404Z","url":"https://stackoverflow.com/questions/979256/sorting-an-array-of-objects-by-property-values","component":"projection","action":"loaded","data":"projection 10 of 10"},{"timestamp":"2022-11-24T03:26:19.404Z","url":"https://stackoverflow.com/questions/56809727/sorting-an-array-of-objects-on-both-ascending-and-descending-order-on-same-click","component":"projection","action":"loaded","data":"projection 9 of 10"},{"timestamp":"2022-11-24T03:26:19.405Z","url":"https://stackoverflow.com/questions/54623130/javascript-sort-an-array-of-objects-by-a-numeric-property-in-each-object","component":"projection","action":"loaded","data":"projection 8 of 10"},{"timestamp":"2022-11-24T03:26:19.405Z","url":"https://stackoverflow.com/questions/31553155/sort-by-object-key-in-descending-order-on-javascript-underscore","component":"projection","action":"loaded","data":"projection 7 of 10"},{"timestamp":"2022-11-24T03:26:19.405Z","url":"https://stackoverflow.com/questions/56996782/javascript-sorting-objects-not-arrays-in-descending","component":"projection","action":"loaded","data":"projection 6 of 10"},{"timestamp":"2022-11-24T03:26:19.405Z","url":"https://stackoverflow.com/questions/1129216/sort-array-of-objects-by-string-property-value","component":"projection","action":"loaded","data":"projection 5 of 10"},{"timestamp":"2022-11-24T03:26:19.405Z","url":"https://stackoverflow.com/questions/49365109/sort-array-of-objects-with-letters-and-numbers-in-descending-order","component":"projection","action":"loaded","data":"projection 4 of 10"},{"timestamp":"2022-11-24T03:26:19.405Z","url":"https://stackoverflow.com/questions/72084911/how-do-i-sort-array-of-objects-in-descending-order-based-on-alphanumeric-value-i","component":"projection","action":"loaded","data":"projection 3 of 10"},{"timestamp":"2022-11-24T03:26:19.405Z","url":"https://stackoverflow.com/questions/65687818/js-sort-array-of-objets-by-specific-string-property-not-ascending-or-descending","component":"projection","action":"loaded","data":"projection 2 of 10"},{"timestamp":"2022-11-24T03:26:19.405Z","url":"https://stackoverflow.com/questions/12900058/how-can-i-sort-a-javascript-array-of-objects-numerically-and-then-alphabetically","component":"projection","action":"loaded","data":"projection 1 of 10"},{"timestamp":"2022-11-24T03:26:38.665Z","url":"https://stackoverflow.com/questions/56809727/sorting-an-array-of-objects-on-both-ascending-and-descending-order-on-same-click","component":"projection","action":"mouseenter"},{"timestamp":"2022-11-24T03:26:39.009Z","url":"https://stackoverflow.com/questions/56809727/sorting-an-array-of-objects-on-both-ascending-and-descending-order-on-same-click","component":"projection","action":"mouseleave"},{"timestamp":"2022-11-24T03:26:39.013Z","url":"https://stackoverflow.com/questions/979256/sorting-an-array-of-objects-by-property-values","component":"projection","action":"mouseenter"},{"timestamp":"2022-11-24T03:26:43.139Z","url":"https://stackoverflow.com/questions/979256/sorting-an-array-of-objects-by-property-values","component":"page","action":"open"},{"timestamp":"2022-11-24T03:26:43.177Z","url":"https://stackoverflow.com/questions/979256/sorting-an-array-of-objects-by-property-values","component":"projection","action":"mouseleave"},{"timestamp":"2022-11-24T03:26:44.500Z","url":"https://stackoverflow.com/questions/979256/sorting-an-array-of-objects-by-property-values","component":"page","action":"load"},{"timestamp":"2022-11-24T03:26:56.459Z","url":"https://stackoverflow.com/questions/979256/sorting-an-array-of-objects-by-property-values","component":"page","action":"scroll","data":{"viewport":{"x":0,"y":1300,"height":844,"width":296},"document":{"height":39301,"width":279},"question":{"identifier":"979256","top":-1105.7265625,"bottom":179.2265625,"right":263,"left":16,"width":247,"height":1284.953125},"answers":[{"identifier":"979289","top":296.5078125,"bottom":2426.2890625,"right":263,"left":16,"width":247,"height":2129.78125},{"identifier":"979325","top":2426.2890625,"bottom":4276.1015625,"right":263,"left":16,"width":247,"height":1849.8125},{"identifier":"979278","top":4276.1015625,"bottom":5296.75,"right":263,"left":16,"width":247,"height":1020.6484375},{"identifier":"19970578","top":5296.75,"bottom":6363.234375,"right":263,"left":16,"width":247,"height":1066.484375},{"identifier":"40796335","top":6363.234375,"bottom":7564.5703125,"right":263,"left":16,"width":247,"height":1201.3359375},{"identifier":"26762192","top":7564.5703125,"bottom":10766.53125,"right":263,"left":16,"width":247,"height":3201.9609375},{"identifier":"979295","top":10766.53125,"bottom":11531.5546875,"right":263,"left":16,"width":247,"height":765.0234375},{"identifier":"37440769","top":11531.5546875,"bottom":12652.484375,"right":263,"left":16,"width":247,"height":1120.9296875},{"identifier":"54346678","top":12652.484375,"bottom":13348.46875,"right":263,"left":16,"width":247,"height":695.984375},{"identifier":"60641752","top":13348.46875,"bottom":14121.84375,"right":263,"left":16,"width":247,"height":773.375},{"identifier":"45534960","top":14121.84375,"bottom":15217.9609375,"right":263,"left":16,"width":247,"height":1096.1171875},{"identifier":"56594176","top":15217.9609375,"bottom":15671.296875,"right":263,"left":16,"width":247,"height":453.3359375},{"identifier":"50652203","top":15671.296875,"bottom":17722.1328125,"right":263,"left":16,"width":247,"height":2050.8359375},{"identifier":"21399152","top":17722.1328125,"bottom":19080.984375,"right":263,"left":16,"width":247,"height":1358.8515625},{"identifier":"20421221","top":19080.984375,"bottom":20818.3203125,"right":263,"left":16,"width":247,"height":1737.3359375},{"identifier":"979296","top":20818.3203125,"bottom":21376.65625,"right":263,"left":16,"width":247,"height":558.3359375},{"identifier":"25624937","top":21376.65625,"bottom":22350.9921875,"right":263,"left":16,"width":247,"height":974.3359375},{"identifier":"32773923","top":22350.9921875,"bottom":24254.5859375,"right":263,"left":16,"width":247,"height":1903.59375},{"identifier":"38585024","top":24254.5859375,"bottom":24626.421875,"right":263,"left":16,"width":247,"height":371.8359375},{"identifier":"48662313","top":24626.421875,"bottom":25612.2578125,"right":263,"left":16,"width":247,"height":985.8359375},{"identifier":"66636162","top":25612.2578125,"bottom":27014.34375,"right":263,"left":16,"width":247,"height":1402.0859375},{"identifier":"72601832","top":27014.34375,"bottom":27620.6796875,"right":263,"left":16,"width":247,"height":606.3359375},{"identifier":"30066050","top":27620.6796875,"bottom":28038.015625,"right":263,"left":16,"width":247,"height":417.3359375},{"identifier":"42100506","top":28038.015625,"bottom":29798.671875,"right":263,"left":16,"width":247,"height":1760.65625},{"identifier":"55088845","top":29798.671875,"bottom":30735.1953125,"right":263,"left":16,"width":247,"height":936.5234375},{"identifier":"43635307","top":30735.1953125,"bottom":31338.53125,"right":263,"left":16,"width":247,"height":603.3359375},{"identifier":"49146133","top":31338.53125,"bottom":32488.8671875,"right":263,"left":16,"width":247,"height":1150.3359375},{"identifier":"26650562","top":32488.8671875,"bottom":33432.203125,"right":263,"left":16,"width":247,"height":943.3359375},{"identifier":"28247369","top":33432.203125,"bottom":33839.0390625,"right":263,"left":16,"width":247,"height":406.8359375},{"identifier":"36379158","top":33839.0390625,"bottom":35510.875,"right":263,"left":16,"width":247,"height":1671.8359375}]}},{"timestamp":"2022-11-24T03:27:23.201Z","url":"https://stackoverflow.com/questions/979256/sorting-an-array-of-objects-by-property-values","component":"page","action":"scroll","data":{"viewport":{"x":0,"y":500,"height":844,"width":296},"document":{"height":39301,"width":279},"question":{"identifier":"979256","top":-305.7265625,"bottom":979.2265625,"right":263,"left":16,"width":247,"height":1284.953125},"answers":[{"identifier":"979289","top":1096.5078125,"bottom":3226.2890625,"right":263,"left":16,"width":247,"height":2129.78125},{"identifier":"979325","top":3226.2890625,"bottom":5076.1015625,"right":263,"left":16,"width":247,"height":1849.8125},{"identifier":"979278","top":5076.1015625,"bottom":6096.75,"right":263,"left":16,"width":247,"height":1020.6484375},{"identifier":"19970578","top":6096.75,"bottom":7163.234375,"right":263,"left":16,"width":247,"height":1066.484375},{"identifier":"40796335","top":7163.234375,"bottom":8364.5703125,"right":263,"left":16,"width":247,"height":1201.3359375},{"identifier":"26762192","top":8364.5703125,"bottom":11566.53125,"right":263,"left":16,"width":247,"height":3201.9609375},{"identifier":"979295","top":11566.53125,"bottom":12331.5546875,"right":263,"left":16,"width":247,"height":765.0234375},{"identifier":"37440769","top":12331.5546875,"bottom":13452.484375,"right":263,"left":16,"width":247,"height":1120.9296875},{"identifier":"54346678","top":13452.484375,"bottom":14148.46875,"right":263,"left":16,"width":247,"height":695.984375},{"identifier":"60641752","top":14148.46875,"bottom":14921.84375,"right":263,"left":16,"width":247,"height":773.375},{"identifier":"45534960","top":14921.84375,"bottom":16017.9609375,"right":263,"left":16,"width":247,"height":1096.1171875},{"identifier":"56594176","top":16017.9609375,"bottom":16471.296875,"right":263,"left":16,"width":247,"height":453.3359375},{"identifier":"50652203","top":16471.296875,"bottom":18522.1328125,"right":263,"left":16,"width":247,"height":2050.8359375},{"identifier":"21399152","top":18522.1328125,"bottom":19880.984375,"right":263,"left":16,"width":247,"height":1358.8515625},{"identifier":"20421221","top":19880.984375,"bottom":21618.3203125,"right":263,"left":16,"width":247,"height":1737.3359375},{"identifier":"979296","top":21618.3203125,"bottom":22176.65625,"right":263,"left":16,"width":247,"height":558.3359375},{"identifier":"25624937","top":22176.65625,"bottom":23150.9921875,"right":263,"left":16,"width":247,"height":974.3359375},{"identifier":"32773923","top":23150.9921875,"bottom":25054.5859375,"right":263,"left":16,"width":247,"height":1903.59375},{"identifier":"38585024","top":25054.5859375,"bottom":25426.421875,"right":263,"left":16,"width":247,"height":371.8359375},{"identifier":"48662313","top":25426.421875,"bottom":26412.2578125,"right":263,"left":16,"width":247,"height":985.8359375},{"identifier":"66636162","top":26412.2578125,"bottom":27814.34375,"right":263,"left":16,"width":247,"height":1402.0859375},{"identifier":"72601832","top":27814.34375,"bottom":28420.6796875,"right":263,"left":16,"width":247,"height":606.3359375},{"identifier":"30066050","top":28420.6796875,"bottom":28838.015625,"right":263,"left":16,"width":247,"height":417.3359375},{"identifier":"42100506","top":28838.015625,"bottom":30598.671875,"right":263,"left":16,"width":247,"height":1760.65625},{"identifier":"55088845","top":30598.671875,"bottom":31535.1953125,"right":263,"left":16,"width":247,"height":936.5234375},{"identifier":"43635307","top":31535.1953125,"bottom":32138.53125,"right":263,"left":16,"width":247,"height":603.3359375},{"identifier":"49146133","top":32138.53125,"bottom":33288.8671875,"right":263,"left":16,"width":247,"height":1150.3359375},{"identifier":"26650562","top":33288.8671875,"bottom":34232.203125,"right":263,"left":16,"width":247,"height":943.3359375},{"identifier":"28247369","top":34232.203125,"bottom":34639.0390625,"right":263,"left":16,"width":247,"height":406.8359375},{"identifier":"36379158","top":34639.0390625,"bottom":36310.875,"right":263,"left":16,"width":247,"height":1671.8359375}]}},{"timestamp":"2022-11-24T03:27:23.819Z","url":"https://stackoverflow.com/questions/979256/sorting-an-array-of-objects-by-property-values","component":"page","action":"scroll","data":{"viewport":{"x":0,"y":100,"height":844,"width":296},"document":{"height":39301,"width":279},"question":{"identifier":"979256","top":94.2734375,"bottom":1379.2265625,"right":263,"left":16,"width":247,"height":1284.953125},"answers":[{"identifier":"979289","top":1496.5078125,"bottom":3626.2890625,"right":263,"left":16,"width":247,"height":2129.78125},{"identifier":"979325","top":3626.2890625,"bottom":5476.1015625,"right":263,"left":16,"width":247,"height":1849.8125},{"identifier":"979278","top":5476.1015625,"bottom":6496.75,"right":263,"left":16,"width":247,"height":1020.6484375},{"identifier":"19970578","top":6496.75,"bottom":7563.234375,"right":263,"left":16,"width":247,"height":1066.484375},{"identifier":"40796335","top":7563.234375,"bottom":8764.5703125,"right":263,"left":16,"width":247,"height":1201.3359375},{"identifier":"26762192","top":8764.5703125,"bottom":11966.53125,"right":263,"left":16,"width":247,"height":3201.9609375},{"identifier":"979295","top":11966.53125,"bottom":12731.5546875,"right":263,"left":16,"width":247,"height":765.0234375},{"identifier":"37440769","top":12731.5546875,"bottom":13852.484375,"right":263,"left":16,"width":247,"height":1120.9296875},{"identifier":"54346678","top":13852.484375,"bottom":14548.46875,"right":263,"left":16,"width":247,"height":695.984375},{"identifier":"60641752","top":14548.46875,"bottom":15321.84375,"right":263,"left":16,"width":247,"height":773.375},{"identifier":"45534960","top":15321.84375,"bottom":16417.9609375,"right":263,"left":16,"width":247,"height":1096.1171875},{"identifier":"56594176","top":16417.9609375,"bottom":16871.296875,"right":263,"left":16,"width":247,"height":453.3359375},{"identifier":"50652203","top":16871.296875,"bottom":18922.1328125,"right":263,"left":16,"width":247,"height":2050.8359375},{"identifier":"21399152","top":18922.1328125,"bottom":20280.984375,"right":263,"left":16,"width":247,"height":1358.8515625},{"identifier":"20421221","top":20280.984375,"bottom":22018.3203125,"right":263,"left":16,"width":247,"height":1737.3359375},{"identifier":"979296","top":22018.3203125,"bottom":22576.65625,"right":263,"left":16,"width":247,"height":558.3359375},{"identifier":"25624937","top":22576.65625,"bottom":23550.9921875,"right":263,"left":16,"width":247,"height":974.3359375},{"identifier":"32773923","top":23550.9921875,"bottom":25454.5859375,"right":263,"left":16,"width":247,"height":1903.59375},{"identifier":"38585024","top":25454.5859375,"bottom":25826.421875,"right":263,"left":16,"width":247,"height":371.8359375},{"identifier":"48662313","top":25826.421875,"bottom":26812.2578125,"right":263,"left":16,"width":247,"height":985.8359375},{"identifier":"66636162","top":26812.2578125,"bottom":28214.34375,"right":263,"left":16,"width":247,"height":1402.0859375},{"identifier":"72601832","top":28214.34375,"bottom":28820.6796875,"right":263,"left":16,"width":247,"height":606.3359375},{"identifier":"30066050","top":28820.6796875,"bottom":29238.015625,"right":263,"left":16,"width":247,"height":417.3359375},{"identifier":"42100506","top":29238.015625,"bottom":30998.671875,"right":263,"left":16,"width":247,"height":1760.65625},{"identifier":"55088845","top":30998.671875,"bottom":31935.1953125,"right":263,"left":16,"width":247,"height":936.5234375},{"identifier":"43635307","top":31935.1953125,"bottom":32538.53125,"right":263,"left":16,"width":247,"height":603.3359375},{"identifier":"49146133","top":32538.53125,"bottom":33688.8671875,"right":263,"left":16,"width":247,"height":1150.3359375},{"identifier":"26650562","top":33688.8671875,"bottom":34632.203125,"right":263,"left":16,"width":247,"height":943.3359375},{"identifier":"28247369","top":34632.203125,"bottom":35039.0390625,"right":263,"left":16,"width":247,"height":406.8359375},{"identifier":"36379158","top":35039.0390625,"bottom":36710.875,"right":263,"left":16,"width":247,"height":1671.8359375}]}},{"timestamp":"2022-11-24T03:27:26.646Z","url":"https://stackoverflow.com/questions/979256/sorting-an-array-of-objects-by-property-values","component":"page","action":"scroll","data":{"viewport":{"x":0,"y":0,"height":844,"width":296},"document":{"height":39301,"width":279},"question":{"identifier":"979256","top":194.2734375,"bottom":1479.2265625,"right":263,"left":16,"width":247,"height":1284.953125},"answers":[{"identifier":"979289","top":1596.5078125,"bottom":3726.2890625,"right":263,"left":16,"width":247,"height":2129.78125},{"identifier":"979325","top":3726.2890625,"bottom":5576.1015625,"right":263,"left":16,"width":247,"height":1849.8125},{"identifier":"979278","top":5576.1015625,"bottom":6596.75,"right":263,"left":16,"width":247,"height":1020.6484375},{"identifier":"19970578","top":6596.75,"bottom":7663.234375,"right":263,"left":16,"width":247,"height":1066.484375},{"identifier":"40796335","top":7663.234375,"bottom":8864.5703125,"right":263,"left":16,"width":247,"height":1201.3359375},{"identifier":"26762192","top":8864.5703125,"bottom":12066.53125,"right":263,"left":16,"width":247,"height":3201.9609375},{"identifier":"979295","top":12066.53125,"bottom":12831.5546875,"right":263,"left":16,"width":247,"height":765.0234375},{"identifier":"37440769","top":12831.5546875,"bottom":13952.484375,"right":263,"left":16,"width":247,"height":1120.9296875},{"identifier":"54346678","top":13952.484375,"bottom":14648.46875,"right":263,"left":16,"width":247,"height":695.984375},{"identifier":"60641752","top":14648.46875,"bottom":15421.84375,"right":263,"left":16,"width":247,"height":773.375},{"identifier":"45534960","top":15421.84375,"bottom":16517.9609375,"right":263,"left":16,"width":247,"height":1096.1171875},{"identifier":"56594176","top":16517.9609375,"bottom":16971.296875,"right":263,"left":16,"width":247,"height":453.3359375},{"identifier":"50652203","top":16971.296875,"bottom":19022.1328125,"right":263,"left":16,"width":247,"height":2050.8359375},{"identifier":"21399152","top":19022.1328125,"bottom":20380.984375,"right":263,"left":16,"width":247,"height":1358.8515625},{"identifier":"20421221","top":20380.984375,"bottom":22118.3203125,"right":263,"left":16,"width":247,"height":1737.3359375},{"identifier":"979296","top":22118.3203125,"bottom":22676.65625,"right":263,"left":16,"width":247,"height":558.3359375},{"identifier":"25624937","top":22676.65625,"bottom":23650.9921875,"right":263,"left":16,"width":247,"height":974.3359375},{"identifier":"32773923","top":23650.9921875,"bottom":25554.5859375,"right":263,"left":16,"width":247,"height":1903.59375},{"identifier":"38585024","top":25554.5859375,"bottom":25926.421875,"right":263,"left":16,"width":247,"height":371.8359375},{"identifier":"48662313","top":25926.421875,"bottom":26912.2578125,"right":263,"left":16,"width":247,"height":985.8359375},{"identifier":"66636162","top":26912.2578125,"bottom":28314.34375,"right":263,"left":16,"width":247,"height":1402.0859375},{"identifier":"72601832","top":28314.34375,"bottom":28920.6796875,"right":263,"left":16,"width":247,"height":606.3359375},{"identifier":"30066050","top":28920.6796875,"bottom":29338.015625,"right":263,"left":16,"width":247,"height":417.3359375},{"identifier":"42100506","top":29338.015625,"bottom":31098.671875,"right":263,"left":16,"width":247,"height":1760.65625},{"identifier":"55088845","top":31098.671875,"bottom":32035.1953125,"right":263,"left":16,"width":247,"height":936.5234375},{"identifier":"43635307","top":32035.1953125,"bottom":32638.53125,"right":263,"left":16,"width":247,"height":603.3359375},{"identifier":"49146133","top":32638.53125,"bottom":33788.8671875,"right":263,"left":16,"width":247,"height":1150.3359375},{"identifier":"26650562","top":33788.8671875,"bottom":34732.203125,"right":263,"left":16,"width":247,"height":943.3359375},{"identifier":"28247369","top":34732.203125,"bottom":35139.0390625,"right":263,"left":16,"width":247,"height":406.8359375},{"identifier":"36379158","top":35139.0390625,"bottom":36810.875,"right":263,"left":16,"width":247,"height":1671.8359375}]}},{"timestamp":"2022-11-24T03:27:28.192Z","url":"https://stackoverflow.com/questions/979256/sorting-an-array-of-objects-by-property-values","component":"page","action":"scroll","data":{"viewport":{"x":0,"y":400,"height":844,"width":296},"document":{"height":39301,"width":279},"question":{"identifier":"979256","top":-205.7265625,"bottom":1079.2265625,"right":263,"left":16,"width":247,"height":1284.953125},"answers":[{"identifier":"979289","top":1196.5078125,"bottom":3326.2890625,"right":263,"left":16,"width":247,"height":2129.78125},{"identifier":"979325","top":3326.2890625,"bottom":5176.1015625,"right":263,"left":16,"width":247,"height":1849.8125},{"identifier":"979278","top":5176.1015625,"bottom":6196.75,"right":263,"left":16,"width":247,"height":1020.6484375},{"identifier":"19970578","top":6196.75,"bottom":7263.234375,"right":263,"left":16,"width":247,"height":1066.484375},{"identifier":"40796335","top":7263.234375,"bottom":8464.5703125,"right":263,"left":16,"width":247,"height":1201.3359375},{"identifier":"26762192","top":8464.5703125,"bottom":11666.53125,"right":263,"left":16,"width":247,"height":3201.9609375},{"identifier":"979295","top":11666.53125,"bottom":12431.5546875,"right":263,"left":16,"width":247,"height":765.0234375},{"identifier":"37440769","top":12431.5546875,"bottom":13552.484375,"right":263,"left":16,"width":247,"height":1120.9296875},{"identifier":"54346678","top":13552.484375,"bottom":14248.46875,"right":263,"left":16,"width":247,"height":695.984375},{"identifier":"60641752","top":14248.46875,"bottom":15021.84375,"right":263,"left":16,"width":247,"height":773.375},{"identifier":"45534960","top":15021.84375,"bottom":16117.9609375,"right":263,"left":16,"width":247,"height":1096.1171875},{"identifier":"56594176","top":16117.9609375,"bottom":16571.296875,"right":263,"left":16,"width":247,"height":453.3359375},{"identifier":"50652203","top":16571.296875,"bottom":18622.1328125,"right":263,"left":16,"width":247,"height":2050.8359375},{"identifier":"21399152","top":18622.1328125,"bottom":19980.984375,"right":263,"left":16,"width":247,"height":1358.8515625},{"identifier":"20421221","top":19980.984375,"bottom":21718.3203125,"right":263,"left":16,"width":247,"height":1737.3359375},{"identifier":"979296","top":21718.3203125,"bottom":22276.65625,"right":263,"left":16,"width":247,"height":558.3359375},{"identifier":"25624937","top":22276.65625,"bottom":23250.9921875,"right":263,"left":16,"width":247,"height":974.3359375},{"identifier":"32773923","top":23250.9921875,"bottom":25154.5859375,"right":263,"left":16,"width":247,"height":1903.59375},{"identifier":"38585024","top":25154.5859375,"bottom":25526.421875,"right":263,"left":16,"width":247,"height":371.8359375},{"identifier":"48662313","top":25526.421875,"bottom":26512.2578125,"right":263,"left":16,"width":247,"height":985.8359375},{"identifier":"66636162","top":26512.2578125,"bottom":27914.34375,"right":263,"left":16,"width":247,"height":1402.0859375},{"identifier":"72601832","top":27914.34375,"bottom":28520.6796875,"right":263,"left":16,"width":247,"height":606.3359375},{"identifier":"30066050","top":28520.6796875,"bottom":28938.015625,"right":263,"left":16,"width":247,"height":417.3359375},{"identifier":"42100506","top":28938.015625,"bottom":30698.671875,"right":263,"left":16,"width":247,"height":1760.65625},{"identifier":"55088845","top":30698.671875,"bottom":31635.1953125,"right":263,"left":16,"width":247,"height":936.5234375},{"identifier":"43635307","top":31635.1953125,"bottom":32238.53125,"right":263,"left":16,"width":247,"height":603.3359375},{"identifier":"49146133","top":32238.53125,"bottom":33388.8671875,"right":263,"left":16,"width":247,"height":1150.3359375},{"identifier":"26650562","top":33388.8671875,"bottom":34332.203125,"right":263,"left":16,"width":247,"height":943.3359375},{"identifier":"28247369","top":34332.203125,"bottom":34739.0390625,"right":263,"left":16,"width":247,"height":406.8359375},{"identifier":"36379158","top":34739.0390625,"bottom":36410.875,"right":263,"left":16,"width":247,"height":1671.8359375}]}},{"timestamp":"2022-11-24T03:27:32.042Z","url":"https://stackoverflow.com/questions/979256/sorting-an-array-of-objects-by-property-values","component":"page","action":"scroll","data":{"viewport":{"x":0,"y":1200,"height":844,"width":296},"document":{"height":39301,"width":279},"question":{"identifier":"979256","top":-1005.7265625,"bottom":279.2265625,"right":263,"left":16,"width":247,"height":1284.953125},"answers":[{"identifier":"979289","top":396.5078125,"bottom":2526.2890625,"right":263,"left":16,"width":247,"height":2129.78125},{"identifier":"979325","top":2526.2890625,"bottom":4376.1015625,"right":263,"left":16,"width":247,"height":1849.8125},{"identifier":"979278","top":4376.1015625,"bottom":5396.75,"right":263,"left":16,"width":247,"height":1020.6484375},{"identifier":"19970578","top":5396.75,"bottom":6463.234375,"right":263,"left":16,"width":247,"height":1066.484375},{"identifier":"40796335","top":6463.234375,"bottom":7664.5703125,"right":263,"left":16,"width":247,"height":1201.3359375},{"identifier":"26762192","top":7664.5703125,"bottom":10866.53125,"right":263,"left":16,"width":247,"height":3201.9609375},{"identifier":"979295","top":10866.53125,"bottom":11631.5546875,"right":263,"left":16,"width":247,"height":765.0234375},{"identifier":"37440769","top":11631.5546875,"bottom":12752.484375,"right":263,"left":16,"width":247,"height":1120.9296875},{"identifier":"54346678","top":12752.484375,"bottom":13448.46875,"right":263,"left":16,"width":247,"height":695.984375},{"identifier":"60641752","top":13448.46875,"bottom":14221.84375,"right":263,"left":16,"width":247,"height":773.375},{"identifier":"45534960","top":14221.84375,"bottom":15317.9609375,"right":263,"left":16,"width":247,"height":1096.1171875},{"identifier":"56594176","top":15317.9609375,"bottom":15771.296875,"right":263,"left":16,"width":247,"height":453.3359375},{"identifier":"50652203","top":15771.296875,"bottom":17822.1328125,"right":263,"left":16,"width":247,"height":2050.8359375},{"identifier":"21399152","top":17822.1328125,"bottom":19180.984375,"right":263,"left":16,"width":247,"height":1358.8515625},{"identifier":"20421221","top":19180.984375,"bottom":20918.3203125,"right":263,"left":16,"width":247,"height":1737.3359375},{"identifier":"979296","top":20918.3203125,"bottom":21476.65625,"right":263,"left":16,"width":247,"height":558.3359375},{"identifier":"25624937","top":21476.65625,"bottom":22450.9921875,"right":263,"left":16,"width":247,"height":974.3359375},{"identifier":"32773923","top":22450.9921875,"bottom":24354.5859375,"right":263,"left":16,"width":247,"height":1903.59375},{"identifier":"38585024","top":24354.5859375,"bottom":24726.421875,"right":263,"left":16,"width":247,"height":371.8359375},{"identifier":"48662313","top":24726.421875,"bottom":25712.2578125,"right":263,"left":16,"width":247,"height":985.8359375},{"identifier":"66636162","top":25712.2578125,"bottom":27114.34375,"right":263,"left":16,"width":247,"height":1402.0859375},{"identifier":"72601832","top":27114.34375,"bottom":27720.6796875,"right":263,"left":16,"width":247,"height":606.3359375},{"identifier":"30066050","top":27720.6796875,"bottom":28138.015625,"right":263,"left":16,"width":247,"height":417.3359375},{"identifier":"42100506","top":28138.015625,"bottom":29898.671875,"right":263,"left":16,"width":247,"height":1760.65625},{"identifier":"55088845","top":29898.671875,"bottom":30835.1953125,"right":263,"left":16,"width":247,"height":936.5234375},{"identifier":"43635307","top":30835.1953125,"bottom":31438.53125,"right":263,"left":16,"width":247,"height":603.3359375},{"identifier":"49146133","top":31438.53125,"bottom":32588.8671875,"right":263,"left":16,"width":247,"height":1150.3359375},{"identifier":"26650562","top":32588.8671875,"bottom":33532.203125,"right":263,"left":16,"width":247,"height":943.3359375},{"identifier":"28247369","top":33532.203125,"bottom":33939.0390625,"right":263,"left":16,"width":247,"height":406.8359375},{"identifier":"36379158","top":33939.0390625,"bottom":35610.875,"right":263,"left":16,"width":247,"height":1671.8359375}]}},{"timestamp":"2022-11-24T03:27:32.944Z","url":"https://stackoverflow.com/questions/979256/sorting-an-array-of-objects-by-property-values","component":"page","action":"scroll","data":{"viewport":{"x":0,"y":1400,"height":844,"width":296},"document":{"height":39301,"width":279},"question":{"identifier":"979256","top":-1205.7265625,"bottom":79.2265625,"right":263,"left":16,"width":247,"height":1284.953125},"answers":[{"identifier":"979289","top":196.5078125,"bottom":2326.2890625,"right":263,"left":16,"width":247,"height":2129.78125},{"identifier":"979325","top":2326.2890625,"bottom":4176.1015625,"right":263,"left":16,"width":247,"height":1849.8125},{"identifier":"979278","top":4176.1015625,"bottom":5196.75,"right":263,"left":16,"width":247,"height":1020.6484375},{"identifier":"19970578","top":5196.75,"bottom":6263.234375,"right":263,"left":16,"width":247,"height":1066.484375},{"identifier":"40796335","top":6263.234375,"bottom":7464.5703125,"right":263,"left":16,"width":247,"height":1201.3359375},{"identifier":"26762192","top":7464.5703125,"bottom":10666.53125,"right":263,"left":16,"width":247,"height":3201.9609375},{"identifier":"979295","top":10666.53125,"bottom":11431.5546875,"right":263,"left":16,"width":247,"height":765.0234375},{"identifier":"37440769","top":11431.5546875,"bottom":12552.484375,"right":263,"left":16,"width":247,"height":1120.9296875},{"identifier":"54346678","top":12552.484375,"bottom":13248.46875,"right":263,"left":16,"width":247,"height":695.984375},{"identifier":"60641752","top":13248.46875,"bottom":14021.84375,"right":263,"left":16,"width":247,"height":773.375},{"identifier":"45534960","top":14021.84375,"bottom":15117.9609375,"right":263,"left":16,"width":247,"height":1096.1171875},{"identifier":"56594176","top":15117.9609375,"bottom":15571.296875,"right":263,"left":16,"width":247,"height":453.3359375},{"identifier":"50652203","top":15571.296875,"bottom":17622.1328125,"right":263,"left":16,"width":247,"height":2050.8359375},{"identifier":"21399152","top":17622.1328125,"bottom":18980.984375,"right":263,"left":16,"width":247,"height":1358.8515625},{"identifier":"20421221","top":18980.984375,"bottom":20718.3203125,"right":263,"left":16,"width":247,"height":1737.3359375},{"identifier":"979296","top":20718.3203125,"bottom":21276.65625,"right":263,"left":16,"width":247,"height":558.3359375},{"identifier":"25624937","top":21276.65625,"bottom":22250.9921875,"right":263,"left":16,"width":247,"height":974.3359375},{"identifier":"32773923","top":22250.9921875,"bottom":24154.5859375,"right":263,"left":16,"width":247,"height":1903.59375},{"identifier":"38585024","top":24154.5859375,"bottom":24526.421875,"right":263,"left":16,"width":247,"height":371.8359375},{"identifier":"48662313","top":24526.421875,"bottom":25512.2578125,"right":263,"left":16,"width":247,"height":985.8359375},{"identifier":"66636162","top":25512.2578125,"bottom":26914.34375,"right":263,"left":16,"width":247,"height":1402.0859375},{"identifier":"72601832","top":26914.34375,"bottom":27520.6796875,"right":263,"left":16,"width":247,"height":606.3359375},{"identifier":"30066050","top":27520.6796875,"bottom":27938.015625,"right":263,"left":16,"width":247,"height":417.3359375},{"identifier":"42100506","top":27938.015625,"bottom":29698.671875,"right":263,"left":16,"width":247,"height":1760.65625},{"identifier":"55088845","top":29698.671875,"bottom":30635.1953125,"right":263,"left":16,"width":247,"height":936.5234375},{"identifier":"43635307","top":30635.1953125,"bottom":31238.53125,"right":263,"left":16,"width":247,"height":603.3359375},{"identifier":"49146133","top":31238.53125,"bottom":32388.8671875,"right":263,"left":16,"width":247,"height":1150.3359375},{"identifier":"26650562","top":32388.8671875,"bottom":33332.203125,"right":263,"left":16,"width":247,"height":943.3359375},{"identifier":"28247369","top":33332.203125,"bottom":33739.0390625,"right":263,"left":16,"width":247,"height":406.8359375},{"identifier":"36379158","top":33739.0390625,"bottom":35410.875,"right":263,"left":16,"width":247,"height":1671.8359375}]}},{"timestamp":"2022-11-24T03:28:37.783Z","url":"https://stackoverflow.com/questions/979256/sorting-an-array-of-objects-by-property-values","component":"page","action":"scroll","data":{"viewport":{"x":0,"y":1600,"height":844,"width":296},"document":{"height":39301,"width":279},"question":{"identifier":"979256","top":-1405.7265625,"bottom":-120.7734375,"right":263,"left":16,"width":247,"height":1284.953125},"answers":[{"identifier":"979289","top":-3.4921875,"bottom":2126.2890625,"right":263,"left":16,"width":247,"height":2129.78125},{"identifier":"979325","top":2126.2890625,"bottom":3976.1015625,"right":263,"left":16,"width":247,"height":1849.8125},{"identifier":"979278","top":3976.1015625,"bottom":4996.75,"right":263,"left":16,"width":247,"height":1020.6484375},{"identifier":"19970578","top":4996.75,"bottom":6063.234375,"right":263,"left":16,"width":247,"height":1066.484375},{"identifier":"40796335","top":6063.234375,"bottom":7264.5703125,"right":263,"left":16,"width":247,"height":1201.3359375},{"identifier":"26762192","top":7264.5703125,"bottom":10466.53125,"right":263,"left":16,"width":247,"height":3201.9609375},{"identifier":"979295","top":10466.53125,"bottom":11231.5546875,"right":263,"left":16,"width":247,"height":765.0234375},{"identifier":"37440769","top":11231.5546875,"bottom":12352.484375,"right":263,"left":16,"width":247,"height":1120.9296875},{"identifier":"54346678","top":12352.484375,"bottom":13048.46875,"right":263,"left":16,"width":247,"height":695.984375},{"identifier":"60641752","top":13048.46875,"bottom":13821.84375,"right":263,"left":16,"width":247,"height":773.375},{"identifier":"45534960","top":13821.84375,"bottom":14917.9609375,"right":263,"left":16,"width":247,"height":1096.1171875},{"identifier":"56594176","top":14917.9609375,"bottom":15371.296875,"right":263,"left":16,"width":247,"height":453.3359375},{"identifier":"50652203","top":15371.296875,"bottom":17422.1328125,"right":263,"left":16,"width":247,"height":2050.8359375},{"identifier":"21399152","top":17422.1328125,"bottom":18780.984375,"right":263,"left":16,"width":247,"height":1358.8515625},{"identifier":"20421221","top":18780.984375,"bottom":20518.3203125,"right":263,"left":16,"width":247,"height":1737.3359375},{"identifier":"979296","top":20518.3203125,"bottom":21076.65625,"right":263,"left":16,"width":247,"height":558.3359375},{"identifier":"25624937","top":21076.65625,"bottom":22050.9921875,"right":263,"left":16,"width":247,"height":974.3359375},{"identifier":"32773923","top":22050.9921875,"bottom":23954.5859375,"right":263,"left":16,"width":247,"height":1903.59375},{"identifier":"38585024","top":23954.5859375,"bottom":24326.421875,"right":263,"left":16,"width":247,"height":371.8359375},{"identifier":"48662313","top":24326.421875,"bottom":25312.2578125,"right":263,"left":16,"width":247,"height":985.8359375},{"identifier":"66636162","top":25312.2578125,"bottom":26714.34375,"right":263,"left":16,"width":247,"height":1402.0859375},{"identifier":"72601832","top":26714.34375,"bottom":27320.6796875,"right":263,"left":16,"width":247,"height":606.3359375},{"identifier":"30066050","top":27320.6796875,"bottom":27738.015625,"right":263,"left":16,"width":247,"height":417.3359375},{"identifier":"42100506","top":27738.015625,"bottom":29498.671875,"right":263,"left":16,"width":247,"height":1760.65625},{"identifier":"55088845","top":29498.671875,"bottom":30435.1953125,"right":263,"left":16,"width":247,"height":936.5234375},{"identifier":"43635307","top":30435.1953125,"bottom":31038.53125,"right":263,"left":16,"width":247,"height":603.3359375},{"identifier":"49146133","top":31038.53125,"bottom":32188.8671875,"right":263,"left":16,"width":247,"height":1150.3359375},{"identifier":"26650562","top":32188.8671875,"bottom":33132.203125,"right":263,"left":16,"width":247,"height":943.3359375},{"identifier":"28247369","top":33132.203125,"bottom":33539.0390625,"right":263,"left":16,"width":247,"height":406.8359375},{"identifier":"36379158","top":33539.0390625,"bottom":35210.875,"right":263,"left":16,"width":247,"height":1671.8359375}]}}]}]}