{"trialId":"42904_3","taskId":"currency","appEvents":[{"timestamp":"2022-11-24T03:21:47.248Z","name":"resize","data":{"height":904,"width":300}},{"timestamp":"2022-11-24T03:21:47.913Z","name":"search","data":"search-start"},{"timestamp":"2022-11-24T03:21:49.131Z","name":"search","data":"search-done"},{"timestamp":"2022-11-24T03:26:12.235Z","name":"resize","data":{"height":0,"width":0}}],"searches":[{"keywords":["format","currency"],"context":{"tokens":[{"kind":"language","value":"javascript"}]},"timestamp":"2022-11-24T03:21:47.913Z","results":[{"signatures":[],"areSignaturesLoading":true,"title":"How to format numbers as currency strings - Stack Overflow","url":"https://stackoverflow.com/questions/149055/how-to-format-numbers-as-currency-strings","displayLink":"https://stackoverflow.com › questions › how-to-format-...","date":"Sep 29, 2008","snippet":"All you need is to add the currency symbol (e.g. \"$\" + profits.toFixed(2) ) and you will have your amount in dollars. Custom function. If you ...","snippetHighlightWords":["currency"]},{"signatures":[],"areSignaturesLoading":true,"title":"How to format numbers as currency strings - Stack Overflow","url":"https://stackoverflow.com/questions/149055/how-to-format-numbers-as-currency-strings/5681208","displayLink":"https://stackoverflow.com › questions › how-to-format-...","date":"66 answers","snippet":"I found this from: accounting.js. It's very easy and perfectly fits my need. // Default usage: accounting.formatMoney(12345678); // $12,345,678.00 ...","snippetHighlightWords":["js"]},{"signatures":[],"areSignaturesLoading":true,"title":"How do I print currency format in JavaScript - Stack Overflow","url":"https://stackoverflow.com/questions/4022171/how-do-i-print-currency-format-in-javascript","displayLink":"https://stackoverflow.com › questions › how-do-i-print-...","snippet":"I am writing a function that takes the float price and returns the formatted currency value with currency code too. like fnPrice( 1001.01 ) should print $ ...","snippetHighlightWords":["currency","currency"]},{"signatures":[],"areSignaturesLoading":true,"title":"How to format currency in JavaScript? - Stack Overflow","url":"https://stackoverflow.com/questions/64297528/how-to-format-currency-in-javascript","displayLink":"https://stackoverflow.com › questions › how-to-format-...","date":"Oct 10, 2020","snippet":"I'm beginner in JavaScript and I'm rendering a list that contains some products. The product price format comes as follows: 3800 , 4000 , 11000 ...","snippetHighlightWords":["JavaScript","format"]},{"signatures":[],"areSignaturesLoading":true,"title":"How to format currency and time in javascript - Stack Overflow","url":"https://stackoverflow.com/questions/60689698/how-to-format-currency-and-time-in-javascript","displayLink":"https://stackoverflow.com › questions › how-to-format-...","date":"Mar 15, 2020","snippet":"To format as currency, you can use Intl.NumberFormat either with or without the currency symbol. It can be used via toLocaleString:.","snippetHighlightWords":["format","currency","currency"]},{"signatures":[],"areSignaturesLoading":true,"title":"Proper JS currency format with commas and decimals","url":"https://stackoverflow.com/questions/19664926/proper-js-currency-format-with-commas-and-decimals","displayLink":"https://stackoverflow.com › questions › proper-js-curre...","date":"Oct 29, 2013","snippet":"The value that you get from text fields is of type 'string'. When you do math on simple strings Javascript will automatically coerce them to ...","snippetHighlightWords":["Javascript"]},{"signatures":[],"areSignaturesLoading":true,"title":"Currency format in euro - javascript - Stack Overflow","url":"https://stackoverflow.com/questions/69668216/currency-format-in-euro","displayLink":"https://stackoverflow.com › questions › currency-forma...","snippet":"For your onChange event on the euro currency, you want to remove the . the same way you are removing the , for the dollars, ...","snippetHighlightWords":["currency"],"extensions":["Oct 21, 2021","1 answer"]},{"signatures":[],"areSignaturesLoading":true,"title":"Javascript Function to Format as Money - Stack Overflow","url":"https://stackoverflow.com/questions/40426965/javascript-function-to-format-as-money","displayLink":"https://stackoverflow.com › questions › javascript-funct...","date":"Nov 4, 2016","snippet":"String.prototype.formatMoney = function(places, symbol, thousand, decimal) { if((this).match(/^$/) && (this).indexOf(',') != -1 && (this)."},{"signatures":[],"areSignaturesLoading":true,"title":"Format currency in JavaScript removing .00 - Stack Overflow","url":"https://stackoverflow.com/questions/46235907/format-currency-in-javascript-removing-00","displayLink":"https://stackoverflow.com › questions › format-currenc...","date":"Sep 15, 2017","snippet":"NumberFormat has the more sensible behavior of rounding away from zero as opposed to other JavaScript methods like Math.round . For example, ...","snippetHighlightWords":["JavaScript"]},{"signatures":[],"areSignaturesLoading":true,"title":"Currency formatting using Intl.NumberFormat without currency ...","url":"https://stackoverflow.com/questions/68549027/currency-formatting-using-intl-numberformat-without-currency-symbol","displayLink":"https://stackoverflow.com › questions › currency-forma...","date":"Jul 27, 2021","snippet":"I am trying to use Intl as a default currency formatter and it is almost perfect. ... I find it bizarre that I spend over an hour looking for a ...","snippetHighlightWords":["currency formatter"]}],"events":[{"timestamp":"2022-11-24T03:21:47.958Z","url":"https://stackoverflow.com/questions/149055/how-to-format-numbers-as-currency-strings","component":"projection","action":"load","data":{"height":103.5,"width":265.625,"wc":27,"lc":1}},{"timestamp":"2022-11-24T03:21:47.959Z","url":"https://stackoverflow.com/questions/149055/how-to-format-numbers-as-currency-strings/5681208","component":"projection","action":"load","data":{"height":103.5,"width":260.6796875,"wc":20,"lc":1}},{"timestamp":"2022-11-24T03:21:47.959Z","url":"https://stackoverflow.com/questions/4022171/how-do-i-print-currency-format-in-javascript","component":"projection","action":"load","data":{"height":81.5,"width":268.109375,"wc":28,"lc":1}},{"timestamp":"2022-11-24T03:21:47.959Z","url":"https://stackoverflow.com/questions/64297528/how-to-format-currency-in-javascript","component":"projection","action":"load","data":{"height":103.5,"width":268.4296875,"wc":26,"lc":1}},{"timestamp":"2022-11-24T03:21:47.959Z","url":"https://stackoverflow.com/questions/60689698/how-to-format-currency-and-time-in-javascript","component":"projection","action":"load","data":{"height":81.5,"width":267.8828125,"wc":21,"lc":1}},{"timestamp":"2022-11-24T03:21:47.959Z","url":"https://stackoverflow.com/questions/19664926/proper-js-currency-format-with-commas-and-decimals","component":"projection","action":"load","data":{"height":81.5,"width":269.828125,"wc":26,"lc":1}},{"timestamp":"2022-11-24T03:21:47.959Z","url":"https://stackoverflow.com/questions/69668216/currency-format-in-euro","component":"projection","action":"load","data":{"height":81.5,"width":253.6875,"wc":26,"lc":1}},{"timestamp":"2022-11-24T03:21:47.959Z","url":"https://stackoverflow.com/questions/40426965/javascript-function-to-format-as-money","component":"projection","action":"load","data":{"height":81.5,"width":218.96875,"wc":14,"lc":1}},{"timestamp":"2022-11-24T03:21:47.959Z","url":"https://stackoverflow.com/questions/46235907/format-currency-in-javascript-removing-00","component":"projection","action":"load","data":{"height":81.5,"width":266.4296875,"wc":23,"lc":1}},{"timestamp":"2022-11-24T03:21:47.960Z","url":"https://stackoverflow.com/questions/68549027/currency-formatting-using-intl-numberformat-without-currency-symbol","component":"projection","action":"load","data":{"height":81.5,"width":271.9921875,"wc":31,"lc":1}},{"timestamp":"2022-11-24T03:21:48.367Z","url":"https://stackoverflow.com/questions/149055/how-to-format-numbers-as-currency-strings/5681208","component":"projection","action":"mouseenter"},{"timestamp":"2022-11-24T03:21:48.416Z","url":"https://stackoverflow.com/questions/149055/how-to-format-numbers-as-currency-strings/5681208","component":"projection","action":"mouseleave"},{"timestamp":"2022-11-24T03:21:48.419Z","url":"https://stackoverflow.com/questions/4022171/how-do-i-print-currency-format-in-javascript","component":"projection","action":"mouseenter"},{"timestamp":"2022-11-24T03:21:48.860Z","url":"https://stackoverflow.com/questions/4022171/how-do-i-print-currency-format-in-javascript","component":"projection","action":"mouseleave"},{"timestamp":"2022-11-24T03:21:48.860Z","url":"https://stackoverflow.com/questions/149055/how-to-format-numbers-as-currency-strings/5681208","component":"projection","action":"mouseenter"},{"timestamp":"2022-11-24T03:21:49.131Z","url":"https://stackoverflow.com/questions/149055/how-to-format-numbers-as-currency-strings","component":"projection","action":"loaded","data":"projection 10 of 10"},{"timestamp":"2022-11-24T03:21:49.131Z","url":"https://stackoverflow.com/questions/149055/how-to-format-numbers-as-currency-strings/5681208","component":"projection","action":"loaded","data":"projection 9 of 10"},{"timestamp":"2022-11-24T03:21:49.131Z","url":"https://stackoverflow.com/questions/4022171/how-do-i-print-currency-format-in-javascript","component":"projection","action":"loaded","data":"projection 8 of 10"},{"timestamp":"2022-11-24T03:21:49.131Z","url":"https://stackoverflow.com/questions/64297528/how-to-format-currency-in-javascript","component":"projection","action":"loaded","data":"projection 7 of 10"},{"timestamp":"2022-11-24T03:21:49.131Z","url":"https://stackoverflow.com/questions/60689698/how-to-format-currency-and-time-in-javascript","component":"projection","action":"loaded","data":"projection 6 of 10"},{"timestamp":"2022-11-24T03:21:49.131Z","url":"https://stackoverflow.com/questions/19664926/proper-js-currency-format-with-commas-and-decimals","component":"projection","action":"loaded","data":"projection 5 of 10"},{"timestamp":"2022-11-24T03:21:49.131Z","url":"https://stackoverflow.com/questions/69668216/currency-format-in-euro","component":"projection","action":"loaded","data":"projection 4 of 10"},{"timestamp":"2022-11-24T03:21:49.131Z","url":"https://stackoverflow.com/questions/40426965/javascript-function-to-format-as-money","component":"projection","action":"loaded","data":"projection 3 of 10"},{"timestamp":"2022-11-24T03:21:49.131Z","url":"https://stackoverflow.com/questions/46235907/format-currency-in-javascript-removing-00","component":"projection","action":"loaded","data":"projection 2 of 10"},{"timestamp":"2022-11-24T03:21:49.131Z","url":"https://stackoverflow.com/questions/68549027/currency-formatting-using-intl-numberformat-without-currency-symbol","component":"projection","action":"loaded","data":"projection 1 of 10"},{"timestamp":"2022-11-24T03:21:50.211Z","url":"https://stackoverflow.com/questions/149055/how-to-format-numbers-as-currency-strings/5681208","component":"projection","action":"mouseleave"},{"timestamp":"2022-11-24T03:21:50.212Z","url":"https://stackoverflow.com/questions/149055/how-to-format-numbers-as-currency-strings","component":"projection","action":"mouseenter"},{"timestamp":"2022-11-24T03:21:51.400Z","url":"https://stackoverflow.com/questions/149055/how-to-format-numbers-as-currency-strings","component":"projection","action":"mouseleave"},{"timestamp":"2022-11-24T03:21:51.402Z","url":"https://stackoverflow.com/questions/149055/how-to-format-numbers-as-currency-strings/5681208","component":"projection","action":"mouseenter"},{"timestamp":"2022-11-24T03:21:52.777Z","url":"https://stackoverflow.com/questions/149055/how-to-format-numbers-as-currency-strings/5681208","component":"projection","action":"mouseleave"},{"timestamp":"2022-11-24T03:21:52.778Z","url":"https://stackoverflow.com/questions/149055/how-to-format-numbers-as-currency-strings","component":"projection","action":"mouseenter"},{"timestamp":"2022-11-24T03:21:54.025Z","url":"https://stackoverflow.com/questions/149055/how-to-format-numbers-as-currency-strings","component":"projection","action":"mouseleave"},{"timestamp":"2022-11-24T03:21:54.026Z","url":"https://stackoverflow.com/questions/149055/how-to-format-numbers-as-currency-strings/5681208","component":"projection","action":"mouseenter"},{"timestamp":"2022-11-24T03:21:54.192Z","url":"https://stackoverflow.com/questions/149055/how-to-format-numbers-as-currency-strings/5681208","component":"projection","action":"mouseleave"},{"timestamp":"2022-11-24T03:21:56.377Z","url":"https://stackoverflow.com/questions/149055/how-to-format-numbers-as-currency-strings/5681208","component":"projection","action":"mouseenter"},{"timestamp":"2022-11-24T03:21:56.392Z","url":"https://stackoverflow.com/questions/149055/how-to-format-numbers-as-currency-strings/5681208","component":"projection","action":"mouseleave"},{"timestamp":"2022-11-24T03:21:56.394Z","url":"https://stackoverflow.com/questions/149055/how-to-format-numbers-as-currency-strings","component":"projection","action":"mouseenter"},{"timestamp":"2022-11-24T03:22:05.582Z","url":"https://stackoverflow.com/questions/149055/how-to-format-numbers-as-currency-strings","component":"projection","action":"mouseleave"},{"timestamp":"2022-11-24T03:22:07.523Z","url":"https://stackoverflow.com/questions/149055/how-to-format-numbers-as-currency-strings","component":"projection","action":"mouseenter"},{"timestamp":"2022-11-24T03:22:08.730Z","url":"https://stackoverflow.com/questions/149055/how-to-format-numbers-as-currency-strings","component":"page","action":"open"},{"timestamp":"2022-11-24T03:22:08.766Z","url":"https://stackoverflow.com/questions/149055/how-to-format-numbers-as-currency-strings","component":"projection","action":"mouseleave"},{"timestamp":"2022-11-24T03:22:10.431Z","url":"https://stackoverflow.com/questions/149055/how-to-format-numbers-as-currency-strings","component":"page","action":"load"},{"timestamp":"2022-11-24T03:22:31.777Z","url":"https://stackoverflow.com/questions/149055/how-to-format-numbers-as-currency-strings","component":"page","action":"scroll","data":{"viewport":{"x":0,"y":400,"height":844,"width":296},"document":{"height":50673,"width":287},"question":{"identifier":"149055","top":-236.5625,"bottom":1529.375,"right":263,"left":16,"width":247,"height":1765.9375},"answers":[{"identifier":"16233919","top":1646.65625,"bottom":4933.6796875,"right":263,"left":16,"width":247,"height":3287.0234375},{"identifier":"149099","top":4933.6796875,"bottom":8800.9453125,"right":263,"left":16,"width":247,"height":3867.265625},{"identifier":"14428340","top":8800.9453125,"bottom":12181.578125,"right":263,"left":16,"width":247,"height":3380.6328125},{"identifier":"149107","top":12181.578125,"bottom":14436.8984375,"right":263,"left":16,"width":247,"height":2255.3203125},{"identifier":"2866613","top":14436.8984375,"bottom":17285.2890625,"right":263,"left":16,"width":247,"height":2848.390625},{"identifier":"26745078","top":17285.2890625,"bottom":18484.265625,"right":263,"left":16,"width":247,"height":1198.9765625},{"identifier":"7266497","top":18484.265625,"bottom":19516.546875,"right":263,"left":16,"width":247,"height":1032.28125},{"identifier":"9318724","top":19516.546875,"bottom":20831.5078125,"right":263,"left":16,"width":247,"height":1314.9609375},{"identifier":"5342097","top":20831.5078125,"bottom":22164.59375,"right":263,"left":16,"width":247,"height":1333.0859375},{"identifier":"18994850","top":22164.59375,"bottom":23671.8515625,"right":263,"left":16,"width":247,"height":1507.2578125},{"identifier":"9318723","top":23671.8515625,"bottom":24350.6171875,"right":263,"left":16,"width":247,"height":678.765625},{"identifier":"68536579","top":24350.6171875,"bottom":25020.3125,"right":263,"left":16,"width":247,"height":669.6953125},{"identifier":"149150","top":25020.3125,"bottom":26135.359375,"right":263,"left":16,"width":247,"height":1115.046875},{"identifier":"12698339","top":26135.359375,"bottom":27045.3828125,"right":263,"left":16,"width":247,"height":910.0234375},{"identifier":"40079019","top":27045.3828125,"bottom":29190.1640625,"right":263,"left":16,"width":247,"height":2144.78125},{"identifier":"6787083","top":29190.1640625,"bottom":30260.296875,"right":263,"left":16,"width":247,"height":1070.1328125},{"identifier":"6715476","top":30260.296875,"bottom":31392.3828125,"right":263,"left":16,"width":247,"height":1132.0859375},{"identifier":"8726353","top":31392.3828125,"bottom":31997.5,"right":263,"left":16,"width":247,"height":605.1171875},{"identifier":"11270819","top":31997.5,"bottom":33875.1015625,"right":263,"left":16,"width":247,"height":1877.6015625},{"identifier":"149080","top":33875.1015625,"bottom":34787.4140625,"right":263,"left":16,"width":247,"height":912.3125},{"identifier":"60877747","top":34787.4140625,"bottom":35312.4296875,"right":263,"left":16,"width":247,"height":525.015625},{"identifier":"1323064","top":35312.4296875,"bottom":37227.9375,"right":263,"left":16,"width":247,"height":1915.5078125},{"identifier":"10168573","top":37227.9375,"bottom":38147.640625,"right":263,"left":16,"width":247,"height":919.703125},{"identifier":"9327950","top":38147.640625,"bottom":38834.7109375,"right":263,"left":16,"width":247,"height":687.0703125},{"identifier":"149120","top":38834.7109375,"bottom":39576.40625,"right":263,"left":16,"width":247,"height":741.6953125},{"identifier":"12698442","top":39576.40625,"bottom":40111.7421875,"right":263,"left":16,"width":247,"height":535.3359375},{"identifier":"3284302","top":40111.7421875,"bottom":41570.25,"right":263,"left":16,"width":247,"height":1458.5078125},{"identifier":"14735423","top":41570.25,"bottom":42761.0859375,"right":263,"left":16,"width":247,"height":1190.8359375},{"identifier":"54274936","top":42761.0859375,"bottom":43325.1796875,"right":263,"left":16,"width":247,"height":564.09375},{"identifier":"23717185","top":43325.1796875,"bottom":47647.6015625,"right":263,"left":16,"width":247,"height":4322.421875}]}},{"timestamp":"2022-11-24T03:22:32.525Z","url":"https://stackoverflow.com/questions/149055/how-to-format-numbers-as-currency-strings","component":"page","action":"scroll","data":{"viewport":{"x":0,"y":0,"height":844,"width":296},"document":{"height":50673,"width":287},"question":{"identifier":"149055","top":163.4375,"bottom":1929.375,"right":263,"left":16,"width":247,"height":1765.9375},"answers":[{"identifier":"16233919","top":2046.65625,"bottom":5333.6796875,"right":263,"left":16,"width":247,"height":3287.0234375},{"identifier":"149099","top":5333.6796875,"bottom":9200.9453125,"right":263,"left":16,"width":247,"height":3867.265625},{"identifier":"14428340","top":9200.9453125,"bottom":12581.578125,"right":263,"left":16,"width":247,"height":3380.6328125},{"identifier":"149107","top":12581.578125,"bottom":14836.8984375,"right":263,"left":16,"width":247,"height":2255.3203125},{"identifier":"2866613","top":14836.8984375,"bottom":17685.2890625,"right":263,"left":16,"width":247,"height":2848.390625},{"identifier":"26745078","top":17685.2890625,"bottom":18884.265625,"right":263,"left":16,"width":247,"height":1198.9765625},{"identifier":"7266497","top":18884.265625,"bottom":19916.546875,"right":263,"left":16,"width":247,"height":1032.28125},{"identifier":"9318724","top":19916.546875,"bottom":21231.5078125,"right":263,"left":16,"width":247,"height":1314.9609375},{"identifier":"5342097","top":21231.5078125,"bottom":22564.59375,"right":263,"left":16,"width":247,"height":1333.0859375},{"identifier":"18994850","top":22564.59375,"bottom":24071.8515625,"right":263,"left":16,"width":247,"height":1507.2578125},{"identifier":"9318723","top":24071.8515625,"bottom":24750.6171875,"right":263,"left":16,"width":247,"height":678.765625},{"identifier":"68536579","top":24750.6171875,"bottom":25420.3125,"right":263,"left":16,"width":247,"height":669.6953125},{"identifier":"149150","top":25420.3125,"bottom":26535.359375,"right":263,"left":16,"width":247,"height":1115.046875},{"identifier":"12698339","top":26535.359375,"bottom":27445.3828125,"right":263,"left":16,"width":247,"height":910.0234375},{"identifier":"40079019","top":27445.3828125,"bottom":29590.1640625,"right":263,"left":16,"width":247,"height":2144.78125},{"identifier":"6787083","top":29590.1640625,"bottom":30660.296875,"right":263,"left":16,"width":247,"height":1070.1328125},{"identifier":"6715476","top":30660.296875,"bottom":31792.3828125,"right":263,"left":16,"width":247,"height":1132.0859375},{"identifier":"8726353","top":31792.3828125,"bottom":32397.5,"right":263,"left":16,"width":247,"height":605.1171875},{"identifier":"11270819","top":32397.5,"bottom":34275.1015625,"right":263,"left":16,"width":247,"height":1877.6015625},{"identifier":"149080","top":34275.1015625,"bottom":35187.4140625,"right":263,"left":16,"width":247,"height":912.3125},{"identifier":"60877747","top":35187.4140625,"bottom":35712.4296875,"right":263,"left":16,"width":247,"height":525.015625},{"identifier":"1323064","top":35712.4296875,"bottom":37627.9375,"right":263,"left":16,"width":247,"height":1915.5078125},{"identifier":"10168573","top":37627.9375,"bottom":38547.640625,"right":263,"left":16,"width":247,"height":919.703125},{"identifier":"9327950","top":38547.640625,"bottom":39234.7109375,"right":263,"left":16,"width":247,"height":687.0703125},{"identifier":"149120","top":39234.7109375,"bottom":39976.40625,"right":263,"left":16,"width":247,"height":741.6953125},{"identifier":"12698442","top":39976.40625,"bottom":40511.7421875,"right":263,"left":16,"width":247,"height":535.3359375},{"identifier":"3284302","top":40511.7421875,"bottom":41970.25,"right":263,"left":16,"width":247,"height":1458.5078125},{"identifier":"14735423","top":41970.25,"bottom":43161.0859375,"right":263,"left":16,"width":247,"height":1190.8359375},{"identifier":"54274936","top":43161.0859375,"bottom":43725.1796875,"right":263,"left":16,"width":247,"height":564.09375},{"identifier":"23717185","top":43725.1796875,"bottom":48047.6015625,"right":263,"left":16,"width":247,"height":4322.421875}]}},{"timestamp":"2022-11-24T03:22:34.223Z","url":"https://stackoverflow.com/questions/149055/how-to-format-numbers-as-currency-strings","component":"page","action":"scroll","data":{"viewport":{"x":0,"y":1100,"height":844,"width":296},"document":{"height":50673,"width":287},"question":{"identifier":"149055","top":-936.5625,"bottom":829.375,"right":263,"left":16,"width":247,"height":1765.9375},"answers":[{"identifier":"16233919","top":946.65625,"bottom":4233.6796875,"right":263,"left":16,"width":247,"height":3287.0234375},{"identifier":"149099","top":4233.6796875,"bottom":8100.9453125,"right":263,"left":16,"width":247,"height":3867.265625},{"identifier":"14428340","top":8100.9453125,"bottom":11481.578125,"right":263,"left":16,"width":247,"height":3380.6328125},{"identifier":"149107","top":11481.578125,"bottom":13736.8984375,"right":263,"left":16,"width":247,"height":2255.3203125},{"identifier":"2866613","top":13736.8984375,"bottom":16585.2890625,"right":263,"left":16,"width":247,"height":2848.390625},{"identifier":"26745078","top":16585.2890625,"bottom":17784.265625,"right":263,"left":16,"width":247,"height":1198.9765625},{"identifier":"7266497","top":17784.265625,"bottom":18816.546875,"right":263,"left":16,"width":247,"height":1032.28125},{"identifier":"9318724","top":18816.546875,"bottom":20131.5078125,"right":263,"left":16,"width":247,"height":1314.9609375},{"identifier":"5342097","top":20131.5078125,"bottom":21464.59375,"right":263,"left":16,"width":247,"height":1333.0859375},{"identifier":"18994850","top":21464.59375,"bottom":22971.8515625,"right":263,"left":16,"width":247,"height":1507.2578125},{"identifier":"9318723","top":22971.8515625,"bottom":23650.6171875,"right":263,"left":16,"width":247,"height":678.765625},{"identifier":"68536579","top":23650.6171875,"bottom":24320.3125,"right":263,"left":16,"width":247,"height":669.6953125},{"identifier":"149150","top":24320.3125,"bottom":25435.359375,"right":263,"left":16,"width":247,"height":1115.046875},{"identifier":"12698339","top":25435.359375,"bottom":26345.3828125,"right":263,"left":16,"width":247,"height":910.0234375},{"identifier":"40079019","top":26345.3828125,"bottom":28490.1640625,"right":263,"left":16,"width":247,"height":2144.78125},{"identifier":"6787083","top":28490.1640625,"bottom":29560.296875,"right":263,"left":16,"width":247,"height":1070.1328125},{"identifier":"6715476","top":29560.296875,"bottom":30692.3828125,"right":263,"left":16,"width":247,"height":1132.0859375},{"identifier":"8726353","top":30692.3828125,"bottom":31297.5,"right":263,"left":16,"width":247,"height":605.1171875},{"identifier":"11270819","top":31297.5,"bottom":33175.1015625,"right":263,"left":16,"width":247,"height":1877.6015625},{"identifier":"149080","top":33175.1015625,"bottom":34087.4140625,"right":263,"left":16,"width":247,"height":912.3125},{"identifier":"60877747","top":34087.4140625,"bottom":34612.4296875,"right":263,"left":16,"width":247,"height":525.015625},{"identifier":"1323064","top":34612.4296875,"bottom":36527.9375,"right":263,"left":16,"width":247,"height":1915.5078125},{"identifier":"10168573","top":36527.9375,"bottom":37447.640625,"right":263,"left":16,"width":247,"height":919.703125},{"identifier":"9327950","top":37447.640625,"bottom":38134.7109375,"right":263,"left":16,"width":247,"height":687.0703125},{"identifier":"149120","top":38134.7109375,"bottom":38876.40625,"right":263,"left":16,"width":247,"height":741.6953125},{"identifier":"12698442","top":38876.40625,"bottom":39411.7421875,"right":263,"left":16,"width":247,"height":535.3359375},{"identifier":"3284302","top":39411.7421875,"bottom":40870.25,"right":263,"left":16,"width":247,"height":1458.5078125},{"identifier":"14735423","top":40870.25,"bottom":42061.0859375,"right":263,"left":16,"width":247,"height":1190.8359375},{"identifier":"54274936","top":42061.0859375,"bottom":42625.1796875,"right":263,"left":16,"width":247,"height":564.09375},{"identifier":"23717185","top":42625.1796875,"bottom":46947.6015625,"right":263,"left":16,"width":247,"height":4322.421875}]}},{"timestamp":"2022-11-24T03:22:35.735Z","url":"https://stackoverflow.com/questions/149055/how-to-format-numbers-as-currency-strings","component":"page","action":"scroll","data":{"viewport":{"x":0,"y":200,"height":844,"width":296},"document":{"height":50673,"width":287},"question":{"identifier":"149055","top":-36.5625,"bottom":1729.375,"right":263,"left":16,"width":247,"height":1765.9375},"answers":[{"identifier":"16233919","top":1846.65625,"bottom":5133.6796875,"right":263,"left":16,"width":247,"height":3287.0234375},{"identifier":"149099","top":5133.6796875,"bottom":9000.9453125,"right":263,"left":16,"width":247,"height":3867.265625},{"identifier":"14428340","top":9000.9453125,"bottom":12381.578125,"right":263,"left":16,"width":247,"height":3380.6328125},{"identifier":"149107","top":12381.578125,"bottom":14636.8984375,"right":263,"left":16,"width":247,"height":2255.3203125},{"identifier":"2866613","top":14636.8984375,"bottom":17485.2890625,"right":263,"left":16,"width":247,"height":2848.390625},{"identifier":"26745078","top":17485.2890625,"bottom":18684.265625,"right":263,"left":16,"width":247,"height":1198.9765625},{"identifier":"7266497","top":18684.265625,"bottom":19716.546875,"right":263,"left":16,"width":247,"height":1032.28125},{"identifier":"9318724","top":19716.546875,"bottom":21031.5078125,"right":263,"left":16,"width":247,"height":1314.9609375},{"identifier":"5342097","top":21031.5078125,"bottom":22364.59375,"right":263,"left":16,"width":247,"height":1333.0859375},{"identifier":"18994850","top":22364.59375,"bottom":23871.8515625,"right":263,"left":16,"width":247,"height":1507.2578125},{"identifier":"9318723","top":23871.8515625,"bottom":24550.6171875,"right":263,"left":16,"width":247,"height":678.765625},{"identifier":"68536579","top":24550.6171875,"bottom":25220.3125,"right":263,"left":16,"width":247,"height":669.6953125},{"identifier":"149150","top":25220.3125,"bottom":26335.359375,"right":263,"left":16,"width":247,"height":1115.046875},{"identifier":"12698339","top":26335.359375,"bottom":27245.3828125,"right":263,"left":16,"width":247,"height":910.0234375},{"identifier":"40079019","top":27245.3828125,"bottom":29390.1640625,"right":263,"left":16,"width":247,"height":2144.78125},{"identifier":"6787083","top":29390.1640625,"bottom":30460.296875,"right":263,"left":16,"width":247,"height":1070.1328125},{"identifier":"6715476","top":30460.296875,"bottom":31592.3828125,"right":263,"left":16,"width":247,"height":1132.0859375},{"identifier":"8726353","top":31592.3828125,"bottom":32197.5,"right":263,"left":16,"width":247,"height":605.1171875},{"identifier":"11270819","top":32197.5,"bottom":34075.1015625,"right":263,"left":16,"width":247,"height":1877.6015625},{"identifier":"149080","top":34075.1015625,"bottom":34987.4140625,"right":263,"left":16,"width":247,"height":912.3125},{"identifier":"60877747","top":34987.4140625,"bottom":35512.4296875,"right":263,"left":16,"width":247,"height":525.015625},{"identifier":"1323064","top":35512.4296875,"bottom":37427.9375,"right":263,"left":16,"width":247,"height":1915.5078125},{"identifier":"10168573","top":37427.9375,"bottom":38347.640625,"right":263,"left":16,"width":247,"height":919.703125},{"identifier":"9327950","top":38347.640625,"bottom":39034.7109375,"right":263,"left":16,"width":247,"height":687.0703125},{"identifier":"149120","top":39034.7109375,"bottom":39776.40625,"right":263,"left":16,"width":247,"height":741.6953125},{"identifier":"12698442","top":39776.40625,"bottom":40311.7421875,"right":263,"left":16,"width":247,"height":535.3359375},{"identifier":"3284302","top":40311.7421875,"bottom":41770.25,"right":263,"left":16,"width":247,"height":1458.5078125},{"identifier":"14735423","top":41770.25,"bottom":42961.0859375,"right":263,"left":16,"width":247,"height":1190.8359375},{"identifier":"54274936","top":42961.0859375,"bottom":43525.1796875,"right":263,"left":16,"width":247,"height":564.09375},{"identifier":"23717185","top":43525.1796875,"bottom":47847.6015625,"right":263,"left":16,"width":247,"height":4322.421875}]}},{"timestamp":"2022-11-24T03:22:35.995Z","url":"https://stackoverflow.com/questions/149055/how-to-format-numbers-as-currency-strings","component":"page","action":"close"},{"timestamp":"2022-11-24T03:22:36.364Z","url":"https://stackoverflow.com/questions/149055/how-to-format-numbers-as-currency-strings/5681208","component":"projection","action":"mouseenter"},{"timestamp":"2022-11-24T03:22:45.379Z","url":"https://stackoverflow.com/questions/149055/how-to-format-numbers-as-currency-strings/5681208","component":"projection","action":"mouseleave"},{"timestamp":"2022-11-24T03:22:45.382Z","url":"https://stackoverflow.com/questions/4022171/how-do-i-print-currency-format-in-javascript","component":"projection","action":"mouseenter"},{"timestamp":"2022-11-24T03:22:45.463Z","url":"https://stackoverflow.com/questions/4022171/how-do-i-print-currency-format-in-javascript","component":"projection","action":"mouseleave"},{"timestamp":"2022-11-24T03:22:45.465Z","url":"https://stackoverflow.com/questions/64297528/how-to-format-currency-in-javascript","component":"projection","action":"mouseenter"},{"timestamp":"2022-11-24T03:22:46.247Z","url":"https://stackoverflow.com/questions/64297528/how-to-format-currency-in-javascript","component":"projection","action":"mouseleave"},{"timestamp":"2022-11-24T03:22:46.252Z","url":"https://stackoverflow.com/questions/4022171/how-do-i-print-currency-format-in-javascript","component":"projection","action":"mouseenter"},{"timestamp":"2022-11-24T03:22:46.274Z","url":"https://stackoverflow.com/questions/4022171/how-do-i-print-currency-format-in-javascript","component":"projection","action":"mouseleave"},{"timestamp":"2022-11-24T03:22:59.633Z","url":"https://stackoverflow.com/questions/4022171/how-do-i-print-currency-format-in-javascript","component":"projection","action":"mouseenter"},{"timestamp":"2022-11-24T03:23:04.750Z","url":"https://stackoverflow.com/questions/4022171/how-do-i-print-currency-format-in-javascript","component":"page","action":"open"},{"timestamp":"2022-11-24T03:23:04.794Z","url":"https://stackoverflow.com/questions/4022171/how-do-i-print-currency-format-in-javascript","component":"projection","action":"mouseleave"},{"timestamp":"2022-11-24T03:23:05.354Z","url":"https://stackoverflow.com/questions/4022171/how-do-i-print-currency-format-in-javascript","component":"page","action":"load"},{"timestamp":"2022-11-24T03:23:09.752Z","url":"https://stackoverflow.com/questions/4022171/how-do-i-print-currency-format-in-javascript","component":"page","action":"scroll","data":{"viewport":{"x":0,"y":400,"height":844,"width":296},"document":{"height":4687,"width":279},"question":{"identifier":"4022171","top":-214.1796875,"bottom":574.5078125,"right":263,"left":16,"width":247,"height":788.6875},"answers":[{"identifier":"52453070","top":654.7890625,"bottom":1242.625,"right":263,"left":16,"width":247,"height":587.8359375},{"identifier":"4022212","top":1242.625,"bottom":1806.3203125,"right":263,"left":16,"width":247,"height":563.6953125}]}},{"timestamp":"2022-11-24T03:23:11.002Z","url":"https://stackoverflow.com/questions/4022171/how-do-i-print-currency-format-in-javascript","component":"page","action":"scroll","data":{"viewport":{"x":0,"y":600,"height":844,"width":296},"document":{"height":4687,"width":279},"question":{"identifier":"4022171","top":-414.1796875,"bottom":374.5078125,"right":263,"left":16,"width":247,"height":788.6875},"answers":[{"identifier":"52453070","top":454.7890625,"bottom":1042.625,"right":263,"left":16,"width":247,"height":587.8359375},{"identifier":"4022212","top":1042.625,"bottom":1606.3203125,"right":263,"left":16,"width":247,"height":563.6953125}]}},{"timestamp":"2022-11-24T03:23:35.305Z","url":"https://stackoverflow.com/questions/4022171/how-do-i-print-currency-format-in-javascript","component":"page","action":"scroll","data":{"viewport":{"x":0,"y":900,"height":844,"width":296},"document":{"height":4687,"width":279},"question":{"identifier":"4022171","top":-714.1796875,"bottom":74.5078125,"right":263,"left":16,"width":247,"height":788.6875},"answers":[{"identifier":"52453070","top":154.7890625,"bottom":742.625,"right":263,"left":16,"width":247,"height":587.8359375},{"identifier":"4022212","top":742.625,"bottom":1306.3203125,"right":263,"left":16,"width":247,"height":563.6953125}]}},{"timestamp":"2022-11-24T03:23:38.904Z","url":"https://stackoverflow.com/questions/4022171/how-do-i-print-currency-format-in-javascript","component":"page","action":"scroll","data":{"viewport":{"x":0,"y":1300,"height":844,"width":296},"document":{"height":4687,"width":279},"question":{"identifier":"4022171","top":-1114.1796875,"bottom":-325.4921875,"right":263,"left":16,"width":247,"height":788.6875},"answers":[{"identifier":"52453070","top":-245.2109375,"bottom":342.625,"right":263,"left":16,"width":247,"height":587.8359375},{"identifier":"4022212","top":342.625,"bottom":906.3203125,"right":263,"left":16,"width":247,"height":563.6953125}]}},{"timestamp":"2022-11-24T03:23:40.645Z","url":"https://stackoverflow.com/questions/4022171/how-do-i-print-currency-format-in-javascript","component":"page","action":"scroll","data":{"viewport":{"x":0,"y":1500,"height":844,"width":296},"document":{"height":4687,"width":279},"question":{"identifier":"4022171","top":-1314.1796875,"bottom":-525.4921875,"right":263,"left":16,"width":247,"height":788.6875},"answers":[{"identifier":"52453070","top":-445.2109375,"bottom":142.625,"right":263,"left":16,"width":247,"height":587.8359375},{"identifier":"4022212","top":142.625,"bottom":706.3203125,"right":263,"left":16,"width":247,"height":563.6953125}]}},{"timestamp":"2022-11-24T03:23:51.020Z","url":"https://stackoverflow.com/questions/4022171/how-do-i-print-currency-format-in-javascript","component":"page","action":"scroll","data":{"viewport":{"x":0,"y":1800,"height":844,"width":296},"document":{"height":4687,"width":279},"question":{"identifier":"4022171","top":-1614.1796875,"bottom":-825.4921875,"right":263,"left":16,"width":247,"height":788.6875},"answers":[{"identifier":"52453070","top":-745.2109375,"bottom":-157.375,"right":263,"left":16,"width":247,"height":587.8359375},{"identifier":"4022212","top":-157.375,"bottom":406.3203125,"right":263,"left":16,"width":247,"height":563.6953125}]}},{"timestamp":"2022-11-24T03:23:52.886Z","url":"https://stackoverflow.com/questions/4022171/how-do-i-print-currency-format-in-javascript","component":"page","action":"scroll","data":{"viewport":{"x":0,"y":500,"height":844,"width":296},"document":{"height":4687,"width":279},"question":{"identifier":"4022171","top":-314.1796875,"bottom":474.5078125,"right":263,"left":16,"width":247,"height":788.6875},"answers":[{"identifier":"52453070","top":554.7890625,"bottom":1142.625,"right":263,"left":16,"width":247,"height":587.8359375},{"identifier":"4022212","top":1142.625,"bottom":1706.3203125,"right":263,"left":16,"width":247,"height":563.6953125}]}},{"timestamp":"2022-11-24T03:23:54.783Z","url":"https://stackoverflow.com/questions/4022171/how-do-i-print-currency-format-in-javascript","component":"page","action":"scroll","data":{"viewport":{"x":0,"y":600,"height":844,"width":296},"document":{"height":4687,"width":279},"question":{"identifier":"4022171","top":-414.1796875,"bottom":374.5078125,"right":263,"left":16,"width":247,"height":788.6875},"answers":[{"identifier":"52453070","top":454.7890625,"bottom":1042.625,"right":263,"left":16,"width":247,"height":587.8359375},{"identifier":"4022212","top":1042.625,"bottom":1606.3203125,"right":263,"left":16,"width":247,"height":563.6953125}]}},{"timestamp":"2022-11-24T03:23:56.825Z","url":"https://stackoverflow.com/questions/4022171/how-do-i-print-currency-format-in-javascript","component":"page","action":"selection","data":"matMon"}]}]}