{"trialId":"42904_3","taskId":"serve","appEvents":[{"timestamp":"2022-11-24T03:29:36.299Z","name":"resize","data":{"height":904,"width":300}},{"timestamp":"2022-11-24T03:30:20.007Z","name":"search","data":"search-start"},{"timestamp":"2022-11-24T03:30:23.684Z","name":"search","data":"search-done"},{"timestamp":"2022-11-24T03:31:05.546Z","name":"search","data":"search-start"},{"timestamp":"2022-11-24T03:31:10.805Z","name":"search","data":"search-done"},{"timestamp":"2022-11-24T03:33:53.567Z","name":"search","data":"search-start"},{"timestamp":"2022-11-24T03:33:56.053Z","name":"search","data":"search-done"},{"timestamp":"2022-11-24T03:35:37.483Z","name":"search","data":"search-start"},{"timestamp":"2022-11-24T03:35:38.804Z","name":"search","data":"search-done"},{"timestamp":"2022-11-24T03:37:08.427Z","name":"resize","data":{"height":0,"width":0}}],"searches":[{"keywords":["download","pdf","receipts"],"context":{"tokens":[{"kind":"library","value":"express"},{"kind":"library","value":"path"},{"kind":"language","value":"javascript"}]},"timestamp":"2022-11-24T03:30:20.004Z","results":[{"signatures":[],"areSignaturesLoading":true,"title":"how to download pdf with nodejs and expressjs - Stack Overflow","snippet":"I'm using this GitHub repo to generate pdf invoices. code looks something like this : let myInvoice = new MicroInvoice({ ... pdf content obj ...","url":"https://stackoverflow.com/questions/72840594/how-to-download-pdf-with-nodejs-and-expressjs","displayLink":"https://stackoverflow.com › questions › how-to-downlo...","snippetHighlightWords":["pdf invoices","pdf"],"date":"Jul 2, 2022"},{"signatures":[],"areSignaturesLoading":true,"title":"node.js - Send a pdf with express via an api - Stack Overflow","snippet":"I am using node/express and axios to manage http call. I managed to send the pdf from the api with the following code:","url":"https://stackoverflow.com/questions/44656596/node-express-send-a-pdf-with-express-via-an-api","displayLink":"https://stackoverflow.com › questions › node-express-se...","snippetHighlightWords":["node","express","pdf"],"date":"Jun 20, 2017"},{"signatures":[],"areSignaturesLoading":true,"title":"Downloaded .pdf files are corrupted when using expressjs","snippet":"Here is a clean way to serve a file from express, and uses an attachment header to make sure the file is downloaded : var path ...","url":"https://stackoverflow.com/questions/29562954/downloaded-pdf-files-are-corrupted-when-using-expressjs","displayLink":"https://stackoverflow.com › questions › downloaded-pd...","snippetHighlightWords":["express","downloaded","path"],"date":"Apr 10, 2015"},{"signatures":[],"areSignaturesLoading":true,"title":"Extract pdf text at specific location from each page of ...","snippet":"My job is to separate each page in document into separate pdf file and save it, using ID ( \"invoice_{ID}\" ) in filename, using NodeJS. Here is ...","url":"https://stackoverflow.com/questions/73354005/extract-pdf-text-at-specific-location-from-each-page-of-document-using-nodejs","displayLink":"https://stackoverflow.com › questions › extract-pdf-text...","snippetHighlightWords":["pdf","NodeJS"],"date":"Aug 14, 2022"},{"signatures":[],"areSignaturesLoading":true,"title":"Puppeteer: Sending the PDF for download after is generated","snippet":"In your server expose this end point app.post(“/downloadPdfHere”, async (req, res, next) => { res.contentType(\"application/pdf\"); try ...","url":"https://stackoverflow.com/questions/71691905/puppeteer-sending-the-pdf-for-download-after-is-generated","displayLink":"https://stackoverflow.com › questions › puppeteer-sendi...","snippetHighlightWords":["pdf"],"date":"Mar 31, 2022 1 answer"},{"signatures":[],"areSignaturesLoading":true,"title":"Download pdf file with Vue js in mevn stack","snippet":"In server / app.js. Added static path to invoice directory app.use(\"/invoice\", express.static(path.join(__dirname, \"data/invoices\")));.","url":"https://stackoverflow.com/questions/63708152/download-pdf-file-with-vue-js-in-mevn-stack","displayLink":"https://stackoverflow.com › questions › download-pdf-f...","snippetHighlightWords":["js","path","directory","express","path","invoices"],"date":"Sept 2, 2020"},{"signatures":[],"areSignaturesLoading":true,"title":"Request Attachment is not working with Node Express","snippet":"attachment(__dirname + '/invoices/a.pdf'); res.send(); },. And yes, when I try to get the file that is on that path ...","url":"https://stackoverflow.com/questions/71694107/request-attachment-is-not-working-with-node-express","displayLink":"https://stackoverflow.com › questions › request-attachm...","snippetHighlightWords":["invoices","pdf","path"],"date":"Mar 31, 2022"},{"signatures":[],"areSignaturesLoading":true,"title":"Unable to send file with PDF( *.pdf) extension - Stack Overflow","snippet":"'Invoices', fileName); app.get('/download', function(req, res) { res.download(filePath); // Set file name with its path });.","url":"https://stackoverflow.com/questions/59891668/unable-to-send-file-with-pdf-pdf-extension","displayLink":"https://stackoverflow.com › questions › unable-to-send-...","snippetHighlightWords":["Invoices","download","download","path"],"date":"Jan 24, 2020"},{"signatures":[],"areSignaturesLoading":true,"title":"node.js - The difference between res.download() and ...","snippet":"Briefly looking at express res.download() source code, it essentially automates what you are doing manually with the alternative example.","url":"https://stackoverflow.com/questions/66957511/the-difference-between-res-download-and-createreadstream-in-downloading-file","displayLink":"https://stackoverflow.com › questions › the-difference-...","snippetHighlightWords":["express","download"],"date":"Apr 5, 2021 1 answer"},{"signatures":[],"areSignaturesLoading":true,"title":"Node.js and Nodemailer: Can we attached PDF documents to ...","snippet":"Yes you can. You have to add the path of the file which you are trying to attach. transporter.sendMail({ from: 'foo@bar.com', ...","url":"https://stackoverflow.com/questions/32730631/node-js-and-nodemailer-can-we-attached-pdf-documents-to-emails","displayLink":"https://stackoverflow.com › questions › node-js-and-no...","snippetHighlightWords":["path"],"date":"Sept 23, 2015 4 answers"}],"events":[{"timestamp":"2022-11-24T03:30:22.561Z","url":"https://stackoverflow.com/questions/72840594/how-to-download-pdf-with-nodejs-and-expressjs","component":"projection","action":"load","data":{"height":82.5,"width":270.78125,"wc":25,"lc":1}},{"timestamp":"2022-11-24T03:30:22.561Z","url":"https://stackoverflow.com/questions/44656596/node-express-send-a-pdf-with-express-via-an-api","component":"projection","action":"load","data":{"height":81.5,"width":265.2890625,"wc":23,"lc":1}},{"timestamp":"2022-11-24T03:30:22.561Z","url":"https://stackoverflow.com/questions/29562954/downloaded-pdf-files-are-corrupted-when-using-expressjs","component":"projection","action":"load","data":{"height":81.5,"width":264.8984375,"wc":27,"lc":1}},{"timestamp":"2022-11-24T03:30:22.561Z","url":"https://stackoverflow.com/questions/73354005/extract-pdf-text-at-specific-location-from-each-page-of-document-using-nodejs","component":"projection","action":"load","data":{"height":81.5,"width":259.9453125,"wc":28,"lc":1}},{"timestamp":"2022-11-24T03:30:22.561Z","url":"https://stackoverflow.com/questions/71691905/puppeteer-sending-the-pdf-for-download-after-is-generated","component":"projection","action":"load","data":{"height":103.5,"width":263.9140625,"wc":17,"lc":1}},{"timestamp":"2022-11-24T03:30:22.561Z","url":"https://stackoverflow.com/questions/63708152/download-pdf-file-with-vue-js-in-mevn-stack","component":"projection","action":"load","data":{"height":103.5,"width":257.7421875,"wc":13,"lc":1}},{"timestamp":"2022-11-24T03:30:22.561Z","url":"https://stackoverflow.com/questions/71694107/request-attachment-is-not-working-with-node-express","component":"projection","action":"load","data":{"height":81.5,"width":270.8359375,"wc":20,"lc":1}},{"timestamp":"2022-11-24T03:30:22.561Z","url":"https://stackoverflow.com/questions/59891668/unable-to-send-file-with-pdf-pdf-extension","component":"projection","action":"load","data":{"height":81.5,"width":252.203125,"wc":15,"lc":1}},{"timestamp":"2022-11-24T03:30:22.561Z","url":"https://stackoverflow.com/questions/66957511/the-difference-between-res-download-and-createreadstream-in-downloading-file","component":"projection","action":"load","data":{"height":81.5,"width":261.6875,"wc":19,"lc":1}},{"timestamp":"2022-11-24T03:30:22.561Z","url":"https://stackoverflow.com/questions/32730631/node-js-and-nodemailer-can-we-attached-pdf-documents-to-emails","component":"projection","action":"load","data":{"height":103.5,"width":262.0703125,"wc":22,"lc":1}},{"timestamp":"2022-11-24T03:30:23.684Z","url":"https://stackoverflow.com/questions/72840594/how-to-download-pdf-with-nodejs-and-expressjs","component":"projection","action":"loaded","data":"projection 10 of 10"},{"timestamp":"2022-11-24T03:30:23.684Z","url":"https://stackoverflow.com/questions/44656596/node-express-send-a-pdf-with-express-via-an-api","component":"projection","action":"loaded","data":"projection 9 of 10"},{"timestamp":"2022-11-24T03:30:23.684Z","url":"https://stackoverflow.com/questions/29562954/downloaded-pdf-files-are-corrupted-when-using-expressjs","component":"projection","action":"loaded","data":"projection 8 of 10"},{"timestamp":"2022-11-24T03:30:23.684Z","url":"https://stackoverflow.com/questions/73354005/extract-pdf-text-at-specific-location-from-each-page-of-document-using-nodejs","component":"projection","action":"loaded","data":"projection 7 of 10"},{"timestamp":"2022-11-24T03:30:23.684Z","url":"https://stackoverflow.com/questions/71691905/puppeteer-sending-the-pdf-for-download-after-is-generated","component":"projection","action":"loaded","data":"projection 6 of 10"},{"timestamp":"2022-11-24T03:30:23.684Z","url":"https://stackoverflow.com/questions/63708152/download-pdf-file-with-vue-js-in-mevn-stack","component":"projection","action":"loaded","data":"projection 5 of 10"},{"timestamp":"2022-11-24T03:30:23.684Z","url":"https://stackoverflow.com/questions/71694107/request-attachment-is-not-working-with-node-express","component":"projection","action":"loaded","data":"projection 4 of 10"},{"timestamp":"2022-11-24T03:30:23.684Z","url":"https://stackoverflow.com/questions/59891668/unable-to-send-file-with-pdf-pdf-extension","component":"projection","action":"loaded","data":"projection 3 of 10"},{"timestamp":"2022-11-24T03:30:23.684Z","url":"https://stackoverflow.com/questions/66957511/the-difference-between-res-download-and-createreadstream-in-downloading-file","component":"projection","action":"loaded","data":"projection 2 of 10"},{"timestamp":"2022-11-24T03:30:23.684Z","url":"https://stackoverflow.com/questions/32730631/node-js-and-nodemailer-can-we-attached-pdf-documents-to-emails","component":"projection","action":"loaded","data":"projection 1 of 10"},{"timestamp":"2022-11-24T03:30:24.052Z","url":"https://stackoverflow.com/questions/72840594/how-to-download-pdf-with-nodejs-and-expressjs","component":"projection","action":"mouseenter"},{"timestamp":"2022-11-24T03:30:32.415Z","url":"https://stackoverflow.com/questions/72840594/how-to-download-pdf-with-nodejs-and-expressjs","component":"page","action":"open"},{"timestamp":"2022-11-24T03:30:32.441Z","url":"https://stackoverflow.com/questions/72840594/how-to-download-pdf-with-nodejs-and-expressjs","component":"projection","action":"mouseleave"},{"timestamp":"2022-11-24T03:30:33.482Z","url":"https://stackoverflow.com/questions/72840594/how-to-download-pdf-with-nodejs-and-expressjs","component":"page","action":"load"},{"timestamp":"2022-11-24T03:30:35.456Z","url":"https://stackoverflow.com/questions/72840594/how-to-download-pdf-with-nodejs-and-expressjs","component":"page","action":"scroll","data":{"viewport":{"x":0,"y":100,"height":844,"width":296},"document":{"height":5429,"width":279},"question":{"identifier":"72840594","top":94.2734375,"bottom":1592.390625,"right":263,"left":16,"width":247,"height":1498.1171875},"answers":[{"identifier":"72840660","top":1672.671875,"bottom":3029.0390625,"right":263,"left":16,"width":247,"height":1356.3671875}]}},{"timestamp":"2022-11-24T03:30:39.911Z","url":"https://stackoverflow.com/questions/72840594/how-to-download-pdf-with-nodejs-and-expressjs","component":"page","action":"scroll","data":{"viewport":{"x":0,"y":500,"height":844,"width":296},"document":{"height":5429,"width":279},"question":{"identifier":"72840594","top":-305.7265625,"bottom":1192.390625,"right":263,"left":16,"width":247,"height":1498.1171875},"answers":[{"identifier":"72840660","top":1272.671875,"bottom":2629.0390625,"right":263,"left":16,"width":247,"height":1356.3671875}]}},{"timestamp":"2022-11-24T03:30:48.722Z","url":"https://stackoverflow.com/questions/72840594/how-to-download-pdf-with-nodejs-and-expressjs","component":"page","action":"scroll","data":{"viewport":{"x":0,"y":900,"height":844,"width":296},"document":{"height":5429,"width":279},"question":{"identifier":"72840594","top":-705.7265625,"bottom":792.390625,"right":263,"left":16,"width":247,"height":1498.1171875},"answers":[{"identifier":"72840660","top":872.671875,"bottom":2229.0390625,"right":263,"left":16,"width":247,"height":1356.3671875}]}},{"timestamp":"2022-11-24T03:30:49.418Z","url":"https://stackoverflow.com/questions/72840594/how-to-download-pdf-with-nodejs-and-expressjs","component":"page","action":"scroll","data":{"viewport":{"x":0,"y":1400,"height":844,"width":296},"document":{"height":5429,"width":279},"question":{"identifier":"72840594","top":-1205.7265625,"bottom":292.390625,"right":263,"left":16,"width":247,"height":1498.1171875},"answers":[{"identifier":"72840660","top":372.671875,"bottom":1729.0390625,"right":263,"left":16,"width":247,"height":1356.3671875}]}},{"timestamp":"2022-11-24T03:30:50.898Z","url":"https://stackoverflow.com/questions/72840594/how-to-download-pdf-with-nodejs-and-expressjs","component":"page","action":"scroll","data":{"viewport":{"x":0,"y":1700,"height":844,"width":296},"document":{"height":5429,"width":279},"question":{"identifier":"72840594","top":-1505.7265625,"bottom":-7.609375,"right":263,"left":16,"width":247,"height":1498.1171875},"answers":[{"identifier":"72840660","top":72.671875,"bottom":1429.0390625,"right":263,"left":16,"width":247,"height":1356.3671875}]}},{"timestamp":"2022-11-24T03:30:52.062Z","url":"https://stackoverflow.com/questions/72840594/how-to-download-pdf-with-nodejs-and-expressjs","component":"page","action":"scroll","data":{"viewport":{"x":0,"y":2100,"height":844,"width":296},"document":{"height":5429,"width":279},"question":{"identifier":"72840594","top":-1905.7265625,"bottom":-407.609375,"right":263,"left":16,"width":247,"height":1498.1171875},"answers":[{"identifier":"72840660","top":-327.328125,"bottom":1029.0390625,"right":263,"left":16,"width":247,"height":1356.3671875}]}},{"timestamp":"2022-11-24T03:30:53.342Z","url":"https://stackoverflow.com/questions/72840594/how-to-download-pdf-with-nodejs-and-expressjs","component":"page","action":"scroll","data":{"viewport":{"x":0,"y":2500,"height":844,"width":296},"document":{"height":5429,"width":279},"question":{"identifier":"72840594","top":-2305.7265625,"bottom":-807.609375,"right":263,"left":16,"width":247,"height":1498.1171875},"answers":[{"identifier":"72840660","top":-727.328125,"bottom":629.0390625,"right":263,"left":16,"width":247,"height":1356.3671875}]}},{"timestamp":"2022-11-24T03:30:55.138Z","url":"https://stackoverflow.com/questions/72840594/how-to-download-pdf-with-nodejs-and-expressjs","component":"page","action":"scroll","data":{"viewport":{"x":0,"y":100,"height":844,"width":296},"document":{"height":5429,"width":279},"question":{"identifier":"72840594","top":94.2734375,"bottom":1592.390625,"right":263,"left":16,"width":247,"height":1498.1171875},"answers":[{"identifier":"72840660","top":1672.671875,"bottom":3029.0390625,"right":263,"left":16,"width":247,"height":1356.3671875}]}},{"timestamp":"2022-11-24T03:30:57.725Z","url":"https://stackoverflow.com/questions/72840594/how-to-download-pdf-with-nodejs-and-expressjs","component":"page","action":"close"},{"timestamp":"2022-11-24T03:30:59.456Z","url":"https://stackoverflow.com/questions/72840594/how-to-download-pdf-with-nodejs-and-expressjs","component":"projection","action":"mouseenter"}]},{"keywords":["serve","static","files"],"context":{"tokens":[{"kind":"library","value":"express"},{"kind":"library","value":"path"},{"kind":"language","value":"javascript"}]},"timestamp":"2022-11-24T03:31:05.544Z","results":[{"signatures":[],"areSignaturesLoading":true,"title":"Static Files in express - node.js - Stack Overflow","snippet":"In the Express framework, express.static() is often used for serving a group of static files (all in one directory or in one directory ...","url":"https://stackoverflow.com/questions/71668735/static-files-in-express","displayLink":"https://stackoverflow.com › questions › static-files-in-ex...","snippetHighlightWords":["Express","express","serving","static files","directory","directory"],"date":"Mar 29, 2022"},{"signatures":[],"areSignaturesLoading":true,"title":"How to serve static files in ExpressJS on some paths and not ...","snippet":"I have this piece of code: var express = require('express'); var app = express(); express.","url":"https://stackoverflow.com/questions/65115458/how-to-serve-static-files-in-expressjs-on-some-paths-and-not-others","displayLink":"https://stackoverflow.com › questions › how-to-serve-st...","snippetHighlightWords":["express","express","express","express"],"date":"Dec 2, 2020"},{"signatures":[],"areSignaturesLoading":true,"title":"nodejs express app serve static files from public/js folder not ...","snippet":"1. Add this middleware in the index.js above you set view engine. app.use(express.static(path.join(__dirname, \"public\"))); · 2. Folder Structure.","url":"https://stackoverflow.com/questions/72411261/nodejs-express-app-serve-static-files-from-public-js-folder-not-work","displayLink":"https://stackoverflow.com › questions › nodejs-express-...","snippetHighlightWords":["js","express","static","path"],"date":"May 27, 2022 1 answer"},{"signatures":[],"areSignaturesLoading":true,"title":"How to serve static files from root path '/' - Stack Overflow","snippet":"To serve static files such as images, CSS files, and JavaScript files, use the express.static built-in middleware function in Express.","url":"https://stackoverflow.com/questions/72861892/how-to-serve-static-files-from-root-path","displayLink":"https://stackoverflow.com › questions › how-to-serve-st...","snippetHighlightWords":["serve static files","CSS files","JavaScript","express","Express"],"date":"Jul 4, 2022"},{"signatures":[],"areSignaturesLoading":true,"title":"Express: serving static files in express using app.use() not ...","snippet":"I am trying to serve static html and css ...","url":"https://stackoverflow.com/questions/71015238/express-serving-static-files-in-express-using-app-use-not-working-on-route","displayLink":"https://stackoverflow.com › questions › express-serving...","snippetHighlightWords":["serve static html"],"date":"Feb 7, 2022"},{"signatures":[],"areSignaturesLoading":true,"title":"Can someone please explain how static files in express js work?","snippet":"NOTE: DO NOT PUT PRIVATE FILES INSIDE YOUR STATIC FOLDER. app.use(express.static(__dirname + '/public'));.","url":"https://stackoverflow.com/questions/68816405/can-someone-please-explain-how-static-files-in-express-js-work","displayLink":"https://stackoverflow.com › questions › can-someone-pl...","snippetHighlightWords":["FILES","STATIC","express","static"],"date":"Aug 17, 2021 1 answer"},{"signatures":[],"areSignaturesLoading":true,"title":"Express serve static files inside Router - Stack Overflow","snippet":"Use the express.static middleware in your route1.js file instead of simply passing the folder path string to the route.","url":"https://stackoverflow.com/questions/69692368/express-serve-static-files-inside-router","displayLink":"https://stackoverflow.com › questions › express-serve-st...","snippetHighlightWords":["express","static","js file","path","route"],"date":"Oct 23, 2021 1 answer"},{"signatures":[],"areSignaturesLoading":true,"title":"Express, how to always serve static directory? - Stack Overflow","snippet":"app.use(express.static(path.join(__dirname, 'build'))); app.","url":"https://stackoverflow.com/questions/61090344/express-how-to-always-serve-static-directory","displayLink":"https://stackoverflow.com › questions › express-how-to...","snippetHighlightWords":["express","static","path"],"date":"Apr 7, 2020"},{"signatures":[],"areSignaturesLoading":true,"title":"Express.js just won't serve static files - Stack Overflow","snippet":"You have to match up three things to get express.static() to work properly. You have to construct a URL you're requesting that matches the app.","url":"https://stackoverflow.com/questions/71451988/express-js-just-wont-serve-static-files","displayLink":"https://stackoverflow.com › questions › express-js-just-...","snippetHighlightWords":["express","static"],"date":"Mar 12, 2022"},{"signatures":[],"areSignaturesLoading":true,"title":"How to serve static files to different routes in Express?","snippet":"It's got to do with relative path. With express it's safer to use absolute path. After your route goes one level deep, the html file which ...","url":"https://stackoverflow.com/questions/55853857/how-to-serve-static-files-to-different-routes-in-express","displayLink":"https://stackoverflow.com › questions › how-to-serve-st...","snippetHighlightWords":["path","express","path","route","html"],"date":"Apr 25, 2019 1 answer"}],"events":[{"timestamp":"2022-11-24T03:31:09.635Z","url":"https://stackoverflow.com/questions/71668735/static-files-in-express","component":"projection","action":"load","data":{"height":81.5,"width":259.328125,"wc":24,"lc":1}},{"timestamp":"2022-11-24T03:31:09.635Z","url":"https://stackoverflow.com/questions/65115458/how-to-serve-static-files-in-expressjs-on-some-paths-and-not-others","component":"projection","action":"load","data":{"height":59.5,"width":261.9921875,"wc":15,"lc":1}},{"timestamp":"2022-11-24T03:31:09.635Z","url":"https://stackoverflow.com/questions/72411261/nodejs-express-app-serve-static-files-from-public-js-folder-not-work","component":"projection","action":"load","data":{"height":103.5,"width":263.1640625,"wc":18,"lc":1}},{"timestamp":"2022-11-24T03:31:09.635Z","url":"https://stackoverflow.com/questions/72861892/how-to-serve-static-files-from-root-path","component":"projection","action":"load","data":{"height":81.5,"width":255.140625,"wc":20,"lc":1}},{"timestamp":"2022-11-24T03:31:09.635Z","url":"https://stackoverflow.com/questions/71015238/express-serving-static-files-in-express-using-app-use-not-working-on-route","component":"projection","action":"load","data":{"height":37.5,"width":262.4765625,"wc":10,"lc":1}},{"timestamp":"2022-11-24T03:31:09.635Z","url":"https://stackoverflow.com/questions/68816405/can-someone-please-explain-how-static-files-in-express-js-work","component":"projection","action":"load","data":{"height":103.5,"width":270.234375,"wc":13,"lc":1}},{"timestamp":"2022-11-24T03:31:09.635Z","url":"https://stackoverflow.com/questions/69692368/express-serve-static-files-inside-router","component":"projection","action":"load","data":{"height":81.5,"width":270.5390625,"wc":19,"lc":1}},{"timestamp":"2022-11-24T03:31:09.635Z","url":"https://stackoverflow.com/questions/61090344/express-how-to-always-serve-static-directory","component":"projection","action":"load","data":{"height":37.5,"width":263.1640625,"wc":3,"lc":1}},{"timestamp":"2022-11-24T03:31:09.635Z","url":"https://stackoverflow.com/questions/71451988/express-js-just-wont-serve-static-files","component":"projection","action":"load","data":{"height":81.5,"width":271.8984375,"wc":25,"lc":1}},{"timestamp":"2022-11-24T03:31:09.635Z","url":"https://stackoverflow.com/questions/55853857/how-to-serve-static-files-to-different-routes-in-express","component":"projection","action":"load","data":{"height":81.5,"width":271.578125,"wc":27,"lc":1}},{"timestamp":"2022-11-24T03:31:09.640Z","url":"https://stackoverflow.com/questions/71668735/static-files-in-express","component":"projection","action":"mouseenter"},{"timestamp":"2022-11-24T03:31:10.804Z","url":"https://stackoverflow.com/questions/71668735/static-files-in-express","component":"projection","action":"loaded","data":"projection 10 of 10"},{"timestamp":"2022-11-24T03:31:10.805Z","url":"https://stackoverflow.com/questions/65115458/how-to-serve-static-files-in-expressjs-on-some-paths-and-not-others","component":"projection","action":"loaded","data":"projection 9 of 10"},{"timestamp":"2022-11-24T03:31:10.805Z","url":"https://stackoverflow.com/questions/72411261/nodejs-express-app-serve-static-files-from-public-js-folder-not-work","component":"projection","action":"loaded","data":"projection 8 of 10"},{"timestamp":"2022-11-24T03:31:10.805Z","url":"https://stackoverflow.com/questions/72861892/how-to-serve-static-files-from-root-path","component":"projection","action":"loaded","data":"projection 7 of 10"},{"timestamp":"2022-11-24T03:31:10.805Z","url":"https://stackoverflow.com/questions/71015238/express-serving-static-files-in-express-using-app-use-not-working-on-route","component":"projection","action":"loaded","data":"projection 6 of 10"},{"timestamp":"2022-11-24T03:31:10.805Z","url":"https://stackoverflow.com/questions/68816405/can-someone-please-explain-how-static-files-in-express-js-work","component":"projection","action":"loaded","data":"projection 5 of 10"},{"timestamp":"2022-11-24T03:31:10.805Z","url":"https://stackoverflow.com/questions/69692368/express-serve-static-files-inside-router","component":"projection","action":"loaded","data":"projection 4 of 10"},{"timestamp":"2022-11-24T03:31:10.805Z","url":"https://stackoverflow.com/questions/61090344/express-how-to-always-serve-static-directory","component":"projection","action":"loaded","data":"projection 3 of 10"},{"timestamp":"2022-11-24T03:31:10.805Z","url":"https://stackoverflow.com/questions/71451988/express-js-just-wont-serve-static-files","component":"projection","action":"loaded","data":"projection 2 of 10"},{"timestamp":"2022-11-24T03:31:10.805Z","url":"https://stackoverflow.com/questions/55853857/how-to-serve-static-files-to-different-routes-in-express","component":"projection","action":"loaded","data":"projection 1 of 10"},{"timestamp":"2022-11-24T03:31:14.272Z","url":"https://stackoverflow.com/questions/71668735/static-files-in-express","component":"projection","action":"mouseleave"},{"timestamp":"2022-11-24T03:31:14.277Z","url":"https://stackoverflow.com/questions/65115458/how-to-serve-static-files-in-expressjs-on-some-paths-and-not-others","component":"projection","action":"mouseenter"},{"timestamp":"2022-11-24T03:31:14.917Z","url":"https://stackoverflow.com/questions/65115458/how-to-serve-static-files-in-expressjs-on-some-paths-and-not-others","component":"page","action":"open"},{"timestamp":"2022-11-24T03:31:14.955Z","url":"https://stackoverflow.com/questions/65115458/how-to-serve-static-files-in-expressjs-on-some-paths-and-not-others","component":"projection","action":"mouseleave"},{"timestamp":"2022-11-24T03:31:15.507Z","url":"https://stackoverflow.com/questions/65115458/how-to-serve-static-files-in-expressjs-on-some-paths-and-not-others","component":"page","action":"load"},{"timestamp":"2022-11-24T03:31:18.355Z","url":"https://stackoverflow.com/questions/65115458/how-to-serve-static-files-in-expressjs-on-some-paths-and-not-others","component":"page","action":"scroll","data":{"viewport":{"x":0,"y":100,"height":844,"width":296},"document":{"height":4652,"width":279},"question":{"identifier":"65115458","top":116.65625,"bottom":1394.2109375,"right":263,"left":16,"width":247,"height":1277.5546875},"answers":[{"identifier":"65116954","top":1474.4921875,"bottom":1969.515625,"right":263,"left":16,"width":247,"height":495.0234375},{"identifier":"68244233","top":1969.515625,"bottom":2451.828125,"right":263,"left":16,"width":247,"height":482.3125}]}},{"timestamp":"2022-11-24T03:31:40.403Z","url":"https://stackoverflow.com/questions/65115458/how-to-serve-static-files-in-expressjs-on-some-paths-and-not-others","component":"page","action":"scroll","data":{"viewport":{"x":0,"y":1200,"height":844,"width":296},"document":{"height":4652,"width":279},"question":{"identifier":"65115458","top":-983.34375,"bottom":294.2109375,"right":263,"left":16,"width":247,"height":1277.5546875},"answers":[{"identifier":"65116954","top":374.4921875,"bottom":869.515625,"right":263,"left":16,"width":247,"height":495.0234375},{"identifier":"68244233","top":869.515625,"bottom":1351.828125,"right":263,"left":16,"width":247,"height":482.3125}]}},{"timestamp":"2022-11-24T03:32:01.871Z","url":"https://stackoverflow.com/questions/65115458/how-to-serve-static-files-in-expressjs-on-some-paths-and-not-others","component":"page","action":"scroll","data":{"viewport":{"x":0,"y":1600,"height":844,"width":296},"document":{"height":4652,"width":279},"question":{"identifier":"65115458","top":-1383.34375,"bottom":-105.7890625,"right":263,"left":16,"width":247,"height":1277.5546875},"answers":[{"identifier":"65116954","top":-25.5078125,"bottom":469.515625,"right":263,"left":16,"width":247,"height":495.0234375},{"identifier":"68244233","top":469.515625,"bottom":951.828125,"right":263,"left":16,"width":247,"height":482.3125}]}},{"timestamp":"2022-11-24T03:32:03.543Z","url":"https://stackoverflow.com/questions/65115458/how-to-serve-static-files-in-expressjs-on-some-paths-and-not-others","component":"page","action":"scroll","data":{"viewport":{"x":0,"y":500,"height":844,"width":296},"document":{"height":4652,"width":279},"question":{"identifier":"65115458","top":-283.34375,"bottom":994.2109375,"right":263,"left":16,"width":247,"height":1277.5546875},"answers":[{"identifier":"65116954","top":1074.4921875,"bottom":1569.515625,"right":263,"left":16,"width":247,"height":495.0234375},{"identifier":"68244233","top":1569.515625,"bottom":2051.828125,"right":263,"left":16,"width":247,"height":482.3125}]}},{"timestamp":"2022-11-24T03:32:04.173Z","url":"https://stackoverflow.com/questions/65115458/how-to-serve-static-files-in-expressjs-on-some-paths-and-not-others","component":"page","action":"scroll","data":{"viewport":{"x":0,"y":300,"height":844,"width":296},"document":{"height":4652,"width":279},"question":{"identifier":"65115458","top":-83.34375,"bottom":1194.2109375,"right":263,"left":16,"width":247,"height":1277.5546875},"answers":[{"identifier":"65116954","top":1274.4921875,"bottom":1769.515625,"right":263,"left":16,"width":247,"height":495.0234375},{"identifier":"68244233","top":1769.515625,"bottom":2251.828125,"right":263,"left":16,"width":247,"height":482.3125}]}},{"timestamp":"2022-11-24T03:32:17.599Z","url":"https://stackoverflow.com/questions/65115458/how-to-serve-static-files-in-expressjs-on-some-paths-and-not-others","component":"page","action":"scroll","data":{"viewport":{"x":0,"y":1300,"height":844,"width":296},"document":{"height":4652,"width":279},"question":{"identifier":"65115458","top":-1083.34375,"bottom":194.2109375,"right":263,"left":16,"width":247,"height":1277.5546875},"answers":[{"identifier":"65116954","top":274.4921875,"bottom":769.515625,"right":263,"left":16,"width":247,"height":495.0234375},{"identifier":"68244233","top":769.515625,"bottom":1251.828125,"right":263,"left":16,"width":247,"height":482.3125}]}},{"timestamp":"2022-11-24T03:33:34.084Z","url":"https://stackoverflow.com/questions/65115458/how-to-serve-static-files-in-expressjs-on-some-paths-and-not-others","component":"page","action":"scroll","data":{"viewport":{"x":0,"y":1700,"height":844,"width":296},"document":{"height":4652,"width":279},"question":{"identifier":"65115458","top":-1483.34375,"bottom":-205.7890625,"right":263,"left":16,"width":247,"height":1277.5546875},"answers":[{"identifier":"65116954","top":-125.5078125,"bottom":369.515625,"right":263,"left":16,"width":247,"height":495.0234375},{"identifier":"68244233","top":369.515625,"bottom":851.828125,"right":263,"left":16,"width":247,"height":482.3125}]}},{"timestamp":"2022-11-24T03:33:46.256Z","url":"https://stackoverflow.com/questions/65115458/how-to-serve-static-files-in-expressjs-on-some-paths-and-not-others","component":"page","action":"scroll","data":{"viewport":{"x":0,"y":2300,"height":844,"width":296},"document":{"height":4652,"width":279},"question":{"identifier":"65115458","top":-2083.34375,"bottom":-805.7890625,"right":263,"left":16,"width":247,"height":1277.5546875},"answers":[{"identifier":"65116954","top":-725.5078125,"bottom":-230.484375,"right":263,"left":16,"width":247,"height":495.0234375},{"identifier":"68244233","top":-230.484375,"bottom":251.828125,"right":263,"left":16,"width":247,"height":482.3125}]}},{"timestamp":"2022-11-24T03:33:47.736Z","url":"https://stackoverflow.com/questions/65115458/how-to-serve-static-files-in-expressjs-on-some-paths-and-not-others","component":"page","action":"scroll","data":{"viewport":{"x":0,"y":1100,"height":844,"width":296},"document":{"height":4652,"width":279},"question":{"identifier":"65115458","top":-883.34375,"bottom":394.2109375,"right":263,"left":16,"width":247,"height":1277.5546875},"answers":[{"identifier":"65116954","top":474.4921875,"bottom":969.515625,"right":263,"left":16,"width":247,"height":495.0234375},{"identifier":"68244233","top":969.515625,"bottom":1451.828125,"right":263,"left":16,"width":247,"height":482.3125}]}},{"timestamp":"2022-11-24T03:33:53.205Z","url":"https://stackoverflow.com/questions/65115458/how-to-serve-static-files-in-expressjs-on-some-paths-and-not-others","component":"page","action":"scroll","data":{"viewport":{"x":0,"y":500,"height":844,"width":296},"document":{"height":4652,"width":279},"question":{"identifier":"65115458","top":-283.34375,"bottom":994.2109375,"right":263,"left":16,"width":247,"height":1277.5546875},"answers":[{"identifier":"65116954","top":1074.4921875,"bottom":1569.515625,"right":263,"left":16,"width":247,"height":495.0234375},{"identifier":"68244233","top":1569.515625,"bottom":2051.828125,"right":263,"left":16,"width":247,"height":482.3125}]}},{"timestamp":"2022-11-24T03:33:53.390Z","url":"https://stackoverflow.com/questions/65115458/how-to-serve-static-files-in-expressjs-on-some-paths-and-not-others","component":"page","action":"close"}]},{"keywords":["serve","static","files"],"context":{"tokens":[{"kind":"language","value":"javascript"}]},"timestamp":"2022-11-24T03:33:53.565Z","results":[{"signatures":[],"areSignaturesLoading":true,"title":"Node.js quick file server (static files over HTTP) - Stack Overflow","snippet":"First install node-static server via npm install node-static -g -g is to install it ...","url":"https://stackoverflow.com/questions/16333790/node-js-quick-file-server-static-files-over-http","displayLink":"https://stackoverflow.com › questions › node-js-quick-f...","snippetHighlightWords":["static server","static"]},{"signatures":[],"areSignaturesLoading":true,"title":"What exactly does 'serving static files' mean? - Stack Overflow","snippet":"Static files are best considered as files that are not include by something like NPM or Bower. They are your own scripts, stylesheets, images, ...","url":"https://stackoverflow.com/questions/28918845/what-exactly-does-serving-static-files-mean","displayLink":"https://stackoverflow.com › questions › what-exactly-d...","snippetHighlightWords":["Static files"],"date":"Mar 7, 2015"},{"signatures":[],"areSignaturesLoading":true,"title":"How to properly use serve-static? - Stack Overflow","snippet":"Issue: I get a blank page, where the console says that everything supplementary in my \"app\" folder (APART FROM HTML FILES THEMSELVES!) ( ...","url":"https://stackoverflow.com/questions/63711537/how-to-properly-use-serve-static","displayLink":"https://stackoverflow.com › questions › how-to-properl...","snippetHighlightWords":["HTML"],"date":"Sep 2, 2020"},{"signatures":[],"areSignaturesLoading":true,"title":"How to serve static files from root path '/' - Stack Overflow","snippet":"To serve static files such as images, CSS files, and JavaScript files, use the express.static built-in middleware function in Express.","url":"https://stackoverflow.com/questions/72861892/how-to-serve-static-files-from-root-path","displayLink":"https://stackoverflow.com › questions › how-to-serve-st...","snippetHighlightWords":["serve static files","CSS files","JavaScript","express","Express"],"date":"Jul 4, 2022"},{"signatures":[],"areSignaturesLoading":true,"title":"How do I serve static files with authentication? - Stack Overflow","snippet":"If your auth is implemented by this: app.use('/public', ensureLoggedIn('/auth/facebook'));. Then, you either run that before your ...","url":"https://stackoverflow.com/questions/69877117/how-do-i-serve-static-files-with-authentication","displayLink":"https://stackoverflow.com › questions › how-do-i-serve...","date":"Nov 7, 2021"},{"signatures":[],"areSignaturesLoading":true,"title":"Express.js just won't serve static files - Stack Overflow","snippet":"You have to match up three things to get express.static() to work properly. You have to construct a URL you're requesting that matches the app.","url":"https://stackoverflow.com/questions/71451988/express-js-just-wont-serve-static-files","displayLink":"https://stackoverflow.com › questions › express-js-just-...","snippetHighlightWords":["express","static"],"date":"Mar 12, 2022"},{"signatures":[],"areSignaturesLoading":true,"title":"How do I serve static files through Node.js locally?","snippet":"The easiest solution I found on serving local static files is to use Http-Server. Its usage is dead simple. After installing it globally","url":"https://stackoverflow.com/questions/26145451/how-do-i-serve-static-files-through-node-js-locally","displayLink":"https://stackoverflow.com › questions › how-do-i-serve...","snippetHighlightWords":["serving","static files","Server"],"date":"Oct 1, 2014 3 answers"},{"signatures":[],"areSignaturesLoading":true,"title":"Node.js quick file server (static files over HTTPS)","snippet":"Node.js quick file server (static files over HTTPS) ... I've managed to create https server with node by using those commands from node.js ...","url":"https://stackoverflow.com/questions/58947200/node-js-quick-file-server-static-files-over-https","displayLink":"https://stackoverflow.com › questions › node-js-quick-f...","snippetHighlightWords":["js","server","static files","server","js"],"date":"Nov 20, 2019"},{"signatures":[],"areSignaturesLoading":true,"title":"nodejs express app serve static files from public/js folder not ...","snippet":"1. Add this middleware in the index.js above you set view engine. app.use(express.static(path.join(__dirname, \"public\"))); ...","url":"https://stackoverflow.com/questions/72411261/nodejs-express-app-serve-static-files-from-public-js-folder-not-work","displayLink":"https://stackoverflow.com › questions › nodejs-express-...","snippetHighlightWords":["js","express","static"],"date":"May 27, 2022 1 answer"},{"signatures":[],"areSignaturesLoading":true,"title":"How to serve static files in ExpressJS on some paths and not ...","snippet":"var express = require('express'); var app = express(); express.static(__dirname); app.use(redirectUnmatched); function redirectUnmatched(req, ...","url":"https://stackoverflow.com/questions/65115458/how-to-serve-static-files-in-expressjs-on-some-paths-and-not-others","displayLink":"https://stackoverflow.com › questions › how-to-serve-st...","snippetHighlightWords":["express","express","express","express","static"],"date":"Dec 2, 2020"}],"events":[{"timestamp":"2022-11-24T03:33:54.929Z","url":"https://stackoverflow.com/questions/16333790/node-js-quick-file-server-static-files-over-http","component":"projection","action":"load","data":{"height":37.5,"width":253.5234375,"wc":15,"lc":1}},{"timestamp":"2022-11-24T03:33:54.930Z","url":"https://stackoverflow.com/questions/28918845/what-exactly-does-serving-static-files-mean","component":"projection","action":"load","data":{"height":81.5,"width":261.90625,"wc":25,"lc":1}},{"timestamp":"2022-11-24T03:33:54.930Z","url":"https://stackoverflow.com/questions/63711537/how-to-properly-use-serve-static","component":"projection","action":"load","data":{"height":81.5,"width":262.8515625,"wc":24,"lc":1}},{"timestamp":"2022-11-24T03:33:54.930Z","url":"https://stackoverflow.com/questions/72861892/how-to-serve-static-files-from-root-path","component":"projection","action":"load","data":{"height":81.5,"width":255.140625,"wc":20,"lc":1}},{"timestamp":"2022-11-24T03:33:54.931Z","url":"https://stackoverflow.com/questions/69877117/how-do-i-serve-static-files-with-authentication","component":"projection","action":"load","data":{"height":81.5,"width":269.46875,"wc":17,"lc":1}},{"timestamp":"2022-11-24T03:33:54.931Z","url":"https://stackoverflow.com/questions/71451988/express-js-just-wont-serve-static-files","component":"projection","action":"load","data":{"height":81.5,"width":271.8984375,"wc":25,"lc":1}},{"timestamp":"2022-11-24T03:33:54.931Z","url":"https://stackoverflow.com/questions/26145451/how-do-i-serve-static-files-through-node-js-locally","component":"projection","action":"load","data":{"height":81.5,"width":245.265625,"wc":23,"lc":1}},{"timestamp":"2022-11-24T03:33:54.931Z","url":"https://stackoverflow.com/questions/58947200/node-js-quick-file-server-static-files-over-https","component":"projection","action":"load","data":{"height":81.5,"width":265.9765625,"wc":24,"lc":1}},{"timestamp":"2022-11-24T03:33:54.931Z","url":"https://stackoverflow.com/questions/72411261/nodejs-express-app-serve-static-files-from-public-js-folder-not-work","component":"projection","action":"load","data":{"height":103.5,"width":260.859375,"wc":15,"lc":1}},{"timestamp":"2022-11-24T03:33:54.932Z","url":"https://stackoverflow.com/questions/65115458/how-to-serve-static-files-in-expressjs-on-some-paths-and-not-others","component":"projection","action":"load","data":{"height":103.5,"width":251.7734375,"wc":13,"lc":1}},{"timestamp":"2022-11-24T03:33:54.944Z","url":"https://stackoverflow.com/questions/28918845/what-exactly-does-serving-static-files-mean","component":"projection","action":"mouseenter"},{"timestamp":"2022-11-24T03:33:55.704Z","url":"https://stackoverflow.com/questions/28918845/what-exactly-does-serving-static-files-mean","component":"projection","action":"mouseleave"},{"timestamp":"2022-11-24T03:33:55.713Z","url":"https://stackoverflow.com/questions/16333790/node-js-quick-file-server-static-files-over-http","component":"projection","action":"mouseenter"},{"timestamp":"2022-11-24T03:33:56.052Z","url":"https://stackoverflow.com/questions/16333790/node-js-quick-file-server-static-files-over-http","component":"projection","action":"loaded","data":"projection 10 of 10"},{"timestamp":"2022-11-24T03:33:56.052Z","url":"https://stackoverflow.com/questions/28918845/what-exactly-does-serving-static-files-mean","component":"projection","action":"loaded","data":"projection 9 of 10"},{"timestamp":"2022-11-24T03:33:56.052Z","url":"https://stackoverflow.com/questions/63711537/how-to-properly-use-serve-static","component":"projection","action":"loaded","data":"projection 8 of 10"},{"timestamp":"2022-11-24T03:33:56.052Z","url":"https://stackoverflow.com/questions/72861892/how-to-serve-static-files-from-root-path","component":"projection","action":"loaded","data":"projection 7 of 10"},{"timestamp":"2022-11-24T03:33:56.052Z","url":"https://stackoverflow.com/questions/69877117/how-do-i-serve-static-files-with-authentication","component":"projection","action":"loaded","data":"projection 6 of 10"},{"timestamp":"2022-11-24T03:33:56.052Z","url":"https://stackoverflow.com/questions/71451988/express-js-just-wont-serve-static-files","component":"projection","action":"loaded","data":"projection 5 of 10"},{"timestamp":"2022-11-24T03:33:56.052Z","url":"https://stackoverflow.com/questions/26145451/how-do-i-serve-static-files-through-node-js-locally","component":"projection","action":"loaded","data":"projection 4 of 10"},{"timestamp":"2022-11-24T03:33:56.052Z","url":"https://stackoverflow.com/questions/58947200/node-js-quick-file-server-static-files-over-https","component":"projection","action":"loaded","data":"projection 3 of 10"},{"timestamp":"2022-11-24T03:33:56.053Z","url":"https://stackoverflow.com/questions/72411261/nodejs-express-app-serve-static-files-from-public-js-folder-not-work","component":"projection","action":"loaded","data":"projection 2 of 10"},{"timestamp":"2022-11-24T03:33:56.053Z","url":"https://stackoverflow.com/questions/65115458/how-to-serve-static-files-in-expressjs-on-some-paths-and-not-others","component":"projection","action":"loaded","data":"projection 1 of 10"},{"timestamp":"2022-11-24T03:33:56.515Z","url":"https://stackoverflow.com/questions/16333790/node-js-quick-file-server-static-files-over-http","component":"page","action":"open"},{"timestamp":"2022-11-24T03:33:56.561Z","url":"https://stackoverflow.com/questions/16333790/node-js-quick-file-server-static-files-over-http","component":"projection","action":"mouseleave"},{"timestamp":"2022-11-24T03:33:57.664Z","url":"https://stackoverflow.com/questions/16333790/node-js-quick-file-server-static-files-over-http","component":"page","action":"load"},{"timestamp":"2022-11-24T03:34:00.061Z","url":"https://stackoverflow.com/questions/16333790/node-js-quick-file-server-static-files-over-http","component":"page","action":"scroll","data":{"viewport":{"x":0,"y":1400,"height":844,"width":296},"document":{"height":39249,"width":279},"question":{"identifier":"16333790","top":-1236.5625,"bottom":179.2890625,"right":263,"left":16,"width":247,"height":1415.8515625},"answers":[{"identifier":"16350826","top":296.5703125,"bottom":1691.1328125,"right":263,"left":16,"width":247,"height":1394.5625},{"identifier":"29046869","top":1691.1328125,"bottom":4964.25,"right":263,"left":16,"width":247,"height":3273.1171875},{"identifier":"24575241","top":4964.25,"bottom":6614.1640625,"right":263,"left":16,"width":247,"height":1649.9140625},{"identifier":"16341126","top":6614.1640625,"bottom":7523.6875,"right":263,"left":16,"width":247,"height":909.5234375},{"identifier":"59679207","top":7523.6875,"bottom":8114.109375,"right":263,"left":16,"width":247,"height":590.421875},{"identifier":"16333915","top":8114.109375,"bottom":9091.8671875,"right":263,"left":16,"width":247,"height":977.7578125},{"identifier":"47571286","top":9091.8671875,"bottom":11124.8515625,"right":263,"left":16,"width":247,"height":2032.984375},{"identifier":"38522044","top":11124.8515625,"bottom":12805.5390625,"right":263,"left":16,"width":247,"height":1680.6875},{"identifier":"44188852","top":12805.5390625,"bottom":14424.9140625,"right":263,"left":16,"width":247,"height":1619.375},{"identifier":"59088331","top":14424.9140625,"bottom":16011.9375,"right":263,"left":16,"width":247,"height":1587.0234375},{"identifier":"34734689","top":16011.9375,"bottom":17144.1953125,"right":263,"left":16,"width":247,"height":1132.2578125},{"identifier":"44990733","top":17144.1953125,"bottom":20517.890625,"right":263,"left":16,"width":247,"height":3373.6953125},{"identifier":"47771710","top":20517.890625,"bottom":21841.9140625,"right":263,"left":16,"width":247,"height":1324.0234375},{"identifier":"49402977","top":21841.9140625,"bottom":22926.0703125,"right":263,"left":16,"width":247,"height":1084.15625},{"identifier":"57049965","top":22926.0703125,"bottom":24192.09375,"right":263,"left":16,"width":247,"height":1266.0234375},{"identifier":"16333910","top":24192.09375,"bottom":24843.9921875,"right":263,"left":16,"width":247,"height":651.8984375},{"identifier":"26940665","top":24843.9921875,"bottom":25294.515625,"right":263,"left":16,"width":247,"height":450.5234375},{"identifier":"30312255","top":25294.515625,"bottom":26006.3203125,"right":263,"left":16,"width":247,"height":711.8046875},{"identifier":"34257413","top":26006.3203125,"bottom":27574.84375,"right":263,"left":16,"width":247,"height":1568.5234375},{"identifier":"38481204","top":27574.84375,"bottom":28169.8671875,"right":263,"left":16,"width":247,"height":595.0234375},{"identifier":"16336289","top":28169.8671875,"bottom":30082.4921875,"right":263,"left":16,"width":247,"height":1912.625},{"identifier":"35165263","top":30082.4921875,"bottom":30633.015625,"right":263,"left":16,"width":247,"height":550.5234375},{"identifier":"21304750","top":30633.015625,"bottom":31224.0390625,"right":263,"left":16,"width":247,"height":591.0234375},{"identifier":"22761975","top":31224.0390625,"bottom":31689.0625,"right":263,"left":16,"width":247,"height":465.0234375},{"identifier":"31004593","top":31689.0625,"bottom":32672.953125,"right":263,"left":16,"width":247,"height":983.890625},{"identifier":"31910444","top":32672.953125,"bottom":32948.2890625,"right":263,"left":16,"width":247,"height":275.3359375},{"identifier":"16340721","top":32948.2890625,"bottom":33262.625,"right":263,"left":16,"width":247,"height":314.3359375},{"identifier":"35578843","top":33262.625,"bottom":34318.90625,"right":263,"left":16,"width":247,"height":1056.28125},{"identifier":"36568104","top":34318.90625,"bottom":34816.5,"right":263,"left":16,"width":247,"height":497.59375},{"identifier":"44957545","top":34816.5,"bottom":35361.8359375,"right":263,"left":16,"width":247,"height":545.3359375}]}},{"timestamp":"2022-11-24T03:34:02.370Z","url":"https://stackoverflow.com/questions/16333790/node-js-quick-file-server-static-files-over-http","component":"page","action":"scroll","data":{"viewport":{"x":0,"y":2600,"height":844,"width":296},"document":{"height":39249,"width":279},"question":{"identifier":"16333790","top":-2436.5625,"bottom":-1020.7109375,"right":263,"left":16,"width":247,"height":1415.8515625},"answers":[{"identifier":"16350826","top":-903.4296875,"bottom":491.1328125,"right":263,"left":16,"width":247,"height":1394.5625},{"identifier":"29046869","top":491.1328125,"bottom":3764.25,"right":263,"left":16,"width":247,"height":3273.1171875},{"identifier":"24575241","top":3764.25,"bottom":5414.1640625,"right":263,"left":16,"width":247,"height":1649.9140625},{"identifier":"16341126","top":5414.1640625,"bottom":6323.6875,"right":263,"left":16,"width":247,"height":909.5234375},{"identifier":"59679207","top":6323.6875,"bottom":6914.109375,"right":263,"left":16,"width":247,"height":590.421875},{"identifier":"16333915","top":6914.109375,"bottom":7891.8671875,"right":263,"left":16,"width":247,"height":977.7578125},{"identifier":"47571286","top":7891.8671875,"bottom":9924.8515625,"right":263,"left":16,"width":247,"height":2032.984375},{"identifier":"38522044","top":9924.8515625,"bottom":11605.5390625,"right":263,"left":16,"width":247,"height":1680.6875},{"identifier":"44188852","top":11605.5390625,"bottom":13224.9140625,"right":263,"left":16,"width":247,"height":1619.375},{"identifier":"59088331","top":13224.9140625,"bottom":14811.9375,"right":263,"left":16,"width":247,"height":1587.0234375},{"identifier":"34734689","top":14811.9375,"bottom":15944.1953125,"right":263,"left":16,"width":247,"height":1132.2578125},{"identifier":"44990733","top":15944.1953125,"bottom":19317.890625,"right":263,"left":16,"width":247,"height":3373.6953125},{"identifier":"47771710","top":19317.890625,"bottom":20641.9140625,"right":263,"left":16,"width":247,"height":1324.0234375},{"identifier":"49402977","top":20641.9140625,"bottom":21726.0703125,"right":263,"left":16,"width":247,"height":1084.15625},{"identifier":"57049965","top":21726.0703125,"bottom":22992.09375,"right":263,"left":16,"width":247,"height":1266.0234375},{"identifier":"16333910","top":22992.09375,"bottom":23643.9921875,"right":263,"left":16,"width":247,"height":651.8984375},{"identifier":"26940665","top":23643.9921875,"bottom":24094.515625,"right":263,"left":16,"width":247,"height":450.5234375},{"identifier":"30312255","top":24094.515625,"bottom":24806.3203125,"right":263,"left":16,"width":247,"height":711.8046875},{"identifier":"34257413","top":24806.3203125,"bottom":26374.84375,"right":263,"left":16,"width":247,"height":1568.5234375},{"identifier":"38481204","top":26374.84375,"bottom":26969.8671875,"right":263,"left":16,"width":247,"height":595.0234375},{"identifier":"16336289","top":26969.8671875,"bottom":28882.4921875,"right":263,"left":16,"width":247,"height":1912.625},{"identifier":"35165263","top":28882.4921875,"bottom":29433.015625,"right":263,"left":16,"width":247,"height":550.5234375},{"identifier":"21304750","top":29433.015625,"bottom":30024.0390625,"right":263,"left":16,"width":247,"height":591.0234375},{"identifier":"22761975","top":30024.0390625,"bottom":30489.0625,"right":263,"left":16,"width":247,"height":465.0234375},{"identifier":"31004593","top":30489.0625,"bottom":31472.953125,"right":263,"left":16,"width":247,"height":983.890625},{"identifier":"31910444","top":31472.953125,"bottom":31748.2890625,"right":263,"left":16,"width":247,"height":275.3359375},{"identifier":"16340721","top":31748.2890625,"bottom":32062.625,"right":263,"left":16,"width":247,"height":314.3359375},{"identifier":"35578843","top":32062.625,"bottom":33118.90625,"right":263,"left":16,"width":247,"height":1056.28125},{"identifier":"36568104","top":33118.90625,"bottom":33616.5,"right":263,"left":16,"width":247,"height":497.59375},{"identifier":"44957545","top":33616.5,"bottom":34161.8359375,"right":263,"left":16,"width":247,"height":545.3359375}]}},{"timestamp":"2022-11-24T03:34:04.330Z","url":"https://stackoverflow.com/questions/16333790/node-js-quick-file-server-static-files-over-http","component":"page","action":"scroll","data":{"viewport":{"x":0,"y":3200,"height":844,"width":296},"document":{"height":39249,"width":279},"question":{"identifier":"16333790","top":-3036.5625,"bottom":-1620.7109375,"right":263,"left":16,"width":247,"height":1415.8515625},"answers":[{"identifier":"16350826","top":-1503.4296875,"bottom":-108.8671875,"right":263,"left":16,"width":247,"height":1394.5625},{"identifier":"29046869","top":-108.8671875,"bottom":3164.25,"right":263,"left":16,"width":247,"height":3273.1171875},{"identifier":"24575241","top":3164.25,"bottom":4814.1640625,"right":263,"left":16,"width":247,"height":1649.9140625},{"identifier":"16341126","top":4814.1640625,"bottom":5723.6875,"right":263,"left":16,"width":247,"height":909.5234375},{"identifier":"59679207","top":5723.6875,"bottom":6314.109375,"right":263,"left":16,"width":247,"height":590.421875},{"identifier":"16333915","top":6314.109375,"bottom":7291.8671875,"right":263,"left":16,"width":247,"height":977.7578125},{"identifier":"47571286","top":7291.8671875,"bottom":9324.8515625,"right":263,"left":16,"width":247,"height":2032.984375},{"identifier":"38522044","top":9324.8515625,"bottom":11005.5390625,"right":263,"left":16,"width":247,"height":1680.6875},{"identifier":"44188852","top":11005.5390625,"bottom":12624.9140625,"right":263,"left":16,"width":247,"height":1619.375},{"identifier":"59088331","top":12624.9140625,"bottom":14211.9375,"right":263,"left":16,"width":247,"height":1587.0234375},{"identifier":"34734689","top":14211.9375,"bottom":15344.1953125,"right":263,"left":16,"width":247,"height":1132.2578125},{"identifier":"44990733","top":15344.1953125,"bottom":18717.890625,"right":263,"left":16,"width":247,"height":3373.6953125},{"identifier":"47771710","top":18717.890625,"bottom":20041.9140625,"right":263,"left":16,"width":247,"height":1324.0234375},{"identifier":"49402977","top":20041.9140625,"bottom":21126.0703125,"right":263,"left":16,"width":247,"height":1084.15625},{"identifier":"57049965","top":21126.0703125,"bottom":22392.09375,"right":263,"left":16,"width":247,"height":1266.0234375},{"identifier":"16333910","top":22392.09375,"bottom":23043.9921875,"right":263,"left":16,"width":247,"height":651.8984375},{"identifier":"26940665","top":23043.9921875,"bottom":23494.515625,"right":263,"left":16,"width":247,"height":450.5234375},{"identifier":"30312255","top":23494.515625,"bottom":24206.3203125,"right":263,"left":16,"width":247,"height":711.8046875},{"identifier":"34257413","top":24206.3203125,"bottom":25774.84375,"right":263,"left":16,"width":247,"height":1568.5234375},{"identifier":"38481204","top":25774.84375,"bottom":26369.8671875,"right":263,"left":16,"width":247,"height":595.0234375},{"identifier":"16336289","top":26369.8671875,"bottom":28282.4921875,"right":263,"left":16,"width":247,"height":1912.625},{"identifier":"35165263","top":28282.4921875,"bottom":28833.015625,"right":263,"left":16,"width":247,"height":550.5234375},{"identifier":"21304750","top":28833.015625,"bottom":29424.0390625,"right":263,"left":16,"width":247,"height":591.0234375},{"identifier":"22761975","top":29424.0390625,"bottom":29889.0625,"right":263,"left":16,"width":247,"height":465.0234375},{"identifier":"31004593","top":29889.0625,"bottom":30872.953125,"right":263,"left":16,"width":247,"height":983.890625},{"identifier":"31910444","top":30872.953125,"bottom":31148.2890625,"right":263,"left":16,"width":247,"height":275.3359375},{"identifier":"16340721","top":31148.2890625,"bottom":31462.625,"right":263,"left":16,"width":247,"height":314.3359375},{"identifier":"35578843","top":31462.625,"bottom":32518.90625,"right":263,"left":16,"width":247,"height":1056.28125},{"identifier":"36568104","top":32518.90625,"bottom":33016.5,"right":263,"left":16,"width":247,"height":497.59375},{"identifier":"44957545","top":33016.5,"bottom":33561.8359375,"right":263,"left":16,"width":247,"height":545.3359375}]}},{"timestamp":"2022-11-24T03:34:05.398Z","url":"https://stackoverflow.com/questions/16333790/node-js-quick-file-server-static-files-over-http","component":"page","action":"scroll","data":{"viewport":{"x":0,"y":4000,"height":844,"width":296},"document":{"height":39249,"width":279},"question":{"identifier":"16333790","top":-3836.5625,"bottom":-2420.7109375,"right":263,"left":16,"width":247,"height":1415.8515625},"answers":[{"identifier":"16350826","top":-2303.4296875,"bottom":-908.8671875,"right":263,"left":16,"width":247,"height":1394.5625},{"identifier":"29046869","top":-908.8671875,"bottom":2364.25,"right":263,"left":16,"width":247,"height":3273.1171875},{"identifier":"24575241","top":2364.25,"bottom":4014.1640625,"right":263,"left":16,"width":247,"height":1649.9140625},{"identifier":"16341126","top":4014.1640625,"bottom":4923.6875,"right":263,"left":16,"width":247,"height":909.5234375},{"identifier":"59679207","top":4923.6875,"bottom":5514.109375,"right":263,"left":16,"width":247,"height":590.421875},{"identifier":"16333915","top":5514.109375,"bottom":6491.8671875,"right":263,"left":16,"width":247,"height":977.7578125},{"identifier":"47571286","top":6491.8671875,"bottom":8524.8515625,"right":263,"left":16,"width":247,"height":2032.984375},{"identifier":"38522044","top":8524.8515625,"bottom":10205.5390625,"right":263,"left":16,"width":247,"height":1680.6875},{"identifier":"44188852","top":10205.5390625,"bottom":11824.9140625,"right":263,"left":16,"width":247,"height":1619.375},{"identifier":"59088331","top":11824.9140625,"bottom":13411.9375,"right":263,"left":16,"width":247,"height":1587.0234375},{"identifier":"34734689","top":13411.9375,"bottom":14544.1953125,"right":263,"left":16,"width":247,"height":1132.2578125},{"identifier":"44990733","top":14544.1953125,"bottom":17917.890625,"right":263,"left":16,"width":247,"height":3373.6953125},{"identifier":"47771710","top":17917.890625,"bottom":19241.9140625,"right":263,"left":16,"width":247,"height":1324.0234375},{"identifier":"49402977","top":19241.9140625,"bottom":20326.0703125,"right":263,"left":16,"width":247,"height":1084.15625},{"identifier":"57049965","top":20326.0703125,"bottom":21592.09375,"right":263,"left":16,"width":247,"height":1266.0234375},{"identifier":"16333910","top":21592.09375,"bottom":22243.9921875,"right":263,"left":16,"width":247,"height":651.8984375},{"identifier":"26940665","top":22243.9921875,"bottom":22694.515625,"right":263,"left":16,"width":247,"height":450.5234375},{"identifier":"30312255","top":22694.515625,"bottom":23406.3203125,"right":263,"left":16,"width":247,"height":711.8046875},{"identifier":"34257413","top":23406.3203125,"bottom":24974.84375,"right":263,"left":16,"width":247,"height":1568.5234375},{"identifier":"38481204","top":24974.84375,"bottom":25569.8671875,"right":263,"left":16,"width":247,"height":595.0234375},{"identifier":"16336289","top":25569.8671875,"bottom":27482.4921875,"right":263,"left":16,"width":247,"height":1912.625},{"identifier":"35165263","top":27482.4921875,"bottom":28033.015625,"right":263,"left":16,"width":247,"height":550.5234375},{"identifier":"21304750","top":28033.015625,"bottom":28624.0390625,"right":263,"left":16,"width":247,"height":591.0234375},{"identifier":"22761975","top":28624.0390625,"bottom":29089.0625,"right":263,"left":16,"width":247,"height":465.0234375},{"identifier":"31004593","top":29089.0625,"bottom":30072.953125,"right":263,"left":16,"width":247,"height":983.890625},{"identifier":"31910444","top":30072.953125,"bottom":30348.2890625,"right":263,"left":16,"width":247,"height":275.3359375},{"identifier":"16340721","top":30348.2890625,"bottom":30662.625,"right":263,"left":16,"width":247,"height":314.3359375},{"identifier":"35578843","top":30662.625,"bottom":31718.90625,"right":263,"left":16,"width":247,"height":1056.28125},{"identifier":"36568104","top":31718.90625,"bottom":32216.5,"right":263,"left":16,"width":247,"height":497.59375},{"identifier":"44957545","top":32216.5,"bottom":32761.8359375,"right":263,"left":16,"width":247,"height":545.3359375}]}},{"timestamp":"2022-11-24T03:34:06.012Z","url":"https://stackoverflow.com/questions/16333790/node-js-quick-file-server-static-files-over-http","component":"page","action":"scroll","data":{"viewport":{"x":0,"y":4400,"height":844,"width":296},"document":{"height":39249,"width":279},"question":{"identifier":"16333790","top":-4236.5625,"bottom":-2820.7109375,"right":263,"left":16,"width":247,"height":1415.8515625},"answers":[{"identifier":"16350826","top":-2703.4296875,"bottom":-1308.8671875,"right":263,"left":16,"width":247,"height":1394.5625},{"identifier":"29046869","top":-1308.8671875,"bottom":1964.25,"right":263,"left":16,"width":247,"height":3273.1171875},{"identifier":"24575241","top":1964.25,"bottom":3614.1640625,"right":263,"left":16,"width":247,"height":1649.9140625},{"identifier":"16341126","top":3614.1640625,"bottom":4523.6875,"right":263,"left":16,"width":247,"height":909.5234375},{"identifier":"59679207","top":4523.6875,"bottom":5114.109375,"right":263,"left":16,"width":247,"height":590.421875},{"identifier":"16333915","top":5114.109375,"bottom":6091.8671875,"right":263,"left":16,"width":247,"height":977.7578125},{"identifier":"47571286","top":6091.8671875,"bottom":8124.8515625,"right":263,"left":16,"width":247,"height":2032.984375},{"identifier":"38522044","top":8124.8515625,"bottom":9805.5390625,"right":263,"left":16,"width":247,"height":1680.6875},{"identifier":"44188852","top":9805.5390625,"bottom":11424.9140625,"right":263,"left":16,"width":247,"height":1619.375},{"identifier":"59088331","top":11424.9140625,"bottom":13011.9375,"right":263,"left":16,"width":247,"height":1587.0234375},{"identifier":"34734689","top":13011.9375,"bottom":14144.1953125,"right":263,"left":16,"width":247,"height":1132.2578125},{"identifier":"44990733","top":14144.1953125,"bottom":17517.890625,"right":263,"left":16,"width":247,"height":3373.6953125},{"identifier":"47771710","top":17517.890625,"bottom":18841.9140625,"right":263,"left":16,"width":247,"height":1324.0234375},{"identifier":"49402977","top":18841.9140625,"bottom":19926.0703125,"right":263,"left":16,"width":247,"height":1084.15625},{"identifier":"57049965","top":19926.0703125,"bottom":21192.09375,"right":263,"left":16,"width":247,"height":1266.0234375},{"identifier":"16333910","top":21192.09375,"bottom":21843.9921875,"right":263,"left":16,"width":247,"height":651.8984375},{"identifier":"26940665","top":21843.9921875,"bottom":22294.515625,"right":263,"left":16,"width":247,"height":450.5234375},{"identifier":"30312255","top":22294.515625,"bottom":23006.3203125,"right":263,"left":16,"width":247,"height":711.8046875},{"identifier":"34257413","top":23006.3203125,"bottom":24574.84375,"right":263,"left":16,"width":247,"height":1568.5234375},{"identifier":"38481204","top":24574.84375,"bottom":25169.8671875,"right":263,"left":16,"width":247,"height":595.0234375},{"identifier":"16336289","top":25169.8671875,"bottom":27082.4921875,"right":263,"left":16,"width":247,"height":1912.625},{"identifier":"35165263","top":27082.4921875,"bottom":27633.015625,"right":263,"left":16,"width":247,"height":550.5234375},{"identifier":"21304750","top":27633.015625,"bottom":28224.0390625,"right":263,"left":16,"width":247,"height":591.0234375},{"identifier":"22761975","top":28224.0390625,"bottom":28689.0625,"right":263,"left":16,"width":247,"height":465.0234375},{"identifier":"31004593","top":28689.0625,"bottom":29672.953125,"right":263,"left":16,"width":247,"height":983.890625},{"identifier":"31910444","top":29672.953125,"bottom":29948.2890625,"right":263,"left":16,"width":247,"height":275.3359375},{"identifier":"16340721","top":29948.2890625,"bottom":30262.625,"right":263,"left":16,"width":247,"height":314.3359375},{"identifier":"35578843","top":30262.625,"bottom":31318.90625,"right":263,"left":16,"width":247,"height":1056.28125},{"identifier":"36568104","top":31318.90625,"bottom":31816.5,"right":263,"left":16,"width":247,"height":497.59375},{"identifier":"44957545","top":31816.5,"bottom":32361.8359375,"right":263,"left":16,"width":247,"height":545.3359375}]}},{"timestamp":"2022-11-24T03:34:06.213Z","url":"https://stackoverflow.com/questions/16333790/node-js-quick-file-server-static-files-over-http","component":"page","action":"close"},{"timestamp":"2022-11-24T03:34:06.569Z","url":"https://stackoverflow.com/questions/28918845/what-exactly-does-serving-static-files-mean","component":"projection","action":"mouseenter"},{"timestamp":"2022-11-24T03:34:07.037Z","url":"https://stackoverflow.com/questions/28918845/what-exactly-does-serving-static-files-mean","component":"projection","action":"mouseleave"},{"timestamp":"2022-11-24T03:34:07.040Z","url":"https://stackoverflow.com/questions/63711537/how-to-properly-use-serve-static","component":"projection","action":"mouseenter"},{"timestamp":"2022-11-24T03:34:07.638Z","url":"https://stackoverflow.com/questions/63711537/how-to-properly-use-serve-static","component":"page","action":"open"},{"timestamp":"2022-11-24T03:34:07.673Z","url":"https://stackoverflow.com/questions/63711537/how-to-properly-use-serve-static","component":"projection","action":"mouseleave"},{"timestamp":"2022-11-24T03:34:08.178Z","url":"https://stackoverflow.com/questions/63711537/how-to-properly-use-serve-static","component":"page","action":"load"},{"timestamp":"2022-11-24T03:34:10.534Z","url":"https://stackoverflow.com/questions/63711537/how-to-properly-use-serve-static","component":"page","action":"scroll","data":{"viewport":{"x":0,"y":2200,"height":844,"width":296},"document":{"height":6701,"width":279},"question":{"identifier":"63711537","top":-2014.1796875,"bottom":25.2421875,"right":263,"left":16,"width":247,"height":2039.421875},"answers":[{"identifier":"63711768","top":105.5234375,"bottom":1008.53125,"right":263,"left":16,"width":247,"height":903.0078125},{"identifier":"63711635","top":1008.53125,"bottom":1500.3671875,"right":263,"left":16,"width":247,"height":491.8359375},{"identifier":"63711648","top":1500.3671875,"bottom":2171.703125,"right":263,"left":16,"width":247,"height":671.3359375}]}},{"timestamp":"2022-11-24T03:34:12.119Z","url":"https://stackoverflow.com/questions/63711537/how-to-properly-use-serve-static","component":"page","action":"close"},{"timestamp":"2022-11-24T03:34:12.471Z","url":"https://stackoverflow.com/questions/63711537/how-to-properly-use-serve-static","component":"projection","action":"mouseenter"},{"timestamp":"2022-11-24T03:34:13.249Z","url":"https://stackoverflow.com/questions/63711537/how-to-properly-use-serve-static","component":"projection","action":"mouseleave"},{"timestamp":"2022-11-24T03:34:13.262Z","url":"https://stackoverflow.com/questions/72861892/how-to-serve-static-files-from-root-path","component":"projection","action":"mouseenter"},{"timestamp":"2022-11-24T03:34:13.488Z","url":"https://stackoverflow.com/questions/72861892/how-to-serve-static-files-from-root-path","component":"projection","action":"mouseleave"},{"timestamp":"2022-11-24T03:34:13.491Z","url":"https://stackoverflow.com/questions/69877117/how-do-i-serve-static-files-with-authentication","component":"projection","action":"mouseenter"},{"timestamp":"2022-11-24T03:34:14.022Z","url":"https://stackoverflow.com/questions/69877117/how-do-i-serve-static-files-with-authentication","component":"page","action":"open"},{"timestamp":"2022-11-24T03:34:14.088Z","url":"https://stackoverflow.com/questions/69877117/how-do-i-serve-static-files-with-authentication","component":"projection","action":"mouseleave"},{"timestamp":"2022-11-24T03:34:14.602Z","url":"https://stackoverflow.com/questions/69877117/how-do-i-serve-static-files-with-authentication","component":"page","action":"load"},{"timestamp":"2022-11-24T03:34:16.370Z","url":"https://stackoverflow.com/questions/69877117/how-do-i-serve-static-files-with-authentication","component":"page","action":"scroll","data":{"viewport":{"x":0,"y":300,"height":844,"width":296},"document":{"height":7244,"width":279},"question":{"identifier":"69877117","top":-105.7265625,"bottom":2294.078125,"right":263,"left":16,"width":247,"height":2399.8046875},"answers":[{"identifier":"69877679","top":2374.359375,"bottom":4270.0546875,"right":263,"left":16,"width":247,"height":1895.6953125},{"identifier":"69888300","top":4270.0546875,"bottom":4737.390625,"right":263,"left":16,"width":247,"height":467.3359375}]}},{"timestamp":"2022-11-24T03:34:20.587Z","url":"https://stackoverflow.com/questions/69877117/how-do-i-serve-static-files-with-authentication","component":"page","action":"scroll","data":{"viewport":{"x":0,"y":1500,"height":844,"width":296},"document":{"height":7244,"width":279},"question":{"identifier":"69877117","top":-1305.7265625,"bottom":1094.078125,"right":263,"left":16,"width":247,"height":2399.8046875},"answers":[{"identifier":"69877679","top":1174.359375,"bottom":3070.0546875,"right":263,"left":16,"width":247,"height":1895.6953125},{"identifier":"69888300","top":3070.0546875,"bottom":3537.390625,"right":263,"left":16,"width":247,"height":467.3359375}]}},{"timestamp":"2022-11-24T03:35:03.477Z","url":"https://stackoverflow.com/questions/69877117/how-do-i-serve-static-files-with-authentication","component":"page","action":"scroll","data":{"viewport":{"x":0,"y":2400,"height":844,"width":296},"document":{"height":7244,"width":279},"question":{"identifier":"69877117","top":-2205.7265625,"bottom":194.078125,"right":263,"left":16,"width":247,"height":2399.8046875},"answers":[{"identifier":"69877679","top":274.359375,"bottom":2170.0546875,"right":263,"left":16,"width":247,"height":1895.6953125},{"identifier":"69888300","top":2170.0546875,"bottom":2637.390625,"right":263,"left":16,"width":247,"height":467.3359375}]}},{"timestamp":"2022-11-24T03:35:06.072Z","url":"https://stackoverflow.com/questions/69877117/how-do-i-serve-static-files-with-authentication","component":"page","action":"selection","data":"se('/p"},{"timestamp":"2022-11-24T03:35:18.527Z","url":"https://stackoverflow.com/questions/69877117/how-do-i-serve-static-files-with-authentication","component":"page","action":"scroll","data":{"viewport":{"x":0,"y":1900,"height":844,"width":296},"document":{"height":7244,"width":279},"question":{"identifier":"69877117","top":-1705.7265625,"bottom":694.078125,"right":263,"left":16,"width":247,"height":2399.8046875},"answers":[{"identifier":"69877679","top":774.359375,"bottom":2670.0546875,"right":263,"left":16,"width":247,"height":1895.6953125},{"identifier":"69888300","top":2670.0546875,"bottom":3137.390625,"right":263,"left":16,"width":247,"height":467.3359375}]}},{"timestamp":"2022-11-24T03:35:23.585Z","url":"https://stackoverflow.com/questions/69877117/how-do-i-serve-static-files-with-authentication","component":"page","action":"scroll","data":{"viewport":{"x":0,"y":4300,"height":844,"width":296},"document":{"height":7244,"width":279},"question":{"identifier":"69877117","top":-4105.7265625,"bottom":-1705.921875,"right":263,"left":16,"width":247,"height":2399.8046875},"answers":[{"identifier":"69877679","top":-1625.640625,"bottom":270.0546875,"right":263,"left":16,"width":247,"height":1895.6953125},{"identifier":"69888300","top":270.0546875,"bottom":737.390625,"right":263,"left":16,"width":247,"height":467.3359375}]}},{"timestamp":"2022-11-24T03:35:25.646Z","url":"https://stackoverflow.com/questions/69877117/how-do-i-serve-static-files-with-authentication","component":"page","action":"scroll","data":{"viewport":{"x":0,"y":4500,"height":844,"width":296},"document":{"height":7244,"width":279},"question":{"identifier":"69877117","top":-4305.7265625,"bottom":-1905.921875,"right":263,"left":16,"width":247,"height":2399.8046875},"answers":[{"identifier":"69877679","top":-1825.640625,"bottom":70.0546875,"right":263,"left":16,"width":247,"height":1895.6953125},{"identifier":"69888300","top":70.0546875,"bottom":537.390625,"right":263,"left":16,"width":247,"height":467.3359375}]}},{"timestamp":"2022-11-24T03:35:33.113Z","url":"https://stackoverflow.com/questions/69877117/how-do-i-serve-static-files-with-authentication","component":"page","action":"scroll","data":{"viewport":{"x":0,"y":6200,"height":844,"width":296},"document":{"height":7244,"width":279},"question":{"identifier":"69877117","top":-6005.7265625,"bottom":-3605.921875,"right":263,"left":16,"width":247,"height":2399.8046875},"answers":[{"identifier":"69877679","top":-3525.640625,"bottom":-1629.9453125,"right":263,"left":16,"width":247,"height":1895.6953125},{"identifier":"69888300","top":-1629.9453125,"bottom":-1162.609375,"right":263,"left":16,"width":247,"height":467.3359375}]}},{"timestamp":"2022-11-24T03:35:36.365Z","url":"https://stackoverflow.com/questions/69877117/how-do-i-serve-static-files-with-authentication","component":"page","action":"close"},{"timestamp":"2022-11-24T03:35:36.714Z","url":"https://stackoverflow.com/questions/69877117/how-do-i-serve-static-files-with-authentication","component":"projection","action":"mouseenter"},{"timestamp":"2022-11-24T03:35:37.161Z","url":"https://stackoverflow.com/questions/69877117/how-do-i-serve-static-files-with-authentication","component":"projection","action":"mouseleave"},{"timestamp":"2022-11-24T03:35:37.177Z","url":"https://stackoverflow.com/questions/71451988/express-js-just-wont-serve-static-files","component":"projection","action":"mouseenter"}]},{"keywords":["serve","static","files"],"context":{"tokens":[{"kind":"library","value":"express"},{"kind":"library","value":"path"},{"kind":"call","value":"static"},{"kind":"language","value":"javascript"}]},"timestamp":"2022-11-24T03:35:37.477Z","results":[{"signatures":[],"areSignaturesLoading":true,"title":"Static Files in express - node.js - Stack Overflow","snippet":"In the Express framework, express.static() is often used for serving a group of static files (all in one directory or in one directory ...","url":"https://stackoverflow.com/questions/71668735/static-files-in-express","displayLink":"https://stackoverflow.com › questions › static-files-in-ex...","snippetHighlightWords":["Express","express","serving","static files","directory","directory"],"date":"Mar 29, 2022"},{"signatures":[],"areSignaturesLoading":true,"title":"How to serve static files in ExpressJS on some paths and not ...","snippet":"I have this piece of code: var express = require('express'); var app = express(); express.","url":"https://stackoverflow.com/questions/65115458/how-to-serve-static-files-in-expressjs-on-some-paths-and-not-others","displayLink":"https://stackoverflow.com › questions › how-to-serve-st...","snippetHighlightWords":["express","express","express","express"],"date":"Dec 2, 2020"},{"signatures":[],"areSignaturesLoading":true,"title":"nodejs express app serve static files from public/js folder not ...","snippet":"1. Add this middleware in the index.js above you set view engine. app.use(express.static(path.join(__dirname, \"public\"))); · 2. Folder Structure.","url":"https://stackoverflow.com/questions/72411261/nodejs-express-app-serve-static-files-from-public-js-folder-not-work","displayLink":"https://stackoverflow.com › questions › nodejs-express-...","snippetHighlightWords":["js","express","static","path"],"date":"May 27, 2022 1 answer"},{"signatures":[],"areSignaturesLoading":true,"title":"How to serve static files from root path '/' - Stack Overflow","snippet":"To serve static files such as images, CSS files, and JavaScript files, use the express.static built-in middleware function in Express.","url":"https://stackoverflow.com/questions/72861892/how-to-serve-static-files-from-root-path","displayLink":"https://stackoverflow.com › questions › how-to-serve-st...","snippetHighlightWords":["serve static files","CSS files","JavaScript","express","Express"],"date":"Jul 4, 2022"},{"signatures":[],"areSignaturesLoading":true,"title":"Express: serving static files in express using app.use() not ...","snippet":"I am trying to serve static html and css ...","url":"https://stackoverflow.com/questions/71015238/express-serving-static-files-in-express-using-app-use-not-working-on-route","displayLink":"https://stackoverflow.com › questions › express-serving...","snippetHighlightWords":["serve static html"],"date":"Feb 7, 2022"},{"signatures":[],"areSignaturesLoading":true,"title":"Can someone please explain how static files in express js work?","snippet":"NOTE: DO NOT PUT PRIVATE FILES INSIDE YOUR STATIC FOLDER. app.use(express.static(__dirname + '/public'));.","url":"https://stackoverflow.com/questions/68816405/can-someone-please-explain-how-static-files-in-express-js-work","displayLink":"https://stackoverflow.com › questions › can-someone-pl...","snippetHighlightWords":["FILES","STATIC","express","static"],"date":"Aug 17, 2021 1 answer"},{"signatures":[],"areSignaturesLoading":true,"title":"Express serve static files inside Router - Stack Overflow","snippet":"Use the express.static middleware in your route1.js file instead of simply passing the folder path string to the route.","url":"https://stackoverflow.com/questions/69692368/express-serve-static-files-inside-router","displayLink":"https://stackoverflow.com › questions › express-serve-st...","snippetHighlightWords":["express","static","js file","path","route"],"date":"Oct 23, 2021 1 answer"},{"signatures":[],"areSignaturesLoading":true,"title":"Express, how to always serve static directory? - Stack Overflow","snippet":"app.use(express.static(path.join(__dirname, 'build'))); app.","url":"https://stackoverflow.com/questions/61090344/express-how-to-always-serve-static-directory","displayLink":"https://stackoverflow.com › questions › express-how-to...","snippetHighlightWords":["express","static","path"],"date":"Apr 7, 2020"},{"signatures":[],"areSignaturesLoading":true,"title":"Express.js just won't serve static files - Stack Overflow","snippet":"You have to match up three things to get express.static() to work properly. You have to construct a URL you're requesting that matches the app.","url":"https://stackoverflow.com/questions/71451988/express-js-just-wont-serve-static-files","displayLink":"https://stackoverflow.com › questions › express-js-just-...","snippetHighlightWords":["express","static"],"date":"Mar 12, 2022"},{"signatures":[],"areSignaturesLoading":true,"title":"How to serve static files to different routes in Express?","snippet":"It's got to do with relative path. With express it's safer to use absolute path. After your route goes one level deep, the html file which ...","url":"https://stackoverflow.com/questions/55853857/how-to-serve-static-files-to-different-routes-in-express","displayLink":"https://stackoverflow.com › questions › how-to-serve-st...","snippetHighlightWords":["path","express","path","route","html"],"date":"Apr 25, 2019 1 answer"}],"events":[{"timestamp":"2022-11-24T03:35:37.670Z","url":"https://stackoverflow.com/questions/71668735/static-files-in-express","component":"projection","action":"load","data":{"height":81.5,"width":259.328125,"wc":24,"lc":1}},{"timestamp":"2022-11-24T03:35:37.670Z","url":"https://stackoverflow.com/questions/65115458/how-to-serve-static-files-in-expressjs-on-some-paths-and-not-others","component":"projection","action":"load","data":{"height":59.5,"width":261.9921875,"wc":15,"lc":1}},{"timestamp":"2022-11-24T03:35:37.670Z","url":"https://stackoverflow.com/questions/72411261/nodejs-express-app-serve-static-files-from-public-js-folder-not-work","component":"projection","action":"load","data":{"height":103.5,"width":263.1640625,"wc":18,"lc":1}},{"timestamp":"2022-11-24T03:35:37.670Z","url":"https://stackoverflow.com/questions/72861892/how-to-serve-static-files-from-root-path","component":"projection","action":"load","data":{"height":81.5,"width":255.140625,"wc":20,"lc":1}},{"timestamp":"2022-11-24T03:35:37.670Z","url":"https://stackoverflow.com/questions/71015238/express-serving-static-files-in-express-using-app-use-not-working-on-route","component":"projection","action":"load","data":{"height":37.5,"width":262.4765625,"wc":10,"lc":1}},{"timestamp":"2022-11-24T03:35:37.670Z","url":"https://stackoverflow.com/questions/68816405/can-someone-please-explain-how-static-files-in-express-js-work","component":"projection","action":"load","data":{"height":103.5,"width":270.234375,"wc":13,"lc":1}},{"timestamp":"2022-11-24T03:35:37.670Z","url":"https://stackoverflow.com/questions/69692368/express-serve-static-files-inside-router","component":"projection","action":"load","data":{"height":81.5,"width":270.5390625,"wc":19,"lc":1}},{"timestamp":"2022-11-24T03:35:37.670Z","url":"https://stackoverflow.com/questions/61090344/express-how-to-always-serve-static-directory","component":"projection","action":"load","data":{"height":37.5,"width":263.1640625,"wc":3,"lc":1}},{"timestamp":"2022-11-24T03:35:37.670Z","url":"https://stackoverflow.com/questions/71451988/express-js-just-wont-serve-static-files","component":"projection","action":"load","data":{"height":81.5,"width":271.8984375,"wc":25,"lc":1}},{"timestamp":"2022-11-24T03:35:37.670Z","url":"https://stackoverflow.com/questions/55853857/how-to-serve-static-files-to-different-routes-in-express","component":"projection","action":"load","data":{"height":81.5,"width":271.578125,"wc":27,"lc":1}},{"timestamp":"2022-11-24T03:35:37.681Z","url":"https://stackoverflow.com/questions/68816405/can-someone-please-explain-how-static-files-in-express-js-work","component":"projection","action":"mouseenter"},{"timestamp":"2022-11-24T03:35:38.766Z","url":"https://stackoverflow.com/questions/68816405/can-someone-please-explain-how-static-files-in-express-js-work","component":"projection","action":"mouseleave"},{"timestamp":"2022-11-24T03:35:38.786Z","url":"https://stackoverflow.com/questions/71015238/express-serving-static-files-in-express-using-app-use-not-working-on-route","component":"projection","action":"mouseenter"},{"timestamp":"2022-11-24T03:35:38.804Z","url":"https://stackoverflow.com/questions/71668735/static-files-in-express","component":"projection","action":"loaded","data":"projection 10 of 10"},{"timestamp":"2022-11-24T03:35:38.804Z","url":"https://stackoverflow.com/questions/65115458/how-to-serve-static-files-in-expressjs-on-some-paths-and-not-others","component":"projection","action":"loaded","data":"projection 9 of 10"},{"timestamp":"2022-11-24T03:35:38.804Z","url":"https://stackoverflow.com/questions/72411261/nodejs-express-app-serve-static-files-from-public-js-folder-not-work","component":"projection","action":"loaded","data":"projection 8 of 10"},{"timestamp":"2022-11-24T03:35:38.804Z","url":"https://stackoverflow.com/questions/72861892/how-to-serve-static-files-from-root-path","component":"projection","action":"loaded","data":"projection 7 of 10"},{"timestamp":"2022-11-24T03:35:38.804Z","url":"https://stackoverflow.com/questions/71015238/express-serving-static-files-in-express-using-app-use-not-working-on-route","component":"projection","action":"loaded","data":"projection 6 of 10"},{"timestamp":"2022-11-24T03:35:38.804Z","url":"https://stackoverflow.com/questions/68816405/can-someone-please-explain-how-static-files-in-express-js-work","component":"projection","action":"loaded","data":"projection 5 of 10"},{"timestamp":"2022-11-24T03:35:38.804Z","url":"https://stackoverflow.com/questions/69692368/express-serve-static-files-inside-router","component":"projection","action":"loaded","data":"projection 4 of 10"},{"timestamp":"2022-11-24T03:35:38.804Z","url":"https://stackoverflow.com/questions/61090344/express-how-to-always-serve-static-directory","component":"projection","action":"loaded","data":"projection 3 of 10"},{"timestamp":"2022-11-24T03:35:38.804Z","url":"https://stackoverflow.com/questions/71451988/express-js-just-wont-serve-static-files","component":"projection","action":"loaded","data":"projection 2 of 10"},{"timestamp":"2022-11-24T03:35:38.804Z","url":"https://stackoverflow.com/questions/55853857/how-to-serve-static-files-to-different-routes-in-express","component":"projection","action":"loaded","data":"projection 1 of 10"},{"timestamp":"2022-11-24T03:35:39.673Z","url":"https://stackoverflow.com/questions/71015238/express-serving-static-files-in-express-using-app-use-not-working-on-route","component":"projection","action":"mouseleave"},{"timestamp":"2022-11-24T03:35:39.680Z","url":"https://stackoverflow.com/questions/72411261/nodejs-express-app-serve-static-files-from-public-js-folder-not-work","component":"projection","action":"mouseenter"},{"timestamp":"2022-11-24T03:35:39.687Z","url":"https://stackoverflow.com/questions/72411261/nodejs-express-app-serve-static-files-from-public-js-folder-not-work","component":"projection","action":"mouseleave"},{"timestamp":"2022-11-24T03:35:39.693Z","url":"https://stackoverflow.com/questions/65115458/how-to-serve-static-files-in-expressjs-on-some-paths-and-not-others","component":"projection","action":"mouseenter"},{"timestamp":"2022-11-24T03:35:40.188Z","url":"https://stackoverflow.com/questions/65115458/how-to-serve-static-files-in-expressjs-on-some-paths-and-not-others","component":"page","action":"open"},{"timestamp":"2022-11-24T03:35:40.228Z","url":"https://stackoverflow.com/questions/65115458/how-to-serve-static-files-in-expressjs-on-some-paths-and-not-others","component":"projection","action":"mouseleave"},{"timestamp":"2022-11-24T03:35:40.993Z","url":"https://stackoverflow.com/questions/65115458/how-to-serve-static-files-in-expressjs-on-some-paths-and-not-others","component":"page","action":"load"},{"timestamp":"2022-11-24T03:35:42.424Z","url":"https://stackoverflow.com/questions/65115458/how-to-serve-static-files-in-expressjs-on-some-paths-and-not-others","component":"page","action":"scroll","data":{"viewport":{"x":0,"y":500,"height":844,"width":296},"document":{"height":4626,"width":279},"question":{"identifier":"65115458","top":-283.34375,"bottom":994.2109375,"right":263,"left":16,"width":247,"height":1277.5546875},"answers":[{"identifier":"65116954","top":1074.4921875,"bottom":1569.515625,"right":263,"left":16,"width":247,"height":495.0234375},{"identifier":"68244233","top":1569.515625,"bottom":2051.828125,"right":263,"left":16,"width":247,"height":482.3125}]}},{"timestamp":"2022-11-24T03:35:43.956Z","url":"https://stackoverflow.com/questions/65115458/how-to-serve-static-files-in-expressjs-on-some-paths-and-not-others","component":"page","action":"scroll","data":{"viewport":{"x":0,"y":1200,"height":844,"width":296},"document":{"height":4626,"width":279},"question":{"identifier":"65115458","top":-983.34375,"bottom":294.2109375,"right":263,"left":16,"width":247,"height":1277.5546875},"answers":[{"identifier":"65116954","top":374.4921875,"bottom":869.515625,"right":263,"left":16,"width":247,"height":495.0234375},{"identifier":"68244233","top":869.515625,"bottom":1351.828125,"right":263,"left":16,"width":247,"height":482.3125}]}},{"timestamp":"2022-11-24T03:36:12.020Z","url":"https://stackoverflow.com/questions/65115458/how-to-serve-static-files-in-expressjs-on-some-paths-and-not-others","component":"page","action":"scroll","data":{"viewport":{"x":0,"y":1000,"height":844,"width":296},"document":{"height":4626,"width":279},"question":{"identifier":"65115458","top":-783.34375,"bottom":494.2109375,"right":263,"left":16,"width":247,"height":1277.5546875},"answers":[{"identifier":"65116954","top":574.4921875,"bottom":1069.515625,"right":263,"left":16,"width":247,"height":495.0234375},{"identifier":"68244233","top":1069.515625,"bottom":1551.828125,"right":263,"left":16,"width":247,"height":482.3125}]}},{"timestamp":"2022-11-24T03:36:12.797Z","url":"https://stackoverflow.com/questions/65115458/how-to-serve-static-files-in-expressjs-on-some-paths-and-not-others","component":"page","action":"scroll","data":{"viewport":{"x":0,"y":1100,"height":844,"width":296},"document":{"height":4626,"width":279},"question":{"identifier":"65115458","top":-883.34375,"bottom":394.2109375,"right":263,"left":16,"width":247,"height":1277.5546875},"answers":[{"identifier":"65116954","top":474.4921875,"bottom":969.515625,"right":263,"left":16,"width":247,"height":495.0234375},{"identifier":"68244233","top":969.515625,"bottom":1451.828125,"right":263,"left":16,"width":247,"height":482.3125}]}}]}]}