{"numFailedTestSuites":1,"numFailedTests":2,"numPassedTestSuites":0,"numPassedTests":0,"numPendingTestSuites":0,"numPendingTests":0,"numRuntimeErrorTestSuites":0,"numTodoTests":0,"numTotalTestSuites":1,"numTotalTests":2,"openHandles":[],"snapshot":{"added":0,"didUpdate":false,"failure":false,"filesAdded":0,"filesRemoved":0,"filesRemovedList":[],"filesUnmatched":0,"filesUpdated":0,"matched":0,"total":0,"unchecked":0,"uncheckedKeysByFile":[],"unmatched":0,"updated":0},"startTime":1669260969557,"success":false,"testResults":[{"assertionResults":[{"ancestorTitles":["Trade server"],"failureMessages":["Error: \u001b[2mexpect(\u001b[22m\u001b[31mreceived\u001b[39m\u001b[2m).\u001b[22mnot\u001b[2m.\u001b[22mtoEqual\u001b[2m(\u001b[22m\u001b[32mexpected\u001b[39m\u001b[2m) // deep equality\u001b[22m\n\nExpected: not \u001b[32m404\u001b[39m\n\n    at Object.<anonymous> (/workspaces/42904_3/test/serve.test.js:7:32)\n    at processTicksAndRejections (node:internal/process/task_queues:96:5)"],"fullName":"Trade server should have a /static route","location":null,"status":"failed","title":"should have a /static route"},{"ancestorTitles":["Trade server"],"failureMessages":["Error: \u001b[2mexpect(\u001b[22m\u001b[31mreceived\u001b[39m\u001b[2m).\u001b[22mtoEqual\u001b[2m(\u001b[22m\u001b[32mexpected\u001b[39m\u001b[2m) // deep equality\u001b[22m\n\nExpected: \u001b[32m200\u001b[39m\nReceived: \u001b[31m404\u001b[39m\n    at Object.<anonymous> (/workspaces/42904_3/test/serve.test.js:13:33)\n    at processTicksAndRejections (node:internal/process/task_queues:96:5)"],"fullName":"Trade server should serve files at /static from src/public/","location":null,"status":"failed","title":"should serve files at /static from src/public/"}],"endTime":1669260970158,"message":"\u001b[1m\u001b[31m  \u001b[1m● \u001b[22m\u001b[1mTrade server › should have a /static route\u001b[39m\u001b[22m\n\n    \u001b[2mexpect(\u001b[22m\u001b[31mreceived\u001b[39m\u001b[2m).\u001b[22mnot\u001b[2m.\u001b[22mtoEqual\u001b[2m(\u001b[22m\u001b[32mexpected\u001b[39m\u001b[2m) // deep equality\u001b[22m\n\n    Expected: not \u001b[32m404\u001b[39m\n\u001b[2m\u001b[22m\n\u001b[2m    \u001b[0m \u001b[90m  5 |\u001b[39m     it(\u001b[32m\"should have a /static route\"\u001b[39m\u001b[33m,\u001b[39m \u001b[36masync\u001b[39m () \u001b[33m=>\u001b[39m {\u001b[0m\u001b[22m\n\u001b[2m    \u001b[0m \u001b[90m  6 |\u001b[39m         \u001b[36mconst\u001b[39m res \u001b[33m=\u001b[39m \u001b[36mawait\u001b[39m request(app)\u001b[33m.\u001b[39m\u001b[36mget\u001b[39m(\u001b[32m\"/static\"\u001b[39m)\u001b[33m;\u001b[39m\u001b[0m\u001b[22m\n\u001b[2m    \u001b[0m\u001b[31m\u001b[1m>\u001b[22m\u001b[2m\u001b[39m\u001b[90m  7 |\u001b[39m         expect(res\u001b[33m.\u001b[39mstatus)\u001b[33m.\u001b[39mnot\u001b[33m.\u001b[39mtoEqual(\u001b[35m404\u001b[39m)\u001b[33m;\u001b[39m\u001b[0m\u001b[22m\n\u001b[2m    \u001b[0m \u001b[90m    |\u001b[39m                                \u001b[31m\u001b[1m^\u001b[22m\u001b[2m\u001b[39m\u001b[0m\u001b[22m\n\u001b[2m    \u001b[0m \u001b[90m  8 |\u001b[39m     })\u001b[33m;\u001b[39m\u001b[0m\u001b[22m\n\u001b[2m    \u001b[0m \u001b[90m  9 |\u001b[39m\u001b[0m\u001b[22m\n\u001b[2m    \u001b[0m \u001b[90m 10 |\u001b[39m     it(\u001b[32m\"should serve files at /static from src/public/\"\u001b[39m\u001b[33m,\u001b[39m \u001b[36masync\u001b[39m () \u001b[33m=>\u001b[39m {\u001b[0m\u001b[22m\n\u001b[2m\u001b[22m\n\u001b[2m      \u001b[2mat Object.<anonymous> (\u001b[22m\u001b[2m\u001b[0m\u001b[36mtest/serve.test.js\u001b[39m\u001b[0m\u001b[2m:7:32)\u001b[22m\u001b[2m\u001b[22m\n\n\u001b[1m\u001b[31m  \u001b[1m● \u001b[22m\u001b[1mTrade server › should serve files at /static from src/public/\u001b[39m\u001b[22m\n\n    \u001b[2mexpect(\u001b[22m\u001b[31mreceived\u001b[39m\u001b[2m).\u001b[22mtoEqual\u001b[2m(\u001b[22m\u001b[32mexpected\u001b[39m\u001b[2m) // deep equality\u001b[22m\n\n    Expected: \u001b[32m200\u001b[39m\n    Received: \u001b[31m404\u001b[39m\n\u001b[2m\u001b[22m\n\u001b[2m    \u001b[0m \u001b[90m 11 |\u001b[39m         \u001b[36mconst\u001b[39m req \u001b[33m=\u001b[39m request(app)\u001b[33m;\u001b[39m\u001b[0m\u001b[22m\n\u001b[2m    \u001b[0m \u001b[90m 12 |\u001b[39m         \u001b[36mconst\u001b[39m response \u001b[33m=\u001b[39m \u001b[36mawait\u001b[39m req\u001b[33m.\u001b[39m\u001b[36mget\u001b[39m(\u001b[32m\"/static/receipt.pdf\"\u001b[39m)\u001b[33m;\u001b[39m\u001b[0m\u001b[22m\n\u001b[2m    \u001b[0m\u001b[31m\u001b[1m>\u001b[22m\u001b[2m\u001b[39m\u001b[90m 13 |\u001b[39m         expect(response\u001b[33m.\u001b[39mstatus)\u001b[33m.\u001b[39mtoEqual(\u001b[35m200\u001b[39m)\u001b[33m;\u001b[39m\u001b[0m\u001b[22m\n\u001b[2m    \u001b[0m \u001b[90m    |\u001b[39m                                 \u001b[31m\u001b[1m^\u001b[22m\u001b[2m\u001b[39m\u001b[0m\u001b[22m\n\u001b[2m    \u001b[0m \u001b[90m 14 |\u001b[39m     })\u001b[33m;\u001b[39m \u001b[0m\u001b[22m\n\u001b[2m    \u001b[0m \u001b[90m 15 |\u001b[39m })\u001b[33m;\u001b[39m\u001b[0m\u001b[22m\n\u001b[2m\u001b[22m\n\u001b[2m      \u001b[2mat Object.<anonymous> (\u001b[22m\u001b[2m\u001b[0m\u001b[36mtest/serve.test.js\u001b[39m\u001b[0m\u001b[2m:13:33)\u001b[22m\u001b[2m\u001b[22m\n","name":"/workspaces/42904_3/test/serve.test.js","startTime":1669260969584,"status":"failed","summary":""}],"wasInterrupted":false}