{"id":"42904_3","conditions":[{"taskId":3,"taskName":"clone","enableFragments":true,"enableContext":true,"showContext":true,"provideSearchTerms":true,"sequence":3},{"taskId":2,"taskName":"find","enableFragments":true,"enableContext":true,"showContext":true,"provideSearchTerms":true,"sequence":4},{"taskId":1,"taskName":"currency","enableFragments":false,"enableContext":true,"showContext":false,"provideSearchTerms":true,"sequence":5},{"taskId":4,"taskName":"sort","enableFragments":false,"enableContext":true,"showContext":false,"provideSearchTerms":true,"sequence":6},{"taskId":6,"taskName":"serve","enableFragments":false,"enableContext":false,"showContext":false,"provideSearchTerms":false,"sequence":7},{"taskId":5,"taskName":"recent","enableFragments":true,"enableContext":true,"showContext":true,"provideSearchTerms":false,"sequence":8}],"activeTaskId":"recent","tasks":[{"id":"pre-study"},{"enableFragments":true,"enableContext":true,"showContext":true,"provideSearchTerms":true,"contextOverride":[{"source":"src/tutorial.js","name":"sumTradedShares","position":{"start":397,"end":545},"variables":[],"parameters":[{"source":"src/tutorial.js","name":"trades","position":{"start":429,"end":435},"type":{"name":"Trade[]"}}],"returnType":"number"}],"id":"tutorial","startTime":"2022-11-24T03:04:52.778Z","duration":479474,"timer":{"startTime":"2022-11-24T03:10:09.848Z","endTime":"2022-11-24T03:16:25.386Z"},"endTime":"2022-11-24T03:16:25.386Z"},{"enableFragments":false,"enableContext":true,"showContext":false,"contextOverride":[{"source":"src/currency.js","name":"printCurrency","position":{"start":593,"end":782},"variables":[],"parameters":[{"source":"src/currency.js","name":"amount","position":{"start":623,"end":629},"type":{"name":"number"}},{"source":"src/currency.js","name":"locale","position":{"start":631,"end":637},"type":{"name":"string"}},{"source":"src/currency.js","name":"currency","position":{"start":639,"end":647},"type":{"name":"string"}}],"returnType":"string"}],"provideSearchTerms":true,"searchTerms":"format currency","id":"currency","startTime":"2022-11-24T03:21:40.492Z","timer":{"startTime":"2022-11-24T03:21:40.493Z","endTime":"2022-11-24T03:25:34.992Z"},"duration":233831,"data":{"Q1":"4","Q2":"It gave me stackoverflow search results, I had to find my answer, but it was pretty easy","Q3":"","Q4":""},"endTime":"2022-11-24T03:26:03.929Z"},{"enableFragments":true,"enableContext":true,"showContext":true,"contextOverride":[{"source":"src/find.js","name":"getTradeById","position":{"start":286,"end":506},"variables":[],"parameters":[{"source":"src/find.js","name":"trades","position":{"start":315,"end":321},"type":{"name":"Trade[]"}},{"source":"src/find.js","name":"id","position":{"start":323,"end":325},"type":{"name":"number"}}],"returnType":"Trade"}],"provideSearchTerms":true,"searchTerms":"find item in array by value","id":"find","startTime":"2022-11-24T03:19:07.622Z","timer":{"startTime":"2022-11-24T03:19:07.622Z","endTime":"2022-11-24T03:21:17.992Z"},"duration":129540,"data":{"Q1":"5","Q2":"It was very easy to find the solution","Q3":"","Q4":""},"endTime":"2022-11-24T03:21:32.955Z"},{"enableFragments":true,"enableContext":true,"showContext":true,"contextOverride":[{"source":"src/clone.js","name":"cloneTradeLedger","position":{"start":239,"end":406},"variables":[],"parameters":[{"source":"src/clone.js","name":"trades","position":{"start":272,"end":278},"type":{"name":"Trade[]"}}],"returnType":"Trade[]"}],"provideSearchTerms":true,"searchTerms":"clone array","id":"clone","startTime":"2022-11-24T03:16:31.152Z","timer":{"startTime":"2022-11-24T03:16:31.152Z","endTime":"2022-11-24T03:18:19.622Z"},"duration":107163,"data":{"Q1":"5","Q2":"I got the results quickly and it was exactly what I was looking for","Q3":"no","Q4":"no"},"endTime":"2022-11-24T03:19:00.215Z"},{"enableFragments":false,"enableContext":true,"showContext":false,"contextOverride":[{"source":"src/sort.js","name":"sortTradesByShareCount","position":{"start":285,"end":524},"variables":[],"parameters":[{"source":"src/sort.js","name":"trades","position":{"start":324,"end":330},"type":{"name":"Trade[]"}}],"returnType":"Trade[]"}],"provideSearchTerms":true,"searchTerms":"sort array of objects descending","id":"sort","startTime":"2022-11-24T03:26:12.061Z","timer":{"startTime":"2022-11-24T03:26:12.062Z","endTime":"2022-11-24T03:28:58.095Z"},"duration":165566,"data":{"Q1":"5","Q2":"The solution was pretty easy to find with the results","Q3":"","Q4":""},"endTime":"2022-11-24T03:29:22.728Z"},{"enableFragments":true,"enableContext":true,"showContext":true,"contextOverride":[{"source":"src/recent.js","name":"moment","position":{"start":7,"end":13},"module":{"name":"moment","position":{"start":19,"end":27}},"references":[{"start":485,"end":491},{"start":753,"end":759},{"start":836,"end":842}]},{"source":"src/recent.js","name":"moment","position":{"start":485,"end":503},"variables":[],"arguments":[{"source":"src/recent.js","name":"","type":"Date","value":"new Date()","position":{"start":492,"end":502}}],"returnType":"any"},{"source":"src/recent.js","name":"moment","position":{"start":753,"end":768},"variables":[],"arguments":[{"source":"src/recent.js","name":"","type":"any","value":"endDate","position":{"start":760,"end":767}}],"returnType":"any"},{"source":"src/recent.js","name":"moment","position":{"start":836,"end":854},"variables":[],"arguments":[{"source":"src/recent.js","name":"","type":"any","value":"trade.date","position":{"start":843,"end":853}}],"returnType":"any"},{"source":"src/recent.js","name":"getPastTradesFrom","position":{"start":400,"end":938},"variables":[{"source":"src/recent.js","name":"endDate","position":{"start":475,"end":503},"type":{"name":"any"}},{"source":"src/recent.js","name":"startDate","position":{"start":741,"end":768},"type":{"name":"any"}}],"parameters":[{"source":"src/recent.js","name":"trades","position":{"start":434,"end":440},"type":{"name":"Trade[]"}},{"source":"src/recent.js","name":"from","position":{"start":442,"end":446},"type":{"name":"number"}},{"source":"src/recent.js","name":"unit","position":{"start":448,"end":461},"type":{"name":"string"}}],"returnType":"Trade[]"}],"provideSearchTerms":false,"searchTerms":"","id":"recent","startTime":"2022-11-24T03:37:08.355Z","timer":{"startTime":"2022-11-24T03:37:08.355Z","endTime":"2022-11-24T03:44:50.460Z"},"duration":418941,"data":{"Q1":"2","Q2":"I got various results but it was hard to find the correct solution","Q3":"","Q4":""},"endTime":"2022-11-24T03:45:18.027Z"},{"enableFragments":false,"enableContext":false,"showContext":false,"contextOverride":[],"provideSearchTerms":false,"searchTerms":"","id":"serve","startTime":"2022-11-24T03:29:31.009Z","timer":{"startTime":"2022-11-24T03:29:31.009Z","endTime":"2022-11-24T03:36:29.297Z"},"duration":417442,"data":{"Q1":"2","Q2":"I could not find the answer I was looking for","Q3":"Maybe help with keywords","Q4":"I did not"},"endTime":"2022-11-24T03:36:59.914Z"},{"id":"post-study"}],"activations":["2022-11-24T02:58:53.729Z"]}