{"trialId":"36615_3","taskId":"serve","appEvents":[{"timestamp":"2022-11-11T19:58:53.149Z","name":"search","data":"search-start"},{"timestamp":"2022-11-11T19:58:56.164Z","name":"search","data":"search-done"},{"timestamp":"2022-11-11T20:00:12.418Z","name":"search","data":"search-start"},{"timestamp":"2022-11-11T20:00:13.684Z","name":"search","data":"search-done"},{"timestamp":"2022-11-11T20:00:14.388Z","name":"search","data":"search-start"},{"timestamp":"2022-11-11T20:00:15.621Z","name":"search","data":"search-done"},{"timestamp":"2022-11-11T20:01:38.862Z","name":"resize","data":{"height":0,"width":0}}],"searches":[{"keywords":["static","route"],"context":{"tokens":[{"kind":"language","value":"javascript"}]},"timestamp":"2022-11-11T19:58:53.133Z","results":[{"signatures":[],"areSignaturesLoading":true,"title":"node.js - Static routing in node express - Stack Overflow","snippet":"Im using a set of static routes in Node Express and are experiencing a very strange phenomenon. The routing is set up so that '/list/*' and ...","url":"https://stackoverflow.com/questions/36395563/static-routing-in-node-express","displayLink":"https://stackoverflow.com › questions › static-routing-in...","snippetHighlightWords":["static routes"],"date":"Apr 4, 2016"},{"signatures":[],"areSignaturesLoading":true,"title":"Next.js overlaps static route with dynamic route - Stack Overflow","snippet":"Following next.js documentation predefined routes take precedence over dynamic routes, and dynamic routes over catch all routes.","url":"https://stackoverflow.com/questions/70120480/next-js-overlaps-static-route-with-dynamic-route","displayLink":"https://stackoverflow.com › questions › next-js-overlaps...","snippetHighlightWords":["js","routes","routes","routes","routes"],"date":"Nov 26, 2021 2 answers"},{"signatures":[],"areSignaturesLoading":true,"title":"javascript - Problem with static routing in Node.js using express","snippet":"Problem with static routing in Node.js using express ... I am having an issue with some custom routing code, it all works fine and is in sync with ...","url":"https://stackoverflow.com/questions/70456060/problem-with-static-routing-in-node-js-using-express","displayLink":"https://stackoverflow.com › questions › problem-with-st...","snippetHighlightWords":["static routing","js"],"date":"Dec 22, 2021"},{"signatures":[],"areSignaturesLoading":true,"title":"express static routes are not working when adding a validation ...","snippet":"When I get request (http://localhost:3000/filepath) the static route without the middleware: app. use(express. static('data'));","url":"https://stackoverflow.com/questions/69758526/express-static-routes-are-not-working-when-adding-a-validation-middleware","displayLink":"https://stackoverflow.com › questions › express-static-r...","snippetHighlightWords":["static route","static"],"date":"Oct 28, 2021"},{"signatures":[],"areSignaturesLoading":true,"title":"How to add a static route after a dynamic one in ExpressJS?","snippet":"There are two 2 files with routes. ... I connect all my routes in the project in the following way: const dirs = await recursive(dir); dirs.","url":"https://stackoverflow.com/questions/73305912/how-to-add-a-static-route-after-a-dynamic-one-in-expressjs","displayLink":"https://stackoverflow.com › questions › how-to-add-a-st...","snippetHighlightWords":["routes","routes"],"date":"Aug 10, 2022"},{"signatures":[],"areSignaturesLoading":true,"title":"Creating routing for a static site using Express - Stack Overflow","snippet":"I am creating a static site, (HTML, CSS, JS) using nodeJS and express for the server... I am trying to create routes, so that the user sees ...","url":"https://stackoverflow.com/questions/66258861/creating-routing-for-a-static-site-using-express","displayLink":"https://stackoverflow.com › questions › creating-routin...","snippetHighlightWords":["static","JS","routes"],"date":"Feb 18, 2021"},{"signatures":[],"areSignaturesLoading":true,"title":"Problem with nodejs static route and files - Stack Overflow","snippet":"my whole app.js file is: const express = require('express'); const app = express(); var http = ...","url":"https://stackoverflow.com/questions/60243899/problem-with-nodejs-static-route-and-files","displayLink":"https://stackoverflow.com › questions › problem-with-n...","snippetHighlightWords":["js"],"date":"Feb 15, 2020"},{"signatures":[],"areSignaturesLoading":true,"title":"Using static folders with nested routes in Node JS","snippet":"Add this line to access static files in subroutes in /admin: app.use('/admin', express.static(path.join(__dirname, 'public'))).","url":"https://stackoverflow.com/questions/65785039/using-static-folders-with-nested-routes-in-node-js","displayLink":"https://stackoverflow.com › questions › using-static-fol...","snippetHighlightWords":["static","static"],"date":"Jan 19, 2021 1 answer"},{"signatures":[],"areSignaturesLoading":true,"title":"express.static() doesn't route the static files - Stack Overflow","snippet":"app.use(express.static(path.join(__dirname, 'public')));. Then you can just do: http://localhost:8080/views/src/index.js.","url":"https://stackoverflow.com/questions/55285668/express-static-doesnt-route-the-static-files","displayLink":"https://stackoverflow.com › questions › express-static-d...","snippetHighlightWords":["static","js"],"date":"Mar 21, 2019"},{"signatures":[],"areSignaturesLoading":true,"title":"Custom static route not working - Stack Overflow","snippet":"You have to do some restructure -public --dist ---bundle.js --index.html -server --server.js -src --app.js -webpack.config.js -package.json ...","url":"https://stackoverflow.com/questions/51579725/custom-static-route-not-working","displayLink":"https://stackoverflow.com › questions › custom-static-ro...","snippetHighlightWords":["js","js","js","js"],"date":"Jul 29, 2018 1 answer"}],"events":[{"timestamp":"2022-11-11T19:58:55.026Z","url":"https://stackoverflow.com/questions/36395563/static-routing-in-node-express","component":"projection","action":"load","data":{"height":60,"width":372.84375,"wc":27,"lc":1}},{"timestamp":"2022-11-11T19:58:55.026Z","url":"https://stackoverflow.com/questions/70120480/next-js-overlaps-static-route-with-dynamic-route","component":"projection","action":"load","data":{"height":82,"width":352.328125,"wc":17,"lc":1}},{"timestamp":"2022-11-11T19:58:55.026Z","url":"https://stackoverflow.com/questions/70456060/problem-with-static-routing-in-node-js-using-express","component":"projection","action":"load","data":{"height":60,"width":355.671875,"wc":29,"lc":1}},{"timestamp":"2022-11-11T19:58:55.026Z","url":"https://stackoverflow.com/questions/69758526/express-static-routes-are-not-working-when-adding-a-validation-middleware","component":"projection","action":"load","data":{"height":60,"width":371.609375,"wc":14,"lc":1}},{"timestamp":"2022-11-11T19:58:55.026Z","url":"https://stackoverflow.com/questions/73305912/how-to-add-a-static-route-after-a-dynamic-one-in-expressjs","component":"projection","action":"load","data":{"height":60,"width":355.203125,"wc":26,"lc":1}},{"timestamp":"2022-11-11T19:58:55.026Z","url":"https://stackoverflow.com/questions/66258861/creating-routing-for-a-static-site-using-express","component":"projection","action":"load","data":{"height":60,"width":363.796875,"wc":28,"lc":1}},{"timestamp":"2022-11-11T19:58:55.026Z","url":"https://stackoverflow.com/questions/60243899/problem-with-nodejs-static-route-and-files","component":"projection","action":"load","data":{"height":38,"width":353.78125,"wc":17,"lc":1}},{"timestamp":"2022-11-11T19:58:55.026Z","url":"https://stackoverflow.com/questions/65785039/using-static-folders-with-nested-routes-in-node-js","component":"projection","action":"load","data":{"height":60,"width":347.84375,"wc":14,"lc":1}},{"timestamp":"2022-11-11T19:58:55.027Z","url":"https://stackoverflow.com/questions/55285668/express-static-doesnt-route-the-static-files","component":"projection","action":"load","data":{"height":60,"width":349.578125,"wc":8,"lc":1}},{"timestamp":"2022-11-11T19:58:55.027Z","url":"https://stackoverflow.com/questions/51579725/custom-static-route-not-working","component":"projection","action":"load","data":{"height":60,"width":365.84375,"wc":17,"lc":1}},{"timestamp":"2022-11-11T19:58:56.010Z","url":"https://stackoverflow.com/questions/36395563/static-routing-in-node-express","component":"projection","action":"mouseenter"},{"timestamp":"2022-11-11T19:58:56.164Z","url":"https://stackoverflow.com/questions/36395563/static-routing-in-node-express","component":"projection","action":"loaded","data":"projection 10 of 10"},{"timestamp":"2022-11-11T19:58:56.164Z","url":"https://stackoverflow.com/questions/70120480/next-js-overlaps-static-route-with-dynamic-route","component":"projection","action":"loaded","data":"projection 9 of 10"},{"timestamp":"2022-11-11T19:58:56.164Z","url":"https://stackoverflow.com/questions/70456060/problem-with-static-routing-in-node-js-using-express","component":"projection","action":"loaded","data":"projection 8 of 10"},{"timestamp":"2022-11-11T19:58:56.164Z","url":"https://stackoverflow.com/questions/69758526/express-static-routes-are-not-working-when-adding-a-validation-middleware","component":"projection","action":"loaded","data":"projection 7 of 10"},{"timestamp":"2022-11-11T19:58:56.164Z","url":"https://stackoverflow.com/questions/73305912/how-to-add-a-static-route-after-a-dynamic-one-in-expressjs","component":"projection","action":"loaded","data":"projection 6 of 10"},{"timestamp":"2022-11-11T19:58:56.164Z","url":"https://stackoverflow.com/questions/66258861/creating-routing-for-a-static-site-using-express","component":"projection","action":"loaded","data":"projection 5 of 10"},{"timestamp":"2022-11-11T19:58:56.164Z","url":"https://stackoverflow.com/questions/60243899/problem-with-nodejs-static-route-and-files","component":"projection","action":"loaded","data":"projection 4 of 10"},{"timestamp":"2022-11-11T19:58:56.164Z","url":"https://stackoverflow.com/questions/65785039/using-static-folders-with-nested-routes-in-node-js","component":"projection","action":"loaded","data":"projection 3 of 10"},{"timestamp":"2022-11-11T19:58:56.164Z","url":"https://stackoverflow.com/questions/55285668/express-static-doesnt-route-the-static-files","component":"projection","action":"loaded","data":"projection 2 of 10"},{"timestamp":"2022-11-11T19:58:56.164Z","url":"https://stackoverflow.com/questions/51579725/custom-static-route-not-working","component":"projection","action":"loaded","data":"projection 1 of 10"},{"timestamp":"2022-11-11T19:58:58.740Z","url":"https://stackoverflow.com/questions/36395563/static-routing-in-node-express","component":"page","action":"open"},{"timestamp":"2022-11-11T19:58:58.821Z","url":"https://stackoverflow.com/questions/36395563/static-routing-in-node-express","component":"projection","action":"mouseleave"},{"timestamp":"2022-11-11T19:58:59.557Z","url":"https://stackoverflow.com/questions/36395563/static-routing-in-node-express","component":"page","action":"load"},{"timestamp":"2022-11-11T19:59:02.873Z","url":"https://stackoverflow.com/questions/36395563/static-routing-in-node-express","component":"page","action":"scroll","data":{"viewport":{"x":0,"y":874,"height":508,"width":397},"document":{"height":5009,"width":380},"question":{"identifier":"36395563","top":-741.421875,"bottom":1298.546875,"right":364,"left":16,"width":348,"height":2039.96875},"answers":[{"identifier":"36403370","top":1378.828125,"bottom":2078.765625,"right":364,"left":16,"width":348,"height":699.9375}]}},{"timestamp":"2022-11-11T19:59:10.226Z","url":"https://stackoverflow.com/questions/36395563/static-routing-in-node-express","component":"page","action":"scroll","data":{"viewport":{"x":0,"y":2074,"height":508,"width":397},"document":{"height":5009,"width":380},"question":{"identifier":"36395563","top":-1941.421875,"bottom":98.546875,"right":364,"left":16,"width":348,"height":2039.96875},"answers":[{"identifier":"36403370","top":178.828125,"bottom":878.765625,"right":364,"left":16,"width":348,"height":699.9375}]}},{"timestamp":"2022-11-11T19:59:11.153Z","url":"https://stackoverflow.com/questions/36395563/static-routing-in-node-express","component":"page","action":"scroll","data":{"viewport":{"x":0,"y":2181,"height":508,"width":397},"document":{"height":5009,"width":380},"question":{"identifier":"36395563","top":-2048.421875,"bottom":-8.453125,"right":364,"left":16,"width":348,"height":2039.96875},"answers":[{"identifier":"36403370","top":71.828125,"bottom":771.765625,"right":364,"left":16,"width":348,"height":699.9375}]}},{"timestamp":"2022-11-11T19:59:13.652Z","url":"https://stackoverflow.com/questions/36395563/static-routing-in-node-express","component":"page","action":"scroll","data":{"viewport":{"x":0,"y":2381,"height":508,"width":397},"document":{"height":5009,"width":380},"question":{"identifier":"36395563","top":-2248.421875,"bottom":-208.453125,"right":364,"left":16,"width":348,"height":2039.96875},"answers":[{"identifier":"36403370","top":-128.171875,"bottom":571.765625,"right":364,"left":16,"width":348,"height":699.9375}]}},{"timestamp":"2022-11-11T19:59:16.986Z","url":"https://stackoverflow.com/questions/36395563/static-routing-in-node-express","component":"page","action":"scroll","data":{"viewport":{"x":0,"y":1906,"height":508,"width":397},"document":{"height":5009,"width":380},"question":{"identifier":"36395563","top":-1773.421875,"bottom":266.546875,"right":364,"left":16,"width":348,"height":2039.96875},"answers":[{"identifier":"36403370","top":346.828125,"bottom":1046.765625,"right":364,"left":16,"width":348,"height":699.9375}]}},{"timestamp":"2022-11-11T19:59:17.940Z","url":"https://stackoverflow.com/questions/36395563/static-routing-in-node-express","component":"page","action":"scroll","data":{"viewport":{"x":0,"y":1806,"height":508,"width":397},"document":{"height":5009,"width":380},"question":{"identifier":"36395563","top":-1673.421875,"bottom":366.546875,"right":364,"left":16,"width":348,"height":2039.96875},"answers":[{"identifier":"36403370","top":446.828125,"bottom":1146.765625,"right":364,"left":16,"width":348,"height":699.9375}]}},{"timestamp":"2022-11-11T19:59:33.777Z","url":"https://stackoverflow.com/questions/36395563/static-routing-in-node-express","component":"page","action":"scroll","data":{"viewport":{"x":0,"y":433,"height":508,"width":397},"document":{"height":5009,"width":380},"question":{"identifier":"36395563","top":-300.421875,"bottom":1739.546875,"right":364,"left":16,"width":348,"height":2039.96875},"answers":[{"identifier":"36403370","top":1819.828125,"bottom":2519.765625,"right":364,"left":16,"width":348,"height":699.9375}]}},{"timestamp":"2022-11-11T19:59:35.444Z","url":"https://stackoverflow.com/questions/36395563/static-routing-in-node-express","component":"page","action":"scroll","data":{"viewport":{"x":0,"y":106,"height":508,"width":397},"document":{"height":5009,"width":380},"question":{"identifier":"36395563","top":26.578125,"bottom":2066.546875,"right":364,"left":16,"width":348,"height":2039.96875},"answers":[{"identifier":"36403370","top":2146.828125,"bottom":2846.765625,"right":364,"left":16,"width":348,"height":699.9375}]}},{"timestamp":"2022-11-11T19:59:36.983Z","url":"https://stackoverflow.com/questions/36395563/static-routing-in-node-express","component":"page","action":"scroll","data":{"viewport":{"x":0,"y":519,"height":508,"width":397},"document":{"height":5009,"width":380},"question":{"identifier":"36395563","top":-386.421875,"bottom":1653.546875,"right":364,"left":16,"width":348,"height":2039.96875},"answers":[{"identifier":"36403370","top":1733.828125,"bottom":2433.765625,"right":364,"left":16,"width":348,"height":699.9375}]}},{"timestamp":"2022-11-11T19:59:37.995Z","url":"https://stackoverflow.com/questions/36395563/static-routing-in-node-express","component":"page","action":"scroll","data":{"viewport":{"x":0,"y":726,"height":508,"width":397},"document":{"height":5009,"width":380},"question":{"identifier":"36395563","top":-593.421875,"bottom":1446.546875,"right":364,"left":16,"width":348,"height":2039.96875},"answers":[{"identifier":"36403370","top":1526.828125,"bottom":2226.765625,"right":364,"left":16,"width":348,"height":699.9375}]}},{"timestamp":"2022-11-11T19:59:43.094Z","url":"https://stackoverflow.com/questions/36395563/static-routing-in-node-express","component":"page","action":"scroll","data":{"viewport":{"x":0,"y":2133,"height":508,"width":397},"document":{"height":5009,"width":380},"question":{"identifier":"36395563","top":-2000.421875,"bottom":39.546875,"right":364,"left":16,"width":348,"height":2039.96875},"answers":[{"identifier":"36403370","top":119.828125,"bottom":819.765625,"right":364,"left":16,"width":348,"height":699.9375}]}},{"timestamp":"2022-11-11T19:59:51.731Z","url":"https://stackoverflow.com/questions/36395563/static-routing-in-node-express","component":"page","action":"selection","data":"Url.indexOf('/assets/') >= 0) {\n        var assetPath = path.join(wwwPath,  req.path.slice(req.url.indexOf('/assets/')));\n        fs.stat(assetPa"},{"timestamp":"2022-11-11T19:59:54.711Z","url":"https://stackoverflow.com/questions/36395563/static-routing-in-node-express","component":"page","action":"scroll","data":{"viewport":{"x":0,"y":2359,"height":508,"width":397},"document":{"height":5009,"width":380},"question":{"identifier":"36395563","top":-2226.421875,"bottom":-186.453125,"right":364,"left":16,"width":348,"height":2039.96875},"answers":[{"identifier":"36403370","top":-106.171875,"bottom":593.765625,"right":364,"left":16,"width":348,"height":699.9375}]}},{"timestamp":"2022-11-11T20:00:09.686Z","url":"https://stackoverflow.com/questions/36395563/static-routing-in-node-express","component":"page","action":"scroll","data":{"viewport":{"x":0,"y":0,"height":508,"width":397},"document":{"height":5009,"width":380},"question":{"identifier":"36395563","top":132.578125,"bottom":2172.546875,"right":364,"left":16,"width":348,"height":2039.96875},"answers":[{"identifier":"36403370","top":2252.828125,"bottom":2952.765625,"right":364,"left":16,"width":348,"height":699.9375}]}},{"timestamp":"2022-11-11T20:00:10.407Z","url":"https://stackoverflow.com/questions/36395563/static-routing-in-node-express","component":"page","action":"close"}]},{"keywords":["static","route"],"context":{"tokens":[{"kind":"language","value":"javascript"}]},"timestamp":"2022-11-11T20:00:12.414Z","results":[{"signatures":[],"areSignaturesLoading":true,"title":"node.js - Static routing in node express - Stack Overflow","snippet":"Im using a set of static routes in Node Express and are experiencing a very strange phenomenon. The routing is set up so that '/list/*' and ...","url":"https://stackoverflow.com/questions/36395563/static-routing-in-node-express","displayLink":"https://stackoverflow.com › questions › static-routing-in...","snippetHighlightWords":["static routes"],"date":"Apr 4, 2016"},{"signatures":[],"areSignaturesLoading":true,"title":"Next.js overlaps static route with dynamic route - Stack Overflow","snippet":"Following next.js documentation predefined routes take precedence over dynamic routes, and dynamic routes over catch all routes.","url":"https://stackoverflow.com/questions/70120480/next-js-overlaps-static-route-with-dynamic-route","displayLink":"https://stackoverflow.com › questions › next-js-overlaps...","snippetHighlightWords":["js","routes","routes","routes","routes"],"date":"Nov 26, 2021 2 answers"},{"signatures":[],"areSignaturesLoading":true,"title":"javascript - Problem with static routing in Node.js using express","snippet":"Problem with static routing in Node.js using express ... I am having an issue with some custom routing code, it all works fine and is in sync with ...","url":"https://stackoverflow.com/questions/70456060/problem-with-static-routing-in-node-js-using-express","displayLink":"https://stackoverflow.com › questions › problem-with-st...","snippetHighlightWords":["static routing","js"],"date":"Dec 22, 2021"},{"signatures":[],"areSignaturesLoading":true,"title":"express static routes are not working when adding a validation ...","snippet":"When I get request (http://localhost:3000/filepath) the static route without the middleware: app. use(express. static('data'));","url":"https://stackoverflow.com/questions/69758526/express-static-routes-are-not-working-when-adding-a-validation-middleware","displayLink":"https://stackoverflow.com › questions › express-static-r...","snippetHighlightWords":["static route","static"],"date":"Oct 28, 2021"},{"signatures":[],"areSignaturesLoading":true,"title":"How to add a static route after a dynamic one in ExpressJS?","snippet":"There are two 2 files with routes. ... I connect all my routes in the project in the following way: const dirs = await recursive(dir); dirs.","url":"https://stackoverflow.com/questions/73305912/how-to-add-a-static-route-after-a-dynamic-one-in-expressjs","displayLink":"https://stackoverflow.com › questions › how-to-add-a-st...","snippetHighlightWords":["routes","routes"],"date":"Aug 10, 2022"},{"signatures":[],"areSignaturesLoading":true,"title":"Creating routing for a static site using Express - Stack Overflow","snippet":"I am creating a static site, (HTML, CSS, JS) using nodeJS and express for the server... I am trying to create routes, so that the user sees ...","url":"https://stackoverflow.com/questions/66258861/creating-routing-for-a-static-site-using-express","displayLink":"https://stackoverflow.com › questions › creating-routin...","snippetHighlightWords":["static","JS","routes"],"date":"Feb 18, 2021"},{"signatures":[],"areSignaturesLoading":true,"title":"Problem with nodejs static route and files - Stack Overflow","snippet":"my whole app.js file is: const express = require('express'); const app = express(); var http = ...","url":"https://stackoverflow.com/questions/60243899/problem-with-nodejs-static-route-and-files","displayLink":"https://stackoverflow.com › questions › problem-with-n...","snippetHighlightWords":["js"],"date":"Feb 15, 2020"},{"signatures":[],"areSignaturesLoading":true,"title":"Using static folders with nested routes in Node JS","snippet":"Add this line to access static files in subroutes in /admin: app.use('/admin', express.static(path.join(__dirname, 'public'))).","url":"https://stackoverflow.com/questions/65785039/using-static-folders-with-nested-routes-in-node-js","displayLink":"https://stackoverflow.com › questions › using-static-fol...","snippetHighlightWords":["static","static"],"date":"Jan 19, 2021 1 answer"},{"signatures":[],"areSignaturesLoading":true,"title":"express.static() doesn't route the static files - Stack Overflow","snippet":"app.use(express.static(path.join(__dirname, 'public')));. Then you can just do: http://localhost:8080/views/src/index.js.","url":"https://stackoverflow.com/questions/55285668/express-static-doesnt-route-the-static-files","displayLink":"https://stackoverflow.com › questions › express-static-d...","snippetHighlightWords":["static","js"],"date":"Mar 21, 2019"},{"signatures":[],"areSignaturesLoading":true,"title":"Custom static route not working - Stack Overflow","snippet":"You have to do some restructure -public --dist ---bundle.js --index.html -server --server.js -src --app.js -webpack.config.js -package.json ...","url":"https://stackoverflow.com/questions/51579725/custom-static-route-not-working","displayLink":"https://stackoverflow.com › questions › custom-static-ro...","snippetHighlightWords":["js","js","js","js"],"date":"Jul 29, 2018 1 answer"}],"events":[{"timestamp":"2022-11-11T20:00:12.534Z","url":"https://stackoverflow.com/questions/36395563/static-routing-in-node-express","component":"projection","action":"load","data":{"height":60,"width":372.84375,"wc":27,"lc":1}},{"timestamp":"2022-11-11T20:00:12.534Z","url":"https://stackoverflow.com/questions/70120480/next-js-overlaps-static-route-with-dynamic-route","component":"projection","action":"load","data":{"height":82,"width":352.328125,"wc":17,"lc":1}},{"timestamp":"2022-11-11T20:00:12.534Z","url":"https://stackoverflow.com/questions/70456060/problem-with-static-routing-in-node-js-using-express","component":"projection","action":"load","data":{"height":60,"width":355.671875,"wc":29,"lc":1}},{"timestamp":"2022-11-11T20:00:12.534Z","url":"https://stackoverflow.com/questions/69758526/express-static-routes-are-not-working-when-adding-a-validation-middleware","component":"projection","action":"load","data":{"height":60,"width":371.609375,"wc":14,"lc":1}},{"timestamp":"2022-11-11T20:00:12.534Z","url":"https://stackoverflow.com/questions/73305912/how-to-add-a-static-route-after-a-dynamic-one-in-expressjs","component":"projection","action":"load","data":{"height":60,"width":355.203125,"wc":26,"lc":1}},{"timestamp":"2022-11-11T20:00:12.535Z","url":"https://stackoverflow.com/questions/66258861/creating-routing-for-a-static-site-using-express","component":"projection","action":"load","data":{"height":60,"width":363.796875,"wc":28,"lc":1}},{"timestamp":"2022-11-11T20:00:12.535Z","url":"https://stackoverflow.com/questions/60243899/problem-with-nodejs-static-route-and-files","component":"projection","action":"load","data":{"height":38,"width":353.78125,"wc":17,"lc":1}},{"timestamp":"2022-11-11T20:00:12.535Z","url":"https://stackoverflow.com/questions/65785039/using-static-folders-with-nested-routes-in-node-js","component":"projection","action":"load","data":{"height":60,"width":347.84375,"wc":14,"lc":1}},{"timestamp":"2022-11-11T20:00:12.535Z","url":"https://stackoverflow.com/questions/55285668/express-static-doesnt-route-the-static-files","component":"projection","action":"load","data":{"height":60,"width":349.578125,"wc":8,"lc":1}},{"timestamp":"2022-11-11T20:00:12.535Z","url":"https://stackoverflow.com/questions/51579725/custom-static-route-not-working","component":"projection","action":"load","data":{"height":60,"width":365.84375,"wc":17,"lc":1}},{"timestamp":"2022-11-11T20:00:13.071Z","url":"https://stackoverflow.com/questions/36395563/static-routing-in-node-express","component":"projection","action":"mouseenter"},{"timestamp":"2022-11-11T20:00:13.539Z","url":"https://stackoverflow.com/questions/36395563/static-routing-in-node-express","component":"projection","action":"mouseleave"},{"timestamp":"2022-11-11T20:00:13.684Z","url":"https://stackoverflow.com/questions/36395563/static-routing-in-node-express","component":"projection","action":"loaded","data":"projection 10 of 10"},{"timestamp":"2022-11-11T20:00:13.684Z","url":"https://stackoverflow.com/questions/70120480/next-js-overlaps-static-route-with-dynamic-route","component":"projection","action":"loaded","data":"projection 9 of 10"},{"timestamp":"2022-11-11T20:00:13.684Z","url":"https://stackoverflow.com/questions/70456060/problem-with-static-routing-in-node-js-using-express","component":"projection","action":"loaded","data":"projection 8 of 10"},{"timestamp":"2022-11-11T20:00:13.684Z","url":"https://stackoverflow.com/questions/69758526/express-static-routes-are-not-working-when-adding-a-validation-middleware","component":"projection","action":"loaded","data":"projection 7 of 10"},{"timestamp":"2022-11-11T20:00:13.684Z","url":"https://stackoverflow.com/questions/73305912/how-to-add-a-static-route-after-a-dynamic-one-in-expressjs","component":"projection","action":"loaded","data":"projection 6 of 10"},{"timestamp":"2022-11-11T20:00:13.684Z","url":"https://stackoverflow.com/questions/66258861/creating-routing-for-a-static-site-using-express","component":"projection","action":"loaded","data":"projection 5 of 10"},{"timestamp":"2022-11-11T20:00:13.684Z","url":"https://stackoverflow.com/questions/60243899/problem-with-nodejs-static-route-and-files","component":"projection","action":"loaded","data":"projection 4 of 10"},{"timestamp":"2022-11-11T20:00:13.684Z","url":"https://stackoverflow.com/questions/65785039/using-static-folders-with-nested-routes-in-node-js","component":"projection","action":"loaded","data":"projection 3 of 10"},{"timestamp":"2022-11-11T20:00:13.684Z","url":"https://stackoverflow.com/questions/55285668/express-static-doesnt-route-the-static-files","component":"projection","action":"loaded","data":"projection 2 of 10"},{"timestamp":"2022-11-11T20:00:13.684Z","url":"https://stackoverflow.com/questions/51579725/custom-static-route-not-working","component":"projection","action":"loaded","data":"projection 1 of 10"}]},{"keywords":["static","route"],"context":{"tokens":[{"kind":"language","value":"javascript"}]},"timestamp":"2022-11-11T20:00:14.386Z","results":[{"signatures":[],"areSignaturesLoading":true,"title":"node.js - Static routing in node express - Stack Overflow","snippet":"Im using a set of static routes in Node Express and are experiencing a very strange phenomenon. The routing is set up so that '/list/*' and ...","url":"https://stackoverflow.com/questions/36395563/static-routing-in-node-express","displayLink":"https://stackoverflow.com › questions › static-routing-in...","snippetHighlightWords":["static routes"],"date":"Apr 4, 2016"},{"signatures":[],"areSignaturesLoading":true,"title":"Next.js overlaps static route with dynamic route - Stack Overflow","snippet":"Following next.js documentation predefined routes take precedence over dynamic routes, and dynamic routes over catch all routes.","url":"https://stackoverflow.com/questions/70120480/next-js-overlaps-static-route-with-dynamic-route","displayLink":"https://stackoverflow.com › questions › next-js-overlaps...","snippetHighlightWords":["js","routes","routes","routes","routes"],"date":"Nov 26, 2021 2 answers"},{"signatures":[],"areSignaturesLoading":true,"title":"javascript - Problem with static routing in Node.js using express","snippet":"Problem with static routing in Node.js using express ... I am having an issue with some custom routing code, it all works fine and is in sync with ...","url":"https://stackoverflow.com/questions/70456060/problem-with-static-routing-in-node-js-using-express","displayLink":"https://stackoverflow.com › questions › problem-with-st...","snippetHighlightWords":["static routing","js"],"date":"Dec 22, 2021"},{"signatures":[],"areSignaturesLoading":true,"title":"express static routes are not working when adding a validation ...","snippet":"When I get request (http://localhost:3000/filepath) the static route without the middleware: app. use(express. static('data'));","url":"https://stackoverflow.com/questions/69758526/express-static-routes-are-not-working-when-adding-a-validation-middleware","displayLink":"https://stackoverflow.com › questions › express-static-r...","snippetHighlightWords":["static route","static"],"date":"Oct 28, 2021"},{"signatures":[],"areSignaturesLoading":true,"title":"How to add a static route after a dynamic one in ExpressJS?","snippet":"There are two 2 files with routes. ... I connect all my routes in the project in the following way: const dirs = await recursive(dir); dirs.","url":"https://stackoverflow.com/questions/73305912/how-to-add-a-static-route-after-a-dynamic-one-in-expressjs","displayLink":"https://stackoverflow.com › questions › how-to-add-a-st...","snippetHighlightWords":["routes","routes"],"date":"Aug 10, 2022"},{"signatures":[],"areSignaturesLoading":true,"title":"Creating routing for a static site using Express - Stack Overflow","snippet":"I am creating a static site, (HTML, CSS, JS) using nodeJS and express for the server... I am trying to create routes, so that the user sees ...","url":"https://stackoverflow.com/questions/66258861/creating-routing-for-a-static-site-using-express","displayLink":"https://stackoverflow.com › questions › creating-routin...","snippetHighlightWords":["static","JS","routes"],"date":"Feb 18, 2021"},{"signatures":[],"areSignaturesLoading":true,"title":"Problem with nodejs static route and files - Stack Overflow","snippet":"my whole app.js file is: const express = require('express'); const app = express(); var http = ...","url":"https://stackoverflow.com/questions/60243899/problem-with-nodejs-static-route-and-files","displayLink":"https://stackoverflow.com › questions › problem-with-n...","snippetHighlightWords":["js"],"date":"Feb 15, 2020"},{"signatures":[],"areSignaturesLoading":true,"title":"Using static folders with nested routes in Node JS","snippet":"Add this line to access static files in subroutes in /admin: app.use('/admin', express.static(path.join(__dirname, 'public'))).","url":"https://stackoverflow.com/questions/65785039/using-static-folders-with-nested-routes-in-node-js","displayLink":"https://stackoverflow.com › questions › using-static-fol...","snippetHighlightWords":["static","static"],"date":"Jan 19, 2021 1 answer"},{"signatures":[],"areSignaturesLoading":true,"title":"express.static() doesn't route the static files - Stack Overflow","snippet":"app.use(express.static(path.join(__dirname, 'public')));. Then you can just do: http://localhost:8080/views/src/index.js.","url":"https://stackoverflow.com/questions/55285668/express-static-doesnt-route-the-static-files","displayLink":"https://stackoverflow.com › questions › express-static-d...","snippetHighlightWords":["static","js"],"date":"Mar 21, 2019"},{"signatures":[],"areSignaturesLoading":true,"title":"Custom static route not working - Stack Overflow","snippet":"You have to do some restructure -public --dist ---bundle.js --index.html -server --server.js -src --app.js -webpack.config.js -package.json ...","url":"https://stackoverflow.com/questions/51579725/custom-static-route-not-working","displayLink":"https://stackoverflow.com › questions › custom-static-ro...","snippetHighlightWords":["js","js","js","js"],"date":"Jul 29, 2018 1 answer"}],"events":[{"timestamp":"2022-11-11T20:00:14.473Z","url":"https://stackoverflow.com/questions/36395563/static-routing-in-node-express","component":"projection","action":"load","data":{"height":60,"width":372.84375,"wc":27,"lc":1}},{"timestamp":"2022-11-11T20:00:14.473Z","url":"https://stackoverflow.com/questions/70120480/next-js-overlaps-static-route-with-dynamic-route","component":"projection","action":"load","data":{"height":82,"width":352.328125,"wc":17,"lc":1}},{"timestamp":"2022-11-11T20:00:14.473Z","url":"https://stackoverflow.com/questions/70456060/problem-with-static-routing-in-node-js-using-express","component":"projection","action":"load","data":{"height":60,"width":355.671875,"wc":29,"lc":1}},{"timestamp":"2022-11-11T20:00:14.473Z","url":"https://stackoverflow.com/questions/69758526/express-static-routes-are-not-working-when-adding-a-validation-middleware","component":"projection","action":"load","data":{"height":60,"width":371.609375,"wc":14,"lc":1}},{"timestamp":"2022-11-11T20:00:14.473Z","url":"https://stackoverflow.com/questions/73305912/how-to-add-a-static-route-after-a-dynamic-one-in-expressjs","component":"projection","action":"load","data":{"height":60,"width":355.203125,"wc":26,"lc":1}},{"timestamp":"2022-11-11T20:00:14.473Z","url":"https://stackoverflow.com/questions/66258861/creating-routing-for-a-static-site-using-express","component":"projection","action":"load","data":{"height":60,"width":363.796875,"wc":28,"lc":1}},{"timestamp":"2022-11-11T20:00:14.473Z","url":"https://stackoverflow.com/questions/60243899/problem-with-nodejs-static-route-and-files","component":"projection","action":"load","data":{"height":38,"width":353.78125,"wc":17,"lc":1}},{"timestamp":"2022-11-11T20:00:14.474Z","url":"https://stackoverflow.com/questions/65785039/using-static-folders-with-nested-routes-in-node-js","component":"projection","action":"load","data":{"height":60,"width":347.84375,"wc":14,"lc":1}},{"timestamp":"2022-11-11T20:00:14.474Z","url":"https://stackoverflow.com/questions/55285668/express-static-doesnt-route-the-static-files","component":"projection","action":"load","data":{"height":60,"width":349.578125,"wc":8,"lc":1}},{"timestamp":"2022-11-11T20:00:14.474Z","url":"https://stackoverflow.com/questions/51579725/custom-static-route-not-working","component":"projection","action":"load","data":{"height":60,"width":365.84375,"wc":17,"lc":1}},{"timestamp":"2022-11-11T20:00:15.621Z","url":"https://stackoverflow.com/questions/36395563/static-routing-in-node-express","component":"projection","action":"loaded","data":"projection 10 of 10"},{"timestamp":"2022-11-11T20:00:15.621Z","url":"https://stackoverflow.com/questions/70120480/next-js-overlaps-static-route-with-dynamic-route","component":"projection","action":"loaded","data":"projection 9 of 10"},{"timestamp":"2022-11-11T20:00:15.621Z","url":"https://stackoverflow.com/questions/70456060/problem-with-static-routing-in-node-js-using-express","component":"projection","action":"loaded","data":"projection 8 of 10"},{"timestamp":"2022-11-11T20:00:15.621Z","url":"https://stackoverflow.com/questions/69758526/express-static-routes-are-not-working-when-adding-a-validation-middleware","component":"projection","action":"loaded","data":"projection 7 of 10"},{"timestamp":"2022-11-11T20:00:15.621Z","url":"https://stackoverflow.com/questions/73305912/how-to-add-a-static-route-after-a-dynamic-one-in-expressjs","component":"projection","action":"loaded","data":"projection 6 of 10"},{"timestamp":"2022-11-11T20:00:15.621Z","url":"https://stackoverflow.com/questions/66258861/creating-routing-for-a-static-site-using-express","component":"projection","action":"loaded","data":"projection 5 of 10"},{"timestamp":"2022-11-11T20:00:15.621Z","url":"https://stackoverflow.com/questions/60243899/problem-with-nodejs-static-route-and-files","component":"projection","action":"loaded","data":"projection 4 of 10"},{"timestamp":"2022-11-11T20:00:15.621Z","url":"https://stackoverflow.com/questions/65785039/using-static-folders-with-nested-routes-in-node-js","component":"projection","action":"loaded","data":"projection 3 of 10"},{"timestamp":"2022-11-11T20:00:15.621Z","url":"https://stackoverflow.com/questions/55285668/express-static-doesnt-route-the-static-files","component":"projection","action":"loaded","data":"projection 2 of 10"},{"timestamp":"2022-11-11T20:00:15.621Z","url":"https://stackoverflow.com/questions/51579725/custom-static-route-not-working","component":"projection","action":"loaded","data":"projection 1 of 10"},{"timestamp":"2022-11-11T20:00:15.842Z","url":"https://stackoverflow.com/questions/36395563/static-routing-in-node-express","component":"projection","action":"mouseenter"},{"timestamp":"2022-11-11T20:00:16.481Z","url":"https://stackoverflow.com/questions/36395563/static-routing-in-node-express","component":"projection","action":"mouseleave"},{"timestamp":"2022-11-11T20:00:18.274Z","url":"https://stackoverflow.com/questions/65785039/using-static-folders-with-nested-routes-in-node-js","component":"projection","action":"mouseenter"},{"timestamp":"2022-11-11T20:00:18.310Z","url":"https://stackoverflow.com/questions/65785039/using-static-folders-with-nested-routes-in-node-js","component":"projection","action":"mouseleave"},{"timestamp":"2022-11-11T20:01:17.231Z","url":"https://stackoverflow.com/questions/65785039/using-static-folders-with-nested-routes-in-node-js","component":"projection","action":"mouseenter"},{"timestamp":"2022-11-11T20:01:17.613Z","url":"https://stackoverflow.com/questions/65785039/using-static-folders-with-nested-routes-in-node-js","component":"projection","action":"mouseleave"}]}]}