{"trialId":"36615_3","taskId":"currency","appEvents":[{"timestamp":"2022-11-11T19:43:26.760Z","name":"search","data":"search-start"},{"timestamp":"2022-11-11T19:43:27.978Z","name":"search","data":"search-done"},{"timestamp":"2022-11-11T19:43:32.509Z","name":"search","data":"search-start"},{"timestamp":"2022-11-11T19:43:33.733Z","name":"search","data":"search-done"},{"timestamp":"2022-11-11T19:43:35.272Z","name":"search","data":"search-start"},{"timestamp":"2022-11-11T19:43:36.492Z","name":"search","data":"search-done"},{"timestamp":"2022-11-11T19:48:33.557Z","name":"resize","data":{"height":0,"width":0}}],"searches":[{"keywords":["format","currency"],"context":{"tokens":[{"kind":"language","value":"javascript"}]},"timestamp":"2022-11-11T19:43:26.760Z","results":[{"signatures":[],"areSignaturesLoading":true,"title":"How to format numbers as currency strings - Stack Overflow","url":"https://stackoverflow.com/questions/149055/how-to-format-numbers-as-currency-strings","displayLink":"https://stackoverflow.com › questions › how-to-format-...","date":"Sep 29, 2008","snippet":"All you need is to add the currency symbol (e.g. \"$\" + profits.toFixed(2) ) and you will have your amount in dollars. Custom function. If you ...","snippetHighlightWords":["currency"]},{"signatures":[],"areSignaturesLoading":true,"title":"How to format numbers as currency strings - Stack Overflow","url":"https://stackoverflow.com/questions/149055/how-to-format-numbers-as-currency-strings/5681208","displayLink":"https://stackoverflow.com › questions › how-to-format-...","date":"66 answers","snippet":"I found this from: accounting.js. It's very easy and perfectly fits my need. // Default usage: accounting.formatMoney(12345678); // $12,345,678.00 ...","snippetHighlightWords":["js"]},{"signatures":[],"areSignaturesLoading":true,"title":"How do I print currency format in JavaScript - Stack Overflow","url":"https://stackoverflow.com/questions/4022171/how-do-i-print-currency-format-in-javascript","displayLink":"https://stackoverflow.com › questions › how-do-i-print-...","snippet":"I am writing a function that takes the float price and returns the formatted currency value with currency code too. like fnPrice( 1001.01 ) should print $ ...","snippetHighlightWords":["currency","currency"]},{"signatures":[],"areSignaturesLoading":true,"title":"How to format currency in JavaScript? - Stack Overflow","url":"https://stackoverflow.com/questions/64297528/how-to-format-currency-in-javascript","displayLink":"https://stackoverflow.com › questions › how-to-format-...","date":"Oct 10, 2020","snippet":"I'm beginner in JavaScript and I'm rendering a list that contains some products. The product price format comes as follows: 3800 , 4000 , 11000 ...","snippetHighlightWords":["JavaScript","format"]},{"signatures":[],"areSignaturesLoading":true,"title":"How to format currency and time in javascript - Stack Overflow","url":"https://stackoverflow.com/questions/60689698/how-to-format-currency-and-time-in-javascript","displayLink":"https://stackoverflow.com › questions › how-to-format-...","date":"Mar 15, 2020","snippet":"To format as currency, you can use Intl.NumberFormat either with or without the currency symbol. It can be used via toLocaleString:.","snippetHighlightWords":["format","currency","currency"]},{"signatures":[],"areSignaturesLoading":true,"title":"Proper JS currency format with commas and decimals","url":"https://stackoverflow.com/questions/19664926/proper-js-currency-format-with-commas-and-decimals","displayLink":"https://stackoverflow.com › questions › proper-js-curre...","date":"Oct 29, 2013","snippet":"The value that you get from text fields is of type 'string'. When you do math on simple strings Javascript will automatically coerce them to ...","snippetHighlightWords":["Javascript"]},{"signatures":[],"areSignaturesLoading":true,"title":"Currency format in euro - javascript - Stack Overflow","url":"https://stackoverflow.com/questions/69668216/currency-format-in-euro","displayLink":"https://stackoverflow.com › questions › currency-forma...","snippet":"For your onChange event on the euro currency, you want to remove the . the same way you are removing the , for the dollars, ...","snippetHighlightWords":["currency"],"extensions":["Oct 21, 2021","1 answer"]},{"signatures":[],"areSignaturesLoading":true,"title":"Javascript Function to Format as Money - Stack Overflow","url":"https://stackoverflow.com/questions/40426965/javascript-function-to-format-as-money","displayLink":"https://stackoverflow.com › questions › javascript-funct...","date":"Nov 4, 2016","snippet":"String.prototype.formatMoney = function(places, symbol, thousand, decimal) { if((this).match(/^$/) && (this).indexOf(',') != -1 && (this)."},{"signatures":[],"areSignaturesLoading":true,"title":"Format currency in JavaScript removing .00 - Stack Overflow","url":"https://stackoverflow.com/questions/46235907/format-currency-in-javascript-removing-00","displayLink":"https://stackoverflow.com › questions › format-currenc...","date":"Sep 15, 2017","snippet":"NumberFormat has the more sensible behavior of rounding away from zero as opposed to other JavaScript methods like Math.round . For example, ...","snippetHighlightWords":["JavaScript"]},{"signatures":[],"areSignaturesLoading":true,"title":"Currency formatting using Intl.NumberFormat without currency ...","url":"https://stackoverflow.com/questions/68549027/currency-formatting-using-intl-numberformat-without-currency-symbol","displayLink":"https://stackoverflow.com › questions › currency-forma...","date":"Jul 27, 2021","snippet":"I am trying to use Intl as a default currency formatter and it is almost perfect. ... I find it bizarre that I spend over an hour looking for a ...","snippetHighlightWords":["currency formatter"]}],"events":[{"timestamp":"2022-11-11T19:43:26.845Z","url":"https://stackoverflow.com/questions/149055/how-to-format-numbers-as-currency-strings","component":"projection","action":"load","data":{"height":60,"width":344.40625,"wc":27,"lc":1}},{"timestamp":"2022-11-11T19:43:26.846Z","url":"https://stackoverflow.com/questions/149055/how-to-format-numbers-as-currency-strings/5681208","component":"projection","action":"load","data":{"height":60,"width":362.75,"wc":20,"lc":1}},{"timestamp":"2022-11-11T19:43:26.846Z","url":"https://stackoverflow.com/questions/4022171/how-do-i-print-currency-format-in-javascript","component":"projection","action":"load","data":{"height":60,"width":369.625,"wc":28,"lc":1}},{"timestamp":"2022-11-11T19:43:26.846Z","url":"https://stackoverflow.com/questions/64297528/how-to-format-currency-in-javascript","component":"projection","action":"load","data":{"height":60,"width":358.75,"wc":26,"lc":1}},{"timestamp":"2022-11-11T19:43:26.846Z","url":"https://stackoverflow.com/questions/60689698/how-to-format-currency-and-time-in-javascript","component":"projection","action":"load","data":{"height":60,"width":340.6875,"wc":21,"lc":1}},{"timestamp":"2022-11-11T19:43:26.846Z","url":"https://stackoverflow.com/questions/19664926/proper-js-currency-format-with-commas-and-decimals","component":"projection","action":"load","data":{"height":60,"width":370.734375,"wc":26,"lc":1}},{"timestamp":"2022-11-11T19:43:26.846Z","url":"https://stackoverflow.com/questions/69668216/currency-format-in-euro","component":"projection","action":"load","data":{"height":60,"width":365.765625,"wc":26,"lc":1}},{"timestamp":"2022-11-11T19:43:26.846Z","url":"https://stackoverflow.com/questions/40426965/javascript-function-to-format-as-money","component":"projection","action":"load","data":{"height":60,"width":344.359375,"wc":14,"lc":1}},{"timestamp":"2022-11-11T19:43:26.846Z","url":"https://stackoverflow.com/questions/46235907/format-currency-in-javascript-removing-00","component":"projection","action":"load","data":{"height":60,"width":360.390625,"wc":23,"lc":1}},{"timestamp":"2022-11-11T19:43:26.847Z","url":"https://stackoverflow.com/questions/68549027/currency-formatting-using-intl-numberformat-without-currency-symbol","component":"projection","action":"load","data":{"height":60,"width":338.828125,"wc":31,"lc":1}},{"timestamp":"2022-11-11T19:43:27.978Z","url":"https://stackoverflow.com/questions/149055/how-to-format-numbers-as-currency-strings","component":"projection","action":"loaded","data":"projection 10 of 10"},{"timestamp":"2022-11-11T19:43:27.978Z","url":"https://stackoverflow.com/questions/149055/how-to-format-numbers-as-currency-strings/5681208","component":"projection","action":"loaded","data":"projection 9 of 10"},{"timestamp":"2022-11-11T19:43:27.978Z","url":"https://stackoverflow.com/questions/4022171/how-do-i-print-currency-format-in-javascript","component":"projection","action":"loaded","data":"projection 8 of 10"},{"timestamp":"2022-11-11T19:43:27.978Z","url":"https://stackoverflow.com/questions/64297528/how-to-format-currency-in-javascript","component":"projection","action":"loaded","data":"projection 7 of 10"},{"timestamp":"2022-11-11T19:43:27.978Z","url":"https://stackoverflow.com/questions/60689698/how-to-format-currency-and-time-in-javascript","component":"projection","action":"loaded","data":"projection 6 of 10"},{"timestamp":"2022-11-11T19:43:27.978Z","url":"https://stackoverflow.com/questions/19664926/proper-js-currency-format-with-commas-and-decimals","component":"projection","action":"loaded","data":"projection 5 of 10"},{"timestamp":"2022-11-11T19:43:27.978Z","url":"https://stackoverflow.com/questions/69668216/currency-format-in-euro","component":"projection","action":"loaded","data":"projection 4 of 10"},{"timestamp":"2022-11-11T19:43:27.978Z","url":"https://stackoverflow.com/questions/40426965/javascript-function-to-format-as-money","component":"projection","action":"loaded","data":"projection 3 of 10"},{"timestamp":"2022-11-11T19:43:27.978Z","url":"https://stackoverflow.com/questions/46235907/format-currency-in-javascript-removing-00","component":"projection","action":"loaded","data":"projection 2 of 10"},{"timestamp":"2022-11-11T19:43:27.978Z","url":"https://stackoverflow.com/questions/68549027/currency-formatting-using-intl-numberformat-without-currency-symbol","component":"projection","action":"loaded","data":"projection 1 of 10"},{"timestamp":"2022-11-11T19:43:29.699Z","url":"https://stackoverflow.com/questions/149055/how-to-format-numbers-as-currency-strings","component":"projection","action":"mouseenter"},{"timestamp":"2022-11-11T19:43:29.764Z","url":"https://stackoverflow.com/questions/149055/how-to-format-numbers-as-currency-strings","component":"projection","action":"mouseleave"}]},{"keywords":["format","currency"],"context":{"tokens":[{"kind":"language","value":"javascript"}]},"timestamp":"2022-11-11T19:43:32.507Z","results":[{"signatures":[],"areSignaturesLoading":true,"title":"How to format numbers as currency strings - Stack Overflow","url":"https://stackoverflow.com/questions/149055/how-to-format-numbers-as-currency-strings","displayLink":"https://stackoverflow.com › questions › how-to-format-...","date":"Sep 29, 2008","snippet":"All you need is to add the currency symbol (e.g. \"$\" + profits.toFixed(2) ) and you will have your amount in dollars. Custom function. If you ...","snippetHighlightWords":["currency"]},{"signatures":[],"areSignaturesLoading":true,"title":"How to format numbers as currency strings - Stack Overflow","url":"https://stackoverflow.com/questions/149055/how-to-format-numbers-as-currency-strings/5681208","displayLink":"https://stackoverflow.com › questions › how-to-format-...","date":"66 answers","snippet":"I found this from: accounting.js. It's very easy and perfectly fits my need. // Default usage: accounting.formatMoney(12345678); // $12,345,678.00 ...","snippetHighlightWords":["js"]},{"signatures":[],"areSignaturesLoading":true,"title":"How do I print currency format in JavaScript - Stack Overflow","url":"https://stackoverflow.com/questions/4022171/how-do-i-print-currency-format-in-javascript","displayLink":"https://stackoverflow.com › questions › how-do-i-print-...","snippet":"I am writing a function that takes the float price and returns the formatted currency value with currency code too. like fnPrice( 1001.01 ) should print $ ...","snippetHighlightWords":["currency","currency"]},{"signatures":[],"areSignaturesLoading":true,"title":"How to format currency in JavaScript? - Stack Overflow","url":"https://stackoverflow.com/questions/64297528/how-to-format-currency-in-javascript","displayLink":"https://stackoverflow.com › questions › how-to-format-...","date":"Oct 10, 2020","snippet":"I'm beginner in JavaScript and I'm rendering a list that contains some products. The product price format comes as follows: 3800 , 4000 , 11000 ...","snippetHighlightWords":["JavaScript","format"]},{"signatures":[],"areSignaturesLoading":true,"title":"How to format currency and time in javascript - Stack Overflow","url":"https://stackoverflow.com/questions/60689698/how-to-format-currency-and-time-in-javascript","displayLink":"https://stackoverflow.com › questions › how-to-format-...","date":"Mar 15, 2020","snippet":"To format as currency, you can use Intl.NumberFormat either with or without the currency symbol. It can be used via toLocaleString:.","snippetHighlightWords":["format","currency","currency"]},{"signatures":[],"areSignaturesLoading":true,"title":"Proper JS currency format with commas and decimals","url":"https://stackoverflow.com/questions/19664926/proper-js-currency-format-with-commas-and-decimals","displayLink":"https://stackoverflow.com › questions › proper-js-curre...","date":"Oct 29, 2013","snippet":"The value that you get from text fields is of type 'string'. When you do math on simple strings Javascript will automatically coerce them to ...","snippetHighlightWords":["Javascript"]},{"signatures":[],"areSignaturesLoading":true,"title":"Currency format in euro - javascript - Stack Overflow","url":"https://stackoverflow.com/questions/69668216/currency-format-in-euro","displayLink":"https://stackoverflow.com › questions › currency-forma...","snippet":"For your onChange event on the euro currency, you want to remove the . the same way you are removing the , for the dollars, ...","snippetHighlightWords":["currency"],"extensions":["Oct 21, 2021","1 answer"]},{"signatures":[],"areSignaturesLoading":true,"title":"Javascript Function to Format as Money - Stack Overflow","url":"https://stackoverflow.com/questions/40426965/javascript-function-to-format-as-money","displayLink":"https://stackoverflow.com › questions › javascript-funct...","date":"Nov 4, 2016","snippet":"String.prototype.formatMoney = function(places, symbol, thousand, decimal) { if((this).match(/^$/) && (this).indexOf(',') != -1 && (this)."},{"signatures":[],"areSignaturesLoading":true,"title":"Format currency in JavaScript removing .00 - Stack Overflow","url":"https://stackoverflow.com/questions/46235907/format-currency-in-javascript-removing-00","displayLink":"https://stackoverflow.com › questions › format-currenc...","date":"Sep 15, 2017","snippet":"NumberFormat has the more sensible behavior of rounding away from zero as opposed to other JavaScript methods like Math.round . For example, ...","snippetHighlightWords":["JavaScript"]},{"signatures":[],"areSignaturesLoading":true,"title":"Currency formatting using Intl.NumberFormat without currency ...","url":"https://stackoverflow.com/questions/68549027/currency-formatting-using-intl-numberformat-without-currency-symbol","displayLink":"https://stackoverflow.com › questions › currency-forma...","date":"Jul 27, 2021","snippet":"I am trying to use Intl as a default currency formatter and it is almost perfect. ... I find it bizarre that I spend over an hour looking for a ...","snippetHighlightWords":["currency formatter"]}],"events":[{"timestamp":"2022-11-11T19:43:32.559Z","url":"https://stackoverflow.com/questions/149055/how-to-format-numbers-as-currency-strings","component":"projection","action":"load","data":{"height":60,"width":344.40625,"wc":27,"lc":1}},{"timestamp":"2022-11-11T19:43:32.567Z","url":"https://stackoverflow.com/questions/149055/how-to-format-numbers-as-currency-strings/5681208","component":"projection","action":"load","data":{"height":60,"width":362.75,"wc":20,"lc":1}},{"timestamp":"2022-11-11T19:43:32.568Z","url":"https://stackoverflow.com/questions/4022171/how-do-i-print-currency-format-in-javascript","component":"projection","action":"load","data":{"height":60,"width":369.625,"wc":28,"lc":1}},{"timestamp":"2022-11-11T19:43:32.568Z","url":"https://stackoverflow.com/questions/64297528/how-to-format-currency-in-javascript","component":"projection","action":"load","data":{"height":60,"width":358.75,"wc":26,"lc":1}},{"timestamp":"2022-11-11T19:43:32.568Z","url":"https://stackoverflow.com/questions/60689698/how-to-format-currency-and-time-in-javascript","component":"projection","action":"load","data":{"height":60,"width":340.6875,"wc":21,"lc":1}},{"timestamp":"2022-11-11T19:43:32.568Z","url":"https://stackoverflow.com/questions/19664926/proper-js-currency-format-with-commas-and-decimals","component":"projection","action":"load","data":{"height":60,"width":370.734375,"wc":26,"lc":1}},{"timestamp":"2022-11-11T19:43:32.568Z","url":"https://stackoverflow.com/questions/69668216/currency-format-in-euro","component":"projection","action":"load","data":{"height":60,"width":365.765625,"wc":26,"lc":1}},{"timestamp":"2022-11-11T19:43:32.568Z","url":"https://stackoverflow.com/questions/40426965/javascript-function-to-format-as-money","component":"projection","action":"load","data":{"height":60,"width":344.359375,"wc":14,"lc":1}},{"timestamp":"2022-11-11T19:43:32.568Z","url":"https://stackoverflow.com/questions/46235907/format-currency-in-javascript-removing-00","component":"projection","action":"load","data":{"height":60,"width":360.390625,"wc":23,"lc":1}},{"timestamp":"2022-11-11T19:43:32.568Z","url":"https://stackoverflow.com/questions/68549027/currency-formatting-using-intl-numberformat-without-currency-symbol","component":"projection","action":"load","data":{"height":60,"width":338.828125,"wc":31,"lc":1}},{"timestamp":"2022-11-11T19:43:33.733Z","url":"https://stackoverflow.com/questions/149055/how-to-format-numbers-as-currency-strings","component":"projection","action":"loaded","data":"projection 10 of 10"},{"timestamp":"2022-11-11T19:43:33.733Z","url":"https://stackoverflow.com/questions/149055/how-to-format-numbers-as-currency-strings/5681208","component":"projection","action":"loaded","data":"projection 9 of 10"},{"timestamp":"2022-11-11T19:43:33.733Z","url":"https://stackoverflow.com/questions/4022171/how-do-i-print-currency-format-in-javascript","component":"projection","action":"loaded","data":"projection 8 of 10"},{"timestamp":"2022-11-11T19:43:33.733Z","url":"https://stackoverflow.com/questions/64297528/how-to-format-currency-in-javascript","component":"projection","action":"loaded","data":"projection 7 of 10"},{"timestamp":"2022-11-11T19:43:33.733Z","url":"https://stackoverflow.com/questions/60689698/how-to-format-currency-and-time-in-javascript","component":"projection","action":"loaded","data":"projection 6 of 10"},{"timestamp":"2022-11-11T19:43:33.733Z","url":"https://stackoverflow.com/questions/19664926/proper-js-currency-format-with-commas-and-decimals","component":"projection","action":"loaded","data":"projection 5 of 10"},{"timestamp":"2022-11-11T19:43:33.733Z","url":"https://stackoverflow.com/questions/69668216/currency-format-in-euro","component":"projection","action":"loaded","data":"projection 4 of 10"},{"timestamp":"2022-11-11T19:43:33.733Z","url":"https://stackoverflow.com/questions/40426965/javascript-function-to-format-as-money","component":"projection","action":"loaded","data":"projection 3 of 10"},{"timestamp":"2022-11-11T19:43:33.733Z","url":"https://stackoverflow.com/questions/46235907/format-currency-in-javascript-removing-00","component":"projection","action":"loaded","data":"projection 2 of 10"},{"timestamp":"2022-11-11T19:43:33.733Z","url":"https://stackoverflow.com/questions/68549027/currency-formatting-using-intl-numberformat-without-currency-symbol","component":"projection","action":"loaded","data":"projection 1 of 10"}]},{"keywords":["format","currency"],"context":{"tokens":[{"kind":"language","value":"javascript"}]},"timestamp":"2022-11-11T19:43:35.271Z","results":[{"signatures":[],"areSignaturesLoading":true,"title":"How to format numbers as currency strings - Stack Overflow","url":"https://stackoverflow.com/questions/149055/how-to-format-numbers-as-currency-strings","displayLink":"https://stackoverflow.com › questions › how-to-format-...","date":"Sep 29, 2008","snippet":"All you need is to add the currency symbol (e.g. \"$\" + profits.toFixed(2) ) and you will have your amount in dollars. Custom function. If you ...","snippetHighlightWords":["currency"]},{"signatures":[],"areSignaturesLoading":true,"title":"How to format numbers as currency strings - Stack Overflow","url":"https://stackoverflow.com/questions/149055/how-to-format-numbers-as-currency-strings/5681208","displayLink":"https://stackoverflow.com › questions › how-to-format-...","date":"66 answers","snippet":"I found this from: accounting.js. It's very easy and perfectly fits my need. // Default usage: accounting.formatMoney(12345678); // $12,345,678.00 ...","snippetHighlightWords":["js"]},{"signatures":[],"areSignaturesLoading":true,"title":"How do I print currency format in JavaScript - Stack Overflow","url":"https://stackoverflow.com/questions/4022171/how-do-i-print-currency-format-in-javascript","displayLink":"https://stackoverflow.com › questions › how-do-i-print-...","snippet":"I am writing a function that takes the float price and returns the formatted currency value with currency code too. like fnPrice( 1001.01 ) should print $ ...","snippetHighlightWords":["currency","currency"]},{"signatures":[],"areSignaturesLoading":true,"title":"How to format currency in JavaScript? - Stack Overflow","url":"https://stackoverflow.com/questions/64297528/how-to-format-currency-in-javascript","displayLink":"https://stackoverflow.com › questions › how-to-format-...","date":"Oct 10, 2020","snippet":"I'm beginner in JavaScript and I'm rendering a list that contains some products. The product price format comes as follows: 3800 , 4000 , 11000 ...","snippetHighlightWords":["JavaScript","format"]},{"signatures":[],"areSignaturesLoading":true,"title":"How to format currency and time in javascript - Stack Overflow","url":"https://stackoverflow.com/questions/60689698/how-to-format-currency-and-time-in-javascript","displayLink":"https://stackoverflow.com › questions › how-to-format-...","date":"Mar 15, 2020","snippet":"To format as currency, you can use Intl.NumberFormat either with or without the currency symbol. It can be used via toLocaleString:.","snippetHighlightWords":["format","currency","currency"]},{"signatures":[],"areSignaturesLoading":true,"title":"Proper JS currency format with commas and decimals","url":"https://stackoverflow.com/questions/19664926/proper-js-currency-format-with-commas-and-decimals","displayLink":"https://stackoverflow.com › questions › proper-js-curre...","date":"Oct 29, 2013","snippet":"The value that you get from text fields is of type 'string'. When you do math on simple strings Javascript will automatically coerce them to ...","snippetHighlightWords":["Javascript"]},{"signatures":[],"areSignaturesLoading":true,"title":"Currency format in euro - javascript - Stack Overflow","url":"https://stackoverflow.com/questions/69668216/currency-format-in-euro","displayLink":"https://stackoverflow.com › questions › currency-forma...","snippet":"For your onChange event on the euro currency, you want to remove the . the same way you are removing the , for the dollars, ...","snippetHighlightWords":["currency"],"extensions":["Oct 21, 2021","1 answer"]},{"signatures":[],"areSignaturesLoading":true,"title":"Javascript Function to Format as Money - Stack Overflow","url":"https://stackoverflow.com/questions/40426965/javascript-function-to-format-as-money","displayLink":"https://stackoverflow.com › questions › javascript-funct...","date":"Nov 4, 2016","snippet":"String.prototype.formatMoney = function(places, symbol, thousand, decimal) { if((this).match(/^$/) && (this).indexOf(',') != -1 && (this)."},{"signatures":[],"areSignaturesLoading":true,"title":"Format currency in JavaScript removing .00 - Stack Overflow","url":"https://stackoverflow.com/questions/46235907/format-currency-in-javascript-removing-00","displayLink":"https://stackoverflow.com › questions › format-currenc...","date":"Sep 15, 2017","snippet":"NumberFormat has the more sensible behavior of rounding away from zero as opposed to other JavaScript methods like Math.round . For example, ...","snippetHighlightWords":["JavaScript"]},{"signatures":[],"areSignaturesLoading":true,"title":"Currency formatting using Intl.NumberFormat without currency ...","url":"https://stackoverflow.com/questions/68549027/currency-formatting-using-intl-numberformat-without-currency-symbol","displayLink":"https://stackoverflow.com › questions › currency-forma...","date":"Jul 27, 2021","snippet":"I am trying to use Intl as a default currency formatter and it is almost perfect. ... I find it bizarre that I spend over an hour looking for a ...","snippetHighlightWords":["currency formatter"]}],"events":[{"timestamp":"2022-11-11T19:43:35.346Z","url":"https://stackoverflow.com/questions/149055/how-to-format-numbers-as-currency-strings","component":"projection","action":"load","data":{"height":60,"width":344.40625,"wc":27,"lc":1}},{"timestamp":"2022-11-11T19:43:35.346Z","url":"https://stackoverflow.com/questions/149055/how-to-format-numbers-as-currency-strings/5681208","component":"projection","action":"load","data":{"height":60,"width":362.75,"wc":20,"lc":1}},{"timestamp":"2022-11-11T19:43:35.346Z","url":"https://stackoverflow.com/questions/4022171/how-do-i-print-currency-format-in-javascript","component":"projection","action":"load","data":{"height":60,"width":369.625,"wc":28,"lc":1}},{"timestamp":"2022-11-11T19:43:35.346Z","url":"https://stackoverflow.com/questions/64297528/how-to-format-currency-in-javascript","component":"projection","action":"load","data":{"height":60,"width":358.75,"wc":26,"lc":1}},{"timestamp":"2022-11-11T19:43:35.346Z","url":"https://stackoverflow.com/questions/60689698/how-to-format-currency-and-time-in-javascript","component":"projection","action":"load","data":{"height":60,"width":340.6875,"wc":21,"lc":1}},{"timestamp":"2022-11-11T19:43:35.346Z","url":"https://stackoverflow.com/questions/19664926/proper-js-currency-format-with-commas-and-decimals","component":"projection","action":"load","data":{"height":60,"width":370.734375,"wc":26,"lc":1}},{"timestamp":"2022-11-11T19:43:35.346Z","url":"https://stackoverflow.com/questions/69668216/currency-format-in-euro","component":"projection","action":"load","data":{"height":60,"width":365.765625,"wc":26,"lc":1}},{"timestamp":"2022-11-11T19:43:35.346Z","url":"https://stackoverflow.com/questions/40426965/javascript-function-to-format-as-money","component":"projection","action":"load","data":{"height":60,"width":344.359375,"wc":14,"lc":1}},{"timestamp":"2022-11-11T19:43:35.346Z","url":"https://stackoverflow.com/questions/46235907/format-currency-in-javascript-removing-00","component":"projection","action":"load","data":{"height":60,"width":360.390625,"wc":23,"lc":1}},{"timestamp":"2022-11-11T19:43:35.346Z","url":"https://stackoverflow.com/questions/68549027/currency-formatting-using-intl-numberformat-without-currency-symbol","component":"projection","action":"load","data":{"height":60,"width":338.828125,"wc":31,"lc":1}},{"timestamp":"2022-11-11T19:43:35.539Z","url":"https://stackoverflow.com/questions/149055/how-to-format-numbers-as-currency-strings","component":"projection","action":"mouseenter"},{"timestamp":"2022-11-11T19:43:36.060Z","url":"https://stackoverflow.com/questions/149055/how-to-format-numbers-as-currency-strings","component":"projection","action":"mouseleave"},{"timestamp":"2022-11-11T19:43:36.492Z","url":"https://stackoverflow.com/questions/149055/how-to-format-numbers-as-currency-strings","component":"projection","action":"loaded","data":"projection 10 of 10"},{"timestamp":"2022-11-11T19:43:36.492Z","url":"https://stackoverflow.com/questions/149055/how-to-format-numbers-as-currency-strings/5681208","component":"projection","action":"loaded","data":"projection 9 of 10"},{"timestamp":"2022-11-11T19:43:36.492Z","url":"https://stackoverflow.com/questions/4022171/how-do-i-print-currency-format-in-javascript","component":"projection","action":"loaded","data":"projection 8 of 10"},{"timestamp":"2022-11-11T19:43:36.492Z","url":"https://stackoverflow.com/questions/64297528/how-to-format-currency-in-javascript","component":"projection","action":"loaded","data":"projection 7 of 10"},{"timestamp":"2022-11-11T19:43:36.492Z","url":"https://stackoverflow.com/questions/60689698/how-to-format-currency-and-time-in-javascript","component":"projection","action":"loaded","data":"projection 6 of 10"},{"timestamp":"2022-11-11T19:43:36.492Z","url":"https://stackoverflow.com/questions/19664926/proper-js-currency-format-with-commas-and-decimals","component":"projection","action":"loaded","data":"projection 5 of 10"},{"timestamp":"2022-11-11T19:43:36.492Z","url":"https://stackoverflow.com/questions/69668216/currency-format-in-euro","component":"projection","action":"loaded","data":"projection 4 of 10"},{"timestamp":"2022-11-11T19:43:36.492Z","url":"https://stackoverflow.com/questions/40426965/javascript-function-to-format-as-money","component":"projection","action":"loaded","data":"projection 3 of 10"},{"timestamp":"2022-11-11T19:43:36.492Z","url":"https://stackoverflow.com/questions/46235907/format-currency-in-javascript-removing-00","component":"projection","action":"loaded","data":"projection 2 of 10"},{"timestamp":"2022-11-11T19:43:36.492Z","url":"https://stackoverflow.com/questions/68549027/currency-formatting-using-intl-numberformat-without-currency-symbol","component":"projection","action":"loaded","data":"projection 1 of 10"},{"timestamp":"2022-11-11T19:43:37.990Z","url":"https://stackoverflow.com/questions/149055/how-to-format-numbers-as-currency-strings","component":"projection","action":"mouseenter"},{"timestamp":"2022-11-11T19:43:38.847Z","url":"https://stackoverflow.com/questions/149055/how-to-format-numbers-as-currency-strings","component":"page","action":"open"},{"timestamp":"2022-11-11T19:43:38.899Z","url":"https://stackoverflow.com/questions/149055/how-to-format-numbers-as-currency-strings","component":"projection","action":"mouseleave"},{"timestamp":"2022-11-11T19:43:40.500Z","url":"https://stackoverflow.com/questions/149055/how-to-format-numbers-as-currency-strings","component":"page","action":"load"},{"timestamp":"2022-11-11T19:43:42.656Z","url":"https://stackoverflow.com/questions/149055/how-to-format-numbers-as-currency-strings","component":"page","action":"scroll","data":{"viewport":{"x":0,"y":227,"height":508,"width":397},"document":{"height":40534,"width":380},"question":{"identifier":"149055","top":-63.59375,"bottom":1078.9375,"right":364,"left":16,"width":348,"height":1142.53125},"answers":[{"identifier":"16233919","top":1196.21875,"bottom":3524.75,"right":364,"left":16,"width":348,"height":2328.53125},{"identifier":"149099","top":3524.75,"bottom":6610.875,"right":364,"left":16,"width":348,"height":3086.125},{"identifier":"14428340","top":6610.875,"bottom":9232.0625,"right":364,"left":16,"width":348,"height":2621.1875},{"identifier":"149107","top":9232.0625,"bottom":10977.984375,"right":364,"left":16,"width":348,"height":1745.921875},{"identifier":"2866613","top":10977.984375,"bottom":13076.921875,"right":364,"left":16,"width":348,"height":2098.9375},{"identifier":"26745078","top":13076.921875,"bottom":13932.109375,"right":364,"left":16,"width":348,"height":855.1875},{"identifier":"7266497","top":13932.109375,"bottom":14660.296875,"right":364,"left":16,"width":348,"height":728.1875},{"identifier":"9318724","top":14660.296875,"bottom":15754.609375,"right":364,"left":16,"width":348,"height":1094.3125},{"identifier":"5342097","top":15754.609375,"bottom":16827.296875,"right":364,"left":16,"width":348,"height":1072.6875},{"identifier":"18994850","top":16827.296875,"bottom":17970.546875,"right":364,"left":16,"width":348,"height":1143.25},{"identifier":"9318723","top":17970.546875,"bottom":18517.671875,"right":364,"left":16,"width":348,"height":547.125},{"identifier":"68536579","top":18517.671875,"bottom":19085.140625,"right":364,"left":16,"width":348,"height":567.46875},{"identifier":"149150","top":19085.140625,"bottom":19987.140625,"right":364,"left":16,"width":348,"height":902},{"identifier":"12698339","top":19987.140625,"bottom":20647.703125,"right":364,"left":16,"width":348,"height":660.5625},{"identifier":"40079019","top":20647.703125,"bottom":22407.015625,"right":364,"left":16,"width":348,"height":1759.3125},{"identifier":"6787083","top":22407.015625,"bottom":23155.890625,"right":364,"left":16,"width":348,"height":748.875},{"identifier":"6715476","top":23155.890625,"bottom":23973.078125,"right":364,"left":16,"width":348,"height":817.1875},{"identifier":"8726353","top":23973.078125,"bottom":24496.890625,"right":364,"left":16,"width":348,"height":523.8125},{"identifier":"11270819","top":24496.890625,"bottom":25855.953125,"right":364,"left":16,"width":348,"height":1359.0625},{"identifier":"149080","top":25855.953125,"bottom":26686.953125,"right":364,"left":16,"width":348,"height":831},{"identifier":"60877747","top":26686.953125,"bottom":27221.25,"right":364,"left":16,"width":348,"height":534.296875},{"identifier":"1323064","top":27221.25,"bottom":28987.9375,"right":364,"left":16,"width":348,"height":1766.6875},{"identifier":"10168573","top":28987.9375,"bottom":29763.125,"right":364,"left":16,"width":348,"height":775.1875},{"identifier":"9327950","top":29763.125,"bottom":30322.5625,"right":364,"left":16,"width":348,"height":559.4375},{"identifier":"149120","top":30322.5625,"bottom":30989.75,"right":364,"left":16,"width":348,"height":667.1875},{"identifier":"12698442","top":30989.75,"bottom":31457.6875,"right":364,"left":16,"width":348,"height":467.9375},{"identifier":"3284302","top":31457.6875,"bottom":32614.1875,"right":364,"left":16,"width":348,"height":1156.5},{"identifier":"14735423","top":32614.1875,"bottom":33580.125,"right":364,"left":16,"width":348,"height":965.9375},{"identifier":"54274936","top":33580.125,"bottom":34049,"right":364,"left":16,"width":348,"height":468.875},{"identifier":"23717185","top":34049,"bottom":37978.875,"right":364,"left":16,"width":348,"height":3929.875}]}},{"timestamp":"2022-11-11T19:43:45.690Z","url":"https://stackoverflow.com/questions/149055/how-to-format-numbers-as-currency-strings","component":"page","action":"scroll","data":{"viewport":{"x":0,"y":1280,"height":508,"width":397},"document":{"height":40534,"width":380},"question":{"identifier":"149055","top":-1116.59375,"bottom":25.9375,"right":364,"left":16,"width":348,"height":1142.53125},"answers":[{"identifier":"16233919","top":143.21875,"bottom":2471.75,"right":364,"left":16,"width":348,"height":2328.53125},{"identifier":"149099","top":2471.75,"bottom":5557.875,"right":364,"left":16,"width":348,"height":3086.125},{"identifier":"14428340","top":5557.875,"bottom":8179.0625,"right":364,"left":16,"width":348,"height":2621.1875},{"identifier":"149107","top":8179.0625,"bottom":9924.984375,"right":364,"left":16,"width":348,"height":1745.921875},{"identifier":"2866613","top":9924.984375,"bottom":12023.921875,"right":364,"left":16,"width":348,"height":2098.9375},{"identifier":"26745078","top":12023.921875,"bottom":12879.109375,"right":364,"left":16,"width":348,"height":855.1875},{"identifier":"7266497","top":12879.109375,"bottom":13607.296875,"right":364,"left":16,"width":348,"height":728.1875},{"identifier":"9318724","top":13607.296875,"bottom":14701.609375,"right":364,"left":16,"width":348,"height":1094.3125},{"identifier":"5342097","top":14701.609375,"bottom":15774.296875,"right":364,"left":16,"width":348,"height":1072.6875},{"identifier":"18994850","top":15774.296875,"bottom":16917.546875,"right":364,"left":16,"width":348,"height":1143.25},{"identifier":"9318723","top":16917.546875,"bottom":17464.671875,"right":364,"left":16,"width":348,"height":547.125},{"identifier":"68536579","top":17464.671875,"bottom":18032.140625,"right":364,"left":16,"width":348,"height":567.46875},{"identifier":"149150","top":18032.140625,"bottom":18934.140625,"right":364,"left":16,"width":348,"height":902},{"identifier":"12698339","top":18934.140625,"bottom":19594.703125,"right":364,"left":16,"width":348,"height":660.5625},{"identifier":"40079019","top":19594.703125,"bottom":21354.015625,"right":364,"left":16,"width":348,"height":1759.3125},{"identifier":"6787083","top":21354.015625,"bottom":22102.890625,"right":364,"left":16,"width":348,"height":748.875},{"identifier":"6715476","top":22102.890625,"bottom":22920.078125,"right":364,"left":16,"width":348,"height":817.1875},{"identifier":"8726353","top":22920.078125,"bottom":23443.890625,"right":364,"left":16,"width":348,"height":523.8125},{"identifier":"11270819","top":23443.890625,"bottom":24802.953125,"right":364,"left":16,"width":348,"height":1359.0625},{"identifier":"149080","top":24802.953125,"bottom":25633.953125,"right":364,"left":16,"width":348,"height":831},{"identifier":"60877747","top":25633.953125,"bottom":26168.25,"right":364,"left":16,"width":348,"height":534.296875},{"identifier":"1323064","top":26168.25,"bottom":27934.9375,"right":364,"left":16,"width":348,"height":1766.6875},{"identifier":"10168573","top":27934.9375,"bottom":28710.125,"right":364,"left":16,"width":348,"height":775.1875},{"identifier":"9327950","top":28710.125,"bottom":29269.5625,"right":364,"left":16,"width":348,"height":559.4375},{"identifier":"149120","top":29269.5625,"bottom":29936.75,"right":364,"left":16,"width":348,"height":667.1875},{"identifier":"12698442","top":29936.75,"bottom":30404.6875,"right":364,"left":16,"width":348,"height":467.9375},{"identifier":"3284302","top":30404.6875,"bottom":31561.1875,"right":364,"left":16,"width":348,"height":1156.5},{"identifier":"14735423","top":31561.1875,"bottom":32527.125,"right":364,"left":16,"width":348,"height":965.9375},{"identifier":"54274936","top":32527.125,"bottom":32996,"right":364,"left":16,"width":348,"height":468.875},{"identifier":"23717185","top":32996,"bottom":36925.875,"right":364,"left":16,"width":348,"height":3929.875}]}},{"timestamp":"2022-11-11T19:43:46.460Z","url":"https://stackoverflow.com/questions/149055/how-to-format-numbers-as-currency-strings","component":"page","action":"scroll","data":{"viewport":{"x":0,"y":1380,"height":508,"width":397},"document":{"height":40534,"width":380},"question":{"identifier":"149055","top":-1216.59375,"bottom":-74.0625,"right":364,"left":16,"width":348,"height":1142.53125},"answers":[{"identifier":"16233919","top":43.21875,"bottom":2371.75,"right":364,"left":16,"width":348,"height":2328.53125},{"identifier":"149099","top":2371.75,"bottom":5457.875,"right":364,"left":16,"width":348,"height":3086.125},{"identifier":"14428340","top":5457.875,"bottom":8079.0625,"right":364,"left":16,"width":348,"height":2621.1875},{"identifier":"149107","top":8079.0625,"bottom":9824.984375,"right":364,"left":16,"width":348,"height":1745.921875},{"identifier":"2866613","top":9824.984375,"bottom":11923.921875,"right":364,"left":16,"width":348,"height":2098.9375},{"identifier":"26745078","top":11923.921875,"bottom":12779.109375,"right":364,"left":16,"width":348,"height":855.1875},{"identifier":"7266497","top":12779.109375,"bottom":13507.296875,"right":364,"left":16,"width":348,"height":728.1875},{"identifier":"9318724","top":13507.296875,"bottom":14601.609375,"right":364,"left":16,"width":348,"height":1094.3125},{"identifier":"5342097","top":14601.609375,"bottom":15674.296875,"right":364,"left":16,"width":348,"height":1072.6875},{"identifier":"18994850","top":15674.296875,"bottom":16817.546875,"right":364,"left":16,"width":348,"height":1143.25},{"identifier":"9318723","top":16817.546875,"bottom":17364.671875,"right":364,"left":16,"width":348,"height":547.125},{"identifier":"68536579","top":17364.671875,"bottom":17932.140625,"right":364,"left":16,"width":348,"height":567.46875},{"identifier":"149150","top":17932.140625,"bottom":18834.140625,"right":364,"left":16,"width":348,"height":902},{"identifier":"12698339","top":18834.140625,"bottom":19494.703125,"right":364,"left":16,"width":348,"height":660.5625},{"identifier":"40079019","top":19494.703125,"bottom":21254.015625,"right":364,"left":16,"width":348,"height":1759.3125},{"identifier":"6787083","top":21254.015625,"bottom":22002.890625,"right":364,"left":16,"width":348,"height":748.875},{"identifier":"6715476","top":22002.890625,"bottom":22820.078125,"right":364,"left":16,"width":348,"height":817.1875},{"identifier":"8726353","top":22820.078125,"bottom":23343.890625,"right":364,"left":16,"width":348,"height":523.8125},{"identifier":"11270819","top":23343.890625,"bottom":24702.953125,"right":364,"left":16,"width":348,"height":1359.0625},{"identifier":"149080","top":24702.953125,"bottom":25533.953125,"right":364,"left":16,"width":348,"height":831},{"identifier":"60877747","top":25533.953125,"bottom":26068.25,"right":364,"left":16,"width":348,"height":534.296875},{"identifier":"1323064","top":26068.25,"bottom":27834.9375,"right":364,"left":16,"width":348,"height":1766.6875},{"identifier":"10168573","top":27834.9375,"bottom":28610.125,"right":364,"left":16,"width":348,"height":775.1875},{"identifier":"9327950","top":28610.125,"bottom":29169.5625,"right":364,"left":16,"width":348,"height":559.4375},{"identifier":"149120","top":29169.5625,"bottom":29836.75,"right":364,"left":16,"width":348,"height":667.1875},{"identifier":"12698442","top":29836.75,"bottom":30304.6875,"right":364,"left":16,"width":348,"height":467.9375},{"identifier":"3284302","top":30304.6875,"bottom":31461.1875,"right":364,"left":16,"width":348,"height":1156.5},{"identifier":"14735423","top":31461.1875,"bottom":32427.125,"right":364,"left":16,"width":348,"height":965.9375},{"identifier":"54274936","top":32427.125,"bottom":32896,"right":364,"left":16,"width":348,"height":468.875},{"identifier":"23717185","top":32896,"bottom":36825.875,"right":364,"left":16,"width":348,"height":3929.875}]}},{"timestamp":"2022-11-11T19:43:48.267Z","url":"https://stackoverflow.com/questions/149055/how-to-format-numbers-as-currency-strings","component":"page","action":"scroll","data":{"viewport":{"x":0,"y":1480,"height":508,"width":397},"document":{"height":40534,"width":380},"question":{"identifier":"149055","top":-1316.59375,"bottom":-174.0625,"right":364,"left":16,"width":348,"height":1142.53125},"answers":[{"identifier":"16233919","top":-56.78125,"bottom":2271.75,"right":364,"left":16,"width":348,"height":2328.53125},{"identifier":"149099","top":2271.75,"bottom":5357.875,"right":364,"left":16,"width":348,"height":3086.125},{"identifier":"14428340","top":5357.875,"bottom":7979.0625,"right":364,"left":16,"width":348,"height":2621.1875},{"identifier":"149107","top":7979.0625,"bottom":9724.984375,"right":364,"left":16,"width":348,"height":1745.921875},{"identifier":"2866613","top":9724.984375,"bottom":11823.921875,"right":364,"left":16,"width":348,"height":2098.9375},{"identifier":"26745078","top":11823.921875,"bottom":12679.109375,"right":364,"left":16,"width":348,"height":855.1875},{"identifier":"7266497","top":12679.109375,"bottom":13407.296875,"right":364,"left":16,"width":348,"height":728.1875},{"identifier":"9318724","top":13407.296875,"bottom":14501.609375,"right":364,"left":16,"width":348,"height":1094.3125},{"identifier":"5342097","top":14501.609375,"bottom":15574.296875,"right":364,"left":16,"width":348,"height":1072.6875},{"identifier":"18994850","top":15574.296875,"bottom":16717.546875,"right":364,"left":16,"width":348,"height":1143.25},{"identifier":"9318723","top":16717.546875,"bottom":17264.671875,"right":364,"left":16,"width":348,"height":547.125},{"identifier":"68536579","top":17264.671875,"bottom":17832.140625,"right":364,"left":16,"width":348,"height":567.46875},{"identifier":"149150","top":17832.140625,"bottom":18734.140625,"right":364,"left":16,"width":348,"height":902},{"identifier":"12698339","top":18734.140625,"bottom":19394.703125,"right":364,"left":16,"width":348,"height":660.5625},{"identifier":"40079019","top":19394.703125,"bottom":21154.015625,"right":364,"left":16,"width":348,"height":1759.3125},{"identifier":"6787083","top":21154.015625,"bottom":21902.890625,"right":364,"left":16,"width":348,"height":748.875},{"identifier":"6715476","top":21902.890625,"bottom":22720.078125,"right":364,"left":16,"width":348,"height":817.1875},{"identifier":"8726353","top":22720.078125,"bottom":23243.890625,"right":364,"left":16,"width":348,"height":523.8125},{"identifier":"11270819","top":23243.890625,"bottom":24602.953125,"right":364,"left":16,"width":348,"height":1359.0625},{"identifier":"149080","top":24602.953125,"bottom":25433.953125,"right":364,"left":16,"width":348,"height":831},{"identifier":"60877747","top":25433.953125,"bottom":25968.25,"right":364,"left":16,"width":348,"height":534.296875},{"identifier":"1323064","top":25968.25,"bottom":27734.9375,"right":364,"left":16,"width":348,"height":1766.6875},{"identifier":"10168573","top":27734.9375,"bottom":28510.125,"right":364,"left":16,"width":348,"height":775.1875},{"identifier":"9327950","top":28510.125,"bottom":29069.5625,"right":364,"left":16,"width":348,"height":559.4375},{"identifier":"149120","top":29069.5625,"bottom":29736.75,"right":364,"left":16,"width":348,"height":667.1875},{"identifier":"12698442","top":29736.75,"bottom":30204.6875,"right":364,"left":16,"width":348,"height":467.9375},{"identifier":"3284302","top":30204.6875,"bottom":31361.1875,"right":364,"left":16,"width":348,"height":1156.5},{"identifier":"14735423","top":31361.1875,"bottom":32327.125,"right":364,"left":16,"width":348,"height":965.9375},{"identifier":"54274936","top":32327.125,"bottom":32796,"right":364,"left":16,"width":348,"height":468.875},{"identifier":"23717185","top":32796,"bottom":36725.875,"right":364,"left":16,"width":348,"height":3929.875}]}},{"timestamp":"2022-11-11T19:44:36.512Z","url":"https://stackoverflow.com/questions/149055/how-to-format-numbers-as-currency-strings","component":"page","action":"selection","data":"const formatter = new Intl.NumberFormat('en-US', {\n  style: 'currency',\n  currency: 'USD',\n\n  // These options are needed to round to whole numbers if that's what you want.\n  //minimumFractionDigits: 0, // (this suffices for whole numbers, but will print 2500.10 as $2,500.1)\n  //maximumFractionDigits: 0, // (causes 2500.99 to be printed as $2,501)\n});"},{"timestamp":"2022-11-11T19:44:37.033Z","url":"https://stackoverflow.com/questions/149055/how-to-format-numbers-as-currency-strings","component":"page","action":"copy","data":"const formatter = new Intl.NumberFormat('en-US', {\n  style: 'currency',\n  currency: 'USD',\n\n  // These options are needed to round to whole numbers if that's what you want.\n  //minimumFractionDigits: 0, // (this suffices for whole numbers, but will print 2500.10 as $2,500.1)\n  //maximumFractionDigits: 0, // (causes 2500.99 to be printed as $2,501)\n});"},{"timestamp":"2022-11-11T19:46:54.666Z","url":"https://stackoverflow.com/questions/149055/how-to-format-numbers-as-currency-strings","component":"page","action":"scroll","data":{"viewport":{"x":0,"y":473,"height":508,"width":397},"document":{"height":40534,"width":380},"question":{"identifier":"149055","top":-309.59375,"bottom":832.9375,"right":364,"left":16,"width":348,"height":1142.53125},"answers":[{"identifier":"16233919","top":950.21875,"bottom":3278.75,"right":364,"left":16,"width":348,"height":2328.53125},{"identifier":"149099","top":3278.75,"bottom":6364.875,"right":364,"left":16,"width":348,"height":3086.125},{"identifier":"14428340","top":6364.875,"bottom":8986.0625,"right":364,"left":16,"width":348,"height":2621.1875},{"identifier":"149107","top":8986.0625,"bottom":10731.984375,"right":364,"left":16,"width":348,"height":1745.921875},{"identifier":"2866613","top":10731.984375,"bottom":12830.921875,"right":364,"left":16,"width":348,"height":2098.9375},{"identifier":"26745078","top":12830.921875,"bottom":13686.109375,"right":364,"left":16,"width":348,"height":855.1875},{"identifier":"7266497","top":13686.109375,"bottom":14414.296875,"right":364,"left":16,"width":348,"height":728.1875},{"identifier":"9318724","top":14414.296875,"bottom":15508.609375,"right":364,"left":16,"width":348,"height":1094.3125},{"identifier":"5342097","top":15508.609375,"bottom":16581.296875,"right":364,"left":16,"width":348,"height":1072.6875},{"identifier":"18994850","top":16581.296875,"bottom":17724.546875,"right":364,"left":16,"width":348,"height":1143.25},{"identifier":"9318723","top":17724.546875,"bottom":18271.671875,"right":364,"left":16,"width":348,"height":547.125},{"identifier":"68536579","top":18271.671875,"bottom":18839.140625,"right":364,"left":16,"width":348,"height":567.46875},{"identifier":"149150","top":18839.140625,"bottom":19741.140625,"right":364,"left":16,"width":348,"height":902},{"identifier":"12698339","top":19741.140625,"bottom":20401.703125,"right":364,"left":16,"width":348,"height":660.5625},{"identifier":"40079019","top":20401.703125,"bottom":22161.015625,"right":364,"left":16,"width":348,"height":1759.3125},{"identifier":"6787083","top":22161.015625,"bottom":22909.890625,"right":364,"left":16,"width":348,"height":748.875},{"identifier":"6715476","top":22909.890625,"bottom":23727.078125,"right":364,"left":16,"width":348,"height":817.1875},{"identifier":"8726353","top":23727.078125,"bottom":24250.890625,"right":364,"left":16,"width":348,"height":523.8125},{"identifier":"11270819","top":24250.890625,"bottom":25609.953125,"right":364,"left":16,"width":348,"height":1359.0625},{"identifier":"149080","top":25609.953125,"bottom":26440.953125,"right":364,"left":16,"width":348,"height":831},{"identifier":"60877747","top":26440.953125,"bottom":26975.25,"right":364,"left":16,"width":348,"height":534.296875},{"identifier":"1323064","top":26975.25,"bottom":28741.9375,"right":364,"left":16,"width":348,"height":1766.6875},{"identifier":"10168573","top":28741.9375,"bottom":29517.125,"right":364,"left":16,"width":348,"height":775.1875},{"identifier":"9327950","top":29517.125,"bottom":30076.5625,"right":364,"left":16,"width":348,"height":559.4375},{"identifier":"149120","top":30076.5625,"bottom":30743.75,"right":364,"left":16,"width":348,"height":667.1875},{"identifier":"12698442","top":30743.75,"bottom":31211.6875,"right":364,"left":16,"width":348,"height":467.9375},{"identifier":"3284302","top":31211.6875,"bottom":32368.1875,"right":364,"left":16,"width":348,"height":1156.5},{"identifier":"14735423","top":32368.1875,"bottom":33334.125,"right":364,"left":16,"width":348,"height":965.9375},{"identifier":"54274936","top":33334.125,"bottom":33803,"right":364,"left":16,"width":348,"height":468.875},{"identifier":"23717185","top":33803,"bottom":37732.875,"right":364,"left":16,"width":348,"height":3929.875}]}}]}]}