{"trialId":"36615_3","taskId":"sort","appEvents":[{"timestamp":"2022-11-11T19:49:57.144Z","name":"resize","data":{"height":568,"width":401}},{"timestamp":"2022-11-11T19:49:57.227Z","name":"search","data":"search-start"},{"timestamp":"2022-11-11T19:49:58.468Z","name":"search","data":"search-done"},{"timestamp":"2022-11-11T19:50:18.671Z","name":"resize","data":{"height":568,"width":401}},{"timestamp":"2022-11-11T19:53:14.823Z","name":"resize","data":{"height":0,"width":0}},{"timestamp":"2022-11-11T19:58:46.736Z","name":"resize","data":{"height":568,"width":401}}],"searches":[{"keywords":["sort","array","of","objects","descending"],"context":{"tokens":[{"kind":"language","value":"javascript"}]},"timestamp":"2022-11-11T19:49:57.221Z","results":[{"signatures":[],"areSignaturesLoading":true,"title":"Sorting an array of objects by property values - Stack Overflow","url":"https://stackoverflow.com/questions/979256/sorting-an-array-of-objects-by-property-values","displayLink":"https://stackoverflow.com › questions › sorting-an-arra...","date":"33 answers","snippet":"Sort homes by price in ascending order: homes.sort(function(a, b) { return parseFloat(a.price) - parseFloat(b.price); });. Or after ES6 version:","snippetHighlightWords":["Sort","ascending","sort"]},{"signatures":[],"areSignaturesLoading":true,"title":"Sorting an array of objects on both ascending and descending ...","url":"https://stackoverflow.com/questions/56809727/sorting-an-array-of-objects-on-both-ascending-and-descending-order-on-same-click","displayLink":"https://stackoverflow.com › questions › sorting-an-arra...","date":"Jun 28, 2019","snippet":"Sorting an array of objects on both ascending and descending order on same click · reverse the > to < and create a variable that can store the ...","snippetHighlightWords":["Sorting","array of objects","ascending","descending","reverse"]},{"signatures":[],"areSignaturesLoading":true,"title":"JavaScript: Sort an array of objects by a numeric property in ...","url":"https://stackoverflow.com/questions/54623130/javascript-sort-an-array-of-objects-by-a-numeric-property-in-each-object","displayLink":"https://stackoverflow.com › questions › javascript-sort-a...","date":"Feb 11, 2019","snippet":"sort() method does two things, it changes the original array so that it is in sorted order, and it also returns a reference to your original ...","snippetHighlightWords":["sort","array","sorted"]},{"signatures":[],"areSignaturesLoading":true,"title":"Sort by object key in descending order on Javascript/underscore","url":"https://stackoverflow.com/questions/31553155/sort-by-object-key-in-descending-order-on-javascript-underscore","displayLink":"https://stackoverflow.com › questions › sort-by-object-...","date":"Jul 22, 2015","snippet":"I want to sort this array object by key in descending order. So the expected output will be following like the latest date will come first.","snippetHighlightWords":["sort","array object","descending"]},{"signatures":[],"areSignaturesLoading":true,"title":"Javascript: Sorting Objects (not arrays) in descending","url":"https://stackoverflow.com/questions/56996782/javascript-sorting-objects-not-arrays-in-descending","displayLink":"https://stackoverflow.com › questions › javascript-sortin...","date":"Jul 11, 2019","snippet":"Get an array of arrays from Object.entries() .reverse() it; Convert it into a Map ( Map() guarantees order according to how it was entered) ...","snippetHighlightWords":["array","arrays","Object","reverse"]},{"signatures":[],"areSignaturesLoading":true,"title":"Sort array of objects by string property value - Stack Overflow","url":"https://stackoverflow.com/questions/1129216/sort-array-of-objects-by-string-property-value","displayLink":"https://stackoverflow.com › questions › sort-array-of-o...","snippet":"Use JavaScript sort method ... The sort method can be modified to sort anything like an array of numbers, strings and even objects using a compare function. A ...","snippetHighlightWords":["JavaScript sort","sort","sort","array","objects"]},{"signatures":[],"areSignaturesLoading":true,"title":"sort array of objects with letters and numbers in descending ...","url":"https://stackoverflow.com/questions/49365109/sort-array-of-objects-with-letters-and-numbers-in-descending-order","displayLink":"https://stackoverflow.com › questions › sort-array-of-o...","snippet":"You can use array#sort with string#localeCompare with numeric property set to true . const data = [{\"map_name\": \"PHX7260.","snippetHighlightWords":["array#sort"],"extensions":["Mar 19, 2018","3 answers"]},{"signatures":[],"areSignaturesLoading":true,"title":"How do I sort array of objects in descending order based on ...","url":"https://stackoverflow.com/questions/72084911/how-do-i-sort-array-of-objects-in-descending-order-based-on-alphanumeric-value-i","displayLink":"https://stackoverflow.com › questions › how-do-i-sort-a...","snippet":"You need a custom comparer function that will use the value property of your objects to make a descending alphabetic sort on your ArrOfObj.","snippetHighlightWords":["objects","descending","sort"],"extensions":["May 2, 2022","1 answer"]},{"signatures":[],"areSignaturesLoading":true,"title":"JS sort array of objets by specific string property (not ...","url":"https://stackoverflow.com/questions/65687818/js-sort-array-of-objets-by-specific-string-property-not-ascending-or-descending","displayLink":"https://stackoverflow.com › questions › js-sort-array-of-...","snippet":"You could take an object with the wanted order and take a large value as default for sorting. const data = [{ name: \"strawberries\", ...","snippetHighlightWords":["object","sorting"],"extensions":["Jan 12, 2021","5 answers"]},{"signatures":[],"areSignaturesLoading":true,"title":"How can I sort a javascript array of objects numerically and ...","url":"https://stackoverflow.com/questions/12900058/how-can-i-sort-a-javascript-array-of-objects-numerically-and-then-alphabetically","displayLink":"https://stackoverflow.com › questions › how-can-i-sort-...","snippet":"items.sort(function(a, b) { return (a.id - b.id); ...","snippetHighlightWords":["sort"]}],"events":[{"timestamp":"2022-11-11T19:49:57.313Z","url":"https://stackoverflow.com/questions/979256/sorting-an-array-of-objects-by-property-values","component":"projection","action":"load","data":{"height":60,"width":353.828125,"wc":19,"lc":1}},{"timestamp":"2022-11-11T19:49:57.314Z","url":"https://stackoverflow.com/questions/56809727/sorting-an-array-of-objects-on-both-ascending-and-descending-order-on-same-click","component":"projection","action":"load","data":{"height":60,"width":371.140625,"wc":29,"lc":1}},{"timestamp":"2022-11-11T19:49:57.314Z","url":"https://stackoverflow.com/questions/54623130/javascript-sort-an-array-of-objects-by-a-numeric-property-in-each-object","component":"projection","action":"load","data":{"height":60,"width":368,"wc":27,"lc":1}},{"timestamp":"2022-11-11T19:49:57.314Z","url":"https://stackoverflow.com/questions/31553155/sort-by-object-key-in-descending-order-on-javascript-underscore","component":"projection","action":"load","data":{"height":60,"width":372.34375,"wc":26,"lc":1}},{"timestamp":"2022-11-11T19:49:57.314Z","url":"https://stackoverflow.com/questions/56996782/javascript-sorting-objects-not-arrays-in-descending","component":"projection","action":"load","data":{"height":60,"width":368.6875,"wc":25,"lc":1}},{"timestamp":"2022-11-11T19:49:57.314Z","url":"https://stackoverflow.com/questions/1129216/sort-array-of-objects-by-string-property-value","component":"projection","action":"load","data":{"height":60,"width":367.015625,"wc":29,"lc":1}},{"timestamp":"2022-11-11T19:49:57.314Z","url":"https://stackoverflow.com/questions/49365109/sort-array-of-objects-with-letters-and-numbers-in-descending-order","component":"projection","action":"load","data":{"height":60,"width":361.546875,"wc":18,"lc":1}},{"timestamp":"2022-11-11T19:49:57.314Z","url":"https://stackoverflow.com/questions/72084911/how-do-i-sort-array-of-objects-in-descending-order-based-on-alphanumeric-value-i","component":"projection","action":"load","data":{"height":60,"width":340.984375,"wc":24,"lc":1}},{"timestamp":"2022-11-11T19:49:57.314Z","url":"https://stackoverflow.com/questions/65687818/js-sort-array-of-objets-by-specific-string-property-not-ascending-or-descending","component":"projection","action":"load","data":{"height":60,"width":368.65625,"wc":25,"lc":1}},{"timestamp":"2022-11-11T19:49:57.314Z","url":"https://stackoverflow.com/questions/12900058/how-can-i-sort-a-javascript-array-of-objects-numerically-and-then-alphabetically","component":"projection","action":"load","data":{"height":16,"width":294.765625,"wc":8,"lc":1}},{"timestamp":"2022-11-11T19:49:57.592Z","url":"https://stackoverflow.com/questions/979256/sorting-an-array-of-objects-by-property-values","component":"projection","action":"mouseenter"},{"timestamp":"2022-11-11T19:49:58.468Z","url":"https://stackoverflow.com/questions/979256/sorting-an-array-of-objects-by-property-values","component":"projection","action":"loaded","data":"projection 10 of 10"},{"timestamp":"2022-11-11T19:49:58.468Z","url":"https://stackoverflow.com/questions/56809727/sorting-an-array-of-objects-on-both-ascending-and-descending-order-on-same-click","component":"projection","action":"loaded","data":"projection 9 of 10"},{"timestamp":"2022-11-11T19:49:58.468Z","url":"https://stackoverflow.com/questions/54623130/javascript-sort-an-array-of-objects-by-a-numeric-property-in-each-object","component":"projection","action":"loaded","data":"projection 8 of 10"},{"timestamp":"2022-11-11T19:49:58.468Z","url":"https://stackoverflow.com/questions/31553155/sort-by-object-key-in-descending-order-on-javascript-underscore","component":"projection","action":"loaded","data":"projection 7 of 10"},{"timestamp":"2022-11-11T19:49:58.468Z","url":"https://stackoverflow.com/questions/56996782/javascript-sorting-objects-not-arrays-in-descending","component":"projection","action":"loaded","data":"projection 6 of 10"},{"timestamp":"2022-11-11T19:49:58.468Z","url":"https://stackoverflow.com/questions/1129216/sort-array-of-objects-by-string-property-value","component":"projection","action":"loaded","data":"projection 5 of 10"},{"timestamp":"2022-11-11T19:49:58.468Z","url":"https://stackoverflow.com/questions/49365109/sort-array-of-objects-with-letters-and-numbers-in-descending-order","component":"projection","action":"loaded","data":"projection 4 of 10"},{"timestamp":"2022-11-11T19:49:58.468Z","url":"https://stackoverflow.com/questions/72084911/how-do-i-sort-array-of-objects-in-descending-order-based-on-alphanumeric-value-i","component":"projection","action":"loaded","data":"projection 3 of 10"},{"timestamp":"2022-11-11T19:49:58.468Z","url":"https://stackoverflow.com/questions/65687818/js-sort-array-of-objets-by-specific-string-property-not-ascending-or-descending","component":"projection","action":"loaded","data":"projection 2 of 10"},{"timestamp":"2022-11-11T19:49:58.468Z","url":"https://stackoverflow.com/questions/12900058/how-can-i-sort-a-javascript-array-of-objects-numerically-and-then-alphabetically","component":"projection","action":"loaded","data":"projection 1 of 10"},{"timestamp":"2022-11-11T19:49:59.474Z","url":"https://stackoverflow.com/questions/979256/sorting-an-array-of-objects-by-property-values","component":"projection","action":"mouseleave"},{"timestamp":"2022-11-11T19:49:59.476Z","url":"https://stackoverflow.com/questions/56809727/sorting-an-array-of-objects-on-both-ascending-and-descending-order-on-same-click","component":"projection","action":"mouseenter"},{"timestamp":"2022-11-11T19:50:00.972Z","url":"https://stackoverflow.com/questions/56809727/sorting-an-array-of-objects-on-both-ascending-and-descending-order-on-same-click","component":"projection","action":"mouseleave"},{"timestamp":"2022-11-11T19:50:00.972Z","url":"https://stackoverflow.com/questions/54623130/javascript-sort-an-array-of-objects-by-a-numeric-property-in-each-object","component":"projection","action":"mouseenter"},{"timestamp":"2022-11-11T19:50:01.040Z","url":"https://stackoverflow.com/questions/54623130/javascript-sort-an-array-of-objects-by-a-numeric-property-in-each-object","component":"projection","action":"mouseleave"},{"timestamp":"2022-11-11T19:50:01.040Z","url":"https://stackoverflow.com/questions/31553155/sort-by-object-key-in-descending-order-on-javascript-underscore","component":"projection","action":"mouseenter"},{"timestamp":"2022-11-11T19:50:01.590Z","url":"https://stackoverflow.com/questions/31553155/sort-by-object-key-in-descending-order-on-javascript-underscore","component":"projection","action":"mouseleave"},{"timestamp":"2022-11-11T19:50:02.348Z","url":"https://stackoverflow.com/questions/54623130/javascript-sort-an-array-of-objects-by-a-numeric-property-in-each-object","component":"projection","action":"mouseenter"},{"timestamp":"2022-11-11T19:50:02.359Z","url":"https://stackoverflow.com/questions/54623130/javascript-sort-an-array-of-objects-by-a-numeric-property-in-each-object","component":"projection","action":"mouseleave"},{"timestamp":"2022-11-11T19:50:10.400Z","url":"https://stackoverflow.com/questions/56809727/sorting-an-array-of-objects-on-both-ascending-and-descending-order-on-same-click","component":"projection","action":"mouseenter"},{"timestamp":"2022-11-11T19:50:10.435Z","url":"https://stackoverflow.com/questions/56809727/sorting-an-array-of-objects-on-both-ascending-and-descending-order-on-same-click","component":"projection","action":"mouseleave"},{"timestamp":"2022-11-11T19:50:10.444Z","url":"https://stackoverflow.com/questions/54623130/javascript-sort-an-array-of-objects-by-a-numeric-property-in-each-object","component":"projection","action":"mouseenter"},{"timestamp":"2022-11-11T19:50:10.866Z","url":"https://stackoverflow.com/questions/54623130/javascript-sort-an-array-of-objects-by-a-numeric-property-in-each-object","component":"projection","action":"mouseleave"},{"timestamp":"2022-11-11T19:50:10.869Z","url":"https://stackoverflow.com/questions/31553155/sort-by-object-key-in-descending-order-on-javascript-underscore","component":"projection","action":"mouseenter"},{"timestamp":"2022-11-11T19:50:10.887Z","url":"https://stackoverflow.com/questions/31553155/sort-by-object-key-in-descending-order-on-javascript-underscore","component":"projection","action":"mouseleave"},{"timestamp":"2022-11-11T19:50:11.534Z","url":"https://stackoverflow.com/questions/31553155/sort-by-object-key-in-descending-order-on-javascript-underscore","component":"projection","action":"mouseenter"},{"timestamp":"2022-11-11T19:50:11.716Z","url":"https://stackoverflow.com/questions/31553155/sort-by-object-key-in-descending-order-on-javascript-underscore","component":"projection","action":"mouseleave"},{"timestamp":"2022-11-11T19:50:11.717Z","url":"https://stackoverflow.com/questions/54623130/javascript-sort-an-array-of-objects-by-a-numeric-property-in-each-object","component":"projection","action":"mouseenter"},{"timestamp":"2022-11-11T19:50:11.749Z","url":"https://stackoverflow.com/questions/54623130/javascript-sort-an-array-of-objects-by-a-numeric-property-in-each-object","component":"projection","action":"mouseleave"},{"timestamp":"2022-11-11T19:50:11.751Z","url":"https://stackoverflow.com/questions/56809727/sorting-an-array-of-objects-on-both-ascending-and-descending-order-on-same-click","component":"projection","action":"mouseenter"},{"timestamp":"2022-11-11T19:50:11.767Z","url":"https://stackoverflow.com/questions/56809727/sorting-an-array-of-objects-on-both-ascending-and-descending-order-on-same-click","component":"projection","action":"mouseleave"},{"timestamp":"2022-11-11T19:50:11.767Z","url":"https://stackoverflow.com/questions/979256/sorting-an-array-of-objects-by-property-values","component":"projection","action":"mouseenter"},{"timestamp":"2022-11-11T19:50:11.799Z","url":"https://stackoverflow.com/questions/979256/sorting-an-array-of-objects-by-property-values","component":"projection","action":"mouseleave"},{"timestamp":"2022-11-11T19:50:15.127Z","url":"https://stackoverflow.com/questions/56809727/sorting-an-array-of-objects-on-both-ascending-and-descending-order-on-same-click","component":"projection","action":"mouseenter"},{"timestamp":"2022-11-11T19:50:15.604Z","url":"https://stackoverflow.com/questions/56809727/sorting-an-array-of-objects-on-both-ascending-and-descending-order-on-same-click","component":"projection","action":"mouseleave"},{"timestamp":"2022-11-11T19:50:18.923Z","url":"https://stackoverflow.com/questions/979256/sorting-an-array-of-objects-by-property-values","component":"projection","action":"mouseenter"},{"timestamp":"2022-11-11T19:50:18.990Z","url":"https://stackoverflow.com/questions/979256/sorting-an-array-of-objects-by-property-values","component":"projection","action":"mouseleave"},{"timestamp":"2022-11-11T19:50:19.410Z","url":"https://stackoverflow.com/questions/979256/sorting-an-array-of-objects-by-property-values","component":"projection","action":"mouseenter"},{"timestamp":"2022-11-11T19:50:20.285Z","url":"https://stackoverflow.com/questions/979256/sorting-an-array-of-objects-by-property-values","component":"page","action":"open"},{"timestamp":"2022-11-11T19:50:20.349Z","url":"https://stackoverflow.com/questions/979256/sorting-an-array-of-objects-by-property-values","component":"projection","action":"mouseleave"},{"timestamp":"2022-11-11T19:50:21.760Z","url":"https://stackoverflow.com/questions/979256/sorting-an-array-of-objects-by-property-values","component":"page","action":"load"},{"timestamp":"2022-11-11T19:50:24.976Z","url":"https://stackoverflow.com/questions/979256/sorting-an-array-of-objects-by-property-values","component":"page","action":"scroll","data":{"viewport":{"x":0,"y":1060,"height":508,"width":397},"document":{"height":33688,"width":380},"question":{"identifier":"979256","top":-896.59375,"bottom":151.125,"right":364,"left":16,"width":348,"height":1047.71875},"answers":[{"identifier":"979289","top":268.40625,"bottom":1728.21875,"right":364,"left":16,"width":348,"height":1459.8125},{"identifier":"979325","top":1728.21875,"bottom":3188.59375,"right":364,"left":16,"width":348,"height":1460.375},{"identifier":"979278","top":3188.59375,"bottom":3972.09375,"right":364,"left":16,"width":348,"height":783.5},{"identifier":"19970578","top":3972.09375,"bottom":4943.34375,"right":364,"left":16,"width":348,"height":971.25},{"identifier":"40796335","top":4943.34375,"bottom":6032.28125,"right":364,"left":16,"width":348,"height":1088.9375},{"identifier":"979295","top":6032.28125,"bottom":6643.90625,"right":364,"left":16,"width":348,"height":611.625},{"identifier":"26762192","top":6643.90625,"bottom":9371.703125,"right":364,"left":16,"width":348,"height":2727.796875},{"identifier":"37440769","top":9371.703125,"bottom":10272.890625,"right":364,"left":16,"width":348,"height":901.1875},{"identifier":"54346678","top":10272.890625,"bottom":10829.953125,"right":364,"left":16,"width":348,"height":557.0625},{"identifier":"60641752","top":10829.953125,"bottom":11471.203125,"right":364,"left":16,"width":348,"height":641.25},{"identifier":"45534960","top":11471.203125,"bottom":12463.015625,"right":364,"left":16,"width":348,"height":991.8125},{"identifier":"56594176","top":12463.015625,"bottom":12893.953125,"right":364,"left":16,"width":348,"height":430.9375},{"identifier":"50652203","top":12893.953125,"bottom":14404.890625,"right":364,"left":16,"width":348,"height":1510.9375},{"identifier":"21399152","top":14404.890625,"bottom":15573.203125,"right":364,"left":16,"width":348,"height":1168.3125},{"identifier":"20421221","top":15573.203125,"bottom":17059.640625,"right":364,"left":16,"width":348,"height":1486.4375},{"identifier":"979296","top":17059.640625,"bottom":17572.578125,"right":364,"left":16,"width":348,"height":512.9375},{"identifier":"25624937","top":17572.578125,"bottom":18492.015625,"right":364,"left":16,"width":348,"height":919.4375},{"identifier":"32773923","top":18492.015625,"bottom":20188.390625,"right":364,"left":16,"width":348,"height":1696.375},{"identifier":"38585024","top":20188.390625,"bottom":20515.328125,"right":364,"left":16,"width":348,"height":326.9375},{"identifier":"48662313","top":20515.328125,"bottom":21478.765625,"right":364,"left":16,"width":348,"height":963.4375},{"identifier":"66636162","top":21478.765625,"bottom":22790.953125,"right":364,"left":16,"width":348,"height":1312.1875},{"identifier":"30066050","top":22790.953125,"bottom":23163.390625,"right":364,"left":16,"width":348,"height":372.4375},{"identifier":"42100506","top":23163.390625,"bottom":24596.203125,"right":364,"left":16,"width":348,"height":1432.8125},{"identifier":"55088845","top":24596.203125,"bottom":25472.140625,"right":364,"left":16,"width":348,"height":875.9375},{"identifier":"72601832","top":25472.140625,"bottom":26056.078125,"right":364,"left":16,"width":348,"height":583.9375},{"identifier":"43635307","top":26056.078125,"bottom":26569.515625,"right":364,"left":16,"width":348,"height":513.4375},{"identifier":"49146133","top":26569.515625,"bottom":27697.453125,"right":364,"left":16,"width":348,"height":1127.9375},{"identifier":"26650562","top":27697.453125,"bottom":28573.390625,"right":364,"left":16,"width":348,"height":875.9375},{"identifier":"28247369","top":28573.390625,"bottom":28957.828125,"right":364,"left":16,"width":348,"height":384.4375},{"identifier":"36379158","top":28957.828125,"bottom":30474.765625,"right":364,"left":16,"width":348,"height":1516.9375}]}},{"timestamp":"2022-11-11T19:50:25.749Z","url":"https://stackoverflow.com/questions/979256/sorting-an-array-of-objects-by-property-values","component":"page","action":"scroll","data":{"viewport":{"x":0,"y":1160,"height":508,"width":397},"document":{"height":33688,"width":380},"question":{"identifier":"979256","top":-996.59375,"bottom":51.125,"right":364,"left":16,"width":348,"height":1047.71875},"answers":[{"identifier":"979289","top":168.40625,"bottom":1628.21875,"right":364,"left":16,"width":348,"height":1459.8125},{"identifier":"979325","top":1628.21875,"bottom":3088.59375,"right":364,"left":16,"width":348,"height":1460.375},{"identifier":"979278","top":3088.59375,"bottom":3872.09375,"right":364,"left":16,"width":348,"height":783.5},{"identifier":"19970578","top":3872.09375,"bottom":4843.34375,"right":364,"left":16,"width":348,"height":971.25},{"identifier":"40796335","top":4843.34375,"bottom":5932.28125,"right":364,"left":16,"width":348,"height":1088.9375},{"identifier":"979295","top":5932.28125,"bottom":6543.90625,"right":364,"left":16,"width":348,"height":611.625},{"identifier":"26762192","top":6543.90625,"bottom":9271.703125,"right":364,"left":16,"width":348,"height":2727.796875},{"identifier":"37440769","top":9271.703125,"bottom":10172.890625,"right":364,"left":16,"width":348,"height":901.1875},{"identifier":"54346678","top":10172.890625,"bottom":10729.953125,"right":364,"left":16,"width":348,"height":557.0625},{"identifier":"60641752","top":10729.953125,"bottom":11371.203125,"right":364,"left":16,"width":348,"height":641.25},{"identifier":"45534960","top":11371.203125,"bottom":12363.015625,"right":364,"left":16,"width":348,"height":991.8125},{"identifier":"56594176","top":12363.015625,"bottom":12793.953125,"right":364,"left":16,"width":348,"height":430.9375},{"identifier":"50652203","top":12793.953125,"bottom":14304.890625,"right":364,"left":16,"width":348,"height":1510.9375},{"identifier":"21399152","top":14304.890625,"bottom":15473.203125,"right":364,"left":16,"width":348,"height":1168.3125},{"identifier":"20421221","top":15473.203125,"bottom":16959.640625,"right":364,"left":16,"width":348,"height":1486.4375},{"identifier":"979296","top":16959.640625,"bottom":17472.578125,"right":364,"left":16,"width":348,"height":512.9375},{"identifier":"25624937","top":17472.578125,"bottom":18392.015625,"right":364,"left":16,"width":348,"height":919.4375},{"identifier":"32773923","top":18392.015625,"bottom":20088.390625,"right":364,"left":16,"width":348,"height":1696.375},{"identifier":"38585024","top":20088.390625,"bottom":20415.328125,"right":364,"left":16,"width":348,"height":326.9375},{"identifier":"48662313","top":20415.328125,"bottom":21378.765625,"right":364,"left":16,"width":348,"height":963.4375},{"identifier":"66636162","top":21378.765625,"bottom":22690.953125,"right":364,"left":16,"width":348,"height":1312.1875},{"identifier":"30066050","top":22690.953125,"bottom":23063.390625,"right":364,"left":16,"width":348,"height":372.4375},{"identifier":"42100506","top":23063.390625,"bottom":24496.203125,"right":364,"left":16,"width":348,"height":1432.8125},{"identifier":"55088845","top":24496.203125,"bottom":25372.140625,"right":364,"left":16,"width":348,"height":875.9375},{"identifier":"72601832","top":25372.140625,"bottom":25956.078125,"right":364,"left":16,"width":348,"height":583.9375},{"identifier":"43635307","top":25956.078125,"bottom":26469.515625,"right":364,"left":16,"width":348,"height":513.4375},{"identifier":"49146133","top":26469.515625,"bottom":27597.453125,"right":364,"left":16,"width":348,"height":1127.9375},{"identifier":"26650562","top":27597.453125,"bottom":28473.390625,"right":364,"left":16,"width":348,"height":875.9375},{"identifier":"28247369","top":28473.390625,"bottom":28857.828125,"right":364,"left":16,"width":348,"height":384.4375},{"identifier":"36379158","top":28857.828125,"bottom":30374.765625,"right":364,"left":16,"width":348,"height":1516.9375}]}},{"timestamp":"2022-11-11T19:50:32.674Z","url":"https://stackoverflow.com/questions/979256/sorting-an-array-of-objects-by-property-values","component":"page","action":"selection","data":"function(a, b) {\n    return parseFloat(a.price) - parseFloat(b.price);\n}"},{"timestamp":"2022-11-11T19:50:33.753Z","url":"https://stackoverflow.com/questions/979256/sorting-an-array-of-objects-by-property-values","component":"page","action":"copy","data":"function(a, b) {\n    return parseFloat(a.price) - parseFloat(b.price);\n}"},{"timestamp":"2022-11-11T19:51:30.036Z","url":"https://stackoverflow.com/questions/979256/sorting-an-array-of-objects-by-property-values","component":"page","action":"scroll","data":{"viewport":{"x":0,"y":1367,"height":508,"width":397},"document":{"height":33688,"width":380},"question":{"identifier":"979256","top":-1203.59375,"bottom":-155.875,"right":364,"left":16,"width":348,"height":1047.71875},"answers":[{"identifier":"979289","top":-38.59375,"bottom":1421.21875,"right":364,"left":16,"width":348,"height":1459.8125},{"identifier":"979325","top":1421.21875,"bottom":2881.59375,"right":364,"left":16,"width":348,"height":1460.375},{"identifier":"979278","top":2881.59375,"bottom":3665.09375,"right":364,"left":16,"width":348,"height":783.5},{"identifier":"19970578","top":3665.09375,"bottom":4636.34375,"right":364,"left":16,"width":348,"height":971.25},{"identifier":"40796335","top":4636.34375,"bottom":5725.28125,"right":364,"left":16,"width":348,"height":1088.9375},{"identifier":"979295","top":5725.28125,"bottom":6336.90625,"right":364,"left":16,"width":348,"height":611.625},{"identifier":"26762192","top":6336.90625,"bottom":9064.703125,"right":364,"left":16,"width":348,"height":2727.796875},{"identifier":"37440769","top":9064.703125,"bottom":9965.890625,"right":364,"left":16,"width":348,"height":901.1875},{"identifier":"54346678","top":9965.890625,"bottom":10522.953125,"right":364,"left":16,"width":348,"height":557.0625},{"identifier":"60641752","top":10522.953125,"bottom":11164.203125,"right":364,"left":16,"width":348,"height":641.25},{"identifier":"45534960","top":11164.203125,"bottom":12156.015625,"right":364,"left":16,"width":348,"height":991.8125},{"identifier":"56594176","top":12156.015625,"bottom":12586.953125,"right":364,"left":16,"width":348,"height":430.9375},{"identifier":"50652203","top":12586.953125,"bottom":14097.890625,"right":364,"left":16,"width":348,"height":1510.9375},{"identifier":"21399152","top":14097.890625,"bottom":15266.203125,"right":364,"left":16,"width":348,"height":1168.3125},{"identifier":"20421221","top":15266.203125,"bottom":16752.640625,"right":364,"left":16,"width":348,"height":1486.4375},{"identifier":"979296","top":16752.640625,"bottom":17265.578125,"right":364,"left":16,"width":348,"height":512.9375},{"identifier":"25624937","top":17265.578125,"bottom":18185.015625,"right":364,"left":16,"width":348,"height":919.4375},{"identifier":"32773923","top":18185.015625,"bottom":19881.390625,"right":364,"left":16,"width":348,"height":1696.375},{"identifier":"38585024","top":19881.390625,"bottom":20208.328125,"right":364,"left":16,"width":348,"height":326.9375},{"identifier":"48662313","top":20208.328125,"bottom":21171.765625,"right":364,"left":16,"width":348,"height":963.4375},{"identifier":"66636162","top":21171.765625,"bottom":22483.953125,"right":364,"left":16,"width":348,"height":1312.1875},{"identifier":"30066050","top":22483.953125,"bottom":22856.390625,"right":364,"left":16,"width":348,"height":372.4375},{"identifier":"42100506","top":22856.390625,"bottom":24289.203125,"right":364,"left":16,"width":348,"height":1432.8125},{"identifier":"55088845","top":24289.203125,"bottom":25165.140625,"right":364,"left":16,"width":348,"height":875.9375},{"identifier":"72601832","top":25165.140625,"bottom":25749.078125,"right":364,"left":16,"width":348,"height":583.9375},{"identifier":"43635307","top":25749.078125,"bottom":26262.515625,"right":364,"left":16,"width":348,"height":513.4375},{"identifier":"49146133","top":26262.515625,"bottom":27390.453125,"right":364,"left":16,"width":348,"height":1127.9375},{"identifier":"26650562","top":27390.453125,"bottom":28266.390625,"right":364,"left":16,"width":348,"height":875.9375},{"identifier":"28247369","top":28266.390625,"bottom":28650.828125,"right":364,"left":16,"width":348,"height":384.4375},{"identifier":"36379158","top":28650.828125,"bottom":30167.765625,"right":364,"left":16,"width":348,"height":1516.9375}]}}]}]}