{"id":"36615_3","conditions":[{"taskId":3,"taskName":"clone","enableFragments":true,"enableContext":true,"showContext":true,"provideSearchTerms":true,"sequence":3},{"taskId":2,"taskName":"find","enableFragments":true,"enableContext":true,"showContext":true,"provideSearchTerms":true,"sequence":4},{"taskId":1,"taskName":"currency","enableFragments":false,"enableContext":true,"showContext":false,"provideSearchTerms":true,"sequence":5},{"taskId":4,"taskName":"sort","enableFragments":false,"enableContext":true,"showContext":false,"provideSearchTerms":true,"sequence":6},{"taskId":6,"taskName":"serve","enableFragments":false,"enableContext":false,"showContext":false,"provideSearchTerms":false,"sequence":7},{"taskId":5,"taskName":"recent","enableFragments":true,"enableContext":true,"showContext":true,"provideSearchTerms":false,"sequence":8}],"activeTaskId":"recent","tasks":[{"id":"pre-study"},{"enableFragments":true,"enableContext":true,"showContext":true,"provideSearchTerms":true,"contextOverride":[{"source":"src/tutorial.js","name":"sumTradedShares","position":{"start":397,"end":545},"variables":[],"parameters":[{"source":"src/tutorial.js","name":"trades","position":{"start":429,"end":435},"type":{"name":"Trade[]"}}],"returnType":"number"}],"id":"tutorial","startTime":"2022-11-11T19:23:26.080Z","duration":479646,"timer":{"startTime":"2022-11-11T19:25:36.421Z","endTime":"2022-11-11T19:33:59.901Z"},"endTime":"2022-11-11T19:33:59.901Z"},{"enableFragments":false,"enableContext":true,"showContext":false,"contextOverride":[{"source":"src/currency.js","name":"printCurrency","position":{"start":593,"end":782},"variables":[],"parameters":[{"source":"src/currency.js","name":"amount","position":{"start":623,"end":629},"type":{"name":"number"}},{"source":"src/currency.js","name":"locale","position":{"start":631,"end":637},"type":{"name":"string"}},{"source":"src/currency.js","name":"currency","position":{"start":639,"end":647},"type":{"name":"string"}}],"returnType":"string"}],"provideSearchTerms":true,"searchTerms":"format currency","id":"currency","startTime":"2022-11-11T19:42:48.841Z","timer":{"startTime":"2022-11-11T19:42:48.842Z","endTime":"2022-11-11T19:46:51.508Z"},"duration":241233,"data":{"Q1":"3","Q2":"For some reason it said that it couldn't find any links and it was going to show google search results, but the first results were for stack overflow...but the first one was helpful and I was able to get the answer that way.","Q3":"Being able to use the google search results from the IDE seemed fine","Q4":"n/a"},"endTime":"2022-11-11T19:48:22.223Z"},{"enableFragments":true,"enableContext":true,"showContext":true,"contextOverride":[{"source":"src/find.js","name":"getTradeById","position":{"start":286,"end":506},"variables":[],"parameters":[{"source":"src/find.js","name":"trades","position":{"start":315,"end":321},"type":{"name":"Trade[]"}},{"source":"src/find.js","name":"id","position":{"start":323,"end":325},"type":{"name":"number"}}],"returnType":"Trade"}],"provideSearchTerms":true,"searchTerms":"find item in array by value","id":"find","startTime":"2022-11-11T19:39:09.936Z","timer":{"startTime":"2022-11-11T19:39:09.937Z","endTime":"2022-11-11T19:40:59.819Z"},"duration":109155,"data":{"Q1":"5","Q2":"There was only one result with the checkmark by it, so I went with that one and the usage was clear so it seemed easy to use. The first time I opened Scout it said it couldn't find any results, but the second time it worked fine and had the results.","Q3":"I can't really think of anything","Q4":"n/a"},"endTime":"2022-11-11T19:42:40.147Z"},{"enableFragments":true,"enableContext":true,"showContext":true,"contextOverride":[{"source":"src/clone.js","name":"cloneTradeLedger","position":{"start":239,"end":406},"variables":[],"parameters":[{"source":"src/clone.js","name":"trades","position":{"start":272,"end":278},"type":{"name":"Trade[]"}}],"returnType":"Trade[]"}],"provideSearchTerms":true,"searchTerms":"clone array","id":"clone","startTime":"2022-11-11T19:34:06.531Z","timer":{"startTime":"2022-11-11T19:34:06.532Z","endTime":"2022-11-11T19:37:11.139Z"},"duration":183352,"data":{"Q1":"4","Q2":"I liked that I didn't have to leave my IDE and my code to see the results. It was a little tough to know which result was the best to use just based on the initial view.","Q3":"maybe the exact number of upvotes?? or if there are lots of comments?","Q4":"n/a"},"endTime":"2022-11-11T19:39:01.376Z"},{"enableFragments":false,"enableContext":true,"showContext":false,"contextOverride":[{"source":"src/sort.js","name":"sortTradesByShareCount","position":{"start":285,"end":524},"variables":[],"parameters":[{"source":"src/sort.js","name":"trades","position":{"start":324,"end":330},"type":{"name":"Trade[]"}}],"returnType":"Trade[]"}],"provideSearchTerms":true,"searchTerms":"sort array of objects descending","id":"sort","startTime":"2022-11-11T19:48:34.343Z","timer":{"startTime":"2022-11-11T19:48:34.343Z","endTime":"2022-11-11T19:51:46.537Z"},"duration":191265,"data":{"Q1":"4","Q2":"It said that it didn't have any results and was just going to show google search results, which ended up being from stack overflow anyway and I was able to just use the first one to find the answer, so I was basically just using Scout as a web browser","Q3":"n/a","Q4":"n/a"},"endTime":"2022-11-11T19:53:04.614Z"},{"enableFragments":true,"enableContext":true,"showContext":true,"contextOverride":[{"source":"src/recent.js","name":"moment","position":{"start":7,"end":13},"module":{"name":"moment","position":{"start":19,"end":27}},"references":[{"start":485,"end":491},{"start":753,"end":759},{"start":836,"end":842}]},{"source":"src/recent.js","name":"moment","position":{"start":485,"end":503},"variables":[],"arguments":[{"source":"src/recent.js","name":"","type":"Date","value":"new Date()","position":{"start":492,"end":502}}],"returnType":"any"},{"source":"src/recent.js","name":"moment","position":{"start":753,"end":768},"variables":[],"arguments":[{"source":"src/recent.js","name":"","type":"any","value":"endDate","position":{"start":760,"end":767}}],"returnType":"any"},{"source":"src/recent.js","name":"moment","position":{"start":836,"end":854},"variables":[],"arguments":[{"source":"src/recent.js","name":"","type":"any","value":"trade.date","position":{"start":843,"end":853}}],"returnType":"any"},{"source":"src/recent.js","name":"getPastTradesFrom","position":{"start":400,"end":938},"variables":[{"source":"src/recent.js","name":"endDate","position":{"start":475,"end":503},"type":{"name":"any"}},{"source":"src/recent.js","name":"startDate","position":{"start":741,"end":768},"type":{"name":"any"}}],"parameters":[{"source":"src/recent.js","name":"trades","position":{"start":434,"end":440},"type":{"name":"Trade[]"}},{"source":"src/recent.js","name":"from","position":{"start":442,"end":446},"type":{"name":"number"}},{"source":"src/recent.js","name":"unit","position":{"start":448,"end":461},"type":{"name":"string"}}],"returnType":"Trade[]"}],"provideSearchTerms":false,"searchTerms":"","id":"recent","startTime":"2022-11-11T20:01:39.992Z","timer":{"startTime":"2022-11-11T20:01:39.992Z","endTime":"2022-11-11T20:04:42.020Z"},"duration":180512,"data":{"Q1":"5","Q2":"It was really easy to find the result, with the checkmark and top answers at the top of the view. The first one I tried was relevant and helpful.","Q3":"not really","Q4":"n/a"},"endTime":"2022-11-11T20:07:10.640Z"},{"enableFragments":false,"enableContext":false,"showContext":false,"contextOverride":[],"provideSearchTerms":false,"searchTerms":"","id":"serve","startTime":"2022-11-11T19:53:14.479Z","timer":{"startTime":"2022-11-11T19:53:14.479Z","endTime":"2022-11-11T20:00:21.068Z"},"duration":419474,"data":{"Q1":"3","Q2":"It didn't show any search result previews as it just showed links from google again, so it wasn't quite as fast as an experience","Q3":"n/a","Q4":"n/a"},"endTime":"2022-11-11T20:01:31.520Z"},{"id":"post-study"}],"activations":["2022-11-11T19:22:38.827Z"]}