{"trialId":"29016_3","taskId":"sort","appEvents":[{"timestamp":"2022-11-18T00:07:09.463Z","name":"search","data":"search-start"},{"timestamp":"2022-11-18T00:07:10.684Z","name":"search","data":"search-done"}],"searches":[{"keywords":["sort","array","of","objects","descending"],"context":{"tokens":[{"kind":"language","value":"javascript"}]},"timestamp":"2022-11-18T00:07:09.463Z","results":[{"signatures":[],"areSignaturesLoading":true,"title":"Sorting an array of objects by property values - Stack Overflow","url":"https://stackoverflow.com/questions/979256/sorting-an-array-of-objects-by-property-values","displayLink":"https://stackoverflow.com › questions › sorting-an-arra...","date":"33 answers","snippet":"Sort homes by price in ascending order: homes.sort(function(a, b) { return parseFloat(a.price) - parseFloat(b.price); });. Or after ES6 version:","snippetHighlightWords":["Sort","ascending","sort"]},{"signatures":[],"areSignaturesLoading":true,"title":"Sorting an array of objects on both ascending and descending ...","url":"https://stackoverflow.com/questions/56809727/sorting-an-array-of-objects-on-both-ascending-and-descending-order-on-same-click","displayLink":"https://stackoverflow.com › questions › sorting-an-arra...","date":"Jun 28, 2019","snippet":"Sorting an array of objects on both ascending and descending order on same click · reverse the > to < and create a variable that can store the ...","snippetHighlightWords":["Sorting","array of objects","ascending","descending","reverse"]},{"signatures":[],"areSignaturesLoading":true,"title":"JavaScript: Sort an array of objects by a numeric property in ...","url":"https://stackoverflow.com/questions/54623130/javascript-sort-an-array-of-objects-by-a-numeric-property-in-each-object","displayLink":"https://stackoverflow.com › questions › javascript-sort-a...","date":"Feb 11, 2019","snippet":"sort() method does two things, it changes the original array so that it is in sorted order, and it also returns a reference to your original ...","snippetHighlightWords":["sort","array","sorted"]},{"signatures":[],"areSignaturesLoading":true,"title":"Sort by object key in descending order on Javascript/underscore","url":"https://stackoverflow.com/questions/31553155/sort-by-object-key-in-descending-order-on-javascript-underscore","displayLink":"https://stackoverflow.com › questions › sort-by-object-...","date":"Jul 22, 2015","snippet":"I want to sort this array object by key in descending order. So the expected output will be following like the latest date will come first.","snippetHighlightWords":["sort","array object","descending"]},{"signatures":[],"areSignaturesLoading":true,"title":"Javascript: Sorting Objects (not arrays) in descending","url":"https://stackoverflow.com/questions/56996782/javascript-sorting-objects-not-arrays-in-descending","displayLink":"https://stackoverflow.com › questions › javascript-sortin...","date":"Jul 11, 2019","snippet":"Get an array of arrays from Object.entries() .reverse() it; Convert it into a Map ( Map() guarantees order according to how it was entered) ...","snippetHighlightWords":["array","arrays","Object","reverse"]},{"signatures":[],"areSignaturesLoading":true,"title":"Sort array of objects by string property value - Stack Overflow","url":"https://stackoverflow.com/questions/1129216/sort-array-of-objects-by-string-property-value","displayLink":"https://stackoverflow.com › questions › sort-array-of-o...","snippet":"Use JavaScript sort method ... The sort method can be modified to sort anything like an array of numbers, strings and even objects using a compare function. A ...","snippetHighlightWords":["JavaScript sort","sort","sort","array","objects"]},{"signatures":[],"areSignaturesLoading":true,"title":"sort array of objects with letters and numbers in descending ...","url":"https://stackoverflow.com/questions/49365109/sort-array-of-objects-with-letters-and-numbers-in-descending-order","displayLink":"https://stackoverflow.com › questions › sort-array-of-o...","snippet":"You can use array#sort with string#localeCompare with numeric property set to true . const data = [{\"map_name\": \"PHX7260.","snippetHighlightWords":["array#sort"],"extensions":["Mar 19, 2018","3 answers"]},{"signatures":[],"areSignaturesLoading":true,"title":"How do I sort array of objects in descending order based on ...","url":"https://stackoverflow.com/questions/72084911/how-do-i-sort-array-of-objects-in-descending-order-based-on-alphanumeric-value-i","displayLink":"https://stackoverflow.com › questions › how-do-i-sort-a...","snippet":"You need a custom comparer function that will use the value property of your objects to make a descending alphabetic sort on your ArrOfObj.","snippetHighlightWords":["objects","descending","sort"],"extensions":["May 2, 2022","1 answer"]},{"signatures":[],"areSignaturesLoading":true,"title":"JS sort array of objets by specific string property (not ...","url":"https://stackoverflow.com/questions/65687818/js-sort-array-of-objets-by-specific-string-property-not-ascending-or-descending","displayLink":"https://stackoverflow.com › questions › js-sort-array-of-...","snippet":"You could take an object with the wanted order and take a large value as default for sorting. const data = [{ name: \"strawberries\", ...","snippetHighlightWords":["object","sorting"],"extensions":["Jan 12, 2021","5 answers"]},{"signatures":[],"areSignaturesLoading":true,"title":"How can I sort a javascript array of objects numerically and ...","url":"https://stackoverflow.com/questions/12900058/how-can-i-sort-a-javascript-array-of-objects-numerically-and-then-alphabetically","displayLink":"https://stackoverflow.com › questions › how-can-i-sort-...","snippet":"items.sort(function(a, b) { return (a.id - b.id); ...","snippetHighlightWords":["sort"]}],"events":[{"timestamp":"2022-11-18T00:07:09.505Z","url":"https://stackoverflow.com/questions/979256/sorting-an-array-of-objects-by-property-values","component":"projection","action":"load","data":{"height":63.5,"width":351.066650390625,"wc":19,"lc":1}},{"timestamp":"2022-11-18T00:07:09.506Z","url":"https://stackoverflow.com/questions/56809727/sorting-an-array-of-objects-on-both-ascending-and-descending-order-on-same-click","component":"projection","action":"load","data":{"height":63.5,"width":363.98333740234375,"wc":29,"lc":1}},{"timestamp":"2022-11-18T00:07:09.506Z","url":"https://stackoverflow.com/questions/54623130/javascript-sort-an-array-of-objects-by-a-numeric-property-in-each-object","component":"projection","action":"load","data":{"height":63.5,"width":372,"wc":27,"lc":1}},{"timestamp":"2022-11-18T00:07:09.506Z","url":"https://stackoverflow.com/questions/31553155/sort-by-object-key-in-descending-order-on-javascript-underscore","component":"projection","action":"load","data":{"height":63.5,"width":356.5,"wc":26,"lc":1}},{"timestamp":"2022-11-18T00:07:09.506Z","url":"https://stackoverflow.com/questions/56996782/javascript-sorting-objects-not-arrays-in-descending","component":"projection","action":"load","data":{"height":63.5,"width":370.98333740234375,"wc":25,"lc":1}},{"timestamp":"2022-11-18T00:07:09.506Z","url":"https://stackoverflow.com/questions/1129216/sort-array-of-objects-by-string-property-value","component":"projection","action":"load","data":{"height":63.5,"width":355.933349609375,"wc":29,"lc":1}},{"timestamp":"2022-11-18T00:07:09.506Z","url":"https://stackoverflow.com/questions/49365109/sort-array-of-objects-with-letters-and-numbers-in-descending-order","component":"projection","action":"load","data":{"height":63.5,"width":353.51666259765625,"wc":18,"lc":1}},{"timestamp":"2022-11-18T00:07:09.506Z","url":"https://stackoverflow.com/questions/72084911/how-do-i-sort-array-of-objects-in-descending-order-based-on-alphanumeric-value-i","component":"projection","action":"load","data":{"height":63.5,"width":346.933349609375,"wc":24,"lc":1}},{"timestamp":"2022-11-18T00:07:09.506Z","url":"https://stackoverflow.com/questions/65687818/js-sort-array-of-objets-by-specific-string-property-not-ascending-or-descending","component":"projection","action":"load","data":{"height":63.5,"width":363.8999938964844,"wc":25,"lc":1}},{"timestamp":"2022-11-18T00:07:09.506Z","url":"https://stackoverflow.com/questions/12900058/how-can-i-sort-a-javascript-array-of-objects-numerically-and-then-alphabetically","component":"projection","action":"load","data":{"height":19.5,"width":296.7833251953125,"wc":8,"lc":1}},{"timestamp":"2022-11-18T00:07:09.508Z","url":"https://stackoverflow.com/questions/56809727/sorting-an-array-of-objects-on-both-ascending-and-descending-order-on-same-click","component":"projection","action":"mouseenter"},{"timestamp":"2022-11-18T00:07:10.668Z","url":"https://stackoverflow.com/questions/56809727/sorting-an-array-of-objects-on-both-ascending-and-descending-order-on-same-click","component":"projection","action":"mouseleave"},{"timestamp":"2022-11-18T00:07:10.669Z","url":"https://stackoverflow.com/questions/979256/sorting-an-array-of-objects-by-property-values","component":"projection","action":"mouseenter"},{"timestamp":"2022-11-18T00:07:10.682Z","url":"https://stackoverflow.com/questions/979256/sorting-an-array-of-objects-by-property-values","component":"projection","action":"loaded","data":"projection 10 of 10"},{"timestamp":"2022-11-18T00:07:10.682Z","url":"https://stackoverflow.com/questions/56809727/sorting-an-array-of-objects-on-both-ascending-and-descending-order-on-same-click","component":"projection","action":"loaded","data":"projection 9 of 10"},{"timestamp":"2022-11-18T00:07:10.683Z","url":"https://stackoverflow.com/questions/54623130/javascript-sort-an-array-of-objects-by-a-numeric-property-in-each-object","component":"projection","action":"loaded","data":"projection 8 of 10"},{"timestamp":"2022-11-18T00:07:10.683Z","url":"https://stackoverflow.com/questions/31553155/sort-by-object-key-in-descending-order-on-javascript-underscore","component":"projection","action":"loaded","data":"projection 7 of 10"},{"timestamp":"2022-11-18T00:07:10.683Z","url":"https://stackoverflow.com/questions/56996782/javascript-sorting-objects-not-arrays-in-descending","component":"projection","action":"loaded","data":"projection 6 of 10"},{"timestamp":"2022-11-18T00:07:10.683Z","url":"https://stackoverflow.com/questions/1129216/sort-array-of-objects-by-string-property-value","component":"projection","action":"loaded","data":"projection 5 of 10"},{"timestamp":"2022-11-18T00:07:10.683Z","url":"https://stackoverflow.com/questions/49365109/sort-array-of-objects-with-letters-and-numbers-in-descending-order","component":"projection","action":"loaded","data":"projection 4 of 10"},{"timestamp":"2022-11-18T00:07:10.684Z","url":"https://stackoverflow.com/questions/72084911/how-do-i-sort-array-of-objects-in-descending-order-based-on-alphanumeric-value-i","component":"projection","action":"loaded","data":"projection 3 of 10"},{"timestamp":"2022-11-18T00:07:10.684Z","url":"https://stackoverflow.com/questions/65687818/js-sort-array-of-objets-by-specific-string-property-not-ascending-or-descending","component":"projection","action":"loaded","data":"projection 2 of 10"},{"timestamp":"2022-11-18T00:07:10.684Z","url":"https://stackoverflow.com/questions/12900058/how-can-i-sort-a-javascript-array-of-objects-numerically-and-then-alphabetically","component":"projection","action":"loaded","data":"projection 1 of 10"},{"timestamp":"2022-11-18T00:07:13.423Z","url":"https://stackoverflow.com/questions/979256/sorting-an-array-of-objects-by-property-values","component":"page","action":"open"},{"timestamp":"2022-11-18T00:07:13.448Z","url":"https://stackoverflow.com/questions/979256/sorting-an-array-of-objects-by-property-values","component":"projection","action":"mouseleave"},{"timestamp":"2022-11-18T00:07:14.212Z","url":"https://stackoverflow.com/questions/979256/sorting-an-array-of-objects-by-property-values","component":"page","action":"load"},{"timestamp":"2022-11-18T00:07:17.642Z","url":"https://stackoverflow.com/questions/979256/sorting-an-array-of-objects-by-property-values","component":"page","action":"scroll","data":{"viewport":{"x":0,"y":905,"height":914,"width":377},"document":{"height":33839,"width":377},"question":{"identifier":"979256","top":-741.5333251953125,"bottom":306.3333740234375,"right":360.5,"left":16,"width":344.5,"height":1047.86669921875},"answers":[{"identifier":"979289","top":423.6333312988281,"bottom":1987.0000305175781,"right":360.5,"left":16,"width":344.5,"height":1563.36669921875},{"identifier":"979325","top":1987,"bottom":3435.2666015625,"right":360.5,"left":16,"width":344.5,"height":1448.2666015625},{"identifier":"979278","top":3435.2666015625,"bottom":4230.433288574219,"right":360.5,"left":16,"width":344.5,"height":795.1666870117188},{"identifier":"19970578","top":4230.43310546875,"bottom":5191.7998046875,"right":360.5,"left":16,"width":344.5,"height":961.36669921875},{"identifier":"40796335","top":5191.7998046875,"bottom":6284.0164794921875,"right":360.5,"left":16,"width":344.5,"height":1092.2166748046875},{"identifier":"979295","top":6284.0166015625,"bottom":6886.183288574219,"right":360.5,"left":16,"width":344.5,"height":602.1666870117188},{"identifier":"26762192","top":6886.18310546875,"bottom":9635.899658203125,"right":360.5,"left":16,"width":344.5,"height":2749.716552734375},{"identifier":"37440769","top":9635.900390625,"bottom":10502.76708984375,"right":360.5,"left":16,"width":344.5,"height":866.86669921875},{"identifier":"54346678","top":10502.7666015625,"bottom":11068.13330078125,"right":360.5,"left":16,"width":344.5,"height":565.36669921875},{"identifier":"60641752","top":11068.1337890625,"bottom":11717.700439453125,"right":360.5,"left":16,"width":344.5,"height":649.566650390625},{"identifier":"45534960","top":11717.7001953125,"bottom":12740.266845703125,"right":360.5,"left":16,"width":344.5,"height":1022.566650390625},{"identifier":"56594176","top":12740.2666015625,"bottom":13151.233276367188,"right":360.5,"left":16,"width":344.5,"height":410.9666748046875},{"identifier":"50652203","top":13151.2333984375,"bottom":14710.450073242188,"right":360.5,"left":16,"width":344.5,"height":1559.2166748046875},{"identifier":"21399152","top":14710.4501953125,"bottom":15897.116821289062,"right":360.5,"left":16,"width":344.5,"height":1186.6666259765625},{"identifier":"20421221","top":15897.1162109375,"bottom":17343.582885742188,"right":360.5,"left":16,"width":344.5,"height":1446.4666748046875},{"identifier":"979296","top":17343.583984375,"bottom":17846.800659179688,"right":360.5,"left":16,"width":344.5,"height":503.2166748046875},{"identifier":"25624937","top":17846.80078125,"bottom":18756.267456054688,"right":360.5,"left":16,"width":344.5,"height":909.4666748046875},{"identifier":"32773923","top":18756.267578125,"bottom":20440.434204101562,"right":360.5,"left":16,"width":344.5,"height":1684.1666259765625},{"identifier":"38585024","top":20440.43359375,"bottom":20757.400268554688,"right":360.5,"left":16,"width":344.5,"height":316.9666748046875},{"identifier":"48662313","top":20757.400390625,"bottom":21700.867065429688,"right":360.5,"left":16,"width":344.5,"height":943.4666748046875},{"identifier":"66636162","top":21700.8671875,"bottom":23004.083862304688,"right":360.5,"left":16,"width":344.5,"height":1303.2166748046875},{"identifier":"30066050","top":23004.083984375,"bottom":23366.550659179688,"right":360.5,"left":16,"width":344.5,"height":362.4666748046875},{"identifier":"42100506","top":23366.55078125,"bottom":24816.217407226562,"right":360.5,"left":16,"width":344.5,"height":1449.6666259765625},{"identifier":"55088845","top":24816.216796875,"bottom":25692.183471679688,"right":360.5,"left":16,"width":344.5,"height":875.9666748046875},{"identifier":"72601832","top":25692.18359375,"bottom":26256.150268554688,"right":360.5,"left":16,"width":344.5,"height":563.9666748046875},{"identifier":"43635307","top":26256.150390625,"bottom":26759.617065429688,"right":360.5,"left":16,"width":344.5,"height":503.4666748046875},{"identifier":"49146133","top":26759.6171875,"bottom":27857.583862304688,"right":360.5,"left":16,"width":344.5,"height":1097.9666748046875},{"identifier":"26650562","top":27857.583984375,"bottom":28756.050659179688,"right":360.5,"left":16,"width":344.5,"height":898.4666748046875},{"identifier":"28247369","top":28756.05078125,"bottom":29130.517456054688,"right":360.5,"left":16,"width":344.5,"height":374.4666748046875},{"identifier":"36379158","top":29130.517578125,"bottom":30637.484252929688,"right":360.5,"left":16,"width":344.5,"height":1506.9666748046875}]}},{"timestamp":"2022-11-18T00:07:21.524Z","url":"https://stackoverflow.com/questions/979256/sorting-an-array-of-objects-by-property-values","component":"page","action":"scroll","data":{"viewport":{"x":0,"y":1027,"height":914,"width":377},"document":{"height":33839,"width":377},"question":{"identifier":"979256","top":-863.5333251953125,"bottom":184.3333740234375,"right":360.5,"left":16,"width":344.5,"height":1047.86669921875},"answers":[{"identifier":"979289","top":301.6333312988281,"bottom":1865.0000305175781,"right":360.5,"left":16,"width":344.5,"height":1563.36669921875},{"identifier":"979325","top":1865,"bottom":3313.2666015625,"right":360.5,"left":16,"width":344.5,"height":1448.2666015625},{"identifier":"979278","top":3313.2666015625,"bottom":4108.433288574219,"right":360.5,"left":16,"width":344.5,"height":795.1666870117188},{"identifier":"19970578","top":4108.43310546875,"bottom":5069.7998046875,"right":360.5,"left":16,"width":344.5,"height":961.36669921875},{"identifier":"40796335","top":5069.7998046875,"bottom":6162.0164794921875,"right":360.5,"left":16,"width":344.5,"height":1092.2166748046875},{"identifier":"979295","top":6162.0166015625,"bottom":6764.183288574219,"right":360.5,"left":16,"width":344.5,"height":602.1666870117188},{"identifier":"26762192","top":6764.18310546875,"bottom":9513.899658203125,"right":360.5,"left":16,"width":344.5,"height":2749.716552734375},{"identifier":"37440769","top":9513.900390625,"bottom":10380.76708984375,"right":360.5,"left":16,"width":344.5,"height":866.86669921875},{"identifier":"54346678","top":10380.7666015625,"bottom":10946.13330078125,"right":360.5,"left":16,"width":344.5,"height":565.36669921875},{"identifier":"60641752","top":10946.1337890625,"bottom":11595.700439453125,"right":360.5,"left":16,"width":344.5,"height":649.566650390625},{"identifier":"45534960","top":11595.7001953125,"bottom":12618.266845703125,"right":360.5,"left":16,"width":344.5,"height":1022.566650390625},{"identifier":"56594176","top":12618.2666015625,"bottom":13029.233276367188,"right":360.5,"left":16,"width":344.5,"height":410.9666748046875},{"identifier":"50652203","top":13029.2333984375,"bottom":14588.450073242188,"right":360.5,"left":16,"width":344.5,"height":1559.2166748046875},{"identifier":"21399152","top":14588.4501953125,"bottom":15775.116821289062,"right":360.5,"left":16,"width":344.5,"height":1186.6666259765625},{"identifier":"20421221","top":15775.1162109375,"bottom":17221.582885742188,"right":360.5,"left":16,"width":344.5,"height":1446.4666748046875},{"identifier":"979296","top":17221.583984375,"bottom":17724.800659179688,"right":360.5,"left":16,"width":344.5,"height":503.2166748046875},{"identifier":"25624937","top":17724.80078125,"bottom":18634.267456054688,"right":360.5,"left":16,"width":344.5,"height":909.4666748046875},{"identifier":"32773923","top":18634.267578125,"bottom":20318.434204101562,"right":360.5,"left":16,"width":344.5,"height":1684.1666259765625},{"identifier":"38585024","top":20318.43359375,"bottom":20635.400268554688,"right":360.5,"left":16,"width":344.5,"height":316.9666748046875},{"identifier":"48662313","top":20635.400390625,"bottom":21578.867065429688,"right":360.5,"left":16,"width":344.5,"height":943.4666748046875},{"identifier":"66636162","top":21578.8671875,"bottom":22882.083862304688,"right":360.5,"left":16,"width":344.5,"height":1303.2166748046875},{"identifier":"30066050","top":22882.083984375,"bottom":23244.550659179688,"right":360.5,"left":16,"width":344.5,"height":362.4666748046875},{"identifier":"42100506","top":23244.55078125,"bottom":24694.217407226562,"right":360.5,"left":16,"width":344.5,"height":1449.6666259765625},{"identifier":"55088845","top":24694.216796875,"bottom":25570.183471679688,"right":360.5,"left":16,"width":344.5,"height":875.9666748046875},{"identifier":"72601832","top":25570.18359375,"bottom":26134.150268554688,"right":360.5,"left":16,"width":344.5,"height":563.9666748046875},{"identifier":"43635307","top":26134.150390625,"bottom":26637.617065429688,"right":360.5,"left":16,"width":344.5,"height":503.4666748046875},{"identifier":"49146133","top":26637.6171875,"bottom":27735.583862304688,"right":360.5,"left":16,"width":344.5,"height":1097.9666748046875},{"identifier":"26650562","top":27735.583984375,"bottom":28634.050659179688,"right":360.5,"left":16,"width":344.5,"height":898.4666748046875},{"identifier":"28247369","top":28634.05078125,"bottom":29008.517456054688,"right":360.5,"left":16,"width":344.5,"height":374.4666748046875},{"identifier":"36379158","top":29008.517578125,"bottom":30515.484252929688,"right":360.5,"left":16,"width":344.5,"height":1506.9666748046875}]}},{"timestamp":"2022-11-18T00:07:41.429Z","url":"https://stackoverflow.com/questions/979256/sorting-an-array-of-objects-by-property-values","component":"page","action":"scroll","data":{"viewport":{"x":0,"y":1047,"height":914,"width":377},"document":{"height":33839,"width":377},"question":{"identifier":"979256","top":-883.5333251953125,"bottom":164.3333740234375,"right":360.5,"left":16,"width":344.5,"height":1047.86669921875},"answers":[{"identifier":"979289","top":281.6333312988281,"bottom":1845.0000305175781,"right":360.5,"left":16,"width":344.5,"height":1563.36669921875},{"identifier":"979325","top":1845,"bottom":3293.2666015625,"right":360.5,"left":16,"width":344.5,"height":1448.2666015625},{"identifier":"979278","top":3293.2666015625,"bottom":4088.4332885742188,"right":360.5,"left":16,"width":344.5,"height":795.1666870117188},{"identifier":"19970578","top":4088.433349609375,"bottom":5049.800048828125,"right":360.5,"left":16,"width":344.5,"height":961.36669921875},{"identifier":"40796335","top":5049.7998046875,"bottom":6142.0164794921875,"right":360.5,"left":16,"width":344.5,"height":1092.2166748046875},{"identifier":"979295","top":6142.0166015625,"bottom":6744.183288574219,"right":360.5,"left":16,"width":344.5,"height":602.1666870117188},{"identifier":"26762192","top":6744.18310546875,"bottom":9493.899658203125,"right":360.5,"left":16,"width":344.5,"height":2749.716552734375},{"identifier":"37440769","top":9493.900390625,"bottom":10360.76708984375,"right":360.5,"left":16,"width":344.5,"height":866.86669921875},{"identifier":"54346678","top":10360.7666015625,"bottom":10926.13330078125,"right":360.5,"left":16,"width":344.5,"height":565.36669921875},{"identifier":"60641752","top":10926.1337890625,"bottom":11575.700439453125,"right":360.5,"left":16,"width":344.5,"height":649.566650390625},{"identifier":"45534960","top":11575.7001953125,"bottom":12598.266845703125,"right":360.5,"left":16,"width":344.5,"height":1022.566650390625},{"identifier":"56594176","top":12598.2666015625,"bottom":13009.233276367188,"right":360.5,"left":16,"width":344.5,"height":410.9666748046875},{"identifier":"50652203","top":13009.2333984375,"bottom":14568.450073242188,"right":360.5,"left":16,"width":344.5,"height":1559.2166748046875},{"identifier":"21399152","top":14568.4501953125,"bottom":15755.116821289062,"right":360.5,"left":16,"width":344.5,"height":1186.6666259765625},{"identifier":"20421221","top":15755.1162109375,"bottom":17201.582885742188,"right":360.5,"left":16,"width":344.5,"height":1446.4666748046875},{"identifier":"979296","top":17201.583984375,"bottom":17704.800659179688,"right":360.5,"left":16,"width":344.5,"height":503.2166748046875},{"identifier":"25624937","top":17704.80078125,"bottom":18614.267456054688,"right":360.5,"left":16,"width":344.5,"height":909.4666748046875},{"identifier":"32773923","top":18614.267578125,"bottom":20298.434204101562,"right":360.5,"left":16,"width":344.5,"height":1684.1666259765625},{"identifier":"38585024","top":20298.43359375,"bottom":20615.400268554688,"right":360.5,"left":16,"width":344.5,"height":316.9666748046875},{"identifier":"48662313","top":20615.400390625,"bottom":21558.867065429688,"right":360.5,"left":16,"width":344.5,"height":943.4666748046875},{"identifier":"66636162","top":21558.8671875,"bottom":22862.083862304688,"right":360.5,"left":16,"width":344.5,"height":1303.2166748046875},{"identifier":"30066050","top":22862.083984375,"bottom":23224.550659179688,"right":360.5,"left":16,"width":344.5,"height":362.4666748046875},{"identifier":"42100506","top":23224.55078125,"bottom":24674.217407226562,"right":360.5,"left":16,"width":344.5,"height":1449.6666259765625},{"identifier":"55088845","top":24674.216796875,"bottom":25550.183471679688,"right":360.5,"left":16,"width":344.5,"height":875.9666748046875},{"identifier":"72601832","top":25550.18359375,"bottom":26114.150268554688,"right":360.5,"left":16,"width":344.5,"height":563.9666748046875},{"identifier":"43635307","top":26114.150390625,"bottom":26617.617065429688,"right":360.5,"left":16,"width":344.5,"height":503.4666748046875},{"identifier":"49146133","top":26617.6171875,"bottom":27715.583862304688,"right":360.5,"left":16,"width":344.5,"height":1097.9666748046875},{"identifier":"26650562","top":27715.583984375,"bottom":28614.050659179688,"right":360.5,"left":16,"width":344.5,"height":898.4666748046875},{"identifier":"28247369","top":28614.05078125,"bottom":28988.517456054688,"right":360.5,"left":16,"width":344.5,"height":374.4666748046875},{"identifier":"36379158","top":28988.517578125,"bottom":30495.484252929688,"right":360.5,"left":16,"width":344.5,"height":1506.9666748046875}]}},{"timestamp":"2022-11-18T00:07:53.340Z","url":"https://stackoverflow.com/questions/979256/sorting-an-array-of-objects-by-property-values","component":"page","action":"close"},{"timestamp":"2022-11-18T00:07:53.720Z","url":"https://stackoverflow.com/questions/979256/sorting-an-array-of-objects-by-property-values","component":"projection","action":"mouseenter"},{"timestamp":"2022-11-18T00:07:53.770Z","url":"https://stackoverflow.com/questions/979256/sorting-an-array-of-objects-by-property-values","component":"projection","action":"mouseleave"},{"timestamp":"2022-11-18T00:07:53.773Z","url":"https://stackoverflow.com/questions/56809727/sorting-an-array-of-objects-on-both-ascending-and-descending-order-on-same-click","component":"projection","action":"mouseenter"},{"timestamp":"2022-11-18T00:07:54.586Z","url":"https://stackoverflow.com/questions/56809727/sorting-an-array-of-objects-on-both-ascending-and-descending-order-on-same-click","component":"projection","action":"mouseleave"},{"timestamp":"2022-11-18T00:07:54.588Z","url":"https://stackoverflow.com/questions/54623130/javascript-sort-an-array-of-objects-by-a-numeric-property-in-each-object","component":"projection","action":"mouseenter"},{"timestamp":"2022-11-18T00:07:55.306Z","url":"https://stackoverflow.com/questions/54623130/javascript-sort-an-array-of-objects-by-a-numeric-property-in-each-object","component":"page","action":"open"},{"timestamp":"2022-11-18T00:07:55.329Z","url":"https://stackoverflow.com/questions/54623130/javascript-sort-an-array-of-objects-by-a-numeric-property-in-each-object","component":"projection","action":"mouseleave"},{"timestamp":"2022-11-18T00:07:55.865Z","url":"https://stackoverflow.com/questions/54623130/javascript-sort-an-array-of-objects-by-a-numeric-property-in-each-object","component":"page","action":"load"},{"timestamp":"2022-11-18T00:07:59.106Z","url":"https://stackoverflow.com/questions/54623130/javascript-sort-an-array-of-objects-by-a-numeric-property-in-each-object","component":"page","action":"scroll","data":{"viewport":{"x":0,"y":134,"height":914,"width":377},"document":{"height":6331,"width":377},"question":{"identifier":"54623130","top":60.31666564941406,"bottom":835.1333160400391,"right":360.5,"left":16,"width":344.5,"height":774.816650390625},"answers":[{"identifier":"54623139","top":915.433349609375,"bottom":2464.566650390625,"right":360.5,"left":16,"width":344.5,"height":1549.13330078125},{"identifier":"54623200","top":2464.566650390625,"bottom":3072.9833374023438,"right":360.5,"left":16,"width":344.5,"height":608.4166870117188},{"identifier":"54629762","top":3072.9833984375,"bottom":3447.5000610351562,"right":360.5,"left":16,"width":344.5,"height":374.51666259765625},{"identifier":"54623379","top":3447.5,"bottom":4151.916687011719,"right":360.5,"left":16,"width":344.5,"height":704.4166870117188}]}},{"timestamp":"2022-11-18T00:08:02.108Z","url":"https://stackoverflow.com/questions/54623130/javascript-sort-an-array-of-objects-by-a-numeric-property-in-each-object","component":"page","action":"scroll","data":{"viewport":{"x":0,"y":625,"height":914,"width":377},"document":{"height":6331,"width":377},"question":{"identifier":"54623130","top":-430.683349609375,"bottom":344.13330078125,"right":360.5,"left":16,"width":344.5,"height":774.816650390625},"answers":[{"identifier":"54623139","top":424.433349609375,"bottom":1973.566650390625,"right":360.5,"left":16,"width":344.5,"height":1549.13330078125},{"identifier":"54623200","top":1973.566650390625,"bottom":2581.9833374023438,"right":360.5,"left":16,"width":344.5,"height":608.4166870117188},{"identifier":"54629762","top":2581.9833984375,"bottom":2956.5000610351562,"right":360.5,"left":16,"width":344.5,"height":374.51666259765625},{"identifier":"54623379","top":2956.5,"bottom":3660.9166870117188,"right":360.5,"left":16,"width":344.5,"height":704.4166870117188}]}},{"timestamp":"2022-11-18T00:08:12.944Z","url":"https://stackoverflow.com/questions/54623130/javascript-sort-an-array-of-objects-by-a-numeric-property-in-each-object","component":"page","action":"scroll","data":{"viewport":{"x":0,"y":458,"height":914,"width":377},"document":{"height":6331,"width":377},"question":{"identifier":"54623130","top":-263.683349609375,"bottom":511.13330078125,"right":360.5,"left":16,"width":344.5,"height":774.816650390625},"answers":[{"identifier":"54623139","top":591.433349609375,"bottom":2140.566650390625,"right":360.5,"left":16,"width":344.5,"height":1549.13330078125},{"identifier":"54623200","top":2140.566650390625,"bottom":2748.9833374023438,"right":360.5,"left":16,"width":344.5,"height":608.4166870117188},{"identifier":"54629762","top":2748.9833984375,"bottom":3123.5000610351562,"right":360.5,"left":16,"width":344.5,"height":374.51666259765625},{"identifier":"54623379","top":3123.5,"bottom":3827.9166870117188,"right":360.5,"left":16,"width":344.5,"height":704.4166870117188}]}},{"timestamp":"2022-11-18T00:08:14.876Z","url":"https://stackoverflow.com/questions/54623130/javascript-sort-an-array-of-objects-by-a-numeric-property-in-each-object","component":"page","action":"scroll","data":{"viewport":{"x":0,"y":10,"height":914,"width":377},"document":{"height":6331,"width":377},"question":{"identifier":"54623130","top":184.31666564941406,"bottom":959.1333160400391,"right":360.5,"left":16,"width":344.5,"height":774.816650390625},"answers":[{"identifier":"54623139","top":1039.433349609375,"bottom":2588.566650390625,"right":360.5,"left":16,"width":344.5,"height":1549.13330078125},{"identifier":"54623200","top":2588.566650390625,"bottom":3196.9833374023438,"right":360.5,"left":16,"width":344.5,"height":608.4166870117188},{"identifier":"54629762","top":3196.9833984375,"bottom":3571.5000610351562,"right":360.5,"left":16,"width":344.5,"height":374.51666259765625},{"identifier":"54623379","top":3571.5,"bottom":4275.916687011719,"right":360.5,"left":16,"width":344.5,"height":704.4166870117188}]}},{"timestamp":"2022-11-18T00:08:18.825Z","url":"https://stackoverflow.com/questions/54623130/javascript-sort-an-array-of-objects-by-a-numeric-property-in-each-object","component":"page","action":"scroll","data":{"viewport":{"x":0,"y":602,"height":914,"width":377},"document":{"height":6331,"width":377},"question":{"identifier":"54623130","top":-407.683349609375,"bottom":367.13330078125,"right":360.5,"left":16,"width":344.5,"height":774.816650390625},"answers":[{"identifier":"54623139","top":447.433349609375,"bottom":1996.566650390625,"right":360.5,"left":16,"width":344.5,"height":1549.13330078125},{"identifier":"54623200","top":1996.566650390625,"bottom":2604.9833374023438,"right":360.5,"left":16,"width":344.5,"height":608.4166870117188},{"identifier":"54629762","top":2604.9833984375,"bottom":2979.5000610351562,"right":360.5,"left":16,"width":344.5,"height":374.51666259765625},{"identifier":"54623379","top":2979.5,"bottom":3683.9166870117188,"right":360.5,"left":16,"width":344.5,"height":704.4166870117188}]}},{"timestamp":"2022-11-18T00:08:21.765Z","url":"https://stackoverflow.com/questions/54623130/javascript-sort-an-array-of-objects-by-a-numeric-property-in-each-object","component":"page","action":"selection","data":"({age:a}, {age:b}) => b-a);"},{"timestamp":"2022-11-18T00:08:22.008Z","url":"https://stackoverflow.com/questions/54623130/javascript-sort-an-array-of-objects-by-a-numeric-property-in-each-object","component":"page","action":"copy","data":"({age:a}, {age:b}) => b-a);"}]}]}