{"trialId":"29016_3","taskId":"serve","appEvents":[{"timestamp":"2022-11-18T00:10:41.034Z","name":"search","data":"search-start"},{"timestamp":"2022-11-18T00:10:44.627Z","name":"search","data":"search-done"},{"timestamp":"2022-11-18T00:11:08.009Z","name":"resize","data":{"height":974,"width":486}},{"timestamp":"2022-11-18T00:11:24.643Z","name":"search","data":"search-start"},{"timestamp":"2022-11-18T00:11:27.035Z","name":"search","data":"search-done"},{"timestamp":"2022-11-18T00:12:53.264Z","name":"search","data":"search-start"},{"timestamp":"2022-11-18T00:12:57.341Z","name":"search","data":"search-done"},{"timestamp":"2022-11-18T00:13:11.443Z","name":"search","data":"search-start"},{"timestamp":"2022-11-18T00:13:18.133Z","name":"search","data":"search-done"},{"timestamp":"2022-11-18T00:16:29.484Z","name":"resize","data":{"height":974,"width":393}}],"searches":[{"keywords":["javascript","static","pdf","server"],"context":{"tokens":[{"kind":"library","value":"express"},{"kind":"library","value":"path"},{"kind":"language","value":"javascript"}]},"timestamp":"2022-11-18T00:10:41.033Z","results":[{"signatures":[],"areSignaturesLoading":true,"title":"Express-js can't GET my static files, why? - Stack Overflow","snippet":"I created a folder called asset in root directory of the app and place all these folder inside it. Then in server file added following line: app.use(\"/asset\", ...","url":"https://stackoverflow.com/questions/5924072/express-js-cant-get-my-static-files-why","displayLink":"https://stackoverflow.com › questions › express-js-cant-...","snippetHighlightWords":["directory","server"]},{"signatures":[],"areSignaturesLoading":true,"title":"serve pdf files using node js & express - Stack Overflow","snippet":"You can use express.static , set it up early in your app: app.use('/pdf', express.static(__dirname + '/pathToPDF'));.","url":"https://stackoverflow.com/questions/17831942/serve-pdf-files-using-node-js-express","displayLink":"https://stackoverflow.com › questions › serve-pdf-files-...","snippetHighlightWords":["express","static","pdf","express","static"],"date":"Jul 24, 2013 1 answer"},{"signatures":[],"areSignaturesLoading":true,"title":"How to serve 30GB of pdf files(static) from server using node ...","snippet":"A simple way to create a web server and serve your files from that folder, assuming you are in a node.js environment you can create web ...","url":"https://stackoverflow.com/questions/49749348/how-to-serve-30gb-of-pdf-filesstatic-from-server-using-node-js-to-angular-fron","displayLink":"https://stackoverflow.com › questions › how-to-serve-3...","snippetHighlightWords":["way","server","node","js"],"date":"Apr 10, 2018 3 answers"},{"signatures":[],"areSignaturesLoading":true,"title":"express.static() unable to send static files - node.js","snippet":"we can use this code app.use(express.static(__dirname)); instead of this app.use(express.static(path.join(__dirname, \"public\")));.","url":"https://stackoverflow.com/questions/71936084/express-static-unable-to-send-static-files","displayLink":"https://stackoverflow.com › questions › express-static-u...","snippetHighlightWords":["express","static","express","static","path"],"date":"Apr 20, 2022 1 answer"},{"signatures":[],"areSignaturesLoading":true,"title":"How do i server static files relative to subdirectory index files in ...","snippet":"The way I am handling this is to make each part of the application it's own express application. That way, they can define their own static ...","url":"https://stackoverflow.com/questions/44739963/how-do-i-server-static-files-relative-to-subdirectory-index-files-in-express-js","displayLink":"https://stackoverflow.com › questions › how-do-i-serve...","snippetHighlightWords":["way","express","way","static"],"date":"Jun 24, 2017 1 answer"},{"signatures":[],"areSignaturesLoading":true,"title":"Node.js quick file server (static files over HTTP) - Stack Overflow","snippet":"server.use('/', express.static(__dirname + '/myfile.html'));. If you wish to put it in a different location, set the path on the third line:","url":"https://stackoverflow.com/questions/16333790/node-js-quick-file-server-static-files-over-http","displayLink":"https://stackoverflow.com › questions › node-js-quick-f...","snippetHighlightWords":["server","express","static","path"]},{"signatures":[],"areSignaturesLoading":true,"title":"Serve static files and app.get conflict using Express.js","snippet":"html file, and render that file from the server side. Is that the correct way to do it? – limoragni. Apr 18, 2013 at 21:02.","url":"https://stackoverflow.com/questions/16088824/serve-static-files-and-app-get-conflict-using-express-js","displayLink":"https://stackoverflow.com › questions › serve-static-files...","snippetHighlightWords":["server","way"],"date":"Apr 18, 2013"},{"signatures":[],"areSignaturesLoading":true,"title":"How to send a pdf file from Node/Express app to the browser","snippet":"You have to pipe from Readable Stream to Writable stream not the other way around: var file = fs.createReadStream('.","url":"https://stackoverflow.com/questions/31105846/how-to-send-a-pdf-file-from-node-express-app-to-the-browser","displayLink":"https://stackoverflow.com › questions › how-to-send-a-...","snippetHighlightWords":["way"],"date":"6 answers"},{"signatures":[],"areSignaturesLoading":true,"title":"javascript - Problem with static routing in Node.js using express","snippet":"Failed to load module script: Expected a JavaScript module script but the server responded with a MIME type of \"text/html\". Strict MIME type ...","url":"https://stackoverflow.com/questions/70456060/problem-with-static-routing-in-node-js-using-express","displayLink":"https://stackoverflow.com › questions › problem-with-st...","snippetHighlightWords":["JavaScript","server"],"date":"Dec 22, 2021"},{"signatures":[],"areSignaturesLoading":true,"title":"Display Pdf in browser using express js - Stack Overflow","snippet":"I placed the file in \"static\" folder but you can place it anywhere, knowing that sendFile() takes as argument the absolute path (not relative ...","url":"https://stackoverflow.com/questions/11598274/display-pdf-in-browser-using-express-js","displayLink":"https://stackoverflow.com › questions › display-pdf-in-...","snippetHighlightWords":["static","path"],"date":"Jul 22, 2012"}],"events":[{"timestamp":"2022-11-18T00:10:43.449Z","url":"https://stackoverflow.com/questions/5924072/express-js-cant-get-my-static-files-why","component":"projection","action":"load","data":{"height":63.5,"width":368.1000061035156,"wc":28,"lc":1}},{"timestamp":"2022-11-18T00:10:43.449Z","url":"https://stackoverflow.com/questions/17831942/serve-pdf-files-using-node-js-express","component":"projection","action":"load","data":{"height":63.5,"width":360.6333312988281,"wc":16,"lc":1}},{"timestamp":"2022-11-18T00:10:43.450Z","url":"https://stackoverflow.com/questions/49749348/how-to-serve-30gb-of-pdf-filesstatic-from-server-using-node-js-to-angular-fron","component":"projection","action":"load","data":{"height":63.5,"width":366.566650390625,"wc":27,"lc":1}},{"timestamp":"2022-11-18T00:10:43.450Z","url":"https://stackoverflow.com/questions/71936084/express-static-unable-to-send-static-files","component":"projection","action":"load","data":{"height":63.5,"width":358.566650390625,"wc":11,"lc":1}},{"timestamp":"2022-11-18T00:10:43.450Z","url":"https://stackoverflow.com/questions/44739963/how-do-i-server-static-files-relative-to-subdirectory-index-files-in-express-js","component":"projection","action":"load","data":{"height":63.5,"width":366.58331298828125,"wc":27,"lc":1}},{"timestamp":"2022-11-18T00:10:43.450Z","url":"https://stackoverflow.com/questions/16333790/node-js-quick-file-server-static-files-over-http","component":"projection","action":"load","data":{"height":63.5,"width":370.3999938964844,"wc":21,"lc":1}},{"timestamp":"2022-11-18T00:10:43.450Z","url":"https://stackoverflow.com/questions/16088824/serve-static-files-and-app-get-conflict-using-express-js","component":"projection","action":"load","data":{"height":63.5,"width":358.91668701171875,"wc":25,"lc":1}},{"timestamp":"2022-11-18T00:10:43.450Z","url":"https://stackoverflow.com/questions/31105846/how-to-send-a-pdf-file-from-node-express-app-to-the-browser","component":"projection","action":"load","data":{"height":63.5,"width":356.1000061035156,"wc":19,"lc":1}},{"timestamp":"2022-11-18T00:10:43.450Z","url":"https://stackoverflow.com/questions/70456060/problem-with-static-routing-in-node-js-using-express","component":"projection","action":"load","data":{"height":63.5,"width":370.3999938964844,"wc":24,"lc":1}},{"timestamp":"2022-11-18T00:10:43.450Z","url":"https://stackoverflow.com/questions/11598274/display-pdf-in-browser-using-express-js","component":"projection","action":"load","data":{"height":63.5,"width":362.75,"wc":25,"lc":1}},{"timestamp":"2022-11-18T00:10:44.627Z","url":"https://stackoverflow.com/questions/5924072/express-js-cant-get-my-static-files-why","component":"projection","action":"loaded","data":"projection 10 of 10"},{"timestamp":"2022-11-18T00:10:44.627Z","url":"https://stackoverflow.com/questions/17831942/serve-pdf-files-using-node-js-express","component":"projection","action":"loaded","data":"projection 9 of 10"},{"timestamp":"2022-11-18T00:10:44.627Z","url":"https://stackoverflow.com/questions/49749348/how-to-serve-30gb-of-pdf-filesstatic-from-server-using-node-js-to-angular-fron","component":"projection","action":"loaded","data":"projection 8 of 10"},{"timestamp":"2022-11-18T00:10:44.627Z","url":"https://stackoverflow.com/questions/71936084/express-static-unable-to-send-static-files","component":"projection","action":"loaded","data":"projection 7 of 10"},{"timestamp":"2022-11-18T00:10:44.627Z","url":"https://stackoverflow.com/questions/44739963/how-do-i-server-static-files-relative-to-subdirectory-index-files-in-express-js","component":"projection","action":"loaded","data":"projection 6 of 10"},{"timestamp":"2022-11-18T00:10:44.627Z","url":"https://stackoverflow.com/questions/16333790/node-js-quick-file-server-static-files-over-http","component":"projection","action":"loaded","data":"projection 5 of 10"},{"timestamp":"2022-11-18T00:10:44.627Z","url":"https://stackoverflow.com/questions/16088824/serve-static-files-and-app-get-conflict-using-express-js","component":"projection","action":"loaded","data":"projection 4 of 10"},{"timestamp":"2022-11-18T00:10:44.627Z","url":"https://stackoverflow.com/questions/31105846/how-to-send-a-pdf-file-from-node-express-app-to-the-browser","component":"projection","action":"loaded","data":"projection 3 of 10"},{"timestamp":"2022-11-18T00:10:44.627Z","url":"https://stackoverflow.com/questions/70456060/problem-with-static-routing-in-node-js-using-express","component":"projection","action":"loaded","data":"projection 2 of 10"},{"timestamp":"2022-11-18T00:10:44.627Z","url":"https://stackoverflow.com/questions/11598274/display-pdf-in-browser-using-express-js","component":"projection","action":"loaded","data":"projection 1 of 10"},{"timestamp":"2022-11-18T00:10:46.357Z","url":"https://stackoverflow.com/questions/5924072/express-js-cant-get-my-static-files-why","component":"projection","action":"mouseenter"},{"timestamp":"2022-11-18T00:10:46.474Z","url":"https://stackoverflow.com/questions/5924072/express-js-cant-get-my-static-files-why","component":"projection","action":"mouseleave"},{"timestamp":"2022-11-18T00:10:46.475Z","url":"https://stackoverflow.com/questions/17831942/serve-pdf-files-using-node-js-express","component":"projection","action":"mouseenter"},{"timestamp":"2022-11-18T00:10:47.340Z","url":"https://stackoverflow.com/questions/17831942/serve-pdf-files-using-node-js-express","component":"projection","action":"mouseleave"},{"timestamp":"2022-11-18T00:10:47.341Z","url":"https://stackoverflow.com/questions/49749348/how-to-serve-30gb-of-pdf-filesstatic-from-server-using-node-js-to-angular-fron","component":"projection","action":"mouseenter"},{"timestamp":"2022-11-18T00:10:47.924Z","url":"https://stackoverflow.com/questions/49749348/how-to-serve-30gb-of-pdf-filesstatic-from-server-using-node-js-to-angular-fron","component":"projection","action":"mouseleave"},{"timestamp":"2022-11-18T00:10:47.924Z","url":"https://stackoverflow.com/questions/71936084/express-static-unable-to-send-static-files","component":"projection","action":"mouseenter"},{"timestamp":"2022-11-18T00:10:49.425Z","url":"https://stackoverflow.com/questions/71936084/express-static-unable-to-send-static-files","component":"projection","action":"mouseleave"},{"timestamp":"2022-11-18T00:10:49.426Z","url":"https://stackoverflow.com/questions/44739963/how-do-i-server-static-files-relative-to-subdirectory-index-files-in-express-js","component":"projection","action":"mouseenter"},{"timestamp":"2022-11-18T00:10:54.090Z","url":"https://stackoverflow.com/questions/44739963/how-do-i-server-static-files-relative-to-subdirectory-index-files-in-express-js","component":"page","action":"open"},{"timestamp":"2022-11-18T00:10:54.110Z","url":"https://stackoverflow.com/questions/44739963/how-do-i-server-static-files-relative-to-subdirectory-index-files-in-express-js","component":"projection","action":"mouseleave"},{"timestamp":"2022-11-18T00:10:54.624Z","url":"https://stackoverflow.com/questions/44739963/how-do-i-server-static-files-relative-to-subdirectory-index-files-in-express-js","component":"page","action":"load"},{"timestamp":"2022-11-18T00:10:57.043Z","url":"https://stackoverflow.com/questions/44739963/how-do-i-server-static-files-relative-to-subdirectory-index-files-in-express-js","component":"page","action":"scroll","data":{"viewport":{"x":0,"y":541,"height":914,"width":377},"document":{"height":4950,"width":377},"question":{"identifier":"44739963","top":-346.683349609375,"bottom":1012.13330078125,"right":360.5,"left":16,"width":344.5,"height":1358.816650390625},"answers":[{"identifier":"44741094","top":1092.433349609375,"bottom":2331.1500244140625,"right":360.5,"left":16,"width":344.5,"height":1238.7166748046875}]}},{"timestamp":"2022-11-18T00:11:07.447Z","url":"https://stackoverflow.com/questions/44739963/how-do-i-server-static-files-relative-to-subdirectory-index-files-in-express-js","component":"page","action":"scroll","data":{"viewport":{"x":0,"y":487.76666259765625,"height":914,"width":483},"document":{"height":4499,"width":483},"question":{"identifier":"44739963","top":-346.683349609375,"bottom":897.75,"right":466.5,"left":16,"width":450.5,"height":1244.433349609375},"answers":[{"identifier":"44741094","top":978.0499877929688,"bottom":2088.4833374023438,"right":466.5,"left":16,"width":450.5,"height":1110.433349609375}]}},{"timestamp":"2022-11-18T00:11:20.074Z","url":"https://stackoverflow.com/questions/44739963/how-do-i-server-static-files-relative-to-subdirectory-index-files-in-express-js","component":"page","action":"close"}]},{"keywords":["javascript","static","pdf","server","serve.js"],"context":{"tokens":[{"kind":"library","value":"express"},{"kind":"library","value":"path"},{"kind":"language","value":"javascript"}]},"timestamp":"2022-11-18T00:11:24.642Z","results":[{"signatures":[],"areSignaturesLoading":true,"title":"Express-js can't GET my static files, why? - Stack Overflow","snippet":"I created a folder called asset in root directory of the app and place all these folder inside it. Then in server file added following line: app.use(\"/asset\", ...","url":"https://stackoverflow.com/questions/5924072/express-js-cant-get-my-static-files-why","displayLink":"https://stackoverflow.com › questions › express-js-cant-...","snippetHighlightWords":["directory","server"]},{"signatures":[],"areSignaturesLoading":true,"title":"How to serve 30GB of pdf files(static) from server using node ...","snippet":"A simple way to create a web server and serve your files from that folder, assuming you are in a node.js environment you can create web ...","url":"https://stackoverflow.com/questions/49749348/how-to-serve-30gb-of-pdf-filesstatic-from-server-using-node-js-to-angular-fron","displayLink":"https://stackoverflow.com › questions › how-to-serve-3...","snippetHighlightWords":["way","server","serve","node","js"],"date":"Apr 10, 2018 3 answers"},{"signatures":[],"areSignaturesLoading":true,"title":"serve pdf files using node js & express - Stack Overflow","snippet":"You can use express.static , set it up early in your app: app.use('/pdf', express.static(__dirname + '/pathToPDF'));.","url":"https://stackoverflow.com/questions/17831942/serve-pdf-files-using-node-js-express","displayLink":"https://stackoverflow.com › questions › serve-pdf-files-...","snippetHighlightWords":["express","static","pdf","express","static"],"date":"Jul 24, 2013 1 answer"},{"signatures":[],"areSignaturesLoading":true,"title":"Serve static files and app.get conflict using Express.js","snippet":"Your static file middleware should go first. app.use(express.static(__dirname + '/public')); app.use(express.bodyParser()); app.use(express.","url":"https://stackoverflow.com/questions/16088824/serve-static-files-and-app-get-conflict-using-express-js","displayLink":"https://stackoverflow.com › questions › serve-static-files...","snippetHighlightWords":["static","express","static","express","express"],"date":"Apr 18, 2013 3 answers"},{"signatures":[],"areSignaturesLoading":true,"title":"With Node/Express, how can I serve static files from React for ...","snippet":"It does work when I do the same thing through the server.js file with: app.use(express.static(path.join(__dirname,'portfolio ...","url":"https://stackoverflow.com/questions/60606176/with-node-express-how-can-i-serve-static-files-from-react-for-a-specific-route","displayLink":"https://stackoverflow.com › questions › with-node-expr...","snippetHighlightWords":["server","js","express","static","path"],"date":"Mar 9, 2020"},{"signatures":[],"areSignaturesLoading":true,"title":"What is the issue here in serving static files - node.js","snippet":"Though with a slightly different solution-- what I would recommend, basically changing \"app.use(express.static(path.join(__dirname , \"public\"))) ...","url":"https://stackoverflow.com/questions/67172096/what-is-the-issue-here-in-serving-static-files","displayLink":"https://stackoverflow.com › questions › what-is-the-issu...","snippetHighlightWords":["express","static","path"],"date":"Apr 20, 2021"},{"signatures":[],"areSignaturesLoading":true,"title":"Node.js quick file server (static files over HTTP) - Stack Overflow","snippet":"I believe that it is still bundled with express by default, but indeed exists now in a separate require able module \"serve-static\". – Oleg. Jul 4, 2014 at 14:09.","url":"https://stackoverflow.com/questions/16333790/node-js-quick-file-server-static-files-over-http","displayLink":"https://stackoverflow.com › questions › node-js-quick-f...","snippetHighlightWords":["express","serve","static"]},{"signatures":[],"areSignaturesLoading":true,"title":"Serve out 'static' route with express with redirect and middleware","snippet":"As a concrete example I am using passport and would like to make sure the user is logged in to access that static content. node.js · express · Share.","url":"https://stackoverflow.com/questions/27734164/serve-out-static-route-with-express-with-redirect-and-middleware","displayLink":"https://stackoverflow.com › questions › serve-out-static-...","snippetHighlightWords":["static","node","js","express"]},{"signatures":[],"areSignaturesLoading":true,"title":"Express.js serve static folder at specific url only - Stack Overflow","snippet":"return; }); // adding a first parameter lets you apply the middleware to a route app.use('/manual', express.static('manual')); app.get('*', ...","url":"https://stackoverflow.com/questions/50302508/express-js-serve-static-folder-at-specific-url-only","displayLink":"https://stackoverflow.com › questions › express-js-serve...","snippetHighlightWords":["route","manual","express","static","manual"],"date":"May 12, 2018"},{"signatures":[],"areSignaturesLoading":true,"title":"Express.js just won't serve static files - Stack Overflow","snippet":"This can happen when the current working directory is not what you think it is and hence ./public doesn't resolve to the right path.","url":"https://stackoverflow.com/questions/71451988/express-js-just-wont-serve-static-files","displayLink":"https://stackoverflow.com › questions › express-js-just-...","snippetHighlightWords":["directory","path"],"date":"Mar 12, 2022 1 answer"}],"events":[{"timestamp":"2022-11-18T00:11:25.859Z","url":"https://stackoverflow.com/questions/5924072/express-js-cant-get-my-static-files-why","component":"projection","action":"load","data":{"height":63.5,"width":452.51666259765625,"wc":28,"lc":1}},{"timestamp":"2022-11-18T00:11:25.859Z","url":"https://stackoverflow.com/questions/49749348/how-to-serve-30gb-of-pdf-filesstatic-from-server-using-node-js-to-angular-fron","component":"projection","action":"load","data":{"height":63.5,"width":474.5333251953125,"wc":27,"lc":1}},{"timestamp":"2022-11-18T00:11:25.859Z","url":"https://stackoverflow.com/questions/17831942/serve-pdf-files-using-node-js-express","component":"projection","action":"load","data":{"height":41.5,"width":475.79998779296875,"wc":16,"lc":1}},{"timestamp":"2022-11-18T00:11:25.859Z","url":"https://stackoverflow.com/questions/16088824/serve-static-files-and-app-get-conflict-using-express-js","component":"projection","action":"load","data":{"height":63.5,"width":441.066650390625,"wc":12,"lc":1}},{"timestamp":"2022-11-18T00:11:25.859Z","url":"https://stackoverflow.com/questions/60606176/with-node-express-how-can-i-serve-static-files-from-react-for-a-specific-route","component":"projection","action":"load","data":{"height":41.5,"width":473.6000061035156,"wc":16,"lc":1}},{"timestamp":"2022-11-18T00:11:25.859Z","url":"https://stackoverflow.com/questions/67172096/what-is-the-issue-here-in-serving-static-files","component":"projection","action":"load","data":{"height":63.5,"width":452.933349609375,"wc":16,"lc":1}},{"timestamp":"2022-11-18T00:11:25.859Z","url":"https://stackoverflow.com/questions/16333790/node-js-quick-file-server-static-files-over-http","component":"projection","action":"load","data":{"height":63.5,"width":468.933349609375,"wc":29,"lc":1}},{"timestamp":"2022-11-18T00:11:25.859Z","url":"https://stackoverflow.com/questions/27734164/serve-out-static-route-with-express-with-redirect-and-middleware","component":"projection","action":"load","data":{"height":63.5,"width":456.8666687011719,"wc":29,"lc":1}},{"timestamp":"2022-11-18T00:11:25.859Z","url":"https://stackoverflow.com/questions/50302508/express-js-serve-static-folder-at-specific-url-only","component":"projection","action":"load","data":{"height":63.5,"width":458.1000061035156,"wc":19,"lc":1}},{"timestamp":"2022-11-18T00:11:25.859Z","url":"https://stackoverflow.com/questions/71451988/express-js-just-wont-serve-static-files","component":"projection","action":"load","data":{"height":63.5,"width":463.51666259765625,"wc":24,"lc":1}},{"timestamp":"2022-11-18T00:11:27.035Z","url":"https://stackoverflow.com/questions/5924072/express-js-cant-get-my-static-files-why","component":"projection","action":"loaded","data":"projection 10 of 10"},{"timestamp":"2022-11-18T00:11:27.035Z","url":"https://stackoverflow.com/questions/49749348/how-to-serve-30gb-of-pdf-filesstatic-from-server-using-node-js-to-angular-fron","component":"projection","action":"loaded","data":"projection 9 of 10"},{"timestamp":"2022-11-18T00:11:27.035Z","url":"https://stackoverflow.com/questions/17831942/serve-pdf-files-using-node-js-express","component":"projection","action":"loaded","data":"projection 8 of 10"},{"timestamp":"2022-11-18T00:11:27.035Z","url":"https://stackoverflow.com/questions/16088824/serve-static-files-and-app-get-conflict-using-express-js","component":"projection","action":"loaded","data":"projection 7 of 10"},{"timestamp":"2022-11-18T00:11:27.035Z","url":"https://stackoverflow.com/questions/60606176/with-node-express-how-can-i-serve-static-files-from-react-for-a-specific-route","component":"projection","action":"loaded","data":"projection 6 of 10"},{"timestamp":"2022-11-18T00:11:27.035Z","url":"https://stackoverflow.com/questions/67172096/what-is-the-issue-here-in-serving-static-files","component":"projection","action":"loaded","data":"projection 5 of 10"},{"timestamp":"2022-11-18T00:11:27.035Z","url":"https://stackoverflow.com/questions/16333790/node-js-quick-file-server-static-files-over-http","component":"projection","action":"loaded","data":"projection 4 of 10"},{"timestamp":"2022-11-18T00:11:27.035Z","url":"https://stackoverflow.com/questions/27734164/serve-out-static-route-with-express-with-redirect-and-middleware","component":"projection","action":"loaded","data":"projection 3 of 10"},{"timestamp":"2022-11-18T00:11:27.035Z","url":"https://stackoverflow.com/questions/50302508/express-js-serve-static-folder-at-specific-url-only","component":"projection","action":"loaded","data":"projection 2 of 10"},{"timestamp":"2022-11-18T00:11:27.035Z","url":"https://stackoverflow.com/questions/71451988/express-js-just-wont-serve-static-files","component":"projection","action":"loaded","data":"projection 1 of 10"},{"timestamp":"2022-11-18T00:11:32.393Z","url":"https://stackoverflow.com/questions/5924072/express-js-cant-get-my-static-files-why","component":"projection","action":"mouseenter"},{"timestamp":"2022-11-18T00:11:32.943Z","url":"https://stackoverflow.com/questions/5924072/express-js-cant-get-my-static-files-why","component":"page","action":"open"},{"timestamp":"2022-11-18T00:11:32.978Z","url":"https://stackoverflow.com/questions/5924072/express-js-cant-get-my-static-files-why","component":"projection","action":"mouseleave"},{"timestamp":"2022-11-18T00:11:33.622Z","url":"https://stackoverflow.com/questions/5924072/express-js-cant-get-my-static-files-why","component":"page","action":"load"},{"timestamp":"2022-11-18T00:11:46.316Z","url":"https://stackoverflow.com/questions/5924072/express-js-cant-get-my-static-files-why","component":"page","action":"scroll","data":{"viewport":{"x":0,"y":709,"height":914,"width":482},"document":{"height":16572,"width":482},"question":{"identifier":"5924072","top":-598.7666625976562,"bottom":229.01666259765625,"right":465.5,"left":16,"width":449.5,"height":827.7833251953125},"answers":[{"identifier":"5924732","top":309.316650390625,"bottom":1294.699951171875,"right":465.5,"left":16,"width":449.5,"height":985.38330078125},{"identifier":"16111667","top":1294.699951171875,"bottom":2036.6832885742188,"right":465.5,"left":16,"width":449.5,"height":741.9833374023438},{"identifier":"45969423","top":2036.683349609375,"bottom":2289.0166778564453,"right":465.5,"left":16,"width":449.5,"height":252.3333282470703},{"identifier":"11113125","top":2289.0166015625,"bottom":2788.0999450683594,"right":465.5,"left":16,"width":449.5,"height":499.0833435058594},{"identifier":"30441648","top":2788.10009765625,"bottom":3269.8834228515625,"right":465.5,"left":16,"width":449.5,"height":481.7833251953125},{"identifier":"41612594","top":3269.88330078125,"bottom":3947.6166381835938,"right":465.5,"left":16,"width":449.5,"height":677.7333374023438},{"identifier":"41037609","top":3947.61669921875,"bottom":4618.950012207031,"right":465.5,"left":16,"width":449.5,"height":671.3333129882812},{"identifier":"44701932","top":4618.9501953125,"bottom":5500.2835693359375,"right":465.5,"left":16,"width":449.5,"height":881.3333740234375},{"identifier":"45157356","top":5500.283203125,"bottom":5963.5665283203125,"right":465.5,"left":16,"width":449.5,"height":463.2833251953125},{"identifier":"63455688","top":5963.56689453125,"bottom":7666.4002685546875,"right":465.5,"left":16,"width":449.5,"height":1702.8333740234375},{"identifier":"64751708","top":7666.39990234375,"bottom":8258.683227539062,"right":465.5,"left":16,"width":449.5,"height":592.2833251953125},{"identifier":"71275686","top":8258.68359375,"bottom":8757.466918945312,"right":465.5,"left":16,"width":449.5,"height":498.7833251953125},{"identifier":"39292073","top":8757.466796875,"bottom":9040.30014038086,"right":465.5,"left":16,"width":449.5,"height":282.8333435058594},{"identifier":"27735909","top":9040.2998046875,"bottom":9622.883117675781,"right":465.5,"left":16,"width":449.5,"height":582.5833129882812},{"identifier":"50872606","top":9622.8837890625,"bottom":10375.51708984375,"right":465.5,"left":16,"width":449.5,"height":752.63330078125},{"identifier":"68148461","top":10375.5166015625,"bottom":10817.949951171875,"right":465.5,"left":16,"width":449.5,"height":442.433349609375},{"identifier":"73493318","top":10817.9501953125,"bottom":11084.28353881836,"right":465.5,"left":16,"width":449.5,"height":266.3333435058594},{"identifier":"15954743","top":11084.283203125,"bottom":11442.766540527344,"right":465.5,"left":16,"width":449.5,"height":358.48333740234375},{"identifier":"58094098","top":11442.7666015625,"bottom":11928.299926757812,"right":465.5,"left":16,"width":449.5,"height":485.5333251953125},{"identifier":"62011508","top":11928.2998046875,"bottom":12416.833129882812,"right":465.5,"left":16,"width":449.5,"height":488.5333251953125},{"identifier":"72262315","top":12416.8330078125,"bottom":12884.16635131836,"right":465.5,"left":16,"width":449.5,"height":467.3333435058594},{"identifier":"64566032","top":12884.1669921875,"bottom":13508.000305175781,"right":465.5,"left":16,"width":449.5,"height":623.8333129882812}]}},{"timestamp":"2022-11-18T00:11:49.276Z","url":"https://stackoverflow.com/questions/5924072/express-js-cant-get-my-static-files-why","component":"page","action":"scroll","data":{"viewport":{"x":0,"y":958,"height":914,"width":482},"document":{"height":16572,"width":482},"question":{"identifier":"5924072","top":-847.7666625976562,"bottom":-19.98333740234375,"right":465.5,"left":16,"width":449.5,"height":827.7833251953125},"answers":[{"identifier":"5924732","top":60.31666564941406,"bottom":1045.699966430664,"right":465.5,"left":16,"width":449.5,"height":985.38330078125},{"identifier":"16111667","top":1045.699951171875,"bottom":1787.6832885742188,"right":465.5,"left":16,"width":449.5,"height":741.9833374023438},{"identifier":"45969423","top":1787.683349609375,"bottom":2040.0166778564453,"right":465.5,"left":16,"width":449.5,"height":252.3333282470703},{"identifier":"11113125","top":2040.0166015625,"bottom":2539.0999450683594,"right":465.5,"left":16,"width":449.5,"height":499.0833435058594},{"identifier":"30441648","top":2539.10009765625,"bottom":3020.8834228515625,"right":465.5,"left":16,"width":449.5,"height":481.7833251953125},{"identifier":"41612594","top":3020.88330078125,"bottom":3698.6166381835938,"right":465.5,"left":16,"width":449.5,"height":677.7333374023438},{"identifier":"41037609","top":3698.61669921875,"bottom":4369.950012207031,"right":465.5,"left":16,"width":449.5,"height":671.3333129882812},{"identifier":"44701932","top":4369.9501953125,"bottom":5251.2835693359375,"right":465.5,"left":16,"width":449.5,"height":881.3333740234375},{"identifier":"45157356","top":5251.283203125,"bottom":5714.5665283203125,"right":465.5,"left":16,"width":449.5,"height":463.2833251953125},{"identifier":"63455688","top":5714.56689453125,"bottom":7417.4002685546875,"right":465.5,"left":16,"width":449.5,"height":1702.8333740234375},{"identifier":"64751708","top":7417.39990234375,"bottom":8009.6832275390625,"right":465.5,"left":16,"width":449.5,"height":592.2833251953125},{"identifier":"71275686","top":8009.68310546875,"bottom":8508.466430664062,"right":465.5,"left":16,"width":449.5,"height":498.7833251953125},{"identifier":"39292073","top":8508.466796875,"bottom":8791.30014038086,"right":465.5,"left":16,"width":449.5,"height":282.8333435058594},{"identifier":"27735909","top":8791.2998046875,"bottom":9373.883117675781,"right":465.5,"left":16,"width":449.5,"height":582.5833129882812},{"identifier":"50872606","top":9373.8837890625,"bottom":10126.51708984375,"right":465.5,"left":16,"width":449.5,"height":752.63330078125},{"identifier":"68148461","top":10126.5166015625,"bottom":10568.949951171875,"right":465.5,"left":16,"width":449.5,"height":442.433349609375},{"identifier":"73493318","top":10568.9501953125,"bottom":10835.28353881836,"right":465.5,"left":16,"width":449.5,"height":266.3333435058594},{"identifier":"15954743","top":10835.283203125,"bottom":11193.766540527344,"right":465.5,"left":16,"width":449.5,"height":358.48333740234375},{"identifier":"58094098","top":11193.7666015625,"bottom":11679.299926757812,"right":465.5,"left":16,"width":449.5,"height":485.5333251953125},{"identifier":"62011508","top":11679.2998046875,"bottom":12167.833129882812,"right":465.5,"left":16,"width":449.5,"height":488.5333251953125},{"identifier":"72262315","top":12167.8330078125,"bottom":12635.16635131836,"right":465.5,"left":16,"width":449.5,"height":467.3333435058594},{"identifier":"64566032","top":12635.1669921875,"bottom":13259.000305175781,"right":465.5,"left":16,"width":449.5,"height":623.8333129882812}]}},{"timestamp":"2022-11-18T00:12:04.328Z","url":"https://stackoverflow.com/questions/5924072/express-js-cant-get-my-static-files-why","component":"page","action":"scroll","data":{"viewport":{"x":0,"y":1627,"height":914,"width":482},"document":{"height":16572,"width":482},"question":{"identifier":"5924072","top":-1516.7666015625,"bottom":-688.9832763671875,"right":465.5,"left":16,"width":449.5,"height":827.7833251953125},"answers":[{"identifier":"5924732","top":-608.683349609375,"bottom":376.699951171875,"right":465.5,"left":16,"width":449.5,"height":985.38330078125},{"identifier":"16111667","top":376.70001220703125,"bottom":1118.683349609375,"right":465.5,"left":16,"width":449.5,"height":741.9833374023438},{"identifier":"45969423","top":1118.683349609375,"bottom":1371.0166778564453,"right":465.5,"left":16,"width":449.5,"height":252.3333282470703},{"identifier":"11113125","top":1371.0166015625,"bottom":1870.0999450683594,"right":465.5,"left":16,"width":449.5,"height":499.0833435058594},{"identifier":"30441648","top":1870.0999755859375,"bottom":2351.88330078125,"right":465.5,"left":16,"width":449.5,"height":481.7833251953125},{"identifier":"41612594","top":2351.88330078125,"bottom":3029.6166381835938,"right":465.5,"left":16,"width":449.5,"height":677.7333374023438},{"identifier":"41037609","top":3029.61669921875,"bottom":3700.9500122070312,"right":465.5,"left":16,"width":449.5,"height":671.3333129882812},{"identifier":"44701932","top":3700.949951171875,"bottom":4582.2833251953125,"right":465.5,"left":16,"width":449.5,"height":881.3333740234375},{"identifier":"45157356","top":4582.283203125,"bottom":5045.5665283203125,"right":465.5,"left":16,"width":449.5,"height":463.2833251953125},{"identifier":"63455688","top":5045.56689453125,"bottom":6748.4002685546875,"right":465.5,"left":16,"width":449.5,"height":1702.8333740234375},{"identifier":"64751708","top":6748.39990234375,"bottom":7340.6832275390625,"right":465.5,"left":16,"width":449.5,"height":592.2833251953125},{"identifier":"71275686","top":7340.68310546875,"bottom":7839.4664306640625,"right":465.5,"left":16,"width":449.5,"height":498.7833251953125},{"identifier":"39292073","top":7839.466796875,"bottom":8122.300140380859,"right":465.5,"left":16,"width":449.5,"height":282.8333435058594},{"identifier":"27735909","top":8122.2998046875,"bottom":8704.883117675781,"right":465.5,"left":16,"width":449.5,"height":582.5833129882812},{"identifier":"50872606","top":8704.8837890625,"bottom":9457.51708984375,"right":465.5,"left":16,"width":449.5,"height":752.63330078125},{"identifier":"68148461","top":9457.5166015625,"bottom":9899.949951171875,"right":465.5,"left":16,"width":449.5,"height":442.433349609375},{"identifier":"73493318","top":9899.9501953125,"bottom":10166.28353881836,"right":465.5,"left":16,"width":449.5,"height":266.3333435058594},{"identifier":"15954743","top":10166.283203125,"bottom":10524.766540527344,"right":465.5,"left":16,"width":449.5,"height":358.48333740234375},{"identifier":"58094098","top":10524.7666015625,"bottom":11010.299926757812,"right":465.5,"left":16,"width":449.5,"height":485.5333251953125},{"identifier":"62011508","top":11010.2998046875,"bottom":11498.833129882812,"right":465.5,"left":16,"width":449.5,"height":488.5333251953125},{"identifier":"72262315","top":11498.8330078125,"bottom":11966.16635131836,"right":465.5,"left":16,"width":449.5,"height":467.3333435058594},{"identifier":"64566032","top":11966.1669921875,"bottom":12590.000305175781,"right":465.5,"left":16,"width":449.5,"height":623.8333129882812}]}},{"timestamp":"2022-11-18T00:12:09.646Z","url":"https://stackoverflow.com/questions/5924072/express-js-cant-get-my-static-files-why","component":"page","action":"scroll","data":{"viewport":{"x":0,"y":1638,"height":914,"width":482},"document":{"height":16572,"width":482},"question":{"identifier":"5924072","top":-1527.7666015625,"bottom":-699.9832763671875,"right":465.5,"left":16,"width":449.5,"height":827.7833251953125},"answers":[{"identifier":"5924732","top":-619.683349609375,"bottom":365.699951171875,"right":465.5,"left":16,"width":449.5,"height":985.38330078125},{"identifier":"16111667","top":365.70001220703125,"bottom":1107.683349609375,"right":465.5,"left":16,"width":449.5,"height":741.9833374023438},{"identifier":"45969423","top":1107.683349609375,"bottom":1360.0166778564453,"right":465.5,"left":16,"width":449.5,"height":252.3333282470703},{"identifier":"11113125","top":1360.0166015625,"bottom":1859.0999450683594,"right":465.5,"left":16,"width":449.5,"height":499.0833435058594},{"identifier":"30441648","top":1859.0999755859375,"bottom":2340.88330078125,"right":465.5,"left":16,"width":449.5,"height":481.7833251953125},{"identifier":"41612594","top":2340.88330078125,"bottom":3018.6166381835938,"right":465.5,"left":16,"width":449.5,"height":677.7333374023438},{"identifier":"41037609","top":3018.61669921875,"bottom":3689.9500122070312,"right":465.5,"left":16,"width":449.5,"height":671.3333129882812},{"identifier":"44701932","top":3689.949951171875,"bottom":4571.2833251953125,"right":465.5,"left":16,"width":449.5,"height":881.3333740234375},{"identifier":"45157356","top":4571.283203125,"bottom":5034.5665283203125,"right":465.5,"left":16,"width":449.5,"height":463.2833251953125},{"identifier":"63455688","top":5034.56689453125,"bottom":6737.4002685546875,"right":465.5,"left":16,"width":449.5,"height":1702.8333740234375},{"identifier":"64751708","top":6737.39990234375,"bottom":7329.6832275390625,"right":465.5,"left":16,"width":449.5,"height":592.2833251953125},{"identifier":"71275686","top":7329.68310546875,"bottom":7828.4664306640625,"right":465.5,"left":16,"width":449.5,"height":498.7833251953125},{"identifier":"39292073","top":7828.466796875,"bottom":8111.300140380859,"right":465.5,"left":16,"width":449.5,"height":282.8333435058594},{"identifier":"27735909","top":8111.2998046875,"bottom":8693.883117675781,"right":465.5,"left":16,"width":449.5,"height":582.5833129882812},{"identifier":"50872606","top":8693.8837890625,"bottom":9446.51708984375,"right":465.5,"left":16,"width":449.5,"height":752.63330078125},{"identifier":"68148461","top":9446.5166015625,"bottom":9888.949951171875,"right":465.5,"left":16,"width":449.5,"height":442.433349609375},{"identifier":"73493318","top":9888.9501953125,"bottom":10155.28353881836,"right":465.5,"left":16,"width":449.5,"height":266.3333435058594},{"identifier":"15954743","top":10155.283203125,"bottom":10513.766540527344,"right":465.5,"left":16,"width":449.5,"height":358.48333740234375},{"identifier":"58094098","top":10513.7666015625,"bottom":10999.299926757812,"right":465.5,"left":16,"width":449.5,"height":485.5333251953125},{"identifier":"62011508","top":10999.2998046875,"bottom":11487.833129882812,"right":465.5,"left":16,"width":449.5,"height":488.5333251953125},{"identifier":"72262315","top":11487.8330078125,"bottom":11955.16635131836,"right":465.5,"left":16,"width":449.5,"height":467.3333435058594},{"identifier":"64566032","top":11955.1669921875,"bottom":12579.000305175781,"right":465.5,"left":16,"width":449.5,"height":623.8333129882812}]}},{"timestamp":"2022-11-18T00:12:11.561Z","url":"https://stackoverflow.com/questions/5924072/express-js-cant-get-my-static-files-why","component":"page","action":"scroll","data":{"viewport":{"x":0,"y":2090,"height":914,"width":482},"document":{"height":16572,"width":482},"question":{"identifier":"5924072","top":-1979.7666015625,"bottom":-1151.9832763671875,"right":465.5,"left":16,"width":449.5,"height":827.7833251953125},"answers":[{"identifier":"5924732","top":-1071.683349609375,"bottom":-86.300048828125,"right":465.5,"left":16,"width":449.5,"height":985.38330078125},{"identifier":"16111667","top":-86.30000305175781,"bottom":655.6833343505859,"right":465.5,"left":16,"width":449.5,"height":741.9833374023438},{"identifier":"45969423","top":655.683349609375,"bottom":908.0166778564453,"right":465.5,"left":16,"width":449.5,"height":252.3333282470703},{"identifier":"11113125","top":908.0166625976562,"bottom":1407.1000061035156,"right":465.5,"left":16,"width":449.5,"height":499.0833435058594},{"identifier":"30441648","top":1407.0999755859375,"bottom":1888.88330078125,"right":465.5,"left":16,"width":449.5,"height":481.7833251953125},{"identifier":"41612594","top":1888.88330078125,"bottom":2566.6166381835938,"right":465.5,"left":16,"width":449.5,"height":677.7333374023438},{"identifier":"41037609","top":2566.61669921875,"bottom":3237.9500122070312,"right":465.5,"left":16,"width":449.5,"height":671.3333129882812},{"identifier":"44701932","top":3237.949951171875,"bottom":4119.2833251953125,"right":465.5,"left":16,"width":449.5,"height":881.3333740234375},{"identifier":"45157356","top":4119.283203125,"bottom":4582.5665283203125,"right":465.5,"left":16,"width":449.5,"height":463.2833251953125},{"identifier":"63455688","top":4582.56689453125,"bottom":6285.4002685546875,"right":465.5,"left":16,"width":449.5,"height":1702.8333740234375},{"identifier":"64751708","top":6285.39990234375,"bottom":6877.6832275390625,"right":465.5,"left":16,"width":449.5,"height":592.2833251953125},{"identifier":"71275686","top":6877.68310546875,"bottom":7376.4664306640625,"right":465.5,"left":16,"width":449.5,"height":498.7833251953125},{"identifier":"39292073","top":7376.466796875,"bottom":7659.300140380859,"right":465.5,"left":16,"width":449.5,"height":282.8333435058594},{"identifier":"27735909","top":7659.2998046875,"bottom":8241.883117675781,"right":465.5,"left":16,"width":449.5,"height":582.5833129882812},{"identifier":"50872606","top":8241.8837890625,"bottom":8994.51708984375,"right":465.5,"left":16,"width":449.5,"height":752.63330078125},{"identifier":"68148461","top":8994.5166015625,"bottom":9436.949951171875,"right":465.5,"left":16,"width":449.5,"height":442.433349609375},{"identifier":"73493318","top":9436.9501953125,"bottom":9703.28353881836,"right":465.5,"left":16,"width":449.5,"height":266.3333435058594},{"identifier":"15954743","top":9703.283203125,"bottom":10061.766540527344,"right":465.5,"left":16,"width":449.5,"height":358.48333740234375},{"identifier":"58094098","top":10061.7666015625,"bottom":10547.299926757812,"right":465.5,"left":16,"width":449.5,"height":485.5333251953125},{"identifier":"62011508","top":10547.2998046875,"bottom":11035.833129882812,"right":465.5,"left":16,"width":449.5,"height":488.5333251953125},{"identifier":"72262315","top":11035.8330078125,"bottom":11503.16635131836,"right":465.5,"left":16,"width":449.5,"height":467.3333435058594},{"identifier":"64566032","top":11503.1669921875,"bottom":12127.000305175781,"right":465.5,"left":16,"width":449.5,"height":623.8333129882812}]}},{"timestamp":"2022-11-18T00:12:53.158Z","url":"https://stackoverflow.com/questions/5924072/express-js-cant-get-my-static-files-why","component":"page","action":"close"}]},{"keywords":["javascript","static","pdf","server","serve.js"],"context":{"tokens":[{"kind":"language","value":"javascript"}]},"timestamp":"2022-11-18T00:12:53.264Z","results":[{"signatures":[],"areSignaturesLoading":true,"title":"Serving static pdf with react webpack file loader - Stack Overflow","snippet":"Use the webpack file-loader module to process static content during production or development and successfully use PDFs.","url":"https://stackoverflow.com/questions/36643649/serving-static-pdf-with-react-webpack-file-loader","displayLink":"https://stackoverflow.com › questions › serving-static-p...","snippetHighlightWords":["static","PDFs"],"date":"Apr 15, 2016 2 answers"},{"signatures":[],"areSignaturesLoading":true,"title":"serve pdf files using node js & express - Stack Overflow","snippet":"You can use express.static , set it up early in your app: app.use('/pdf', express.static(__dirname + '/pathToPDF'));.","url":"https://stackoverflow.com/questions/17831942/serve-pdf-files-using-node-js-express","displayLink":"https://stackoverflow.com › questions › serve-pdf-files-...","snippetHighlightWords":["static","pdf","static"],"date":"Jul 24, 2013 1 answer"},{"signatures":[],"areSignaturesLoading":true,"title":"Node.js quick file server (static files over HTTP) - Stack Overflow","snippet":"js node throws an error, saying Error: cannot find module filehandler . If I comment out the require ststment to load filehandler the app loads serve-static ...","url":"https://stackoverflow.com/questions/16333790/node-js-quick-file-server-static-files-over-http","displayLink":"https://stackoverflow.com › questions › node-js-quick-f...","snippetHighlightWords":["js","serve","static"]},{"signatures":[],"areSignaturesLoading":true,"title":"generating and serving static files with Meteor - Stack Overflow","snippet":"I want the users to be able to d/l a pdf once I create it, but not be able to d/l any file from that dir. Also, I don't want anyone else to be able to d/l that ...","url":"https://stackoverflow.com/questions/13201723/generating-and-serving-static-files-with-meteor","displayLink":"https://stackoverflow.com › questions › generating-and-...","snippetHighlightWords":["pdf"]},{"signatures":[],"areSignaturesLoading":true,"title":"Serve html dynamically as a static file with Node.js","snippet":"I am trying to serve a directory which includes an index.html file in my Node.js app. The html is for virtual reality and renders with some ...","url":"https://stackoverflow.com/questions/58071857/serve-html-dynamically-as-a-static-file-with-node-js","displayLink":"https://stackoverflow.com › questions › serve-html-dyn...","snippetHighlightWords":["serve","js"],"date":"Sep 24, 2019"},{"signatures":[],"areSignaturesLoading":true,"title":"Serving PDFs in React - Stack Overflow","snippet":"Should I simply link to the files on the other port or send Http requests, or something else? Thank you in advance. javascript · node.js ...","url":"https://stackoverflow.com/questions/61722320/serving-pdfs-in-react","displayLink":"https://stackoverflow.com › questions › serving-pdfs-in...","snippetHighlightWords":["javascript","js"],"date":"May 11, 2020"},{"signatures":[],"areSignaturesLoading":true,"title":"node.js with ssl and static files serving - Stack Overflow","snippet":"static(__dirname + '/public')) the files are being serve from https regular server. some one has tried to do that? //require engines var express = require(' ...","url":"https://stackoverflow.com/questions/43237720/node-js-with-ssl-and-static-files-serving","displayLink":"https://stackoverflow.com › questions › node-js-with-ssl...","snippetHighlightWords":["static","serve","server"]},{"signatures":[],"areSignaturesLoading":true,"title":"Is it possible to serve Static files with create-react-app from ...","snippet":"I was trying to achieve the same idea with a js file. I canot import from outside the /src folder. Is there a way i can access static data from ...","url":"https://stackoverflow.com/questions/53014651/is-it-possible-to-serve-static-files-with-create-react-app-from-public-folder","displayLink":"https://stackoverflow.com › questions › is-it-possible-to...","snippetHighlightWords":["js","static"],"date":"Oct 26, 2018"},{"signatures":[],"areSignaturesLoading":true,"title":"How to serve static HTML files in Nest.js? - Stack Overflow","snippet":"For serving static files you have to use useStaticAssets() instead of setBaseViewsDir() : app.useStaticAssets(join(__dirname, '../.","url":"https://stackoverflow.com/questions/55325062/how-to-serve-static-html-files-in-nest-js","displayLink":"https://stackoverflow.com › questions › how-to-serve-st...","snippetHighlightWords":["serving static","useStaticAssets","useStaticAssets"],"date":"Mar 24, 2019 5 answers"},{"signatures":[],"areSignaturesLoading":true,"title":"Saving a PDF file from a Node.js server to a PhoneGap ...","snippet":"Here is my Node.js server side code to serve up static files. app.get('/file/:name', function (req, res ...","url":"https://stackoverflow.com/questions/26877251/saving-a-pdf-file-from-a-node-js-server-to-a-phonegap-application","displayLink":"https://stackoverflow.com › questions › saving-a-pdf-fil...","snippetHighlightWords":["js server","serve","static"],"date":"Nov 12, 2014"}],"events":[{"timestamp":"2022-11-18T00:12:56.163Z","url":"https://stackoverflow.com/questions/36643649/serving-static-pdf-with-react-webpack-file-loader","component":"projection","action":"load","data":{"height":63.5,"width":472.7833251953125,"wc":17,"lc":1}},{"timestamp":"2022-11-18T00:12:56.163Z","url":"https://stackoverflow.com/questions/17831942/serve-pdf-files-using-node-js-express","component":"projection","action":"load","data":{"height":41.5,"width":473.5,"wc":16,"lc":1}},{"timestamp":"2022-11-18T00:12:56.163Z","url":"https://stackoverflow.com/questions/16333790/node-js-quick-file-server-static-files-over-http","component":"projection","action":"load","data":{"height":63.5,"width":475.23333740234375,"wc":27,"lc":1}},{"timestamp":"2022-11-18T00:12:56.163Z","url":"https://stackoverflow.com/questions/13201723/generating-and-serving-static-files-with-meteor","component":"projection","action":"load","data":{"height":63.5,"width":470,"wc":39,"lc":1}},{"timestamp":"2022-11-18T00:12:56.163Z","url":"https://stackoverflow.com/questions/58071857/serve-html-dynamically-as-a-static-file-with-node-js","component":"projection","action":"load","data":{"height":63.5,"width":477.48333740234375,"wc":27,"lc":1}},{"timestamp":"2022-11-18T00:12:56.163Z","url":"https://stackoverflow.com/questions/61722320/serving-pdfs-in-react","component":"projection","action":"load","data":{"height":63.5,"width":468.8999938964844,"wc":26,"lc":1}},{"timestamp":"2022-11-18T00:12:56.163Z","url":"https://stackoverflow.com/questions/43237720/node-js-with-ssl-and-static-files-serving","component":"projection","action":"load","data":{"height":63.5,"width":461.6166687011719,"wc":26,"lc":1}},{"timestamp":"2022-11-18T00:12:56.163Z","url":"https://stackoverflow.com/questions/53014651/is-it-possible-to-serve-static-files-with-create-react-app-from-public-folder","component":"projection","action":"load","data":{"height":63.5,"width":471.683349609375,"wc":31,"lc":1}},{"timestamp":"2022-11-18T00:12:56.163Z","url":"https://stackoverflow.com/questions/55325062/how-to-serve-static-html-files-in-nest-js","component":"projection","action":"load","data":{"height":63.5,"width":420.433349609375,"wc":15,"lc":1}},{"timestamp":"2022-11-18T00:12:56.163Z","url":"https://stackoverflow.com/questions/26877251/saving-a-pdf-file-from-a-node-js-server-to-a-phonegap-application","component":"projection","action":"load","data":{"height":41.5,"width":458.1499938964844,"wc":17,"lc":1}},{"timestamp":"2022-11-18T00:12:57.341Z","url":"https://stackoverflow.com/questions/36643649/serving-static-pdf-with-react-webpack-file-loader","component":"projection","action":"loaded","data":"projection 10 of 10"},{"timestamp":"2022-11-18T00:12:57.341Z","url":"https://stackoverflow.com/questions/17831942/serve-pdf-files-using-node-js-express","component":"projection","action":"loaded","data":"projection 9 of 10"},{"timestamp":"2022-11-18T00:12:57.341Z","url":"https://stackoverflow.com/questions/16333790/node-js-quick-file-server-static-files-over-http","component":"projection","action":"loaded","data":"projection 8 of 10"},{"timestamp":"2022-11-18T00:12:57.341Z","url":"https://stackoverflow.com/questions/13201723/generating-and-serving-static-files-with-meteor","component":"projection","action":"loaded","data":"projection 7 of 10"},{"timestamp":"2022-11-18T00:12:57.341Z","url":"https://stackoverflow.com/questions/58071857/serve-html-dynamically-as-a-static-file-with-node-js","component":"projection","action":"loaded","data":"projection 6 of 10"},{"timestamp":"2022-11-18T00:12:57.341Z","url":"https://stackoverflow.com/questions/61722320/serving-pdfs-in-react","component":"projection","action":"loaded","data":"projection 5 of 10"},{"timestamp":"2022-11-18T00:12:57.341Z","url":"https://stackoverflow.com/questions/43237720/node-js-with-ssl-and-static-files-serving","component":"projection","action":"loaded","data":"projection 4 of 10"},{"timestamp":"2022-11-18T00:12:57.341Z","url":"https://stackoverflow.com/questions/53014651/is-it-possible-to-serve-static-files-with-create-react-app-from-public-folder","component":"projection","action":"loaded","data":"projection 3 of 10"},{"timestamp":"2022-11-18T00:12:57.341Z","url":"https://stackoverflow.com/questions/55325062/how-to-serve-static-html-files-in-nest-js","component":"projection","action":"loaded","data":"projection 2 of 10"},{"timestamp":"2022-11-18T00:12:57.341Z","url":"https://stackoverflow.com/questions/26877251/saving-a-pdf-file-from-a-node-js-server-to-a-phonegap-application","component":"projection","action":"loaded","data":"projection 1 of 10"}]},{"keywords":["javascript","add","/static","route","to","serve"],"context":{"tokens":[{"kind":"language","value":"javascript"}]},"timestamp":"2022-11-18T00:13:11.442Z","results":[{"signatures":[],"areSignaturesLoading":true,"title":"How to serve static files to different routes in Express?","snippet":"I am creating a site using Express, and when I try to use routes more than one level deep, none of my static files get served.","url":"https://stackoverflow.com/questions/55853857/how-to-serve-static-files-to-different-routes-in-express","displayLink":"https://stackoverflow.com › questions › how-to-serve-st...","snippetHighlightWords":["routes","static","served"],"date":"Apr 25, 2019"},{"signatures":[],"areSignaturesLoading":true,"title":"Serve Static Files on a Dynamic Route using Express","snippet":"I want to serve static files as is commonly done with express.static(static_path) but on a dynamic route as is commonly done with","url":"https://stackoverflow.com/questions/11569181/serve-static-files-on-a-dynamic-route-using-express","displayLink":"https://stackoverflow.com › questions › serve-static-files...","snippetHighlightWords":["serve static","static","static_path","route"],"date":"Jul 19, 2012"},{"signatures":[],"areSignaturesLoading":true,"title":"Express serving static files and routing - Stack Overflow","snippet":"I am using express js My root path is ...","url":"https://stackoverflow.com/questions/42977068/express-serving-static-files-and-routing","displayLink":"https://stackoverflow.com › questions › express-serving...","snippetHighlightWords":["js"],"date":"Mar 23, 2017"},{"signatures":[],"areSignaturesLoading":true,"title":"How to set dynamic route for static files in express","snippet":"How to set dynamic route for static files in express ... Currently, to serve static files im doing something like this: app.use('/', express.static(__dirname + '/ ...","url":"https://stackoverflow.com/questions/32544846/how-to-set-dynamic-route-for-static-files-in-express","displayLink":"https://stackoverflow.com › questions › how-to-set-dyn...","snippetHighlightWords":["set","route","static","serve static","static"]},{"signatures":[],"areSignaturesLoading":true,"title":"Node + Express with static HTML. How to route all requests to ...","snippet":"I am working on a single page web app using Node + Express and Handlebars for templating. Everything currently works well from index.html, which is served from ...","url":"https://stackoverflow.com/questions/26349497/node-express-with-static-html-how-to-route-all-requests-to-index-html","displayLink":"https://stackoverflow.com › questions › node-express-w...","snippetHighlightWords":["served"]},{"signatures":[],"areSignaturesLoading":true,"title":"Serve static files using routes in express.js - Stack Overflow","snippet":"You can create a short little piece of middleware that will process whichever preset names you configure it for. Anything not ...","url":"https://stackoverflow.com/questions/30746824/serve-static-files-using-routes-in-express-js","displayLink":"https://stackoverflow.com › questions › serve-static-files...","snippetHighlightWords":["create"],"date":"Jun 10, 2015"},{"signatures":[],"areSignaturesLoading":true,"title":"how to serve static files with nodejs in multiple routing","snippet":"Its seems that when you make request to any route then it try to fetch that file from that ... app.use(express.static('/public/javascript.","url":"https://stackoverflow.com/questions/36383137/how-to-serve-static-files-with-nodejs-in-multiple-routing","displayLink":"https://stackoverflow.com › questions › how-to-serve-st...","snippetHighlightWords":["route","static","javascript"],"date":"Apr 3, 2016 1 answer"},{"signatures":[],"areSignaturesLoading":true,"title":"How can I serve a static page, and also handle the routing ...","snippet":"try adding a separate route handling the parameters: app.get('/game', (req, res) => { const id = req.query.lobbyID console.log(req.ip + \" wants ...","url":"https://stackoverflow.com/questions/56890820/how-can-i-serve-a-static-page-and-also-handle-the-routing-express","displayLink":"https://stackoverflow.com › questions › how-can-i-serv...","snippetHighlightWords":["adding","route","ip"],"date":"Jul 4, 2019"},{"signatures":[],"areSignaturesLoading":true,"title":"How can I route to / serve static files with page.js and Apache?","snippet":"When routing for images, instead of changing the location, try doing something else with image. Load it via AJAX and append it to some ...","url":"https://stackoverflow.com/questions/28803379/how-can-i-route-to-serve-static-files-with-page-js-and-apache","displayLink":"https://stackoverflow.com › questions › how-can-i-rout...","snippetHighlightWords":["routing","append"],"date":"Mar 2, 2015"},{"signatures":[],"areSignaturesLoading":true,"title":"Add static middleware to serve static files in express","snippet":"jpg . In my server.js file, I added the following middleware at the top: app.use('/ ...","url":"https://stackoverflow.com/questions/62782017/add-static-middleware-to-serve-static-files-in-express","displayLink":"https://stackoverflow.com › questions › add-static-midd...","snippetHighlightWords":["server","js"],"date":"Jul 7, 2020"}],"events":[{"timestamp":"2022-11-18T00:13:16.958Z","url":"https://stackoverflow.com/questions/55853857/how-to-serve-static-files-to-different-routes-in-express","component":"projection","action":"load","data":{"height":41.5,"width":458.76666259765625,"wc":26,"lc":1}},{"timestamp":"2022-11-18T00:13:16.958Z","url":"https://stackoverflow.com/questions/11569181/serve-static-files-on-a-dynamic-route-using-express","component":"projection","action":"load","data":{"height":63.5,"width":459.58331298828125,"wc":22,"lc":1}},{"timestamp":"2022-11-18T00:13:16.958Z","url":"https://stackoverflow.com/questions/42977068/express-serving-static-files-and-routing","component":"projection","action":"load","data":{"height":19.5,"width":248.34999084472656,"wc":10,"lc":1}},{"timestamp":"2022-11-18T00:13:16.959Z","url":"https://stackoverflow.com/questions/32544846/how-to-set-dynamic-route-for-static-files-in-express","component":"projection","action":"load","data":{"height":63.5,"width":463.08331298828125,"wc":26,"lc":1}},{"timestamp":"2022-11-18T00:13:16.959Z","url":"https://stackoverflow.com/questions/26349497/node-express-with-static-html-how-to-route-all-requests-to-index-html","component":"projection","action":"load","data":{"height":63.5,"width":423.6166687011719,"wc":28,"lc":1}},{"timestamp":"2022-11-18T00:13:16.959Z","url":"https://stackoverflow.com/questions/30746824/serve-static-files-using-routes-in-express-js","component":"projection","action":"load","data":{"height":41.5,"width":467.58331298828125,"wc":22,"lc":1}},{"timestamp":"2022-11-18T00:13:16.959Z","url":"https://stackoverflow.com/questions/36383137/how-to-serve-static-files-with-nodejs-in-multiple-routing","component":"projection","action":"load","data":{"height":63.5,"width":445.2166748046875,"wc":21,"lc":1}},{"timestamp":"2022-11-18T00:13:16.959Z","url":"https://stackoverflow.com/questions/56890820/how-can-i-serve-a-static-page-and-also-handle-the-routing-express","component":"projection","action":"load","data":{"height":63.5,"width":433.73333740234375,"wc":22,"lc":1}},{"timestamp":"2022-11-18T00:13:16.959Z","url":"https://stackoverflow.com/questions/28803379/how-can-i-route-to-serve-static-files-with-page-js-and-apache","component":"projection","action":"load","data":{"height":63.5,"width":477.45001220703125,"wc":25,"lc":1}},{"timestamp":"2022-11-18T00:13:16.959Z","url":"https://stackoverflow.com/questions/62782017/add-static-middleware-to-serve-static-files-in-express","component":"projection","action":"load","data":{"height":41.5,"width":464.58331298828125,"wc":16,"lc":1}},{"timestamp":"2022-11-18T00:13:16.965Z","url":"https://stackoverflow.com/questions/11569181/serve-static-files-on-a-dynamic-route-using-express","component":"projection","action":"mouseenter"},{"timestamp":"2022-11-18T00:13:18.132Z","url":"https://stackoverflow.com/questions/55853857/how-to-serve-static-files-to-different-routes-in-express","component":"projection","action":"loaded","data":"projection 10 of 10"},{"timestamp":"2022-11-18T00:13:18.132Z","url":"https://stackoverflow.com/questions/11569181/serve-static-files-on-a-dynamic-route-using-express","component":"projection","action":"loaded","data":"projection 9 of 10"},{"timestamp":"2022-11-18T00:13:18.132Z","url":"https://stackoverflow.com/questions/42977068/express-serving-static-files-and-routing","component":"projection","action":"loaded","data":"projection 8 of 10"},{"timestamp":"2022-11-18T00:13:18.133Z","url":"https://stackoverflow.com/questions/32544846/how-to-set-dynamic-route-for-static-files-in-express","component":"projection","action":"loaded","data":"projection 7 of 10"},{"timestamp":"2022-11-18T00:13:18.133Z","url":"https://stackoverflow.com/questions/26349497/node-express-with-static-html-how-to-route-all-requests-to-index-html","component":"projection","action":"loaded","data":"projection 6 of 10"},{"timestamp":"2022-11-18T00:13:18.133Z","url":"https://stackoverflow.com/questions/30746824/serve-static-files-using-routes-in-express-js","component":"projection","action":"loaded","data":"projection 5 of 10"},{"timestamp":"2022-11-18T00:13:18.133Z","url":"https://stackoverflow.com/questions/36383137/how-to-serve-static-files-with-nodejs-in-multiple-routing","component":"projection","action":"loaded","data":"projection 4 of 10"},{"timestamp":"2022-11-18T00:13:18.133Z","url":"https://stackoverflow.com/questions/56890820/how-can-i-serve-a-static-page-and-also-handle-the-routing-express","component":"projection","action":"loaded","data":"projection 3 of 10"},{"timestamp":"2022-11-18T00:13:18.133Z","url":"https://stackoverflow.com/questions/28803379/how-can-i-route-to-serve-static-files-with-page-js-and-apache","component":"projection","action":"loaded","data":"projection 2 of 10"},{"timestamp":"2022-11-18T00:13:18.133Z","url":"https://stackoverflow.com/questions/62782017/add-static-middleware-to-serve-static-files-in-express","component":"projection","action":"loaded","data":"projection 1 of 10"},{"timestamp":"2022-11-18T00:13:18.496Z","url":"https://stackoverflow.com/questions/11569181/serve-static-files-on-a-dynamic-route-using-express","component":"projection","action":"mouseleave"},{"timestamp":"2022-11-18T00:13:18.500Z","url":"https://stackoverflow.com/questions/55853857/how-to-serve-static-files-to-different-routes-in-express","component":"projection","action":"mouseenter"},{"timestamp":"2022-11-18T00:13:19.793Z","url":"https://stackoverflow.com/questions/55853857/how-to-serve-static-files-to-different-routes-in-express","component":"page","action":"open"},{"timestamp":"2022-11-18T00:13:19.832Z","url":"https://stackoverflow.com/questions/55853857/how-to-serve-static-files-to-different-routes-in-express","component":"projection","action":"mouseleave"},{"timestamp":"2022-11-18T00:13:20.339Z","url":"https://stackoverflow.com/questions/55853857/how-to-serve-static-files-to-different-routes-in-express","component":"page","action":"load"},{"timestamp":"2022-11-18T00:13:29.862Z","url":"https://stackoverflow.com/questions/55853857/how-to-serve-static-files-to-different-routes-in-express","component":"page","action":"scroll","data":{"viewport":{"x":0,"y":1121,"height":914,"width":482},"document":{"height":3959,"width":482},"question":{"identifier":"55853857","top":-979.9166870117188,"bottom":456.71661376953125,"right":465.5,"left":16,"width":449.5,"height":1436.63330078125},"answers":[{"identifier":"55854598","top":537.0166625976562,"bottom":968.3500061035156,"right":465.5,"left":16,"width":449.5,"height":431.3333435058594}]}},{"timestamp":"2022-11-18T00:13:31.382Z","url":"https://stackoverflow.com/questions/55853857/how-to-serve-static-files-to-different-routes-in-express","component":"page","action":"scroll","data":{"viewport":{"x":0,"y":1462,"height":914,"width":482},"document":{"height":3959,"width":482},"question":{"identifier":"55853857","top":-1320.9166259765625,"bottom":115.7166748046875,"right":465.5,"left":16,"width":449.5,"height":1436.63330078125},"answers":[{"identifier":"55854598","top":196.01666259765625,"bottom":627.3500061035156,"right":465.5,"left":16,"width":449.5,"height":431.3333435058594}]}},{"timestamp":"2022-11-18T00:13:34.347Z","url":"https://stackoverflow.com/questions/55853857/how-to-serve-static-files-to-different-routes-in-express","component":"page","action":"scroll","data":{"viewport":{"x":0,"y":1515,"height":914,"width":482},"document":{"height":3959,"width":482},"question":{"identifier":"55853857","top":-1373.9166259765625,"bottom":62.7166748046875,"right":465.5,"left":16,"width":449.5,"height":1436.63330078125},"answers":[{"identifier":"55854598","top":143.01666259765625,"bottom":574.3500061035156,"right":465.5,"left":16,"width":449.5,"height":431.3333435058594}]}},{"timestamp":"2022-11-18T00:13:38.030Z","url":"https://stackoverflow.com/questions/55853857/how-to-serve-static-files-to-different-routes-in-express","component":"page","action":"scroll","data":{"viewport":{"x":0,"y":1077,"height":914,"width":482},"document":{"height":3959,"width":482},"question":{"identifier":"55853857","top":-935.9166870117188,"bottom":500.71661376953125,"right":465.5,"left":16,"width":449.5,"height":1436.63330078125},"answers":[{"identifier":"55854598","top":581.0166625976562,"bottom":1012.3500061035156,"right":465.5,"left":16,"width":449.5,"height":431.3333435058594}]}},{"timestamp":"2022-11-18T00:13:38.392Z","url":"https://stackoverflow.com/questions/55853857/how-to-serve-static-files-to-different-routes-in-express","component":"page","action":"close"},{"timestamp":"2022-11-18T00:13:38.912Z","url":"https://stackoverflow.com/questions/55853857/how-to-serve-static-files-to-different-routes-in-express","component":"projection","action":"mouseenter"},{"timestamp":"2022-11-18T00:13:38.962Z","url":"https://stackoverflow.com/questions/55853857/how-to-serve-static-files-to-different-routes-in-express","component":"projection","action":"mouseleave"},{"timestamp":"2022-11-18T00:13:38.967Z","url":"https://stackoverflow.com/questions/11569181/serve-static-files-on-a-dynamic-route-using-express","component":"projection","action":"mouseenter"},{"timestamp":"2022-11-18T00:13:39.395Z","url":"https://stackoverflow.com/questions/11569181/serve-static-files-on-a-dynamic-route-using-express","component":"projection","action":"mouseleave"},{"timestamp":"2022-11-18T00:13:39.399Z","url":"https://stackoverflow.com/questions/42977068/express-serving-static-files-and-routing","component":"projection","action":"mouseenter"},{"timestamp":"2022-11-18T00:13:40.443Z","url":"https://stackoverflow.com/questions/42977068/express-serving-static-files-and-routing","component":"page","action":"open"},{"timestamp":"2022-11-18T00:13:40.474Z","url":"https://stackoverflow.com/questions/42977068/express-serving-static-files-and-routing","component":"projection","action":"mouseleave"},{"timestamp":"2022-11-18T00:13:40.975Z","url":"https://stackoverflow.com/questions/42977068/express-serving-static-files-and-routing","component":"page","action":"load"},{"timestamp":"2022-11-18T00:13:44.929Z","url":"https://stackoverflow.com/questions/42977068/express-serving-static-files-and-routing","component":"page","action":"scroll","data":{"viewport":{"x":0,"y":391,"height":914,"width":482},"document":{"height":2963,"width":482},"question":{"identifier":"42977068","top":-280.76666259765625,"bottom":213.9666748046875,"right":465.5,"left":16,"width":449.5,"height":494.73333740234375},"answers":[{"identifier":"42977199","top":294.26666259765625,"bottom":626.5,"right":465.5,"left":16,"width":449.5,"height":332.23333740234375}]}},{"timestamp":"2022-11-18T00:13:49.624Z","url":"https://stackoverflow.com/questions/42977068/express-serving-static-files-and-routing","component":"page","action":"copy","data":"app.get('/xyz/api/user', authApi.user);\napp.use('/xyz/',Express.static(path.join(__dirname,'/app')));\n"},{"timestamp":"2022-11-18T00:13:49.813Z","url":"https://stackoverflow.com/questions/42977068/express-serving-static-files-and-routing","component":"page","action":"selection","data":"app.get('/xyz/api/user', authApi.user);\napp.use('/xyz/',Express.static(path.join(__dirname,'/app')));\n"},{"timestamp":"2022-11-18T00:14:59.579Z","url":"https://stackoverflow.com/questions/42977068/express-serving-static-files-and-routing","component":"page","action":"scroll","data":{"viewport":{"x":0,"y":388,"height":914,"width":482},"document":{"height":2963,"width":482},"question":{"identifier":"42977068","top":-277.76666259765625,"bottom":216.9666748046875,"right":465.5,"left":16,"width":449.5,"height":494.73333740234375},"answers":[{"identifier":"42977199","top":297.26666259765625,"bottom":629.5,"right":465.5,"left":16,"width":449.5,"height":332.23333740234375}]}},{"timestamp":"2022-11-18T00:15:00.562Z","url":"https://stackoverflow.com/questions/42977068/express-serving-static-files-and-routing","component":"page","action":"scroll","data":{"viewport":{"x":0,"y":384,"height":914,"width":482},"document":{"height":2963,"width":482},"question":{"identifier":"42977068","top":-273.76666259765625,"bottom":220.9666748046875,"right":465.5,"left":16,"width":449.5,"height":494.73333740234375},"answers":[{"identifier":"42977199","top":301.26666259765625,"bottom":633.5,"right":465.5,"left":16,"width":449.5,"height":332.23333740234375}]}},{"timestamp":"2022-11-18T00:15:01.213Z","url":"https://stackoverflow.com/questions/42977068/express-serving-static-files-and-routing","component":"page","action":"scroll","data":{"viewport":{"x":0,"y":382,"height":914,"width":482},"document":{"height":2963,"width":482},"question":{"identifier":"42977068","top":-271.76666259765625,"bottom":222.9666748046875,"right":465.5,"left":16,"width":449.5,"height":494.73333740234375},"answers":[{"identifier":"42977199","top":303.26666259765625,"bottom":635.5,"right":465.5,"left":16,"width":449.5,"height":332.23333740234375}]}},{"timestamp":"2022-11-18T00:15:04.702Z","url":"https://stackoverflow.com/questions/42977068/express-serving-static-files-and-routing","component":"page","action":"scroll","data":{"viewport":{"x":0,"y":92,"height":914,"width":482},"document":{"height":2963,"width":482},"question":{"identifier":"42977068","top":18.23333740234375,"bottom":512.9666748046875,"right":465.5,"left":16,"width":449.5,"height":494.73333740234375},"answers":[{"identifier":"42977199","top":593.2666625976562,"bottom":925.5,"right":465.5,"left":16,"width":449.5,"height":332.23333740234375}]}},{"timestamp":"2022-11-18T00:15:06.044Z","url":"https://stackoverflow.com/questions/42977068/express-serving-static-files-and-routing","component":"page","action":"scroll","data":{"viewport":{"x":0,"y":58,"height":914,"width":482},"document":{"height":2963,"width":482},"question":{"identifier":"42977068","top":52.23333740234375,"bottom":546.9666748046875,"right":465.5,"left":16,"width":449.5,"height":494.73333740234375},"answers":[{"identifier":"42977199","top":627.2666625976562,"bottom":959.5,"right":465.5,"left":16,"width":449.5,"height":332.23333740234375}]}},{"timestamp":"2022-11-18T00:15:07.077Z","url":"https://stackoverflow.com/questions/42977068/express-serving-static-files-and-routing","component":"page","action":"scroll","data":{"viewport":{"x":0,"y":0,"height":914,"width":482},"document":{"height":2963,"width":482},"question":{"identifier":"42977068","top":110.23333740234375,"bottom":604.9666748046875,"right":465.5,"left":16,"width":449.5,"height":494.73333740234375},"answers":[{"identifier":"42977199","top":685.2666625976562,"bottom":1017.5,"right":465.5,"left":16,"width":449.5,"height":332.23333740234375}]}},{"timestamp":"2022-11-18T00:15:08.394Z","url":"https://stackoverflow.com/questions/42977068/express-serving-static-files-and-routing","component":"page","action":"scroll","data":{"viewport":{"x":0,"y":49,"height":914,"width":482},"document":{"height":2963,"width":482},"question":{"identifier":"42977068","top":61.23333740234375,"bottom":555.9666748046875,"right":465.5,"left":16,"width":449.5,"height":494.73333740234375},"answers":[{"identifier":"42977199","top":636.2666625976562,"bottom":968.5,"right":465.5,"left":16,"width":449.5,"height":332.23333740234375}]}},{"timestamp":"2022-11-18T00:15:38.476Z","url":"https://stackoverflow.com/questions/42977068/express-serving-static-files-and-routing","component":"page","action":"scroll","data":{"viewport":{"x":0,"y":88,"height":914,"width":482},"document":{"height":2963,"width":482},"question":{"identifier":"42977068","top":22.23333740234375,"bottom":516.9666748046875,"right":465.5,"left":16,"width":449.5,"height":494.73333740234375},"answers":[{"identifier":"42977199","top":597.2666625976562,"bottom":929.5,"right":465.5,"left":16,"width":449.5,"height":332.23333740234375}]}},{"timestamp":"2022-11-18T00:16:29.275Z","url":"https://stackoverflow.com/questions/42977068/express-serving-static-files-and-routing","component":"page","action":"scroll","data":{"viewport":{"x":0,"y":118.8499984741211,"height":914,"width":389},"document":{"height":3211,"width":389},"question":{"identifier":"42977068","top":44.616668701171875,"bottom":604.4333190917969,"right":372.5,"left":16,"width":356.5,"height":559.816650390625},"answers":[{"identifier":"42977199","top":684.7333374023438,"bottom":1082.0499877929688,"right":372.5,"left":16,"width":356.5,"height":397.316650390625}]}}]}]}