{"trialId":"29016_3","taskId":"currency","appEvents":[{"timestamp":"2022-11-18T00:03:35.485Z","name":"search","data":"search-start"},{"timestamp":"2022-11-18T00:03:36.703Z","name":"search","data":"search-done"},{"timestamp":"2022-11-18T00:05:10.569Z","name":"search","data":"search-start"},{"timestamp":"2022-11-18T00:05:16.569Z","name":"search-error","data":{"message":"The operation was aborted. "}},{"timestamp":"2022-11-18T00:05:22.606Z","name":"search","data":"search-start"},{"timestamp":"2022-11-18T00:05:23.924Z","name":"search","data":"search-done"}],"searches":[{"keywords":["format","currency"],"context":{"tokens":[{"kind":"language","value":"javascript"}]},"timestamp":"2022-11-18T00:03:35.485Z","results":[{"signatures":[],"areSignaturesLoading":true,"title":"How to format numbers as currency strings - Stack Overflow","url":"https://stackoverflow.com/questions/149055/how-to-format-numbers-as-currency-strings","displayLink":"https://stackoverflow.com › questions › how-to-format-...","date":"Sep 29, 2008","snippet":"All you need is to add the currency symbol (e.g. \"$\" + profits.toFixed(2) ) and you will have your amount in dollars. Custom function. If you ...","snippetHighlightWords":["currency"]},{"signatures":[],"areSignaturesLoading":true,"title":"How to format numbers as currency strings - Stack Overflow","url":"https://stackoverflow.com/questions/149055/how-to-format-numbers-as-currency-strings/5681208","displayLink":"https://stackoverflow.com › questions › how-to-format-...","date":"66 answers","snippet":"I found this from: accounting.js. It's very easy and perfectly fits my need. // Default usage: accounting.formatMoney(12345678); // $12,345,678.00 ...","snippetHighlightWords":["js"]},{"signatures":[],"areSignaturesLoading":true,"title":"How do I print currency format in JavaScript - Stack Overflow","url":"https://stackoverflow.com/questions/4022171/how-do-i-print-currency-format-in-javascript","displayLink":"https://stackoverflow.com › questions › how-do-i-print-...","snippet":"I am writing a function that takes the float price and returns the formatted currency value with currency code too. like fnPrice( 1001.01 ) should print $ ...","snippetHighlightWords":["currency","currency"]},{"signatures":[],"areSignaturesLoading":true,"title":"How to format currency in JavaScript? - Stack Overflow","url":"https://stackoverflow.com/questions/64297528/how-to-format-currency-in-javascript","displayLink":"https://stackoverflow.com › questions › how-to-format-...","date":"Oct 10, 2020","snippet":"I'm beginner in JavaScript and I'm rendering a list that contains some products. The product price format comes as follows: 3800 , 4000 , 11000 ...","snippetHighlightWords":["JavaScript","format"]},{"signatures":[],"areSignaturesLoading":true,"title":"How to format currency and time in javascript - Stack Overflow","url":"https://stackoverflow.com/questions/60689698/how-to-format-currency-and-time-in-javascript","displayLink":"https://stackoverflow.com › questions › how-to-format-...","date":"Mar 15, 2020","snippet":"To format as currency, you can use Intl.NumberFormat either with or without the currency symbol. It can be used via toLocaleString:.","snippetHighlightWords":["format","currency","currency"]},{"signatures":[],"areSignaturesLoading":true,"title":"Proper JS currency format with commas and decimals","url":"https://stackoverflow.com/questions/19664926/proper-js-currency-format-with-commas-and-decimals","displayLink":"https://stackoverflow.com › questions › proper-js-curre...","date":"Oct 29, 2013","snippet":"The value that you get from text fields is of type 'string'. When you do math on simple strings Javascript will automatically coerce them to ...","snippetHighlightWords":["Javascript"]},{"signatures":[],"areSignaturesLoading":true,"title":"Currency format in euro - javascript - Stack Overflow","url":"https://stackoverflow.com/questions/69668216/currency-format-in-euro","displayLink":"https://stackoverflow.com › questions › currency-forma...","snippet":"For your onChange event on the euro currency, you want to remove the . the same way you are removing the , for the dollars, ...","snippetHighlightWords":["currency"],"extensions":["Oct 21, 2021","1 answer"]},{"signatures":[],"areSignaturesLoading":true,"title":"Javascript Function to Format as Money - Stack Overflow","url":"https://stackoverflow.com/questions/40426965/javascript-function-to-format-as-money","displayLink":"https://stackoverflow.com › questions › javascript-funct...","date":"Nov 4, 2016","snippet":"String.prototype.formatMoney = function(places, symbol, thousand, decimal) { if((this).match(/^$/) && (this).indexOf(',') != -1 && (this)."},{"signatures":[],"areSignaturesLoading":true,"title":"Format currency in JavaScript removing .00 - Stack Overflow","url":"https://stackoverflow.com/questions/46235907/format-currency-in-javascript-removing-00","displayLink":"https://stackoverflow.com › questions › format-currenc...","date":"Sep 15, 2017","snippet":"NumberFormat has the more sensible behavior of rounding away from zero as opposed to other JavaScript methods like Math.round . For example, ...","snippetHighlightWords":["JavaScript"]},{"signatures":[],"areSignaturesLoading":true,"title":"Currency formatting using Intl.NumberFormat without currency ...","url":"https://stackoverflow.com/questions/68549027/currency-formatting-using-intl-numberformat-without-currency-symbol","displayLink":"https://stackoverflow.com › questions › currency-forma...","date":"Jul 27, 2021","snippet":"I am trying to use Intl as a default currency formatter and it is almost perfect. ... I find it bizarre that I spend over an hour looking for a ...","snippetHighlightWords":["currency formatter"]}],"events":[{"timestamp":"2022-11-18T00:03:35.527Z","url":"https://stackoverflow.com/questions/149055/how-to-format-numbers-as-currency-strings","component":"projection","action":"load","data":{"height":63.5,"width":353.20001220703125,"wc":27,"lc":1}},{"timestamp":"2022-11-18T00:03:35.527Z","url":"https://stackoverflow.com/questions/149055/how-to-format-numbers-as-currency-strings/5681208","component":"projection","action":"load","data":{"height":63.5,"width":368.8833312988281,"wc":20,"lc":1}},{"timestamp":"2022-11-18T00:03:35.527Z","url":"https://stackoverflow.com/questions/4022171/how-do-i-print-currency-format-in-javascript","component":"projection","action":"load","data":{"height":63.5,"width":362.1166687011719,"wc":28,"lc":1}},{"timestamp":"2022-11-18T00:03:35.527Z","url":"https://stackoverflow.com/questions/64297528/how-to-format-currency-in-javascript","component":"projection","action":"load","data":{"height":63.5,"width":366.7166748046875,"wc":26,"lc":1}},{"timestamp":"2022-11-18T00:03:35.527Z","url":"https://stackoverflow.com/questions/60689698/how-to-format-currency-and-time-in-javascript","component":"projection","action":"load","data":{"height":63.5,"width":349.23333740234375,"wc":21,"lc":1}},{"timestamp":"2022-11-18T00:03:35.527Z","url":"https://stackoverflow.com/questions/19664926/proper-js-currency-format-with-commas-and-decimals","component":"projection","action":"load","data":{"height":63.5,"width":362.8500061035156,"wc":26,"lc":1}},{"timestamp":"2022-11-18T00:03:35.527Z","url":"https://stackoverflow.com/questions/69668216/currency-format-in-euro","component":"projection","action":"load","data":{"height":63.5,"width":367.26666259765625,"wc":26,"lc":1}},{"timestamp":"2022-11-18T00:03:35.528Z","url":"https://stackoverflow.com/questions/40426965/javascript-function-to-format-as-money","component":"projection","action":"load","data":{"height":63.5,"width":352.566650390625,"wc":14,"lc":1}},{"timestamp":"2022-11-18T00:03:35.528Z","url":"https://stackoverflow.com/questions/46235907/format-currency-in-javascript-removing-00","component":"projection","action":"load","data":{"height":63.5,"width":369.20001220703125,"wc":23,"lc":1}},{"timestamp":"2022-11-18T00:03:35.528Z","url":"https://stackoverflow.com/questions/68549027/currency-formatting-using-intl-numberformat-without-currency-symbol","component":"projection","action":"load","data":{"height":63.5,"width":343.6166687011719,"wc":31,"lc":1}},{"timestamp":"2022-11-18T00:03:36.703Z","url":"https://stackoverflow.com/questions/149055/how-to-format-numbers-as-currency-strings","component":"projection","action":"loaded","data":"projection 10 of 10"},{"timestamp":"2022-11-18T00:03:36.703Z","url":"https://stackoverflow.com/questions/149055/how-to-format-numbers-as-currency-strings/5681208","component":"projection","action":"loaded","data":"projection 9 of 10"},{"timestamp":"2022-11-18T00:03:36.703Z","url":"https://stackoverflow.com/questions/4022171/how-do-i-print-currency-format-in-javascript","component":"projection","action":"loaded","data":"projection 8 of 10"},{"timestamp":"2022-11-18T00:03:36.703Z","url":"https://stackoverflow.com/questions/64297528/how-to-format-currency-in-javascript","component":"projection","action":"loaded","data":"projection 7 of 10"},{"timestamp":"2022-11-18T00:03:36.703Z","url":"https://stackoverflow.com/questions/60689698/how-to-format-currency-and-time-in-javascript","component":"projection","action":"loaded","data":"projection 6 of 10"},{"timestamp":"2022-11-18T00:03:36.703Z","url":"https://stackoverflow.com/questions/19664926/proper-js-currency-format-with-commas-and-decimals","component":"projection","action":"loaded","data":"projection 5 of 10"},{"timestamp":"2022-11-18T00:03:36.703Z","url":"https://stackoverflow.com/questions/69668216/currency-format-in-euro","component":"projection","action":"loaded","data":"projection 4 of 10"},{"timestamp":"2022-11-18T00:03:36.703Z","url":"https://stackoverflow.com/questions/40426965/javascript-function-to-format-as-money","component":"projection","action":"loaded","data":"projection 3 of 10"},{"timestamp":"2022-11-18T00:03:36.703Z","url":"https://stackoverflow.com/questions/46235907/format-currency-in-javascript-removing-00","component":"projection","action":"loaded","data":"projection 2 of 10"},{"timestamp":"2022-11-18T00:03:36.703Z","url":"https://stackoverflow.com/questions/68549027/currency-formatting-using-intl-numberformat-without-currency-symbol","component":"projection","action":"loaded","data":"projection 1 of 10"},{"timestamp":"2022-11-18T00:03:39.632Z","url":"https://stackoverflow.com/questions/149055/how-to-format-numbers-as-currency-strings/5681208","component":"projection","action":"mouseenter"},{"timestamp":"2022-11-18T00:03:40.247Z","url":"https://stackoverflow.com/questions/149055/how-to-format-numbers-as-currency-strings/5681208","component":"projection","action":"mouseleave"},{"timestamp":"2022-11-18T00:03:40.248Z","url":"https://stackoverflow.com/questions/4022171/how-do-i-print-currency-format-in-javascript","component":"projection","action":"mouseenter"},{"timestamp":"2022-11-18T00:03:40.280Z","url":"https://stackoverflow.com/questions/4022171/how-do-i-print-currency-format-in-javascript","component":"projection","action":"mouseleave"},{"timestamp":"2022-11-18T00:03:40.282Z","url":"https://stackoverflow.com/questions/64297528/how-to-format-currency-in-javascript","component":"projection","action":"mouseenter"},{"timestamp":"2022-11-18T00:03:40.330Z","url":"https://stackoverflow.com/questions/64297528/how-to-format-currency-in-javascript","component":"projection","action":"mouseleave"},{"timestamp":"2022-11-18T00:03:40.331Z","url":"https://stackoverflow.com/questions/60689698/how-to-format-currency-and-time-in-javascript","component":"projection","action":"mouseenter"},{"timestamp":"2022-11-18T00:03:40.714Z","url":"https://stackoverflow.com/questions/60689698/how-to-format-currency-and-time-in-javascript","component":"projection","action":"mouseleave"},{"timestamp":"2022-11-18T00:03:40.714Z","url":"https://stackoverflow.com/questions/19664926/proper-js-currency-format-with-commas-and-decimals","component":"projection","action":"mouseenter"},{"timestamp":"2022-11-18T00:03:40.780Z","url":"https://stackoverflow.com/questions/19664926/proper-js-currency-format-with-commas-and-decimals","component":"projection","action":"mouseleave"},{"timestamp":"2022-11-18T00:03:40.782Z","url":"https://stackoverflow.com/questions/69668216/currency-format-in-euro","component":"projection","action":"mouseenter"},{"timestamp":"2022-11-18T00:03:40.798Z","url":"https://stackoverflow.com/questions/69668216/currency-format-in-euro","component":"projection","action":"mouseleave"},{"timestamp":"2022-11-18T00:03:42.481Z","url":"https://stackoverflow.com/questions/69668216/currency-format-in-euro","component":"projection","action":"mouseenter"},{"timestamp":"2022-11-18T00:03:42.630Z","url":"https://stackoverflow.com/questions/69668216/currency-format-in-euro","component":"projection","action":"mouseleave"},{"timestamp":"2022-11-18T00:03:42.632Z","url":"https://stackoverflow.com/questions/19664926/proper-js-currency-format-with-commas-and-decimals","component":"projection","action":"mouseenter"},{"timestamp":"2022-11-18T00:03:42.680Z","url":"https://stackoverflow.com/questions/19664926/proper-js-currency-format-with-commas-and-decimals","component":"projection","action":"mouseleave"},{"timestamp":"2022-11-18T00:03:42.681Z","url":"https://stackoverflow.com/questions/60689698/how-to-format-currency-and-time-in-javascript","component":"projection","action":"mouseenter"},{"timestamp":"2022-11-18T00:03:42.730Z","url":"https://stackoverflow.com/questions/60689698/how-to-format-currency-and-time-in-javascript","component":"projection","action":"mouseleave"},{"timestamp":"2022-11-18T00:03:42.731Z","url":"https://stackoverflow.com/questions/64297528/how-to-format-currency-in-javascript","component":"projection","action":"mouseenter"},{"timestamp":"2022-11-18T00:03:43.030Z","url":"https://stackoverflow.com/questions/64297528/how-to-format-currency-in-javascript","component":"projection","action":"mouseleave"},{"timestamp":"2022-11-18T00:03:43.031Z","url":"https://stackoverflow.com/questions/4022171/how-do-i-print-currency-format-in-javascript","component":"projection","action":"mouseenter"},{"timestamp":"2022-11-18T00:03:43.064Z","url":"https://stackoverflow.com/questions/4022171/how-do-i-print-currency-format-in-javascript","component":"projection","action":"mouseleave"},{"timestamp":"2022-11-18T00:03:43.066Z","url":"https://stackoverflow.com/questions/149055/how-to-format-numbers-as-currency-strings/5681208","component":"projection","action":"mouseenter"},{"timestamp":"2022-11-18T00:03:43.380Z","url":"https://stackoverflow.com/questions/149055/how-to-format-numbers-as-currency-strings/5681208","component":"projection","action":"mouseleave"},{"timestamp":"2022-11-18T00:03:43.382Z","url":"https://stackoverflow.com/questions/149055/how-to-format-numbers-as-currency-strings","component":"projection","action":"mouseenter"},{"timestamp":"2022-11-18T00:03:44.522Z","url":"https://stackoverflow.com/questions/149055/how-to-format-numbers-as-currency-strings","component":"page","action":"open"},{"timestamp":"2022-11-18T00:03:44.542Z","url":"https://stackoverflow.com/questions/149055/how-to-format-numbers-as-currency-strings","component":"projection","action":"mouseleave"},{"timestamp":"2022-11-18T00:03:45.450Z","url":"https://stackoverflow.com/questions/149055/how-to-format-numbers-as-currency-strings","component":"page","action":"load"},{"timestamp":"2022-11-18T00:03:53.591Z","url":"https://stackoverflow.com/questions/149055/how-to-format-numbers-as-currency-strings","component":"page","action":"scroll","data":{"viewport":{"x":0,"y":1287,"height":914,"width":377},"document":{"height":41071,"width":377},"question":{"identifier":"149055","top":-1123.5333251953125,"bottom":110.433349609375,"right":360.5,"left":16,"width":344.5,"height":1233.9666748046875},"answers":[{"identifier":"16233919","top":227.73333740234375,"bottom":2637.1832885742188,"right":360.5,"left":16,"width":344.5,"height":2409.449951171875},{"identifier":"149099","top":2637.183349609375,"bottom":5696.38330078125,"right":360.5,"left":16,"width":344.5,"height":3059.199951171875},{"identifier":"14428340","top":5696.38330078125,"bottom":8300.75,"right":360.5,"left":16,"width":344.5,"height":2604.36669921875},{"identifier":"149107","top":8300.75,"bottom":10123.800048828125,"right":360.5,"left":16,"width":344.5,"height":1823.050048828125},{"identifier":"2866613","top":10123.7998046875,"bottom":12292.516357421875,"right":360.5,"left":16,"width":344.5,"height":2168.716552734375},{"identifier":"26745078","top":12292.5166015625,"bottom":13173.88330078125,"right":360.5,"left":16,"width":344.5,"height":881.36669921875},{"identifier":"7266497","top":13173.8837890625,"bottom":13943.050476074219,"right":360.5,"left":16,"width":344.5,"height":769.1666870117188},{"identifier":"9318724","top":13943.0498046875,"bottom":15017.016479492188,"right":360.5,"left":16,"width":344.5,"height":1073.9666748046875},{"identifier":"5342097","top":15017.0166015625,"bottom":16068.483276367188,"right":360.5,"left":16,"width":344.5,"height":1051.4666748046875},{"identifier":"18994850","top":16068.4833984375,"bottom":17246.650024414062,"right":360.5,"left":16,"width":344.5,"height":1178.1666259765625},{"identifier":"9318723","top":17246.650390625,"bottom":17802.117065429688,"right":360.5,"left":16,"width":344.5,"height":555.4666748046875},{"identifier":"68536579","top":17802.1171875,"bottom":18341.48388671875,"right":360.5,"left":16,"width":344.5,"height":539.36669921875},{"identifier":"149150","top":18341.482421875,"bottom":19251.84912109375,"right":360.5,"left":16,"width":344.5,"height":910.36669921875},{"identifier":"12698339","top":19251.849609375,"bottom":19925.116271972656,"right":360.5,"left":16,"width":344.5,"height":673.2666625976562},{"identifier":"40079019","top":19925.1171875,"bottom":21769.98388671875,"right":360.5,"left":16,"width":344.5,"height":1844.86669921875},{"identifier":"6787083","top":21769.982421875,"bottom":22537.249084472656,"right":360.5,"left":16,"width":344.5,"height":767.2666625976562},{"identifier":"6715476","top":22537.25,"bottom":23356.466674804688,"right":360.5,"left":16,"width":344.5,"height":819.2166748046875},{"identifier":"8726353","top":23356.466796875,"bottom":23888.533447265625,"right":360.5,"left":16,"width":344.5,"height":532.066650390625},{"identifier":"11270819","top":23888.533203125,"bottom":25295.39990234375,"right":360.5,"left":16,"width":344.5,"height":1406.86669921875},{"identifier":"149080","top":25295.400390625,"bottom":26134.667053222656,"right":360.5,"left":16,"width":344.5,"height":839.2666625976562},{"identifier":"60877747","top":26134.666015625,"bottom":26657.066040039062,"right":360.5,"left":16,"width":344.5,"height":522.4000244140625},{"identifier":"1323064","top":26657.06640625,"bottom":28423.8330078125,"right":360.5,"left":16,"width":344.5,"height":1766.7666015625},{"identifier":"10168573","top":28423.833984375,"bottom":29189.100646972656,"right":360.5,"left":16,"width":344.5,"height":765.2666625976562},{"identifier":"9327950","top":29189.099609375,"bottom":29736.666259765625,"right":360.5,"left":16,"width":344.5,"height":547.566650390625},{"identifier":"149120","top":29736.666015625,"bottom":30393.932678222656,"right":360.5,"left":16,"width":344.5,"height":657.2666625976562},{"identifier":"12698442","top":30393.93359375,"bottom":30851.900268554688,"right":360.5,"left":16,"width":344.5,"height":457.9666748046875},{"identifier":"3284302","top":30851.900390625,"bottom":32020.967041015625,"right":360.5,"left":16,"width":344.5,"height":1169.066650390625},{"identifier":"14735423","top":32020.966796875,"bottom":32966.93347167969,"right":360.5,"left":16,"width":344.5,"height":945.9666748046875},{"identifier":"54274936","top":32966.93359375,"bottom":33444.10028076172,"right":360.5,"left":16,"width":344.5,"height":477.16668701171875},{"identifier":"23717185","top":33444.1015625,"bottom":37363.3349609375,"right":360.5,"left":16,"width":344.5,"height":3919.2333984375}]}},{"timestamp":"2022-11-18T00:03:54.408Z","url":"https://stackoverflow.com/questions/149055/how-to-format-numbers-as-currency-strings","component":"page","action":"scroll","data":{"viewport":{"x":0,"y":1361,"height":914,"width":377},"document":{"height":41071,"width":377},"question":{"identifier":"149055","top":-1197.5333251953125,"bottom":36.433349609375,"right":360.5,"left":16,"width":344.5,"height":1233.9666748046875},"answers":[{"identifier":"16233919","top":153.73333740234375,"bottom":2563.1832885742188,"right":360.5,"left":16,"width":344.5,"height":2409.449951171875},{"identifier":"149099","top":2563.183349609375,"bottom":5622.38330078125,"right":360.5,"left":16,"width":344.5,"height":3059.199951171875},{"identifier":"14428340","top":5622.38330078125,"bottom":8226.75,"right":360.5,"left":16,"width":344.5,"height":2604.36669921875},{"identifier":"149107","top":8226.75,"bottom":10049.800048828125,"right":360.5,"left":16,"width":344.5,"height":1823.050048828125},{"identifier":"2866613","top":10049.7998046875,"bottom":12218.516357421875,"right":360.5,"left":16,"width":344.5,"height":2168.716552734375},{"identifier":"26745078","top":12218.5166015625,"bottom":13099.88330078125,"right":360.5,"left":16,"width":344.5,"height":881.36669921875},{"identifier":"7266497","top":13099.8837890625,"bottom":13869.050476074219,"right":360.5,"left":16,"width":344.5,"height":769.1666870117188},{"identifier":"9318724","top":13869.0498046875,"bottom":14943.016479492188,"right":360.5,"left":16,"width":344.5,"height":1073.9666748046875},{"identifier":"5342097","top":14943.0166015625,"bottom":15994.483276367188,"right":360.5,"left":16,"width":344.5,"height":1051.4666748046875},{"identifier":"18994850","top":15994.4833984375,"bottom":17172.650024414062,"right":360.5,"left":16,"width":344.5,"height":1178.1666259765625},{"identifier":"9318723","top":17172.650390625,"bottom":17728.117065429688,"right":360.5,"left":16,"width":344.5,"height":555.4666748046875},{"identifier":"68536579","top":17728.1171875,"bottom":18267.48388671875,"right":360.5,"left":16,"width":344.5,"height":539.36669921875},{"identifier":"149150","top":18267.482421875,"bottom":19177.84912109375,"right":360.5,"left":16,"width":344.5,"height":910.36669921875},{"identifier":"12698339","top":19177.849609375,"bottom":19851.116271972656,"right":360.5,"left":16,"width":344.5,"height":673.2666625976562},{"identifier":"40079019","top":19851.1171875,"bottom":21695.98388671875,"right":360.5,"left":16,"width":344.5,"height":1844.86669921875},{"identifier":"6787083","top":21695.982421875,"bottom":22463.249084472656,"right":360.5,"left":16,"width":344.5,"height":767.2666625976562},{"identifier":"6715476","top":22463.25,"bottom":23282.466674804688,"right":360.5,"left":16,"width":344.5,"height":819.2166748046875},{"identifier":"8726353","top":23282.466796875,"bottom":23814.533447265625,"right":360.5,"left":16,"width":344.5,"height":532.066650390625},{"identifier":"11270819","top":23814.533203125,"bottom":25221.39990234375,"right":360.5,"left":16,"width":344.5,"height":1406.86669921875},{"identifier":"149080","top":25221.400390625,"bottom":26060.667053222656,"right":360.5,"left":16,"width":344.5,"height":839.2666625976562},{"identifier":"60877747","top":26060.666015625,"bottom":26583.066040039062,"right":360.5,"left":16,"width":344.5,"height":522.4000244140625},{"identifier":"1323064","top":26583.06640625,"bottom":28349.8330078125,"right":360.5,"left":16,"width":344.5,"height":1766.7666015625},{"identifier":"10168573","top":28349.833984375,"bottom":29115.100646972656,"right":360.5,"left":16,"width":344.5,"height":765.2666625976562},{"identifier":"9327950","top":29115.099609375,"bottom":29662.666259765625,"right":360.5,"left":16,"width":344.5,"height":547.566650390625},{"identifier":"149120","top":29662.666015625,"bottom":30319.932678222656,"right":360.5,"left":16,"width":344.5,"height":657.2666625976562},{"identifier":"12698442","top":30319.93359375,"bottom":30777.900268554688,"right":360.5,"left":16,"width":344.5,"height":457.9666748046875},{"identifier":"3284302","top":30777.900390625,"bottom":31946.967041015625,"right":360.5,"left":16,"width":344.5,"height":1169.066650390625},{"identifier":"14735423","top":31946.966796875,"bottom":32892.93347167969,"right":360.5,"left":16,"width":344.5,"height":945.9666748046875},{"identifier":"54274936","top":32892.93359375,"bottom":33370.10028076172,"right":360.5,"left":16,"width":344.5,"height":477.16668701171875},{"identifier":"23717185","top":33370.1015625,"bottom":37289.3349609375,"right":360.5,"left":16,"width":344.5,"height":3919.2333984375}]}},{"timestamp":"2022-11-18T00:04:08.161Z","url":"https://stackoverflow.com/questions/149055/how-to-format-numbers-as-currency-strings","component":"page","action":"scroll","data":{"viewport":{"x":0,"y":2142,"height":914,"width":377},"document":{"height":41071,"width":377},"question":{"identifier":"149055","top":-1978.5333251953125,"bottom":-744.566650390625,"right":360.5,"left":16,"width":344.5,"height":1233.9666748046875},"answers":[{"identifier":"16233919","top":-627.2666625976562,"bottom":1782.1832885742188,"right":360.5,"left":16,"width":344.5,"height":2409.449951171875},{"identifier":"149099","top":1782.183349609375,"bottom":4841.38330078125,"right":360.5,"left":16,"width":344.5,"height":3059.199951171875},{"identifier":"14428340","top":4841.38330078125,"bottom":7445.75,"right":360.5,"left":16,"width":344.5,"height":2604.36669921875},{"identifier":"149107","top":7445.75,"bottom":9268.800048828125,"right":360.5,"left":16,"width":344.5,"height":1823.050048828125},{"identifier":"2866613","top":9268.7998046875,"bottom":11437.516357421875,"right":360.5,"left":16,"width":344.5,"height":2168.716552734375},{"identifier":"26745078","top":11437.5166015625,"bottom":12318.88330078125,"right":360.5,"left":16,"width":344.5,"height":881.36669921875},{"identifier":"7266497","top":12318.8837890625,"bottom":13088.050476074219,"right":360.5,"left":16,"width":344.5,"height":769.1666870117188},{"identifier":"9318724","top":13088.0498046875,"bottom":14162.016479492188,"right":360.5,"left":16,"width":344.5,"height":1073.9666748046875},{"identifier":"5342097","top":14162.0166015625,"bottom":15213.483276367188,"right":360.5,"left":16,"width":344.5,"height":1051.4666748046875},{"identifier":"18994850","top":15213.4833984375,"bottom":16391.650024414062,"right":360.5,"left":16,"width":344.5,"height":1178.1666259765625},{"identifier":"9318723","top":16391.650390625,"bottom":16947.117065429688,"right":360.5,"left":16,"width":344.5,"height":555.4666748046875},{"identifier":"68536579","top":16947.1171875,"bottom":17486.48388671875,"right":360.5,"left":16,"width":344.5,"height":539.36669921875},{"identifier":"149150","top":17486.482421875,"bottom":18396.84912109375,"right":360.5,"left":16,"width":344.5,"height":910.36669921875},{"identifier":"12698339","top":18396.849609375,"bottom":19070.116271972656,"right":360.5,"left":16,"width":344.5,"height":673.2666625976562},{"identifier":"40079019","top":19070.1171875,"bottom":20914.98388671875,"right":360.5,"left":16,"width":344.5,"height":1844.86669921875},{"identifier":"6787083","top":20914.982421875,"bottom":21682.249084472656,"right":360.5,"left":16,"width":344.5,"height":767.2666625976562},{"identifier":"6715476","top":21682.25,"bottom":22501.466674804688,"right":360.5,"left":16,"width":344.5,"height":819.2166748046875},{"identifier":"8726353","top":22501.466796875,"bottom":23033.533447265625,"right":360.5,"left":16,"width":344.5,"height":532.066650390625},{"identifier":"11270819","top":23033.533203125,"bottom":24440.39990234375,"right":360.5,"left":16,"width":344.5,"height":1406.86669921875},{"identifier":"149080","top":24440.400390625,"bottom":25279.667053222656,"right":360.5,"left":16,"width":344.5,"height":839.2666625976562},{"identifier":"60877747","top":25279.666015625,"bottom":25802.066040039062,"right":360.5,"left":16,"width":344.5,"height":522.4000244140625},{"identifier":"1323064","top":25802.06640625,"bottom":27568.8330078125,"right":360.5,"left":16,"width":344.5,"height":1766.7666015625},{"identifier":"10168573","top":27568.833984375,"bottom":28334.100646972656,"right":360.5,"left":16,"width":344.5,"height":765.2666625976562},{"identifier":"9327950","top":28334.099609375,"bottom":28881.666259765625,"right":360.5,"left":16,"width":344.5,"height":547.566650390625},{"identifier":"149120","top":28881.666015625,"bottom":29538.932678222656,"right":360.5,"left":16,"width":344.5,"height":657.2666625976562},{"identifier":"12698442","top":29538.93359375,"bottom":29996.900268554688,"right":360.5,"left":16,"width":344.5,"height":457.9666748046875},{"identifier":"3284302","top":29996.900390625,"bottom":31165.967041015625,"right":360.5,"left":16,"width":344.5,"height":1169.066650390625},{"identifier":"14735423","top":31165.966796875,"bottom":32111.933471679688,"right":360.5,"left":16,"width":344.5,"height":945.9666748046875},{"identifier":"54274936","top":32111.93359375,"bottom":32589.10028076172,"right":360.5,"left":16,"width":344.5,"height":477.16668701171875},{"identifier":"23717185","top":32589.099609375,"bottom":36508.3330078125,"right":360.5,"left":16,"width":344.5,"height":3919.2333984375}]}},{"timestamp":"2022-11-18T00:04:12.355Z","url":"https://stackoverflow.com/questions/149055/how-to-format-numbers-as-currency-strings","component":"page","action":"scroll","data":{"viewport":{"x":0,"y":3663,"height":914,"width":377},"document":{"height":41071,"width":377},"question":{"identifier":"149055","top":-3499.533447265625,"bottom":-2265.5667724609375,"right":360.5,"left":16,"width":344.5,"height":1233.9666748046875},"answers":[{"identifier":"16233919","top":-2148.2666015625,"bottom":261.183349609375,"right":360.5,"left":16,"width":344.5,"height":2409.449951171875},{"identifier":"149099","top":261.183349609375,"bottom":3320.38330078125,"right":360.5,"left":16,"width":344.5,"height":3059.199951171875},{"identifier":"14428340","top":3320.38330078125,"bottom":5924.75,"right":360.5,"left":16,"width":344.5,"height":2604.36669921875},{"identifier":"149107","top":5924.75,"bottom":7747.800048828125,"right":360.5,"left":16,"width":344.5,"height":1823.050048828125},{"identifier":"2866613","top":7747.7998046875,"bottom":9916.516357421875,"right":360.5,"left":16,"width":344.5,"height":2168.716552734375},{"identifier":"26745078","top":9916.5166015625,"bottom":10797.88330078125,"right":360.5,"left":16,"width":344.5,"height":881.36669921875},{"identifier":"7266497","top":10797.8837890625,"bottom":11567.050476074219,"right":360.5,"left":16,"width":344.5,"height":769.1666870117188},{"identifier":"9318724","top":11567.0498046875,"bottom":12641.016479492188,"right":360.5,"left":16,"width":344.5,"height":1073.9666748046875},{"identifier":"5342097","top":12641.0166015625,"bottom":13692.483276367188,"right":360.5,"left":16,"width":344.5,"height":1051.4666748046875},{"identifier":"18994850","top":13692.4833984375,"bottom":14870.650024414062,"right":360.5,"left":16,"width":344.5,"height":1178.1666259765625},{"identifier":"9318723","top":14870.650390625,"bottom":15426.117065429688,"right":360.5,"left":16,"width":344.5,"height":555.4666748046875},{"identifier":"68536579","top":15426.1162109375,"bottom":15965.48291015625,"right":360.5,"left":16,"width":344.5,"height":539.36669921875},{"identifier":"149150","top":15965.4833984375,"bottom":16875.85009765625,"right":360.5,"left":16,"width":344.5,"height":910.36669921875},{"identifier":"12698339","top":16875.849609375,"bottom":17549.116271972656,"right":360.5,"left":16,"width":344.5,"height":673.2666625976562},{"identifier":"40079019","top":17549.1171875,"bottom":19393.98388671875,"right":360.5,"left":16,"width":344.5,"height":1844.86669921875},{"identifier":"6787083","top":19393.982421875,"bottom":20161.249084472656,"right":360.5,"left":16,"width":344.5,"height":767.2666625976562},{"identifier":"6715476","top":20161.25,"bottom":20980.466674804688,"right":360.5,"left":16,"width":344.5,"height":819.2166748046875},{"identifier":"8726353","top":20980.466796875,"bottom":21512.533447265625,"right":360.5,"left":16,"width":344.5,"height":532.066650390625},{"identifier":"11270819","top":21512.533203125,"bottom":22919.39990234375,"right":360.5,"left":16,"width":344.5,"height":1406.86669921875},{"identifier":"149080","top":22919.400390625,"bottom":23758.667053222656,"right":360.5,"left":16,"width":344.5,"height":839.2666625976562},{"identifier":"60877747","top":23758.666015625,"bottom":24281.066040039062,"right":360.5,"left":16,"width":344.5,"height":522.4000244140625},{"identifier":"1323064","top":24281.06640625,"bottom":26047.8330078125,"right":360.5,"left":16,"width":344.5,"height":1766.7666015625},{"identifier":"10168573","top":26047.833984375,"bottom":26813.100646972656,"right":360.5,"left":16,"width":344.5,"height":765.2666625976562},{"identifier":"9327950","top":26813.099609375,"bottom":27360.666259765625,"right":360.5,"left":16,"width":344.5,"height":547.566650390625},{"identifier":"149120","top":27360.666015625,"bottom":28017.932678222656,"right":360.5,"left":16,"width":344.5,"height":657.2666625976562},{"identifier":"12698442","top":28017.93359375,"bottom":28475.900268554688,"right":360.5,"left":16,"width":344.5,"height":457.9666748046875},{"identifier":"3284302","top":28475.900390625,"bottom":29644.967041015625,"right":360.5,"left":16,"width":344.5,"height":1169.066650390625},{"identifier":"14735423","top":29644.966796875,"bottom":30590.933471679688,"right":360.5,"left":16,"width":344.5,"height":945.9666748046875},{"identifier":"54274936","top":30590.93359375,"bottom":31068.10028076172,"right":360.5,"left":16,"width":344.5,"height":477.16668701171875},{"identifier":"23717185","top":31068.099609375,"bottom":34987.3330078125,"right":360.5,"left":16,"width":344.5,"height":3919.2333984375}]}},{"timestamp":"2022-11-18T00:04:15.901Z","url":"https://stackoverflow.com/questions/149055/how-to-format-numbers-as-currency-strings","component":"page","action":"scroll","data":{"viewport":{"x":0,"y":4804,"height":914,"width":377},"document":{"height":41071,"width":377},"question":{"identifier":"149055","top":-4640.533203125,"bottom":-3406.5665283203125,"right":360.5,"left":16,"width":344.5,"height":1233.9666748046875},"answers":[{"identifier":"16233919","top":-3289.2666015625,"bottom":-879.816650390625,"right":360.5,"left":16,"width":344.5,"height":2409.449951171875},{"identifier":"149099","top":-879.816650390625,"bottom":2179.38330078125,"right":360.5,"left":16,"width":344.5,"height":3059.199951171875},{"identifier":"14428340","top":2179.38330078125,"bottom":4783.75,"right":360.5,"left":16,"width":344.5,"height":2604.36669921875},{"identifier":"149107","top":4783.75,"bottom":6606.800048828125,"right":360.5,"left":16,"width":344.5,"height":1823.050048828125},{"identifier":"2866613","top":6606.7998046875,"bottom":8775.516357421875,"right":360.5,"left":16,"width":344.5,"height":2168.716552734375},{"identifier":"26745078","top":8775.5166015625,"bottom":9656.88330078125,"right":360.5,"left":16,"width":344.5,"height":881.36669921875},{"identifier":"7266497","top":9656.8837890625,"bottom":10426.050476074219,"right":360.5,"left":16,"width":344.5,"height":769.1666870117188},{"identifier":"9318724","top":10426.0498046875,"bottom":11500.016479492188,"right":360.5,"left":16,"width":344.5,"height":1073.9666748046875},{"identifier":"5342097","top":11500.0166015625,"bottom":12551.483276367188,"right":360.5,"left":16,"width":344.5,"height":1051.4666748046875},{"identifier":"18994850","top":12551.4833984375,"bottom":13729.650024414062,"right":360.5,"left":16,"width":344.5,"height":1178.1666259765625},{"identifier":"9318723","top":13729.650390625,"bottom":14285.117065429688,"right":360.5,"left":16,"width":344.5,"height":555.4666748046875},{"identifier":"68536579","top":14285.1162109375,"bottom":14824.48291015625,"right":360.5,"left":16,"width":344.5,"height":539.36669921875},{"identifier":"149150","top":14824.4833984375,"bottom":15734.85009765625,"right":360.5,"left":16,"width":344.5,"height":910.36669921875},{"identifier":"12698339","top":15734.849609375,"bottom":16408.116271972656,"right":360.5,"left":16,"width":344.5,"height":673.2666625976562},{"identifier":"40079019","top":16408.1171875,"bottom":18252.98388671875,"right":360.5,"left":16,"width":344.5,"height":1844.86669921875},{"identifier":"6787083","top":18252.982421875,"bottom":19020.249084472656,"right":360.5,"left":16,"width":344.5,"height":767.2666625976562},{"identifier":"6715476","top":19020.25,"bottom":19839.466674804688,"right":360.5,"left":16,"width":344.5,"height":819.2166748046875},{"identifier":"8726353","top":19839.466796875,"bottom":20371.533447265625,"right":360.5,"left":16,"width":344.5,"height":532.066650390625},{"identifier":"11270819","top":20371.533203125,"bottom":21778.39990234375,"right":360.5,"left":16,"width":344.5,"height":1406.86669921875},{"identifier":"149080","top":21778.400390625,"bottom":22617.667053222656,"right":360.5,"left":16,"width":344.5,"height":839.2666625976562},{"identifier":"60877747","top":22617.666015625,"bottom":23140.066040039062,"right":360.5,"left":16,"width":344.5,"height":522.4000244140625},{"identifier":"1323064","top":23140.06640625,"bottom":24906.8330078125,"right":360.5,"left":16,"width":344.5,"height":1766.7666015625},{"identifier":"10168573","top":24906.833984375,"bottom":25672.100646972656,"right":360.5,"left":16,"width":344.5,"height":765.2666625976562},{"identifier":"9327950","top":25672.099609375,"bottom":26219.666259765625,"right":360.5,"left":16,"width":344.5,"height":547.566650390625},{"identifier":"149120","top":26219.666015625,"bottom":26876.932678222656,"right":360.5,"left":16,"width":344.5,"height":657.2666625976562},{"identifier":"12698442","top":26876.93359375,"bottom":27334.900268554688,"right":360.5,"left":16,"width":344.5,"height":457.9666748046875},{"identifier":"3284302","top":27334.900390625,"bottom":28503.967041015625,"right":360.5,"left":16,"width":344.5,"height":1169.066650390625},{"identifier":"14735423","top":28503.966796875,"bottom":29449.933471679688,"right":360.5,"left":16,"width":344.5,"height":945.9666748046875},{"identifier":"54274936","top":29449.93359375,"bottom":29927.10028076172,"right":360.5,"left":16,"width":344.5,"height":477.16668701171875},{"identifier":"23717185","top":29927.099609375,"bottom":33846.3330078125,"right":360.5,"left":16,"width":344.5,"height":3919.2333984375}]}},{"timestamp":"2022-11-18T00:04:16.455Z","url":"https://stackoverflow.com/questions/149055/how-to-format-numbers-as-currency-strings","component":"page","action":"close"},{"timestamp":"2022-11-18T00:04:17.414Z","url":"https://stackoverflow.com/questions/149055/how-to-format-numbers-as-currency-strings","component":"projection","action":"mouseenter"},{"timestamp":"2022-11-18T00:04:17.482Z","url":"https://stackoverflow.com/questions/149055/how-to-format-numbers-as-currency-strings","component":"projection","action":"mouseleave"},{"timestamp":"2022-11-18T00:04:17.486Z","url":"https://stackoverflow.com/questions/149055/how-to-format-numbers-as-currency-strings/5681208","component":"projection","action":"mouseenter"},{"timestamp":"2022-11-18T00:04:18.823Z","url":"https://stackoverflow.com/questions/149055/how-to-format-numbers-as-currency-strings/5681208","component":"page","action":"open"},{"timestamp":"2022-11-18T00:04:18.849Z","url":"https://stackoverflow.com/questions/149055/how-to-format-numbers-as-currency-strings/5681208","component":"projection","action":"mouseleave"},{"timestamp":"2022-11-18T00:04:19.561Z","url":"https://stackoverflow.com/questions/149055/how-to-format-numbers-as-currency-strings/5681208","component":"page","action":"load"},{"timestamp":"2022-11-18T00:04:23.045Z","url":"https://stackoverflow.com/questions/149055/how-to-format-numbers-as-currency-strings/5681208","component":"page","action":"scroll","data":{"viewport":{"x":0,"y":1251,"height":914,"width":377},"document":{"height":32516,"width":377},"question":{"identifier":"149055","top":-1087.5333251953125,"bottom":146.433349609375,"right":360.5,"left":16,"width":344.5,"height":1233.9666748046875},"answers":[{"identifier":"37626980","top":263.73333740234375,"bottom":1011.1000366210938,"right":360.5,"left":16,"width":344.5,"height":747.36669921875},{"identifier":"8363954","top":1011.0999755859375,"bottom":1554.566650390625,"right":360.5,"left":16,"width":344.5,"height":543.4666748046875},{"identifier":"149126","top":1554.566650390625,"bottom":2980.7332763671875,"right":360.5,"left":16,"width":344.5,"height":1426.1666259765625},{"identifier":"5681208","top":2980.7333984375,"bottom":3490.2000732421875,"right":360.5,"left":16,"width":344.5,"height":509.4666748046875},{"identifier":"149371","top":3490.199951171875,"bottom":4396.966613769531,"right":360.5,"left":16,"width":344.5,"height":906.7666625976562},{"identifier":"30033551","top":4396.966796875,"bottom":5624.1334228515625,"right":360.5,"left":16,"width":344.5,"height":1227.1666259765625},{"identifier":"23747994","top":5624.13330078125,"bottom":6150.0999755859375,"right":360.5,"left":16,"width":344.5,"height":525.9666748046875},{"identifier":"33286686","top":6150.10009765625,"bottom":6792.5667724609375,"right":360.5,"left":16,"width":344.5,"height":642.4666748046875},{"identifier":"58007996","top":6792.56689453125,"bottom":7302.0335693359375,"right":360.5,"left":16,"width":344.5,"height":509.4666748046875},{"identifier":"14339482","top":7302.033203125,"bottom":8842.349853515625,"right":360.5,"left":16,"width":344.5,"height":1540.316650390625},{"identifier":"25755921","top":8842.349609375,"bottom":9455.616271972656,"right":360.5,"left":16,"width":344.5,"height":613.2666625976562},{"identifier":"26506271","top":9455.6162109375,"bottom":10451.582885742188,"right":360.5,"left":16,"width":344.5,"height":995.9666748046875},{"identifier":"18245848","top":10451.5830078125,"bottom":12029.299682617188,"right":360.5,"left":16,"width":344.5,"height":1577.7166748046875},{"identifier":"21255239","top":12029.2998046875,"bottom":12667.566467285156,"right":360.5,"left":16,"width":344.5,"height":638.2666625976562},{"identifier":"24428097","top":12667.56640625,"bottom":13627.533081054688,"right":360.5,"left":16,"width":344.5,"height":959.9666748046875},{"identifier":"39782793","top":13627.533203125,"bottom":14380.999877929688,"right":360.5,"left":16,"width":344.5,"height":753.4666748046875},{"identifier":"5969458","top":14381,"bottom":14899.766662597656,"right":360.5,"left":16,"width":344.5,"height":518.7666625976562},{"identifier":"9318703","top":14899.7666015625,"bottom":15204.233276367188,"right":360.5,"left":16,"width":344.5,"height":304.4666748046875},{"identifier":"14576179","top":15204.2333984375,"bottom":15708.200073242188,"right":360.5,"left":16,"width":344.5,"height":503.9666748046875},{"identifier":"8313159","top":15708.2001953125,"bottom":16206.666870117188,"right":360.5,"left":16,"width":344.5,"height":498.4666748046875},{"identifier":"15538795","top":16206.6669921875,"bottom":17784.633666992188,"right":360.5,"left":16,"width":344.5,"height":1577.9666748046875},{"identifier":"28215542","top":17784.6328125,"bottom":19975.449462890625,"right":360.5,"left":16,"width":344.5,"height":2190.816650390625},{"identifier":"28640113","top":19975.44921875,"bottom":23971.81591796875,"right":360.5,"left":16,"width":344.5,"height":3996.36669921875},{"identifier":"40534670","top":23971.81640625,"bottom":24389.783081054688,"right":360.5,"left":16,"width":344.5,"height":417.9666748046875},{"identifier":"49688690","top":24389.783203125,"bottom":25473.749877929688,"right":360.5,"left":16,"width":344.5,"height":1083.9666748046875},{"identifier":"11264443","top":25473.75,"bottom":26158.61669921875,"right":360.5,"left":16,"width":344.5,"height":684.86669921875},{"identifier":"51597446","top":26158.6171875,"bottom":26821.083862304688,"right":360.5,"left":16,"width":344.5,"height":662.4666748046875},{"identifier":"2919971","top":26821.083984375,"bottom":27396.050659179688,"right":360.5,"left":16,"width":344.5,"height":574.9666748046875},{"identifier":"11335085","top":27396.05078125,"bottom":27917.017456054688,"right":360.5,"left":16,"width":344.5,"height":520.9666748046875},{"identifier":"29471888","top":27917.017578125,"bottom":28918.784240722656,"right":360.5,"left":16,"width":344.5,"height":1001.7666625976562}]}},{"timestamp":"2022-11-18T00:04:26.552Z","url":"https://stackoverflow.com/questions/149055/how-to-format-numbers-as-currency-strings/5681208","component":"page","action":"scroll","data":{"viewport":{"x":0,"y":1337,"height":914,"width":377},"document":{"height":32516,"width":377},"question":{"identifier":"149055","top":-1173.5333251953125,"bottom":60.433349609375,"right":360.5,"left":16,"width":344.5,"height":1233.9666748046875},"answers":[{"identifier":"37626980","top":177.73333740234375,"bottom":925.1000366210938,"right":360.5,"left":16,"width":344.5,"height":747.36669921875},{"identifier":"8363954","top":925.0999755859375,"bottom":1468.566650390625,"right":360.5,"left":16,"width":344.5,"height":543.4666748046875},{"identifier":"149126","top":1468.566650390625,"bottom":2894.7332763671875,"right":360.5,"left":16,"width":344.5,"height":1426.1666259765625},{"identifier":"5681208","top":2894.7333984375,"bottom":3404.2000732421875,"right":360.5,"left":16,"width":344.5,"height":509.4666748046875},{"identifier":"149371","top":3404.199951171875,"bottom":4310.966613769531,"right":360.5,"left":16,"width":344.5,"height":906.7666625976562},{"identifier":"30033551","top":4310.966796875,"bottom":5538.1334228515625,"right":360.5,"left":16,"width":344.5,"height":1227.1666259765625},{"identifier":"23747994","top":5538.13330078125,"bottom":6064.0999755859375,"right":360.5,"left":16,"width":344.5,"height":525.9666748046875},{"identifier":"33286686","top":6064.10009765625,"bottom":6706.5667724609375,"right":360.5,"left":16,"width":344.5,"height":642.4666748046875},{"identifier":"58007996","top":6706.56689453125,"bottom":7216.0335693359375,"right":360.5,"left":16,"width":344.5,"height":509.4666748046875},{"identifier":"14339482","top":7216.033203125,"bottom":8756.349853515625,"right":360.5,"left":16,"width":344.5,"height":1540.316650390625},{"identifier":"25755921","top":8756.349609375,"bottom":9369.616271972656,"right":360.5,"left":16,"width":344.5,"height":613.2666625976562},{"identifier":"26506271","top":9369.6162109375,"bottom":10365.582885742188,"right":360.5,"left":16,"width":344.5,"height":995.9666748046875},{"identifier":"18245848","top":10365.5830078125,"bottom":11943.299682617188,"right":360.5,"left":16,"width":344.5,"height":1577.7166748046875},{"identifier":"21255239","top":11943.2998046875,"bottom":12581.566467285156,"right":360.5,"left":16,"width":344.5,"height":638.2666625976562},{"identifier":"24428097","top":12581.56640625,"bottom":13541.533081054688,"right":360.5,"left":16,"width":344.5,"height":959.9666748046875},{"identifier":"39782793","top":13541.533203125,"bottom":14294.999877929688,"right":360.5,"left":16,"width":344.5,"height":753.4666748046875},{"identifier":"5969458","top":14295,"bottom":14813.766662597656,"right":360.5,"left":16,"width":344.5,"height":518.7666625976562},{"identifier":"9318703","top":14813.7666015625,"bottom":15118.233276367188,"right":360.5,"left":16,"width":344.5,"height":304.4666748046875},{"identifier":"14576179","top":15118.2333984375,"bottom":15622.200073242188,"right":360.5,"left":16,"width":344.5,"height":503.9666748046875},{"identifier":"8313159","top":15622.2001953125,"bottom":16120.666870117188,"right":360.5,"left":16,"width":344.5,"height":498.4666748046875},{"identifier":"15538795","top":16120.6669921875,"bottom":17698.633666992188,"right":360.5,"left":16,"width":344.5,"height":1577.9666748046875},{"identifier":"28215542","top":17698.6328125,"bottom":19889.449462890625,"right":360.5,"left":16,"width":344.5,"height":2190.816650390625},{"identifier":"28640113","top":19889.44921875,"bottom":23885.81591796875,"right":360.5,"left":16,"width":344.5,"height":3996.36669921875},{"identifier":"40534670","top":23885.81640625,"bottom":24303.783081054688,"right":360.5,"left":16,"width":344.5,"height":417.9666748046875},{"identifier":"49688690","top":24303.783203125,"bottom":25387.749877929688,"right":360.5,"left":16,"width":344.5,"height":1083.9666748046875},{"identifier":"11264443","top":25387.75,"bottom":26072.61669921875,"right":360.5,"left":16,"width":344.5,"height":684.86669921875},{"identifier":"51597446","top":26072.6171875,"bottom":26735.083862304688,"right":360.5,"left":16,"width":344.5,"height":662.4666748046875},{"identifier":"2919971","top":26735.083984375,"bottom":27310.050659179688,"right":360.5,"left":16,"width":344.5,"height":574.9666748046875},{"identifier":"11335085","top":27310.05078125,"bottom":27831.017456054688,"right":360.5,"left":16,"width":344.5,"height":520.9666748046875},{"identifier":"29471888","top":27831.017578125,"bottom":28832.784240722656,"right":360.5,"left":16,"width":344.5,"height":1001.7666625976562}]}},{"timestamp":"2022-11-18T00:04:28.862Z","url":"https://stackoverflow.com/questions/149055/how-to-format-numbers-as-currency-strings/5681208","component":"page","action":"scroll","data":{"viewport":{"x":0,"y":1394,"height":914,"width":377},"document":{"height":32516,"width":377},"question":{"identifier":"149055","top":-1230.5333251953125,"bottom":3.433349609375,"right":360.5,"left":16,"width":344.5,"height":1233.9666748046875},"answers":[{"identifier":"37626980","top":120.73333740234375,"bottom":868.1000366210938,"right":360.5,"left":16,"width":344.5,"height":747.36669921875},{"identifier":"8363954","top":868.0999755859375,"bottom":1411.566650390625,"right":360.5,"left":16,"width":344.5,"height":543.4666748046875},{"identifier":"149126","top":1411.566650390625,"bottom":2837.7332763671875,"right":360.5,"left":16,"width":344.5,"height":1426.1666259765625},{"identifier":"5681208","top":2837.7333984375,"bottom":3347.2000732421875,"right":360.5,"left":16,"width":344.5,"height":509.4666748046875},{"identifier":"149371","top":3347.199951171875,"bottom":4253.966613769531,"right":360.5,"left":16,"width":344.5,"height":906.7666625976562},{"identifier":"30033551","top":4253.966796875,"bottom":5481.1334228515625,"right":360.5,"left":16,"width":344.5,"height":1227.1666259765625},{"identifier":"23747994","top":5481.13330078125,"bottom":6007.0999755859375,"right":360.5,"left":16,"width":344.5,"height":525.9666748046875},{"identifier":"33286686","top":6007.10009765625,"bottom":6649.5667724609375,"right":360.5,"left":16,"width":344.5,"height":642.4666748046875},{"identifier":"58007996","top":6649.56689453125,"bottom":7159.0335693359375,"right":360.5,"left":16,"width":344.5,"height":509.4666748046875},{"identifier":"14339482","top":7159.033203125,"bottom":8699.349853515625,"right":360.5,"left":16,"width":344.5,"height":1540.316650390625},{"identifier":"25755921","top":8699.349609375,"bottom":9312.616271972656,"right":360.5,"left":16,"width":344.5,"height":613.2666625976562},{"identifier":"26506271","top":9312.6162109375,"bottom":10308.582885742188,"right":360.5,"left":16,"width":344.5,"height":995.9666748046875},{"identifier":"18245848","top":10308.5830078125,"bottom":11886.299682617188,"right":360.5,"left":16,"width":344.5,"height":1577.7166748046875},{"identifier":"21255239","top":11886.2998046875,"bottom":12524.566467285156,"right":360.5,"left":16,"width":344.5,"height":638.2666625976562},{"identifier":"24428097","top":12524.56640625,"bottom":13484.533081054688,"right":360.5,"left":16,"width":344.5,"height":959.9666748046875},{"identifier":"39782793","top":13484.533203125,"bottom":14237.999877929688,"right":360.5,"left":16,"width":344.5,"height":753.4666748046875},{"identifier":"5969458","top":14238,"bottom":14756.766662597656,"right":360.5,"left":16,"width":344.5,"height":518.7666625976562},{"identifier":"9318703","top":14756.7666015625,"bottom":15061.233276367188,"right":360.5,"left":16,"width":344.5,"height":304.4666748046875},{"identifier":"14576179","top":15061.2333984375,"bottom":15565.200073242188,"right":360.5,"left":16,"width":344.5,"height":503.9666748046875},{"identifier":"8313159","top":15565.2001953125,"bottom":16063.666870117188,"right":360.5,"left":16,"width":344.5,"height":498.4666748046875},{"identifier":"15538795","top":16063.6669921875,"bottom":17641.633666992188,"right":360.5,"left":16,"width":344.5,"height":1577.9666748046875},{"identifier":"28215542","top":17641.6328125,"bottom":19832.449462890625,"right":360.5,"left":16,"width":344.5,"height":2190.816650390625},{"identifier":"28640113","top":19832.44921875,"bottom":23828.81591796875,"right":360.5,"left":16,"width":344.5,"height":3996.36669921875},{"identifier":"40534670","top":23828.81640625,"bottom":24246.783081054688,"right":360.5,"left":16,"width":344.5,"height":417.9666748046875},{"identifier":"49688690","top":24246.783203125,"bottom":25330.749877929688,"right":360.5,"left":16,"width":344.5,"height":1083.9666748046875},{"identifier":"11264443","top":25330.75,"bottom":26015.61669921875,"right":360.5,"left":16,"width":344.5,"height":684.86669921875},{"identifier":"51597446","top":26015.6171875,"bottom":26678.083862304688,"right":360.5,"left":16,"width":344.5,"height":662.4666748046875},{"identifier":"2919971","top":26678.083984375,"bottom":27253.050659179688,"right":360.5,"left":16,"width":344.5,"height":574.9666748046875},{"identifier":"11335085","top":27253.05078125,"bottom":27774.017456054688,"right":360.5,"left":16,"width":344.5,"height":520.9666748046875},{"identifier":"29471888","top":27774.017578125,"bottom":28775.784240722656,"right":360.5,"left":16,"width":344.5,"height":1001.7666625976562}]}},{"timestamp":"2022-11-18T00:04:32.424Z","url":"https://stackoverflow.com/questions/149055/how-to-format-numbers-as-currency-strings/5681208","component":"page","action":"scroll","data":{"viewport":{"x":0,"y":1868,"height":914,"width":377},"document":{"height":32516,"width":377},"question":{"identifier":"149055","top":-1704.5333251953125,"bottom":-470.566650390625,"right":360.5,"left":16,"width":344.5,"height":1233.9666748046875},"answers":[{"identifier":"37626980","top":-353.26666259765625,"bottom":394.10003662109375,"right":360.5,"left":16,"width":344.5,"height":747.36669921875},{"identifier":"8363954","top":394.1000061035156,"bottom":937.5666809082031,"right":360.5,"left":16,"width":344.5,"height":543.4666748046875},{"identifier":"149126","top":937.566650390625,"bottom":2363.7332763671875,"right":360.5,"left":16,"width":344.5,"height":1426.1666259765625},{"identifier":"5681208","top":2363.7333984375,"bottom":2873.2000732421875,"right":360.5,"left":16,"width":344.5,"height":509.4666748046875},{"identifier":"149371","top":2873.199951171875,"bottom":3779.9666137695312,"right":360.5,"left":16,"width":344.5,"height":906.7666625976562},{"identifier":"30033551","top":3779.966552734375,"bottom":5007.1331787109375,"right":360.5,"left":16,"width":344.5,"height":1227.1666259765625},{"identifier":"23747994","top":5007.13330078125,"bottom":5533.0999755859375,"right":360.5,"left":16,"width":344.5,"height":525.9666748046875},{"identifier":"33286686","top":5533.10009765625,"bottom":6175.5667724609375,"right":360.5,"left":16,"width":344.5,"height":642.4666748046875},{"identifier":"58007996","top":6175.56689453125,"bottom":6685.0335693359375,"right":360.5,"left":16,"width":344.5,"height":509.4666748046875},{"identifier":"14339482","top":6685.033203125,"bottom":8225.349853515625,"right":360.5,"left":16,"width":344.5,"height":1540.316650390625},{"identifier":"25755921","top":8225.349609375,"bottom":8838.616271972656,"right":360.5,"left":16,"width":344.5,"height":613.2666625976562},{"identifier":"26506271","top":8838.6162109375,"bottom":9834.582885742188,"right":360.5,"left":16,"width":344.5,"height":995.9666748046875},{"identifier":"18245848","top":9834.5830078125,"bottom":11412.299682617188,"right":360.5,"left":16,"width":344.5,"height":1577.7166748046875},{"identifier":"21255239","top":11412.2998046875,"bottom":12050.566467285156,"right":360.5,"left":16,"width":344.5,"height":638.2666625976562},{"identifier":"24428097","top":12050.56640625,"bottom":13010.533081054688,"right":360.5,"left":16,"width":344.5,"height":959.9666748046875},{"identifier":"39782793","top":13010.533203125,"bottom":13763.999877929688,"right":360.5,"left":16,"width":344.5,"height":753.4666748046875},{"identifier":"5969458","top":13764,"bottom":14282.766662597656,"right":360.5,"left":16,"width":344.5,"height":518.7666625976562},{"identifier":"9318703","top":14282.7666015625,"bottom":14587.233276367188,"right":360.5,"left":16,"width":344.5,"height":304.4666748046875},{"identifier":"14576179","top":14587.2333984375,"bottom":15091.200073242188,"right":360.5,"left":16,"width":344.5,"height":503.9666748046875},{"identifier":"8313159","top":15091.2001953125,"bottom":15589.666870117188,"right":360.5,"left":16,"width":344.5,"height":498.4666748046875},{"identifier":"15538795","top":15589.6669921875,"bottom":17167.633666992188,"right":360.5,"left":16,"width":344.5,"height":1577.9666748046875},{"identifier":"28215542","top":17167.6328125,"bottom":19358.449462890625,"right":360.5,"left":16,"width":344.5,"height":2190.816650390625},{"identifier":"28640113","top":19358.44921875,"bottom":23354.81591796875,"right":360.5,"left":16,"width":344.5,"height":3996.36669921875},{"identifier":"40534670","top":23354.81640625,"bottom":23772.783081054688,"right":360.5,"left":16,"width":344.5,"height":417.9666748046875},{"identifier":"49688690","top":23772.783203125,"bottom":24856.749877929688,"right":360.5,"left":16,"width":344.5,"height":1083.9666748046875},{"identifier":"11264443","top":24856.75,"bottom":25541.61669921875,"right":360.5,"left":16,"width":344.5,"height":684.86669921875},{"identifier":"51597446","top":25541.6171875,"bottom":26204.083862304688,"right":360.5,"left":16,"width":344.5,"height":662.4666748046875},{"identifier":"2919971","top":26204.083984375,"bottom":26779.050659179688,"right":360.5,"left":16,"width":344.5,"height":574.9666748046875},{"identifier":"11335085","top":26779.05078125,"bottom":27300.017456054688,"right":360.5,"left":16,"width":344.5,"height":520.9666748046875},{"identifier":"29471888","top":27300.017578125,"bottom":28301.784240722656,"right":360.5,"left":16,"width":344.5,"height":1001.7666625976562}]}},{"timestamp":"2022-11-18T00:04:33.954Z","url":"https://stackoverflow.com/questions/149055/how-to-format-numbers-as-currency-strings/5681208","component":"page","action":"scroll","data":{"viewport":{"x":0,"y":2361,"height":914,"width":377},"document":{"height":32516,"width":377},"question":{"identifier":"149055","top":-2197.533447265625,"bottom":-963.5667724609375,"right":360.5,"left":16,"width":344.5,"height":1233.9666748046875},"answers":[{"identifier":"37626980","top":-846.2666625976562,"bottom":-98.89996337890625,"right":360.5,"left":16,"width":344.5,"height":747.36669921875},{"identifier":"8363954","top":-98.89999389648438,"bottom":444.5666809082031,"right":360.5,"left":16,"width":344.5,"height":543.4666748046875},{"identifier":"149126","top":444.566650390625,"bottom":1870.7332763671875,"right":360.5,"left":16,"width":344.5,"height":1426.1666259765625},{"identifier":"5681208","top":1870.7333984375,"bottom":2380.2000732421875,"right":360.5,"left":16,"width":344.5,"height":509.4666748046875},{"identifier":"149371","top":2380.199951171875,"bottom":3286.9666137695312,"right":360.5,"left":16,"width":344.5,"height":906.7666625976562},{"identifier":"30033551","top":3286.966552734375,"bottom":4514.1331787109375,"right":360.5,"left":16,"width":344.5,"height":1227.1666259765625},{"identifier":"23747994","top":4514.13330078125,"bottom":5040.0999755859375,"right":360.5,"left":16,"width":344.5,"height":525.9666748046875},{"identifier":"33286686","top":5040.10009765625,"bottom":5682.5667724609375,"right":360.5,"left":16,"width":344.5,"height":642.4666748046875},{"identifier":"58007996","top":5682.56689453125,"bottom":6192.0335693359375,"right":360.5,"left":16,"width":344.5,"height":509.4666748046875},{"identifier":"14339482","top":6192.033203125,"bottom":7732.349853515625,"right":360.5,"left":16,"width":344.5,"height":1540.316650390625},{"identifier":"25755921","top":7732.35009765625,"bottom":8345.616760253906,"right":360.5,"left":16,"width":344.5,"height":613.2666625976562},{"identifier":"26506271","top":8345.6162109375,"bottom":9341.582885742188,"right":360.5,"left":16,"width":344.5,"height":995.9666748046875},{"identifier":"18245848","top":9341.5830078125,"bottom":10919.299682617188,"right":360.5,"left":16,"width":344.5,"height":1577.7166748046875},{"identifier":"21255239","top":10919.2998046875,"bottom":11557.566467285156,"right":360.5,"left":16,"width":344.5,"height":638.2666625976562},{"identifier":"24428097","top":11557.56640625,"bottom":12517.533081054688,"right":360.5,"left":16,"width":344.5,"height":959.9666748046875},{"identifier":"39782793","top":12517.533203125,"bottom":13270.999877929688,"right":360.5,"left":16,"width":344.5,"height":753.4666748046875},{"identifier":"5969458","top":13271,"bottom":13789.766662597656,"right":360.5,"left":16,"width":344.5,"height":518.7666625976562},{"identifier":"9318703","top":13789.7666015625,"bottom":14094.233276367188,"right":360.5,"left":16,"width":344.5,"height":304.4666748046875},{"identifier":"14576179","top":14094.2333984375,"bottom":14598.200073242188,"right":360.5,"left":16,"width":344.5,"height":503.9666748046875},{"identifier":"8313159","top":14598.2001953125,"bottom":15096.666870117188,"right":360.5,"left":16,"width":344.5,"height":498.4666748046875},{"identifier":"15538795","top":15096.6669921875,"bottom":16674.633666992188,"right":360.5,"left":16,"width":344.5,"height":1577.9666748046875},{"identifier":"28215542","top":16674.6328125,"bottom":18865.449462890625,"right":360.5,"left":16,"width":344.5,"height":2190.816650390625},{"identifier":"28640113","top":18865.44921875,"bottom":22861.81591796875,"right":360.5,"left":16,"width":344.5,"height":3996.36669921875},{"identifier":"40534670","top":22861.81640625,"bottom":23279.783081054688,"right":360.5,"left":16,"width":344.5,"height":417.9666748046875},{"identifier":"49688690","top":23279.783203125,"bottom":24363.749877929688,"right":360.5,"left":16,"width":344.5,"height":1083.9666748046875},{"identifier":"11264443","top":24363.75,"bottom":25048.61669921875,"right":360.5,"left":16,"width":344.5,"height":684.86669921875},{"identifier":"51597446","top":25048.6171875,"bottom":25711.083862304688,"right":360.5,"left":16,"width":344.5,"height":662.4666748046875},{"identifier":"2919971","top":25711.083984375,"bottom":26286.050659179688,"right":360.5,"left":16,"width":344.5,"height":574.9666748046875},{"identifier":"11335085","top":26286.05078125,"bottom":26807.017456054688,"right":360.5,"left":16,"width":344.5,"height":520.9666748046875},{"identifier":"29471888","top":26807.017578125,"bottom":27808.784240722656,"right":360.5,"left":16,"width":344.5,"height":1001.7666625976562}]}},{"timestamp":"2022-11-18T00:04:37.749Z","url":"https://stackoverflow.com/questions/149055/how-to-format-numbers-as-currency-strings/5681208","component":"page","action":"scroll","data":{"viewport":{"x":0,"y":4553,"height":914,"width":377},"document":{"height":32516,"width":377},"question":{"identifier":"149055","top":-4389.533203125,"bottom":-3155.5665283203125,"right":360.5,"left":16,"width":344.5,"height":1233.9666748046875},"answers":[{"identifier":"37626980","top":-3038.2666015625,"bottom":-2290.89990234375,"right":360.5,"left":16,"width":344.5,"height":747.36669921875},{"identifier":"8363954","top":-2290.89990234375,"bottom":-1747.4332275390625,"right":360.5,"left":16,"width":344.5,"height":543.4666748046875},{"identifier":"149126","top":-1747.433349609375,"bottom":-321.2667236328125,"right":360.5,"left":16,"width":344.5,"height":1426.1666259765625},{"identifier":"5681208","top":-321.26666259765625,"bottom":188.20001220703125,"right":360.5,"left":16,"width":344.5,"height":509.4666748046875},{"identifier":"149371","top":188.1999969482422,"bottom":1094.9666595458984,"right":360.5,"left":16,"width":344.5,"height":906.7666625976562},{"identifier":"30033551","top":1094.9666748046875,"bottom":2322.13330078125,"right":360.5,"left":16,"width":344.5,"height":1227.1666259765625},{"identifier":"23747994","top":2322.13330078125,"bottom":2848.0999755859375,"right":360.5,"left":16,"width":344.5,"height":525.9666748046875},{"identifier":"33286686","top":2848.10009765625,"bottom":3490.5667724609375,"right":360.5,"left":16,"width":344.5,"height":642.4666748046875},{"identifier":"58007996","top":3490.566650390625,"bottom":4000.0333251953125,"right":360.5,"left":16,"width":344.5,"height":509.4666748046875},{"identifier":"14339482","top":4000.033447265625,"bottom":5540.35009765625,"right":360.5,"left":16,"width":344.5,"height":1540.316650390625},{"identifier":"25755921","top":5540.35009765625,"bottom":6153.616760253906,"right":360.5,"left":16,"width":344.5,"height":613.2666625976562},{"identifier":"26506271","top":6153.61669921875,"bottom":7149.5833740234375,"right":360.5,"left":16,"width":344.5,"height":995.9666748046875},{"identifier":"18245848","top":7149.58349609375,"bottom":8727.300170898438,"right":360.5,"left":16,"width":344.5,"height":1577.7166748046875},{"identifier":"21255239","top":8727.2998046875,"bottom":9365.566467285156,"right":360.5,"left":16,"width":344.5,"height":638.2666625976562},{"identifier":"24428097","top":9365.56640625,"bottom":10325.533081054688,"right":360.5,"left":16,"width":344.5,"height":959.9666748046875},{"identifier":"39782793","top":10325.533203125,"bottom":11078.999877929688,"right":360.5,"left":16,"width":344.5,"height":753.4666748046875},{"identifier":"5969458","top":11079,"bottom":11597.766662597656,"right":360.5,"left":16,"width":344.5,"height":518.7666625976562},{"identifier":"9318703","top":11597.7666015625,"bottom":11902.233276367188,"right":360.5,"left":16,"width":344.5,"height":304.4666748046875},{"identifier":"14576179","top":11902.2333984375,"bottom":12406.200073242188,"right":360.5,"left":16,"width":344.5,"height":503.9666748046875},{"identifier":"8313159","top":12406.2001953125,"bottom":12904.666870117188,"right":360.5,"left":16,"width":344.5,"height":498.4666748046875},{"identifier":"15538795","top":12904.6669921875,"bottom":14482.633666992188,"right":360.5,"left":16,"width":344.5,"height":1577.9666748046875},{"identifier":"28215542","top":14482.6337890625,"bottom":16673.450439453125,"right":360.5,"left":16,"width":344.5,"height":2190.816650390625},{"identifier":"28640113","top":16673.44921875,"bottom":20669.81591796875,"right":360.5,"left":16,"width":344.5,"height":3996.36669921875},{"identifier":"40534670","top":20669.81640625,"bottom":21087.783081054688,"right":360.5,"left":16,"width":344.5,"height":417.9666748046875},{"identifier":"49688690","top":21087.783203125,"bottom":22171.749877929688,"right":360.5,"left":16,"width":344.5,"height":1083.9666748046875},{"identifier":"11264443","top":22171.75,"bottom":22856.61669921875,"right":360.5,"left":16,"width":344.5,"height":684.86669921875},{"identifier":"51597446","top":22856.6171875,"bottom":23519.083862304688,"right":360.5,"left":16,"width":344.5,"height":662.4666748046875},{"identifier":"2919971","top":23519.083984375,"bottom":24094.050659179688,"right":360.5,"left":16,"width":344.5,"height":574.9666748046875},{"identifier":"11335085","top":24094.05078125,"bottom":24615.017456054688,"right":360.5,"left":16,"width":344.5,"height":520.9666748046875},{"identifier":"29471888","top":24615.017578125,"bottom":25616.784240722656,"right":360.5,"left":16,"width":344.5,"height":1001.7666625976562}]}},{"timestamp":"2022-11-18T00:04:52.055Z","url":"https://stackoverflow.com/questions/149055/how-to-format-numbers-as-currency-strings/5681208","component":"page","action":"close"},{"timestamp":"2022-11-18T00:04:55.532Z","url":"https://stackoverflow.com/questions/149055/how-to-format-numbers-as-currency-strings","component":"projection","action":"mouseenter"},{"timestamp":"2022-11-18T00:04:55.682Z","url":"https://stackoverflow.com/questions/149055/how-to-format-numbers-as-currency-strings","component":"projection","action":"mouseleave"},{"timestamp":"2022-11-18T00:04:55.686Z","url":"https://stackoverflow.com/questions/149055/how-to-format-numbers-as-currency-strings/5681208","component":"projection","action":"mouseenter"},{"timestamp":"2022-11-18T00:04:56.565Z","url":"https://stackoverflow.com/questions/149055/how-to-format-numbers-as-currency-strings/5681208","component":"projection","action":"mouseleave"},{"timestamp":"2022-11-18T00:04:56.569Z","url":"https://stackoverflow.com/questions/4022171/how-do-i-print-currency-format-in-javascript","component":"projection","action":"mouseenter"},{"timestamp":"2022-11-18T00:04:56.632Z","url":"https://stackoverflow.com/questions/4022171/how-do-i-print-currency-format-in-javascript","component":"projection","action":"mouseleave"},{"timestamp":"2022-11-18T00:04:56.635Z","url":"https://stackoverflow.com/questions/64297528/how-to-format-currency-in-javascript","component":"projection","action":"mouseenter"},{"timestamp":"2022-11-18T00:04:56.999Z","url":"https://stackoverflow.com/questions/64297528/how-to-format-currency-in-javascript","component":"projection","action":"mouseleave"},{"timestamp":"2022-11-18T00:04:57.002Z","url":"https://stackoverflow.com/questions/60689698/how-to-format-currency-and-time-in-javascript","component":"projection","action":"mouseenter"},{"timestamp":"2022-11-18T00:05:03.849Z","url":"https://stackoverflow.com/questions/60689698/how-to-format-currency-and-time-in-javascript","component":"projection","action":"mouseleave"},{"timestamp":"2022-11-18T00:05:03.856Z","url":"https://stackoverflow.com/questions/64297528/how-to-format-currency-in-javascript","component":"projection","action":"mouseenter"},{"timestamp":"2022-11-18T00:05:03.899Z","url":"https://stackoverflow.com/questions/64297528/how-to-format-currency-in-javascript","component":"projection","action":"mouseleave"},{"timestamp":"2022-11-18T00:05:03.903Z","url":"https://stackoverflow.com/questions/4022171/how-do-i-print-currency-format-in-javascript","component":"projection","action":"mouseenter"},{"timestamp":"2022-11-18T00:05:03.948Z","url":"https://stackoverflow.com/questions/4022171/how-do-i-print-currency-format-in-javascript","component":"projection","action":"mouseleave"},{"timestamp":"2022-11-18T00:05:03.954Z","url":"https://stackoverflow.com/questions/149055/how-to-format-numbers-as-currency-strings/5681208","component":"projection","action":"mouseenter"},{"timestamp":"2022-11-18T00:05:04.299Z","url":"https://stackoverflow.com/questions/149055/how-to-format-numbers-as-currency-strings/5681208","component":"projection","action":"mouseleave"},{"timestamp":"2022-11-18T00:05:04.304Z","url":"https://stackoverflow.com/questions/149055/how-to-format-numbers-as-currency-strings","component":"projection","action":"mouseenter"},{"timestamp":"2022-11-18T00:05:04.631Z","url":"https://stackoverflow.com/questions/149055/how-to-format-numbers-as-currency-strings","component":"projection","action":"mouseleave"}]},{"keywords":["format","currency","locale"],"context":{"tokens":[{"kind":"language","value":"javascript"}]},"timestamp":"2022-11-18T00:05:22.605Z","results":[{"signatures":[],"areSignaturesLoading":true,"title":"How to format numbers as currency strings - Stack Overflow","snippet":"just use the native javascript Intl ... Ok, based on what you said, I'm using this: var DecimalSeparator = Number(\"1.2\").toLocaleString().substr(1,1); var ...","url":"https://stackoverflow.com/questions/149055/how-to-format-numbers-as-currency-strings","displayLink":"https://stackoverflow.com › questions › how-to-format-...","snippetHighlightWords":["javascript"]},{"signatures":[],"areSignaturesLoading":true,"title":"How to format a big number (represented by string) in ...","snippet":"I'd like to format the amount with thousand separators, a currency symbol, and NBSP/NNBSP handling, all with respect to provided locale.","url":"https://stackoverflow.com/questions/68848954/how-to-format-a-big-number-represented-by-string-in-javascript-with-currency-a","displayLink":"https://stackoverflow.com › questions › how-to-format-...","snippetHighlightWords":["format","currency","locale"],"date":"Aug 19, 2021"},{"signatures":[],"areSignaturesLoading":true,"title":"How do I print currency format in JavaScript - Stack Overflow","snippet":"I am writing a function that takes the float price and returns the formatted currency value with currency code too. like fnPrice( 1001.01 ) should print $ ...","url":"https://stackoverflow.com/questions/4022171/how-do-i-print-currency-format-in-javascript","displayLink":"https://stackoverflow.com › questions › how-do-i-print-...","snippetHighlightWords":["currency","currency"]},{"signatures":[],"areSignaturesLoading":true,"title":"Currency formatting using Intl.NumberFormat without currency ...","snippet":"One simple way to do achieve what you want is to use String#replace() to remove the currency from the string. To make this easier, ...","url":"https://stackoverflow.com/questions/68549027/currency-formatting-using-intl-numberformat-without-currency-symbol","displayLink":"https://stackoverflow.com › questions › currency-forma...","snippetHighlightWords":["String","currency","string"],"date":"Jul 27, 2021 2 answers"},{"signatures":[],"areSignaturesLoading":true,"title":"Format number to currency in locale pt-br - Stack Overflow","snippet":"I am going to assume that your text variable holds the amount in centavos (1 real = 100 centavos). Then you simply have to divide by 100 to ...","url":"https://stackoverflow.com/questions/66307763/format-number-to-currency-in-locale-pt-br","displayLink":"https://stackoverflow.com › questions › format-number...","date":"Feb 21, 2021 1 answer"},{"signatures":[],"areSignaturesLoading":true,"title":"Javascript number.toLocaleString currency without currency sign","snippet":"Here how I solved this issue. When I want to format currency without any signs, I format it with the currency code and then just remove ...","url":"https://stackoverflow.com/questions/44969852/javascript-number-tolocalestring-currency-without-currency-sign","displayLink":"https://stackoverflow.com › questions › javascript-num...","snippetHighlightWords":["format currency","format","currency"],"date":"Jul 7, 2017 12 answers"},{"signatures":[],"areSignaturesLoading":true,"title":"javascript - Differences in currency formatting using Number ...","snippet":"I've been looking into locale aware number ...","url":"https://stackoverflow.com/questions/56057751/differences-in-currency-formatting-using-number-tolocalestring","displayLink":"https://stackoverflow.com › questions › differences-in-c...","snippetHighlightWords":["locale"],"date":"May 9, 2019"},{"signatures":[],"areSignaturesLoading":true,"title":"Get the currency symbol for a locale - javascript - Stack Overflow","snippet":"Get the currency symbol for a locale · May I suggest taking a look into dinerojs ? – J. Pichardo · 1. With vanilla JS that's how you do it. To ...","url":"https://stackoverflow.com/questions/50650503/get-the-currency-symbol-for-a-locale","displayLink":"https://stackoverflow.com › questions › get-the-currenc...","snippetHighlightWords":["currency","locale","JS"],"date":"Jun 1, 2018"},{"signatures":[],"areSignaturesLoading":true,"title":"Is there a functionality in JavaScript to convert values into ...","snippet":"I didn't want to deal with setting the Locale every time I wanted to display a currency, so instead I made a prototype which formats the ...","url":"https://stackoverflow.com/questions/5314237/is-there-a-functionality-in-javascript-to-convert-values-into-specific-locale-fo","displayLink":"https://stackoverflow.com › questions › is-there-a-functi...","snippetHighlightWords":["Locale","currency"],"date":"Mar 15, 2011"},{"signatures":[],"areSignaturesLoading":true,"title":"Javascript Number and Currency localization - Stack Overflow","snippet":"Most modern browsers have built in support internationalisation in the form of the global Intl object and extensions to Number, String & Date.","url":"https://stackoverflow.com/questions/5624173/javascript-number-and-currency-localization","displayLink":"https://stackoverflow.com › questions › javascript-num...","snippetHighlightWords":["String"],"date":"4 answers"}],"events":[{"timestamp":"2022-11-18T00:05:22.748Z","url":"https://stackoverflow.com/questions/149055/how-to-format-numbers-as-currency-strings","component":"projection","action":"load","data":{"height":63.5,"width":347.5333251953125,"wc":22,"lc":1}},{"timestamp":"2022-11-18T00:05:22.748Z","url":"https://stackoverflow.com/questions/68848954/how-to-format-a-big-number-represented-by-string-in-javascript-with-currency-a","component":"projection","action":"load","data":{"height":85.5,"width":331.066650390625,"wc":21,"lc":1}},{"timestamp":"2022-11-18T00:05:22.748Z","url":"https://stackoverflow.com/questions/4022171/how-do-i-print-currency-format-in-javascript","component":"projection","action":"load","data":{"height":63.5,"width":362.1166687011719,"wc":28,"lc":1}},{"timestamp":"2022-11-18T00:05:22.748Z","url":"https://stackoverflow.com/questions/68549027/currency-formatting-using-intl-numberformat-without-currency-symbol","component":"projection","action":"load","data":{"height":63.5,"width":358.75,"wc":25,"lc":1}},{"timestamp":"2022-11-18T00:05:22.749Z","url":"https://stackoverflow.com/questions/66307763/format-number-to-currency-in-locale-pt-br","component":"projection","action":"load","data":{"height":63.5,"width":364.8666687011719,"wc":29,"lc":1}},{"timestamp":"2022-11-18T00:05:22.749Z","url":"https://stackoverflow.com/questions/44969852/javascript-number-tolocalestring-currency-without-currency-sign","component":"projection","action":"load","data":{"height":63.5,"width":364.1000061035156,"wc":27,"lc":1}},{"timestamp":"2022-11-18T00:05:22.749Z","url":"https://stackoverflow.com/questions/56057751/differences-in-currency-formatting-using-number-tolocalestring","component":"projection","action":"load","data":{"height":41.5,"width":324.066650390625,"wc":8,"lc":1}},{"timestamp":"2022-11-18T00:05:22.749Z","url":"https://stackoverflow.com/questions/50650503/get-the-currency-symbol-for-a-locale","component":"projection","action":"load","data":{"height":63.5,"width":369.7166748046875,"wc":32,"lc":1}},{"timestamp":"2022-11-18T00:05:22.749Z","url":"https://stackoverflow.com/questions/5314237/is-there-a-functionality-in-javascript-to-convert-values-into-specific-locale-fo","component":"projection","action":"load","data":{"height":63.5,"width":339.33331298828125,"wc":27,"lc":1}},{"timestamp":"2022-11-18T00:05:22.749Z","url":"https://stackoverflow.com/questions/5624173/javascript-number-and-currency-localization","component":"projection","action":"load","data":{"height":63.5,"width":367.8999938964844,"wc":23,"lc":1}},{"timestamp":"2022-11-18T00:05:23.566Z","url":"https://stackoverflow.com/questions/149055/how-to-format-numbers-as-currency-strings","component":"projection","action":"mouseenter"},{"timestamp":"2022-11-18T00:05:23.923Z","url":"https://stackoverflow.com/questions/149055/how-to-format-numbers-as-currency-strings","component":"projection","action":"loaded","data":"projection 10 of 10"},{"timestamp":"2022-11-18T00:05:23.923Z","url":"https://stackoverflow.com/questions/68848954/how-to-format-a-big-number-represented-by-string-in-javascript-with-currency-a","component":"projection","action":"loaded","data":"projection 9 of 10"},{"timestamp":"2022-11-18T00:05:23.923Z","url":"https://stackoverflow.com/questions/4022171/how-do-i-print-currency-format-in-javascript","component":"projection","action":"loaded","data":"projection 8 of 10"},{"timestamp":"2022-11-18T00:05:23.924Z","url":"https://stackoverflow.com/questions/68549027/currency-formatting-using-intl-numberformat-without-currency-symbol","component":"projection","action":"loaded","data":"projection 7 of 10"},{"timestamp":"2022-11-18T00:05:23.924Z","url":"https://stackoverflow.com/questions/66307763/format-number-to-currency-in-locale-pt-br","component":"projection","action":"loaded","data":"projection 6 of 10"},{"timestamp":"2022-11-18T00:05:23.924Z","url":"https://stackoverflow.com/questions/44969852/javascript-number-tolocalestring-currency-without-currency-sign","component":"projection","action":"loaded","data":"projection 5 of 10"},{"timestamp":"2022-11-18T00:05:23.924Z","url":"https://stackoverflow.com/questions/56057751/differences-in-currency-formatting-using-number-tolocalestring","component":"projection","action":"loaded","data":"projection 4 of 10"},{"timestamp":"2022-11-18T00:05:23.924Z","url":"https://stackoverflow.com/questions/50650503/get-the-currency-symbol-for-a-locale","component":"projection","action":"loaded","data":"projection 3 of 10"},{"timestamp":"2022-11-18T00:05:23.924Z","url":"https://stackoverflow.com/questions/5314237/is-there-a-functionality-in-javascript-to-convert-values-into-specific-locale-fo","component":"projection","action":"loaded","data":"projection 2 of 10"},{"timestamp":"2022-11-18T00:05:23.924Z","url":"https://stackoverflow.com/questions/5624173/javascript-number-and-currency-localization","component":"projection","action":"loaded","data":"projection 1 of 10"},{"timestamp":"2022-11-18T00:05:30.299Z","url":"https://stackoverflow.com/questions/149055/how-to-format-numbers-as-currency-strings","component":"projection","action":"mouseleave"},{"timestamp":"2022-11-18T00:05:30.305Z","url":"https://stackoverflow.com/questions/68848954/how-to-format-a-big-number-represented-by-string-in-javascript-with-currency-a","component":"projection","action":"mouseenter"},{"timestamp":"2022-11-18T00:05:30.333Z","url":"https://stackoverflow.com/questions/68848954/how-to-format-a-big-number-represented-by-string-in-javascript-with-currency-a","component":"projection","action":"mouseleave"},{"timestamp":"2022-11-18T00:05:30.338Z","url":"https://stackoverflow.com/questions/4022171/how-do-i-print-currency-format-in-javascript","component":"projection","action":"mouseenter"},{"timestamp":"2022-11-18T00:05:31.472Z","url":"https://stackoverflow.com/questions/4022171/how-do-i-print-currency-format-in-javascript","component":"page","action":"open"},{"timestamp":"2022-11-18T00:05:31.496Z","url":"https://stackoverflow.com/questions/4022171/how-do-i-print-currency-format-in-javascript","component":"projection","action":"mouseleave"},{"timestamp":"2022-11-18T00:05:32.114Z","url":"https://stackoverflow.com/questions/4022171/how-do-i-print-currency-format-in-javascript","component":"page","action":"load"},{"timestamp":"2022-11-18T00:05:34.353Z","url":"https://stackoverflow.com/questions/4022171/how-do-i-print-currency-format-in-javascript","component":"page","action":"scroll","data":{"viewport":{"x":0,"y":591,"height":914,"width":377},"document":{"height":4106,"width":377},"question":{"identifier":"4022171","top":-427.5333251953125,"bottom":194.433349609375,"right":360.5,"left":16,"width":344.5,"height":621.9666748046875},"answers":[{"identifier":"52453070","top":274.73333740234375,"bottom":797.4500122070312,"right":360.5,"left":16,"width":344.5,"height":522.7166748046875},{"identifier":"4022212","top":797.4500122070312,"bottom":1235.0333557128906,"right":360.5,"left":16,"width":344.5,"height":437.5833435058594}]}},{"timestamp":"2022-11-18T00:05:36.806Z","url":"https://stackoverflow.com/questions/4022171/how-do-i-print-currency-format-in-javascript","component":"page","action":"scroll","data":{"viewport":{"x":0,"y":684,"height":914,"width":377},"document":{"height":4106,"width":377},"question":{"identifier":"4022171","top":-520.5333251953125,"bottom":101.433349609375,"right":360.5,"left":16,"width":344.5,"height":621.9666748046875},"answers":[{"identifier":"52453070","top":181.73333740234375,"bottom":704.4500122070312,"right":360.5,"left":16,"width":344.5,"height":522.7166748046875},{"identifier":"4022212","top":704.4500122070312,"bottom":1142.0333557128906,"right":360.5,"left":16,"width":344.5,"height":437.5833435058594}]}},{"timestamp":"2022-11-18T00:05:43.440Z","url":"https://stackoverflow.com/questions/4022171/how-do-i-print-currency-format-in-javascript","component":"page","action":"selection","data":"number.toLocaleString('en-US', { style: 'currency', currency: 'USD' });"},{"timestamp":"2022-11-18T00:05:43.861Z","url":"https://stackoverflow.com/questions/4022171/how-do-i-print-currency-format-in-javascript","component":"page","action":"copy","data":"number.toLocaleString('en-US', { style: 'currency', currency: 'USD' });"}]}]}