{"id":"29016_3","conditions":[{"taskId":3,"taskName":"clone","enableFragments":true,"enableContext":true,"showContext":true,"provideSearchTerms":true,"sequence":3},{"taskId":2,"taskName":"find","enableFragments":true,"enableContext":true,"showContext":true,"provideSearchTerms":true,"sequence":4},{"taskId":1,"taskName":"currency","enableFragments":false,"enableContext":true,"showContext":false,"provideSearchTerms":true,"sequence":5},{"taskId":4,"taskName":"sort","enableFragments":false,"enableContext":true,"showContext":false,"provideSearchTerms":true,"sequence":6},{"taskId":6,"taskName":"serve","enableFragments":false,"enableContext":false,"showContext":false,"provideSearchTerms":false,"sequence":7},{"taskId":5,"taskName":"recent","enableFragments":true,"enableContext":true,"showContext":true,"provideSearchTerms":false,"sequence":8}],"activeTaskId":"recent","tasks":[{"id":"pre-study"},{"enableFragments":true,"enableContext":true,"showContext":true,"provideSearchTerms":true,"contextOverride":[{"source":"src/tutorial.js","name":"sumTradedShares","position":{"start":397,"end":545},"variables":[],"parameters":[{"source":"src/tutorial.js","name":"trades","position":{"start":429,"end":435},"type":{"name":"Trade[]"}}],"returnType":"number"}],"id":"tutorial","startTime":"2022-11-17T23:49:19.410Z","duration":386487,"timer":{"startTime":"2022-11-17T23:51:16.657Z","endTime":"2022-11-17T23:55:46.926Z"},"endTime":"2022-11-17T23:55:46.926Z"},{"enableFragments":false,"enableContext":true,"showContext":false,"contextOverride":[{"source":"src/currency.js","name":"printCurrency","position":{"start":593,"end":782},"variables":[],"parameters":[{"source":"src/currency.js","name":"amount","position":{"start":623,"end":629},"type":{"name":"number"}},{"source":"src/currency.js","name":"locale","position":{"start":631,"end":637},"type":{"name":"string"}},{"source":"src/currency.js","name":"currency","position":{"start":639,"end":647},"type":{"name":"string"}}],"returnType":"string"}],"provideSearchTerms":true,"searchTerms":"format currency","id":"currency","startTime":"2022-11-18T00:03:14.748Z","timer":{"startTime":"2022-11-18T00:03:14.748Z","endTime":"2022-11-18T00:06:18.126Z"},"duration":182381,"data":{"Q1":"2","Q2":"The answers did not have prepared code snippets this time, I had to go onto the full website to find the answer.","Q3":"","Q4":""},"endTime":"2022-11-18T00:06:45.645Z"},{"enableFragments":true,"enableContext":true,"showContext":true,"contextOverride":[{"source":"src/find.js","name":"getTradeById","position":{"start":286,"end":506},"variables":[],"parameters":[{"source":"src/find.js","name":"trades","position":{"start":315,"end":321},"type":{"name":"Trade[]"}},{"source":"src/find.js","name":"id","position":{"start":323,"end":325},"type":{"name":"number"}}],"returnType":"Trade"}],"provideSearchTerms":true,"searchTerms":"find item in array by value","id":"find","startTime":"2022-11-18T00:01:03.659Z","timer":{"startTime":"2022-11-18T00:01:03.659Z","endTime":"2022-11-18T00:02:09.666Z"},"duration":65291,"data":{"Q1":"4","Q2":"I got familiar with the search, i knew what to do, finding the answer was quick. ","Q3":"","Q4":""},"endTime":"2022-11-18T00:03:06.171Z"},{"enableFragments":true,"enableContext":true,"showContext":true,"contextOverride":[{"source":"src/clone.js","name":"cloneTradeLedger","position":{"start":239,"end":406},"variables":[],"parameters":[{"source":"src/clone.js","name":"trades","position":{"start":272,"end":278},"type":{"name":"Trade[]"}}],"returnType":"Trade[]"}],"provideSearchTerms":true,"searchTerms":"clone array","id":"clone","startTime":"2022-11-17T23:55:51.579Z","timer":{"startTime":"2022-11-17T23:55:51.579Z","endTime":"2022-11-17T23:59:22.807Z"},"duration":210285,"data":{"Q1":"4","Q2":"I liked the integration into the development environment. The search did include answers for languages that were not relevant here.","Q3":"maybe a timestamp to show how old the solution is. especially for languages where APIs change frequently, this would be helpful.","Q4":""},"endTime":"2022-11-18T00:00:56.392Z"},{"enableFragments":false,"enableContext":true,"showContext":false,"contextOverride":[{"source":"src/sort.js","name":"sortTradesByShareCount","position":{"start":285,"end":524},"variables":[],"parameters":[{"source":"src/sort.js","name":"trades","position":{"start":324,"end":330},"type":{"name":"Trade[]"}}],"returnType":"Trade[]"}],"provideSearchTerms":true,"searchTerms":"sort array of objects descending","id":"sort","startTime":"2022-11-18T00:06:52.736Z","timer":{"startTime":"2022-11-18T00:06:52.737Z","endTime":"2022-11-18T00:08:51.077Z"},"duration":117270,"data":{"Q1":"4","Q2":"Again, no prepared code snippets, but browsing stackoverflow in full page mode gave me the answer quickly.","Q3":"","Q4":""},"endTime":"2022-11-18T00:09:22.343Z"},{"enableFragments":true,"enableContext":true,"showContext":true,"contextOverride":[{"source":"src/recent.js","name":"moment","position":{"start":7,"end":13},"module":{"name":"moment","position":{"start":19,"end":27}},"references":[{"start":485,"end":491},{"start":753,"end":759},{"start":836,"end":842}]},{"source":"src/recent.js","name":"moment","position":{"start":485,"end":503},"variables":[],"arguments":[{"source":"src/recent.js","name":"","type":"Date","value":"new Date()","position":{"start":492,"end":502}}],"returnType":"any"},{"source":"src/recent.js","name":"moment","position":{"start":753,"end":768},"variables":[],"arguments":[{"source":"src/recent.js","name":"","type":"any","value":"endDate","position":{"start":760,"end":767}}],"returnType":"any"},{"source":"src/recent.js","name":"moment","position":{"start":836,"end":854},"variables":[],"arguments":[{"source":"src/recent.js","name":"","type":"any","value":"trade.date","position":{"start":843,"end":853}}],"returnType":"any"},{"source":"src/recent.js","name":"getPastTradesFrom","position":{"start":400,"end":938},"variables":[{"source":"src/recent.js","name":"endDate","position":{"start":475,"end":503},"type":{"name":"any"}},{"source":"src/recent.js","name":"startDate","position":{"start":741,"end":768},"type":{"name":"any"}}],"parameters":[{"source":"src/recent.js","name":"trades","position":{"start":434,"end":440},"type":{"name":"Trade[]"}},{"source":"src/recent.js","name":"from","position":{"start":442,"end":446},"type":{"name":"number"}},{"source":"src/recent.js","name":"unit","position":{"start":448,"end":461},"type":{"name":"string"}}],"returnType":"Trade[]"}],"provideSearchTerms":false,"searchTerms":"","id":"recent","startTime":"2022-11-18T00:17:26.260Z","timer":{"startTime":"2022-11-18T00:17:26.260Z","endTime":"2022-11-18T00:21:21.360Z"},"duration":234323,"data":{"Q1":"4","Q2":"the second search result had the answer with a code snippet ready to copy","Q3":"","Q4":""},"endTime":"2022-11-18T00:22:00.241Z"},{"enableFragments":false,"enableContext":false,"showContext":false,"contextOverride":[],"provideSearchTerms":false,"searchTerms":"","id":"serve","startTime":"2022-11-18T00:09:29.338Z","timer":{"startTime":"2022-11-18T00:09:29.338Z","endTime":"2022-11-18T00:16:34.172Z"},"duration":419024,"data":{"Q1":"2","Q2":"because of unknown several terms needed for this task, the search was not as helpful","Q3":"links to explanations for specific terms","Q4":""},"endTime":"2022-11-18T00:17:19.165Z"},{"id":"post-study"}],"activations":["2022-11-17T23:48:41.618Z"]}