{"trialId":"31472_2","taskId":"recent","appEvents":[{"timestamp":"2022-09-27T16:00:22.610Z","name":"resize","data":{"height":880,"width":442}},{"timestamp":"2022-09-27T16:00:49.236Z","name":"search","data":"search-start"},{"timestamp":"2022-09-27T16:00:52.832Z","name":"search","data":"search-done"},{"timestamp":"2022-09-27T16:02:13.698Z","name":"search","data":"search-start"},{"timestamp":"2022-09-27T16:02:14.930Z","name":"search","data":"search-done"},{"timestamp":"2022-09-27T16:02:20.690Z","name":"search","data":"search-start"},{"timestamp":"2022-09-27T16:02:25.571Z","name":"search","data":"search-done"},{"timestamp":"2022-09-27T16:02:51.900Z","name":"search","data":"search-start"},{"timestamp":"2022-09-27T16:02:53.279Z","name":"search","data":"search-done"},{"timestamp":"2022-09-27T16:02:59.779Z","name":"search","data":"search-start"},{"timestamp":"2022-09-27T16:03:02.106Z","name":"search","data":"search-done"},{"timestamp":"2022-09-27T16:03:17.644Z","name":"search","data":"search-start"},{"timestamp":"2022-09-27T16:03:19.347Z","name":"search","data":"search-done"},{"timestamp":"2022-09-27T16:06:46.443Z","name":"search","data":"search-start"},{"timestamp":"2022-09-27T16:06:47.669Z","name":"search","data":"search-done"},{"timestamp":"2022-09-27T16:06:54.273Z","name":"search","data":"search-start"},{"timestamp":"2022-09-27T16:06:57.156Z","name":"search","data":"search-done"},{"timestamp":"2022-09-27T16:07:07.041Z","name":"search","data":"search-start"},{"timestamp":"2022-09-27T16:07:09.954Z","name":"search","data":"search-done"}],"searches":[{"keywords":["moment","subtract","days","from","date"],"context":{"tokens":[{"kind":"library","value":"moment"},{"kind":"language","value":"javascript"}]},"timestamp":"2022-09-27T16:00:49.233Z","results":[{"signatures":[],"areSignaturesLoading":true,"title":"Format date and Subtract days using Moment.js - Stack Overflow","snippet":"var startdate = moment().subtract(1, \"days\").format(\"DD-MM-YYYY\");.","url":"https://stackoverflow.com/questions/29651815/format-date-and-subtract-days-using-moment-js","displayLink":"https://stackoverflow.com › questions › format-date-an...","snippetHighlightWords":["moment","subtract","days"]},{"signatures":[],"areSignaturesLoading":true,"title":"Moment JS - how to subtract 7 days from current date?","snippet":"You can use: moment().subtract(1,'w'). to subtract one week (7 days) from the current date. NOTE: 1. w for week 2. d for days 3. M for month 4. y for year.","url":"https://stackoverflow.com/questions/25888182/moment-js-how-to-subtract-7-days-from-current-date","displayLink":"https://stackoverflow.com › questions › moment-js-how...","snippetHighlightWords":["moment","subtract","subtract","days","date","days"]},{"signatures":[],"areSignaturesLoading":true,"title":"Subtract one day from a particular date using MomentJs","snippet":"Use moment substract method: .subtract(1, 'days');.","url":"https://stackoverflow.com/questions/54019837/subtract-one-day-from-a-particular-date-using-momentjs","displayLink":"https://stackoverflow.com › questions › subtract-one-da...","snippetHighlightWords":["moment","subtract","days"],"date":"Jan 3, 2019 1 answer"},{"signatures":[],"areSignaturesLoading":true,"title":"How add and subtract days using Moment JS for the given ...","snippet":"Here's how, just add and subtract directly using your selectedDate. var selectedDate = moment(1628312400000); let next = \"Next Day :: \" + ...","url":"https://stackoverflow.com/questions/68756983/how-add-and-subtract-days-using-moment-js-for-the-given-timestamp-value","displayLink":"https://stackoverflow.com › questions › how-add-and-s...","snippetHighlightWords":["subtract","moment","Day"],"date":"Aug 12, 2021 4 answers"},{"signatures":[],"areSignaturesLoading":true,"title":"subtract days after the current date moment js - Stack Overflow","snippet":"It cannot be selected 5 days before the current day. Now I want to do the same in the coming days. I don't want to choose days after 5 days .","url":"https://stackoverflow.com/questions/58626988/subtract-days-after-the-current-date-moment-js","displayLink":"https://stackoverflow.com › questions › subtract-days-af...","snippetHighlightWords":["days","day","days","days","days"],"date":"Oct 30, 2019"},{"signatures":[],"areSignaturesLoading":true,"title":"Subtracting 3 days from date - Stack Overflow","snippet":"log(\"Friday\"); reminderDate = moment(exchange, \"DD.MM.YYYY\").subtract(1, 'days').format(\"DD.","url":"https://stackoverflow.com/questions/62778705/subtracting-3-days-from-date","displayLink":"https://stackoverflow.com › questions › subtracting-3-d...","snippetHighlightWords":["moment","subtract","days"],"date":"Jul 7, 2020"},{"signatures":[],"areSignaturesLoading":true,"title":"How to subtract days from a plain Date? - Stack Overflow","snippet":"var n = 5; var dateMnsFive = moment(<your date>).subtract(n , 'day');. Optional! Convert to JS Date obj for Angular binding. var date ...","url":"https://stackoverflow.com/questions/1296358/how-to-subtract-days-from-a-plain-date","displayLink":"https://stackoverflow.com › questions › how-to-subtract...","snippetHighlightWords":["moment","date","subtract","day","JS Date","date"]},{"signatures":[],"areSignaturesLoading":true,"title":"How to subtract 2 dates on momentjs - Stack Overflow","snippet":"You are correct, you can use moment's diff function to subtract two dates (see my example on Plunker): var date1 = moment('2016-10-08 ...","url":"https://stackoverflow.com/questions/40459932/how-to-subtract-2-dates-on-momentjs","displayLink":"https://stackoverflow.com › questions › how-to-subtract...","snippetHighlightWords":["moment's diff","subtract","dates","moment"],"date":"Nov 7, 2016 1 answer"},{"signatures":[],"areSignaturesLoading":true,"title":"Subtracting 30 days from an ISODate using MomentJS","snippet":"I think it is working just as it should. Look at the output from the snippet, it does subtract 30 days from the given date.","url":"https://stackoverflow.com/questions/67533168/subtracting-30-days-from-an-isodate-using-momentjs","displayLink":"https://stackoverflow.com › questions › subtracting-30-...","snippetHighlightWords":["subtract","days","date"],"date":"May 14, 2021 1 answer"},{"signatures":[],"areSignaturesLoading":true,"title":"moment.js add/subtract days without affecting the original date","snippet":"try this moment().add(7, 'days'); .Also go through this. – Raviteja. Mar 4, 2016 at 5:37 · this is still overriding the value of startOfWeek. – ...","url":"https://stackoverflow.com/questions/35788718/moment-js-add-subtract-days-without-affecting-the-original-date","displayLink":"https://stackoverflow.com › questions › moment-js-add-...","snippetHighlightWords":["moment","days"],"date":"Mar 4, 2016"}],"events":[{"timestamp":"2022-09-27T16:00:52.832Z","url":"https://stackoverflow.com/questions/29651815/format-date-and-subtract-days-using-moment-js","component":"projection","action":"loaded","data":"projection 10 of 10"},{"timestamp":"2022-09-27T16:00:52.832Z","url":"https://stackoverflow.com/questions/25888182/moment-js-how-to-subtract-7-days-from-current-date","component":"projection","action":"loaded","data":"projection 9 of 10"},{"timestamp":"2022-09-27T16:00:52.832Z","url":"https://stackoverflow.com/questions/54019837/subtract-one-day-from-a-particular-date-using-momentjs","component":"projection","action":"loaded","data":"projection 8 of 10"},{"timestamp":"2022-09-27T16:00:52.832Z","url":"https://stackoverflow.com/questions/68756983/how-add-and-subtract-days-using-moment-js-for-the-given-timestamp-value","component":"projection","action":"loaded","data":"projection 7 of 10"},{"timestamp":"2022-09-27T16:00:52.832Z","url":"https://stackoverflow.com/questions/58626988/subtract-days-after-the-current-date-moment-js","component":"projection","action":"loaded","data":"projection 6 of 10"},{"timestamp":"2022-09-27T16:00:52.832Z","url":"https://stackoverflow.com/questions/62778705/subtracting-3-days-from-date","component":"projection","action":"loaded","data":"projection 5 of 10"},{"timestamp":"2022-09-27T16:00:52.832Z","url":"https://stackoverflow.com/questions/1296358/how-to-subtract-days-from-a-plain-date","component":"projection","action":"loaded","data":"projection 4 of 10"},{"timestamp":"2022-09-27T16:00:52.832Z","url":"https://stackoverflow.com/questions/40459932/how-to-subtract-2-dates-on-momentjs","component":"projection","action":"loaded","data":"projection 3 of 10"},{"timestamp":"2022-09-27T16:00:52.832Z","url":"https://stackoverflow.com/questions/67533168/subtracting-30-days-from-an-isodate-using-momentjs","component":"projection","action":"loaded","data":"projection 2 of 10"},{"timestamp":"2022-09-27T16:00:52.832Z","url":"https://stackoverflow.com/questions/35788718/moment-js-add-subtract-days-without-affecting-the-original-date","component":"projection","action":"loaded","data":"projection 1 of 10"},{"timestamp":"2022-09-27T16:00:53.237Z","url":"https://stackoverflow.com/questions/29651815/format-date-and-subtract-days-using-moment-js","component":"projection","action":"mouseenter"},{"timestamp":"2022-09-27T16:00:53.706Z","url":"https://stackoverflow.com/questions/29651815/format-date-and-subtract-days-using-moment-js","component":"page","action":"open"},{"timestamp":"2022-09-27T16:00:53.728Z","url":"https://stackoverflow.com/questions/29651815/format-date-and-subtract-days-using-moment-js","component":"projection","action":"mouseleave"},{"timestamp":"2022-09-27T16:00:54.316Z","url":"https://stackoverflow.com/questions/29651815/format-date-and-subtract-days-using-moment-js","component":"page","action":"load"},{"timestamp":"2022-09-27T16:01:01.057Z","url":"https://stackoverflow.com/questions/29651815/format-date-and-subtract-days-using-moment-js","component":"page","action":"selection","data":"startdate.subtract(1, 'd');"},{"timestamp":"2022-09-27T16:02:12.270Z","url":"https://stackoverflow.com/questions/29651815/format-date-and-subtract-days-using-moment-js","component":"page","action":"scroll","data":{"viewport":{"x":0,"y":0,"height":820,"width":438},"blocks":[{"identifier":"29652195","top":1385.34375,"bottom":1957.84375,"right":389,"left":68,"width":321,"height":572.5},{"identifier":"56685858","top":2295.53125,"bottom":2506.53125,"right":389,"left":68,"width":321,"height":211},{"identifier":"29652077","top":2717.28125,"bottom":2768.28125,"right":389,"left":68,"width":321,"height":51},{"identifier":"29652091","top":2906.34375,"bottom":3316.34375,"right":389,"left":68,"width":321,"height":410},{"identifier":"54794221","top":3527.09375,"bottom":3719.09375,"right":389,"left":68,"width":321,"height":192},{"identifier":"29652120","top":3857.15625,"bottom":4162.15625,"right":389,"left":68,"width":321,"height":305},{"identifier":"37411397","top":4300.21875,"bottom":4345.21875,"right":389,"left":68,"width":321,"height":45}]}},{"timestamp":"2022-09-27T16:02:12.717Z","url":"https://stackoverflow.com/questions/29651815/format-date-and-subtract-days-using-moment-js","component":"page","action":"close"}]},{"keywords":["moment","subtract","days","from","date"],"context":{"tokens":[{"kind":"library","value":"moment"},{"kind":"language","value":"javascript"}]},"timestamp":"2022-09-27T16:02:13.697Z","results":[{"signatures":[],"areSignaturesLoading":true,"title":"Format date and Subtract days using Moment.js - Stack Overflow","snippet":"var startdate = moment().subtract(1, \"days\").format(\"DD-MM-YYYY\");.","url":"https://stackoverflow.com/questions/29651815/format-date-and-subtract-days-using-moment-js","displayLink":"https://stackoverflow.com › questions › format-date-an...","snippetHighlightWords":["moment","subtract","days"]},{"signatures":[],"areSignaturesLoading":true,"title":"Moment JS - how to subtract 7 days from current date?","snippet":"You can use: moment().subtract(1,'w'). to subtract one week (7 days) from the current date. NOTE: 1. w for week 2. d for days 3. M for month 4. y for year.","url":"https://stackoverflow.com/questions/25888182/moment-js-how-to-subtract-7-days-from-current-date","displayLink":"https://stackoverflow.com › questions › moment-js-how...","snippetHighlightWords":["moment","subtract","subtract","days","date","days"]},{"signatures":[],"areSignaturesLoading":true,"title":"Subtract one day from a particular date using MomentJs","snippet":"Use moment substract method: .subtract(1, 'days');.","url":"https://stackoverflow.com/questions/54019837/subtract-one-day-from-a-particular-date-using-momentjs","displayLink":"https://stackoverflow.com › questions › subtract-one-da...","snippetHighlightWords":["moment","subtract","days"],"date":"Jan 3, 2019 1 answer"},{"signatures":[],"areSignaturesLoading":true,"title":"How add and subtract days using Moment JS for the given ...","snippet":"Here's how, just add and subtract directly using your selectedDate. var selectedDate = moment(1628312400000); let next = \"Next Day :: \" + ...","url":"https://stackoverflow.com/questions/68756983/how-add-and-subtract-days-using-moment-js-for-the-given-timestamp-value","displayLink":"https://stackoverflow.com › questions › how-add-and-s...","snippetHighlightWords":["subtract","moment","Day"],"date":"Aug 12, 2021 4 answers"},{"signatures":[],"areSignaturesLoading":true,"title":"subtract days after the current date moment js - Stack Overflow","snippet":"It cannot be selected 5 days before the current day. Now I want to do the same in the coming days. I don't want to choose days after 5 days .","url":"https://stackoverflow.com/questions/58626988/subtract-days-after-the-current-date-moment-js","displayLink":"https://stackoverflow.com › questions › subtract-days-af...","snippetHighlightWords":["days","day","days","days","days"],"date":"Oct 30, 2019"},{"signatures":[],"areSignaturesLoading":true,"title":"Subtracting 3 days from date - Stack Overflow","snippet":"log(\"Friday\"); reminderDate = moment(exchange, \"DD.MM.YYYY\").subtract(1, 'days').format(\"DD.","url":"https://stackoverflow.com/questions/62778705/subtracting-3-days-from-date","displayLink":"https://stackoverflow.com › questions › subtracting-3-d...","snippetHighlightWords":["moment","subtract","days"],"date":"Jul 7, 2020"},{"signatures":[],"areSignaturesLoading":true,"title":"How to subtract days from a plain Date? - Stack Overflow","snippet":"var n = 5; var dateMnsFive = moment(<your date>).subtract(n , 'day');. Optional! Convert to JS Date obj for Angular binding. var date ...","url":"https://stackoverflow.com/questions/1296358/how-to-subtract-days-from-a-plain-date","displayLink":"https://stackoverflow.com › questions › how-to-subtract...","snippetHighlightWords":["moment","date","subtract","day","JS Date","date"]},{"signatures":[],"areSignaturesLoading":true,"title":"How to subtract 2 dates on momentjs - Stack Overflow","snippet":"You are correct, you can use moment's diff function to subtract two dates (see my example on Plunker): var date1 = moment('2016-10-08 ...","url":"https://stackoverflow.com/questions/40459932/how-to-subtract-2-dates-on-momentjs","displayLink":"https://stackoverflow.com › questions › how-to-subtract...","snippetHighlightWords":["moment's diff","subtract","dates","moment"],"date":"Nov 7, 2016 1 answer"},{"signatures":[],"areSignaturesLoading":true,"title":"Subtracting 30 days from an ISODate using MomentJS","snippet":"I think it is working just as it should. Look at the output from the snippet, it does subtract 30 days from the given date.","url":"https://stackoverflow.com/questions/67533168/subtracting-30-days-from-an-isodate-using-momentjs","displayLink":"https://stackoverflow.com › questions › subtracting-30-...","snippetHighlightWords":["subtract","days","date"],"date":"May 14, 2021 1 answer"},{"signatures":[],"areSignaturesLoading":true,"title":"moment.js add/subtract days without affecting the original date","snippet":"try this moment().add(7, 'days'); .Also go through this. – Raviteja. Mar 4, 2016 at 5:37 · this is still overriding the value of startOfWeek. – ...","url":"https://stackoverflow.com/questions/35788718/moment-js-add-subtract-days-without-affecting-the-original-date","displayLink":"https://stackoverflow.com › questions › moment-js-add-...","snippetHighlightWords":["moment","days"],"date":"Mar 4, 2016"}],"events":[{"timestamp":"2022-09-27T16:02:14.930Z","url":"https://stackoverflow.com/questions/29651815/format-date-and-subtract-days-using-moment-js","component":"projection","action":"loaded","data":"projection 10 of 10"},{"timestamp":"2022-09-27T16:02:14.930Z","url":"https://stackoverflow.com/questions/25888182/moment-js-how-to-subtract-7-days-from-current-date","component":"projection","action":"loaded","data":"projection 9 of 10"},{"timestamp":"2022-09-27T16:02:14.930Z","url":"https://stackoverflow.com/questions/54019837/subtract-one-day-from-a-particular-date-using-momentjs","component":"projection","action":"loaded","data":"projection 8 of 10"},{"timestamp":"2022-09-27T16:02:14.930Z","url":"https://stackoverflow.com/questions/68756983/how-add-and-subtract-days-using-moment-js-for-the-given-timestamp-value","component":"projection","action":"loaded","data":"projection 7 of 10"},{"timestamp":"2022-09-27T16:02:14.930Z","url":"https://stackoverflow.com/questions/58626988/subtract-days-after-the-current-date-moment-js","component":"projection","action":"loaded","data":"projection 6 of 10"},{"timestamp":"2022-09-27T16:02:14.930Z","url":"https://stackoverflow.com/questions/62778705/subtracting-3-days-from-date","component":"projection","action":"loaded","data":"projection 5 of 10"},{"timestamp":"2022-09-27T16:02:14.930Z","url":"https://stackoverflow.com/questions/1296358/how-to-subtract-days-from-a-plain-date","component":"projection","action":"loaded","data":"projection 4 of 10"},{"timestamp":"2022-09-27T16:02:14.930Z","url":"https://stackoverflow.com/questions/40459932/how-to-subtract-2-dates-on-momentjs","component":"projection","action":"loaded","data":"projection 3 of 10"},{"timestamp":"2022-09-27T16:02:14.930Z","url":"https://stackoverflow.com/questions/67533168/subtracting-30-days-from-an-isodate-using-momentjs","component":"projection","action":"loaded","data":"projection 2 of 10"},{"timestamp":"2022-09-27T16:02:14.930Z","url":"https://stackoverflow.com/questions/35788718/moment-js-add-subtract-days-without-affecting-the-original-date","component":"projection","action":"loaded","data":"projection 1 of 10"}]},{"keywords":["moment","from","date"],"context":{"tokens":[{"kind":"library","value":"moment"},{"kind":"language","value":"javascript"}]},"timestamp":"2022-09-27T16:02:20.688Z","results":[{"signatures":[],"areSignaturesLoading":true,"title":"Format date with Moment.js - javascript - Stack Overflow","snippet":"I would like to use Moment. js get it in this format mm/dd/yyyy : 04/12/2013 for display. I tried to do it using this method, moment(testDate,' ...","url":"https://stackoverflow.com/questions/15993913/format-date-with-moment-js","displayLink":"https://stackoverflow.com › questions › format-date-wit...","snippetHighlightWords":["Moment","js","moment"],"date":"Apr 13, 2013"},{"signatures":[],"areSignaturesLoading":true,"title":"Moment.js transform to date object - javascript - Stack Overflow","snippet":"Use this to transform a moment object into a date object: From http://momentjs.com/docs/#/displaying/as-javascript-date/ moment().toDate();. Yields:","url":"https://stackoverflow.com/questions/17987647/moment-js-transform-to-date-object","displayLink":"https://stackoverflow.com › questions › moment-js-tran...","snippetHighlightWords":["moment","date","momentjs","javascript","date","moment"],"date":"11 answers"},{"signatures":[],"areSignaturesLoading":true,"title":"How to convert Date in moment js - javascript - Stack Overflow","snippet":"I am new to Moment js, and I have date in this format: Mon Jul 14 00:00:00 EDT 2014 , and I want to convert this date to MMM DD HH:mm Z format, ...","url":"https://stackoverflow.com/questions/34188631/how-to-convert-date-in-moment-js","displayLink":"https://stackoverflow.com › questions › how-to-convert...","snippetHighlightWords":["Moment js","date","date"]},{"signatures":[],"areSignaturesLoading":true,"title":"Javascript: Moment.js How to check if date is previous date","snippet":"1 Answer. Show activity on this post. You can use isBefore to compare two dates in moment.","url":"https://stackoverflow.com/questions/52586726/javascript-moment-js-how-to-check-if-date-is-previous-date","displayLink":"https://stackoverflow.com › questions › javascript-mom...","snippetHighlightWords":["moment"],"date":"Oct 1, 2018 1 answer"},{"signatures":[],"areSignaturesLoading":true,"title":"DD/MM/YYYY Date format in Moment.js - Stack Overflow","snippet":"I have tried below code. $scope. SearchDate = moment(new Date(), \"DD/MM/YYYY\"); But it's return 0037-11-24T18:30:00.000Z .","url":"https://stackoverflow.com/questions/29861699/dd-mm-yyyy-date-format-in-moment-js","displayLink":"https://stackoverflow.com › questions › dd-mm-yyyy-d...","snippetHighlightWords":["moment","Date"]},{"signatures":[],"areSignaturesLoading":true,"title":"Moment.js sets dates to 1 day behind - Stack Overflow","snippet":"moment.utc will convert the input to universal time. You are running new Date(...) with an input that's based on GMT +1.","url":"https://stackoverflow.com/questions/50473932/moment-js-sets-dates-to-1-day-behind","displayLink":"https://stackoverflow.com › questions › moment-js-sets-...","snippetHighlightWords":["moment","Date"],"date":"May 22, 2018 2 answers"},{"signatures":[],"areSignaturesLoading":true,"title":"How to add 5 days with current date and format the output in ...","snippet":"You can use moment().add(5, 'days').format('DD/MM/YYYY') to achieve what you want. If you still want to use ...","url":"https://stackoverflow.com/questions/57576074/how-to-add-5-days-with-current-date-and-format-the-output-in-momentjs","displayLink":"https://stackoverflow.com › questions › how-to-add-5-d...","snippetHighlightWords":["moment"],"date":"Aug 20, 2019"},{"signatures":[],"areSignaturesLoading":true,"title":"Format existing date variable with moment.js - Stack Overflow","snippet":"moment(date+' '+time).format('MM.DD.YYYY'); ...but I am getting \"Invalid date\" error.","url":"https://stackoverflow.com/questions/43667164/format-existing-date-variable-with-moment-js","displayLink":"https://stackoverflow.com › questions › format-existing...","snippetHighlightWords":["moment","date"],"date":"Apr 27, 2017"},{"signatures":[],"areSignaturesLoading":true,"title":"How to convert Date to timestamp using MomentJS?","snippet":"You can get a string with a timestamp using .format('X') or .format('x') depending on which precision you want. But it's much cleaner to just get the numerical ...","url":"https://stackoverflow.com/questions/40146839/how-to-convert-date-to-timestamp-using-momentjs","displayLink":"https://stackoverflow.com › questions › how-to-convert..."},{"signatures":[],"areSignaturesLoading":true,"title":"Moment.js formatting date field to a day earlier than it should","snippet":"First, you can emove the plain JS new Date() as agument to moment. date: moment().format('YYYY-MM-DD'). No argument is necesssary to moment ...","url":"https://stackoverflow.com/questions/71059184/moment-js-formatting-date-field-to-a-day-earlier-than-it-should","displayLink":"https://stackoverflow.com › questions › moment-js-for...","snippetHighlightWords":["JS","Date","moment","date","moment","moment"],"date":"Feb 10, 2022 1 answer"}],"events":[{"timestamp":"2022-09-27T16:02:24.388Z","url":"https://stackoverflow.com/questions/17987647/moment-js-transform-to-date-object","component":"projection","action":"mouseenter"},{"timestamp":"2022-09-27T16:02:24.769Z","url":"https://stackoverflow.com/questions/17987647/moment-js-transform-to-date-object","component":"projection","action":"mouseleave"},{"timestamp":"2022-09-27T16:02:25.087Z","url":"https://stackoverflow.com/questions/17987647/moment-js-transform-to-date-object","component":"projection","action":"mouseenter"},{"timestamp":"2022-09-27T16:02:25.252Z","url":"https://stackoverflow.com/questions/17987647/moment-js-transform-to-date-object","component":"projection","action":"mouseleave"},{"timestamp":"2022-09-27T16:02:25.253Z","url":"https://stackoverflow.com/questions/15993913/format-date-with-moment-js","component":"projection","action":"mouseenter"},{"timestamp":"2022-09-27T16:02:25.571Z","url":"https://stackoverflow.com/questions/15993913/format-date-with-moment-js","component":"projection","action":"loaded","data":"projection 10 of 10"},{"timestamp":"2022-09-27T16:02:25.571Z","url":"https://stackoverflow.com/questions/17987647/moment-js-transform-to-date-object","component":"projection","action":"loaded","data":"projection 9 of 10"},{"timestamp":"2022-09-27T16:02:25.571Z","url":"https://stackoverflow.com/questions/34188631/how-to-convert-date-in-moment-js","component":"projection","action":"loaded","data":"projection 8 of 10"},{"timestamp":"2022-09-27T16:02:25.571Z","url":"https://stackoverflow.com/questions/52586726/javascript-moment-js-how-to-check-if-date-is-previous-date","component":"projection","action":"loaded","data":"projection 7 of 10"},{"timestamp":"2022-09-27T16:02:25.571Z","url":"https://stackoverflow.com/questions/29861699/dd-mm-yyyy-date-format-in-moment-js","component":"projection","action":"loaded","data":"projection 6 of 10"},{"timestamp":"2022-09-27T16:02:25.571Z","url":"https://stackoverflow.com/questions/50473932/moment-js-sets-dates-to-1-day-behind","component":"projection","action":"loaded","data":"projection 5 of 10"},{"timestamp":"2022-09-27T16:02:25.571Z","url":"https://stackoverflow.com/questions/57576074/how-to-add-5-days-with-current-date-and-format-the-output-in-momentjs","component":"projection","action":"loaded","data":"projection 4 of 10"},{"timestamp":"2022-09-27T16:02:25.571Z","url":"https://stackoverflow.com/questions/43667164/format-existing-date-variable-with-moment-js","component":"projection","action":"loaded","data":"projection 3 of 10"},{"timestamp":"2022-09-27T16:02:25.571Z","url":"https://stackoverflow.com/questions/40146839/how-to-convert-date-to-timestamp-using-momentjs","component":"projection","action":"loaded","data":"projection 2 of 10"},{"timestamp":"2022-09-27T16:02:25.571Z","url":"https://stackoverflow.com/questions/71059184/moment-js-formatting-date-field-to-a-day-earlier-than-it-should","component":"projection","action":"loaded","data":"projection 1 of 10"},{"timestamp":"2022-09-27T16:02:26.310Z","url":"https://stackoverflow.com/questions/15993913/format-date-with-moment-js","component":"page","action":"open"},{"timestamp":"2022-09-27T16:02:26.333Z","url":"https://stackoverflow.com/questions/15993913/format-date-with-moment-js","component":"projection","action":"mouseleave"},{"timestamp":"2022-09-27T16:02:26.773Z","url":"https://stackoverflow.com/questions/15993913/format-date-with-moment-js","component":"page","action":"load"},{"timestamp":"2022-09-27T16:02:50.956Z","url":"https://stackoverflow.com/questions/15993913/format-date-with-moment-js","component":"page","action":"close"}]},{"keywords":["moment","from","date"],"context":{"tokens":[{"kind":"library","value":"moment"},{"kind":"language","value":"javascript"}]},"timestamp":"2022-09-27T16:02:51.899Z","results":[{"signatures":[],"areSignaturesLoading":true,"title":"Format date with Moment.js - javascript - Stack Overflow","snippet":"I would like to use Moment. js get it in this format mm/dd/yyyy : 04/12/2013 for display. I tried to do it using this method, moment(testDate,' ...","url":"https://stackoverflow.com/questions/15993913/format-date-with-moment-js","displayLink":"https://stackoverflow.com › questions › format-date-wit...","snippetHighlightWords":["Moment","js","moment"],"date":"Apr 13, 2013"},{"signatures":[],"areSignaturesLoading":true,"title":"Moment.js transform to date object - javascript - Stack Overflow","snippet":"Use this to transform a moment object into a date object: From http://momentjs.com/docs/#/displaying/as-javascript-date/ moment().toDate();. Yields:","url":"https://stackoverflow.com/questions/17987647/moment-js-transform-to-date-object","displayLink":"https://stackoverflow.com › questions › moment-js-tran...","snippetHighlightWords":["moment","date","momentjs","javascript","date","moment"],"date":"11 answers"},{"signatures":[],"areSignaturesLoading":true,"title":"How to convert Date in moment js - javascript - Stack Overflow","snippet":"I am new to Moment js, and I have date in this format: Mon Jul 14 00:00:00 EDT 2014 , and I want to convert this date to MMM DD HH:mm Z format, ...","url":"https://stackoverflow.com/questions/34188631/how-to-convert-date-in-moment-js","displayLink":"https://stackoverflow.com › questions › how-to-convert...","snippetHighlightWords":["Moment js","date","date"]},{"signatures":[],"areSignaturesLoading":true,"title":"Javascript: Moment.js How to check if date is previous date","snippet":"1 Answer. Show activity on this post. You can use isBefore to compare two dates in moment.","url":"https://stackoverflow.com/questions/52586726/javascript-moment-js-how-to-check-if-date-is-previous-date","displayLink":"https://stackoverflow.com › questions › javascript-mom...","snippetHighlightWords":["moment"],"date":"Oct 1, 2018 1 answer"},{"signatures":[],"areSignaturesLoading":true,"title":"DD/MM/YYYY Date format in Moment.js - Stack Overflow","snippet":"I have tried below code. $scope. SearchDate = moment(new Date(), \"DD/MM/YYYY\"); But it's return 0037-11-24T18:30:00.000Z .","url":"https://stackoverflow.com/questions/29861699/dd-mm-yyyy-date-format-in-moment-js","displayLink":"https://stackoverflow.com › questions › dd-mm-yyyy-d...","snippetHighlightWords":["moment","Date"]},{"signatures":[],"areSignaturesLoading":true,"title":"Moment.js sets dates to 1 day behind - Stack Overflow","snippet":"moment.utc will convert the input to universal time. You are running new Date(...) with an input that's based on GMT +1.","url":"https://stackoverflow.com/questions/50473932/moment-js-sets-dates-to-1-day-behind","displayLink":"https://stackoverflow.com › questions › moment-js-sets-...","snippetHighlightWords":["moment","Date"],"date":"May 22, 2018 2 answers"},{"signatures":[],"areSignaturesLoading":true,"title":"How to add 5 days with current date and format the output in ...","snippet":"You can use moment().add(5, 'days').format('DD/MM/YYYY') to achieve what you want. If you still want to use ...","url":"https://stackoverflow.com/questions/57576074/how-to-add-5-days-with-current-date-and-format-the-output-in-momentjs","displayLink":"https://stackoverflow.com › questions › how-to-add-5-d...","snippetHighlightWords":["moment"],"date":"Aug 20, 2019"},{"signatures":[],"areSignaturesLoading":true,"title":"Format existing date variable with moment.js - Stack Overflow","snippet":"moment(date+' '+time).format('MM.DD.YYYY'); ...but I am getting \"Invalid date\" error.","url":"https://stackoverflow.com/questions/43667164/format-existing-date-variable-with-moment-js","displayLink":"https://stackoverflow.com › questions › format-existing...","snippetHighlightWords":["moment","date"],"date":"Apr 27, 2017"},{"signatures":[],"areSignaturesLoading":true,"title":"How to convert Date to timestamp using MomentJS?","snippet":"You can get a string with a timestamp using .format('X') or .format('x') depending on which precision you want. But it's much cleaner to just get the numerical ...","url":"https://stackoverflow.com/questions/40146839/how-to-convert-date-to-timestamp-using-momentjs","displayLink":"https://stackoverflow.com › questions › how-to-convert..."},{"signatures":[],"areSignaturesLoading":true,"title":"Moment.js formatting date field to a day earlier than it should","snippet":"First, you can emove the plain JS new Date() as agument to moment. date: moment().format('YYYY-MM-DD'). No argument is necesssary to moment ...","url":"https://stackoverflow.com/questions/71059184/moment-js-formatting-date-field-to-a-day-earlier-than-it-should","displayLink":"https://stackoverflow.com › questions › moment-js-for...","snippetHighlightWords":["JS","Date","moment","date","moment","moment"],"date":"Feb 10, 2022 1 answer"}],"events":[{"timestamp":"2022-09-27T16:02:53.279Z","url":"https://stackoverflow.com/questions/15993913/format-date-with-moment-js","component":"projection","action":"loaded","data":"projection 10 of 10"},{"timestamp":"2022-09-27T16:02:53.279Z","url":"https://stackoverflow.com/questions/17987647/moment-js-transform-to-date-object","component":"projection","action":"loaded","data":"projection 9 of 10"},{"timestamp":"2022-09-27T16:02:53.279Z","url":"https://stackoverflow.com/questions/34188631/how-to-convert-date-in-moment-js","component":"projection","action":"loaded","data":"projection 8 of 10"},{"timestamp":"2022-09-27T16:02:53.279Z","url":"https://stackoverflow.com/questions/52586726/javascript-moment-js-how-to-check-if-date-is-previous-date","component":"projection","action":"loaded","data":"projection 7 of 10"},{"timestamp":"2022-09-27T16:02:53.279Z","url":"https://stackoverflow.com/questions/29861699/dd-mm-yyyy-date-format-in-moment-js","component":"projection","action":"loaded","data":"projection 6 of 10"},{"timestamp":"2022-09-27T16:02:53.279Z","url":"https://stackoverflow.com/questions/50473932/moment-js-sets-dates-to-1-day-behind","component":"projection","action":"loaded","data":"projection 5 of 10"},{"timestamp":"2022-09-27T16:02:53.279Z","url":"https://stackoverflow.com/questions/57576074/how-to-add-5-days-with-current-date-and-format-the-output-in-momentjs","component":"projection","action":"loaded","data":"projection 4 of 10"},{"timestamp":"2022-09-27T16:02:53.279Z","url":"https://stackoverflow.com/questions/43667164/format-existing-date-variable-with-moment-js","component":"projection","action":"loaded","data":"projection 3 of 10"},{"timestamp":"2022-09-27T16:02:53.279Z","url":"https://stackoverflow.com/questions/40146839/how-to-convert-date-to-timestamp-using-momentjs","component":"projection","action":"loaded","data":"projection 2 of 10"},{"timestamp":"2022-09-27T16:02:53.279Z","url":"https://stackoverflow.com/questions/71059184/moment-js-formatting-date-field-to-a-day-earlier-than-it-should","component":"projection","action":"loaded","data":"projection 1 of 10"}]},{"keywords":["moment","subtract"],"context":{"tokens":[{"kind":"library","value":"moment"},{"kind":"language","value":"javascript"}]},"timestamp":"2022-09-27T16:02:59.775Z","results":[{"signatures":[],"areSignaturesLoading":true,"title":"javascript - subtract time from date - moment js - Stack Overflow","snippet":"There is a simple function subtract which moment library gives us to subtract time from some time. Using it ...","url":"https://stackoverflow.com/questions/24428656/subtract-time-from-date-moment-js","displayLink":"https://stackoverflow.com › questions › subtract-time-fr...","snippetHighlightWords":["subtract","moment","subtract"],"date":"Jun 26, 2014"},{"signatures":[],"areSignaturesLoading":true,"title":"How add and subtract days using Moment JS for the given ...","snippet":"Here's how, just add and subtract directly using your selectedDate. var selectedDate = moment(1628312400000); let next = \"Next Day :: \" + ...","url":"https://stackoverflow.com/questions/68756983/how-add-and-subtract-days-using-moment-js-for-the-given-timestamp-value","displayLink":"https://stackoverflow.com › questions › how-add-and-s...","snippetHighlightWords":["subtract","moment"],"date":"Aug 12, 2021 4 answers"},{"signatures":[],"areSignaturesLoading":true,"title":"Perform Subtraction in Moment Js - javascript - Stack Overflow","snippet":"I want to subtract the duration value from the end value. How can I do that with moment.js? I am currently getting the error not valid ...","url":"https://stackoverflow.com/questions/72720240/perform-subtraction-in-moment-js","displayLink":"https://stackoverflow.com › questions › perform-subtra...","snippetHighlightWords":["subtract","moment","js"],"date":"Jun 22, 2022"},{"signatures":[],"areSignaturesLoading":true,"title":"How can I subtract 1 month using moment.js? - Stack Overflow","snippet":"It stores the date as a moment object, which you then modify by adding or subtracting a month without ever caring what its current value is. You ...","url":"https://stackoverflow.com/questions/67649925/how-can-i-subtract-1-month-using-moment-js","displayLink":"https://stackoverflow.com › questions › how-can-i-subtr...","snippetHighlightWords":["moment","subtracting"],"date":"May 22, 2021"},{"signatures":[],"areSignaturesLoading":true,"title":"Javascript: Subtract months from a string date using moment ...","snippet":"Basically, it is saying the moment object is mutable. So if you are subtracting from the original date, you are actually changing the ...","url":"https://stackoverflow.com/questions/70794840/javascript-subtract-months-from-a-string-date-using-moment-library","displayLink":"https://stackoverflow.com › questions › javascript-subtr...","snippetHighlightWords":["moment","subtracting"],"date":"Jan 20, 2022"},{"signatures":[],"areSignaturesLoading":true,"title":"How to subtract one month using moment.js? - Stack Overflow","snippet":"Before version 2.8.0, the moment#subtract(String, Number) syntax was also supported. It has been deprecated in favor of moment#subtract(Number, String) ...","url":"https://stackoverflow.com/questions/41505492/how-to-subtract-one-month-using-moment-js","displayLink":"https://stackoverflow.com › questions › how-to-subtract...","snippetHighlightWords":["moment","subtract","moment","subtract"]},{"signatures":[],"areSignaturesLoading":true,"title":"Subtract one day from a particular date using MomentJs","snippet":"Closed 3 years ago. I get the second week of 2018 like this using moment.js var date =moment([ ...","url":"https://stackoverflow.com/questions/54019837/subtract-one-day-from-a-particular-date-using-momentjs","displayLink":"https://stackoverflow.com › questions › subtract-one-da...","snippetHighlightWords":["moment","js","moment"],"date":"Jan 3, 2019"},{"signatures":[],"areSignaturesLoading":true,"title":"Format date and Subtract days using Moment.js - Stack Overflow","snippet":"You have multiple oddities happening. The first has been edited in your post, but it had to do with the order that the methods were being called.","url":"https://stackoverflow.com/questions/29651815/format-date-and-subtract-days-using-moment-js","displayLink":"https://stackoverflow.com › questions › format-date-an...","date":"7 answers"},{"signatures":[],"areSignaturesLoading":true,"title":"subtract days after the current date moment js - Stack Overflow","snippet":"this helped me. Moment js isValidDate I needed a little review. Example <Datetime locale=\"tr\" value={request.","url":"https://stackoverflow.com/questions/58626988/subtract-days-after-the-current-date-moment-js","displayLink":"https://stackoverflow.com › questions › subtract-days-af...","snippetHighlightWords":["Moment js"],"date":"Oct 30, 2019 1 answer"},{"signatures":[],"areSignaturesLoading":true,"title":"javascript - React Moment subtract time format - Stack Overflow","snippet":"Here is the working code : const calculateTime = () => { if (this.state.start !== \"\" && this.state.end !==","url":"https://stackoverflow.com/questions/70643603/react-moment-subtract-time-format","displayLink":"https://stackoverflow.com › questions › react-moment-s...","date":"Jan 9, 2022 1 answer"}],"events":[{"timestamp":"2022-09-27T16:03:00.923Z","url":"https://stackoverflow.com/questions/24428656/subtract-time-from-date-moment-js","component":"projection","action":"mouseenter"},{"timestamp":"2022-09-27T16:03:02.106Z","url":"https://stackoverflow.com/questions/24428656/subtract-time-from-date-moment-js","component":"projection","action":"loaded","data":"projection 10 of 10"},{"timestamp":"2022-09-27T16:03:02.106Z","url":"https://stackoverflow.com/questions/68756983/how-add-and-subtract-days-using-moment-js-for-the-given-timestamp-value","component":"projection","action":"loaded","data":"projection 9 of 10"},{"timestamp":"2022-09-27T16:03:02.106Z","url":"https://stackoverflow.com/questions/72720240/perform-subtraction-in-moment-js","component":"projection","action":"loaded","data":"projection 8 of 10"},{"timestamp":"2022-09-27T16:03:02.106Z","url":"https://stackoverflow.com/questions/67649925/how-can-i-subtract-1-month-using-moment-js","component":"projection","action":"loaded","data":"projection 7 of 10"},{"timestamp":"2022-09-27T16:03:02.106Z","url":"https://stackoverflow.com/questions/70794840/javascript-subtract-months-from-a-string-date-using-moment-library","component":"projection","action":"loaded","data":"projection 6 of 10"},{"timestamp":"2022-09-27T16:03:02.106Z","url":"https://stackoverflow.com/questions/41505492/how-to-subtract-one-month-using-moment-js","component":"projection","action":"loaded","data":"projection 5 of 10"},{"timestamp":"2022-09-27T16:03:02.106Z","url":"https://stackoverflow.com/questions/54019837/subtract-one-day-from-a-particular-date-using-momentjs","component":"projection","action":"loaded","data":"projection 4 of 10"},{"timestamp":"2022-09-27T16:03:02.106Z","url":"https://stackoverflow.com/questions/29651815/format-date-and-subtract-days-using-moment-js","component":"projection","action":"loaded","data":"projection 3 of 10"},{"timestamp":"2022-09-27T16:03:02.106Z","url":"https://stackoverflow.com/questions/58626988/subtract-days-after-the-current-date-moment-js","component":"projection","action":"loaded","data":"projection 2 of 10"},{"timestamp":"2022-09-27T16:03:02.106Z","url":"https://stackoverflow.com/questions/70643603/react-moment-subtract-time-format","component":"projection","action":"loaded","data":"projection 1 of 10"},{"timestamp":"2022-09-27T16:03:02.792Z","url":"https://stackoverflow.com/questions/24428656/subtract-time-from-date-moment-js","component":"page","action":"open"},{"timestamp":"2022-09-27T16:03:02.835Z","url":"https://stackoverflow.com/questions/24428656/subtract-time-from-date-moment-js","component":"projection","action":"mouseleave"},{"timestamp":"2022-09-27T16:03:03.369Z","url":"https://stackoverflow.com/questions/24428656/subtract-time-from-date-moment-js","component":"page","action":"load"},{"timestamp":"2022-09-27T16:03:06.352Z","url":"https://stackoverflow.com/questions/24428656/subtract-time-from-date-moment-js","component":"page","action":"scroll","data":{"viewport":{"x":0,"y":1000,"height":820,"width":438},"blocks":[{"identifier":"24428984","top":29.203125,"bottom":494.703125,"right":389,"left":68,"width":321,"height":465.5},{"identifier":"27492540","top":847.390625,"bottom":1163.890625,"right":389,"left":68,"width":321,"height":316.5},{"identifier":"57287372","top":1374.640625,"bottom":1721.640625,"right":389,"left":68,"width":321,"height":347},{"identifier":"24428908","top":2004.828125,"bottom":2366.328125,"right":389,"left":68,"width":321,"height":361.5},{"identifier":"37895245","top":2755.390625,"bottom":2997.890625,"right":389,"left":68,"width":321,"height":242.5},{"identifier":"37872591","top":3135.953125,"bottom":3293.953125,"right":389,"left":68,"width":321,"height":158},{"identifier":"68172062","top":3432.015625,"bottom":3823.515625,"right":389,"left":68,"width":321,"height":391.5}]}},{"timestamp":"2022-09-27T16:03:07.202Z","url":"https://stackoverflow.com/questions/24428656/subtract-time-from-date-moment-js","component":"page","action":"scroll","data":{"viewport":{"x":0,"y":900,"height":820,"width":438},"blocks":[{"identifier":"24428984","top":129.203125,"bottom":594.703125,"right":389,"left":68,"width":321,"height":465.5},{"identifier":"27492540","top":947.390625,"bottom":1263.890625,"right":389,"left":68,"width":321,"height":316.5},{"identifier":"57287372","top":1474.640625,"bottom":1821.640625,"right":389,"left":68,"width":321,"height":347},{"identifier":"24428908","top":2104.828125,"bottom":2466.328125,"right":389,"left":68,"width":321,"height":361.5},{"identifier":"37895245","top":2855.390625,"bottom":3097.890625,"right":389,"left":68,"width":321,"height":242.5},{"identifier":"37872591","top":3235.953125,"bottom":3393.953125,"right":389,"left":68,"width":321,"height":158},{"identifier":"68172062","top":3532.015625,"bottom":3923.515625,"right":389,"left":68,"width":321,"height":391.5}]}},{"timestamp":"2022-09-27T16:03:14.736Z","url":"https://stackoverflow.com/questions/24428656/subtract-time-from-date-moment-js","component":"page","action":"scroll","data":{"viewport":{"x":0,"y":600,"height":820,"width":438},"blocks":[{"identifier":"24428984","top":429.203125,"bottom":894.703125,"right":389,"left":68,"width":321,"height":465.5},{"identifier":"27492540","top":1247.390625,"bottom":1563.890625,"right":389,"left":68,"width":321,"height":316.5},{"identifier":"57287372","top":1774.640625,"bottom":2121.640625,"right":389,"left":68,"width":321,"height":347},{"identifier":"24428908","top":2404.828125,"bottom":2766.328125,"right":389,"left":68,"width":321,"height":361.5},{"identifier":"37895245","top":3155.390625,"bottom":3397.890625,"right":389,"left":68,"width":321,"height":242.5},{"identifier":"37872591","top":3535.953125,"bottom":3693.953125,"right":389,"left":68,"width":321,"height":158},{"identifier":"68172062","top":3832.015625,"bottom":4223.515625,"right":389,"left":68,"width":321,"height":391.5}]}},{"timestamp":"2022-09-27T16:03:14.961Z","url":"https://stackoverflow.com/questions/24428656/subtract-time-from-date-moment-js","component":"page","action":"close"}]},{"keywords":["moment","subtract","days"],"context":{"tokens":[{"kind":"library","value":"moment"},{"kind":"language","value":"javascript"}]},"timestamp":"2022-09-27T16:03:17.641Z","results":[{"signatures":[],"areSignaturesLoading":true,"title":"Format date and Subtract days using Moment.js - Stack Overflow","snippet":"I would like a variable to hold yesterday's date in the format DD-MM-YYYY using Moment.js. So if today is 15-04-2015, I would like to subtract a day and have 14 ...","url":"https://stackoverflow.com/questions/29651815/format-date-and-subtract-days-using-moment-js","displayLink":"https://stackoverflow.com › questions › format-date-an...","snippetHighlightWords":["Moment","js","subtract","day"]},{"signatures":[],"areSignaturesLoading":true,"title":"Moment JS - how to subtract 7 days from current date?","snippet":"You can use: moment().subtract(1,'w'). to subtract one week (7 days) from the current date. NOTE: 1. w for week 2. d for days 3. M for month 4. y for year.","url":"https://stackoverflow.com/questions/25888182/moment-js-how-to-subtract-7-days-from-current-date","displayLink":"https://stackoverflow.com › questions › moment-js-how...","snippetHighlightWords":["moment","subtract","subtract","days","days"]},{"signatures":[],"areSignaturesLoading":true,"title":"How add and subtract days using Moment JS for the given ...","snippet":"Here's how, just add and subtract directly using your selectedDate. var selectedDate = moment(1628312400000); let next = \"Next Day :: \" + ...","url":"https://stackoverflow.com/questions/68756983/how-add-and-subtract-days-using-moment-js-for-the-given-timestamp-value","displayLink":"https://stackoverflow.com › questions › how-add-and-s...","snippetHighlightWords":["subtract","moment","Day"],"date":"Aug 12, 2021 4 answers"},{"signatures":[],"areSignaturesLoading":true,"title":"subtract days after the current date moment js - Stack Overflow","snippet":"It cannot be selected 5 days before the current day. Now I want to do the same in the coming days. I don't want to choose days after 5 days .","url":"https://stackoverflow.com/questions/58626988/subtract-days-after-the-current-date-moment-js","displayLink":"https://stackoverflow.com › questions › subtract-days-af...","snippetHighlightWords":["days","day","days","days","days"],"date":"Oct 30, 2019"},{"signatures":[],"areSignaturesLoading":true,"title":"Subtract one day from a particular date using MomentJs","snippet":"Use moment substract method: .subtract(1, 'days');.","url":"https://stackoverflow.com/questions/54019837/subtract-one-day-from-a-particular-date-using-momentjs","displayLink":"https://stackoverflow.com › questions › subtract-one-da...","snippetHighlightWords":["moment","subtract","days"],"date":"Jan 3, 2019 1 answer"},{"signatures":[],"areSignaturesLoading":true,"title":"moment.js - subtract 1 day from Sunday not working as expected","snippet":"var timeFormat = 'dddd h:mma'; var originalDate = moment(\"sunday 12:00:00pm\", timeFormat); var previousDay = moment(originalDate).subtract(1, ' ...","url":"https://stackoverflow.com/questions/51428671/moment-js-subtract-1-day-from-sunday-not-working-as-expected","displayLink":"https://stackoverflow.com › questions › moment-js-subt...","snippetHighlightWords":["moment","moment","subtract"],"date":"Jul 19, 2018"},{"signatures":[],"areSignaturesLoading":true,"title":"Subtracting 30 days from an ISODate using MomentJS","snippet":"cosnt deceasedDate = '2021-12-23T23:00:00.000Z'; const thirtyDaysAgo = moment(deceasedDate) .subtract(30, 'days') .startOf('day'); try { ...","url":"https://stackoverflow.com/questions/67533168/subtracting-30-days-from-an-isodate-using-momentjs","displayLink":"https://stackoverflow.com › questions › subtracting-30-...","snippetHighlightWords":["moment","subtract","days","day"],"date":"May 14, 2021"},{"signatures":[],"areSignaturesLoading":true,"title":"Subtracting 3 days from date - Stack Overflow","snippet":"log(\"Friday\"); reminderDate = moment(exchange, \"DD.MM.YYYY\").subtract(1, 'days').format(\"DD.","url":"https://stackoverflow.com/questions/62778705/subtracting-3-days-from-date","displayLink":"https://stackoverflow.com › questions › subtracting-3-d...","snippetHighlightWords":["moment","subtract","days"],"date":"Jul 7, 2020"},{"signatures":[],"areSignaturesLoading":true,"title":"How to subtract days from a plain Date? - Stack Overflow","snippet":"var n = 5; var dateMnsFive = moment(<your date>).subtract(n , 'day');. Optional! Convert to JS Date obj for Angular binding. var date ...","url":"https://stackoverflow.com/questions/1296358/how-to-subtract-days-from-a-plain-date","displayLink":"https://stackoverflow.com › questions › how-to-subtract...","snippetHighlightWords":["moment","subtract","day","JS"]},{"signatures":[],"areSignaturesLoading":true,"title":"How to subtract one month using moment.js? - Stack Overflow","snippet":"As of 2.12.0 when decimal values are passed for days and months, they are rounded to the nearest integer. Weeks, quarters, and years are converted to days or ...","url":"https://stackoverflow.com/questions/41505492/how-to-subtract-one-month-using-moment-js","displayLink":"https://stackoverflow.com › questions › how-to-subtract...","snippetHighlightWords":["days","days"]}],"events":[{"timestamp":"2022-09-27T16:03:18.669Z","url":"https://stackoverflow.com/questions/29651815/format-date-and-subtract-days-using-moment-js","component":"projection","action":"mouseenter"},{"timestamp":"2022-09-27T16:03:19.088Z","url":"https://stackoverflow.com/questions/29651815/format-date-and-subtract-days-using-moment-js","component":"page","action":"open"},{"timestamp":"2022-09-27T16:03:19.112Z","url":"https://stackoverflow.com/questions/29651815/format-date-and-subtract-days-using-moment-js","component":"projection","action":"mouseleave"},{"timestamp":"2022-09-27T16:03:19.347Z","url":"https://stackoverflow.com/questions/29651815/format-date-and-subtract-days-using-moment-js","component":"projection","action":"loaded","data":"projection 10 of 10"},{"timestamp":"2022-09-27T16:03:19.347Z","url":"https://stackoverflow.com/questions/25888182/moment-js-how-to-subtract-7-days-from-current-date","component":"projection","action":"loaded","data":"projection 9 of 10"},{"timestamp":"2022-09-27T16:03:19.347Z","url":"https://stackoverflow.com/questions/68756983/how-add-and-subtract-days-using-moment-js-for-the-given-timestamp-value","component":"projection","action":"loaded","data":"projection 8 of 10"},{"timestamp":"2022-09-27T16:03:19.347Z","url":"https://stackoverflow.com/questions/58626988/subtract-days-after-the-current-date-moment-js","component":"projection","action":"loaded","data":"projection 7 of 10"},{"timestamp":"2022-09-27T16:03:19.347Z","url":"https://stackoverflow.com/questions/54019837/subtract-one-day-from-a-particular-date-using-momentjs","component":"projection","action":"loaded","data":"projection 6 of 10"},{"timestamp":"2022-09-27T16:03:19.347Z","url":"https://stackoverflow.com/questions/51428671/moment-js-subtract-1-day-from-sunday-not-working-as-expected","component":"projection","action":"loaded","data":"projection 5 of 10"},{"timestamp":"2022-09-27T16:03:19.347Z","url":"https://stackoverflow.com/questions/67533168/subtracting-30-days-from-an-isodate-using-momentjs","component":"projection","action":"loaded","data":"projection 4 of 10"},{"timestamp":"2022-09-27T16:03:19.347Z","url":"https://stackoverflow.com/questions/62778705/subtracting-3-days-from-date","component":"projection","action":"loaded","data":"projection 3 of 10"},{"timestamp":"2022-09-27T16:03:19.347Z","url":"https://stackoverflow.com/questions/1296358/how-to-subtract-days-from-a-plain-date","component":"projection","action":"loaded","data":"projection 2 of 10"},{"timestamp":"2022-09-27T16:03:19.347Z","url":"https://stackoverflow.com/questions/41505492/how-to-subtract-one-month-using-moment-js","component":"projection","action":"loaded","data":"projection 1 of 10"},{"timestamp":"2022-09-27T16:03:19.526Z","url":"https://stackoverflow.com/questions/29651815/format-date-and-subtract-days-using-moment-js","component":"page","action":"load"},{"timestamp":"2022-09-27T16:03:21.653Z","url":"https://stackoverflow.com/questions/29651815/format-date-and-subtract-days-using-moment-js","component":"page","action":"scroll","data":{"viewport":{"x":0,"y":800,"height":820,"width":438},"blocks":[{"identifier":"29652195","top":585.34375,"bottom":1157.84375,"right":389,"left":68,"width":321,"height":572.5},{"identifier":"56685858","top":1495.53125,"bottom":1706.53125,"right":389,"left":68,"width":321,"height":211},{"identifier":"29652077","top":1917.28125,"bottom":1968.28125,"right":389,"left":68,"width":321,"height":51},{"identifier":"29652091","top":2106.34375,"bottom":2516.34375,"right":389,"left":68,"width":321,"height":410},{"identifier":"54794221","top":2727.09375,"bottom":2919.09375,"right":389,"left":68,"width":321,"height":192},{"identifier":"29652120","top":3057.15625,"bottom":3362.15625,"right":389,"left":68,"width":321,"height":305},{"identifier":"37411397","top":3500.21875,"bottom":3545.21875,"right":389,"left":68,"width":321,"height":45}]}},{"timestamp":"2022-09-27T16:03:23.035Z","url":"https://stackoverflow.com/questions/29651815/format-date-and-subtract-days-using-moment-js","component":"page","action":"scroll","data":{"viewport":{"x":0,"y":1600,"height":820,"width":438},"blocks":[{"identifier":"29652195","top":-214.65625,"bottom":357.84375,"right":389,"left":68,"width":321,"height":572.5},{"identifier":"56685858","top":695.53125,"bottom":906.53125,"right":389,"left":68,"width":321,"height":211},{"identifier":"29652077","top":1117.28125,"bottom":1168.28125,"right":389,"left":68,"width":321,"height":51},{"identifier":"29652091","top":1306.34375,"bottom":1716.34375,"right":389,"left":68,"width":321,"height":410},{"identifier":"54794221","top":1927.09375,"bottom":2119.09375,"right":389,"left":68,"width":321,"height":192},{"identifier":"29652120","top":2257.15625,"bottom":2562.15625,"right":389,"left":68,"width":321,"height":305},{"identifier":"37411397","top":2700.21875,"bottom":2745.21875,"right":389,"left":68,"width":321,"height":45}]}},{"timestamp":"2022-09-27T16:06:45.446Z","url":"https://stackoverflow.com/questions/29651815/format-date-and-subtract-days-using-moment-js","component":"page","action":"close"}]},{"keywords":["moment","subtract","days"],"context":{"tokens":[{"kind":"library","value":"moment"},{"kind":"language","value":"javascript"}]},"timestamp":"2022-09-27T16:06:46.442Z","results":[{"signatures":[],"areSignaturesLoading":true,"title":"Format date and Subtract days using Moment.js - Stack Overflow","snippet":"I would like a variable to hold yesterday's date in the format DD-MM-YYYY using Moment.js. So if today is 15-04-2015, I would like to subtract a day and have 14 ...","url":"https://stackoverflow.com/questions/29651815/format-date-and-subtract-days-using-moment-js","displayLink":"https://stackoverflow.com › questions › format-date-an...","snippetHighlightWords":["Moment","js","subtract","day"]},{"signatures":[],"areSignaturesLoading":true,"title":"Moment JS - how to subtract 7 days from current date?","snippet":"You can use: moment().subtract(1,'w'). to subtract one week (7 days) from the current date. NOTE: 1. w for week 2. d for days 3. M for month 4. y for year.","url":"https://stackoverflow.com/questions/25888182/moment-js-how-to-subtract-7-days-from-current-date","displayLink":"https://stackoverflow.com › questions › moment-js-how...","snippetHighlightWords":["moment","subtract","subtract","days","days"]},{"signatures":[],"areSignaturesLoading":true,"title":"How add and subtract days using Moment JS for the given ...","snippet":"Here's how, just add and subtract directly using your selectedDate. var selectedDate = moment(1628312400000); let next = \"Next Day :: \" + ...","url":"https://stackoverflow.com/questions/68756983/how-add-and-subtract-days-using-moment-js-for-the-given-timestamp-value","displayLink":"https://stackoverflow.com › questions › how-add-and-s...","snippetHighlightWords":["subtract","moment","Day"],"date":"Aug 12, 2021 4 answers"},{"signatures":[],"areSignaturesLoading":true,"title":"subtract days after the current date moment js - Stack Overflow","snippet":"It cannot be selected 5 days before the current day. Now I want to do the same in the coming days. I don't want to choose days after 5 days .","url":"https://stackoverflow.com/questions/58626988/subtract-days-after-the-current-date-moment-js","displayLink":"https://stackoverflow.com › questions › subtract-days-af...","snippetHighlightWords":["days","day","days","days","days"],"date":"Oct 30, 2019"},{"signatures":[],"areSignaturesLoading":true,"title":"Subtract one day from a particular date using MomentJs","snippet":"Use moment substract method: .subtract(1, 'days');.","url":"https://stackoverflow.com/questions/54019837/subtract-one-day-from-a-particular-date-using-momentjs","displayLink":"https://stackoverflow.com › questions › subtract-one-da...","snippetHighlightWords":["moment","subtract","days"],"date":"Jan 3, 2019 1 answer"},{"signatures":[],"areSignaturesLoading":true,"title":"moment.js - subtract 1 day from Sunday not working as expected","snippet":"var timeFormat = 'dddd h:mma'; var originalDate = moment(\"sunday 12:00:00pm\", timeFormat); var previousDay = moment(originalDate).subtract(1, ' ...","url":"https://stackoverflow.com/questions/51428671/moment-js-subtract-1-day-from-sunday-not-working-as-expected","displayLink":"https://stackoverflow.com › questions › moment-js-subt...","snippetHighlightWords":["moment","moment","subtract"],"date":"Jul 19, 2018"},{"signatures":[],"areSignaturesLoading":true,"title":"Subtracting 30 days from an ISODate using MomentJS","snippet":"cosnt deceasedDate = '2021-12-23T23:00:00.000Z'; const thirtyDaysAgo = moment(deceasedDate) .subtract(30, 'days') .startOf('day'); try { ...","url":"https://stackoverflow.com/questions/67533168/subtracting-30-days-from-an-isodate-using-momentjs","displayLink":"https://stackoverflow.com › questions › subtracting-30-...","snippetHighlightWords":["moment","subtract","days","day"],"date":"May 14, 2021"},{"signatures":[],"areSignaturesLoading":true,"title":"Subtracting 3 days from date - Stack Overflow","snippet":"log(\"Friday\"); reminderDate = moment(exchange, \"DD.MM.YYYY\").subtract(1, 'days').format(\"DD.","url":"https://stackoverflow.com/questions/62778705/subtracting-3-days-from-date","displayLink":"https://stackoverflow.com › questions › subtracting-3-d...","snippetHighlightWords":["moment","subtract","days"],"date":"Jul 7, 2020"},{"signatures":[],"areSignaturesLoading":true,"title":"How to subtract days from a plain Date? - Stack Overflow","snippet":"var n = 5; var dateMnsFive = moment(<your date>).subtract(n , 'day');. Optional! Convert to JS Date obj for Angular binding. var date ...","url":"https://stackoverflow.com/questions/1296358/how-to-subtract-days-from-a-plain-date","displayLink":"https://stackoverflow.com › questions › how-to-subtract...","snippetHighlightWords":["moment","subtract","day","JS"]},{"signatures":[],"areSignaturesLoading":true,"title":"How to subtract one month using moment.js? - Stack Overflow","snippet":"As of 2.12.0 when decimal values are passed for days and months, they are rounded to the nearest integer. Weeks, quarters, and years are converted to days or ...","url":"https://stackoverflow.com/questions/41505492/how-to-subtract-one-month-using-moment-js","displayLink":"https://stackoverflow.com › questions › how-to-subtract...","snippetHighlightWords":["days","days"]}],"events":[{"timestamp":"2022-09-27T16:06:47.668Z","url":"https://stackoverflow.com/questions/29651815/format-date-and-subtract-days-using-moment-js","component":"projection","action":"loaded","data":"projection 10 of 10"},{"timestamp":"2022-09-27T16:06:47.668Z","url":"https://stackoverflow.com/questions/25888182/moment-js-how-to-subtract-7-days-from-current-date","component":"projection","action":"loaded","data":"projection 9 of 10"},{"timestamp":"2022-09-27T16:06:47.668Z","url":"https://stackoverflow.com/questions/68756983/how-add-and-subtract-days-using-moment-js-for-the-given-timestamp-value","component":"projection","action":"loaded","data":"projection 8 of 10"},{"timestamp":"2022-09-27T16:06:47.668Z","url":"https://stackoverflow.com/questions/58626988/subtract-days-after-the-current-date-moment-js","component":"projection","action":"loaded","data":"projection 7 of 10"},{"timestamp":"2022-09-27T16:06:47.668Z","url":"https://stackoverflow.com/questions/54019837/subtract-one-day-from-a-particular-date-using-momentjs","component":"projection","action":"loaded","data":"projection 6 of 10"},{"timestamp":"2022-09-27T16:06:47.669Z","url":"https://stackoverflow.com/questions/51428671/moment-js-subtract-1-day-from-sunday-not-working-as-expected","component":"projection","action":"loaded","data":"projection 5 of 10"},{"timestamp":"2022-09-27T16:06:47.669Z","url":"https://stackoverflow.com/questions/67533168/subtracting-30-days-from-an-isodate-using-momentjs","component":"projection","action":"loaded","data":"projection 4 of 10"},{"timestamp":"2022-09-27T16:06:47.669Z","url":"https://stackoverflow.com/questions/62778705/subtracting-3-days-from-date","component":"projection","action":"loaded","data":"projection 3 of 10"},{"timestamp":"2022-09-27T16:06:47.669Z","url":"https://stackoverflow.com/questions/1296358/how-to-subtract-days-from-a-plain-date","component":"projection","action":"loaded","data":"projection 2 of 10"},{"timestamp":"2022-09-27T16:06:47.669Z","url":"https://stackoverflow.com/questions/41505492/how-to-subtract-one-month-using-moment-js","component":"projection","action":"loaded","data":"projection 1 of 10"}]},{"keywords":["moment","time","from","date"],"context":{"tokens":[{"kind":"library","value":"moment"},{"kind":"language","value":"javascript"}]},"timestamp":"2022-09-27T16:06:54.270Z","results":[{"signatures":[],"areSignaturesLoading":true,"title":"Format datetime to YYYY-MM-DD HH:mm:ss in moment.js","snippet":"I have date like this 2017-01-09T18:30:00.000Z and I need to convert it into YYYY-MM-DD HH:mm:ss. I am trying this dateTime = moment(2017-01- ...","url":"https://stackoverflow.com/questions/30888197/format-datetime-to-yyyy-mm-dd-hhmmss-in-moment-js","displayLink":"https://stackoverflow.com › questions › format-datetime...","snippetHighlightWords":["date","moment"],"date":"Jun 17, 2015"},{"signatures":[],"areSignaturesLoading":true,"title":"moment.js concatenate date and time - Stack Overflow","snippet":"Concatenate the date and time strings and parse them as one, e.g.. var date = '23/02/2017'; var time = '15:42'; var dateTime = moment(date + ...","url":"https://stackoverflow.com/questions/42404507/moment-js-concatenate-date-and-time","displayLink":"https://stackoverflow.com › questions › moment-js-con...","snippetHighlightWords":["date","time","date","time","moment","date"],"date":"Feb 22, 2017 6 answers"},{"signatures":[],"areSignaturesLoading":true,"title":"How to set time with date in momentjs - Stack Overflow","snippet":"How to set time with date in momentjs · 1. moment(date+' '+time) ? – BenM · 2. It's probably a good time to read the docs on parsing. – chazsolo.","url":"https://stackoverflow.com/questions/42515588/how-to-set-time-with-date-in-momentjs","displayLink":"https://stackoverflow.com › questions › how-to-set-time...","snippetHighlightWords":["time","date","momentjs","moment","date","time","time"],"date":"Feb 28, 2017"},{"signatures":[],"areSignaturesLoading":true,"title":"How to change time with moment.js? - Stack Overflow","snippet":"Use moment setters (e.g. set ) to set both hours and minutes. You can use format() to display your moment object. If you need to convert moment ...","url":"https://stackoverflow.com/questions/44001718/how-to-change-time-with-moment-js","displayLink":"https://stackoverflow.com › questions › how-to-change-...","snippetHighlightWords":["moment","hours","moment","moment"],"date":"May 16, 2017 1 answer"},{"signatures":[],"areSignaturesLoading":true,"title":"momentjs - Moment.js - Parse Date Time Ago - Stack Overflow","snippet":"First, parse the date (you may want to look into moment's timezone extension). After parsing it, you can find a relative time fairly easily.","url":"https://stackoverflow.com/questions/53017772/moment-js-parse-date-time-ago","displayLink":"https://stackoverflow.com › questions › moment-js-pars...","snippetHighlightWords":["date","moment's","time"],"date":"Oct 27, 2018"},{"signatures":[],"areSignaturesLoading":true,"title":"How to get am pm from the date time string using moment js","snippet":"You are using the wrong format tokens when parsing your input. You should use ddd for an abbreviation of the name of day of the week, ...","url":"https://stackoverflow.com/questions/44971954/how-to-get-am-pm-from-the-date-time-string-using-moment-js","displayLink":"https://stackoverflow.com › questions › how-to-get-am-...","date":"Jul 7, 2017 3 answers"},{"signatures":[],"areSignaturesLoading":true,"title":"How can I remove time from date with Moment.js?","snippet":"var dateTime = moment(); var dateValue = moment({ year: dateTime.year(), month: dateTime.month(), day: dateTime.date() });.","url":"https://stackoverflow.com/questions/15130735/how-can-i-remove-time-from-date-with-moment-js","displayLink":"https://stackoverflow.com › questions › how-can-i-rem...","snippetHighlightWords":["moment","moment","date"]},{"signatures":[],"areSignaturesLoading":true,"title":"How to get time using Moment JS - Stack Overflow","snippet":"You can directly call function momentInstance.valueOf(), it will return numeric value of time similar to date.getTime ...","url":"https://stackoverflow.com/questions/29454824/how-to-get-time-using-moment-js","displayLink":"https://stackoverflow.com › questions › how-to-get-tim...","snippetHighlightWords":["time","date"]},{"signatures":[],"areSignaturesLoading":true,"title":"How to convert Date to timestamp using MomentJS?","snippet":"To get the time from the date use the format method of momentjs ... <script src=\"https://cdnjs.cloudflare.com/ajax/libs/moment.js/2.22.2/moment.min.js\"></ ...","url":"https://stackoverflow.com/questions/40146839/how-to-convert-date-to-timestamp-using-momentjs","displayLink":"https://stackoverflow.com › questions › how-to-convert...","snippetHighlightWords":["time","date","momentjs","moment","js","moment","js"]},{"signatures":[],"areSignaturesLoading":true,"title":"How to find time difference in seconds using moment.js","snippet":"var now = new Date().getTime(); var then = \"2022-03-04T07:29:39Z[UTC]\"; var ms ...","url":"https://stackoverflow.com/questions/71419290/how-to-find-time-difference-in-seconds-using-moment-js","displayLink":"https://stackoverflow.com › questions › how-to-find-ti...","snippetHighlightWords":["Date"],"date":"Mar 10, 2022"}],"events":[{"timestamp":"2022-09-27T16:06:55.973Z","url":"https://stackoverflow.com/questions/30888197/format-datetime-to-yyyy-mm-dd-hhmmss-in-moment-js","component":"projection","action":"mouseenter"},{"timestamp":"2022-09-27T16:06:57.156Z","url":"https://stackoverflow.com/questions/30888197/format-datetime-to-yyyy-mm-dd-hhmmss-in-moment-js","component":"projection","action":"loaded","data":"projection 10 of 10"},{"timestamp":"2022-09-27T16:06:57.156Z","url":"https://stackoverflow.com/questions/42404507/moment-js-concatenate-date-and-time","component":"projection","action":"loaded","data":"projection 9 of 10"},{"timestamp":"2022-09-27T16:06:57.156Z","url":"https://stackoverflow.com/questions/42515588/how-to-set-time-with-date-in-momentjs","component":"projection","action":"loaded","data":"projection 8 of 10"},{"timestamp":"2022-09-27T16:06:57.156Z","url":"https://stackoverflow.com/questions/44001718/how-to-change-time-with-moment-js","component":"projection","action":"loaded","data":"projection 7 of 10"},{"timestamp":"2022-09-27T16:06:57.156Z","url":"https://stackoverflow.com/questions/53017772/moment-js-parse-date-time-ago","component":"projection","action":"loaded","data":"projection 6 of 10"},{"timestamp":"2022-09-27T16:06:57.156Z","url":"https://stackoverflow.com/questions/44971954/how-to-get-am-pm-from-the-date-time-string-using-moment-js","component":"projection","action":"loaded","data":"projection 5 of 10"},{"timestamp":"2022-09-27T16:06:57.156Z","url":"https://stackoverflow.com/questions/15130735/how-can-i-remove-time-from-date-with-moment-js","component":"projection","action":"loaded","data":"projection 4 of 10"},{"timestamp":"2022-09-27T16:06:57.156Z","url":"https://stackoverflow.com/questions/29454824/how-to-get-time-using-moment-js","component":"projection","action":"loaded","data":"projection 3 of 10"},{"timestamp":"2022-09-27T16:06:57.156Z","url":"https://stackoverflow.com/questions/40146839/how-to-convert-date-to-timestamp-using-momentjs","component":"projection","action":"loaded","data":"projection 2 of 10"},{"timestamp":"2022-09-27T16:06:57.156Z","url":"https://stackoverflow.com/questions/71419290/how-to-find-time-difference-in-seconds-using-moment-js","component":"projection","action":"loaded","data":"projection 1 of 10"},{"timestamp":"2022-09-27T16:06:57.477Z","url":"https://stackoverflow.com/questions/30888197/format-datetime-to-yyyy-mm-dd-hhmmss-in-moment-js","component":"page","action":"open"},{"timestamp":"2022-09-27T16:06:57.503Z","url":"https://stackoverflow.com/questions/30888197/format-datetime-to-yyyy-mm-dd-hhmmss-in-moment-js","component":"projection","action":"mouseleave"},{"timestamp":"2022-09-27T16:06:57.920Z","url":"https://stackoverflow.com/questions/30888197/format-datetime-to-yyyy-mm-dd-hhmmss-in-moment-js","component":"page","action":"load"},{"timestamp":"2022-09-27T16:07:00.648Z","url":"https://stackoverflow.com/questions/30888197/format-datetime-to-yyyy-mm-dd-hhmmss-in-moment-js","component":"page","action":"scroll","data":{"viewport":{"x":0,"y":200,"height":820,"width":438},"blocks":[{"identifier":"30888281","top":724.21875,"bottom":1194.71875,"right":389,"left":68,"width":321,"height":470.5},{"identifier":"58352116","top":1843.03125,"bottom":2289.03125,"right":389,"left":68,"width":321,"height":446},{"identifier":"71823398","top":2427.09375,"bottom":2517.09375,"right":389,"left":68,"width":321,"height":90}]}},{"timestamp":"2022-09-27T16:07:02.281Z","url":"https://stackoverflow.com/questions/30888197/format-datetime-to-yyyy-mm-dd-hhmmss-in-moment-js","component":"page","action":"scroll","data":{"viewport":{"x":0,"y":600,"height":820,"width":438},"blocks":[{"identifier":"30888281","top":324.21875,"bottom":794.71875,"right":389,"left":68,"width":321,"height":470.5},{"identifier":"58352116","top":1443.03125,"bottom":1889.03125,"right":389,"left":68,"width":321,"height":446},{"identifier":"71823398","top":2027.09375,"bottom":2117.09375,"right":389,"left":68,"width":321,"height":90}]}},{"timestamp":"2022-09-27T16:07:02.658Z","url":"https://stackoverflow.com/questions/30888197/format-datetime-to-yyyy-mm-dd-hhmmss-in-moment-js","component":"page","action":"close"}]},{"keywords":["moment","subtract","time","from","date"],"context":{"tokens":[{"kind":"library","value":"moment"},{"kind":"language","value":"javascript"}]},"timestamp":"2022-09-27T16:07:07.038Z","results":[{"signatures":[],"areSignaturesLoading":true,"title":"javascript - subtract time from date - moment js - Stack Overflow","snippet":"There is a simple function subtract which moment library gives us to subtract time from some time. Using it ...","url":"https://stackoverflow.com/questions/24428656/subtract-time-from-date-moment-js","displayLink":"https://stackoverflow.com › questions › subtract-time-fr...","snippetHighlightWords":["subtract","moment","subtract time","time"],"date":"Jun 26, 2014"},{"signatures":[],"areSignaturesLoading":true,"title":"How to subtract 2 dates on momentjs - Stack Overflow","snippet":"You are correct, you can use moment's diff function to subtract two dates (see my example on Plunker): var date1 = moment('2016-10-08 ...","url":"https://stackoverflow.com/questions/40459932/how-to-subtract-2-dates-on-momentjs","displayLink":"https://stackoverflow.com › questions › how-to-subtract...","snippetHighlightWords":["moment's","subtract","dates","moment"],"date":"Nov 7, 2016 1 answer"},{"signatures":[],"areSignaturesLoading":true,"title":"javascript - How to subtract Time from current Time momentjs","snippet":"Show activity on this post. You can use endTime. subtract(duration, 'ms'). But for that endTime has to be a moment object.","url":"https://stackoverflow.com/questions/49169562/how-to-subtract-time-from-current-time-momentjs","displayLink":"https://stackoverflow.com › questions › how-to-subtract...","snippetHighlightWords":["subtract","moment"],"date":"Mar 8, 2018"},{"signatures":[],"areSignaturesLoading":true,"title":"Format date and Subtract days using Moment.js - Stack Overflow","snippet":"I would like a variable to hold yesterday's date in the format DD-MM-YYYY using Moment.js. So if today is 15-04-2015, I would like to subtract a day and have 14 ...","url":"https://stackoverflow.com/questions/29651815/format-date-and-subtract-days-using-moment-js","displayLink":"https://stackoverflow.com › questions › format-date-an...","snippetHighlightWords":["date","Moment","js","subtract"]},{"signatures":[],"areSignaturesLoading":true,"title":"javascript - React Moment subtract time format - Stack Overflow","snippet":"1 Answer 1 ... Here is the working code : const calculateTime = () => { if (this.state.start !== \"\" && this.state.end !== \"\") { let time1 = moment ...","url":"https://stackoverflow.com/questions/70643603/react-moment-subtract-time-format","displayLink":"https://stackoverflow.com › questions › react-moment-s...","snippetHighlightWords":["moment"],"date":"Jan 9, 2022 1 answer"},{"signatures":[],"areSignaturesLoading":true,"title":"How to get the total Hours by Subtracting two dates using ...","snippet":"The format function returns a string. So, in your code, date1 and date2 are strings, not momentjs datetime values. Remove the call to format() .","url":"https://stackoverflow.com/questions/52326850/how-to-get-the-total-hours-by-subtracting-two-dates-using-moment","displayLink":"https://stackoverflow.com › questions › how-to-get-the-...","snippetHighlightWords":["momentjs datetime"],"date":"Sep 14, 2018"},{"signatures":[],"areSignaturesLoading":true,"title":"How to subtract time using moment - javascript - Stack Overflow","snippet":"Why don't you just return both dates ( startDate and endDate ) minus 1 day ? · this should answer your question · There is some information ...","url":"https://stackoverflow.com/questions/56683364/how-to-subtract-time-using-moment","displayLink":"https://stackoverflow.com › questions › how-to-subtract...","snippetHighlightWords":["dates","minus"],"date":"Jun 20, 2019"},{"signatures":[],"areSignaturesLoading":true,"title":"JavaScript subtract time in moment used in reactJS","snippet":"You can simply use .subtract function to do get the results you are after. You do not need to use split or anything like that!","url":"https://stackoverflow.com/questions/63543715/javascript-subtract-time-in-moment-used-in-reactjs","displayLink":"https://stackoverflow.com › questions › javascript-subtr...","snippetHighlightWords":["subtract"],"date":"Aug 23, 2020 4 answers"},{"signatures":[],"areSignaturesLoading":true,"title":"How to deduct time in 24 hours using moment - Stack Overflow","snippet":"And to display relative time you can use moment. ... +myStringParts[1]; date.subtract({ hours: hourDelta, minutes: minuteDelta}); date.","url":"https://stackoverflow.com/questions/41533546/how-to-deduct-time-in-24-hours-using-moment","displayLink":"https://stackoverflow.com › questions › how-to-deduct-...","snippetHighlightWords":["time","moment","date","subtract","hours","date"],"date":"Jan 8, 2017"},{"signatures":[],"areSignaturesLoading":true,"title":"Subtracting hours from date string - javascript - Stack Overflow","snippet":"You can simply use moment subtract method. Here a working sample: // Current time in Shanghai var m = moment.tz('Asia/Shanghai'); ...","url":"https://stackoverflow.com/questions/43322526/subtracting-hours-from-date-string","displayLink":"https://stackoverflow.com › questions › subtracting-hou...","snippetHighlightWords":["moment subtract","time","moment"],"date":"Apr 10, 2017 1 answer"}],"events":[{"timestamp":"2022-09-27T16:07:08.767Z","url":"https://stackoverflow.com/questions/40459932/how-to-subtract-2-dates-on-momentjs","component":"projection","action":"mouseenter"},{"timestamp":"2022-09-27T16:07:09.947Z","url":"https://stackoverflow.com/questions/40459932/how-to-subtract-2-dates-on-momentjs","component":"projection","action":"mouseleave"},{"timestamp":"2022-09-27T16:07:09.951Z","url":"https://stackoverflow.com/questions/24428656/subtract-time-from-date-moment-js","component":"projection","action":"mouseenter"},{"timestamp":"2022-09-27T16:07:09.954Z","url":"https://stackoverflow.com/questions/24428656/subtract-time-from-date-moment-js","component":"projection","action":"loaded","data":"projection 10 of 10"},{"timestamp":"2022-09-27T16:07:09.954Z","url":"https://stackoverflow.com/questions/40459932/how-to-subtract-2-dates-on-momentjs","component":"projection","action":"loaded","data":"projection 9 of 10"},{"timestamp":"2022-09-27T16:07:09.954Z","url":"https://stackoverflow.com/questions/49169562/how-to-subtract-time-from-current-time-momentjs","component":"projection","action":"loaded","data":"projection 8 of 10"},{"timestamp":"2022-09-27T16:07:09.954Z","url":"https://stackoverflow.com/questions/29651815/format-date-and-subtract-days-using-moment-js","component":"projection","action":"loaded","data":"projection 7 of 10"},{"timestamp":"2022-09-27T16:07:09.954Z","url":"https://stackoverflow.com/questions/70643603/react-moment-subtract-time-format","component":"projection","action":"loaded","data":"projection 6 of 10"},{"timestamp":"2022-09-27T16:07:09.954Z","url":"https://stackoverflow.com/questions/52326850/how-to-get-the-total-hours-by-subtracting-two-dates-using-moment","component":"projection","action":"loaded","data":"projection 5 of 10"},{"timestamp":"2022-09-27T16:07:09.954Z","url":"https://stackoverflow.com/questions/56683364/how-to-subtract-time-using-moment","component":"projection","action":"loaded","data":"projection 4 of 10"},{"timestamp":"2022-09-27T16:07:09.954Z","url":"https://stackoverflow.com/questions/63543715/javascript-subtract-time-in-moment-used-in-reactjs","component":"projection","action":"loaded","data":"projection 3 of 10"},{"timestamp":"2022-09-27T16:07:09.954Z","url":"https://stackoverflow.com/questions/41533546/how-to-deduct-time-in-24-hours-using-moment","component":"projection","action":"loaded","data":"projection 2 of 10"},{"timestamp":"2022-09-27T16:07:09.954Z","url":"https://stackoverflow.com/questions/43322526/subtracting-hours-from-date-string","component":"projection","action":"loaded","data":"projection 1 of 10"},{"timestamp":"2022-09-27T16:07:10.297Z","url":"https://stackoverflow.com/questions/24428656/subtract-time-from-date-moment-js","component":"projection","action":"mouseleave"},{"timestamp":"2022-09-27T16:07:10.300Z","url":"https://stackoverflow.com/questions/40459932/how-to-subtract-2-dates-on-momentjs","component":"projection","action":"mouseenter"},{"timestamp":"2022-09-27T16:07:10.931Z","url":"https://stackoverflow.com/questions/40459932/how-to-subtract-2-dates-on-momentjs","component":"projection","action":"mouseleave"},{"timestamp":"2022-09-27T16:07:10.937Z","url":"https://stackoverflow.com/questions/24428656/subtract-time-from-date-moment-js","component":"projection","action":"mouseenter"},{"timestamp":"2022-09-27T16:07:11.371Z","url":"https://stackoverflow.com/questions/24428656/subtract-time-from-date-moment-js","component":"page","action":"open"},{"timestamp":"2022-09-27T16:07:11.411Z","url":"https://stackoverflow.com/questions/24428656/subtract-time-from-date-moment-js","component":"projection","action":"mouseleave"},{"timestamp":"2022-09-27T16:07:11.851Z","url":"https://stackoverflow.com/questions/24428656/subtract-time-from-date-moment-js","component":"page","action":"load"},{"timestamp":"2022-09-27T16:07:13.248Z","url":"https://stackoverflow.com/questions/24428656/subtract-time-from-date-moment-js","component":"page","action":"scroll","data":{"viewport":{"x":0,"y":100,"height":820,"width":438},"blocks":[{"identifier":"24428984","top":929.203125,"bottom":1394.703125,"right":389,"left":68,"width":321,"height":465.5},{"identifier":"27492540","top":1747.390625,"bottom":2063.890625,"right":389,"left":68,"width":321,"height":316.5},{"identifier":"57287372","top":2274.640625,"bottom":2621.640625,"right":389,"left":68,"width":321,"height":347},{"identifier":"24428908","top":2904.828125,"bottom":3266.328125,"right":389,"left":68,"width":321,"height":361.5},{"identifier":"37895245","top":3655.390625,"bottom":3897.890625,"right":389,"left":68,"width":321,"height":242.5},{"identifier":"37872591","top":4035.953125,"bottom":4193.953125,"right":389,"left":68,"width":321,"height":158},{"identifier":"68172062","top":4332.015625,"bottom":4723.515625,"right":389,"left":68,"width":321,"height":391.5}]}},{"timestamp":"2022-09-27T16:07:13.965Z","url":"https://stackoverflow.com/questions/24428656/subtract-time-from-date-moment-js","component":"page","action":"scroll","data":{"viewport":{"x":0,"y":200,"height":820,"width":438},"blocks":[{"identifier":"24428984","top":829.203125,"bottom":1294.703125,"right":389,"left":68,"width":321,"height":465.5},{"identifier":"27492540","top":1647.390625,"bottom":1963.890625,"right":389,"left":68,"width":321,"height":316.5},{"identifier":"57287372","top":2174.640625,"bottom":2521.640625,"right":389,"left":68,"width":321,"height":347},{"identifier":"24428908","top":2804.828125,"bottom":3166.328125,"right":389,"left":68,"width":321,"height":361.5},{"identifier":"37895245","top":3555.390625,"bottom":3797.890625,"right":389,"left":68,"width":321,"height":242.5},{"identifier":"37872591","top":3935.953125,"bottom":4093.953125,"right":389,"left":68,"width":321,"height":158},{"identifier":"68172062","top":4232.015625,"bottom":4623.515625,"right":389,"left":68,"width":321,"height":391.5}]}},{"timestamp":"2022-09-27T16:08:02.514Z","url":"https://stackoverflow.com/questions/24428656/subtract-time-from-date-moment-js","component":"page","action":"scroll","data":{"viewport":{"x":0,"y":0,"height":820,"width":438},"blocks":[{"identifier":"24428984","top":1029.203125,"bottom":1494.703125,"right":389,"left":68,"width":321,"height":465.5},{"identifier":"27492540","top":1847.390625,"bottom":2163.890625,"right":389,"left":68,"width":321,"height":316.5},{"identifier":"57287372","top":2374.640625,"bottom":2721.640625,"right":389,"left":68,"width":321,"height":347},{"identifier":"24428908","top":3004.828125,"bottom":3366.328125,"right":389,"left":68,"width":321,"height":361.5},{"identifier":"37895245","top":3755.390625,"bottom":3997.890625,"right":389,"left":68,"width":321,"height":242.5},{"identifier":"37872591","top":4135.953125,"bottom":4293.953125,"right":389,"left":68,"width":321,"height":158},{"identifier":"68172062","top":4432.015625,"bottom":4823.515625,"right":389,"left":68,"width":321,"height":391.5}]}}]}]}