{"trialId":"31472_2","taskId":"serve","appEvents":[{"timestamp":"2022-09-27T15:56:56.216Z","name":"resize","data":{"height":880,"width":442}},{"timestamp":"2022-09-27T15:57:36.614Z","name":"search","data":"search-start"},{"timestamp":"2022-09-27T15:57:43.570Z","name":"search","data":"search-done"}],"searches":[{"keywords":["express","add","static","route","javascript"],"context":{"tokens":[{"kind":"library","value":"express"},{"kind":"library","value":"path"},{"kind":"language","value":"javascript"}]},"timestamp":"2022-09-27T15:57:36.612Z","results":[{"signatures":[{"answerKeywords":["route","route","express","static","route","express","static","static","express","static","static","express","static","express","static","route","static","static","route","route","static","route","route","route","route","route","express","static","express","route","express","route","static","route","static"],"answerWordCount":1883,"text":"use(string, unknown)","parentType":"any","name":"use","arguments":[{"type":"string"},{"type":"any"}],"returnType":"any","usage":"app.use('/', router)","definition":"","source":"app.use('/', router);\napp.use(express.static(__dirname + '/public'));\n\napp.use(express.static(__dirname + '/public/html'));\napp.use(express.static(__dirname + '/public'));\napp.use('/', router);\n","answerId":"28143812","answerUrl":"https://stackoverflow.com/a/28143812","voteCount":22,"isAccepted":true,"lastModified":"2015-01-26T02:08:44.000Z"},{"answerKeywords":["route","route","express","static","route","express","static","static","express","static","static","express","static","express","static","route","static","static","route","route","static","route","route","route","route","route","express","static","express","route","express","route","static","route","static"],"answerWordCount":1883,"text":"use(unknown)","parentType":"any","name":"use","arguments":[{"type":"any"}],"returnType":"any","usage":"app.use(express.static(__dirname + '/public'))","definition":"","source":"app.use('/', router);\napp.use(express.static(__dirname + '/public'));\n\napp.use(express.static(__dirname + '/public/html'));\napp.use(express.static(__dirname + '/public'));\napp.use('/', router);\n","answerId":"28143812","answerUrl":"https://stackoverflow.com/a/28143812","voteCount":22,"isAccepted":true,"lastModified":"2015-01-26T02:08:44.000Z"},{"answerKeywords":["route","route","express","static","route","express","static","static","express","static","static","express","static","express","static","route","static","static","route","route","static","route","route","route","route","route","express","static","express","route","express","route","static","route","static"],"answerWordCount":1883,"text":"static(string)","parentType":"any","name":"static","arguments":[{"type":"string"}],"returnType":"any","usage":"express.static(__dirname + '/public')","definition":"","source":"app.use('/', router);\napp.use(express.static(__dirname + '/public'));\n\napp.use(express.static(__dirname + '/public/html'));\napp.use(express.static(__dirname + '/public'));\napp.use('/', router);\n","answerId":"28143812","answerUrl":"https://stackoverflow.com/a/28143812","voteCount":22,"isAccepted":true,"lastModified":"2015-01-26T02:08:44.000Z"},{"answerKeywords":["route","route","express","static","route","express","static","static","express","static","static","express","static","express","static","route","static","static","route","route","static","route","route","route","route","route","express","static","express","route","express","route","static","route","static"],"answerWordCount":1883,"text":"use(unknown)","parentType":"any","name":"use","arguments":[{"type":"any"}],"returnType":"any","usage":"app.use(express.static(__dirname + '/public/html'))","definition":"","source":"app.use('/', router);\napp.use(express.static(__dirname + '/public'));\n\napp.use(express.static(__dirname + '/public/html'));\napp.use(express.static(__dirname + '/public'));\napp.use('/', router);\n","answerId":"28143812","answerUrl":"https://stackoverflow.com/a/28143812","voteCount":22,"isAccepted":true,"lastModified":"2015-01-26T02:08:44.000Z"},{"answerKeywords":["route","route","express","static","route","express","static","static","express","static","static","express","static","express","static","route","static","static","route","route","static","route","route","route","route","route","express","static","express","route","express","route","static","route","static"],"answerWordCount":1883,"text":"static(string)","parentType":"any","name":"static","arguments":[{"type":"string"}],"returnType":"any","usage":"express.static(__dirname + '/public/html')","definition":"","source":"app.use('/', router);\napp.use(express.static(__dirname + '/public'));\n\napp.use(express.static(__dirname + '/public/html'));\napp.use(express.static(__dirname + '/public'));\napp.use('/', router);\n","answerId":"28143812","answerUrl":"https://stackoverflow.com/a/28143812","voteCount":22,"isAccepted":true,"lastModified":"2015-01-26T02:08:44.000Z"},{"answerKeywords":["route","route","express","static","route","express","static","static","express","static","static","express","static","express","static","route","static","static","route","route","static","route","route","route","route","route","express","static","express","route","express","route","static","route","static"],"answerWordCount":1883,"text":"use(unknown)","parentType":"any","name":"use","arguments":[{"type":"any"}],"returnType":"any","usage":"app.use(express.static(__dirname + '/public'))","definition":"","source":"app.use('/', router);\napp.use(express.static(__dirname + '/public'));\n\napp.use(express.static(__dirname + '/public/html'));\napp.use(express.static(__dirname + '/public'));\napp.use('/', router);\n","answerId":"28143812","answerUrl":"https://stackoverflow.com/a/28143812","voteCount":22,"isAccepted":true,"lastModified":"2015-01-26T02:08:44.000Z"},{"answerKeywords":["route","route","express","static","route","express","static","static","express","static","static","express","static","express","static","route","static","static","route","route","static","route","route","route","route","route","express","static","express","route","express","route","static","route","static"],"answerWordCount":1883,"text":"static(string)","parentType":"any","name":"static","arguments":[{"type":"string"}],"returnType":"any","usage":"express.static(__dirname + '/public')","definition":"","source":"app.use('/', router);\napp.use(express.static(__dirname + '/public'));\n\napp.use(express.static(__dirname + '/public/html'));\napp.use(express.static(__dirname + '/public'));\napp.use('/', router);\n","answerId":"28143812","answerUrl":"https://stackoverflow.com/a/28143812","voteCount":22,"isAccepted":true,"lastModified":"2015-01-26T02:08:44.000Z"},{"answerKeywords":["route","route","express","static","route","express","static","static","express","static","static","express","static","express","static","route","static","static","route","route","static","route","route","route","route","route","express","static","express","route","express","route","static","route","static"],"answerWordCount":1883,"text":"use(string, unknown)","parentType":"any","name":"use","arguments":[{"type":"string"},{"type":"any"}],"returnType":"any","usage":"app.use('/', router)","definition":"","source":"app.use('/', router);\napp.use(express.static(__dirname + '/public'));\n\napp.use(express.static(__dirname + '/public/html'));\napp.use(express.static(__dirname + '/public'));\napp.use('/', router);\n","answerId":"28143812","answerUrl":"https://stackoverflow.com/a/28143812","voteCount":22,"isAccepted":true,"lastModified":"2015-01-26T02:08:44.000Z"}],"areSignaturesLoading":false,"title":"node.js - `express.static()` keeps routing my files from the route","snippet":"1 Answer 1 ... app.use('/', router); app.use(express.static(__dirname + '/public'));. means your router will be called first and, if no middleware ...","url":"https://stackoverflow.com/questions/28143419/express-static-keeps-routing-my-files-from-the-route","displayLink":"https://stackoverflow.com › questions › express-static-k...","snippetHighlightWords":["express","static"],"date":"Jan 26, 2015"},{"signatures":[],"areSignaturesLoading":false,"title":"How to serve static files to different routes in Express?","snippet":"It's got to do with relative path. With express it's safer to use absolute path. After your route goes one level deep, the html file which ...","url":"https://stackoverflow.com/questions/55853857/how-to-serve-static-files-to-different-routes-in-express","displayLink":"https://stackoverflow.com › questions › how-to-serve-st...","snippetHighlightWords":["path","express","path","route"],"date":"Apr 25, 2019 1 answer"},{"signatures":[],"areSignaturesLoading":false,"title":"Node Express force all static routes to point to root path","snippet":"I have a node.js application that I am trying to genericize so that no matter the URL on the back end it always uses the root path to serve ...","url":"https://stackoverflow.com/questions/58081749/node-express-force-all-static-routes-to-point-to-root-path","displayLink":"https://stackoverflow.com › questions › node-express-f...","snippetHighlightWords":["node","js","path"],"date":"Sep 24, 2019"},{"signatures":[{"answerKeywords":["route","path","path"],"answerWordCount":892,"text":"use(function)","parentType":"any","name":"use","arguments":[{"type":"(req: any, res: any, next: any) => void"}],"returnType":"any","usage":"app.use(requestParser)","definition":"","source":"var requestParser = function(req, res, next) {\n    if(req.originalUrl.indexOf('/assets/') >= 0) {\n        var assetPath = path.join(wwwPath,  req.path.slice(req.url.indexOf('/assets/')));\n        fs.stat(assetPath, function(error, stat){\n            if(stat && stat.isFile()) {\n                res.sendFile(assetPath);\n            }\n            else{ \n                res.status(404).send('<h1>404</h1>');\n            }\n        });\n    }\n    else {\n        next();\n    }\n};\n\napp.use(requestParser);\n\napp.use('/list/*', function(req, res, next) {\n    res.sendFile('schema.html', { root: wwwPath });\n});\n\napp.use('/setup/*', function(req, res, next) {\n    res.sendFile('setup.html', { root: wwwPath });\n});\n","answerId":"36403370","answerUrl":"https://stackoverflow.com/a/36403370","voteCount":0,"isAccepted":true,"lastModified":"2016-04-04T12:58:11.000Z"},{"answerKeywords":["route","path","path"],"answerWordCount":892,"text":"use(string, function)","parentType":"any","name":"use","arguments":[{"type":"string"},{"type":"(req: any, res: any, next: any) => void"}],"returnType":"any","usage":"app.use('/list/*', function(req, res, next) {\n    res.sendFile('schema.html', { root: wwwPath });\n})","definition":"","source":"var requestParser = function(req, res, next) {\n    if(req.originalUrl.indexOf('/assets/') >= 0) {\n        var assetPath = path.join(wwwPath,  req.path.slice(req.url.indexOf('/assets/')));\n        fs.stat(assetPath, function(error, stat){\n            if(stat && stat.isFile()) {\n                res.sendFile(assetPath);\n            }\n            else{ \n                res.status(404).send('<h1>404</h1>');\n            }\n        });\n    }\n    else {\n        next();\n    }\n};\n\napp.use(requestParser);\n\napp.use('/list/*', function(req, res, next) {\n    res.sendFile('schema.html', { root: wwwPath });\n});\n\napp.use('/setup/*', function(req, res, next) {\n    res.sendFile('setup.html', { root: wwwPath });\n});\n","answerId":"36403370","answerUrl":"https://stackoverflow.com/a/36403370","voteCount":0,"isAccepted":true,"lastModified":"2016-04-04T12:58:11.000Z"},{"answerKeywords":["route","path","path"],"answerWordCount":892,"text":"use(string, function)","parentType":"any","name":"use","arguments":[{"type":"string"},{"type":"(req: any, res: any, next: any) => void"}],"returnType":"any","usage":"app.use('/setup/*', function(req, res, next) {\n    res.sendFile('setup.html', { root: wwwPath });\n})","definition":"","source":"var requestParser = function(req, res, next) {\n    if(req.originalUrl.indexOf('/assets/') >= 0) {\n        var assetPath = path.join(wwwPath,  req.path.slice(req.url.indexOf('/assets/')));\n        fs.stat(assetPath, function(error, stat){\n            if(stat && stat.isFile()) {\n                res.sendFile(assetPath);\n            }\n            else{ \n                res.status(404).send('<h1>404</h1>');\n            }\n        });\n    }\n    else {\n        next();\n    }\n};\n\napp.use(requestParser);\n\napp.use('/list/*', function(req, res, next) {\n    res.sendFile('schema.html', { root: wwwPath });\n});\n\napp.use('/setup/*', function(req, res, next) {\n    res.sendFile('setup.html', { root: wwwPath });\n});\n","answerId":"36403370","answerUrl":"https://stackoverflow.com/a/36403370","voteCount":0,"isAccepted":true,"lastModified":"2016-04-04T12:58:11.000Z"}],"areSignaturesLoading":false,"title":"node.js - Static routing in node express - Stack Overflow","snippet":"The solution was to use custom middleware. Here are the new routes: var requestParser = function(req, res, next) { if(req.originalUrl.","url":"https://stackoverflow.com/questions/36395563/static-routing-in-node-express","displayLink":"https://stackoverflow.com › questions › static-routing-in...","snippetHighlightWords":["routes"],"date":"Apr 4, 2016 1 answer"},{"signatures":[{"answerKeywords":["express","static","express","express","express","static","path","path","express","path","path","path","path"],"answerWordCount":888,"text":"()","name":"","arguments":[],"returnType":"any","usage":"require('express-dynamic-static')()","definition":"","source":"const express = require('express');\nconst dynamicStatic = require('express-dynamic-static')(); // immediate initialization\nconst path = require('path');\n\nconst app = express();\napp.use(dynamicStatic);\n\napp.get('/', (req, res) => {\n    dynamicStatic.setPath(path.resolve(__dirname, 'path/to/app/assets'));\n\n    // res.render...\n}\n\n\napp.get('/admin', (req, res) => {\n    dynamicStatic.setPath(path.resolve(__dirname, 'path/to/admin/assets'));\n\n    // res.render...\n}\n","answerId":"44165381","answerUrl":"https://stackoverflow.com/a/44165381","voteCount":1,"isAccepted":true,"lastModified":"2017-05-24T18:05:37.000Z"},{"answerKeywords":["express","static","express","express","express","static","path","path","express","path","path","path","path"],"answerWordCount":888,"text":"express()","name":"express","arguments":[],"returnType":"any","usage":"express()","definition":"","source":"const express = require('express');\nconst dynamicStatic = require('express-dynamic-static')(); // immediate initialization\nconst path = require('path');\n\nconst app = express();\napp.use(dynamicStatic);\n\napp.get('/', (req, res) => {\n    dynamicStatic.setPath(path.resolve(__dirname, 'path/to/app/assets'));\n\n    // res.render...\n}\n\n\napp.get('/admin', (req, res) => {\n    dynamicStatic.setPath(path.resolve(__dirname, 'path/to/admin/assets'));\n\n    // res.render...\n}\n","answerId":"44165381","answerUrl":"https://stackoverflow.com/a/44165381","voteCount":1,"isAccepted":true,"lastModified":"2017-05-24T18:05:37.000Z"},{"answerKeywords":["express","static","express","express","express","static","path","path","express","path","path","path","path"],"answerWordCount":888,"text":"use(unknown)","parentType":"any","name":"use","arguments":[{"type":"any"}],"returnType":"any","usage":"app.use(dynamicStatic)","definition":"const app = express();","source":"const express = require('express');\nconst dynamicStatic = require('express-dynamic-static')(); // immediate initialization\nconst path = require('path');\n\nconst app = express();\napp.use(dynamicStatic);\n\napp.get('/', (req, res) => {\n    dynamicStatic.setPath(path.resolve(__dirname, 'path/to/app/assets'));\n\n    // res.render...\n}\n\n\napp.get('/admin', (req, res) => {\n    dynamicStatic.setPath(path.resolve(__dirname, 'path/to/admin/assets'));\n\n    // res.render...\n}\n","answerId":"44165381","answerUrl":"https://stackoverflow.com/a/44165381","voteCount":1,"isAccepted":true,"lastModified":"2017-05-24T18:05:37.000Z"},{"answerKeywords":["express","static","express","express","express","static","path","path","express","path","path","path","path"],"answerWordCount":888,"text":"get(string, function, unknown)","parentType":"any","name":"get","arguments":[{"type":"string"},{"type":"(req: any, res: any) => void"},{"type":"any"}],"returnType":"any","usage":"app.get('/', (req, res) => {\n    dynamicStatic.setPath(path.resolve(__dirname, 'path/to/app/assets'));\n\n    // res.render...\n}\n\n\napp.get('/admin', (req, res) => {\n    dynamicStatic.setPath(path.resolve(__dirname, 'path/to/admin/assets'));\n\n    // res.render...\n}","definition":"const app = express();","source":"const express = require('express');\nconst dynamicStatic = require('express-dynamic-static')(); // immediate initialization\nconst path = require('path');\n\nconst app = express();\napp.use(dynamicStatic);\n\napp.get('/', (req, res) => {\n    dynamicStatic.setPath(path.resolve(__dirname, 'path/to/app/assets'));\n\n    // res.render...\n}\n\n\napp.get('/admin', (req, res) => {\n    dynamicStatic.setPath(path.resolve(__dirname, 'path/to/admin/assets'));\n\n    // res.render...\n}\n","answerId":"44165381","answerUrl":"https://stackoverflow.com/a/44165381","voteCount":1,"isAccepted":true,"lastModified":"2017-05-24T18:05:37.000Z"},{"answerKeywords":["express","static","express","express","express","static","path","path","express","path","path","path","path"],"answerWordCount":888,"text":"get(string, function)","parentType":"any","name":"get","arguments":[{"type":"string"},{"type":"(req: any, res: any) => void"}],"returnType":"any","usage":"app.get('/admin', (req, res) => {\n    dynamicStatic.setPath(path.resolve(__dirname, 'path/to/admin/assets'));\n\n    // res.render...\n}","definition":"const app = express();","source":"const express = require('express');\nconst dynamicStatic = require('express-dynamic-static')(); // immediate initialization\nconst path = require('path');\n\nconst app = express();\napp.use(dynamicStatic);\n\napp.get('/', (req, res) => {\n    dynamicStatic.setPath(path.resolve(__dirname, 'path/to/app/assets'));\n\n    // res.render...\n}\n\n\napp.get('/admin', (req, res) => {\n    dynamicStatic.setPath(path.resolve(__dirname, 'path/to/admin/assets'));\n\n    // res.render...\n}\n","answerId":"44165381","answerUrl":"https://stackoverflow.com/a/44165381","voteCount":1,"isAccepted":true,"lastModified":"2017-05-24T18:05:37.000Z"}],"areSignaturesLoading":false,"title":"How can I change the express static path based on the route?","snippet":"Your #2 approach does create virtual path prefix (where the path does ... can be done is changing the path of express.static() in run time.","url":"https://stackoverflow.com/questions/44148293/how-can-i-change-the-express-static-path-based-on-the-route","displayLink":"https://stackoverflow.com › questions › how-can-i-chan...","snippetHighlightWords":["create","path","path","path","express","static"],"date":"May 24, 2017"},{"signatures":[{"answerKeywords":["express","static","express","static","path","static","express","route","static","express","route","path","static","path","static"],"answerWordCount":1630,"text":"use(unknown)","parentType":"any","name":"use","arguments":[{"type":"any"}],"returnType":"any","usage":"app.use(express.static(path.join(__dirname, 'public')))","definition":"","source":"app.use(express.static(path.join(__dirname, 'public')));\n","answerId":"60879014","answerUrl":"https://stackoverflow.com/a/60879014","voteCount":1,"isAccepted":false,"lastModified":"2020-03-27T02:12:07.000Z"},{"answerKeywords":["express","static","express","static","path","static","express","route","static","express","route","path","static","path","static"],"answerWordCount":1630,"text":"static(unknown)","parentType":"any","name":"static","arguments":[{"type":"any"}],"returnType":"any","usage":"express.static(path.join(__dirname, 'public'))","definition":"","source":"app.use(express.static(path.join(__dirname, 'public')));\n","answerId":"60879014","answerUrl":"https://stackoverflow.com/a/60879014","voteCount":1,"isAccepted":false,"lastModified":"2020-03-27T02:12:07.000Z"},{"answerKeywords":["express","static","express","static","path","static","express","route","static","express","route","path","static","path","static"],"answerWordCount":1630,"text":"join(unknown, string)","parentType":"any","name":"join","arguments":[{"type":"any"},{"type":"string"}],"returnType":"any","usage":"path.join(__dirname, 'public')","definition":"","source":"app.use(express.static(path.join(__dirname, 'public')));\n","answerId":"60879014","answerUrl":"https://stackoverflow.com/a/60879014","voteCount":1,"isAccepted":false,"lastModified":"2020-03-27T02:12:07.000Z"},{"answerKeywords":["add","path","path","express","static","path","path","path","express","static","path","path","path","route","path","static","route"],"answerWordCount":1583,"text":"use(string, unknown)","parentType":"any","name":"use","arguments":[{"type":"string"},{"type":"any"}],"returnType":"any","usage":"app.use('/path1', express.static(__dirname + '/www'))","definition":"","source":"app.use('/path1', express.static(__dirname + '/www'));            // Serves files as named in the '/path1' url path\napp.use('/path2', express.static(__dirname + '/otherdirectory')); // Serves files as named in the '/path2' url path\n","answerId":"60879319","answerUrl":"https://stackoverflow.com/a/60879319","voteCount":1,"isAccepted":false,"lastModified":"2020-03-27T02:50:33.000Z"},{"answerKeywords":["add","path","path","express","static","path","path","path","express","static","path","path","path","route","path","static","route"],"answerWordCount":1583,"text":"static(string)","parentType":"any","name":"static","arguments":[{"type":"string"}],"returnType":"any","usage":"express.static(__dirname + '/www')","definition":"","source":"app.use('/path1', express.static(__dirname + '/www'));            // Serves files as named in the '/path1' url path\napp.use('/path2', express.static(__dirname + '/otherdirectory')); // Serves files as named in the '/path2' url path\n","answerId":"60879319","answerUrl":"https://stackoverflow.com/a/60879319","voteCount":1,"isAccepted":false,"lastModified":"2020-03-27T02:50:33.000Z"},{"answerKeywords":["add","path","path","express","static","path","path","path","express","static","path","path","path","route","path","static","route"],"answerWordCount":1583,"text":"use(string, unknown)","parentType":"any","name":"use","arguments":[{"type":"string"},{"type":"any"}],"returnType":"any","usage":"app.use('/path2', express.static(__dirname + '/otherdirectory'))","definition":"","source":"app.use('/path1', express.static(__dirname + '/www'));            // Serves files as named in the '/path1' url path\napp.use('/path2', express.static(__dirname + '/otherdirectory')); // Serves files as named in the '/path2' url path\n","answerId":"60879319","answerUrl":"https://stackoverflow.com/a/60879319","voteCount":1,"isAccepted":false,"lastModified":"2020-03-27T02:50:33.000Z"},{"answerKeywords":["add","path","path","express","static","path","path","path","express","static","path","path","path","route","path","static","route"],"answerWordCount":1583,"text":"static(string)","parentType":"any","name":"static","arguments":[{"type":"string"}],"returnType":"any","usage":"express.static(__dirname + '/otherdirectory')","definition":"","source":"app.use('/path1', express.static(__dirname + '/www'));            // Serves files as named in the '/path1' url path\napp.use('/path2', express.static(__dirname + '/otherdirectory')); // Serves files as named in the '/path2' url path\n","answerId":"60879319","answerUrl":"https://stackoverflow.com/a/60879319","voteCount":1,"isAccepted":false,"lastModified":"2020-03-27T02:50:33.000Z"}],"areSignaturesLoading":false,"title":"Express routes to serve directory of static content","snippet":"yes but a whole directory of it to specific route path. – Ajay. Mar 27, 2020 at 1:59. Add a comment ...","url":"https://stackoverflow.com/questions/60878869/express-routes-to-serve-directory-of-static-content","displayLink":"https://stackoverflow.com › questions › express-routes-t...","snippetHighlightWords":["directory","route path","Add"],"date":"Mar 27, 2020"},{"signatures":[{"answerKeywords":["express","static","path","static"],"answerWordCount":941,"text":"use(unknown)","parentType":"any","name":"use","arguments":[{"type":"any"}],"returnType":"any","usage":"app.use(express.static(path.join(__dirname, 'public')))","definition":"","source":"app.use(express.static(path.join(__dirname, 'public')));\n\nhttp://localhost:8080/views/src/index.js","answerId":"55285916","answerUrl":"https://stackoverflow.com/a/55285916","voteCount":2,"isAccepted":false,"lastModified":"2019-03-21T17:18:59.000Z"},{"answerKeywords":["express","static","path","static"],"answerWordCount":941,"text":"static(unknown)","parentType":"any","name":"static","arguments":[{"type":"any"}],"returnType":"any","usage":"express.static(path.join(__dirname, 'public'))","definition":"","source":"app.use(express.static(path.join(__dirname, 'public')));\n\nhttp://localhost:8080/views/src/index.js","answerId":"55285916","answerUrl":"https://stackoverflow.com/a/55285916","voteCount":2,"isAccepted":false,"lastModified":"2019-03-21T17:18:59.000Z"},{"answerKeywords":["express","static","path","static"],"answerWordCount":941,"text":"join(unknown, string)","parentType":"any","name":"join","arguments":[{"type":"any"},{"type":"string"}],"returnType":"any","usage":"path.join(__dirname, 'public')","definition":"","source":"app.use(express.static(path.join(__dirname, 'public')));\n\nhttp://localhost:8080/views/src/index.js","answerId":"55285916","answerUrl":"https://stackoverflow.com/a/55285916","voteCount":2,"isAccepted":false,"lastModified":"2019-03-21T17:18:59.000Z"},{"answerKeywords":["express","static","express","static","path"],"answerWordCount":950,"text":"use(unknown)","parentType":"any","name":"use","arguments":[{"type":"any"}],"returnType":"any","usage":"app.use(express.static(path.join(__dirname, 'views', 'src')))","definition":"","source":"app.use(express.static(path.join(__dirname, 'views', 'src')));\napp.use(userRoutes);\n","answerId":"55289687","answerUrl":"https://stackoverflow.com/a/55289687","voteCount":1,"isAccepted":false,"lastModified":"2019-03-21T21:42:08.000Z"},{"answerKeywords":["express","static","express","static","path"],"answerWordCount":950,"text":"static(unknown)","parentType":"any","name":"static","arguments":[{"type":"any"}],"returnType":"any","usage":"express.static(path.join(__dirname, 'views', 'src'))","definition":"","source":"app.use(express.static(path.join(__dirname, 'views', 'src')));\napp.use(userRoutes);\n","answerId":"55289687","answerUrl":"https://stackoverflow.com/a/55289687","voteCount":1,"isAccepted":false,"lastModified":"2019-03-21T21:42:08.000Z"},{"answerKeywords":["express","static","express","static","path"],"answerWordCount":950,"text":"join(unknown, string, string)","parentType":"any","name":"join","arguments":[{"type":"any"},{"type":"string"},{"type":"string"}],"returnType":"any","usage":"path.join(__dirname, 'views', 'src')","definition":"","source":"app.use(express.static(path.join(__dirname, 'views', 'src')));\napp.use(userRoutes);\n","answerId":"55289687","answerUrl":"https://stackoverflow.com/a/55289687","voteCount":1,"isAccepted":false,"lastModified":"2019-03-21T21:42:08.000Z"},{"answerKeywords":["express","static","express","static","path"],"answerWordCount":950,"text":"use(unknown)","parentType":"any","name":"use","arguments":[{"type":"any"}],"returnType":"any","usage":"app.use(userRoutes)","definition":"","source":"app.use(express.static(path.join(__dirname, 'views', 'src')));\napp.use(userRoutes);\n","answerId":"55289687","answerUrl":"https://stackoverflow.com/a/55289687","voteCount":1,"isAccepted":false,"lastModified":"2019-03-21T21:42:08.000Z"}],"areSignaturesLoading":false,"title":"express.static() doesn't route the static files - Stack Overflow","snippet":"I would just serve the public folder. app.use(express.static(path.join(__dirname, 'public')));. Then you can just do:","url":"https://stackoverflow.com/questions/55285668/express-static-doesnt-route-the-static-files","displayLink":"https://stackoverflow.com › questions › express-static-d...","snippetHighlightWords":["express","static","path"],"date":"Mar 21, 2019 2 answers"},{"signatures":[{"answerKeywords":["route","route","route"],"answerWordCount":1221,"text":"get(string, function)","parentType":"any","name":"get","arguments":[{"type":"string"},{"type":"(req: any, res: any) => void"}],"returnType":"any","usage":"app.get('/:id', function(req, res) {\n    if (req.params.id === 'all') {\n        // do what you would do for /all\n    } else {\n        // do what you do for /:id\n    }\n}","definition":"","source":"app.get('/:id', function(req, res) {\n    if (req.params.id === 'all') {\n        // do what you would do for /all\n    } else {\n        // do what you do for /:id\n    }\n}\n","answerId":"40711330","answerUrl":"https://stackoverflow.com/a/40711330","voteCount":2,"isAccepted":false,"lastModified":"2016-11-21T00:56:21.000Z"},{"answerKeywords":["route","route"],"answerWordCount":740,"text":"get(string, unknown)","parentType":"any","name":"get","arguments":[{"type":"string"},{"type":"any"}],"returnType":"any","usage":"app.get('/all', callback2)","definition":"","source":"app.get('/all', callback2);\n\napp.get('/:id', callback);\n","answerId":"56404844","answerUrl":"https://stackoverflow.com/a/56404844","voteCount":2,"isAccepted":false,"lastModified":"2019-06-01T07:49:23.000Z"},{"answerKeywords":["route","route"],"answerWordCount":740,"text":"get(string, unknown)","parentType":"any","name":"get","arguments":[{"type":"string"},{"type":"any"}],"returnType":"any","usage":"app.get('/:id', callback)","definition":"","source":"app.get('/all', callback2);\n\napp.get('/:id', callback);\n","answerId":"56404844","answerUrl":"https://stackoverflow.com/a/56404844","voteCount":2,"isAccepted":false,"lastModified":"2019-06-01T07:49:23.000Z"}],"areSignaturesLoading":false,"title":"node.js - express route with param overriding the static route","snippet":"@JimBaldwin Flipping the order isn't working. – pradyumnad. Nov 21, 2016 at 0:11. Add a comment ...","url":"https://stackoverflow.com/questions/40710867/express-route-with-param-overriding-the-static-route","displayLink":"https://stackoverflow.com › questions › express-route-w...","snippetHighlightWords":["Add"]},{"signatures":[{"answerKeywords":["route","static","path","static","path","route"],"answerWordCount":943,"text":"get(string, unknown)","parentType":"any","name":"get","arguments":[{"type":"string"},{"type":"any"}],"returnType":"any","usage":"app.get('/xyz/api/user', authApi.user)","definition":"","source":"app.get('/xyz/api/user', authApi.user);\napp.use('/xyz/',Express.static(path.join(__dirname,'/app')));\n","answerId":"42977199","answerUrl":"https://stackoverflow.com/a/42977199","voteCount":2,"isAccepted":true,"lastModified":"2017-03-23T13:17:14.000Z"},{"answerKeywords":["route","static","path","static","path","route"],"answerWordCount":943,"text":"use(string, unknown)","parentType":"any","name":"use","arguments":[{"type":"string"},{"type":"any"}],"returnType":"any","usage":"app.use('/xyz/',Express.static(path.join(__dirname,'/app')))","definition":"","source":"app.get('/xyz/api/user', authApi.user);\napp.use('/xyz/',Express.static(path.join(__dirname,'/app')));\n","answerId":"42977199","answerUrl":"https://stackoverflow.com/a/42977199","voteCount":2,"isAccepted":true,"lastModified":"2017-03-23T13:17:14.000Z"},{"answerKeywords":["route","static","path","static","path","route"],"answerWordCount":943,"text":"static(unknown)","parentType":"any","name":"static","arguments":[{"type":"any"}],"returnType":"any","usage":"Express.static(path.join(__dirname,'/app'))","definition":"","source":"app.get('/xyz/api/user', authApi.user);\napp.use('/xyz/',Express.static(path.join(__dirname,'/app')));\n","answerId":"42977199","answerUrl":"https://stackoverflow.com/a/42977199","voteCount":2,"isAccepted":true,"lastModified":"2017-03-23T13:17:14.000Z"},{"answerKeywords":["route","static","path","static","path","route"],"answerWordCount":943,"text":"join(unknown, string)","parentType":"any","name":"join","arguments":[{"type":"any"},{"type":"string"}],"returnType":"any","usage":"path.join(__dirname,'/app')","definition":"","source":"app.get('/xyz/api/user', authApi.user);\napp.use('/xyz/',Express.static(path.join(__dirname,'/app')));\n","answerId":"42977199","answerUrl":"https://stackoverflow.com/a/42977199","voteCount":2,"isAccepted":true,"lastModified":"2017-03-23T13:17:14.000Z"}],"areSignaturesLoading":false,"title":"Express serving static files and routing - Stack Overflow","snippet":"You want the routes to come before serving your static content and you do not need the :path url param app.get('/xyz/api/user', ...","url":"https://stackoverflow.com/questions/42977068/express-serving-static-files-and-routing","displayLink":"https://stackoverflow.com › questions › express-serving...","snippetHighlightWords":["routes","static","path"],"date":"Mar 23, 2017 1 answer"},{"signatures":[],"areSignaturesLoading":false,"title":"How to add a static route after a dynamic one in ExpressJS?","snippet":"Well, express checks routes in the the order they are registered, and the first one matching is executed. · @bogdanoff what do you think require( ...","url":"https://stackoverflow.com/questions/73305912/how-to-add-a-static-route-after-a-dynamic-one-in-expressjs","displayLink":"https://stackoverflow.com › questions › how-to-add-a-st...","snippetHighlightWords":["express","routes"],"date":"Aug 10, 2022"}],"events":[{"timestamp":"2022-09-27T15:57:39.044Z","url":"https://stackoverflow.com/questions/28143419/express-static-keeps-routing-my-files-from-the-route","component":"projection","action":"mouseenter"},{"timestamp":"2022-09-27T15:57:39.946Z","url":"https://stackoverflow.com/questions/28143419/express-static-keeps-routing-my-files-from-the-route","component":"projection","action":"loaded","data":"projection 1 of 10"},{"timestamp":"2022-09-27T15:57:40.215Z","url":"https://stackoverflow.com/questions/55853857/how-to-serve-static-files-to-different-routes-in-express","component":"projection","action":"loaded","data":"projection 2 of 10"},{"timestamp":"2022-09-27T15:57:40.410Z","url":"https://stackoverflow.com/questions/58081749/node-express-force-all-static-routes-to-point-to-root-path","component":"projection","action":"loaded","data":"projection 3 of 10"},{"timestamp":"2022-09-27T15:57:40.804Z","url":"https://stackoverflow.com/questions/36395563/static-routing-in-node-express","component":"projection","action":"loaded","data":"projection 4 of 10"},{"timestamp":"2022-09-27T15:57:41.196Z","url":"https://stackoverflow.com/questions/44148293/how-can-i-change-the-express-static-path-based-on-the-route","component":"projection","action":"loaded","data":"projection 5 of 10"},{"timestamp":"2022-09-27T15:57:41.739Z","url":"https://stackoverflow.com/questions/60878869/express-routes-to-serve-directory-of-static-content","component":"projection","action":"loaded","data":"projection 6 of 10"},{"timestamp":"2022-09-27T15:57:42.025Z","url":"","component":"projection","action":"mouseenter","data":"static(string)"},{"timestamp":"2022-09-27T15:57:42.141Z","url":"","component":"projection","action":"mouseleave","data":"static(string)"},{"timestamp":"2022-09-27T15:57:42.142Z","url":"","component":"projection","action":"mouseenter","data":"use(unknown)"},{"timestamp":"2022-09-27T15:57:42.346Z","url":"https://stackoverflow.com/questions/55285668/express-static-doesnt-route-the-static-files","component":"projection","action":"loaded","data":"projection 7 of 10"},{"timestamp":"2022-09-27T15:57:42.369Z","url":"","component":"projection","action":"mouseleave","data":"use(unknown)"},{"timestamp":"2022-09-27T15:57:42.370Z","url":"","component":"projection","action":"mouseenter","data":"use(string, unknown)"},{"timestamp":"2022-09-27T15:57:42.991Z","url":"https://stackoverflow.com/questions/40710867/express-route-with-param-overriding-the-static-route","component":"projection","action":"loaded","data":"projection 8 of 10"},{"timestamp":"2022-09-27T15:57:43.315Z","url":"https://stackoverflow.com/questions/42977068/express-serving-static-files-and-routing","component":"projection","action":"loaded","data":"projection 9 of 10"},{"timestamp":"2022-09-27T15:57:43.491Z","url":"","component":"projection","action":"mouseleave","data":"use(string, unknown)"},{"timestamp":"2022-09-27T15:57:43.508Z","url":"","component":"projection","action":"mouseenter","data":"use(unknown)"},{"timestamp":"2022-09-27T15:57:43.558Z","url":"","component":"projection","action":"mouseleave","data":"use(unknown)"},{"timestamp":"2022-09-27T15:57:43.569Z","url":"https://stackoverflow.com/questions/73305912/how-to-add-a-static-route-after-a-dynamic-one-in-expressjs","component":"projection","action":"loaded","data":"projection 10 of 10"},{"timestamp":"2022-09-27T15:57:43.585Z","url":"","component":"projection","action":"mouseenter","data":"static(string)"},{"timestamp":"2022-09-27T15:57:43.725Z","url":"","component":"projection","action":"mouseleave","data":"static(string)"},{"timestamp":"2022-09-27T15:57:46.740Z","url":"","component":"projection","action":"mouseenter","data":"static(string)"},{"timestamp":"2022-09-27T15:57:46.856Z","url":"","component":"projection","action":"mouseleave","data":"static(string)"},{"timestamp":"2022-09-27T15:57:46.858Z","url":"","component":"projection","action":"mouseenter","data":"use(unknown)"},{"timestamp":"2022-09-27T15:57:46.923Z","url":"","component":"projection","action":"mouseleave","data":"use(unknown)"},{"timestamp":"2022-09-27T15:57:46.925Z","url":"","component":"projection","action":"mouseenter","data":"use(string, unknown)"},{"timestamp":"2022-09-27T15:57:47.006Z","url":"","component":"projection","action":"mouseleave","data":"use(string, unknown)"},{"timestamp":"2022-09-27T15:57:47.040Z","url":"https://stackoverflow.com/questions/28143419/express-static-keeps-routing-my-files-from-the-route","component":"projection","action":"mouseleave"},{"timestamp":"2022-09-27T15:57:47.041Z","url":"https://stackoverflow.com/questions/55853857/how-to-serve-static-files-to-different-routes-in-express","component":"projection","action":"mouseenter"},{"timestamp":"2022-09-27T15:57:47.910Z","url":"https://stackoverflow.com/questions/55853857/how-to-serve-static-files-to-different-routes-in-express","component":"page","action":"open"},{"timestamp":"2022-09-27T15:57:47.957Z","url":"https://stackoverflow.com/questions/55853857/how-to-serve-static-files-to-different-routes-in-express","component":"projection","action":"mouseleave"},{"timestamp":"2022-09-27T15:57:48.553Z","url":"https://stackoverflow.com/questions/55853857/how-to-serve-static-files-to-different-routes-in-express","component":"page","action":"load"},{"timestamp":"2022-09-27T15:58:14.513Z","url":"https://stackoverflow.com/questions/55853857/how-to-serve-static-files-to-different-routes-in-express","component":"page","action":"copy","data":"app.use('/public', express.static(__dirname + '/public'))"},{"timestamp":"2022-09-27T15:58:14.560Z","url":"https://stackoverflow.com/questions/55853857/how-to-serve-static-files-to-different-routes-in-express","component":"page","action":"selection","data":"app.use('/public', express.static(__dirname + '/public'))"}]}]}