{"trialId":"31472_2","taskId":"find","appEvents":[{"timestamp":"2022-09-27T15:32:45.682Z","name":"resize","data":{"height":880,"width":299}},{"timestamp":"2022-09-27T15:32:46.216Z","name":"search","data":"search-start"},{"timestamp":"2022-09-27T15:32:47.425Z","name":"search","data":"search-done"},{"timestamp":"2022-09-27T15:36:18.146Z","name":"resize","data":{"height":880,"width":942}},{"timestamp":"2022-09-27T15:36:20.260Z","name":"resize","data":{"height":880,"width":341}}],"searches":[{"keywords":["find","item","in","array","by","value"],"context":{"tokens":[{"kind":"language","value":"javascript"}]},"timestamp":"2022-09-27T15:32:46.215Z","results":[{"signatures":[],"areSignaturesLoading":true,"title":"Find a value in an array of objects in Javascript - Stack Overflow","url":"https://stackoverflow.com/questions/12462318/find-a-value-in-an-array-of-objects-in-javascript","displayLink":"https://stackoverflow.com › questions › find-a-value-in-...","date":"Sep 17, 2012","snippet":"The find() method returns the first value that matches from the collection. Once it matches the value in findings, it will not check the ...","snippetHighlightWords":["find","value","value","check"]},{"signatures":[],"areSignaturesLoading":true,"title":"How to find if an array contains a specific string in JavaScript ...","url":"https://stackoverflow.com/questions/6116474/how-to-find-if-an-array-contains-a-specific-string-in-javascript-jquery","displayLink":"https://stackoverflow.com › questions › how-to-find-if-...","date":"May 24, 2011","snippet":"var found = categories.includes('specialword');. No comparisons and no confusing -1 results. It does what we want: it returns true ..."},{"signatures":[],"areSignaturesLoading":true,"title":"Find object with specific value in array - Stack Overflow","url":"https://stackoverflow.com/questions/52460473/find-object-with-specific-value-in-array","displayLink":"https://stackoverflow.com › questions › find-object-wit...","date":"Sep 22, 2018","snippet":"Now, I would like to check if my array contains an object with the name \"Mike\". How do I go about this in javascript? I am thinking something ...","snippetHighlightWords":["check","array","object","javascript"]},{"signatures":[],"areSignaturesLoading":true,"title":"Get JavaScript object from array of objects by value of property","url":"https://stackoverflow.com/questions/13964155/get-javascript-object-from-array-of-objects-by-value-of-property","displayLink":"https://stackoverflow.com › questions › get-javascript-o...","date":"Dec 20, 2012","snippet":"The find() method returns a value in the array, if an element in the array satisfies the provided testing function.","snippetHighlightWords":["find","value","array","element","array"]},{"signatures":[],"areSignaturesLoading":true,"title":"Find object by id in an array of JavaScript objects","url":"https://stackoverflow.com/questions/7364150/find-object-by-id-in-an-array-of-javascript-objects","displayLink":"https://stackoverflow.com › questions › find-object-by-i...","snippet":"Use the find() method: myArray.find(x => x.id === '45').foo;. From MDN: The find() method returns the first value in the array, ...","snippetHighlightWords":["find","find","find","value","array"],"extensions":["Sep 9, 2011","36 answers"]},{"signatures":[],"areSignaturesLoading":true,"title":"Find all matching elements with in an array of objects [duplicate]","url":"https://stackoverflow.com/questions/52311150/find-all-matching-elements-with-in-an-array-of-objects","displayLink":"https://stackoverflow.com › questions › find-all-matchi...","snippet":"Two things: first, Array.find() returns the first matching element, undefined if it finds nothing. Array.filter returns a new array ...","snippetHighlightWords":["Array","find","element","Array","array"],"extensions":["Sep 13, 2018","6 answers"]},{"signatures":[],"areSignaturesLoading":true,"title":"How do I check if an array includes a value in JavaScript?","url":"https://stackoverflow.com/questions/237104/how-do-i-check-if-an-array-includes-a-value-in-javascript","displayLink":"https://stackoverflow.com › questions › how-do-i-check...","snippet":"inArray is a terrible name for a function that returns the index of the element, and -1 if it doesn't exist. I would expect a boolean to be returned. – Tim. Jul ...","snippetHighlightWords":["element"]},{"signatures":[],"areSignaturesLoading":true,"title":"How can I find and update values in an array of objects?","url":"https://stackoverflow.com/questions/35206125/how-can-i-find-and-update-values-in-an-array-of-objects","displayLink":"https://stackoverflow.com › questions › how-can-i-find-...","date":"Feb 4, 2016","snippet":"var item = {...} var items = [{id:2}, {id:2}, {id: ...","snippetHighlightWords":["item"]},{"signatures":[],"areSignaturesLoading":true,"title":"Find an item in array and get whats left - Stack Overflow","url":"https://stackoverflow.com/questions/57607836/find-an-item-in-array-and-get-whats-left","displayLink":"https://stackoverflow.com › questions › find-an-item-in...","date":"Aug 22, 2019","snippet":"var fruit = [ \"apples\", \"pears\" ]; var alreadyHave = \"apples\"; for( var i = 0; i < fruit.length; i++){ if (! fruit[i] === alreadyHave) { fruit."},{"signatures":[],"areSignaturesLoading":true,"title":"Best way to find if an item is in a JavaScript array? [duplicate]","url":"https://stackoverflow.com/questions/143847/best-way-to-find-if-an-item-is-in-a-javascript-array","displayLink":"https://stackoverflow.com › questions › best-way-to-fin...","snippet":"Note that \"inArray\" is a misnomer, because it doesn't return boolean value - it returns index of first element found. So if you are checking if ...","extensions":["Sep 27, 2008","8 answers"]}],"events":[{"timestamp":"2022-09-27T15:32:47.424Z","url":"https://stackoverflow.com/questions/12462318/find-a-value-in-an-array-of-objects-in-javascript","component":"projection","action":"loaded","data":"projection 10 of 10"},{"timestamp":"2022-09-27T15:32:47.424Z","url":"https://stackoverflow.com/questions/6116474/how-to-find-if-an-array-contains-a-specific-string-in-javascript-jquery","component":"projection","action":"loaded","data":"projection 9 of 10"},{"timestamp":"2022-09-27T15:32:47.424Z","url":"https://stackoverflow.com/questions/52460473/find-object-with-specific-value-in-array","component":"projection","action":"loaded","data":"projection 8 of 10"},{"timestamp":"2022-09-27T15:32:47.424Z","url":"https://stackoverflow.com/questions/13964155/get-javascript-object-from-array-of-objects-by-value-of-property","component":"projection","action":"loaded","data":"projection 7 of 10"},{"timestamp":"2022-09-27T15:32:47.425Z","url":"https://stackoverflow.com/questions/7364150/find-object-by-id-in-an-array-of-javascript-objects","component":"projection","action":"loaded","data":"projection 6 of 10"},{"timestamp":"2022-09-27T15:32:47.425Z","url":"https://stackoverflow.com/questions/52311150/find-all-matching-elements-with-in-an-array-of-objects","component":"projection","action":"loaded","data":"projection 5 of 10"},{"timestamp":"2022-09-27T15:32:47.425Z","url":"https://stackoverflow.com/questions/237104/how-do-i-check-if-an-array-includes-a-value-in-javascript","component":"projection","action":"loaded","data":"projection 4 of 10"},{"timestamp":"2022-09-27T15:32:47.425Z","url":"https://stackoverflow.com/questions/35206125/how-can-i-find-and-update-values-in-an-array-of-objects","component":"projection","action":"loaded","data":"projection 3 of 10"},{"timestamp":"2022-09-27T15:32:47.425Z","url":"https://stackoverflow.com/questions/57607836/find-an-item-in-array-and-get-whats-left","component":"projection","action":"loaded","data":"projection 2 of 10"},{"timestamp":"2022-09-27T15:32:47.425Z","url":"https://stackoverflow.com/questions/143847/best-way-to-find-if-an-item-is-in-a-javascript-array","component":"projection","action":"loaded","data":"projection 1 of 10"},{"timestamp":"2022-09-27T15:32:48.082Z","url":"https://stackoverflow.com/questions/12462318/find-a-value-in-an-array-of-objects-in-javascript","component":"projection","action":"mouseenter"},{"timestamp":"2022-09-27T15:32:48.483Z","url":"https://stackoverflow.com/questions/12462318/find-a-value-in-an-array-of-objects-in-javascript","component":"projection","action":"mouseleave"},{"timestamp":"2022-09-27T15:32:54.384Z","url":"https://stackoverflow.com/questions/12462318/find-a-value-in-an-array-of-objects-in-javascript","component":"projection","action":"mouseenter"},{"timestamp":"2022-09-27T15:32:54.465Z","url":"https://stackoverflow.com/questions/12462318/find-a-value-in-an-array-of-objects-in-javascript","component":"projection","action":"mouseleave"},{"timestamp":"2022-09-27T15:32:54.466Z","url":"https://stackoverflow.com/questions/6116474/how-to-find-if-an-array-contains-a-specific-string-in-javascript-jquery","component":"projection","action":"mouseenter"},{"timestamp":"2022-09-27T15:32:55.082Z","url":"https://stackoverflow.com/questions/6116474/how-to-find-if-an-array-contains-a-specific-string-in-javascript-jquery","component":"projection","action":"mouseleave"},{"timestamp":"2022-09-27T15:32:55.082Z","url":"https://stackoverflow.com/questions/12462318/find-a-value-in-an-array-of-objects-in-javascript","component":"projection","action":"mouseenter"},{"timestamp":"2022-09-27T15:32:56.156Z","url":"https://stackoverflow.com/questions/12462318/find-a-value-in-an-array-of-objects-in-javascript","component":"page","action":"open"},{"timestamp":"2022-09-27T15:32:56.196Z","url":"https://stackoverflow.com/questions/12462318/find-a-value-in-an-array-of-objects-in-javascript","component":"projection","action":"mouseleave"},{"timestamp":"2022-09-27T15:32:57.264Z","url":"https://stackoverflow.com/questions/12462318/find-a-value-in-an-array-of-objects-in-javascript","component":"page","action":"load"},{"timestamp":"2022-09-27T15:33:00.917Z","url":"https://stackoverflow.com/questions/12462318/find-a-value-in-an-array-of-objects-in-javascript","component":"page","action":"scroll","data":{"viewport":{"x":0,"y":300,"height":820,"width":295},"blocks":[{"identifier":"12462414","top":1098.046875,"bottom":1725.609375,"right":246,"left":74.6875,"width":171.3125,"height":627.5625},{"identifier":"12462387","top":3085.921875,"bottom":3441.921875,"right":246,"left":68,"width":178,"height":356},{"identifier":"38500417","top":4105.296875,"bottom":4625.296875,"right":246,"left":68,"width":178,"height":520},{"identifier":"44048398","top":5643.796875,"bottom":5778.796875,"right":246,"left":68,"width":178,"height":135},{"identifier":"48718969","top":6479.734375,"bottom":7037.234375,"right":246,"left":68,"width":178,"height":557.5},{"identifier":"47790805","top":8024.484375,"bottom":8194.484375,"right":246,"left":68,"width":178,"height":170},{"identifier":"43778799","top":9210.484375,"bottom":9613.984375,"right":246,"left":68,"width":178,"height":403.5},{"identifier":"12462406","top":10175.109375,"bottom":10600.609375,"right":246,"left":68,"width":178,"height":425.5},{"identifier":"31748358","top":11012.609375,"bottom":11303.109375,"right":246,"left":68,"width":178,"height":290.5},{"identifier":"47194061","top":11955.234375,"bottom":12201.234375,"right":246,"left":68,"width":178,"height":246},{"identifier":"33097318","top":12386.046875,"bottom":14797.984375,"right":246,"left":68,"width":178,"height":2411.9375},{"identifier":"12462347","top":15818.921875,"bottom":16033.421875,"right":246,"left":68,"width":178,"height":214.5},{"identifier":"37735967","top":16707.796875,"bottom":16944.296875,"right":246,"left":68,"width":178,"height":236.5},{"identifier":"33825763","top":17129.109375,"bottom":17458.609375,"right":246,"left":68,"width":178,"height":329.5},{"identifier":"24263355","top":17733.796875,"bottom":17965.296875,"right":246,"left":68,"width":178,"height":231.5},{"identifier":"42891511","top":18150.109375,"bottom":18948.3125,"right":246,"left":68,"width":178,"height":798.203125},{"identifier":"37489965","top":19397.8125,"bottom":19504.3125,"right":246,"left":68,"width":178,"height":106.5},{"identifier":"38786112","top":19704.8125,"bottom":20411.3125,"right":246,"left":68,"width":178,"height":706.5},{"identifier":"27443358","top":20596.125,"bottom":20834.125,"right":246,"left":68,"width":178,"height":238},{"identifier":"45355935","top":21032.625,"bottom":21847.125,"right":246,"left":68,"width":178,"height":814.5}]}},{"timestamp":"2022-09-27T15:33:05.933Z","url":"https://stackoverflow.com/questions/12462318/find-a-value-in-an-array-of-objects-in-javascript","component":"page","action":"scroll","data":{"viewport":{"x":0,"y":1200,"height":820,"width":295},"blocks":[{"identifier":"12462414","top":198.046875,"bottom":825.609375,"right":246,"left":74.6875,"width":171.3125,"height":627.5625},{"identifier":"12462387","top":2185.921875,"bottom":2541.921875,"right":246,"left":68,"width":178,"height":356},{"identifier":"38500417","top":3205.296875,"bottom":3725.296875,"right":246,"left":68,"width":178,"height":520},{"identifier":"44048398","top":4743.796875,"bottom":4878.796875,"right":246,"left":68,"width":178,"height":135},{"identifier":"48718969","top":5579.734375,"bottom":6137.234375,"right":246,"left":68,"width":178,"height":557.5},{"identifier":"47790805","top":7124.484375,"bottom":7294.484375,"right":246,"left":68,"width":178,"height":170},{"identifier":"43778799","top":8310.484375,"bottom":8713.984375,"right":246,"left":68,"width":178,"height":403.5},{"identifier":"12462406","top":9275.109375,"bottom":9700.609375,"right":246,"left":68,"width":178,"height":425.5},{"identifier":"31748358","top":10112.609375,"bottom":10403.109375,"right":246,"left":68,"width":178,"height":290.5},{"identifier":"47194061","top":11055.234375,"bottom":11301.234375,"right":246,"left":68,"width":178,"height":246},{"identifier":"33097318","top":11486.046875,"bottom":13897.984375,"right":246,"left":68,"width":178,"height":2411.9375},{"identifier":"12462347","top":14918.921875,"bottom":15133.421875,"right":246,"left":68,"width":178,"height":214.5},{"identifier":"37735967","top":15807.796875,"bottom":16044.296875,"right":246,"left":68,"width":178,"height":236.5},{"identifier":"33825763","top":16229.109375,"bottom":16558.609375,"right":246,"left":68,"width":178,"height":329.5},{"identifier":"24263355","top":16833.796875,"bottom":17065.296875,"right":246,"left":68,"width":178,"height":231.5},{"identifier":"42891511","top":17250.109375,"bottom":18048.3125,"right":246,"left":68,"width":178,"height":798.203125},{"identifier":"37489965","top":18497.8125,"bottom":18604.3125,"right":246,"left":68,"width":178,"height":106.5},{"identifier":"38786112","top":18804.8125,"bottom":19511.3125,"right":246,"left":68,"width":178,"height":706.5},{"identifier":"27443358","top":19696.125,"bottom":19934.125,"right":246,"left":68,"width":178,"height":238},{"identifier":"45355935","top":20132.625,"bottom":20947.125,"right":246,"left":68,"width":178,"height":814.5}]}},{"timestamp":"2022-09-27T15:33:16.088Z","url":"https://stackoverflow.com/questions/12462318/find-a-value-in-an-array-of-objects-in-javascript","component":"page","action":"selection","data":"let obj = arr.find(o => o.name === 'string 1');"},{"timestamp":"2022-09-27T15:33:16.780Z","url":"https://stackoverflow.com/questions/12462318/find-a-value-in-an-array-of-objects-in-javascript","component":"page","action":"copy","data":"let obj = arr.find(o => o.name === 'string 1');"},{"timestamp":"2022-09-27T15:36:17.803Z","url":"https://stackoverflow.com/questions/12462318/find-a-value-in-an-array-of-objects-in-javascript","component":"page","action":"scroll","data":{"viewport":{"x":0,"y":866,"height":820,"width":938},"blocks":[{"identifier":"12462414","top":-81.5,"bottom":491.875,"right":889,"left":242.28125,"width":646.71875,"height":573.375},{"identifier":"12462387","top":958,"bottom":1259,"right":889,"left":233,"width":656,"height":301},{"identifier":"38500417","top":1553.625,"bottom":1828.625,"right":889,"left":233,"width":656,"height":275},{"identifier":"44048398","top":2240.1875,"bottom":2320.1875,"right":889,"left":233,"width":656,"height":80},{"identifier":"48718969","top":2614.8125,"bottom":3029.8125,"right":889,"left":233,"width":656,"height":415},{"identifier":"47790805","top":3410.1875,"bottom":3570.1875,"right":889,"left":233,"width":656,"height":160},{"identifier":"43778799","top":3963.5625,"bottom":4347.0625,"right":889,"left":233,"width":656,"height":383.5},{"identifier":"12462406","top":4610.5,"bottom":4926,"right":889,"left":233,"width":656,"height":315.5},{"identifier":"31748358","top":5153.0625,"bottom":5411.0625,"right":889,"left":233,"width":656,"height":258},{"identifier":"47194061","top":5710.875,"bottom":5901.875,"right":889,"left":233,"width":656,"height":191},{"identifier":"33097318","top":6043.5625,"bottom":8233.421875,"right":889,"left":233,"width":656,"height":2189.859375},{"identifier":"12462347","top":8627.796875,"bottom":8809.796875,"right":889,"left":233,"width":656,"height":182},{"identifier":"37735967","top":9117.421875,"bottom":9263.921875,"right":889,"left":233,"width":656,"height":146.5},{"identifier":"33825763","top":9405.609375,"bottom":9680.109375,"right":889,"left":233,"width":656,"height":274.5},{"identifier":"24263355","top":9821.796875,"bottom":10020.796875,"right":889,"left":233,"width":656,"height":199},{"identifier":"42891511","top":10162.484375,"bottom":10939.984375,"right":889,"left":233,"width":656,"height":777.5},{"identifier":"37489965","top":11167.046875,"bottom":11228.546875,"right":889,"left":233,"width":656,"height":61.5},{"identifier":"38786112","top":11370.234375,"bottom":12009.234375,"right":889,"left":233,"width":656,"height":639},{"identifier":"27443358","top":12150.921875,"bottom":12378.921875,"right":889,"left":233,"width":656,"height":228},{"identifier":"45355935","top":12517.609375,"bottom":12814.609375,"right":889,"left":233,"width":656,"height":297}]}},{"timestamp":"2022-09-27T15:36:20.261Z","url":"https://stackoverflow.com/questions/12462318/find-a-value-in-an-array-of-objects-in-javascript","component":"page","action":"scroll","data":{"viewport":{"x":0,"y":1097,"height":820,"width":337},"blocks":[{"identifier":"12462414","top":178.984375,"bottom":785.65625,"right":288,"left":74.6875,"width":213.3125,"height":606.671875},{"identifier":"12462387","top":1872.65625,"bottom":2206.15625,"right":288,"left":68,"width":220,"height":333.5},{"identifier":"38500417","top":2759.90625,"bottom":3257.40625,"right":288,"left":68,"width":220,"height":497.5},{"identifier":"44048398","top":4071.65625,"bottom":4184.15625,"right":288,"left":68,"width":220,"height":112.5},{"identifier":"48718969","top":4756.09375,"bottom":5268.59375,"right":288,"left":68,"width":220,"height":512.5},{"identifier":"47790805","top":6106.15625,"bottom":6276.15625,"right":288,"left":68,"width":220,"height":170},{"identifier":"43778799","top":7090.40625,"bottom":7493.90625,"right":288,"left":68,"width":220,"height":403.5},{"identifier":"12462406","top":7978.09375,"bottom":8381.09375,"right":288,"left":68,"width":220,"height":403},{"identifier":"31748358","top":8719.84375,"bottom":9010.34375,"right":288,"left":68,"width":220,"height":290.5},{"identifier":"47194061","top":9567.34375,"bottom":9790.84375,"right":288,"left":68,"width":220,"height":223.5},{"identifier":"33097318","top":9953.28125,"bottom":12342.71875,"right":288,"left":68,"width":220,"height":2389.4375},{"identifier":"12462347","top":13213.96875,"bottom":13405.96875,"right":288,"left":68,"width":220,"height":192},{"identifier":"37735967","top":13970.71875,"bottom":14184.71875,"right":288,"left":68,"width":220,"height":214},{"identifier":"33825763","top":14347.15625,"bottom":14644.15625,"right":288,"left":68,"width":220,"height":297},{"identifier":"24263355","top":14881.28125,"bottom":15112.78125,"right":288,"left":68,"width":220,"height":231.5},{"identifier":"42891511","top":15275.21875,"bottom":16042.421875,"right":288,"left":68,"width":220,"height":767.203125},{"identifier":"37489965","top":16435.671875,"bottom":16542.171875,"right":288,"left":68,"width":220,"height":106.5},{"identifier":"38786112","top":16704.609375,"bottom":17388.609375,"right":288,"left":68,"width":220,"height":684},{"identifier":"27443358","top":17551.046875,"bottom":17789.046875,"right":288,"left":68,"width":220,"height":238},{"identifier":"45355935","top":17949.484375,"bottom":18628.984375,"right":288,"left":68,"width":220,"height":679.5}]}}]}]}