{"trialId":"31472_2","taskId":"currency","appEvents":[{"timestamp":"2022-09-27T15:37:05.599Z","name":"resize","data":{"height":880,"width":341}},{"timestamp":"2022-09-27T15:37:06.075Z","name":"search","data":"search-start"},{"timestamp":"2022-09-27T15:37:07.285Z","name":"search","data":"search-done"},{"timestamp":"2022-09-27T15:41:34.340Z","name":"resize","data":{"height":880,"width":621}},{"timestamp":"2022-09-27T15:41:35.540Z","name":"resize","data":{"height":880,"width":781}},{"timestamp":"2022-09-27T15:41:39.468Z","name":"resize","data":{"height":880,"width":323}}],"searches":[{"keywords":["format","currency"],"context":{"tokens":[{"kind":"language","value":"javascript"}]},"timestamp":"2022-09-27T15:37:06.075Z","results":[{"signatures":[],"areSignaturesLoading":true,"title":"How to format numbers as currency strings - Stack Overflow","url":"https://stackoverflow.com/questions/149055/how-to-format-numbers-as-currency-strings","displayLink":"https://stackoverflow.com › questions › how-to-format-...","date":"Sep 29, 2008","snippet":"All you need is to add the currency symbol (e.g. \"$\" + profits.toFixed(2) ) and you will have your amount in dollars. Custom function. If you ...","snippetHighlightWords":["currency"]},{"signatures":[],"areSignaturesLoading":true,"title":"How to format numbers as currency strings - Stack Overflow","url":"https://stackoverflow.com/questions/149055/how-to-format-numbers-as-currency-strings/5681208","displayLink":"https://stackoverflow.com › questions › how-to-format-...","date":"66 answers","snippet":"I found this from: accounting.js. It's very easy and perfectly fits my need. // Default usage: accounting.formatMoney(12345678); // $12,345,678.00 ...","snippetHighlightWords":["js"]},{"signatures":[],"areSignaturesLoading":true,"title":"How do I print currency format in JavaScript - Stack Overflow","url":"https://stackoverflow.com/questions/4022171/how-do-i-print-currency-format-in-javascript","displayLink":"https://stackoverflow.com › questions › how-do-i-print-...","snippet":"I am writing a function that takes the float price and returns the formatted currency value with currency code too. like fnPrice( 1001.01 ) should print $ ...","snippetHighlightWords":["currency","currency"]},{"signatures":[],"areSignaturesLoading":true,"title":"How to format currency in JavaScript? - Stack Overflow","url":"https://stackoverflow.com/questions/64297528/how-to-format-currency-in-javascript","displayLink":"https://stackoverflow.com › questions › how-to-format-...","date":"Oct 10, 2020","snippet":"I'm beginner in JavaScript and I'm rendering a list that contains some products. The product price format comes as follows: 3800 , 4000 , 11000 ...","snippetHighlightWords":["JavaScript","format"]},{"signatures":[],"areSignaturesLoading":true,"title":"How to format currency and time in javascript - Stack Overflow","url":"https://stackoverflow.com/questions/60689698/how-to-format-currency-and-time-in-javascript","displayLink":"https://stackoverflow.com › questions › how-to-format-...","date":"Mar 15, 2020","snippet":"To format as currency, you can use Intl.NumberFormat either with or without the currency symbol. It can be used via toLocaleString:.","snippetHighlightWords":["format","currency","currency"]},{"signatures":[],"areSignaturesLoading":true,"title":"Proper JS currency format with commas and decimals","url":"https://stackoverflow.com/questions/19664926/proper-js-currency-format-with-commas-and-decimals","displayLink":"https://stackoverflow.com › questions › proper-js-curre...","date":"Oct 29, 2013","snippet":"The value that you get from text fields is of type 'string'. When you do math on simple strings Javascript will automatically coerce them to ...","snippetHighlightWords":["Javascript"]},{"signatures":[],"areSignaturesLoading":true,"title":"Currency format in euro - javascript - Stack Overflow","url":"https://stackoverflow.com/questions/69668216/currency-format-in-euro","displayLink":"https://stackoverflow.com › questions › currency-forma...","snippet":"For your onChange event on the euro currency, you want to remove the . the same way you are removing the , for the dollars, ...","snippetHighlightWords":["currency"],"extensions":["Oct 21, 2021","1 answer"]},{"signatures":[],"areSignaturesLoading":true,"title":"Javascript Function to Format as Money - Stack Overflow","url":"https://stackoverflow.com/questions/40426965/javascript-function-to-format-as-money","displayLink":"https://stackoverflow.com › questions › javascript-funct...","date":"Nov 4, 2016","snippet":"String.prototype.formatMoney = function(places, symbol, thousand, decimal) { if((this).match(/^$/) && (this).indexOf(',') != -1 && (this)."},{"signatures":[],"areSignaturesLoading":true,"title":"Format currency in JavaScript removing .00 - Stack Overflow","url":"https://stackoverflow.com/questions/46235907/format-currency-in-javascript-removing-00","displayLink":"https://stackoverflow.com › questions › format-currenc...","date":"Sep 15, 2017","snippet":"NumberFormat has the more sensible behavior of rounding away from zero as opposed to other JavaScript methods like Math.round . For example, ...","snippetHighlightWords":["JavaScript"]},{"signatures":[],"areSignaturesLoading":true,"title":"Currency formatting using Intl.NumberFormat without currency ...","url":"https://stackoverflow.com/questions/68549027/currency-formatting-using-intl-numberformat-without-currency-symbol","displayLink":"https://stackoverflow.com › questions › currency-forma...","date":"Jul 27, 2021","snippet":"I am trying to use Intl as a default currency formatter and it is almost perfect. ... I find it bizarre that I spend over an hour looking for a ...","snippetHighlightWords":["currency formatter"]}],"events":[{"timestamp":"2022-09-27T15:37:06.104Z","url":"https://stackoverflow.com/questions/149055/how-to-format-numbers-as-currency-strings/5681208","component":"projection","action":"mouseenter"},{"timestamp":"2022-09-27T15:37:07.284Z","url":"https://stackoverflow.com/questions/149055/how-to-format-numbers-as-currency-strings","component":"projection","action":"loaded","data":"projection 10 of 10"},{"timestamp":"2022-09-27T15:37:07.284Z","url":"https://stackoverflow.com/questions/149055/how-to-format-numbers-as-currency-strings/5681208","component":"projection","action":"loaded","data":"projection 9 of 10"},{"timestamp":"2022-09-27T15:37:07.284Z","url":"https://stackoverflow.com/questions/4022171/how-do-i-print-currency-format-in-javascript","component":"projection","action":"loaded","data":"projection 8 of 10"},{"timestamp":"2022-09-27T15:37:07.284Z","url":"https://stackoverflow.com/questions/64297528/how-to-format-currency-in-javascript","component":"projection","action":"loaded","data":"projection 7 of 10"},{"timestamp":"2022-09-27T15:37:07.284Z","url":"https://stackoverflow.com/questions/60689698/how-to-format-currency-and-time-in-javascript","component":"projection","action":"loaded","data":"projection 6 of 10"},{"timestamp":"2022-09-27T15:37:07.284Z","url":"https://stackoverflow.com/questions/19664926/proper-js-currency-format-with-commas-and-decimals","component":"projection","action":"loaded","data":"projection 5 of 10"},{"timestamp":"2022-09-27T15:37:07.284Z","url":"https://stackoverflow.com/questions/69668216/currency-format-in-euro","component":"projection","action":"loaded","data":"projection 4 of 10"},{"timestamp":"2022-09-27T15:37:07.284Z","url":"https://stackoverflow.com/questions/40426965/javascript-function-to-format-as-money","component":"projection","action":"loaded","data":"projection 3 of 10"},{"timestamp":"2022-09-27T15:37:07.284Z","url":"https://stackoverflow.com/questions/46235907/format-currency-in-javascript-removing-00","component":"projection","action":"loaded","data":"projection 2 of 10"},{"timestamp":"2022-09-27T15:37:07.285Z","url":"https://stackoverflow.com/questions/68549027/currency-formatting-using-intl-numberformat-without-currency-symbol","component":"projection","action":"loaded","data":"projection 1 of 10"},{"timestamp":"2022-09-27T15:37:07.812Z","url":"https://stackoverflow.com/questions/149055/how-to-format-numbers-as-currency-strings/5681208","component":"projection","action":"mouseleave"},{"timestamp":"2022-09-27T15:37:07.812Z","url":"https://stackoverflow.com/questions/149055/how-to-format-numbers-as-currency-strings","component":"projection","action":"mouseenter"},{"timestamp":"2022-09-27T15:37:10.718Z","url":"https://stackoverflow.com/questions/149055/how-to-format-numbers-as-currency-strings","component":"page","action":"open"},{"timestamp":"2022-09-27T15:37:10.766Z","url":"https://stackoverflow.com/questions/149055/how-to-format-numbers-as-currency-strings","component":"projection","action":"mouseleave"},{"timestamp":"2022-09-27T15:37:11.808Z","url":"https://stackoverflow.com/questions/149055/how-to-format-numbers-as-currency-strings","component":"page","action":"load"},{"timestamp":"2022-09-27T15:37:39.347Z","url":"https://stackoverflow.com/questions/149055/how-to-format-numbers-as-currency-strings","component":"page","action":"scroll","data":{"viewport":{"x":0,"y":200,"height":820,"width":337},"blocks":[{"identifier":"16233919","top":1443.59375,"bottom":3368.8125,"right":288,"left":74.6875,"width":213.3125,"height":1925.21875},{"identifier":"149099","top":4142.9375,"bottom":6422.84375,"right":288,"left":74.6875,"width":213.3125,"height":2279.90625},{"identifier":"14428340","top":7560.71875,"bottom":9360.5,"right":288,"left":74.6875,"width":213.3125,"height":1799.78125},{"identifier":"149107","top":10480.1875,"bottom":11595.859375,"right":288,"left":68,"width":220,"height":1115.671875},{"identifier":"2866613","top":12517.484375,"bottom":13742.734375,"right":288,"left":68,"width":220,"height":1225.25},{"identifier":"26745078","top":14935.171875,"bottom":15173.671875,"right":288,"left":68,"width":220,"height":238.5},{"identifier":"7266497","top":15965.984375,"bottom":16033.484375,"right":288,"left":68,"width":220,"height":67.5},{"identifier":"9318724","top":16862.171875,"bottom":17512.171875,"right":288,"left":68,"width":220,"height":650},{"identifier":"5342097","top":18055.046875,"bottom":18464.046875,"right":288,"left":68,"width":220,"height":409},{"identifier":"18994850","top":19238.171875,"bottom":19643.671875,"right":288,"left":68,"width":220,"height":405.5},{"identifier":"9318723","top":20490.546875,"bottom":20580.546875,"right":288,"left":68,"width":220,"height":90},{"identifier":"149150","top":21110.421875,"bottom":21552.421875,"right":288,"left":68,"width":220,"height":442},{"identifier":"68536579","top":22107.671875,"bottom":22355.84375,"right":288,"left":68,"width":220,"height":248.171875},{"identifier":"12698339","top":22714.21875,"bottom":22849.21875,"right":288,"left":68,"width":220,"height":135},{"identifier":"40079019","top":23506.40625,"bottom":24699.40625,"right":288,"left":68,"width":220,"height":1193},{"identifier":"6787083","top":25478.71875,"bottom":25742.71875,"right":288,"left":68,"width":220,"height":264},{"identifier":"6715476","top":26345.34375,"bottom":27021.09375,"right":288,"left":68,"width":220,"height":675.75},{"identifier":"8726353","top":27252.53125,"bottom":27472.53125,"right":288,"left":68,"width":220,"height":220},{"identifier":"11270819","top":27794.53125,"bottom":28353.03125,"right":288,"left":68,"width":220,"height":558.5},{"identifier":"149080","top":29363.59375,"bottom":29872.59375,"right":288,"left":68,"width":220,"height":509},{"identifier":"60877747","top":30212.78125,"bottom":30482.5625,"right":288,"left":68,"width":220,"height":269.78125},{"identifier":"1323064","top":30714,"bottom":32163,"right":288,"left":68,"width":220,"height":1449},{"identifier":"10168573","top":32521.375,"bottom":32978.875,"right":288,"left":68,"width":220,"height":457.5},{"identifier":"9327950","top":33337.25,"bottom":33466.75,"right":288,"left":68,"width":220,"height":129.5},{"identifier":"149120","top":33929.0625,"bottom":34260.0625,"right":288,"left":68,"width":220,"height":331},{"identifier":"12698442","top":34614.4375,"bottom":34873.4375,"right":288,"left":68,"width":220,"height":259},{"identifier":"3284302","top":35104.875,"bottom":36051.875,"right":288,"left":68,"width":220,"height":947},{"identifier":"14735423","top":36392.0625,"bottom":37216.5625,"right":288,"left":68,"width":220,"height":824.5},{"identifier":"54274936","top":37464.5,"bottom":37575.5,"right":288,"left":68,"width":220,"height":111},{"identifier":"23717185","top":37953.25,"bottom":41324.625,"right":288,"left":68,"width":220,"height":3371.375}]}},{"timestamp":"2022-09-27T15:37:40.129Z","url":"https://stackoverflow.com/questions/149055/how-to-format-numbers-as-currency-strings","component":"page","action":"scroll","data":{"viewport":{"x":0,"y":600,"height":820,"width":337},"blocks":[{"identifier":"16233919","top":1043.59375,"bottom":2968.8125,"right":288,"left":74.6875,"width":213.3125,"height":1925.21875},{"identifier":"149099","top":3742.9375,"bottom":6022.84375,"right":288,"left":74.6875,"width":213.3125,"height":2279.90625},{"identifier":"14428340","top":7160.71875,"bottom":8960.5,"right":288,"left":74.6875,"width":213.3125,"height":1799.78125},{"identifier":"149107","top":10080.1875,"bottom":11195.859375,"right":288,"left":68,"width":220,"height":1115.671875},{"identifier":"2866613","top":12117.484375,"bottom":13342.734375,"right":288,"left":68,"width":220,"height":1225.25},{"identifier":"26745078","top":14535.171875,"bottom":14773.671875,"right":288,"left":68,"width":220,"height":238.5},{"identifier":"7266497","top":15565.984375,"bottom":15633.484375,"right":288,"left":68,"width":220,"height":67.5},{"identifier":"9318724","top":16462.171875,"bottom":17112.171875,"right":288,"left":68,"width":220,"height":650},{"identifier":"5342097","top":17655.046875,"bottom":18064.046875,"right":288,"left":68,"width":220,"height":409},{"identifier":"18994850","top":18838.171875,"bottom":19243.671875,"right":288,"left":68,"width":220,"height":405.5},{"identifier":"9318723","top":20090.546875,"bottom":20180.546875,"right":288,"left":68,"width":220,"height":90},{"identifier":"149150","top":20710.421875,"bottom":21152.421875,"right":288,"left":68,"width":220,"height":442},{"identifier":"68536579","top":21707.671875,"bottom":21955.84375,"right":288,"left":68,"width":220,"height":248.171875},{"identifier":"12698339","top":22314.21875,"bottom":22449.21875,"right":288,"left":68,"width":220,"height":135},{"identifier":"40079019","top":23106.40625,"bottom":24299.40625,"right":288,"left":68,"width":220,"height":1193},{"identifier":"6787083","top":25078.71875,"bottom":25342.71875,"right":288,"left":68,"width":220,"height":264},{"identifier":"6715476","top":25945.34375,"bottom":26621.09375,"right":288,"left":68,"width":220,"height":675.75},{"identifier":"8726353","top":26852.53125,"bottom":27072.53125,"right":288,"left":68,"width":220,"height":220},{"identifier":"11270819","top":27394.53125,"bottom":27953.03125,"right":288,"left":68,"width":220,"height":558.5},{"identifier":"149080","top":28963.59375,"bottom":29472.59375,"right":288,"left":68,"width":220,"height":509},{"identifier":"60877747","top":29812.78125,"bottom":30082.5625,"right":288,"left":68,"width":220,"height":269.78125},{"identifier":"1323064","top":30314,"bottom":31763,"right":288,"left":68,"width":220,"height":1449},{"identifier":"10168573","top":32121.375,"bottom":32578.875,"right":288,"left":68,"width":220,"height":457.5},{"identifier":"9327950","top":32937.25,"bottom":33066.75,"right":288,"left":68,"width":220,"height":129.5},{"identifier":"149120","top":33529.0625,"bottom":33860.0625,"right":288,"left":68,"width":220,"height":331},{"identifier":"12698442","top":34214.4375,"bottom":34473.4375,"right":288,"left":68,"width":220,"height":259},{"identifier":"3284302","top":34704.875,"bottom":35651.875,"right":288,"left":68,"width":220,"height":947},{"identifier":"14735423","top":35992.0625,"bottom":36816.5625,"right":288,"left":68,"width":220,"height":824.5},{"identifier":"54274936","top":37064.5,"bottom":37175.5,"right":288,"left":68,"width":220,"height":111},{"identifier":"23717185","top":37553.25,"bottom":40924.625,"right":288,"left":68,"width":220,"height":3371.375}]}},{"timestamp":"2022-09-27T15:37:43.245Z","url":"https://stackoverflow.com/questions/149055/how-to-format-numbers-as-currency-strings","component":"page","action":"scroll","data":{"viewport":{"x":0,"y":1300,"height":820,"width":337},"blocks":[{"identifier":"16233919","top":343.59375,"bottom":2268.8125,"right":288,"left":74.6875,"width":213.3125,"height":1925.21875},{"identifier":"149099","top":3042.9375,"bottom":5322.84375,"right":288,"left":74.6875,"width":213.3125,"height":2279.90625},{"identifier":"14428340","top":6460.71875,"bottom":8260.5,"right":288,"left":74.6875,"width":213.3125,"height":1799.78125},{"identifier":"149107","top":9380.1875,"bottom":10495.859375,"right":288,"left":68,"width":220,"height":1115.671875},{"identifier":"2866613","top":11417.484375,"bottom":12642.734375,"right":288,"left":68,"width":220,"height":1225.25},{"identifier":"26745078","top":13835.171875,"bottom":14073.671875,"right":288,"left":68,"width":220,"height":238.5},{"identifier":"7266497","top":14865.984375,"bottom":14933.484375,"right":288,"left":68,"width":220,"height":67.5},{"identifier":"9318724","top":15762.171875,"bottom":16412.171875,"right":288,"left":68,"width":220,"height":650},{"identifier":"5342097","top":16955.046875,"bottom":17364.046875,"right":288,"left":68,"width":220,"height":409},{"identifier":"18994850","top":18138.171875,"bottom":18543.671875,"right":288,"left":68,"width":220,"height":405.5},{"identifier":"9318723","top":19390.546875,"bottom":19480.546875,"right":288,"left":68,"width":220,"height":90},{"identifier":"149150","top":20010.421875,"bottom":20452.421875,"right":288,"left":68,"width":220,"height":442},{"identifier":"68536579","top":21007.671875,"bottom":21255.84375,"right":288,"left":68,"width":220,"height":248.171875},{"identifier":"12698339","top":21614.21875,"bottom":21749.21875,"right":288,"left":68,"width":220,"height":135},{"identifier":"40079019","top":22406.40625,"bottom":23599.40625,"right":288,"left":68,"width":220,"height":1193},{"identifier":"6787083","top":24378.71875,"bottom":24642.71875,"right":288,"left":68,"width":220,"height":264},{"identifier":"6715476","top":25245.34375,"bottom":25921.09375,"right":288,"left":68,"width":220,"height":675.75},{"identifier":"8726353","top":26152.53125,"bottom":26372.53125,"right":288,"left":68,"width":220,"height":220},{"identifier":"11270819","top":26694.53125,"bottom":27253.03125,"right":288,"left":68,"width":220,"height":558.5},{"identifier":"149080","top":28263.59375,"bottom":28772.59375,"right":288,"left":68,"width":220,"height":509},{"identifier":"60877747","top":29112.78125,"bottom":29382.5625,"right":288,"left":68,"width":220,"height":269.78125},{"identifier":"1323064","top":29614,"bottom":31063,"right":288,"left":68,"width":220,"height":1449},{"identifier":"10168573","top":31421.375,"bottom":31878.875,"right":288,"left":68,"width":220,"height":457.5},{"identifier":"9327950","top":32237.25,"bottom":32366.75,"right":288,"left":68,"width":220,"height":129.5},{"identifier":"149120","top":32829.0625,"bottom":33160.0625,"right":288,"left":68,"width":220,"height":331},{"identifier":"12698442","top":33514.4375,"bottom":33773.4375,"right":288,"left":68,"width":220,"height":259},{"identifier":"3284302","top":34004.875,"bottom":34951.875,"right":288,"left":68,"width":220,"height":947},{"identifier":"14735423","top":35292.0625,"bottom":36116.5625,"right":288,"left":68,"width":220,"height":824.5},{"identifier":"54274936","top":36364.5,"bottom":36475.5,"right":288,"left":68,"width":220,"height":111},{"identifier":"23717185","top":36853.25,"bottom":40224.625,"right":288,"left":68,"width":220,"height":3371.375}]}},{"timestamp":"2022-09-27T15:37:43.979Z","url":"https://stackoverflow.com/questions/149055/how-to-format-numbers-as-currency-strings","component":"page","action":"scroll","data":{"viewport":{"x":0,"y":1400,"height":820,"width":337},"blocks":[{"identifier":"16233919","top":243.59375,"bottom":2168.8125,"right":288,"left":74.6875,"width":213.3125,"height":1925.21875},{"identifier":"149099","top":2942.9375,"bottom":5222.84375,"right":288,"left":74.6875,"width":213.3125,"height":2279.90625},{"identifier":"14428340","top":6360.71875,"bottom":8160.5,"right":288,"left":74.6875,"width":213.3125,"height":1799.78125},{"identifier":"149107","top":9280.1875,"bottom":10395.859375,"right":288,"left":68,"width":220,"height":1115.671875},{"identifier":"2866613","top":11317.484375,"bottom":12542.734375,"right":288,"left":68,"width":220,"height":1225.25},{"identifier":"26745078","top":13735.171875,"bottom":13973.671875,"right":288,"left":68,"width":220,"height":238.5},{"identifier":"7266497","top":14765.984375,"bottom":14833.484375,"right":288,"left":68,"width":220,"height":67.5},{"identifier":"9318724","top":15662.171875,"bottom":16312.171875,"right":288,"left":68,"width":220,"height":650},{"identifier":"5342097","top":16855.046875,"bottom":17264.046875,"right":288,"left":68,"width":220,"height":409},{"identifier":"18994850","top":18038.171875,"bottom":18443.671875,"right":288,"left":68,"width":220,"height":405.5},{"identifier":"9318723","top":19290.546875,"bottom":19380.546875,"right":288,"left":68,"width":220,"height":90},{"identifier":"149150","top":19910.421875,"bottom":20352.421875,"right":288,"left":68,"width":220,"height":442},{"identifier":"68536579","top":20907.671875,"bottom":21155.84375,"right":288,"left":68,"width":220,"height":248.171875},{"identifier":"12698339","top":21514.21875,"bottom":21649.21875,"right":288,"left":68,"width":220,"height":135},{"identifier":"40079019","top":22306.40625,"bottom":23499.40625,"right":288,"left":68,"width":220,"height":1193},{"identifier":"6787083","top":24278.71875,"bottom":24542.71875,"right":288,"left":68,"width":220,"height":264},{"identifier":"6715476","top":25145.34375,"bottom":25821.09375,"right":288,"left":68,"width":220,"height":675.75},{"identifier":"8726353","top":26052.53125,"bottom":26272.53125,"right":288,"left":68,"width":220,"height":220},{"identifier":"11270819","top":26594.53125,"bottom":27153.03125,"right":288,"left":68,"width":220,"height":558.5},{"identifier":"149080","top":28163.59375,"bottom":28672.59375,"right":288,"left":68,"width":220,"height":509},{"identifier":"60877747","top":29012.78125,"bottom":29282.5625,"right":288,"left":68,"width":220,"height":269.78125},{"identifier":"1323064","top":29514,"bottom":30963,"right":288,"left":68,"width":220,"height":1449},{"identifier":"10168573","top":31321.375,"bottom":31778.875,"right":288,"left":68,"width":220,"height":457.5},{"identifier":"9327950","top":32137.25,"bottom":32266.75,"right":288,"left":68,"width":220,"height":129.5},{"identifier":"149120","top":32729.0625,"bottom":33060.0625,"right":288,"left":68,"width":220,"height":331},{"identifier":"12698442","top":33414.4375,"bottom":33673.4375,"right":288,"left":68,"width":220,"height":259},{"identifier":"3284302","top":33904.875,"bottom":34851.875,"right":288,"left":68,"width":220,"height":947},{"identifier":"14735423","top":35192.0625,"bottom":36016.5625,"right":288,"left":68,"width":220,"height":824.5},{"identifier":"54274936","top":36264.5,"bottom":36375.5,"right":288,"left":68,"width":220,"height":111},{"identifier":"23717185","top":36753.25,"bottom":40124.625,"right":288,"left":68,"width":220,"height":3371.375}]}},{"timestamp":"2022-09-27T15:37:44.712Z","url":"https://stackoverflow.com/questions/149055/how-to-format-numbers-as-currency-strings","component":"page","action":"scroll","data":{"viewport":{"x":0,"y":1500,"height":820,"width":337},"blocks":[{"identifier":"16233919","top":143.59375,"bottom":2068.8125,"right":288,"left":74.6875,"width":213.3125,"height":1925.21875},{"identifier":"149099","top":2842.9375,"bottom":5122.84375,"right":288,"left":74.6875,"width":213.3125,"height":2279.90625},{"identifier":"14428340","top":6260.71875,"bottom":8060.5,"right":288,"left":74.6875,"width":213.3125,"height":1799.78125},{"identifier":"149107","top":9180.1875,"bottom":10295.859375,"right":288,"left":68,"width":220,"height":1115.671875},{"identifier":"2866613","top":11217.484375,"bottom":12442.734375,"right":288,"left":68,"width":220,"height":1225.25},{"identifier":"26745078","top":13635.171875,"bottom":13873.671875,"right":288,"left":68,"width":220,"height":238.5},{"identifier":"7266497","top":14665.984375,"bottom":14733.484375,"right":288,"left":68,"width":220,"height":67.5},{"identifier":"9318724","top":15562.171875,"bottom":16212.171875,"right":288,"left":68,"width":220,"height":650},{"identifier":"5342097","top":16755.046875,"bottom":17164.046875,"right":288,"left":68,"width":220,"height":409},{"identifier":"18994850","top":17938.171875,"bottom":18343.671875,"right":288,"left":68,"width":220,"height":405.5},{"identifier":"9318723","top":19190.546875,"bottom":19280.546875,"right":288,"left":68,"width":220,"height":90},{"identifier":"149150","top":19810.421875,"bottom":20252.421875,"right":288,"left":68,"width":220,"height":442},{"identifier":"68536579","top":20807.671875,"bottom":21055.84375,"right":288,"left":68,"width":220,"height":248.171875},{"identifier":"12698339","top":21414.21875,"bottom":21549.21875,"right":288,"left":68,"width":220,"height":135},{"identifier":"40079019","top":22206.40625,"bottom":23399.40625,"right":288,"left":68,"width":220,"height":1193},{"identifier":"6787083","top":24178.71875,"bottom":24442.71875,"right":288,"left":68,"width":220,"height":264},{"identifier":"6715476","top":25045.34375,"bottom":25721.09375,"right":288,"left":68,"width":220,"height":675.75},{"identifier":"8726353","top":25952.53125,"bottom":26172.53125,"right":288,"left":68,"width":220,"height":220},{"identifier":"11270819","top":26494.53125,"bottom":27053.03125,"right":288,"left":68,"width":220,"height":558.5},{"identifier":"149080","top":28063.59375,"bottom":28572.59375,"right":288,"left":68,"width":220,"height":509},{"identifier":"60877747","top":28912.78125,"bottom":29182.5625,"right":288,"left":68,"width":220,"height":269.78125},{"identifier":"1323064","top":29414,"bottom":30863,"right":288,"left":68,"width":220,"height":1449},{"identifier":"10168573","top":31221.375,"bottom":31678.875,"right":288,"left":68,"width":220,"height":457.5},{"identifier":"9327950","top":32037.25,"bottom":32166.75,"right":288,"left":68,"width":220,"height":129.5},{"identifier":"149120","top":32629.0625,"bottom":32960.0625,"right":288,"left":68,"width":220,"height":331},{"identifier":"12698442","top":33314.4375,"bottom":33573.4375,"right":288,"left":68,"width":220,"height":259},{"identifier":"3284302","top":33804.875,"bottom":34751.875,"right":288,"left":68,"width":220,"height":947},{"identifier":"14735423","top":35092.0625,"bottom":35916.5625,"right":288,"left":68,"width":220,"height":824.5},{"identifier":"54274936","top":36164.5,"bottom":36275.5,"right":288,"left":68,"width":220,"height":111},{"identifier":"23717185","top":36653.25,"bottom":40024.625,"right":288,"left":68,"width":220,"height":3371.375}]}},{"timestamp":"2022-09-27T15:37:55.195Z","url":"https://stackoverflow.com/questions/149055/how-to-format-numbers-as-currency-strings","component":"page","action":"scroll","data":{"viewport":{"x":0,"y":1600,"height":820,"width":337},"blocks":[{"identifier":"16233919","top":43.59375,"bottom":1968.8125,"right":288,"left":74.6875,"width":213.3125,"height":1925.21875},{"identifier":"149099","top":2742.9375,"bottom":5022.84375,"right":288,"left":74.6875,"width":213.3125,"height":2279.90625},{"identifier":"14428340","top":6160.71875,"bottom":7960.5,"right":288,"left":74.6875,"width":213.3125,"height":1799.78125},{"identifier":"149107","top":9080.1875,"bottom":10195.859375,"right":288,"left":68,"width":220,"height":1115.671875},{"identifier":"2866613","top":11117.484375,"bottom":12342.734375,"right":288,"left":68,"width":220,"height":1225.25},{"identifier":"26745078","top":13535.171875,"bottom":13773.671875,"right":288,"left":68,"width":220,"height":238.5},{"identifier":"7266497","top":14565.984375,"bottom":14633.484375,"right":288,"left":68,"width":220,"height":67.5},{"identifier":"9318724","top":15462.171875,"bottom":16112.171875,"right":288,"left":68,"width":220,"height":650},{"identifier":"5342097","top":16655.046875,"bottom":17064.046875,"right":288,"left":68,"width":220,"height":409},{"identifier":"18994850","top":17838.171875,"bottom":18243.671875,"right":288,"left":68,"width":220,"height":405.5},{"identifier":"9318723","top":19090.546875,"bottom":19180.546875,"right":288,"left":68,"width":220,"height":90},{"identifier":"149150","top":19710.421875,"bottom":20152.421875,"right":288,"left":68,"width":220,"height":442},{"identifier":"68536579","top":20707.671875,"bottom":20955.84375,"right":288,"left":68,"width":220,"height":248.171875},{"identifier":"12698339","top":21314.21875,"bottom":21449.21875,"right":288,"left":68,"width":220,"height":135},{"identifier":"40079019","top":22106.40625,"bottom":23299.40625,"right":288,"left":68,"width":220,"height":1193},{"identifier":"6787083","top":24078.71875,"bottom":24342.71875,"right":288,"left":68,"width":220,"height":264},{"identifier":"6715476","top":24945.34375,"bottom":25621.09375,"right":288,"left":68,"width":220,"height":675.75},{"identifier":"8726353","top":25852.53125,"bottom":26072.53125,"right":288,"left":68,"width":220,"height":220},{"identifier":"11270819","top":26394.53125,"bottom":26953.03125,"right":288,"left":68,"width":220,"height":558.5},{"identifier":"149080","top":27963.59375,"bottom":28472.59375,"right":288,"left":68,"width":220,"height":509},{"identifier":"60877747","top":28812.78125,"bottom":29082.5625,"right":288,"left":68,"width":220,"height":269.78125},{"identifier":"1323064","top":29314,"bottom":30763,"right":288,"left":68,"width":220,"height":1449},{"identifier":"10168573","top":31121.375,"bottom":31578.875,"right":288,"left":68,"width":220,"height":457.5},{"identifier":"9327950","top":31937.25,"bottom":32066.75,"right":288,"left":68,"width":220,"height":129.5},{"identifier":"149120","top":32529.0625,"bottom":32860.0625,"right":288,"left":68,"width":220,"height":331},{"identifier":"12698442","top":33214.4375,"bottom":33473.4375,"right":288,"left":68,"width":220,"height":259},{"identifier":"3284302","top":33704.875,"bottom":34651.875,"right":288,"left":68,"width":220,"height":947},{"identifier":"14735423","top":34992.0625,"bottom":35816.5625,"right":288,"left":68,"width":220,"height":824.5},{"identifier":"54274936","top":36064.5,"bottom":36175.5,"right":288,"left":68,"width":220,"height":111},{"identifier":"23717185","top":36553.25,"bottom":39924.625,"right":288,"left":68,"width":220,"height":3371.375}]}},{"timestamp":"2022-09-27T15:37:57.879Z","url":"https://stackoverflow.com/questions/149055/how-to-format-numbers-as-currency-strings","component":"page","action":"scroll","data":{"viewport":{"x":0,"y":1700,"height":820,"width":337},"blocks":[{"identifier":"16233919","top":-56.40625,"bottom":1868.8125,"right":288,"left":74.6875,"width":213.3125,"height":1925.21875},{"identifier":"149099","top":2642.9375,"bottom":4922.84375,"right":288,"left":74.6875,"width":213.3125,"height":2279.90625},{"identifier":"14428340","top":6060.71875,"bottom":7860.5,"right":288,"left":74.6875,"width":213.3125,"height":1799.78125},{"identifier":"149107","top":8980.1875,"bottom":10095.859375,"right":288,"left":68,"width":220,"height":1115.671875},{"identifier":"2866613","top":11017.484375,"bottom":12242.734375,"right":288,"left":68,"width":220,"height":1225.25},{"identifier":"26745078","top":13435.171875,"bottom":13673.671875,"right":288,"left":68,"width":220,"height":238.5},{"identifier":"7266497","top":14465.984375,"bottom":14533.484375,"right":288,"left":68,"width":220,"height":67.5},{"identifier":"9318724","top":15362.171875,"bottom":16012.171875,"right":288,"left":68,"width":220,"height":650},{"identifier":"5342097","top":16555.046875,"bottom":16964.046875,"right":288,"left":68,"width":220,"height":409},{"identifier":"18994850","top":17738.171875,"bottom":18143.671875,"right":288,"left":68,"width":220,"height":405.5},{"identifier":"9318723","top":18990.546875,"bottom":19080.546875,"right":288,"left":68,"width":220,"height":90},{"identifier":"149150","top":19610.421875,"bottom":20052.421875,"right":288,"left":68,"width":220,"height":442},{"identifier":"68536579","top":20607.671875,"bottom":20855.84375,"right":288,"left":68,"width":220,"height":248.171875},{"identifier":"12698339","top":21214.21875,"bottom":21349.21875,"right":288,"left":68,"width":220,"height":135},{"identifier":"40079019","top":22006.40625,"bottom":23199.40625,"right":288,"left":68,"width":220,"height":1193},{"identifier":"6787083","top":23978.71875,"bottom":24242.71875,"right":288,"left":68,"width":220,"height":264},{"identifier":"6715476","top":24845.34375,"bottom":25521.09375,"right":288,"left":68,"width":220,"height":675.75},{"identifier":"8726353","top":25752.53125,"bottom":25972.53125,"right":288,"left":68,"width":220,"height":220},{"identifier":"11270819","top":26294.53125,"bottom":26853.03125,"right":288,"left":68,"width":220,"height":558.5},{"identifier":"149080","top":27863.59375,"bottom":28372.59375,"right":288,"left":68,"width":220,"height":509},{"identifier":"60877747","top":28712.78125,"bottom":28982.5625,"right":288,"left":68,"width":220,"height":269.78125},{"identifier":"1323064","top":29214,"bottom":30663,"right":288,"left":68,"width":220,"height":1449},{"identifier":"10168573","top":31021.375,"bottom":31478.875,"right":288,"left":68,"width":220,"height":457.5},{"identifier":"9327950","top":31837.25,"bottom":31966.75,"right":288,"left":68,"width":220,"height":129.5},{"identifier":"149120","top":32429.0625,"bottom":32760.0625,"right":288,"left":68,"width":220,"height":331},{"identifier":"12698442","top":33114.4375,"bottom":33373.4375,"right":288,"left":68,"width":220,"height":259},{"identifier":"3284302","top":33604.875,"bottom":34551.875,"right":288,"left":68,"width":220,"height":947},{"identifier":"14735423","top":34892.0625,"bottom":35716.5625,"right":288,"left":68,"width":220,"height":824.5},{"identifier":"54274936","top":35964.5,"bottom":36075.5,"right":288,"left":68,"width":220,"height":111},{"identifier":"23717185","top":36453.25,"bottom":39824.625,"right":288,"left":68,"width":220,"height":3371.375}]}},{"timestamp":"2022-09-27T15:37:59.062Z","url":"https://stackoverflow.com/questions/149055/how-to-format-numbers-as-currency-strings","component":"page","action":"scroll","data":{"viewport":{"x":0,"y":1800,"height":820,"width":337},"blocks":[{"identifier":"16233919","top":-156.40625,"bottom":1768.8125,"right":288,"left":74.6875,"width":213.3125,"height":1925.21875},{"identifier":"149099","top":2542.9375,"bottom":4822.84375,"right":288,"left":74.6875,"width":213.3125,"height":2279.90625},{"identifier":"14428340","top":5960.71875,"bottom":7760.5,"right":288,"left":74.6875,"width":213.3125,"height":1799.78125},{"identifier":"149107","top":8880.1875,"bottom":9995.859375,"right":288,"left":68,"width":220,"height":1115.671875},{"identifier":"2866613","top":10917.484375,"bottom":12142.734375,"right":288,"left":68,"width":220,"height":1225.25},{"identifier":"26745078","top":13335.171875,"bottom":13573.671875,"right":288,"left":68,"width":220,"height":238.5},{"identifier":"7266497","top":14365.984375,"bottom":14433.484375,"right":288,"left":68,"width":220,"height":67.5},{"identifier":"9318724","top":15262.171875,"bottom":15912.171875,"right":288,"left":68,"width":220,"height":650},{"identifier":"5342097","top":16455.046875,"bottom":16864.046875,"right":288,"left":68,"width":220,"height":409},{"identifier":"18994850","top":17638.171875,"bottom":18043.671875,"right":288,"left":68,"width":220,"height":405.5},{"identifier":"9318723","top":18890.546875,"bottom":18980.546875,"right":288,"left":68,"width":220,"height":90},{"identifier":"149150","top":19510.421875,"bottom":19952.421875,"right":288,"left":68,"width":220,"height":442},{"identifier":"68536579","top":20507.671875,"bottom":20755.84375,"right":288,"left":68,"width":220,"height":248.171875},{"identifier":"12698339","top":21114.21875,"bottom":21249.21875,"right":288,"left":68,"width":220,"height":135},{"identifier":"40079019","top":21906.40625,"bottom":23099.40625,"right":288,"left":68,"width":220,"height":1193},{"identifier":"6787083","top":23878.71875,"bottom":24142.71875,"right":288,"left":68,"width":220,"height":264},{"identifier":"6715476","top":24745.34375,"bottom":25421.09375,"right":288,"left":68,"width":220,"height":675.75},{"identifier":"8726353","top":25652.53125,"bottom":25872.53125,"right":288,"left":68,"width":220,"height":220},{"identifier":"11270819","top":26194.53125,"bottom":26753.03125,"right":288,"left":68,"width":220,"height":558.5},{"identifier":"149080","top":27763.59375,"bottom":28272.59375,"right":288,"left":68,"width":220,"height":509},{"identifier":"60877747","top":28612.78125,"bottom":28882.5625,"right":288,"left":68,"width":220,"height":269.78125},{"identifier":"1323064","top":29114,"bottom":30563,"right":288,"left":68,"width":220,"height":1449},{"identifier":"10168573","top":30921.375,"bottom":31378.875,"right":288,"left":68,"width":220,"height":457.5},{"identifier":"9327950","top":31737.25,"bottom":31866.75,"right":288,"left":68,"width":220,"height":129.5},{"identifier":"149120","top":32329.0625,"bottom":32660.0625,"right":288,"left":68,"width":220,"height":331},{"identifier":"12698442","top":33014.4375,"bottom":33273.4375,"right":288,"left":68,"width":220,"height":259},{"identifier":"3284302","top":33504.875,"bottom":34451.875,"right":288,"left":68,"width":220,"height":947},{"identifier":"14735423","top":34792.0625,"bottom":35616.5625,"right":288,"left":68,"width":220,"height":824.5},{"identifier":"54274936","top":35864.5,"bottom":35975.5,"right":288,"left":68,"width":220,"height":111},{"identifier":"23717185","top":36353.25,"bottom":39724.625,"right":288,"left":68,"width":220,"height":3371.375}]}},{"timestamp":"2022-09-27T15:38:00.478Z","url":"https://stackoverflow.com/questions/149055/how-to-format-numbers-as-currency-strings","component":"page","action":"scroll","data":{"viewport":{"x":0,"y":2000,"height":820,"width":337},"blocks":[{"identifier":"16233919","top":-356.40625,"bottom":1568.8125,"right":288,"left":74.6875,"width":213.3125,"height":1925.21875},{"identifier":"149099","top":2342.9375,"bottom":4622.84375,"right":288,"left":74.6875,"width":213.3125,"height":2279.90625},{"identifier":"14428340","top":5760.71875,"bottom":7560.5,"right":288,"left":74.6875,"width":213.3125,"height":1799.78125},{"identifier":"149107","top":8680.1875,"bottom":9795.859375,"right":288,"left":68,"width":220,"height":1115.671875},{"identifier":"2866613","top":10717.484375,"bottom":11942.734375,"right":288,"left":68,"width":220,"height":1225.25},{"identifier":"26745078","top":13135.171875,"bottom":13373.671875,"right":288,"left":68,"width":220,"height":238.5},{"identifier":"7266497","top":14165.984375,"bottom":14233.484375,"right":288,"left":68,"width":220,"height":67.5},{"identifier":"9318724","top":15062.171875,"bottom":15712.171875,"right":288,"left":68,"width":220,"height":650},{"identifier":"5342097","top":16255.046875,"bottom":16664.046875,"right":288,"left":68,"width":220,"height":409},{"identifier":"18994850","top":17438.171875,"bottom":17843.671875,"right":288,"left":68,"width":220,"height":405.5},{"identifier":"9318723","top":18690.546875,"bottom":18780.546875,"right":288,"left":68,"width":220,"height":90},{"identifier":"149150","top":19310.421875,"bottom":19752.421875,"right":288,"left":68,"width":220,"height":442},{"identifier":"68536579","top":20307.671875,"bottom":20555.84375,"right":288,"left":68,"width":220,"height":248.171875},{"identifier":"12698339","top":20914.21875,"bottom":21049.21875,"right":288,"left":68,"width":220,"height":135},{"identifier":"40079019","top":21706.40625,"bottom":22899.40625,"right":288,"left":68,"width":220,"height":1193},{"identifier":"6787083","top":23678.71875,"bottom":23942.71875,"right":288,"left":68,"width":220,"height":264},{"identifier":"6715476","top":24545.34375,"bottom":25221.09375,"right":288,"left":68,"width":220,"height":675.75},{"identifier":"8726353","top":25452.53125,"bottom":25672.53125,"right":288,"left":68,"width":220,"height":220},{"identifier":"11270819","top":25994.53125,"bottom":26553.03125,"right":288,"left":68,"width":220,"height":558.5},{"identifier":"149080","top":27563.59375,"bottom":28072.59375,"right":288,"left":68,"width":220,"height":509},{"identifier":"60877747","top":28412.78125,"bottom":28682.5625,"right":288,"left":68,"width":220,"height":269.78125},{"identifier":"1323064","top":28914,"bottom":30363,"right":288,"left":68,"width":220,"height":1449},{"identifier":"10168573","top":30721.375,"bottom":31178.875,"right":288,"left":68,"width":220,"height":457.5},{"identifier":"9327950","top":31537.25,"bottom":31666.75,"right":288,"left":68,"width":220,"height":129.5},{"identifier":"149120","top":32129.0625,"bottom":32460.0625,"right":288,"left":68,"width":220,"height":331},{"identifier":"12698442","top":32814.4375,"bottom":33073.4375,"right":288,"left":68,"width":220,"height":259},{"identifier":"3284302","top":33304.875,"bottom":34251.875,"right":288,"left":68,"width":220,"height":947},{"identifier":"14735423","top":34592.0625,"bottom":35416.5625,"right":288,"left":68,"width":220,"height":824.5},{"identifier":"54274936","top":35664.5,"bottom":35775.5,"right":288,"left":68,"width":220,"height":111},{"identifier":"23717185","top":36153.25,"bottom":39524.625,"right":288,"left":68,"width":220,"height":3371.375}]}},{"timestamp":"2022-09-27T15:38:01.978Z","url":"https://stackoverflow.com/questions/149055/how-to-format-numbers-as-currency-strings","component":"page","action":"scroll","data":{"viewport":{"x":0,"y":2500,"height":820,"width":337},"blocks":[{"identifier":"16233919","top":-856.40625,"bottom":1068.8125,"right":288,"left":74.6875,"width":213.3125,"height":1925.21875},{"identifier":"149099","top":1842.9375,"bottom":4122.84375,"right":288,"left":74.6875,"width":213.3125,"height":2279.90625},{"identifier":"14428340","top":5260.71875,"bottom":7060.5,"right":288,"left":74.6875,"width":213.3125,"height":1799.78125},{"identifier":"149107","top":8180.1875,"bottom":9295.859375,"right":288,"left":68,"width":220,"height":1115.671875},{"identifier":"2866613","top":10217.484375,"bottom":11442.734375,"right":288,"left":68,"width":220,"height":1225.25},{"identifier":"26745078","top":12635.171875,"bottom":12873.671875,"right":288,"left":68,"width":220,"height":238.5},{"identifier":"7266497","top":13665.984375,"bottom":13733.484375,"right":288,"left":68,"width":220,"height":67.5},{"identifier":"9318724","top":14562.171875,"bottom":15212.171875,"right":288,"left":68,"width":220,"height":650},{"identifier":"5342097","top":15755.046875,"bottom":16164.046875,"right":288,"left":68,"width":220,"height":409},{"identifier":"18994850","top":16938.171875,"bottom":17343.671875,"right":288,"left":68,"width":220,"height":405.5},{"identifier":"9318723","top":18190.546875,"bottom":18280.546875,"right":288,"left":68,"width":220,"height":90},{"identifier":"149150","top":18810.421875,"bottom":19252.421875,"right":288,"left":68,"width":220,"height":442},{"identifier":"68536579","top":19807.671875,"bottom":20055.84375,"right":288,"left":68,"width":220,"height":248.171875},{"identifier":"12698339","top":20414.21875,"bottom":20549.21875,"right":288,"left":68,"width":220,"height":135},{"identifier":"40079019","top":21206.40625,"bottom":22399.40625,"right":288,"left":68,"width":220,"height":1193},{"identifier":"6787083","top":23178.71875,"bottom":23442.71875,"right":288,"left":68,"width":220,"height":264},{"identifier":"6715476","top":24045.34375,"bottom":24721.09375,"right":288,"left":68,"width":220,"height":675.75},{"identifier":"8726353","top":24952.53125,"bottom":25172.53125,"right":288,"left":68,"width":220,"height":220},{"identifier":"11270819","top":25494.53125,"bottom":26053.03125,"right":288,"left":68,"width":220,"height":558.5},{"identifier":"149080","top":27063.59375,"bottom":27572.59375,"right":288,"left":68,"width":220,"height":509},{"identifier":"60877747","top":27912.78125,"bottom":28182.5625,"right":288,"left":68,"width":220,"height":269.78125},{"identifier":"1323064","top":28414,"bottom":29863,"right":288,"left":68,"width":220,"height":1449},{"identifier":"10168573","top":30221.375,"bottom":30678.875,"right":288,"left":68,"width":220,"height":457.5},{"identifier":"9327950","top":31037.25,"bottom":31166.75,"right":288,"left":68,"width":220,"height":129.5},{"identifier":"149120","top":31629.0625,"bottom":31960.0625,"right":288,"left":68,"width":220,"height":331},{"identifier":"12698442","top":32314.4375,"bottom":32573.4375,"right":288,"left":68,"width":220,"height":259},{"identifier":"3284302","top":32804.875,"bottom":33751.875,"right":288,"left":68,"width":220,"height":947},{"identifier":"14735423","top":34092.0625,"bottom":34916.5625,"right":288,"left":68,"width":220,"height":824.5},{"identifier":"54274936","top":35164.5,"bottom":35275.5,"right":288,"left":68,"width":220,"height":111},{"identifier":"23717185","top":35653.25,"bottom":39024.625,"right":288,"left":68,"width":220,"height":3371.375}]}},{"timestamp":"2022-09-27T15:38:04.878Z","url":"https://stackoverflow.com/questions/149055/how-to-format-numbers-as-currency-strings","component":"page","action":"scroll","data":{"viewport":{"x":0,"y":4200,"height":820,"width":337},"blocks":[{"identifier":"16233919","top":-2556.40625,"bottom":-631.1875,"right":288,"left":74.6875,"width":213.3125,"height":1925.21875},{"identifier":"149099","top":142.9375,"bottom":2422.84375,"right":288,"left":74.6875,"width":213.3125,"height":2279.90625},{"identifier":"14428340","top":3560.71875,"bottom":5360.5,"right":288,"left":74.6875,"width":213.3125,"height":1799.78125},{"identifier":"149107","top":6480.1875,"bottom":7595.859375,"right":288,"left":68,"width":220,"height":1115.671875},{"identifier":"2866613","top":8517.484375,"bottom":9742.734375,"right":288,"left":68,"width":220,"height":1225.25},{"identifier":"26745078","top":10935.171875,"bottom":11173.671875,"right":288,"left":68,"width":220,"height":238.5},{"identifier":"7266497","top":11965.984375,"bottom":12033.484375,"right":288,"left":68,"width":220,"height":67.5},{"identifier":"9318724","top":12862.171875,"bottom":13512.171875,"right":288,"left":68,"width":220,"height":650},{"identifier":"5342097","top":14055.046875,"bottom":14464.046875,"right":288,"left":68,"width":220,"height":409},{"identifier":"18994850","top":15238.171875,"bottom":15643.671875,"right":288,"left":68,"width":220,"height":405.5},{"identifier":"9318723","top":16490.546875,"bottom":16580.546875,"right":288,"left":68,"width":220,"height":90},{"identifier":"149150","top":17110.421875,"bottom":17552.421875,"right":288,"left":68,"width":220,"height":442},{"identifier":"68536579","top":18107.671875,"bottom":18355.84375,"right":288,"left":68,"width":220,"height":248.171875},{"identifier":"12698339","top":18714.21875,"bottom":18849.21875,"right":288,"left":68,"width":220,"height":135},{"identifier":"40079019","top":19506.40625,"bottom":20699.40625,"right":288,"left":68,"width":220,"height":1193},{"identifier":"6787083","top":21478.71875,"bottom":21742.71875,"right":288,"left":68,"width":220,"height":264},{"identifier":"6715476","top":22345.34375,"bottom":23021.09375,"right":288,"left":68,"width":220,"height":675.75},{"identifier":"8726353","top":23252.53125,"bottom":23472.53125,"right":288,"left":68,"width":220,"height":220},{"identifier":"11270819","top":23794.53125,"bottom":24353.03125,"right":288,"left":68,"width":220,"height":558.5},{"identifier":"149080","top":25363.59375,"bottom":25872.59375,"right":288,"left":68,"width":220,"height":509},{"identifier":"60877747","top":26212.78125,"bottom":26482.5625,"right":288,"left":68,"width":220,"height":269.78125},{"identifier":"1323064","top":26714,"bottom":28163,"right":288,"left":68,"width":220,"height":1449},{"identifier":"10168573","top":28521.375,"bottom":28978.875,"right":288,"left":68,"width":220,"height":457.5},{"identifier":"9327950","top":29337.25,"bottom":29466.75,"right":288,"left":68,"width":220,"height":129.5},{"identifier":"149120","top":29929.0625,"bottom":30260.0625,"right":288,"left":68,"width":220,"height":331},{"identifier":"12698442","top":30614.4375,"bottom":30873.4375,"right":288,"left":68,"width":220,"height":259},{"identifier":"3284302","top":31104.875,"bottom":32051.875,"right":288,"left":68,"width":220,"height":947},{"identifier":"14735423","top":32392.0625,"bottom":33216.5625,"right":288,"left":68,"width":220,"height":824.5},{"identifier":"54274936","top":33464.5,"bottom":33575.5,"right":288,"left":68,"width":220,"height":111},{"identifier":"23717185","top":33953.25,"bottom":37324.625,"right":288,"left":68,"width":220,"height":3371.375}]}},{"timestamp":"2022-09-27T15:38:08.712Z","url":"https://stackoverflow.com/questions/149055/how-to-format-numbers-as-currency-strings","component":"page","action":"scroll","data":{"viewport":{"x":0,"y":400,"height":820,"width":337},"blocks":[{"identifier":"16233919","top":1243.59375,"bottom":3168.8125,"right":288,"left":74.6875,"width":213.3125,"height":1925.21875},{"identifier":"149099","top":3942.9375,"bottom":6222.84375,"right":288,"left":74.6875,"width":213.3125,"height":2279.90625},{"identifier":"14428340","top":7360.71875,"bottom":9160.5,"right":288,"left":74.6875,"width":213.3125,"height":1799.78125},{"identifier":"149107","top":10280.1875,"bottom":11395.859375,"right":288,"left":68,"width":220,"height":1115.671875},{"identifier":"2866613","top":12317.484375,"bottom":13542.734375,"right":288,"left":68,"width":220,"height":1225.25},{"identifier":"26745078","top":14735.171875,"bottom":14973.671875,"right":288,"left":68,"width":220,"height":238.5},{"identifier":"7266497","top":15765.984375,"bottom":15833.484375,"right":288,"left":68,"width":220,"height":67.5},{"identifier":"9318724","top":16662.171875,"bottom":17312.171875,"right":288,"left":68,"width":220,"height":650},{"identifier":"5342097","top":17855.046875,"bottom":18264.046875,"right":288,"left":68,"width":220,"height":409},{"identifier":"18994850","top":19038.171875,"bottom":19443.671875,"right":288,"left":68,"width":220,"height":405.5},{"identifier":"9318723","top":20290.546875,"bottom":20380.546875,"right":288,"left":68,"width":220,"height":90},{"identifier":"149150","top":20910.421875,"bottom":21352.421875,"right":288,"left":68,"width":220,"height":442},{"identifier":"68536579","top":21907.671875,"bottom":22155.84375,"right":288,"left":68,"width":220,"height":248.171875},{"identifier":"12698339","top":22514.21875,"bottom":22649.21875,"right":288,"left":68,"width":220,"height":135},{"identifier":"40079019","top":23306.40625,"bottom":24499.40625,"right":288,"left":68,"width":220,"height":1193},{"identifier":"6787083","top":25278.71875,"bottom":25542.71875,"right":288,"left":68,"width":220,"height":264},{"identifier":"6715476","top":26145.34375,"bottom":26821.09375,"right":288,"left":68,"width":220,"height":675.75},{"identifier":"8726353","top":27052.53125,"bottom":27272.53125,"right":288,"left":68,"width":220,"height":220},{"identifier":"11270819","top":27594.53125,"bottom":28153.03125,"right":288,"left":68,"width":220,"height":558.5},{"identifier":"149080","top":29163.59375,"bottom":29672.59375,"right":288,"left":68,"width":220,"height":509},{"identifier":"60877747","top":30012.78125,"bottom":30282.5625,"right":288,"left":68,"width":220,"height":269.78125},{"identifier":"1323064","top":30514,"bottom":31963,"right":288,"left":68,"width":220,"height":1449},{"identifier":"10168573","top":32321.375,"bottom":32778.875,"right":288,"left":68,"width":220,"height":457.5},{"identifier":"9327950","top":33137.25,"bottom":33266.75,"right":288,"left":68,"width":220,"height":129.5},{"identifier":"149120","top":33729.0625,"bottom":34060.0625,"right":288,"left":68,"width":220,"height":331},{"identifier":"12698442","top":34414.4375,"bottom":34673.4375,"right":288,"left":68,"width":220,"height":259},{"identifier":"3284302","top":34904.875,"bottom":35851.875,"right":288,"left":68,"width":220,"height":947},{"identifier":"14735423","top":36192.0625,"bottom":37016.5625,"right":288,"left":68,"width":220,"height":824.5},{"identifier":"54274936","top":37264.5,"bottom":37375.5,"right":288,"left":68,"width":220,"height":111},{"identifier":"23717185","top":37753.25,"bottom":41124.625,"right":288,"left":68,"width":220,"height":3371.375}]}},{"timestamp":"2022-09-27T15:38:09.429Z","url":"https://stackoverflow.com/questions/149055/how-to-format-numbers-as-currency-strings","component":"page","action":"scroll","data":{"viewport":{"x":0,"y":0,"height":820,"width":337},"blocks":[{"identifier":"16233919","top":1643.59375,"bottom":3568.8125,"right":288,"left":74.6875,"width":213.3125,"height":1925.21875},{"identifier":"149099","top":4342.9375,"bottom":6622.84375,"right":288,"left":74.6875,"width":213.3125,"height":2279.90625},{"identifier":"14428340","top":7760.71875,"bottom":9560.5,"right":288,"left":74.6875,"width":213.3125,"height":1799.78125},{"identifier":"149107","top":10680.1875,"bottom":11795.859375,"right":288,"left":68,"width":220,"height":1115.671875},{"identifier":"2866613","top":12717.484375,"bottom":13942.734375,"right":288,"left":68,"width":220,"height":1225.25},{"identifier":"26745078","top":15135.171875,"bottom":15373.671875,"right":288,"left":68,"width":220,"height":238.5},{"identifier":"7266497","top":16165.984375,"bottom":16233.484375,"right":288,"left":68,"width":220,"height":67.5},{"identifier":"9318724","top":17062.171875,"bottom":17712.171875,"right":288,"left":68,"width":220,"height":650},{"identifier":"5342097","top":18255.046875,"bottom":18664.046875,"right":288,"left":68,"width":220,"height":409},{"identifier":"18994850","top":19438.171875,"bottom":19843.671875,"right":288,"left":68,"width":220,"height":405.5},{"identifier":"9318723","top":20690.546875,"bottom":20780.546875,"right":288,"left":68,"width":220,"height":90},{"identifier":"149150","top":21310.421875,"bottom":21752.421875,"right":288,"left":68,"width":220,"height":442},{"identifier":"68536579","top":22307.671875,"bottom":22555.84375,"right":288,"left":68,"width":220,"height":248.171875},{"identifier":"12698339","top":22914.21875,"bottom":23049.21875,"right":288,"left":68,"width":220,"height":135},{"identifier":"40079019","top":23706.40625,"bottom":24899.40625,"right":288,"left":68,"width":220,"height":1193},{"identifier":"6787083","top":25678.71875,"bottom":25942.71875,"right":288,"left":68,"width":220,"height":264},{"identifier":"6715476","top":26545.34375,"bottom":27221.09375,"right":288,"left":68,"width":220,"height":675.75},{"identifier":"8726353","top":27452.53125,"bottom":27672.53125,"right":288,"left":68,"width":220,"height":220},{"identifier":"11270819","top":27994.53125,"bottom":28553.03125,"right":288,"left":68,"width":220,"height":558.5},{"identifier":"149080","top":29563.59375,"bottom":30072.59375,"right":288,"left":68,"width":220,"height":509},{"identifier":"60877747","top":30412.78125,"bottom":30682.5625,"right":288,"left":68,"width":220,"height":269.78125},{"identifier":"1323064","top":30914,"bottom":32363,"right":288,"left":68,"width":220,"height":1449},{"identifier":"10168573","top":32721.375,"bottom":33178.875,"right":288,"left":68,"width":220,"height":457.5},{"identifier":"9327950","top":33537.25,"bottom":33666.75,"right":288,"left":68,"width":220,"height":129.5},{"identifier":"149120","top":34129.0625,"bottom":34460.0625,"right":288,"left":68,"width":220,"height":331},{"identifier":"12698442","top":34814.4375,"bottom":35073.4375,"right":288,"left":68,"width":220,"height":259},{"identifier":"3284302","top":35304.875,"bottom":36251.875,"right":288,"left":68,"width":220,"height":947},{"identifier":"14735423","top":36592.0625,"bottom":37416.5625,"right":288,"left":68,"width":220,"height":824.5},{"identifier":"54274936","top":37664.5,"bottom":37775.5,"right":288,"left":68,"width":220,"height":111},{"identifier":"23717185","top":38153.25,"bottom":41524.625,"right":288,"left":68,"width":220,"height":3371.375}]}},{"timestamp":"2022-09-27T15:38:10.425Z","url":"https://stackoverflow.com/questions/149055/how-to-format-numbers-as-currency-strings","component":"page","action":"close"},{"timestamp":"2022-09-27T15:38:11.093Z","url":"https://stackoverflow.com/questions/149055/how-to-format-numbers-as-currency-strings","component":"projection","action":"mouseenter"},{"timestamp":"2022-09-27T15:38:11.361Z","url":"https://stackoverflow.com/questions/149055/how-to-format-numbers-as-currency-strings","component":"projection","action":"mouseleave"},{"timestamp":"2022-09-27T15:38:11.363Z","url":"https://stackoverflow.com/questions/149055/how-to-format-numbers-as-currency-strings/5681208","component":"projection","action":"mouseenter"},{"timestamp":"2022-09-27T15:38:12.220Z","url":"https://stackoverflow.com/questions/149055/how-to-format-numbers-as-currency-strings/5681208","component":"page","action":"open"},{"timestamp":"2022-09-27T15:38:12.250Z","url":"https://stackoverflow.com/questions/149055/how-to-format-numbers-as-currency-strings/5681208","component":"projection","action":"mouseleave"},{"timestamp":"2022-09-27T15:38:14.273Z","url":"https://stackoverflow.com/questions/149055/how-to-format-numbers-as-currency-strings/5681208","component":"page","action":"load"},{"timestamp":"2022-09-27T15:38:17.578Z","url":"https://stackoverflow.com/questions/149055/how-to-format-numbers-as-currency-strings/5681208","component":"page","action":"scroll","data":{"viewport":{"x":0,"y":1500,"height":820,"width":337},"blocks":[{"identifier":"37626980","top":143.59375,"bottom":525.59375,"right":288,"left":68,"width":220,"height":382},{"identifier":"8363954","top":938.53125,"bottom":1260.53125,"right":288,"left":68,"width":220,"height":322},{"identifier":"149126","top":1491.96875,"bottom":2285.46875,"right":288,"left":68,"width":220,"height":793.5},{"identifier":"5681208","top":3053.78125,"bottom":3364.28125,"right":288,"left":68,"width":220,"height":310.5},{"identifier":"149371","top":3595.71875,"bottom":3992.71875,"right":288,"left":68,"width":220,"height":397},{"identifier":"30033551","top":4599.34375,"bottom":5270.84375,"right":288,"left":68,"width":220,"height":671.5},{"identifier":"23747994","top":5990.40625,"bottom":6311.90625,"right":288,"left":68,"width":220,"height":321.5},{"identifier":"33286686","top":6526.34375,"bottom":6820.34375,"right":288,"left":68,"width":220,"height":294},{"identifier":"58007996","top":7178.71875,"bottom":7528.71875,"right":288,"left":68,"width":220,"height":350},{"identifier":"14339482","top":7743.15625,"bottom":9049.65625,"right":288,"left":68,"width":220,"height":1306.5},{"identifier":"25755921","top":9389.84375,"bottom":9578.34375,"right":288,"left":68,"width":220,"height":188.5},{"identifier":"26506271","top":10071.84375,"bottom":10988.34375,"right":288,"left":68,"width":220,"height":916.5},{"identifier":"18245848","top":11202.78125,"bottom":12658.03125,"right":288,"left":68,"width":220,"height":1455.25},{"identifier":"21255239","top":12889.46875,"bottom":13092.46875,"right":288,"left":68,"width":220,"height":203},{"identifier":"24428097","top":13554.78125,"bottom":14348.28125,"right":288,"left":68,"width":220,"height":793.5},{"identifier":"39782793","top":14579.71875,"bottom":15146.71875,"right":288,"left":68,"width":220,"height":567},{"identifier":"5969458","top":15378.15625,"bottom":15566.65625,"right":288,"left":68,"width":220,"height":188.5},{"identifier":"9318703","top":15925.03125,"bottom":16015.03125,"right":288,"left":68,"width":220,"height":90},{"identifier":"14576179","top":16229.46875,"bottom":16551.46875,"right":288,"left":68,"width":220,"height":322},{"identifier":"8313159","top":16765.90625,"bottom":17042.90625,"right":288,"left":68,"width":220,"height":277},{"identifier":"15538795","top":17274.34375,"bottom":18640.84375,"right":288,"left":68,"width":220,"height":1366.5},{"identifier":"28215542","top":18872.28125,"bottom":20697.03125,"right":288,"left":68,"width":220,"height":1824.75},{"identifier":"28640113","top":21377.59375,"bottom":25319.09375,"right":288,"left":68,"width":220,"height":3941.5},{"identifier":"40534670","top":25841.15625,"bottom":26082.65625,"right":288,"left":68,"width":220,"height":241.5},{"identifier":"49688690","top":26314.09375,"bottom":27251.59375,"right":288,"left":68,"width":220,"height":937.5},{"identifier":"11264443","top":27483.03125,"bottom":27874.03125,"right":288,"left":68,"width":220,"height":391},{"identifier":"51597446","top":28196.03125,"bottom":28637.03125,"right":288,"left":68,"width":220,"height":441},{"identifier":"2919971","top":28868.46875,"bottom":29221.96875,"right":288,"left":68,"width":220,"height":353.5},{"identifier":"11335085","top":29453.40625,"bottom":29752.90625,"right":288,"left":68,"width":220,"height":299.5},{"identifier":"29471888","top":29984.34375,"bottom":30665.34375,"right":288,"left":68,"width":220,"height":681}]}},{"timestamp":"2022-09-27T15:38:19.499Z","url":"https://stackoverflow.com/questions/149055/how-to-format-numbers-as-currency-strings/5681208","component":"page","action":"close"},{"timestamp":"2022-09-27T15:38:19.849Z","url":"https://stackoverflow.com/questions/149055/how-to-format-numbers-as-currency-strings","component":"projection","action":"mouseenter"},{"timestamp":"2022-09-27T15:38:20.806Z","url":"https://stackoverflow.com/questions/149055/how-to-format-numbers-as-currency-strings","component":"page","action":"open"},{"timestamp":"2022-09-27T15:38:20.852Z","url":"https://stackoverflow.com/questions/149055/how-to-format-numbers-as-currency-strings","component":"projection","action":"mouseleave"},{"timestamp":"2022-09-27T15:38:21.519Z","url":"https://stackoverflow.com/questions/149055/how-to-format-numbers-as-currency-strings","component":"page","action":"load"},{"timestamp":"2022-09-27T15:38:23.897Z","url":"https://stackoverflow.com/questions/149055/how-to-format-numbers-as-currency-strings","component":"page","action":"close"},{"timestamp":"2022-09-27T15:38:25.360Z","url":"https://stackoverflow.com/questions/149055/how-to-format-numbers-as-currency-strings","component":"projection","action":"mouseenter"},{"timestamp":"2022-09-27T15:38:26.143Z","url":"https://stackoverflow.com/questions/149055/how-to-format-numbers-as-currency-strings","component":"projection","action":"mouseleave"},{"timestamp":"2022-09-27T15:38:26.147Z","url":"https://stackoverflow.com/questions/149055/how-to-format-numbers-as-currency-strings/5681208","component":"projection","action":"mouseenter"},{"timestamp":"2022-09-27T15:38:28.760Z","url":"https://stackoverflow.com/questions/149055/how-to-format-numbers-as-currency-strings/5681208","component":"projection","action":"mouseleave"},{"timestamp":"2022-09-27T15:38:28.766Z","url":"https://stackoverflow.com/questions/149055/how-to-format-numbers-as-currency-strings","component":"projection","action":"mouseenter"},{"timestamp":"2022-09-27T15:38:29.109Z","url":"https://stackoverflow.com/questions/149055/how-to-format-numbers-as-currency-strings","component":"projection","action":"mouseleave"},{"timestamp":"2022-09-27T15:39:00.893Z","url":"https://stackoverflow.com/questions/149055/how-to-format-numbers-as-currency-strings","component":"projection","action":"mouseenter"},{"timestamp":"2022-09-27T15:39:01.523Z","url":"https://stackoverflow.com/questions/149055/how-to-format-numbers-as-currency-strings","component":"page","action":"open"},{"timestamp":"2022-09-27T15:39:01.568Z","url":"https://stackoverflow.com/questions/149055/how-to-format-numbers-as-currency-strings","component":"projection","action":"mouseleave"},{"timestamp":"2022-09-27T15:39:02.252Z","url":"https://stackoverflow.com/questions/149055/how-to-format-numbers-as-currency-strings","component":"page","action":"load"},{"timestamp":"2022-09-27T15:39:05.144Z","url":"https://stackoverflow.com/questions/149055/how-to-format-numbers-as-currency-strings","component":"page","action":"scroll","data":{"viewport":{"x":0,"y":1500,"height":820,"width":337},"blocks":[{"identifier":"16233919","top":143.59375,"bottom":2068.8125,"right":288,"left":74.6875,"width":213.3125,"height":1925.21875},{"identifier":"149099","top":2842.9375,"bottom":5122.84375,"right":288,"left":74.6875,"width":213.3125,"height":2279.90625},{"identifier":"14428340","top":6260.71875,"bottom":8060.5,"right":288,"left":74.6875,"width":213.3125,"height":1799.78125},{"identifier":"149107","top":9180.1875,"bottom":10295.859375,"right":288,"left":68,"width":220,"height":1115.671875},{"identifier":"2866613","top":11217.484375,"bottom":12442.734375,"right":288,"left":68,"width":220,"height":1225.25},{"identifier":"26745078","top":13635.171875,"bottom":13873.671875,"right":288,"left":68,"width":220,"height":238.5},{"identifier":"7266497","top":14665.984375,"bottom":14733.484375,"right":288,"left":68,"width":220,"height":67.5},{"identifier":"9318724","top":15562.171875,"bottom":16212.171875,"right":288,"left":68,"width":220,"height":650},{"identifier":"5342097","top":16755.046875,"bottom":17164.046875,"right":288,"left":68,"width":220,"height":409},{"identifier":"18994850","top":17938.171875,"bottom":18343.671875,"right":288,"left":68,"width":220,"height":405.5},{"identifier":"9318723","top":19190.546875,"bottom":19280.546875,"right":288,"left":68,"width":220,"height":90},{"identifier":"149150","top":19810.421875,"bottom":20252.421875,"right":288,"left":68,"width":220,"height":442},{"identifier":"68536579","top":20807.671875,"bottom":21055.84375,"right":288,"left":68,"width":220,"height":248.171875},{"identifier":"12698339","top":21414.21875,"bottom":21549.21875,"right":288,"left":68,"width":220,"height":135},{"identifier":"40079019","top":22206.40625,"bottom":23399.40625,"right":288,"left":68,"width":220,"height":1193},{"identifier":"6787083","top":24178.71875,"bottom":24442.71875,"right":288,"left":68,"width":220,"height":264},{"identifier":"6715476","top":25045.34375,"bottom":25721.09375,"right":288,"left":68,"width":220,"height":675.75},{"identifier":"8726353","top":25952.53125,"bottom":26172.53125,"right":288,"left":68,"width":220,"height":220},{"identifier":"11270819","top":26494.53125,"bottom":27053.03125,"right":288,"left":68,"width":220,"height":558.5},{"identifier":"149080","top":28063.59375,"bottom":28572.59375,"right":288,"left":68,"width":220,"height":509},{"identifier":"60877747","top":28912.78125,"bottom":29182.5625,"right":288,"left":68,"width":220,"height":269.78125},{"identifier":"1323064","top":29414,"bottom":30863,"right":288,"left":68,"width":220,"height":1449},{"identifier":"10168573","top":31221.375,"bottom":31678.875,"right":288,"left":68,"width":220,"height":457.5},{"identifier":"9327950","top":32037.25,"bottom":32166.75,"right":288,"left":68,"width":220,"height":129.5},{"identifier":"149120","top":32629.0625,"bottom":32960.0625,"right":288,"left":68,"width":220,"height":331},{"identifier":"12698442","top":33314.4375,"bottom":33573.4375,"right":288,"left":68,"width":220,"height":259},{"identifier":"3284302","top":33804.875,"bottom":34751.875,"right":288,"left":68,"width":220,"height":947},{"identifier":"14735423","top":35092.0625,"bottom":35916.5625,"right":288,"left":68,"width":220,"height":824.5},{"identifier":"54274936","top":36164.5,"bottom":36275.5,"right":288,"left":68,"width":220,"height":111},{"identifier":"23717185","top":36653.25,"bottom":40024.625,"right":288,"left":68,"width":220,"height":3371.375}]}},{"timestamp":"2022-09-27T15:39:13.898Z","url":"https://stackoverflow.com/questions/149055/how-to-format-numbers-as-currency-strings","component":"page","action":"selection","data":"// Create our number formatter.\nvar formatter = new Intl.NumberFormat('en-US', {\n  style: 'currency',\n  currency: 'USD',\n\n  // These options are needed to round to whole numbers if that's what you want.\n  //minimumFractionDigits: 0, // (this suffices for whole numbers, but will print 2500.10 as $2,500.1)\n  //maximumFractionDigits: 0, // (causes 2500.99 to be printed as $2,501)\n});\n\nformatter.format(2500); /* $2,500.00 */"},{"timestamp":"2022-09-27T15:39:15.105Z","url":"https://stackoverflow.com/questions/149055/how-to-format-numbers-as-currency-strings","component":"page","action":"copy","data":"// Create our number formatter.\nvar formatter = new Intl.NumberFormat('en-US', {\n  style: 'currency',\n  currency: 'USD',\n\n  // These options are needed to round to whole numbers if that's what you want.\n  //minimumFractionDigits: 0, // (this suffices for whole numbers, but will print 2500.10 as $2,500.1)\n  //maximumFractionDigits: 0, // (causes 2500.99 to be printed as $2,501)\n});\n\nformatter.format(2500); /* $2,500.00 */"},{"timestamp":"2022-09-27T15:41:34.348Z","url":"https://stackoverflow.com/questions/149055/how-to-format-numbers-as-currency-strings","component":"page","action":"scroll","data":{"viewport":{"x":0,"y":918,"height":820,"width":617},"blocks":[{"identifier":"16233919","top":144.015625,"bottom":1272.15625,"right":568,"left":74.6875,"width":493.3125,"height":1128.140625},{"identifier":"149099","top":1767.28125,"bottom":3669.09375,"right":568,"left":74.6875,"width":493.3125,"height":1901.8125},{"identifier":"14428340","top":4273.34375,"bottom":5701.9375,"right":568,"left":74.6875,"width":493.3125,"height":1428.59375},{"identifier":"149107","top":6324.375,"bottom":7172.546875,"right":568,"left":68,"width":500,"height":848.171875},{"identifier":"2866613","top":7706.046875,"bottom":8683.796875,"right":568,"left":68,"width":500,"height":977.75},{"identifier":"26745078","top":9324.421875,"bottom":9495.421875,"right":568,"left":68,"width":500,"height":171},{"identifier":"7266497","top":9972.359375,"bottom":10017.359375,"right":568,"left":68,"width":500,"height":45},{"identifier":"9318724","top":10512.484375,"bottom":11027.484375,"right":568,"left":68,"width":500,"height":515},{"identifier":"5342097","top":11418.671875,"bottom":11795.171875,"right":568,"left":68,"width":500,"height":376.5},{"identifier":"18994850","top":12308.484375,"bottom":12646.484375,"right":568,"left":68,"width":500,"height":338},{"identifier":"9318723","top":13177.984375,"bottom":13257.984375,"right":568,"left":68,"width":500,"height":80},{"identifier":"149150","top":13636.171875,"bottom":13978.171875,"right":568,"left":68,"width":500,"height":342},{"identifier":"68536579","top":14345.359375,"bottom":14550.140625,"right":568,"left":68,"width":500,"height":204.78125},{"identifier":"12698339","top":14829.578125,"bottom":14932.078125,"right":568,"left":68,"width":500,"height":102.5},{"identifier":"40079019","top":15346.640625,"bottom":16417.140625,"right":568,"left":68,"width":500,"height":1070.5},{"identifier":"6787083","top":16881.078125,"bottom":17010.078125,"right":568,"left":68,"width":500,"height":129},{"identifier":"6715476","top":17424.640625,"bottom":17852.890625,"right":568,"left":68,"width":500,"height":428.25},{"identifier":"8726353","top":18059.953125,"bottom":18257.453125,"right":568,"left":68,"width":500,"height":197.5},{"identifier":"11270819","top":18518.703125,"bottom":18919.703125,"right":568,"left":68,"width":500,"height":401},{"identifier":"149080","top":19487.578125,"bottom":19974.078125,"right":568,"left":68,"width":500,"height":486.5},{"identifier":"60877747","top":20253.515625,"bottom":20666.015625,"right":568,"left":68,"width":500,"height":412.5},{"identifier":"1323064","top":20873.078125,"bottom":22232.078125,"right":568,"left":68,"width":500,"height":1359},{"identifier":"10168573","top":22511.515625,"bottom":22891.515625,"right":568,"left":68,"width":500,"height":380},{"identifier":"9327950","top":23170.953125,"bottom":23267.953125,"right":568,"left":68,"width":500,"height":97},{"identifier":"149120","top":23614.953125,"bottom":23935.953125,"right":568,"left":68,"width":500,"height":321},{"identifier":"12698442","top":24211.390625,"bottom":24415.390625,"right":568,"left":68,"width":500,"height":204},{"identifier":"3284302","top":24622.453125,"bottom":25299.453125,"right":568,"left":68,"width":500,"height":677},{"identifier":"14735423","top":25578.890625,"bottom":26100.890625,"right":568,"left":68,"width":500,"height":522},{"identifier":"54274936","top":26324.453125,"bottom":26425.453125,"right":568,"left":68,"width":500,"height":101},{"identifier":"23717185","top":26706.078125,"bottom":29892.453125,"right":568,"left":68,"width":500,"height":3186.375}]}},{"timestamp":"2022-09-27T15:41:35.141Z","url":"https://stackoverflow.com/questions/149055/how-to-format-numbers-as-currency-strings","component":"page","action":"scroll","data":{"viewport":{"x":0,"y":900,"height":820,"width":777},"blocks":[{"identifier":"16233919","top":155.1875,"bottom":1340.59375,"right":728,"left":242.28125,"width":485.71875,"height":1185.40625},{"identifier":"149099","top":1838.34375,"bottom":3770.296875,"right":728,"left":242.28125,"width":485.71875,"height":1931.953125},{"identifier":"14428340","top":4377.171875,"bottom":5825.125,"right":728,"left":242.28125,"width":485.71875,"height":1447.953125},{"identifier":"149107","top":6450.1875,"bottom":7309.265625,"right":728,"left":233,"width":495,"height":859.078125},{"identifier":"2866613","top":7845.390625,"bottom":8823.140625,"right":728,"left":233,"width":495,"height":977.75},{"identifier":"26745078","top":9466.390625,"bottom":9637.390625,"right":728,"left":233,"width":495,"height":171},{"identifier":"7266497","top":10135.140625,"bottom":10180.140625,"right":728,"left":233,"width":495,"height":45},{"identifier":"9318724","top":10677.890625,"bottom":11192.890625,"right":728,"left":233,"width":495,"height":515},{"identifier":"5342097","top":11586.703125,"bottom":11963.203125,"right":728,"left":233,"width":495,"height":376.5},{"identifier":"18994850","top":12479.140625,"bottom":12817.140625,"right":728,"left":233,"width":495,"height":338},{"identifier":"9318723","top":13351.265625,"bottom":13431.265625,"right":728,"left":233,"width":495,"height":80},{"identifier":"149150","top":13812.078125,"bottom":14164.078125,"right":728,"left":233,"width":495,"height":352},{"identifier":"68536579","top":14533.890625,"bottom":14744.625,"right":728,"left":233,"width":495,"height":210.734375},{"identifier":"12698339","top":15026.6875,"bottom":15129.1875,"right":728,"left":233,"width":495,"height":102.5},{"identifier":"40079019","top":15546.375,"bottom":16616.875,"right":728,"left":233,"width":495,"height":1070.5},{"identifier":"6787083","top":17083.4375,"bottom":17212.4375,"right":728,"left":233,"width":495,"height":129},{"identifier":"6715476","top":17629.625,"bottom":18057.875,"right":728,"left":233,"width":495,"height":428.25},{"identifier":"8726353","top":18267.5625,"bottom":18465.0625,"right":728,"left":233,"width":495,"height":197.5},{"identifier":"11270819","top":18728.9375,"bottom":19129.9375,"right":728,"left":233,"width":495,"height":401},{"identifier":"149080","top":19700.4375,"bottom":20186.9375,"right":728,"left":233,"width":495,"height":486.5},{"identifier":"60877747","top":20469,"bottom":20880.390625,"right":728,"left":233,"width":495,"height":411.390625},{"identifier":"1323064","top":21090.078125,"bottom":22471.578125,"right":728,"left":233,"width":495,"height":1381.5},{"identifier":"10168573","top":22753.640625,"bottom":23133.640625,"right":728,"left":233,"width":495,"height":380},{"identifier":"9327950","top":23415.703125,"bottom":23512.703125,"right":728,"left":233,"width":495,"height":97},{"identifier":"149120","top":23862.328125,"bottom":24183.328125,"right":728,"left":233,"width":495,"height":321},{"identifier":"12698442","top":24461.390625,"bottom":24665.390625,"right":728,"left":233,"width":495,"height":204},{"identifier":"3284302","top":24875.078125,"bottom":25552.078125,"right":728,"left":233,"width":495,"height":677},{"identifier":"14735423","top":25834.140625,"bottom":26378.640625,"right":728,"left":233,"width":495,"height":544.5},{"identifier":"54274936","top":26604.828125,"bottom":26705.828125,"right":728,"left":233,"width":495,"height":101},{"identifier":"23717185","top":26989.078125,"bottom":30257.328125,"right":728,"left":233,"width":495,"height":3268.25}]}},{"timestamp":"2022-09-27T15:41:39.476Z","url":"https://stackoverflow.com/questions/149055/how-to-format-numbers-as-currency-strings","component":"page","action":"scroll","data":{"viewport":{"x":0,"y":1568,"height":820,"width":319},"blocks":[{"identifier":"16233919","top":252.875,"bottom":2365.28125,"right":270,"left":74.6875,"width":195.3125,"height":2112.40625},{"identifier":"149099","top":3193.96875,"bottom":5518.875,"right":270,"left":74.6875,"width":195.3125,"height":2324.90625},{"identifier":"14428340","top":6784.0625,"bottom":8674.4375,"right":270,"left":74.6875,"width":195.3125,"height":1890.375},{"identifier":"149107","top":9885.0625,"bottom":11068.234375,"right":270,"left":68,"width":202,"height":1183.171875},{"identifier":"2866613","top":12008.046875,"bottom":13278.296875,"right":270,"left":68,"width":202,"height":1270.25},{"identifier":"26745078","top":14543.484375,"bottom":14781.984375,"right":270,"left":68,"width":202,"height":238.5},{"identifier":"7266497","top":15647.046875,"bottom":15737.046875,"right":270,"left":68,"width":202,"height":90},{"identifier":"9318724","top":16583.921875,"bottom":17278.921875,"right":270,"left":68,"width":202,"height":695},{"identifier":"5342097","top":17839.984375,"bottom":18248.984375,"right":270,"left":68,"width":202,"height":409},{"identifier":"18994850","top":19077.671875,"bottom":19528.171875,"right":270,"left":68,"width":202,"height":450.5},{"identifier":"9318723","top":20447.796875,"bottom":20537.796875,"right":270,"left":68,"width":202,"height":90},{"identifier":"149150","top":21067.671875,"bottom":21509.671875,"right":270,"left":68,"width":202,"height":442},{"identifier":"68536579","top":22083.109375,"bottom":22331.28125,"right":270,"left":68,"width":202,"height":248.171875},{"identifier":"12698339","top":22689.65625,"bottom":22824.65625,"right":270,"left":68,"width":202,"height":135},{"identifier":"40079019","top":23500.03125,"bottom":24693.03125,"right":270,"left":68,"width":202,"height":1193},{"identifier":"6787083","top":25526.90625,"bottom":25813.40625,"right":270,"left":68,"width":202,"height":286.5},{"identifier":"6715476","top":26452.40625,"bottom":27218.15625,"right":270,"left":68,"width":202,"height":765.75},{"identifier":"8726353","top":27449.59375,"bottom":27692.09375,"right":270,"left":68,"width":202,"height":242.5},{"identifier":"11270819","top":28014.09375,"bottom":28595.09375,"right":270,"left":68,"width":202,"height":581},{"identifier":"149080","top":29660.21875,"bottom":30169.21875,"right":270,"left":68,"width":202,"height":509},{"identifier":"60877747","top":30509.40625,"bottom":30769.265625,"right":270,"left":68,"width":202,"height":259.859375},{"identifier":"1323064","top":31000.703125,"bottom":32472.203125,"right":270,"left":68,"width":202,"height":1471.5},{"identifier":"10168573","top":32848.765625,"bottom":33328.765625,"right":270,"left":68,"width":202,"height":480},{"identifier":"9327950","top":33705.328125,"bottom":33834.828125,"right":270,"left":68,"width":202,"height":129.5},{"identifier":"149120","top":34333.515625,"bottom":34664.515625,"right":270,"left":68,"width":202,"height":331},{"identifier":"12698442","top":35037.078125,"bottom":35318.578125,"right":270,"left":68,"width":202,"height":281.5},{"identifier":"3284302","top":35550.015625,"bottom":36519.515625,"right":270,"left":68,"width":202,"height":969.5},{"identifier":"14735423","top":36877.890625,"bottom":37747.390625,"right":270,"left":68,"width":202,"height":869.5},{"identifier":"54274936","top":37995.328125,"bottom":38106.328125,"right":270,"left":68,"width":202,"height":111},{"identifier":"23717185","top":38502.265625,"bottom":41896.140625,"right":270,"left":68,"width":202,"height":3393.875}]}}]}]}