{"trialId":"31472_2","taskId":"tutorial","appEvents":[{"timestamp":"2022-09-27T15:14:57.265Z","name":"resize","data":{"height":0,"width":0}},{"timestamp":"2022-09-27T15:14:58.180Z","name":"resize","data":{"height":880,"width":299}},{"timestamp":"2022-09-27T15:15:27.708Z","name":"search","data":"search-start"},{"timestamp":"2022-09-27T15:15:32.605Z","name":"search","data":"search-done"},{"timestamp":"2022-09-27T15:20:39.551Z","name":"resize","data":{"height":880,"width":299}}],"searches":[{"keywords":["sum","object","property","array"],"context":{"tokens":[{"kind":"language","value":"javascript"}]},"timestamp":"2022-09-27T15:15:27.707Z","results":[{"signatures":[{"answerKeywords":["array","array","array","sum","object","object","array"],"answerWordCount":2381,"text":"T[].reduce(function): T","parentType":"T[]","name":"reduce","arguments":[{"name":"callbackfn:(previousValue:T,currentValue:T,currentIndex:number,array:T[])=>T","type":"(previousValue: T, currentValue: T, currentIndex: number, array: T[]) => T"}],"returnType":"T","usage":"array.reduce(function(previousValue, currentValue) {\n  return {\n    adults: previousValue.adults + currentValue.adults,\n    children: previousValue.children + currentValue.children\n  }\n})","definition":"var array = [{\n  \"adults\": 2,\n  \"children\": 3\n}, {\n  \"adults\": 2,\n  \"children\": 1\n}];","source":"var array = [{\n  \"adults\": 2,\n  \"children\": 3\n}, {\n  \"adults\": 2,\n  \"children\": 1\n}];\n\nvar val = array.reduce(function(previousValue, currentValue) {\n  return {\n    adults: previousValue.adults + currentValue.adults,\n    children: previousValue.children + currentValue.children\n  }\n});\nconsole.log(val);","answerId":"35480841","answerUrl":"https://stackoverflow.com/a/35480841","voteCount":31,"isAccepted":false,"lastModified":"2019-07-23T07:21:10.000Z"},{"answerKeywords":["array","array"],"answerWordCount":832,"text":"T[].reduce(function, U): U","parentType":"T[]","name":"reduce","arguments":[{"name":"callbackfn:(previousValue:U,currentValue:T,currentIndex:number,array:T[])=>U","type":"(previousValue: U, currentValue: T, currentIndex: number, array: T[]) => U"},{"name":"initialValue:U","type":"U"}],"returnType":"U","usage":"array.reduce((accum,item) => accum + item.children, 0)","definition":"var array = [{\"adults\":2,\"children\":3},{\"adults\":2,\"children\":1}];","source":" \n\nvar array = [{\"adults\":2,\"children\":3},{\"adults\":2,\"children\":1}];\n\nvar totalChild = array.reduce((accum,item) => accum + item.children, 0)\n\nconsole.log(totalChild) //output 4","answerId":"59730051","answerUrl":"https://stackoverflow.com/a/59730051","voteCount":23,"isAccepted":false,"lastModified":"2022-01-27T11:37:17.000Z"},{"answerKeywords":["property","sum","sum"],"answerWordCount":988,"text":"reduce(function, number)","name":"reduce","arguments":[{"type":"(acc: any, curr: any) => any"},{"type":"number"}],"returnType":"any","usage":"reduce((acc, curr) => acc + curr.property, 0)","definition":"","source":".reduce((acc, curr) => acc + curr.property, 0)\n\narr = [{x:1, y:-1}, {x:2, y:-2}, {x:3, y:-3}];\n\nx_sum = arr.reduce((acc, curr) => acc + curr.x, 0); // 6\ny_sum = arr.reduce((acc, curr) => acc + curr.y, 0); // -6\n","answerId":"60381611","answerUrl":"https://stackoverflow.com/a/60381611","voteCount":7,"isAccepted":false,"lastModified":"2020-02-24T18:04:11.000Z"},{"answerKeywords":["property","sum","sum"],"answerWordCount":988,"text":"reduce(function, number)","parentType":"any","name":"reduce","arguments":[{"type":"(acc: any, curr: any) => any"},{"type":"number"}],"returnType":"any","usage":"arr.reduce((acc, curr) => acc + curr.x, 0)","definition":"","source":".reduce((acc, curr) => acc + curr.property, 0)\n\narr = [{x:1, y:-1}, {x:2, y:-2}, {x:3, y:-3}];\n\nx_sum = arr.reduce((acc, curr) => acc + curr.x, 0); // 6\ny_sum = arr.reduce((acc, curr) => acc + curr.y, 0); // -6\n","answerId":"60381611","answerUrl":"https://stackoverflow.com/a/60381611","voteCount":7,"isAccepted":false,"lastModified":"2020-02-24T18:04:11.000Z"},{"answerKeywords":["property","sum","sum"],"answerWordCount":988,"text":"reduce(function, number)","parentType":"any","name":"reduce","arguments":[{"type":"(acc: any, curr: any) => any"},{"type":"number"}],"returnType":"any","usage":"arr.reduce((acc, curr) => acc + curr.y, 0)","definition":"","source":".reduce((acc, curr) => acc + curr.property, 0)\n\narr = [{x:1, y:-1}, {x:2, y:-2}, {x:3, y:-3}];\n\nx_sum = arr.reduce((acc, curr) => acc + curr.x, 0); // 6\ny_sum = arr.reduce((acc, curr) => acc + curr.y, 0); // -6\n","answerId":"60381611","answerUrl":"https://stackoverflow.com/a/60381611","voteCount":7,"isAccepted":false,"lastModified":"2020-02-24T18:04:11.000Z"},{"answerKeywords":["array","property","property","property","array","array","array","array","array"],"answerWordCount":820,"text":"count(object[], string)","parentType":"any","name":"count","arguments":[{"name":"array","type":"{ adults: number; children: number; }[]"},{"name":"key","type":"string"}],"returnType":"any","usage":"count(array, 'adults')","definition":"function count(array, key) {\n    return array.reduce(function (r, a) {\n        return r + a[key];\n    }, 0);\n}","source":"function count(array, key) {\n    return array.reduce(function (r, a) {\n        return r + a[key];\n    }, 0);\n}\n\nvar array = [{ \"adults\": 2, \"children\": 3 }, { \"adults\": 2, \"children\": 2 }],\n    adults = count(array, 'adults'),\n    children = count(array, 'children');\n\ndocument.write('Adults: ' + adults + '<br>');\ndocument.write('Children: ' + children + '<br>');","answerId":"35480989","answerUrl":"https://stackoverflow.com/a/35480989","voteCount":2,"isAccepted":false,"lastModified":"2016-02-18T12:03:51.000Z"},{"answerKeywords":["array","property","property","property","array","array","array","array","array"],"answerWordCount":820,"text":"count(object[], string)","parentType":"any","name":"count","arguments":[{"name":"array","type":"{ adults: number; children: number; }[]"},{"name":"key","type":"string"}],"returnType":"any","usage":"count(array, 'children')","definition":"function count(array, key) {\n    return array.reduce(function (r, a) {\n        return r + a[key];\n    }, 0);\n}","source":"function count(array, key) {\n    return array.reduce(function (r, a) {\n        return r + a[key];\n    }, 0);\n}\n\nvar array = [{ \"adults\": 2, \"children\": 3 }, { \"adults\": 2, \"children\": 2 }],\n    adults = count(array, 'adults'),\n    children = count(array, 'children');\n\ndocument.write('Adults: ' + adults + '<br>');\ndocument.write('Children: ' + children + '<br>');","answerId":"35480989","answerUrl":"https://stackoverflow.com/a/35480989","voteCount":2,"isAccepted":false,"lastModified":"2016-02-18T12:03:51.000Z"},{"answerKeywords":["array","property","property","property","array","array","array","array","array"],"answerWordCount":820,"text":"Document.write(string[]): void","parentType":"Document","name":"write","arguments":[{"name":"...text:string[]","type":"string[]"}],"returnType":"void","usage":"document.write('Adults: ' + adults + '<br>')","definition":"declare var document:Document;","source":"function count(array, key) {\n    return array.reduce(function (r, a) {\n        return r + a[key];\n    }, 0);\n}\n\nvar array = [{ \"adults\": 2, \"children\": 3 }, { \"adults\": 2, \"children\": 2 }],\n    adults = count(array, 'adults'),\n    children = count(array, 'children');\n\ndocument.write('Adults: ' + adults + '<br>');\ndocument.write('Children: ' + children + '<br>');","answerId":"35480989","answerUrl":"https://stackoverflow.com/a/35480989","voteCount":2,"isAccepted":false,"lastModified":"2016-02-18T12:03:51.000Z"},{"answerKeywords":["array","property","property","property","array","array","array","array","array"],"answerWordCount":820,"text":"Document.write(string[]): void","parentType":"Document","name":"write","arguments":[{"name":"...text:string[]","type":"string[]"}],"returnType":"void","usage":"document.write('Children: ' + children + '<br>')","definition":"declare var document:Document;","source":"function count(array, key) {\n    return array.reduce(function (r, a) {\n        return r + a[key];\n    }, 0);\n}\n\nvar array = [{ \"adults\": 2, \"children\": 3 }, { \"adults\": 2, \"children\": 2 }],\n    adults = count(array, 'adults'),\n    children = count(array, 'children');\n\ndocument.write('Adults: ' + adults + '<br>');\ndocument.write('Children: ' + children + '<br>');","answerId":"35480989","answerUrl":"https://stackoverflow.com/a/35480989","voteCount":2,"isAccepted":false,"lastModified":"2016-02-18T12:03:51.000Z"},{"answerKeywords":["array","sum","sum","sum","array","sum","array","sum"],"answerWordCount":727,"text":"T[].reduce(function): T","parentType":"T[]","name":"reduce","arguments":[{"name":"callbackfn:(previousValue:T,currentValue:T,currentIndex:number,array:T[])=>T","type":"(previousValue: T, currentValue: T, currentIndex: number, array: T[]) => T"}],"returnType":"T","usage":"array.reduce( sumProps('adults'))","definition":"var array = [{\"adults\":2,\"children\":3},{\"adults\":2,\"children\":1}];","source":"var array = [{\"adults\":2,\"children\":3},{\"adults\":2,\"children\":1}];\nvar sumProps = prop => (sum, obj) => sum += obj[prop];\nvar adultsCount = array.reduce( sumProps('adults'));\nvar childrenCount = array.reduce( sumProps('children'));\n","answerId":"35480862","answerUrl":"https://stackoverflow.com/a/35480862","voteCount":1,"isAccepted":false,"lastModified":"2016-02-18T11:58:58.000Z"},{"answerKeywords":["array","sum","sum","sum","array","sum","array","sum"],"answerWordCount":727,"text":"function.sumProps(string): function","parentType":"(prop: any) => (sum: any, obj: any) => any","name":"sumProps","arguments":[{"name":"prop","type":"string"}],"returnType":"(sum: any, obj: any) => any","usage":"sumProps('adults')","definition":"var sumProps = prop => (sum, obj) => sum += obj[prop];","source":"var array = [{\"adults\":2,\"children\":3},{\"adults\":2,\"children\":1}];\nvar sumProps = prop => (sum, obj) => sum += obj[prop];\nvar adultsCount = array.reduce( sumProps('adults'));\nvar childrenCount = array.reduce( sumProps('children'));\n","answerId":"35480862","answerUrl":"https://stackoverflow.com/a/35480862","voteCount":1,"isAccepted":false,"lastModified":"2016-02-18T11:58:58.000Z"},{"answerKeywords":["array","sum","sum","sum","array","sum","array","sum"],"answerWordCount":727,"text":"T[].reduce(function): T","parentType":"T[]","name":"reduce","arguments":[{"name":"callbackfn:(previousValue:T,currentValue:T,currentIndex:number,array:T[])=>T","type":"(previousValue: T, currentValue: T, currentIndex: number, array: T[]) => T"}],"returnType":"T","usage":"array.reduce( sumProps('children'))","definition":"var array = [{\"adults\":2,\"children\":3},{\"adults\":2,\"children\":1}];","source":"var array = [{\"adults\":2,\"children\":3},{\"adults\":2,\"children\":1}];\nvar sumProps = prop => (sum, obj) => sum += obj[prop];\nvar adultsCount = array.reduce( sumProps('adults'));\nvar childrenCount = array.reduce( sumProps('children'));\n","answerId":"35480862","answerUrl":"https://stackoverflow.com/a/35480862","voteCount":1,"isAccepted":false,"lastModified":"2016-02-18T11:58:58.000Z"},{"answerKeywords":["array","sum","sum","sum","array","sum","array","sum"],"answerWordCount":727,"text":"function.sumProps(string): function","parentType":"(prop: any) => (sum: any, obj: any) => any","name":"sumProps","arguments":[{"name":"prop","type":"string"}],"returnType":"(sum: any, obj: any) => any","usage":"sumProps('children')","definition":"var sumProps = prop => (sum, obj) => sum += obj[prop];","source":"var array = [{\"adults\":2,\"children\":3},{\"adults\":2,\"children\":1}];\nvar sumProps = prop => (sum, obj) => sum += obj[prop];\nvar adultsCount = array.reduce( sumProps('adults'));\nvar childrenCount = array.reduce( sumProps('children'));\n","answerId":"35480862","answerUrl":"https://stackoverflow.com/a/35480862","voteCount":1,"isAccepted":false,"lastModified":"2016-02-18T11:58:58.000Z"},{"answerKeywords":["sum","array","sum","sum","array","sum","sum","sum","sum"],"answerWordCount":742,"text":"T[].forEach(function): void","parentType":"T[]","name":"forEach","arguments":[{"name":"callbackfn:(value:T,index:number,array:T[])=>void","type":"(value: T, index: number, array: T[]) => void"}],"returnType":"void","usage":"array.forEach(function(obj){\n    adults_sum += obj[\"adults\"];\n    children_sum += obj[\"children\"];\n})","definition":"var array = [{\"adults\":2,\"children\":3},{\"adults\":2,\"children\":1}];","source":"var array = [{\"adults\":2,\"children\":3},{\"adults\":2,\"children\":1}];\nvar adults_sum = 0, children_sum = 0;\n\narray.forEach(function(obj){\n    adults_sum += obj[\"adults\"];\n    children_sum += obj[\"children\"];\n});\n\nconsole.log(adults_sum, children_sum); // 4 4\n","answerId":"35481022","answerUrl":"https://stackoverflow.com/a/35481022","voteCount":0,"isAccepted":false,"lastModified":"2016-02-18T12:05:17.000Z"},{"answerKeywords":["array","sum","sum","sum"],"answerWordCount":863,"text":"reduce(function)","parentType":"any","name":"reduce","arguments":[{"type":"(sum: any, tuple: any) => { adults: any; children: any; }"}],"returnType":"any","usage":"array.reduce(function (sum, tuple) {\n    return { adults: sum.adults + tuple.adults,\n             children: sum.children + tuple.children };\n})","definition":"","source":"var val = array.reduce(function (sum, tuple) {\n    return { adults: sum.adults + tuple.adults,\n             children: sum.children + tuple.children };\n});\n","answerId":"35480887","answerUrl":"https://stackoverflow.com/a/35480887","voteCount":0,"isAccepted":false,"lastModified":"2016-02-18T12:10:02.000Z"}],"areSignaturesLoading":false,"title":"Sum values of objects in array - javascript - Stack Overflow","url":"https://stackoverflow.com/questions/35480773/sum-values-of-objects-in-array","displayLink":"https://stackoverflow.com › questions › sum-values-of-...","snippet":"The key feature of the function is the Array#reduce methode and a property which returns the actual count calue and the actual property value. Show activity on ...","snippetHighlightWords":["Array","property","property value"]},{"signatures":[{"answerKeywords":["array","sum","array","sum","sum","sum","sum","object","array"],"answerWordCount":1879,"text":"function.sum(unknown, string)","parentType":"(items: any, prop: any) => any","name":"sum","arguments":[{"name":"items","type":"any"},{"name":"prop","type":"string"}],"returnType":"any","usage":"$scope.sum($scope.traveler, 'Amount')","definition":"$scope","source":"$scope.sum = function(items, prop){\n    return items.reduce( function(a, b){\n        return a + b[prop];\n    }, 0);\n};\n\n$scope.travelerTotal = $scope.sum($scope.traveler, 'Amount');\n","answerId":"23249575","answerUrl":"https://stackoverflow.com/a/23249575","voteCount":291,"isAccepted":false,"lastModified":"2014-04-23T16:03:56.000Z"},{"answerKeywords":["sum","sum","array","array","sum","array","array"],"answerWordCount":2102,"text":"T[].reduce(function): T","parentType":"T[]","name":"reduce","arguments":[{"name":"callbackfn:(previousValue:T,currentValue:T,currentIndex:number,array:T[])=>T","type":"(previousValue: T, currentValue: T, currentIndex: number, array: T[]) => T"}],"returnType":"T","usage":"traveler.map(amount).reduce(sum)","definition":"","source":"var traveler = [{description: 'Senior', Amount: 50},\n                {description: 'Senior', Amount: 50},\n                {description: 'Adult', Amount: 75},\n                {description: 'Child', Amount: 35},\n                {description: 'Infant', Amount: 25}];\n\nfunction amount(item){\n  return item.Amount;\n}\n\nfunction sum(prev, next){\n  return prev + next;\n}\n\ntraveler.map(amount).reduce(sum);\n// => 235;\n\n// or use arrow functions\ntraveler.map(item => item.Amount).reduce((prev, next) => prev + next);\n\n// Example of reuse.\n// Get only Amounts greater than 0;\n\n// Also, while using Javascript, stick with camelCase.\n// If you do decide to go against the standards, \n// then maintain your decision with all keys as in...\n\n// { description: 'Senior', Amount: 50 }\n\n// would be\n\n// { Description: 'Senior', Amount: 50 };\n\nvar travelers = [{description: 'Senior', amount: 50},\n                {description: 'Senior', amount: 50},\n                {description: 'Adult', amount: 75},\n                {description: 'Child', amount: 35},\n                {description: 'Infant', amount: 0 }];\n\n// Directly above Travelers array I changed \"Amount\" to \"amount\" to match standards.\n\nfunction amount(item){\n  return item.amount;\n}\n\ntravelers.filter(amount);\n// => [{description: 'Senior', amount: 50},\n//     {description: 'Senior', amount: 50},\n//     {description: 'Adult', amount: 75},\n//     {description: 'Child', amount: 35}];\n//     Does not include \"Infant\" as 0 is falsey.\n","answerId":"43281805","answerUrl":"https://stackoverflow.com/a/43281805","voteCount":203,"isAccepted":false,"lastModified":"2019-12-09T15:43:11.000Z"},{"answerKeywords":["sum","sum","array","array","sum","array","array"],"answerWordCount":2102,"text":"T[].map(function): U[]","parentType":"T[]","name":"map","arguments":[{"name":"callbackfn:(value:T,index:number,array:T[])=>U","type":"(value: T, index: number, array: T[]) => U"}],"returnType":"U[]","usage":"traveler.map(amount)","definition":"var traveler = [{description: 'Senior', Amount: 50},\n                {description: 'Senior', Amount: 50},\n                {description: 'Adult', Amount: 75},\n                {description: 'Child', Amount: 35},\n                {description: 'Infant', Amount: 25}];","source":"var traveler = [{description: 'Senior', Amount: 50},\n                {description: 'Senior', Amount: 50},\n                {description: 'Adult', Amount: 75},\n                {description: 'Child', Amount: 35},\n                {description: 'Infant', Amount: 25}];\n\nfunction amount(item){\n  return item.Amount;\n}\n\nfunction sum(prev, next){\n  return prev + next;\n}\n\ntraveler.map(amount).reduce(sum);\n// => 235;\n\n// or use arrow functions\ntraveler.map(item => item.Amount).reduce((prev, next) => prev + next);\n\n// Example of reuse.\n// Get only Amounts greater than 0;\n\n// Also, while using Javascript, stick with camelCase.\n// If you do decide to go against the standards, \n// then maintain your decision with all keys as in...\n\n// { description: 'Senior', Amount: 50 }\n\n// would be\n\n// { Description: 'Senior', Amount: 50 };\n\nvar travelers = [{description: 'Senior', amount: 50},\n                {description: 'Senior', amount: 50},\n                {description: 'Adult', amount: 75},\n                {description: 'Child', amount: 35},\n                {description: 'Infant', amount: 0 }];\n\n// Directly above Travelers array I changed \"Amount\" to \"amount\" to match standards.\n\nfunction amount(item){\n  return item.amount;\n}\n\ntravelers.filter(amount);\n// => [{description: 'Senior', amount: 50},\n//     {description: 'Senior', amount: 50},\n//     {description: 'Adult', amount: 75},\n//     {description: 'Child', amount: 35}];\n//     Does not include \"Infant\" as 0 is falsey.\n","answerId":"43281805","answerUrl":"https://stackoverflow.com/a/43281805","voteCount":203,"isAccepted":false,"lastModified":"2019-12-09T15:43:11.000Z"},{"answerKeywords":["sum","sum","array","array","sum","array","array"],"answerWordCount":2102,"text":"T[].reduce(function): T","parentType":"T[]","name":"reduce","arguments":[{"name":"callbackfn:(previousValue:T,currentValue:T,currentIndex:number,array:T[])=>T","type":"(previousValue: T, currentValue: T, currentIndex: number, array: T[]) => T"}],"returnType":"T","usage":"traveler.map(item => item.Amount).reduce((prev, next) => prev + next)","definition":"","source":"var traveler = [{description: 'Senior', Amount: 50},\n                {description: 'Senior', Amount: 50},\n                {description: 'Adult', Amount: 75},\n                {description: 'Child', Amount: 35},\n                {description: 'Infant', Amount: 25}];\n\nfunction amount(item){\n  return item.Amount;\n}\n\nfunction sum(prev, next){\n  return prev + next;\n}\n\ntraveler.map(amount).reduce(sum);\n// => 235;\n\n// or use arrow functions\ntraveler.map(item => item.Amount).reduce((prev, next) => prev + next);\n\n// Example of reuse.\n// Get only Amounts greater than 0;\n\n// Also, while using Javascript, stick with camelCase.\n// If you do decide to go against the standards, \n// then maintain your decision with all keys as in...\n\n// { description: 'Senior', Amount: 50 }\n\n// would be\n\n// { Description: 'Senior', Amount: 50 };\n\nvar travelers = [{description: 'Senior', amount: 50},\n                {description: 'Senior', amount: 50},\n                {description: 'Adult', amount: 75},\n                {description: 'Child', amount: 35},\n                {description: 'Infant', amount: 0 }];\n\n// Directly above Travelers array I changed \"Amount\" to \"amount\" to match standards.\n\nfunction amount(item){\n  return item.amount;\n}\n\ntravelers.filter(amount);\n// => [{description: 'Senior', amount: 50},\n//     {description: 'Senior', amount: 50},\n//     {description: 'Adult', amount: 75},\n//     {description: 'Child', amount: 35}];\n//     Does not include \"Infant\" as 0 is falsey.\n","answerId":"43281805","answerUrl":"https://stackoverflow.com/a/43281805","voteCount":203,"isAccepted":false,"lastModified":"2019-12-09T15:43:11.000Z"},{"answerKeywords":["sum","sum","array","array","sum","array","array"],"answerWordCount":2102,"text":"T[].map(function): U[]","parentType":"T[]","name":"map","arguments":[{"name":"callbackfn:(value:T,index:number,array:T[])=>U","type":"(value: T, index: number, array: T[]) => U"}],"returnType":"U[]","usage":"traveler.map(item => item.Amount)","definition":"var traveler = [{description: 'Senior', Amount: 50},\n                {description: 'Senior', Amount: 50},\n                {description: 'Adult', Amount: 75},\n                {description: 'Child', Amount: 35},\n                {description: 'Infant', Amount: 25}];","source":"var traveler = [{description: 'Senior', Amount: 50},\n                {description: 'Senior', Amount: 50},\n                {description: 'Adult', Amount: 75},\n                {description: 'Child', Amount: 35},\n                {description: 'Infant', Amount: 25}];\n\nfunction amount(item){\n  return item.Amount;\n}\n\nfunction sum(prev, next){\n  return prev + next;\n}\n\ntraveler.map(amount).reduce(sum);\n// => 235;\n\n// or use arrow functions\ntraveler.map(item => item.Amount).reduce((prev, next) => prev + next);\n\n// Example of reuse.\n// Get only Amounts greater than 0;\n\n// Also, while using Javascript, stick with camelCase.\n// If you do decide to go against the standards, \n// then maintain your decision with all keys as in...\n\n// { description: 'Senior', Amount: 50 }\n\n// would be\n\n// { Description: 'Senior', Amount: 50 };\n\nvar travelers = [{description: 'Senior', amount: 50},\n                {description: 'Senior', amount: 50},\n                {description: 'Adult', amount: 75},\n                {description: 'Child', amount: 35},\n                {description: 'Infant', amount: 0 }];\n\n// Directly above Travelers array I changed \"Amount\" to \"amount\" to match standards.\n\nfunction amount(item){\n  return item.amount;\n}\n\ntravelers.filter(amount);\n// => [{description: 'Senior', amount: 50},\n//     {description: 'Senior', amount: 50},\n//     {description: 'Adult', amount: 75},\n//     {description: 'Child', amount: 35}];\n//     Does not include \"Infant\" as 0 is falsey.\n","answerId":"43281805","answerUrl":"https://stackoverflow.com/a/43281805","voteCount":203,"isAccepted":false,"lastModified":"2019-12-09T15:43:11.000Z"},{"answerKeywords":["sum","sum","array","array","sum","array","array"],"answerWordCount":2102,"text":"T[].filter(function): T[]","parentType":"T[]","name":"filter","arguments":[{"name":"predicate:(value:T,index:number,array:T[])=>unknown","type":"(value: T, index: number, array: T[]) => unknown"}],"returnType":"T[]","usage":"travelers.filter(amount)","definition":"var travelers = [{description: 'Senior', amount: 50},\n                {description: 'Senior', amount: 50},\n                {description: 'Adult', amount: 75},\n                {description: 'Child', amount: 35},\n                {description: 'Infant', amount: 0 }];","source":"var traveler = [{description: 'Senior', Amount: 50},\n                {description: 'Senior', Amount: 50},\n                {description: 'Adult', Amount: 75},\n                {description: 'Child', Amount: 35},\n                {description: 'Infant', Amount: 25}];\n\nfunction amount(item){\n  return item.Amount;\n}\n\nfunction sum(prev, next){\n  return prev + next;\n}\n\ntraveler.map(amount).reduce(sum);\n// => 235;\n\n// or use arrow functions\ntraveler.map(item => item.Amount).reduce((prev, next) => prev + next);\n\n// Example of reuse.\n// Get only Amounts greater than 0;\n\n// Also, while using Javascript, stick with camelCase.\n// If you do decide to go against the standards, \n// then maintain your decision with all keys as in...\n\n// { description: 'Senior', Amount: 50 }\n\n// would be\n\n// { Description: 'Senior', Amount: 50 };\n\nvar travelers = [{description: 'Senior', amount: 50},\n                {description: 'Senior', amount: 50},\n                {description: 'Adult', amount: 75},\n                {description: 'Child', amount: 35},\n                {description: 'Infant', amount: 0 }];\n\n// Directly above Travelers array I changed \"Amount\" to \"amount\" to match standards.\n\nfunction amount(item){\n  return item.amount;\n}\n\ntravelers.filter(amount);\n// => [{description: 'Senior', amount: 50},\n//     {description: 'Senior', amount: 50},\n//     {description: 'Adult', amount: 75},\n//     {description: 'Child', amount: 35}];\n//     Does not include \"Infant\" as 0 is falsey.\n","answerId":"43281805","answerUrl":"https://stackoverflow.com/a/43281805","voteCount":203,"isAccepted":false,"lastModified":"2019-12-09T15:43:11.000Z"},{"answerKeywords":["sum","sum","array","sum","sum","array","object","object","array"],"answerWordCount":1884,"text":"TravellerCollection.sum(string)","parentType":"TravellerCollection","name":"sum","arguments":[{"name":"key","type":"string"}],"returnType":"any","usage":"traveler.sum('Amount')","definition":"const traveler = new TravellerCollection(...[\n    {  description: 'Senior', Amount: 50},\n    {  description: 'Senior', Amount: 50},\n    {  description: 'Adult', Amount: 75},\n    {  description: 'Child', Amount: 35},\n    {  description: 'Infant', Amount: 25 },\n]);","source":"class TravellerCollection extends Array {\n    sum(key) {\n        return this.reduce((a, b) => a + (b[key] || 0), 0);\n    }\n}\nconst traveler = new TravellerCollection(...[\n    {  description: 'Senior', Amount: 50},\n    {  description: 'Senior', Amount: 50},\n    {  description: 'Adult', Amount: 75},\n    {  description: 'Child', Amount: 35},\n    {  description: 'Infant', Amount: 25 },\n]);\n\nconsole.log(traveler.sum('Amount')); //~> 235\n\ntraveler = [\n    {  description: 'Senior', Amount: 50},\n    {  description: 'Senior', Amount: 50},\n    {  description: 'Adult', Amount: 75},\n    {  description: 'Child', Amount: 35},\n    {  description: 'Infant', Amount: 25 },\n];\n\nArray.prototype.sum = function (prop) {\n    var total = 0\n    for ( var i = 0, _len = this.length; i < _len; i++ ) {\n        total += this[i][prop]\n    }\n    return total\n}\n\nconsole.log(traveler.sum(\"Amount\"))\n","answerId":"23247980","answerUrl":"https://stackoverflow.com/a/23247980","voteCount":190,"isAccepted":true,"lastModified":"2019-03-06T17:12:54.000Z"},{"answerKeywords":["sum","sum","array","sum","sum","array","object","object","array"],"answerWordCount":1884,"text":"TravellerCollection.sum(string)","parentType":"TravellerCollection","name":"sum","arguments":[{"name":"key","type":"string"}],"returnType":"any","usage":"traveler.sum(\"Amount\")","definition":"const traveler = new TravellerCollection(...[\n    {  description: 'Senior', Amount: 50},\n    {  description: 'Senior', Amount: 50},\n    {  description: 'Adult', Amount: 75},\n    {  description: 'Child', Amount: 35},\n    {  description: 'Infant', Amount: 25 },\n]);","source":"class TravellerCollection extends Array {\n    sum(key) {\n        return this.reduce((a, b) => a + (b[key] || 0), 0);\n    }\n}\nconst traveler = new TravellerCollection(...[\n    {  description: 'Senior', Amount: 50},\n    {  description: 'Senior', Amount: 50},\n    {  description: 'Adult', Amount: 75},\n    {  description: 'Child', Amount: 35},\n    {  description: 'Infant', Amount: 25 },\n]);\n\nconsole.log(traveler.sum('Amount')); //~> 235\n\ntraveler = [\n    {  description: 'Senior', Amount: 50},\n    {  description: 'Senior', Amount: 50},\n    {  description: 'Adult', Amount: 75},\n    {  description: 'Child', Amount: 35},\n    {  description: 'Infant', Amount: 25 },\n];\n\nArray.prototype.sum = function (prop) {\n    var total = 0\n    for ( var i = 0, _len = this.length; i < _len; i++ ) {\n        total += this[i][prop]\n    }\n    return total\n}\n\nconsole.log(traveler.sum(\"Amount\"))\n","answerId":"23247980","answerUrl":"https://stackoverflow.com/a/23247980","voteCount":190,"isAccepted":true,"lastModified":"2019-03-06T17:12:54.000Z"},{"answerKeywords":["sum"],"answerWordCount":1749,"text":"T[].reduce(function, U): U","parentType":"T[]","name":"reduce","arguments":[{"name":"callbackfn:(previousValue:U,currentValue:T,currentIndex:number,array:T[])=>U","type":"(previousValue: U, currentValue: T, currentIndex: number, array: T[]) => U"},{"name":"initialValue:U","type":"U"}],"returnType":"U","usage":"traveler.reduce((n, {Amount}) => n + Amount, 0)","definition":"const traveler = [\n  { description: 'Senior', Amount: 50 },\n  { description: 'Senior', Amount: 50 },\n  { description: 'Adult', Amount: 75 },\n  { description: 'Child', Amount: 35 },\n  { description: 'Infant', Amount: 25 },\n];","source":"const traveler = [\n  { description: 'Senior', Amount: 50 },\n  { description: 'Senior', Amount: 50 },\n  { description: 'Adult', Amount: 75 },\n  { description: 'Child', Amount: 35 },\n  { description: 'Infant', Amount: 25 },\n];\n\nconsole.log(traveler.reduce((n, {Amount}) => n + Amount, 0))\n","answerId":"63681334","answerUrl":"https://stackoverflow.com/a/63681334","voteCount":155,"isAccepted":false,"lastModified":"2020-09-10T08:50:23.000Z"},{"answerKeywords":["object","object","array","sum","sum"],"answerWordCount":2066,"text":"reduce(function, number)","parentType":"any","name":"reduce","arguments":[{"type":"(a: any, b: any) => number"},{"type":"number"}],"returnType":"any","usage":"items.reduce((a, b) => +a + +b.price, 0)","definition":"","source":"// + operator for casting to Number\nitems.reduce((a, b) => +a + +b.price, 0);\n","answerId":"49089648","answerUrl":"https://stackoverflow.com/a/49089648","voteCount":135,"isAccepted":false,"lastModified":"2018-03-03T21:57:53.000Z"},{"answerKeywords":["sum"],"answerWordCount":1392,"text":"T[].reduce(function, T): T","parentType":"T[]","name":"reduce","arguments":[{"name":"callbackfn:(previousValue:T,currentValue:T,currentIndex:number,array:T[])=>T","type":"(previousValue: T, currentValue: T, currentIndex: number, array: T[]) => T"},{"name":"initialValue:T","type":"T"}],"returnType":"T","usage":"traveler\n  .map(item => item.amount)\n  .reduce((prev, curr) => prev + curr, 0)","definition":"","source":"const traveler = [\n    {  description: 'Senior', amount: 50 },\n    {  description: 'Senior', amount: 50 },\n    {  description: 'Adult', amount: 75 },\n    {  description: 'Child', amount: 35 },\n    {  description: 'Infant', amount: 25 },\n];\n\nconst sum = traveler\n  .map(item => item.amount)\n  .reduce((prev, curr) => prev + curr, 0);\n\nconst calculateSum = (obj, field) => obj\n  .map(items => items.attributes[field])\n  .reduce((prev, curr) => prev + curr, 0);\n","answerId":"55706793","answerUrl":"https://stackoverflow.com/a/55706793","voteCount":47,"isAccepted":false,"lastModified":"2019-04-16T11:20:44.000Z"},{"answerKeywords":["sum"],"answerWordCount":1392,"text":"T[].map(function): U[]","parentType":"T[]","name":"map","arguments":[{"name":"callbackfn:(value:T,index:number,array:T[])=>U","type":"(value: T, index: number, array: T[]) => U"}],"returnType":"U[]","usage":"traveler\n  .map(item => item.amount)","definition":"const traveler = [\n    {  description: 'Senior', amount: 50 },\n    {  description: 'Senior', amount: 50 },\n    {  description: 'Adult', amount: 75 },\n    {  description: 'Child', amount: 35 },\n    {  description: 'Infant', amount: 25 },\n];","source":"const traveler = [\n    {  description: 'Senior', amount: 50 },\n    {  description: 'Senior', amount: 50 },\n    {  description: 'Adult', amount: 75 },\n    {  description: 'Child', amount: 35 },\n    {  description: 'Infant', amount: 25 },\n];\n\nconst sum = traveler\n  .map(item => item.amount)\n  .reduce((prev, curr) => prev + curr, 0);\n\nconst calculateSum = (obj, field) => obj\n  .map(items => items.attributes[field])\n  .reduce((prev, curr) => prev + curr, 0);\n","answerId":"55706793","answerUrl":"https://stackoverflow.com/a/55706793","voteCount":47,"isAccepted":false,"lastModified":"2019-04-16T11:20:44.000Z"},{"answerKeywords":[],"answerWordCount":822,"text":"reduce(function)","parentType":"any","name":"reduce","arguments":[{"type":"(a: any, c: any) => any"}],"returnType":"any","usage":"$scope.traveler.map(o=>o.Amount).reduce((a,c)=>a+c)","definition":"","source":"$scope.traveler.map(o=>o.Amount).reduce((a,c)=>a+c);\n","answerId":"52729221","answerUrl":"https://stackoverflow.com/a/52729221","voteCount":22,"isAccepted":false,"lastModified":"2018-11-16T17:05:28.000Z"},{"answerKeywords":[],"answerWordCount":822,"text":"map(function)","parentType":"any","name":"map","arguments":[{"type":"(o: any) => any"}],"returnType":"any","usage":"$scope.traveler.map(o=>o.Amount)","definition":"","source":"$scope.traveler.map(o=>o.Amount).reduce((a,c)=>a+c);\n","answerId":"52729221","answerUrl":"https://stackoverflow.com/a/52729221","voteCount":22,"isAccepted":false,"lastModified":"2018-11-16T17:05:28.000Z"},{"answerKeywords":["sum","sum"],"answerWordCount":863,"text":"T[].reduce(function): T","parentType":"T[]","name":"reduce","arguments":[{"name":"callbackfn:(previousValue:T,currentValue:T,currentIndex:number,array:T[])=>T","type":"(previousValue: T, currentValue: T, currentIndex: number, array: T[]) => T"}],"returnType":"T","usage":"lst.map(o => o.price).reduce((a, c) => { return a + c })","definition":"","source":"let lst = [\n     { description:'Senior', price: 10},\n     { description:'Adult', price: 20},\n     { description:'Child', price: 30}\n];\nlet sum = lst.map(o => o.price).reduce((a, c) => { return a + c });\nconsole.log(sum);","answerId":"58558769","answerUrl":"https://stackoverflow.com/a/58558769","voteCount":22,"isAccepted":false,"lastModified":"2019-10-25T13:55:45.000Z"},{"answerKeywords":["sum","sum"],"answerWordCount":863,"text":"T[].map(function): U[]","parentType":"T[]","name":"map","arguments":[{"name":"callbackfn:(value:T,index:number,array:T[])=>U","type":"(value: T, index: number, array: T[]) => U"}],"returnType":"U[]","usage":"lst.map(o => o.price)","definition":"let lst = [\n     { description:'Senior', price: 10},\n     { description:'Adult', price: 20},\n     { description:'Child', price: 30}\n];","source":"let lst = [\n     { description:'Senior', price: 10},\n     { description:'Adult', price: 20},\n     { description:'Child', price: 30}\n];\nlet sum = lst.map(o => o.price).reduce((a, c) => { return a + c });\nconsole.log(sum);","answerId":"58558769","answerUrl":"https://stackoverflow.com/a/58558769","voteCount":22,"isAccepted":false,"lastModified":"2019-10-25T13:55:45.000Z"},{"answerKeywords":["sum","sum","object","sum","object"],"answerWordCount":742,"text":"sumBy(unknown, string)","parentType":"any","name":"sumBy","arguments":[{"type":"any"},{"type":"string"}],"returnType":"any","usage":"_.sumBy(objects, 'value')","definition":"","source":"_.sumBy(objects, 'value');\n_.sumBy(objects, function(o) { return o.value; });\n","answerId":"48867811","answerUrl":"https://stackoverflow.com/a/48867811","voteCount":14,"isAccepted":false,"lastModified":"2018-02-19T13:59:19.000Z"},{"answerKeywords":["sum","sum","object","sum","object"],"answerWordCount":742,"text":"sumBy(unknown, function)","parentType":"any","name":"sumBy","arguments":[{"type":"any"},{"type":"(o: any) => any"}],"returnType":"any","usage":"_.sumBy(objects, function(o) { return o.value; })","definition":"","source":"_.sumBy(objects, 'value');\n_.sumBy(objects, function(o) { return o.value; });\n","answerId":"48867811","answerUrl":"https://stackoverflow.com/a/48867811","voteCount":14,"isAccepted":false,"lastModified":"2018-02-19T13:59:19.000Z"},{"answerKeywords":["array","object","array","array"],"answerWordCount":764,"text":"map(function)","parentType":"any","name":"map","arguments":[{"type":"(item: any) => number"}],"returnType":"any","usage":"array.map((item) => parseInt(item[column]) || 0)","definition":"","source":"function getSum(array, column)\n  let values = array.map((item) => parseInt(item[column]) || 0)\n  return values.reduce((a, b) => a + b)\n}\n\nfoo = [\n  { a: 1, b: \"\" },\n  { a: null, b: 2 },\n  { a: 1, b: 2 },\n  { a: 1, b: 2 },\n]\n\ngetSum(foo, a) == 3\ngetSum(foo, b) == 6\n","answerId":"61711217","answerUrl":"https://stackoverflow.com/a/61711217","voteCount":5,"isAccepted":false,"lastModified":"2020-05-10T11:28:02.000Z"},{"answerKeywords":["array","object","array","array"],"answerWordCount":764,"text":"reduce(function)","parentType":"any","name":"reduce","arguments":[{"type":"(a: any, b: any) => any"}],"returnType":"any","usage":"values.reduce((a, b) => a + b)","definition":"let values = array.map((item) => parseInt(item[column]) || 0)","source":"function getSum(array, column)\n  let values = array.map((item) => parseInt(item[column]) || 0)\n  return values.reduce((a, b) => a + b)\n}\n\nfoo = [\n  { a: 1, b: \"\" },\n  { a: null, b: 2 },\n  { a: 1, b: 2 },\n  { a: 1, b: 2 },\n]\n\ngetSum(foo, a) == 3\ngetSum(foo, b) == 6\n","answerId":"61711217","answerUrl":"https://stackoverflow.com/a/61711217","voteCount":5,"isAccepted":false,"lastModified":"2020-05-10T11:28:02.000Z"},{"answerKeywords":["array","object","array","array"],"answerWordCount":764,"text":"getSum(unknown, unknown)","parentType":"any","name":"getSum","arguments":[{"name":"array","type":"any"},{"name":"column","type":"any"}],"returnType":"any","usage":"getSum(foo, a)","definition":"function getSum(array, column)","source":"function getSum(array, column)\n  let values = array.map((item) => parseInt(item[column]) || 0)\n  return values.reduce((a, b) => a + b)\n}\n\nfoo = [\n  { a: 1, b: \"\" },\n  { a: null, b: 2 },\n  { a: 1, b: 2 },\n  { a: 1, b: 2 },\n]\n\ngetSum(foo, a) == 3\ngetSum(foo, b) == 6\n","answerId":"61711217","answerUrl":"https://stackoverflow.com/a/61711217","voteCount":5,"isAccepted":false,"lastModified":"2020-05-10T11:28:02.000Z"},{"answerKeywords":["array","object","array","array"],"answerWordCount":764,"text":"getSum(unknown, unknown)","parentType":"any","name":"getSum","arguments":[{"name":"array","type":"any"},{"name":"column","type":"any"}],"returnType":"any","usage":"getSum(foo, b)","definition":"function getSum(array, column)","source":"function getSum(array, column)\n  let values = array.map((item) => parseInt(item[column]) || 0)\n  return values.reduce((a, b) => a + b)\n}\n\nfoo = [\n  { a: 1, b: \"\" },\n  { a: null, b: 2 },\n  { a: 1, b: 2 },\n  { a: 1, b: 2 },\n]\n\ngetSum(foo, a) == 3\ngetSum(foo, b) == 6\n","answerId":"61711217","answerUrl":"https://stackoverflow.com/a/61711217","voteCount":5,"isAccepted":false,"lastModified":"2020-05-10T11:28:02.000Z"},{"answerKeywords":[],"answerWordCount":722,"text":"forEach(function)","parentType":"any","name":"forEach","arguments":[{"type":"(data: any) => any"}],"returnType":"any","usage":"$scope.traveler.forEach( data => totalAmount = totalAmount + data.Amount)","definition":"","source":"let totalAmount = 0;\n$scope.traveler.forEach( data => totalAmount = totalAmount + data.Amount);\nreturn totalAmount;\n","answerId":"50851824","answerUrl":"https://stackoverflow.com/a/50851824","voteCount":4,"isAccepted":false,"lastModified":"2018-06-14T07:24:25.000Z"},{"answerKeywords":["sum","sum"],"answerWordCount":742,"text":"function.sumPropertyValue(object[], string)","parentType":"(items: any, prop: any) => any","name":"sumPropertyValue","arguments":[{"name":"items","type":"{ quantity: number; }[]"},{"name":"prop","type":"string"}],"returnType":"any","usage":"sumPropertyValue(cart_items, 'quantity')","definition":"const sumPropertyValue = (items, prop) => items.reduce((a, b) => a + b[prop], 0);","source":"const sumPropertyValue = (items, prop) => items.reduce((a, b) => a + b[prop], 0);\n\n// usage:\nconst cart_items = [ {quantity: 3}, {quantity: 4}, {quantity: 2} ];\nconst cart_total = sumPropertyValue(cart_items, 'quantity');\n","answerId":"55545616","answerUrl":"https://stackoverflow.com/a/55545616","voteCount":2,"isAccepted":false,"lastModified":"2019-04-06T03:27:01.000Z"},{"answerKeywords":["sum","property","array","sum","array","sum","property","sum","sum","sum","sum","sum","property","array","property","property"],"answerWordCount":907,"text":"function.sumFromArray(string, object[]): number","parentType":"(propertyName: any, array: any) => number","name":"sumFromArray","arguments":[{"name":"propertyName","type":"string"},{"name":"array","type":"{ Amount: number; description: string; }[]"}],"returnType":"number","usage":"sumFromArray('Amount', traveler)","definition":"var sumFromArray = (propertyName, array) => {\n  let sum = 0;\n  array.forEach(item => {\n    sum += item[propertyName] ?? 0;\n  });\n  return sum;\n};","source":"var traveler = [\n  {Amount: 50,  description: 'Senior'},\n  {Amount: 50,  description: 'Senior'},\n  {Amount: 75,  description: 'Adult'},\n  {Amount: 35,  description: 'Child'},\n  {Amount: 25,  description: 'Infant'}\n];\n\nvar sumFromArray = (propertyName, array) => {\n  let sum = 0;\n  array.forEach(item => {\n    sum += item[propertyName] ?? 0;\n  });\n  return sum;\n};\n\nvar sumOfTraveler = sumFromArray('Amount', traveler);\nconsole.log(sumOfTraveler);\nconst sumFromArray = (propertyName: string, array: Array<{[propertyName: string]: number}>) => { ... };\n","answerId":"67934181","answerUrl":"https://stackoverflow.com/a/67934181","voteCount":2,"isAccepted":false,"lastModified":"2021-06-11T09:05:43.000Z"},{"answerKeywords":["sum","array","object","sum","array","array","sum"],"answerWordCount":925,"text":"sum(object[])","parentType":"any","name":"sum","arguments":[{"name":"arrayData","type":"{ description: string; Amount: number; }[]"}],"returnType":"any","usage":"sum(traveler)","definition":"function sum(arrayData, key){\n   return arrayData.reduce((a,b) => {\n  return {Amount : a.Amount + b.Amount}\n})\n}","source":"const traveler = [\n  {  description: 'Senior', Amount: 50},\n  {  description: 'Senior', Amount: 50},\n  {  description: 'Adult', Amount: 75},\n  {  description: 'Child', Amount: 35},\n  {  description: 'Infant', Amount: 25 }\n];\n\nconst traveler = [\n    {  description: 'Senior', Amount: 50},\n    {  description: 'Senior', Amount: 50},\n    {  description: 'Adult', Amount: 75},\n    {  description: 'Child', Amount: 35},\n    {  description: 'Infant', Amount: 25 },\n];\nfunction sum(arrayData, key){\n   return arrayData.reduce((a,b) => {\n  return {Amount : a.Amount + b.Amount}\n})\n}\nconsole.log(sum(traveler))","answerId":"55647015","answerUrl":"https://stackoverflow.com/a/55647015","voteCount":1,"isAccepted":false,"lastModified":"2019-04-12T08:30:51.000Z"},{"answerKeywords":["sum","array","sum","array","array","sum","array","sum","sum","sum","sum","sum"],"answerWordCount":774,"text":"sumOfArrayWithParameter(unknown, string): number","parentType":"any","name":"sumOfArrayWithParameter","arguments":[{"name":"array","type":"any"},{"name":"parameter","type":"string"}],"returnType":"number","usage":"sumOfArrayWithParameter(someArray, 'someProperty')","definition":"function sumOfArrayWithParameter (array, parameter) {\n  let sum = null;\n  if (array && array.length > 0 && typeof parameter === 'string') {\n    sum = 0;\n    for (let e of array) if (e && e.hasOwnProperty(parameter)) sum += e[parameter];\n  }\n  return sum;\n}","source":"function sumOfArrayWithParameter (array, parameter) {\n  let sum = null;\n  if (array && array.length > 0 && typeof parameter === 'string') {\n    sum = 0;\n    for (let e of array) if (e && e.hasOwnProperty(parameter)) sum += e[parameter];\n  }\n  return sum;\n}\n\nlet sum = sumOfArrayWithParameter(someArray, 'someProperty');\n","answerId":"57442714","answerUrl":"https://stackoverflow.com/a/57442714","voteCount":1,"isAccepted":false,"lastModified":"2019-08-10T13:45:59.000Z"},{"answerKeywords":[],"answerWordCount":743,"text":"each(unknown, function)","parentType":"any","name":"each","arguments":[{"type":"any"},{"type":"(i: any, v: any) => void"}],"returnType":"any","usage":"$.each(traveler, function( i, v ) { total_amount += v.Amount ; })","definition":"","source":"var total_amount = 0; \n$.each(traveler, function( i, v ) { total_amount += v.Amount ; });\n","answerId":"52057686","answerUrl":"https://stackoverflow.com/a/52057686","voteCount":0,"isAccepted":false,"lastModified":"2018-08-28T12:17:27.000Z"},{"answerKeywords":["sum"],"answerWordCount":724,"text":"sum()","parentType":"any","name":"sum","arguments":[],"returnType":"any","usage":"List.extend(traveler).select('Amount').sum()","definition":"","source":"var total = List.extend(traveler).select('Amount').sum();\n","answerId":"73135275","answerUrl":"https://stackoverflow.com/a/73135275","voteCount":0,"isAccepted":false,"lastModified":"2022-07-27T09:17:43.000Z"},{"answerKeywords":["sum"],"answerWordCount":724,"text":"select(string)","parentType":"any","name":"select","arguments":[{"type":"string"}],"returnType":"any","usage":"List.extend(traveler).select('Amount')","definition":"","source":"var total = List.extend(traveler).select('Amount').sum();\n","answerId":"73135275","answerUrl":"https://stackoverflow.com/a/73135275","voteCount":0,"isAccepted":false,"lastModified":"2022-07-27T09:17:43.000Z"},{"answerKeywords":["sum"],"answerWordCount":724,"text":"extend(unknown)","parentType":"any","name":"extend","arguments":[{"type":"any"}],"returnType":"any","usage":"List.extend(traveler)","definition":"","source":"var total = List.extend(traveler).select('Amount').sum();\n","answerId":"73135275","answerUrl":"https://stackoverflow.com/a/73135275","voteCount":0,"isAccepted":false,"lastModified":"2022-07-27T09:17:43.000Z"}],"areSignaturesLoading":false,"title":"Better way to sum a property value in an array - Stack Overflow","url":"https://stackoverflow.com/questions/23247859/better-way-to-sum-a-property-value-in-an-array","displayLink":"https://stackoverflow.com › questions › better-way-to-s...","snippet":"18 Answers 18 · brilliant answer, is it possible to put $scope.travelerTotal = $scope.sum($scope. · Yes if it comes after the sum function is created. – Gruff ...","snippetHighlightWords":["sum","sum"]},{"signatures":[{"answerKeywords":["object","array","object","object","object"],"answerWordCount":1044,"text":"function[].transform(object[]): any[]","parentType":"(arr: any) => any[]","name":"transform","arguments":[{"name":"arr","type":"{ x: string; y: number; }[]"}],"returnType":"any[]","usage":"transform(data)","definition":"const transform = arr => (\n  Object.values(\n    arr.reduce(\n      (acc, {x, y}) => ({\n        ...acc,\n        [convertKey(x)]: {\n          ...(acc[convertKey(x)] || {x}),\n          y: (acc[convertKey(x)]?.y || 0) + y\n        }\n      }),\n      {}\n    )\n  )\n);","source":"// a small helper method to convert key by leaving out the z-s in: '/xxxx?zzz'\nconst convertKey = x => (x.split('?')[0]);\n\n// use reduce to iterate thru the array & obtain a result-object\n// destructure to get 'x', 'y'\n// if 'x' already present, add 'y'\n// else create an object with 'x', 'y' props\n// return the `Object.values` of the result-object\nconst transform = arr => (\n  Object.values(\n    arr.reduce(\n      (acc, {x, y}) => ({\n        ...acc,\n        [convertKey(x)]: {\n          ...(acc[convertKey(x)] || {x}),\n          y: (acc[convertKey(x)]?.y || 0) + y\n        }\n      }),\n      {}\n    )\n  )\n);\n\nconst data = [\n    {\n        \"x\": \"/shop.html\",\n        \"y\": 3\n    },\n    {\n        \"x\": \"/\",\n        \"y\": 2\n    },\n    {\n        \"x\": \"/?test324\",\n        \"y\": 1\n    },\n    {\n        \"x\": \"/account.html\",\n        \"y\": 1\n    },\n    {\n        \"x\": \"/account.html?test1\",\n        \"y\": 1\n    },\n    {\n        \"x\": \"/shop.html?test543\",\n        \"y\": 1\n    }\n];\n\nconsole.log(transform(data));","answerId":"71571656","answerUrl":"https://stackoverflow.com/a/71571656","voteCount":1,"isAccepted":true,"lastModified":"2022-03-22T11:54:44.000Z"}],"areSignaturesLoading":false,"title":"How to sum properties of elements in an object-array?","url":"https://stackoverflow.com/questions/71571425/how-to-sum-properties-of-elements-in-an-object-array","displayLink":"https://stackoverflow.com › questions › how-to-sum-pr...","date":"Mar 22, 2022","snippet":"How to sum properties of elements in an object-array? ; let output = res.data ; function (accumulator, cur) ; find(function ; x.split ; return elem.x ...","snippetHighlightWords":["sum properties","elements","object","array"]},{"signatures":[{"answerKeywords":[],"answerWordCount":862,"text":"T[].reduce(function, U): U","parentType":"T[]","name":"reduce","arguments":[{"name":"callbackfn:(previousValue:U,currentValue:T,currentIndex:number,array:T[])=>U","type":"(previousValue: U, currentValue: T, currentIndex: number, array: T[]) => U"},{"name":"initialValue:U","type":"U"}],"returnType":"U","usage":"models.reduce((acc, item) => {\n  let existItem = acc.find(({id}) => item.id === id);\n  if(existItem) {\n    existItem.count += item.count;\n  } else {\n    acc.push(item);\n  }\n  return acc;\n}, [])","definition":"var models = [\n    { id: 1, name: \"samsung\", seller_id: 1, count: 56 },\n    { id: 1, name: \"samsung\", seller_id: 2, count: 68 },\n    { id: 2, name: \"nokia\", seller_id: 2, count: 45 },\n    { id: 2, name: \"nokia\", seller_id: 3, count: 49 }\n];","source":"var models = [\n    { id: 1, name: \"samsung\", seller_id: 1, count: 56 },\n    { id: 1, name: \"samsung\", seller_id: 2, count: 68 },\n    { id: 2, name: \"nokia\", seller_id: 2, count: 45 },\n    { id: 2, name: \"nokia\", seller_id: 3, count: 49 }\n];\n\nvar arr = models.reduce((acc, item) => {\n  let existItem = acc.find(({id}) => item.id === id);\n  if(existItem) {\n    existItem.count += item.count;\n  } else {\n    acc.push(item);\n  }\n  return acc;\n}, []);\n\nconsole.log(arr);\nthis.arr = this.models.reduce((acc, item) => {\n  let existItem = acc.find(({id}) => item.id === id);\n  if(existItem) {\n    existItem.count += item.count;\n  } else {\n    acc.push(item);\n  }\n  return acc;\n}, []);\n","answerId":"60089535","answerUrl":"https://stackoverflow.com/a/60089535","voteCount":1,"isAccepted":true,"lastModified":"2020-02-06T07:15:19.000Z"},{"answerKeywords":[],"answerWordCount":862,"text":"T[].reduce(function, U): U","parentType":"T[]","name":"reduce","arguments":[{"name":"callbackfn:(previousValue:U,currentValue:T,currentIndex:number,array:T[])=>U","type":"(previousValue: U, currentValue: T, currentIndex: number, array: T[]) => U"},{"name":"initialValue:U","type":"U"}],"returnType":"U","usage":"this.models.reduce((acc, item) => {\n  let existItem = acc.find(({id}) => item.id === id);\n  if(existItem) {\n    existItem.count += item.count;\n  } else {\n    acc.push(item);\n  }\n  return acc;\n}, [])","definition":"var models = [\n    { id: 1, name: \"samsung\", seller_id: 1, count: 56 },\n    { id: 1, name: \"samsung\", seller_id: 2, count: 68 },\n    { id: 2, name: \"nokia\", seller_id: 2, count: 45 },\n    { id: 2, name: \"nokia\", seller_id: 3, count: 49 }\n];","source":"var models = [\n    { id: 1, name: \"samsung\", seller_id: 1, count: 56 },\n    { id: 1, name: \"samsung\", seller_id: 2, count: 68 },\n    { id: 2, name: \"nokia\", seller_id: 2, count: 45 },\n    { id: 2, name: \"nokia\", seller_id: 3, count: 49 }\n];\n\nvar arr = models.reduce((acc, item) => {\n  let existItem = acc.find(({id}) => item.id === id);\n  if(existItem) {\n    existItem.count += item.count;\n  } else {\n    acc.push(item);\n  }\n  return acc;\n}, []);\n\nconsole.log(arr);\nthis.arr = this.models.reduce((acc, item) => {\n  let existItem = acc.find(({id}) => item.id === id);\n  if(existItem) {\n    existItem.count += item.count;\n  } else {\n    acc.push(item);\n  }\n  return acc;\n}, []);\n","answerId":"60089535","answerUrl":"https://stackoverflow.com/a/60089535","voteCount":1,"isAccepted":true,"lastModified":"2020-02-06T07:15:19.000Z"},{"answerKeywords":["object","array"],"answerWordCount":869,"text":"T[].reduce(function, U): U","parentType":"T[]","name":"reduce","arguments":[{"name":"callbackfn:(previousValue:U,currentValue:T,currentIndex:number,array:T[])=>U","type":"(previousValue: U, currentValue: T, currentIndex: number, array: T[]) => U"},{"name":"initialValue:U","type":"U"}],"returnType":"U","usage":"models.reduce((acc, curr) => {\n  if (!acc[curr.id]) {\n    acc[curr.id] = curr;\n  } else {\n    acc[curr.id].count += curr.count\n\n  }\n  return acc;\n}, {})","definition":"let models = [{\n    id: 1,\n    name: \"samsung\",\n    seller_id: 1,\n    count: 56\n  },\n  {\n    id: 1,\n    name: \"samsung\",\n    seller_id: 2,\n    count: 68\n  },\n  {\n    id: 2,\n    name: \"nokia\",\n    seller_id: 2,\n    count: 45\n  },\n  {\n    id: 2,\n    name: \"nokia\",\n    seller_id: 3,\n    count: 49\n  }\n]","source":"let models = [{\n    id: 1,\n    name: \"samsung\",\n    seller_id: 1,\n    count: 56\n  },\n  {\n    id: 1,\n    name: \"samsung\",\n    seller_id: 2,\n    count: 68\n  },\n  {\n    id: 2,\n    name: \"nokia\",\n    seller_id: 2,\n    count: 45\n  },\n  {\n    id: 2,\n    name: \"nokia\",\n    seller_id: 3,\n    count: 49\n  }\n]\nlet data = models.reduce((acc, curr) => {\n  if (!acc[curr.id]) {\n    acc[curr.id] = curr;\n  } else {\n    acc[curr.id].count += curr.count\n\n  }\n  return acc;\n}, {})\nconsole.log(Object.values(data))","answerId":"60089570","answerUrl":"https://stackoverflow.com/a/60089570","voteCount":0,"isAccepted":false,"lastModified":"2020-02-06T07:18:09.000Z"},{"answerKeywords":["object","array"],"answerWordCount":869,"text":"ObjectConstructor.values(object): T[]","parentType":"ObjectConstructor","name":"values","arguments":[{"name":"o:{[s:string]:T}|ArrayLike<T>","type":"{ [s: string]: T; } | ArrayLike<T>"}],"returnType":"T[]","usage":"Object.values(data)","definition":"declare var Object:ObjectConstructor;","source":"let models = [{\n    id: 1,\n    name: \"samsung\",\n    seller_id: 1,\n    count: 56\n  },\n  {\n    id: 1,\n    name: \"samsung\",\n    seller_id: 2,\n    count: 68\n  },\n  {\n    id: 2,\n    name: \"nokia\",\n    seller_id: 2,\n    count: 45\n  },\n  {\n    id: 2,\n    name: \"nokia\",\n    seller_id: 3,\n    count: 49\n  }\n]\nlet data = models.reduce((acc, curr) => {\n  if (!acc[curr.id]) {\n    acc[curr.id] = curr;\n  } else {\n    acc[curr.id].count += curr.count\n\n  }\n  return acc;\n}, {})\nconsole.log(Object.values(data))","answerId":"60089570","answerUrl":"https://stackoverflow.com/a/60089570","voteCount":0,"isAccepted":false,"lastModified":"2020-02-06T07:18:09.000Z"}],"areSignaturesLoading":false,"title":"Reduce and sum array of objects (JS) - Stack Overflow","url":"https://stackoverflow.com/questions/60089494/reduce-and-sum-array-of-objects-js","displayLink":"https://stackoverflow.com › questions › reduce-and-su...","date":"Feb 6, 2020","snippet":"this.arr = this.models.reduce((acc, item) => { let existItem = acc.find(({id}) ... Then use Object.values to create an array of the values.","snippetHighlightWords":["item","Object","values","array","values"]}],"events":[{"timestamp":"2022-09-27T15:15:28.872Z","url":"https://stackoverflow.com/questions/71571425/how-to-sum-properties-of-elements-in-an-object-array","component":"projection","action":"loaded","data":"projection 1 of 4"},{"timestamp":"2022-09-27T15:15:29.491Z","url":"https://stackoverflow.com/questions/60089494/reduce-and-sum-array-of-objects-js","component":"projection","action":"loaded","data":"projection 2 of 4"},{"timestamp":"2022-09-27T15:15:30.749Z","url":"https://stackoverflow.com/questions/35480773/sum-values-of-objects-in-array","component":"projection","action":"loaded","data":"projection 3 of 4"},{"timestamp":"2022-09-27T15:15:32.605Z","url":"https://stackoverflow.com/questions/23247859/better-way-to-sum-a-property-value-in-an-array","component":"projection","action":"loaded","data":"projection 4 of 4"},{"timestamp":"2022-09-27T15:15:32.784Z","url":"https://stackoverflow.com/questions/35480773/sum-values-of-objects-in-array","component":"projection","action":"mouseenter"},{"timestamp":"2022-09-27T15:15:34.216Z","url":"","component":"projection","action":"mouseenter","data":"T[].reduce(function, U): U"},{"timestamp":"2022-09-27T15:15:34.466Z","url":"","component":"projection","action":"mouseleave","data":"T[].reduce(function, U): U"},{"timestamp":"2022-09-27T15:15:34.468Z","url":"","component":"projection","action":"mouseenter","data":"T[].reduce(function): T"},{"timestamp":"2022-09-27T15:15:34.500Z","url":"","component":"projection","action":"mouseleave","data":"T[].reduce(function): T"},{"timestamp":"2022-09-27T15:15:34.502Z","url":"https://stackoverflow.com/questions/35480773/sum-values-of-objects-in-array","component":"projection","action":"mouseleave"},{"timestamp":"2022-09-27T15:15:36.233Z","url":"https://stackoverflow.com/questions/35480773/sum-values-of-objects-in-array","component":"projection","action":"mouseenter"},{"timestamp":"2022-09-27T15:15:36.235Z","url":"","component":"projection","action":"mouseenter","data":"T[].reduce(function): T"},{"timestamp":"2022-09-27T15:15:36.299Z","url":"","component":"projection","action":"mouseleave","data":"T[].reduce(function): T"},{"timestamp":"2022-09-27T15:15:36.301Z","url":"","component":"projection","action":"mouseenter","data":"T[].reduce(function, U): U"},{"timestamp":"2022-09-27T15:15:38.934Z","url":"","component":"projection","action":"mouseleave","data":"T[].reduce(function, U): U"},{"timestamp":"2022-09-27T15:15:38.950Z","url":"","component":"projection","action":"mouseenter","data":"T[].reduce(function): T"},{"timestamp":"2022-09-27T15:15:38.967Z","url":"","component":"projection","action":"mouseleave","data":"T[].reduce(function): T"},{"timestamp":"2022-09-27T15:15:38.968Z","url":"https://stackoverflow.com/questions/35480773/sum-values-of-objects-in-array","component":"projection","action":"mouseleave"},{"timestamp":"2022-09-27T15:15:39.767Z","url":"https://stackoverflow.com/questions/23247859/better-way-to-sum-a-property-value-in-an-array","component":"projection","action":"mouseenter"},{"timestamp":"2022-09-27T15:15:39.768Z","url":"","component":"projection","action":"mouseenter","data":"T[].reduce(function, U): U"},{"timestamp":"2022-09-27T15:15:39.784Z","url":"","component":"projection","action":"mouseleave","data":"T[].reduce(function, U): U"},{"timestamp":"2022-09-27T15:15:39.785Z","url":"","component":"projection","action":"mouseenter","data":"T[].map(function): U[]"},{"timestamp":"2022-09-27T15:15:40.400Z","url":"","component":"projection","action":"mouseleave","data":"T[].map(function): U[]"},{"timestamp":"2022-09-27T15:15:40.417Z","url":"","component":"projection","action":"mouseenter","data":"T[].reduce(function, U): U"},{"timestamp":"2022-09-27T15:15:40.467Z","url":"","component":"projection","action":"mouseleave","data":"T[].reduce(function, U): U"},{"timestamp":"2022-09-27T15:15:40.468Z","url":"https://stackoverflow.com/questions/23247859/better-way-to-sum-a-property-value-in-an-array","component":"projection","action":"mouseleave"},{"timestamp":"2022-09-27T15:16:23.350Z","url":"https://stackoverflow.com/questions/35480773/sum-values-of-objects-in-array","component":"projection","action":"mouseenter"},{"timestamp":"2022-09-27T15:16:23.919Z","url":"https://stackoverflow.com/questions/35480773/sum-values-of-objects-in-array","component":"page","action":"open"},{"timestamp":"2022-09-27T15:16:23.955Z","url":"https://stackoverflow.com/questions/35480773/sum-values-of-objects-in-array","component":"projection","action":"mouseleave"},{"timestamp":"2022-09-27T15:16:26.029Z","url":"https://stackoverflow.com/questions/35480773/sum-values-of-objects-in-array","component":"page","action":"load"},{"timestamp":"2022-09-27T15:16:31.768Z","url":"https://stackoverflow.com/questions/35480773/sum-values-of-objects-in-array","component":"page","action":"scroll","data":{"viewport":{"x":0,"y":1000,"height":820,"width":295},"blocks":[{"identifier":"35480841","top":1.53125,"bottom":627.03125,"right":246,"left":68,"width":178,"height":625.5},{"identifier":"59730051","top":2273.65625,"bottom":2452.65625,"right":246,"left":68,"width":178,"height":179},{"identifier":"60381611","top":2689.78125,"bottom":2985.28125,"right":246,"left":68,"width":178,"height":295.5},{"identifier":"35480989","top":3308.53125,"bottom":3875.53125,"right":246,"left":68,"width":178,"height":567},{"identifier":"35480862","top":4070.65625,"bottom":4172.65625,"right":246,"left":68,"width":178,"height":102},{"identifier":"35481022","top":4350.78125,"bottom":4621.78125,"right":246,"left":68,"width":178,"height":271},{"identifier":"35480887","top":4799.90625,"bottom":4985.90625,"right":246,"left":68,"width":178,"height":186},{"identifier":"52555418","top":5238.71875,"bottom":5662.71875,"right":246,"left":68,"width":178,"height":424}]}},{"timestamp":"2022-09-27T15:16:47.585Z","url":"https://stackoverflow.com/questions/35480773/sum-values-of-objects-in-array","component":"page","action":"selection","data":"var val = array.reduce(function(previousValue, currentValue) {\n  return {\n    adults: previousValue.adults + currentValue.adults,\n    children: previousValue.children + currentValue.children\n  }\n});"},{"timestamp":"2022-09-27T15:16:48.274Z","url":"https://stackoverflow.com/questions/35480773/sum-values-of-objects-in-array","component":"page","action":"copy","data":"var val = array.reduce(function(previousValue, currentValue) {\n  return {\n    adults: previousValue.adults + currentValue.adults,\n    children: previousValue.children + currentValue.children\n  }\n});"},{"timestamp":"2022-09-27T15:20:21.931Z","url":"https://stackoverflow.com/questions/35480773/sum-values-of-objects-in-array","component":"page","action":"scroll","data":{"viewport":{"x":0,"y":1200,"height":820,"width":295},"blocks":[{"identifier":"35480841","top":-198.46875,"bottom":427.03125,"right":246,"left":68,"width":178,"height":625.5},{"identifier":"59730051","top":2073.65625,"bottom":2252.65625,"right":246,"left":68,"width":178,"height":179},{"identifier":"60381611","top":2489.78125,"bottom":2785.28125,"right":246,"left":68,"width":178,"height":295.5},{"identifier":"35480989","top":3108.53125,"bottom":3675.53125,"right":246,"left":68,"width":178,"height":567},{"identifier":"35480862","top":3870.65625,"bottom":3972.65625,"right":246,"left":68,"width":178,"height":102},{"identifier":"35481022","top":4150.78125,"bottom":4421.78125,"right":246,"left":68,"width":178,"height":271},{"identifier":"35480887","top":4599.90625,"bottom":4785.90625,"right":246,"left":68,"width":178,"height":186},{"identifier":"52555418","top":5038.71875,"bottom":5462.71875,"right":246,"left":68,"width":178,"height":424}]}},{"timestamp":"2022-09-27T15:20:23.446Z","url":"https://stackoverflow.com/questions/35480773/sum-values-of-objects-in-array","component":"page","action":"scroll","data":{"viewport":{"x":0,"y":1400,"height":820,"width":295},"blocks":[{"identifier":"35480841","top":-398.46875,"bottom":227.03125,"right":246,"left":68,"width":178,"height":625.5},{"identifier":"59730051","top":1873.65625,"bottom":2052.65625,"right":246,"left":68,"width":178,"height":179},{"identifier":"60381611","top":2289.78125,"bottom":2585.28125,"right":246,"left":68,"width":178,"height":295.5},{"identifier":"35480989","top":2908.53125,"bottom":3475.53125,"right":246,"left":68,"width":178,"height":567},{"identifier":"35480862","top":3670.65625,"bottom":3772.65625,"right":246,"left":68,"width":178,"height":102},{"identifier":"35481022","top":3950.78125,"bottom":4221.78125,"right":246,"left":68,"width":178,"height":271},{"identifier":"35480887","top":4399.90625,"bottom":4585.90625,"right":246,"left":68,"width":178,"height":186},{"identifier":"52555418","top":4838.71875,"bottom":5262.71875,"right":246,"left":68,"width":178,"height":424}]}},{"timestamp":"2022-09-27T15:20:29.263Z","url":"https://stackoverflow.com/questions/35480773/sum-values-of-objects-in-array","component":"page","action":"scroll","data":{"viewport":{"x":0,"y":300,"height":820,"width":295},"blocks":[{"identifier":"35480841","top":701.53125,"bottom":1327.03125,"right":246,"left":68,"width":178,"height":625.5},{"identifier":"59730051","top":2973.65625,"bottom":3152.65625,"right":246,"left":68,"width":178,"height":179},{"identifier":"60381611","top":3389.78125,"bottom":3685.28125,"right":246,"left":68,"width":178,"height":295.5},{"identifier":"35480989","top":4008.53125,"bottom":4575.53125,"right":246,"left":68,"width":178,"height":567},{"identifier":"35480862","top":4770.65625,"bottom":4872.65625,"right":246,"left":68,"width":178,"height":102},{"identifier":"35481022","top":5050.78125,"bottom":5321.78125,"right":246,"left":68,"width":178,"height":271},{"identifier":"35480887","top":5499.90625,"bottom":5685.90625,"right":246,"left":68,"width":178,"height":186},{"identifier":"52555418","top":5938.71875,"bottom":6362.71875,"right":246,"left":68,"width":178,"height":424}]}},{"timestamp":"2022-09-27T15:20:29.946Z","url":"https://stackoverflow.com/questions/35480773/sum-values-of-objects-in-array","component":"page","action":"scroll","data":{"viewport":{"x":0,"y":0,"height":820,"width":295},"blocks":[{"identifier":"35480841","top":1001.53125,"bottom":1627.03125,"right":246,"left":68,"width":178,"height":625.5},{"identifier":"59730051","top":3273.65625,"bottom":3452.65625,"right":246,"left":68,"width":178,"height":179},{"identifier":"60381611","top":3689.78125,"bottom":3985.28125,"right":246,"left":68,"width":178,"height":295.5},{"identifier":"35480989","top":4308.53125,"bottom":4875.53125,"right":246,"left":68,"width":178,"height":567},{"identifier":"35480862","top":5070.65625,"bottom":5172.65625,"right":246,"left":68,"width":178,"height":102},{"identifier":"35481022","top":5350.78125,"bottom":5621.78125,"right":246,"left":68,"width":178,"height":271},{"identifier":"35480887","top":5799.90625,"bottom":5985.90625,"right":246,"left":68,"width":178,"height":186},{"identifier":"52555418","top":6238.71875,"bottom":6662.71875,"right":246,"left":68,"width":178,"height":424}]}},{"timestamp":"2022-09-27T15:20:31.803Z","url":"https://stackoverflow.com/questions/35480773/sum-values-of-objects-in-array","component":"page","action":"close"},{"timestamp":"2022-09-27T15:20:35.862Z","url":"https://stackoverflow.com/questions/35480773/sum-values-of-objects-in-array","component":"projection","action":"mouseenter"},{"timestamp":"2022-09-27T15:20:35.945Z","url":"https://stackoverflow.com/questions/35480773/sum-values-of-objects-in-array","component":"projection","action":"mouseleave"},{"timestamp":"2022-09-27T15:20:37.444Z","url":"https://stackoverflow.com/questions/35480773/sum-values-of-objects-in-array","component":"projection","action":"mouseenter"},{"timestamp":"2022-09-27T15:20:37.495Z","url":"","component":"projection","action":"mouseenter","data":"T[].reduce(function, U): U"},{"timestamp":"2022-09-27T15:20:37.528Z","url":"","component":"projection","action":"mouseleave","data":"T[].reduce(function, U): U"},{"timestamp":"2022-09-27T15:20:37.531Z","url":"https://stackoverflow.com/questions/35480773/sum-values-of-objects-in-array","component":"projection","action":"mouseleave"},{"timestamp":"2022-09-27T15:20:37.545Z","url":"https://stackoverflow.com/questions/35480773/sum-values-of-objects-in-array","component":"projection","action":"mouseenter"},{"timestamp":"2022-09-27T15:20:37.547Z","url":"","component":"projection","action":"mouseenter","data":"T[].reduce(function): T"},{"timestamp":"2022-09-27T15:20:37.611Z","url":"","component":"projection","action":"mouseleave","data":"T[].reduce(function): T"},{"timestamp":"2022-09-27T15:20:37.645Z","url":"https://stackoverflow.com/questions/35480773/sum-values-of-objects-in-array","component":"projection","action":"mouseleave"},{"timestamp":"2022-09-27T15:20:39.378Z","url":"https://stackoverflow.com/questions/35480773/sum-values-of-objects-in-array","component":"projection","action":"mouseenter"},{"timestamp":"2022-09-27T15:20:39.380Z","url":"","component":"projection","action":"mouseenter","data":"T[].reduce(function, U): U"},{"timestamp":"2022-09-27T15:20:39.413Z","url":"","component":"projection","action":"mouseleave","data":"T[].reduce(function, U): U"},{"timestamp":"2022-09-27T15:20:39.445Z","url":"https://stackoverflow.com/questions/35480773/sum-values-of-objects-in-array","component":"projection","action":"mouseleave"},{"timestamp":"2022-09-27T15:20:42.761Z","url":"https://stackoverflow.com/questions/35480773/sum-values-of-objects-in-array","component":"projection","action":"mouseenter"},{"timestamp":"2022-09-27T15:20:42.794Z","url":"","component":"projection","action":"mouseenter","data":"T[].reduce(function, U): U"},{"timestamp":"2022-09-27T15:20:42.810Z","url":"","component":"projection","action":"mouseleave","data":"T[].reduce(function, U): U"},{"timestamp":"2022-09-27T15:20:42.813Z","url":"https://stackoverflow.com/questions/35480773/sum-values-of-objects-in-array","component":"projection","action":"mouseleave"},{"timestamp":"2022-09-27T15:20:42.879Z","url":"https://stackoverflow.com/questions/23247859/better-way-to-sum-a-property-value-in-an-array","component":"projection","action":"mouseenter"},{"timestamp":"2022-09-27T15:20:42.881Z","url":"","component":"projection","action":"mouseenter","data":"T[].map(function): U[]"},{"timestamp":"2022-09-27T15:20:42.929Z","url":"","component":"projection","action":"mouseleave","data":"T[].map(function): U[]"},{"timestamp":"2022-09-27T15:20:42.931Z","url":"https://stackoverflow.com/questions/23247859/better-way-to-sum-a-property-value-in-an-array","component":"projection","action":"mouseleave"},{"timestamp":"2022-09-27T15:20:42.934Z","url":"https://stackoverflow.com/questions/71571425/how-to-sum-properties-of-elements-in-an-object-array","component":"projection","action":"mouseenter"},{"timestamp":"2022-09-27T15:20:43.111Z","url":"","component":"projection","action":"mouseenter","data":"function[].transform(object[]): any[]"},{"timestamp":"2022-09-27T15:20:43.562Z","url":"","component":"projection","action":"mouseleave","data":"function[].transform(object[]): any[]"},{"timestamp":"2022-09-27T15:20:43.612Z","url":"https://stackoverflow.com/questions/71571425/how-to-sum-properties-of-elements-in-an-object-array","component":"projection","action":"mouseleave"},{"timestamp":"2022-09-27T15:20:43.614Z","url":"https://stackoverflow.com/questions/60089494/reduce-and-sum-array-of-objects-js","component":"projection","action":"mouseenter"},{"timestamp":"2022-09-27T15:20:43.679Z","url":"","component":"projection","action":"mouseenter","data":"T[].reduce(function, U): U"},{"timestamp":"2022-09-27T15:20:44.396Z","url":"","component":"projection","action":"mouseleave","data":"T[].reduce(function, U): U"},{"timestamp":"2022-09-27T15:20:44.462Z","url":"https://stackoverflow.com/questions/60089494/reduce-and-sum-array-of-objects-js","component":"projection","action":"mouseleave"},{"timestamp":"2022-09-27T15:20:44.464Z","url":"https://stackoverflow.com/questions/71571425/how-to-sum-properties-of-elements-in-an-object-array","component":"projection","action":"mouseenter"},{"timestamp":"2022-09-27T15:20:44.479Z","url":"","component":"projection","action":"mouseenter","data":"function[].transform(object[]): any[]"},{"timestamp":"2022-09-27T15:20:44.496Z","url":"","component":"projection","action":"mouseleave","data":"function[].transform(object[]): any[]"},{"timestamp":"2022-09-27T15:20:44.529Z","url":"https://stackoverflow.com/questions/71571425/how-to-sum-properties-of-elements-in-an-object-array","component":"projection","action":"mouseleave"},{"timestamp":"2022-09-27T15:20:44.531Z","url":"https://stackoverflow.com/questions/23247859/better-way-to-sum-a-property-value-in-an-array","component":"projection","action":"mouseenter"},{"timestamp":"2022-09-27T15:20:44.546Z","url":"","component":"projection","action":"mouseenter","data":"T[].reduce(function): T"},{"timestamp":"2022-09-27T15:20:44.562Z","url":"","component":"projection","action":"mouseleave","data":"T[].reduce(function): T"},{"timestamp":"2022-09-27T15:20:44.564Z","url":"","component":"projection","action":"mouseenter","data":"T[].map(function): U[]"},{"timestamp":"2022-09-27T15:20:44.579Z","url":"","component":"projection","action":"mouseleave","data":"T[].map(function): U[]"},{"timestamp":"2022-09-27T15:20:44.581Z","url":"","component":"projection","action":"mouseenter","data":"T[].reduce(function, U): U"},{"timestamp":"2022-09-27T15:20:44.595Z","url":"","component":"projection","action":"mouseleave","data":"T[].reduce(function, U): U"},{"timestamp":"2022-09-27T15:20:44.597Z","url":"https://stackoverflow.com/questions/23247859/better-way-to-sum-a-property-value-in-an-array","component":"projection","action":"mouseleave"},{"timestamp":"2022-09-27T15:23:58.537Z","url":"https://stackoverflow.com/questions/23247859/better-way-to-sum-a-property-value-in-an-array","component":"projection","action":"mouseenter"},{"timestamp":"2022-09-27T15:23:58.539Z","url":"","component":"projection","action":"mouseenter","data":"T[].reduce(function): T"},{"timestamp":"2022-09-27T15:23:59.009Z","url":"","component":"projection","action":"mouseleave","data":"T[].reduce(function): T"},{"timestamp":"2022-09-27T15:23:59.011Z","url":"https://stackoverflow.com/questions/23247859/better-way-to-sum-a-property-value-in-an-array","component":"projection","action":"mouseleave"},{"timestamp":"2022-09-27T15:25:20.941Z","url":"https://stackoverflow.com/questions/23247859/better-way-to-sum-a-property-value-in-an-array","component":"projection","action":"mouseenter"},{"timestamp":"2022-09-27T15:25:20.943Z","url":"","component":"projection","action":"mouseenter","data":"T[].reduce(function): T"},{"timestamp":"2022-09-27T15:25:20.991Z","url":"","component":"projection","action":"mouseleave","data":"T[].reduce(function): T"},{"timestamp":"2022-09-27T15:25:21.291Z","url":"","component":"projection","action":"mouseenter","data":"T[].reduce(function): T"},{"timestamp":"2022-09-27T15:25:21.891Z","url":"","component":"projection","action":"mouseleave","data":"T[].reduce(function): T"},{"timestamp":"2022-09-27T15:25:21.893Z","url":"","component":"projection","action":"mouseenter","data":"T[].map(function): U[]"},{"timestamp":"2022-09-27T15:25:22.457Z","url":"","component":"projection","action":"mouseleave","data":"T[].map(function): U[]"},{"timestamp":"2022-09-27T15:25:22.459Z","url":"","component":"projection","action":"mouseenter","data":"T[].reduce(function, U): U"},{"timestamp":"2022-09-27T15:25:22.474Z","url":"","component":"projection","action":"mouseleave","data":"T[].reduce(function, U): U"},{"timestamp":"2022-09-27T15:25:22.477Z","url":"https://stackoverflow.com/questions/23247859/better-way-to-sum-a-property-value-in-an-array","component":"projection","action":"mouseleave"},{"timestamp":"2022-09-27T15:25:59.843Z","url":"https://stackoverflow.com/questions/23247859/better-way-to-sum-a-property-value-in-an-array","component":"projection","action":"mouseenter"},{"timestamp":"2022-09-27T15:25:59.845Z","url":"","component":"projection","action":"mouseenter","data":"T[].reduce(function, U): U"},{"timestamp":"2022-09-27T15:25:59.859Z","url":"","component":"projection","action":"mouseleave","data":"T[].reduce(function, U): U"},{"timestamp":"2022-09-27T15:25:59.862Z","url":"https://stackoverflow.com/questions/23247859/better-way-to-sum-a-property-value-in-an-array","component":"projection","action":"mouseleave"},{"timestamp":"2022-09-27T15:26:18.555Z","url":"https://stackoverflow.com/questions/71571425/how-to-sum-properties-of-elements-in-an-object-array","component":"projection","action":"mouseenter"},{"timestamp":"2022-09-27T15:26:18.628Z","url":"https://stackoverflow.com/questions/71571425/how-to-sum-properties-of-elements-in-an-object-array","component":"projection","action":"mouseleave"},{"timestamp":"2022-09-27T15:26:43.124Z","url":"https://stackoverflow.com/questions/23247859/better-way-to-sum-a-property-value-in-an-array","component":"projection","action":"mouseenter"},{"timestamp":"2022-09-27T15:26:43.140Z","url":"https://stackoverflow.com/questions/23247859/better-way-to-sum-a-property-value-in-an-array","component":"projection","action":"mouseleave"},{"timestamp":"2022-09-27T15:26:51.306Z","url":"https://stackoverflow.com/questions/23247859/better-way-to-sum-a-property-value-in-an-array","component":"projection","action":"mouseenter"},{"timestamp":"2022-09-27T15:26:51.308Z","url":"","component":"projection","action":"mouseenter","data":"T[].reduce(function, U): U"},{"timestamp":"2022-09-27T15:26:51.518Z","url":"","component":"projection","action":"mouseleave","data":"T[].reduce(function, U): U"},{"timestamp":"2022-09-27T15:26:51.521Z","url":"https://stackoverflow.com/questions/23247859/better-way-to-sum-a-property-value-in-an-array","component":"projection","action":"mouseleave"},{"timestamp":"2022-09-27T15:29:16.470Z","url":"https://stackoverflow.com/questions/23247859/better-way-to-sum-a-property-value-in-an-array","component":"projection","action":"mouseenter"},{"timestamp":"2022-09-27T15:29:16.473Z","url":"https://stackoverflow.com/questions/23247859/better-way-to-sum-a-property-value-in-an-array","component":"projection","action":"mouseleave"},{"timestamp":"2022-09-27T15:29:29.953Z","url":"https://stackoverflow.com/questions/23247859/better-way-to-sum-a-property-value-in-an-array","component":"projection","action":"mouseenter"},{"timestamp":"2022-09-27T15:29:29.955Z","url":"","component":"projection","action":"mouseenter","data":"T[].reduce(function): T"},{"timestamp":"2022-09-27T15:29:29.984Z","url":"","component":"projection","action":"mouseleave","data":"T[].reduce(function): T"},{"timestamp":"2022-09-27T15:29:29.987Z","url":"https://stackoverflow.com/questions/23247859/better-way-to-sum-a-property-value-in-an-array","component":"projection","action":"mouseleave"},{"timestamp":"2022-09-27T15:30:30.268Z","url":"https://stackoverflow.com/questions/71571425/how-to-sum-properties-of-elements-in-an-object-array","component":"projection","action":"mouseenter"},{"timestamp":"2022-09-27T15:30:30.297Z","url":"https://stackoverflow.com/questions/71571425/how-to-sum-properties-of-elements-in-an-object-array","component":"projection","action":"mouseleave"},{"timestamp":"2022-09-27T15:30:51.602Z","url":"https://stackoverflow.com/questions/23247859/better-way-to-sum-a-property-value-in-an-array","component":"projection","action":"mouseenter"},{"timestamp":"2022-09-27T15:30:51.605Z","url":"","component":"projection","action":"mouseenter","data":"T[].reduce(function): T"},{"timestamp":"2022-09-27T15:30:51.651Z","url":"","component":"projection","action":"mouseleave","data":"T[].reduce(function): T"},{"timestamp":"2022-09-27T15:30:51.655Z","url":"","component":"projection","action":"mouseenter","data":"T[].map(function): U[]"},{"timestamp":"2022-09-27T15:30:51.667Z","url":"","component":"projection","action":"mouseleave","data":"T[].map(function): U[]"},{"timestamp":"2022-09-27T15:30:51.670Z","url":"https://stackoverflow.com/questions/23247859/better-way-to-sum-a-property-value-in-an-array","component":"projection","action":"mouseleave"}]}]}