{"numFailedTestSuites":0,"numFailedTests":0,"numPassedTestSuites":1,"numPassedTests":1,"numPendingTestSuites":0,"numPendingTests":0,"numRuntimeErrorTestSuites":0,"numTodoTests":0,"numTotalTestSuites":1,"numTotalTests":1,"openHandles":[],"snapshot":{"added":0,"didUpdate":false,"failure":false,"filesAdded":0,"filesRemoved":0,"filesRemovedList":[],"filesUnmatched":0,"filesUpdated":0,"matched":0,"total":0,"unchecked":0,"uncheckedKeysByFile":[],"unmatched":0,"updated":0},"startTime":1664293588776,"success":true,"testResults":[{"assertionResults":[{"ancestorTitles":["sortTradesByShareCount()"],"failureMessages":[],"fullName":"sortTradesByShareCount() Should sort the shareCount property in descending order.","location":null,"status":"passed","title":"Should sort the shareCount property in descending order."}],"endTime":1664293589067,"message":"","name":"/workspaces/31472_2/test/sort.test.js","startTime":1664293588803,"status":"passed","summary":""}],"wasInterrupted":false}