{"id":"31472_2","conditions":[{"taskId":2,"taskName":"find","enableFragments":false,"enableContext":true,"showContext":false,"provideSearchTerms":true,"sequence":3},{"taskId":1,"taskName":"currency","enableFragments":false,"enableContext":true,"showContext":false,"provideSearchTerms":true,"sequence":4},{"taskId":4,"taskName":"sort","enableFragments":true,"enableContext":true,"showContext":true,"provideSearchTerms":true,"sequence":5},{"taskId":3,"taskName":"clone","enableFragments":true,"enableContext":true,"showContext":true,"provideSearchTerms":true,"sequence":6},{"taskId":6,"taskName":"serve","enableFragments":true,"enableContext":true,"showContext":true,"provideSearchTerms":false,"sequence":7},{"taskId":5,"taskName":"recent","enableFragments":false,"enableContext":false,"showContext":false,"provideSearchTerms":false,"sequence":8}],"activeTaskId":"recent","tasks":[{"id":"pre-study"},{"enableFragments":true,"enableContext":true,"showContext":true,"provideSearchTerms":true,"contextOverride":[{"source":"src/tutorial.js","name":"sumTradedShares","position":{"start":397,"end":545},"variables":[],"parameters":[{"source":"src/tutorial.js","name":"trades","position":{"start":429,"end":435},"type":{"name":"Trade[]"}}],"returnType":"number"}],"id":"tutorial","startTime":"2022-09-27T15:13:00.771Z","duration":479219,"timer":{"startTime":"2022-09-27T15:13:50.941Z","endTime":"2022-09-27T15:31:30.455Z"},"endTime":"2022-09-27T15:31:30.455Z"},{"enableFragments":false,"enableContext":true,"showContext":false,"contextOverride":[{"source":"src/currency.js","name":"printCurrency","position":{"start":593,"end":782},"variables":[],"parameters":[{"source":"src/currency.js","name":"amount","position":{"start":623,"end":629},"type":{"name":"number"}},{"source":"src/currency.js","name":"locale","position":{"start":631,"end":637},"type":{"name":"string"}},{"source":"src/currency.js","name":"currency","position":{"start":639,"end":647},"type":{"name":"string"}}],"returnType":"string"}],"provideSearchTerms":true,"searchTerms":"format currency","id":"currency","startTime":"2022-09-27T15:37:00.286Z","timer":{"startTime":"2022-09-27T15:37:00.286Z","endTime":"2022-09-27T15:41:06.605Z"},"duration":245331,"data":{"Q1":"4","Q2":"Code examples of automatic currency formatting.","Q3":"NA","Q4":"Again this one was pretty simple. Found the relevant code quickly and painlessly."},"endTime":"2022-09-27T15:42:16.542Z"},{"enableFragments":false,"enableContext":true,"showContext":false,"contextOverride":[{"source":"src/find.js","name":"getTradeById","position":{"start":286,"end":506},"variables":[],"parameters":[{"source":"src/find.js","name":"trades","position":{"start":315,"end":321},"type":{"name":"Trade[]"}},{"source":"src/find.js","name":"id","position":{"start":323,"end":325},"type":{"name":"number"}}],"returnType":"Trade"}],"provideSearchTerms":true,"searchTerms":"find item in array by value","id":"find","startTime":"2022-09-27T15:31:36.276Z","timer":{"startTime":"2022-09-27T15:31:36.276Z","endTime":"2022-09-27T15:35:51.469Z"},"duration":254207,"data":{"Q1":"4","Q2":"Code examples","Q3":"NA","Q4":"had no issues on this problem. Search result was exactly what i was looking for."},"endTime":"2022-09-27T15:36:52.405Z"},{"enableFragments":true,"enableContext":true,"showContext":true,"contextOverride":[{"source":"src/clone.js","name":"cloneTradeLedger","position":{"start":239,"end":406},"variables":[],"parameters":[{"source":"src/clone.js","name":"trades","position":{"start":272,"end":278},"type":{"name":"Trade[]"}}],"returnType":"Trade[]"}],"provideSearchTerms":true,"searchTerms":"clone array","id":"clone","startTime":"2022-09-27T15:47:24.691Z","timer":{"startTime":"2022-09-27T15:47:24.691Z","endTime":"2022-09-27T15:52:21.163Z"},"duration":295260,"data":{"Q1":"3","Q2":"I searched the best way to deep copy an object and went through a few results.","Q3":"NA","Q4":"Initial recommendations were for a method that didn't save date formatting. "},"endTime":"2022-09-27T15:56:34.078Z"},{"enableFragments":true,"enableContext":true,"showContext":true,"contextOverride":[{"source":"src/sort.js","name":"sortTradesByShareCount","position":{"start":285,"end":524},"variables":[],"parameters":[{"source":"src/sort.js","name":"trades","position":{"start":324,"end":330},"type":{"name":"Trade[]"}}],"returnType":"Trade[]"}],"provideSearchTerms":true,"searchTerms":"sort array of objects descending","id":"sort","startTime":"2022-09-27T15:42:24.124Z","timer":{"startTime":"2022-09-27T15:42:24.124Z","endTime":"2022-09-27T15:46:29.331Z"},"duration":244242,"data":{"Q1":"5","Q2":"Code examples of array sorting.","Q3":"NA","Q4":"Again the top result had exactly what I needed."},"endTime":"2022-09-27T15:47:17.120Z"},{"enableFragments":false,"enableContext":false,"showContext":false,"contextOverride":[],"provideSearchTerms":false,"searchTerms":"","id":"recent","startTime":"2022-09-27T15:59:54.767Z","timer":{"startTime":"2022-09-27T15:59:54.767Z","endTime":"2022-09-27T16:07:34.947Z"},"duration":419493,"data":{"Q1":"2","Q2":"Subtract time from date using moment","Q3":"NA","Q4":"Had no issues finding the information."},"endTime":"2022-09-27T16:08:22.058Z"},{"enableFragments":true,"enableContext":true,"showContext":true,"contextOverride":[{"source":"src/serve.js","name":"express","position":{"start":7,"end":14},"module":{"name":"express","position":{"start":20,"end":29}},"references":[{"start":181,"end":188}]},{"source":"src/serve.js","name":"path","position":{"start":38,"end":42},"module":{"name":"path","position":{"start":48,"end":54}},"references":[]},{"source":"src/serve.js","name":"setup","position":{"start":193,"end":290},"variables":[],"parameters":[],"returnType":"void"}],"provideSearchTerms":false,"searchTerms":"","id":"serve","startTime":"2022-09-27T15:56:41.825Z","timer":{"startTime":"2022-09-27T15:56:41.825Z","endTime":"2022-09-27T15:58:57.333Z"},"duration":134165,"data":{"Q1":"4","Q2":"How to add a route in express.","Q3":"NA","Q4":"The extracted keywords were not super useful in coming up with the best search term to find an answer."},"endTime":"2022-09-27T15:59:47.075Z"},{"id":"post-study"}],"activations":["2022-09-27T15:12:44.588Z"]}