{"trialId":"87190_1","taskId":"recent","appEvents":[{"timestamp":"2022-11-18T00:25:44.809Z","name":"resize","data":{"height":698,"width":456}},{"timestamp":"2022-11-18T00:25:51.797Z","name":"search","data":"search-start"},{"timestamp":"2022-11-18T00:25:56.319Z","name":"search","data":"search-done"},{"timestamp":"2022-11-18T00:26:51.878Z","name":"resize","data":{"height":0,"width":0}},{"timestamp":"2022-11-18T00:26:53.133Z","name":"resize","data":{"height":698,"width":456}},{"timestamp":"2022-11-18T00:26:54.020Z","name":"search","data":"search-start"},{"timestamp":"2022-11-18T00:26:55.263Z","name":"search","data":"search-done"},{"timestamp":"2022-11-18T00:28:32.452Z","name":"resize","data":{"height":0,"width":0}}],"searches":[{"keywords":["subtract","time","javascript"],"context":{"tokens":[{"kind":"library","value":"moment"},{"kind":"language","value":"javascript"}]},"timestamp":"2022-11-18T00:25:51.796Z","results":[{"signatures":[],"areSignaturesLoading":true,"title":"javascript - subtract time from date - moment js - Stack Overflow","snippet":"There is a simple function subtract which moment library gives us to subtract time from some time. Using it ...","url":"https://stackoverflow.com/questions/24428656/subtract-time-from-date-moment-js","displayLink":"https://stackoverflow.com › questions › subtract-time-fr...","snippetHighlightWords":["subtract","moment","subtract time","time"],"date":"Jun 26, 2014"},{"signatures":[],"areSignaturesLoading":true,"title":"How to subtract Time from current Time momentjs","snippet":"You can use endTime.subtract(duration, 'ms'). But for that endTime has to be a moment ...","url":"https://stackoverflow.com/questions/49169562/how-to-subtract-time-from-current-time-momentjs","displayLink":"https://stackoverflow.com › questions › how-to-subtract...","snippetHighlightWords":["subtract","moment"],"date":"Mar 8, 2018"},{"signatures":[],"areSignaturesLoading":true,"title":"How to subtract 2 times with moment.js, then ... - Stack Overflow","snippet":"I need to subtract 2 times with moment.js (get the difference), and then with that result, subtract some additional minutes (simple int).","url":"https://stackoverflow.com/questions/34247283/how-to-subtract-2-times-with-moment-js-then-subtract-some-minutes","displayLink":"https://stackoverflow.com › questions › how-to-subtract...","snippetHighlightWords":["subtract","times","moment","js","subtract"],"date":"Dec 13, 2015"},{"signatures":[],"areSignaturesLoading":true,"title":"JavaScript subtract time in moment used in reactJS","snippet":"I am using React Js and I would like to perform a subtract time in JavaScript with moment library. ... May I know where is my syntax error?","url":"https://stackoverflow.com/questions/63543715/javascript-subtract-time-in-moment-used-in-reactjs","displayLink":"https://stackoverflow.com › questions › javascript-subtr...","snippetHighlightWords":["Js","subtract time","JavaScript","moment"],"date":"Aug 23, 2020"},{"signatures":[],"areSignaturesLoading":true,"title":"How to deduct time in 24 hours using moment - Stack Overflow","snippet":"You can add -24 hours. See moment.add moment(date).add(-24, 'hours');. And to display relative time you can use moment.fromNow.","url":"https://stackoverflow.com/questions/41533546/how-to-deduct-time-in-24-hours-using-moment","displayLink":"https://stackoverflow.com › questions › how-to-deduct-...","snippetHighlightWords":["moment","moment","time","moment"],"date":"Jan 8, 2017 4 answers"},{"signatures":[],"areSignaturesLoading":true,"title":"React Moment subtract time format - Stack Overflow","snippet":"Here is the working code : const calculateTime = () => { if (this.state.start !== \"\" && this.state.end !==","url":"https://stackoverflow.com/questions/70643603/react-moment-subtract-time-format","displayLink":"https://stackoverflow.com › questions › react-moment-s...","date":"Jan 9, 2022 1 answer"},{"signatures":[],"areSignaturesLoading":true,"title":"How can I subtract hours and minutes from a HH:MM time ...","snippet":"It's moment(realTime, 'HH:mm').subtract(80, 'minutes');. Or, alternatively, you can use moment.duration var realTime = '10:15'; var duration ...","url":"https://stackoverflow.com/questions/35257249/how-can-i-subtract-hours-and-minutes-from-a-hhmm-time-string","displayLink":"https://stackoverflow.com › questions › how-can-i-subtr...","snippetHighlightWords":["moment","subtract","moment"],"date":"Feb 7, 2016 1 answer"},{"signatures":[],"areSignaturesLoading":true,"title":"Trying to subtract moment.js time values - Stack Overflow","snippet":"In the example code above: this.elapsedTime is \"12:17:34\" , this.startTime is \"12:17:29\" , but the end result - this.totalTime is NaN . I ...","url":"https://stackoverflow.com/questions/57885958/trying-to-subtract-moment-js-time-values","displayLink":"https://stackoverflow.com › questions › trying-to-subtra...","date":"Sep 11, 2019"},{"signatures":[],"areSignaturesLoading":true,"title":"How can we subtract time using moment,js? - Stack Overflow","snippet":"I suggest programming your own custom function that converts the time to 24 hrs, adding 12 hours if PM, 0 if AM. It then converts the times ...","url":"https://stackoverflow.com/questions/43695367/how-can-we-subtract-time-using-moment-js","displayLink":"https://stackoverflow.com › questions › how-can-we-su...","snippetHighlightWords":["time","times"],"date":"Apr 29, 2017 1 answer"},{"signatures":[],"areSignaturesLoading":true,"title":"Perform Subtraction in Moment Js - javascript - Stack Overflow","snippet":"You can use .add or .subtract methods to add/subtract a duration. Not your question, but I would expect the duration to be end-start, ...","url":"https://stackoverflow.com/questions/72720240/perform-subtraction-in-moment-js","displayLink":"https://stackoverflow.com › questions › perform-subtra...","snippetHighlightWords":["subtract","subtract"],"date":"Jun 22, 2022 4 answers"}],"events":[{"timestamp":"2022-11-18T00:25:55.158Z","url":"https://stackoverflow.com/questions/24428656/subtract-time-from-date-moment-js","component":"projection","action":"load","data":{"height":38,"width":425.4624938964844,"wc":20,"lc":1}},{"timestamp":"2022-11-18T00:25:55.158Z","url":"https://stackoverflow.com/questions/49169562/how-to-subtract-time-from-current-time-momentjs","component":"projection","action":"load","data":{"height":38,"width":416.5625,"wc":15,"lc":1}},{"timestamp":"2022-11-18T00:25:55.159Z","url":"https://stackoverflow.com/questions/34247283/how-to-subtract-2-times-with-moment-js-then-subtract-some-minutes","component":"projection","action":"load","data":{"height":60,"width":417.45001220703125,"wc":22,"lc":1}},{"timestamp":"2022-11-18T00:25:55.159Z","url":"https://stackoverflow.com/questions/63543715/javascript-subtract-time-in-moment-used-in-reactjs","component":"projection","action":"load","data":{"height":60,"width":415.76251220703125,"wc":28,"lc":1}},{"timestamp":"2022-11-18T00:25:55.159Z","url":"https://stackoverflow.com/questions/41533546/how-to-deduct-time-in-24-hours-using-moment","component":"projection","action":"load","data":{"height":60,"width":427.1499938964844,"wc":18,"lc":1}},{"timestamp":"2022-11-18T00:25:55.159Z","url":"https://stackoverflow.com/questions/70643603/react-moment-subtract-time-format","component":"projection","action":"load","data":{"height":38,"width":425.6499938964844,"wc":19,"lc":1}},{"timestamp":"2022-11-18T00:25:55.159Z","url":"https://stackoverflow.com/questions/35257249/how-can-i-subtract-hours-and-minutes-from-a-hhmm-time-string","component":"projection","action":"load","data":{"height":60,"width":401.2875061035156,"wc":17,"lc":1}},{"timestamp":"2022-11-18T00:25:55.159Z","url":"https://stackoverflow.com/questions/57885958/trying-to-subtract-moment-js-time-values","component":"projection","action":"load","data":{"height":60,"width":405.3500061035156,"wc":24,"lc":1}},{"timestamp":"2022-11-18T00:25:55.159Z","url":"https://stackoverflow.com/questions/43695367/how-can-we-subtract-time-using-moment-js","component":"projection","action":"load","data":{"height":60,"width":424.9125061035156,"wc":28,"lc":1}},{"timestamp":"2022-11-18T00:25:55.159Z","url":"https://stackoverflow.com/questions/72720240/perform-subtraction-in-moment-js","component":"projection","action":"load","data":{"height":60,"width":421.0249938964844,"wc":24,"lc":1}},{"timestamp":"2022-11-18T00:25:56.319Z","url":"https://stackoverflow.com/questions/24428656/subtract-time-from-date-moment-js","component":"projection","action":"loaded","data":"projection 10 of 10"},{"timestamp":"2022-11-18T00:25:56.319Z","url":"https://stackoverflow.com/questions/49169562/how-to-subtract-time-from-current-time-momentjs","component":"projection","action":"loaded","data":"projection 9 of 10"},{"timestamp":"2022-11-18T00:25:56.319Z","url":"https://stackoverflow.com/questions/34247283/how-to-subtract-2-times-with-moment-js-then-subtract-some-minutes","component":"projection","action":"loaded","data":"projection 8 of 10"},{"timestamp":"2022-11-18T00:25:56.319Z","url":"https://stackoverflow.com/questions/63543715/javascript-subtract-time-in-moment-used-in-reactjs","component":"projection","action":"loaded","data":"projection 7 of 10"},{"timestamp":"2022-11-18T00:25:56.319Z","url":"https://stackoverflow.com/questions/41533546/how-to-deduct-time-in-24-hours-using-moment","component":"projection","action":"loaded","data":"projection 6 of 10"},{"timestamp":"2022-11-18T00:25:56.319Z","url":"https://stackoverflow.com/questions/70643603/react-moment-subtract-time-format","component":"projection","action":"loaded","data":"projection 5 of 10"},{"timestamp":"2022-11-18T00:25:56.319Z","url":"https://stackoverflow.com/questions/35257249/how-can-i-subtract-hours-and-minutes-from-a-hhmm-time-string","component":"projection","action":"loaded","data":"projection 4 of 10"},{"timestamp":"2022-11-18T00:25:56.319Z","url":"https://stackoverflow.com/questions/57885958/trying-to-subtract-moment-js-time-values","component":"projection","action":"loaded","data":"projection 3 of 10"},{"timestamp":"2022-11-18T00:25:56.319Z","url":"https://stackoverflow.com/questions/43695367/how-can-we-subtract-time-using-moment-js","component":"projection","action":"loaded","data":"projection 2 of 10"},{"timestamp":"2022-11-18T00:25:56.319Z","url":"https://stackoverflow.com/questions/72720240/perform-subtraction-in-moment-js","component":"projection","action":"loaded","data":"projection 1 of 10"},{"timestamp":"2022-11-18T00:25:58.838Z","url":"https://stackoverflow.com/questions/34247283/how-to-subtract-2-times-with-moment-js-then-subtract-some-minutes","component":"projection","action":"mouseenter"},{"timestamp":"2022-11-18T00:25:59.218Z","url":"https://stackoverflow.com/questions/34247283/how-to-subtract-2-times-with-moment-js-then-subtract-some-minutes","component":"projection","action":"mouseleave"},{"timestamp":"2022-11-18T00:25:59.219Z","url":"https://stackoverflow.com/questions/49169562/how-to-subtract-time-from-current-time-momentjs","component":"projection","action":"mouseenter"},{"timestamp":"2022-11-18T00:25:59.300Z","url":"https://stackoverflow.com/questions/49169562/how-to-subtract-time-from-current-time-momentjs","component":"projection","action":"mouseleave"},{"timestamp":"2022-11-18T00:25:59.301Z","url":"https://stackoverflow.com/questions/24428656/subtract-time-from-date-moment-js","component":"projection","action":"mouseenter"},{"timestamp":"2022-11-18T00:26:00.135Z","url":"https://stackoverflow.com/questions/24428656/subtract-time-from-date-moment-js","component":"page","action":"open"},{"timestamp":"2022-11-18T00:26:00.182Z","url":"https://stackoverflow.com/questions/24428656/subtract-time-from-date-moment-js","component":"projection","action":"mouseleave"},{"timestamp":"2022-11-18T00:26:00.907Z","url":"https://stackoverflow.com/questions/24428656/subtract-time-from-date-moment-js","component":"page","action":"load"},{"timestamp":"2022-11-18T00:26:03.013Z","url":"https://stackoverflow.com/questions/24428656/subtract-time-from-date-moment-js","component":"page","action":"scroll","data":{"viewport":{"x":0,"y":64,"height":638,"width":452},"document":{"height":7194,"width":435},"question":{"identifier":"24428656","top":68.5875015258789,"bottom":858.9375381469727,"right":419.20001220703125,"left":16,"width":403.20001220703125,"height":790.3500366210938},"answers":[{"identifier":"24428984","top":939.2250366210938,"bottom":1747.0750732421875,"right":419.20001220703125,"left":16,"width":403.20001220703125,"height":807.8500366210938},{"identifier":"27492540","top":1747.0750732421875,"bottom":2273.5250854492188,"right":419.20001220703125,"left":16,"width":403.20001220703125,"height":526.4500122070312},{"identifier":"57287372","top":2273.525146484375,"bottom":2903.3876342773438,"right":419.20001220703125,"left":16,"width":403.20001220703125,"height":629.8624877929688},{"identifier":"24428908","top":2903.387451171875,"bottom":3653.637451171875,"right":419.20001220703125,"left":16,"width":403.20001220703125,"height":750.25},{"identifier":"37895245","top":3653.637451171875,"bottom":4033.7999572753906,"right":419.20001220703125,"left":16,"width":403.20001220703125,"height":380.1625061035156},{"identifier":"37872591","top":4033.800048828125,"bottom":4329.462554931641,"right":419.20001220703125,"left":16,"width":403.20001220703125,"height":295.6625061035156},{"identifier":"68172062","top":4329.46240234375,"bottom":4858.624938964844,"right":419.20001220703125,"left":16,"width":403.20001220703125,"height":529.1625366210938}]}},{"timestamp":"2022-11-18T00:26:09.544Z","url":"https://stackoverflow.com/questions/24428656/subtract-time-from-date-moment-js","component":"page","action":"scroll","data":{"viewport":{"x":0,"y":72.80000305175781,"height":638,"width":452},"document":{"height":7194,"width":435},"question":{"identifier":"24428656","top":59.78750228881836,"bottom":850.1375389099121,"right":419.20001220703125,"left":16,"width":403.20001220703125,"height":790.3500366210938},"answers":[{"identifier":"24428984","top":930.4249877929688,"bottom":1738.2750244140625,"right":419.20001220703125,"left":16,"width":403.20001220703125,"height":807.8500366210938},{"identifier":"27492540","top":1738.2750244140625,"bottom":2264.7250366210938,"right":419.20001220703125,"left":16,"width":403.20001220703125,"height":526.4500122070312},{"identifier":"57287372","top":2264.72509765625,"bottom":2894.5875854492188,"right":419.20001220703125,"left":16,"width":403.20001220703125,"height":629.8624877929688},{"identifier":"24428908","top":2894.587646484375,"bottom":3644.837646484375,"right":419.20001220703125,"left":16,"width":403.20001220703125,"height":750.25},{"identifier":"37895245","top":3644.837646484375,"bottom":4025.0001525878906,"right":419.20001220703125,"left":16,"width":403.20001220703125,"height":380.1625061035156},{"identifier":"37872591","top":4025,"bottom":4320.662506103516,"right":419.20001220703125,"left":16,"width":403.20001220703125,"height":295.6625061035156},{"identifier":"68172062","top":4320.66259765625,"bottom":4849.825134277344,"right":419.20001220703125,"left":16,"width":403.20001220703125,"height":529.1625366210938}]}},{"timestamp":"2022-11-18T00:26:34.297Z","url":"https://stackoverflow.com/questions/24428656/subtract-time-from-date-moment-js","component":"page","action":"scroll","data":{"viewport":{"x":0,"y":361.6000061035156,"height":638,"width":452},"document":{"height":7194,"width":435},"question":{"identifier":"24428656","top":-229.0124969482422,"bottom":561.3375396728516,"right":419.20001220703125,"left":16,"width":403.20001220703125,"height":790.3500366210938},"answers":[{"identifier":"24428984","top":641.625,"bottom":1449.4750366210938,"right":419.20001220703125,"left":16,"width":403.20001220703125,"height":807.8500366210938},{"identifier":"27492540","top":1449.4749755859375,"bottom":1975.9249877929688,"right":419.20001220703125,"left":16,"width":403.20001220703125,"height":526.4500122070312},{"identifier":"57287372","top":1975.925048828125,"bottom":2605.7875366210938,"right":419.20001220703125,"left":16,"width":403.20001220703125,"height":629.8624877929688},{"identifier":"24428908","top":2605.78759765625,"bottom":3356.03759765625,"right":419.20001220703125,"left":16,"width":403.20001220703125,"height":750.25},{"identifier":"37895245","top":3356.03759765625,"bottom":3736.2001037597656,"right":419.20001220703125,"left":16,"width":403.20001220703125,"height":380.1625061035156},{"identifier":"37872591","top":3736.199951171875,"bottom":4031.8624572753906,"right":419.20001220703125,"left":16,"width":403.20001220703125,"height":295.6625061035156},{"identifier":"68172062","top":4031.862548828125,"bottom":4561.025085449219,"right":419.20001220703125,"left":16,"width":403.20001220703125,"height":529.1625366210938}]}},{"timestamp":"2022-11-18T00:26:35.821Z","url":"https://stackoverflow.com/questions/24428656/subtract-time-from-date-moment-js","component":"page","action":"scroll","data":{"viewport":{"x":0,"y":649.5999755859375,"height":638,"width":452},"document":{"height":7194,"width":435},"question":{"identifier":"24428656","top":-517.0125122070312,"bottom":273.3375244140625,"right":419.20001220703125,"left":16,"width":403.20001220703125,"height":790.3500366210938},"answers":[{"identifier":"24428984","top":353.625,"bottom":1161.4750366210938,"right":419.20001220703125,"left":16,"width":403.20001220703125,"height":807.8500366210938},{"identifier":"27492540","top":1161.4749755859375,"bottom":1687.9249877929688,"right":419.20001220703125,"left":16,"width":403.20001220703125,"height":526.4500122070312},{"identifier":"57287372","top":1687.925048828125,"bottom":2317.7875366210938,"right":419.20001220703125,"left":16,"width":403.20001220703125,"height":629.8624877929688},{"identifier":"24428908","top":2317.78759765625,"bottom":3068.03759765625,"right":419.20001220703125,"left":16,"width":403.20001220703125,"height":750.25},{"identifier":"37895245","top":3068.03759765625,"bottom":3448.2001037597656,"right":419.20001220703125,"left":16,"width":403.20001220703125,"height":380.1625061035156},{"identifier":"37872591","top":3448.199951171875,"bottom":3743.8624572753906,"right":419.20001220703125,"left":16,"width":403.20001220703125,"height":295.6625061035156},{"identifier":"68172062","top":3743.862548828125,"bottom":4273.025085449219,"right":419.20001220703125,"left":16,"width":403.20001220703125,"height":529.1625366210938}]}},{"timestamp":"2022-11-18T00:26:38.548Z","url":"https://stackoverflow.com/questions/24428656/subtract-time-from-date-moment-js","component":"page","action":"scroll","data":{"viewport":{"x":0,"y":876.7999877929688,"height":638,"width":452},"document":{"height":7194,"width":435},"question":{"identifier":"24428656","top":-744.2125244140625,"bottom":46.13751220703125,"right":419.20001220703125,"left":16,"width":403.20001220703125,"height":790.3500366210938},"answers":[{"identifier":"24428984","top":126.42500305175781,"bottom":934.2750396728516,"right":419.20001220703125,"left":16,"width":403.20001220703125,"height":807.8500366210938},{"identifier":"27492540","top":934.2750244140625,"bottom":1460.7250366210938,"right":419.20001220703125,"left":16,"width":403.20001220703125,"height":526.4500122070312},{"identifier":"57287372","top":1460.7249755859375,"bottom":2090.5874633789062,"right":419.20001220703125,"left":16,"width":403.20001220703125,"height":629.8624877929688},{"identifier":"24428908","top":2090.587646484375,"bottom":2840.837646484375,"right":419.20001220703125,"left":16,"width":403.20001220703125,"height":750.25},{"identifier":"37895245","top":2840.837646484375,"bottom":3221.0001525878906,"right":419.20001220703125,"left":16,"width":403.20001220703125,"height":380.1625061035156},{"identifier":"37872591","top":3221,"bottom":3516.6625061035156,"right":419.20001220703125,"left":16,"width":403.20001220703125,"height":295.6625061035156},{"identifier":"68172062","top":3516.66259765625,"bottom":4045.8251342773438,"right":419.20001220703125,"left":16,"width":403.20001220703125,"height":529.1625366210938}]}},{"timestamp":"2022-11-18T00:26:39.891Z","url":"https://stackoverflow.com/questions/24428656/subtract-time-from-date-moment-js","component":"page","action":"scroll","data":{"viewport":{"x":0,"y":894.4000244140625,"height":638,"width":452},"document":{"height":7194,"width":435},"question":{"identifier":"24428656","top":-761.8125,"bottom":28.53753662109375,"right":419.20001220703125,"left":16,"width":403.20001220703125,"height":790.3500366210938},"answers":[{"identifier":"24428984","top":108.82500457763672,"bottom":916.6750411987305,"right":419.20001220703125,"left":16,"width":403.20001220703125,"height":807.8500366210938},{"identifier":"27492540","top":916.6749877929688,"bottom":1443.125,"right":419.20001220703125,"left":16,"width":403.20001220703125,"height":526.4500122070312},{"identifier":"57287372","top":1443.125,"bottom":2072.9874877929688,"right":419.20001220703125,"left":16,"width":403.20001220703125,"height":629.8624877929688},{"identifier":"24428908","top":2072.987548828125,"bottom":2823.237548828125,"right":419.20001220703125,"left":16,"width":403.20001220703125,"height":750.25},{"identifier":"37895245","top":2823.237548828125,"bottom":3203.4000549316406,"right":419.20001220703125,"left":16,"width":403.20001220703125,"height":380.1625061035156},{"identifier":"37872591","top":3203.400146484375,"bottom":3499.0626525878906,"right":419.20001220703125,"left":16,"width":403.20001220703125,"height":295.6625061035156},{"identifier":"68172062","top":3499.0625,"bottom":4028.2250366210938,"right":419.20001220703125,"left":16,"width":403.20001220703125,"height":529.1625366210938}]}},{"timestamp":"2022-11-18T00:26:42.761Z","url":"https://stackoverflow.com/questions/24428656/subtract-time-from-date-moment-js","component":"page","action":"scroll","data":{"viewport":{"x":0,"y":1520.800048828125,"height":638,"width":452},"document":{"height":7194,"width":435},"question":{"identifier":"24428656","top":-1388.2125244140625,"bottom":-597.8624877929688,"right":419.20001220703125,"left":16,"width":403.20001220703125,"height":790.3500366210938},"answers":[{"identifier":"24428984","top":-517.5750122070312,"bottom":290.2750244140625,"right":419.20001220703125,"left":16,"width":403.20001220703125,"height":807.8500366210938},{"identifier":"27492540","top":290.2749938964844,"bottom":816.7250061035156,"right":419.20001220703125,"left":16,"width":403.20001220703125,"height":526.4500122070312},{"identifier":"57287372","top":816.7250366210938,"bottom":1446.5875244140625,"right":419.20001220703125,"left":16,"width":403.20001220703125,"height":629.8624877929688},{"identifier":"24428908","top":1446.5875244140625,"bottom":2196.8375244140625,"right":419.20001220703125,"left":16,"width":403.20001220703125,"height":750.25},{"identifier":"37895245","top":2196.837646484375,"bottom":2577.0001525878906,"right":419.20001220703125,"left":16,"width":403.20001220703125,"height":380.1625061035156},{"identifier":"37872591","top":2577,"bottom":2872.6625061035156,"right":419.20001220703125,"left":16,"width":403.20001220703125,"height":295.6625061035156},{"identifier":"68172062","top":2872.66259765625,"bottom":3401.8251342773438,"right":419.20001220703125,"left":16,"width":403.20001220703125,"height":529.1625366210938}]}},{"timestamp":"2022-11-18T00:26:50.033Z","url":"https://stackoverflow.com/questions/24428656/subtract-time-from-date-moment-js","component":"page","action":"scroll","data":{"viewport":{"x":0,"y":1524.800048828125,"height":638,"width":452},"document":{"height":7194,"width":435},"question":{"identifier":"24428656","top":-1392.2125244140625,"bottom":-601.8624877929688,"right":419.20001220703125,"left":16,"width":403.20001220703125,"height":790.3500366210938},"answers":[{"identifier":"24428984","top":-521.5750122070312,"bottom":286.2750244140625,"right":419.20001220703125,"left":16,"width":403.20001220703125,"height":807.8500366210938},{"identifier":"27492540","top":286.2749938964844,"bottom":812.7250061035156,"right":419.20001220703125,"left":16,"width":403.20001220703125,"height":526.4500122070312},{"identifier":"57287372","top":812.7250366210938,"bottom":1442.5875244140625,"right":419.20001220703125,"left":16,"width":403.20001220703125,"height":629.8624877929688},{"identifier":"24428908","top":1442.5875244140625,"bottom":2192.8375244140625,"right":419.20001220703125,"left":16,"width":403.20001220703125,"height":750.25},{"identifier":"37895245","top":2192.837646484375,"bottom":2573.0001525878906,"right":419.20001220703125,"left":16,"width":403.20001220703125,"height":380.1625061035156},{"identifier":"37872591","top":2573,"bottom":2868.6625061035156,"right":419.20001220703125,"left":16,"width":403.20001220703125,"height":295.6625061035156},{"identifier":"68172062","top":2868.66259765625,"bottom":3397.8251342773438,"right":419.20001220703125,"left":16,"width":403.20001220703125,"height":529.1625366210938}]}},{"timestamp":"2022-11-18T00:26:53.970Z","url":"https://stackoverflow.com/questions/24428656/subtract-time-from-date-moment-js","component":"page","action":"close"}]},{"keywords":["subtract","time","javascript"],"context":{"tokens":[{"kind":"library","value":"moment"},{"kind":"language","value":"javascript"}]},"timestamp":"2022-11-18T00:26:54.019Z","results":[{"signatures":[],"areSignaturesLoading":true,"title":"javascript - subtract time from date - moment js - Stack Overflow","snippet":"There is a simple function subtract which moment library gives us to subtract time from some time. Using it ...","url":"https://stackoverflow.com/questions/24428656/subtract-time-from-date-moment-js","displayLink":"https://stackoverflow.com › questions › subtract-time-fr...","snippetHighlightWords":["subtract","moment","subtract time","time"],"date":"Jun 26, 2014"},{"signatures":[],"areSignaturesLoading":true,"title":"How to subtract Time from current Time momentjs","snippet":"You can use endTime.subtract(duration, 'ms'). But for that endTime has to be a moment ...","url":"https://stackoverflow.com/questions/49169562/how-to-subtract-time-from-current-time-momentjs","displayLink":"https://stackoverflow.com › questions › how-to-subtract...","snippetHighlightWords":["subtract","moment"],"date":"Mar 8, 2018"},{"signatures":[],"areSignaturesLoading":true,"title":"How to subtract 2 times with moment.js, then ... - Stack Overflow","snippet":"I need to subtract 2 times with moment.js (get the difference), and then with that result, subtract some additional minutes (simple int).","url":"https://stackoverflow.com/questions/34247283/how-to-subtract-2-times-with-moment-js-then-subtract-some-minutes","displayLink":"https://stackoverflow.com › questions › how-to-subtract...","snippetHighlightWords":["subtract","times","moment","js","subtract"],"date":"Dec 13, 2015"},{"signatures":[],"areSignaturesLoading":true,"title":"JavaScript subtract time in moment used in reactJS","snippet":"I am using React Js and I would like to perform a subtract time in JavaScript with moment library. ... May I know where is my syntax error?","url":"https://stackoverflow.com/questions/63543715/javascript-subtract-time-in-moment-used-in-reactjs","displayLink":"https://stackoverflow.com › questions › javascript-subtr...","snippetHighlightWords":["Js","subtract time","JavaScript","moment"],"date":"Aug 23, 2020"},{"signatures":[],"areSignaturesLoading":true,"title":"How to deduct time in 24 hours using moment - Stack Overflow","snippet":"You can add -24 hours. See moment.add moment(date).add(-24, 'hours');. And to display relative time you can use moment.fromNow.","url":"https://stackoverflow.com/questions/41533546/how-to-deduct-time-in-24-hours-using-moment","displayLink":"https://stackoverflow.com › questions › how-to-deduct-...","snippetHighlightWords":["moment","moment","time","moment"],"date":"Jan 8, 2017 4 answers"},{"signatures":[],"areSignaturesLoading":true,"title":"React Moment subtract time format - Stack Overflow","snippet":"Here is the working code : const calculateTime = () => { if (this.state.start !== \"\" && this.state.end !==","url":"https://stackoverflow.com/questions/70643603/react-moment-subtract-time-format","displayLink":"https://stackoverflow.com › questions › react-moment-s...","date":"Jan 9, 2022 1 answer"},{"signatures":[],"areSignaturesLoading":true,"title":"How can I subtract hours and minutes from a HH:MM time ...","snippet":"It's moment(realTime, 'HH:mm').subtract(80, 'minutes');. Or, alternatively, you can use moment.duration var realTime = '10:15'; var duration ...","url":"https://stackoverflow.com/questions/35257249/how-can-i-subtract-hours-and-minutes-from-a-hhmm-time-string","displayLink":"https://stackoverflow.com › questions › how-can-i-subtr...","snippetHighlightWords":["moment","subtract","moment"],"date":"Feb 7, 2016 1 answer"},{"signatures":[],"areSignaturesLoading":true,"title":"Trying to subtract moment.js time values - Stack Overflow","snippet":"In the example code above: this.elapsedTime is \"12:17:34\" , this.startTime is \"12:17:29\" , but the end result - this.totalTime is NaN . I ...","url":"https://stackoverflow.com/questions/57885958/trying-to-subtract-moment-js-time-values","displayLink":"https://stackoverflow.com › questions › trying-to-subtra...","date":"Sep 11, 2019"},{"signatures":[],"areSignaturesLoading":true,"title":"How can we subtract time using moment,js? - Stack Overflow","snippet":"I suggest programming your own custom function that converts the time to 24 hrs, adding 12 hours if PM, 0 if AM. It then converts the times ...","url":"https://stackoverflow.com/questions/43695367/how-can-we-subtract-time-using-moment-js","displayLink":"https://stackoverflow.com › questions › how-can-we-su...","snippetHighlightWords":["time","times"],"date":"Apr 29, 2017 1 answer"},{"signatures":[],"areSignaturesLoading":true,"title":"Perform Subtraction in Moment Js - javascript - Stack Overflow","snippet":"You can use .add or .subtract methods to add/subtract a duration. Not your question, but I would expect the duration to be end-start, ...","url":"https://stackoverflow.com/questions/72720240/perform-subtraction-in-moment-js","displayLink":"https://stackoverflow.com › questions › perform-subtra...","snippetHighlightWords":["subtract","subtract"],"date":"Jun 22, 2022 4 answers"}],"events":[{"timestamp":"2022-11-18T00:26:54.070Z","url":"https://stackoverflow.com/questions/24428656/subtract-time-from-date-moment-js","component":"projection","action":"load","data":{"height":38,"width":425.4624938964844,"wc":20,"lc":1}},{"timestamp":"2022-11-18T00:26:54.070Z","url":"https://stackoverflow.com/questions/49169562/how-to-subtract-time-from-current-time-momentjs","component":"projection","action":"load","data":{"height":38,"width":416.5625,"wc":15,"lc":1}},{"timestamp":"2022-11-18T00:26:54.070Z","url":"https://stackoverflow.com/questions/34247283/how-to-subtract-2-times-with-moment-js-then-subtract-some-minutes","component":"projection","action":"load","data":{"height":60,"width":417.45001220703125,"wc":22,"lc":1}},{"timestamp":"2022-11-18T00:26:54.070Z","url":"https://stackoverflow.com/questions/63543715/javascript-subtract-time-in-moment-used-in-reactjs","component":"projection","action":"load","data":{"height":60,"width":415.76251220703125,"wc":28,"lc":1}},{"timestamp":"2022-11-18T00:26:54.070Z","url":"https://stackoverflow.com/questions/41533546/how-to-deduct-time-in-24-hours-using-moment","component":"projection","action":"load","data":{"height":60,"width":427.1499938964844,"wc":18,"lc":1}},{"timestamp":"2022-11-18T00:26:54.071Z","url":"https://stackoverflow.com/questions/70643603/react-moment-subtract-time-format","component":"projection","action":"load","data":{"height":38,"width":425.6499938964844,"wc":19,"lc":1}},{"timestamp":"2022-11-18T00:26:54.071Z","url":"https://stackoverflow.com/questions/35257249/how-can-i-subtract-hours-and-minutes-from-a-hhmm-time-string","component":"projection","action":"load","data":{"height":60,"width":401.2875061035156,"wc":17,"lc":1}},{"timestamp":"2022-11-18T00:26:54.071Z","url":"https://stackoverflow.com/questions/57885958/trying-to-subtract-moment-js-time-values","component":"projection","action":"load","data":{"height":60,"width":405.3500061035156,"wc":24,"lc":1}},{"timestamp":"2022-11-18T00:26:54.071Z","url":"https://stackoverflow.com/questions/43695367/how-can-we-subtract-time-using-moment-js","component":"projection","action":"load","data":{"height":60,"width":424.9125061035156,"wc":28,"lc":1}},{"timestamp":"2022-11-18T00:26:54.071Z","url":"https://stackoverflow.com/questions/72720240/perform-subtraction-in-moment-js","component":"projection","action":"load","data":{"height":60,"width":421.0249938964844,"wc":24,"lc":1}},{"timestamp":"2022-11-18T00:26:54.411Z","url":"https://stackoverflow.com/questions/24428656/subtract-time-from-date-moment-js","component":"projection","action":"mouseenter"},{"timestamp":"2022-11-18T00:26:54.478Z","url":"https://stackoverflow.com/questions/24428656/subtract-time-from-date-moment-js","component":"projection","action":"mouseleave"},{"timestamp":"2022-11-18T00:26:55.262Z","url":"https://stackoverflow.com/questions/24428656/subtract-time-from-date-moment-js","component":"projection","action":"loaded","data":"projection 10 of 10"},{"timestamp":"2022-11-18T00:26:55.262Z","url":"https://stackoverflow.com/questions/49169562/how-to-subtract-time-from-current-time-momentjs","component":"projection","action":"loaded","data":"projection 9 of 10"},{"timestamp":"2022-11-18T00:26:55.262Z","url":"https://stackoverflow.com/questions/34247283/how-to-subtract-2-times-with-moment-js-then-subtract-some-minutes","component":"projection","action":"loaded","data":"projection 8 of 10"},{"timestamp":"2022-11-18T00:26:55.262Z","url":"https://stackoverflow.com/questions/63543715/javascript-subtract-time-in-moment-used-in-reactjs","component":"projection","action":"loaded","data":"projection 7 of 10"},{"timestamp":"2022-11-18T00:26:55.262Z","url":"https://stackoverflow.com/questions/41533546/how-to-deduct-time-in-24-hours-using-moment","component":"projection","action":"loaded","data":"projection 6 of 10"},{"timestamp":"2022-11-18T00:26:55.262Z","url":"https://stackoverflow.com/questions/70643603/react-moment-subtract-time-format","component":"projection","action":"loaded","data":"projection 5 of 10"},{"timestamp":"2022-11-18T00:26:55.262Z","url":"https://stackoverflow.com/questions/35257249/how-can-i-subtract-hours-and-minutes-from-a-hhmm-time-string","component":"projection","action":"loaded","data":"projection 4 of 10"},{"timestamp":"2022-11-18T00:26:55.262Z","url":"https://stackoverflow.com/questions/57885958/trying-to-subtract-moment-js-time-values","component":"projection","action":"loaded","data":"projection 3 of 10"},{"timestamp":"2022-11-18T00:26:55.263Z","url":"https://stackoverflow.com/questions/43695367/how-can-we-subtract-time-using-moment-js","component":"projection","action":"loaded","data":"projection 2 of 10"},{"timestamp":"2022-11-18T00:26:55.263Z","url":"https://stackoverflow.com/questions/72720240/perform-subtraction-in-moment-js","component":"projection","action":"loaded","data":"projection 1 of 10"},{"timestamp":"2022-11-18T00:26:55.344Z","url":"https://stackoverflow.com/questions/24428656/subtract-time-from-date-moment-js","component":"projection","action":"mouseenter"},{"timestamp":"2022-11-18T00:26:55.627Z","url":"https://stackoverflow.com/questions/24428656/subtract-time-from-date-moment-js","component":"projection","action":"mouseleave"},{"timestamp":"2022-11-18T00:26:55.631Z","url":"https://stackoverflow.com/questions/49169562/how-to-subtract-time-from-current-time-momentjs","component":"projection","action":"mouseenter"},{"timestamp":"2022-11-18T00:26:56.156Z","url":"https://stackoverflow.com/questions/49169562/how-to-subtract-time-from-current-time-momentjs","component":"page","action":"open"},{"timestamp":"2022-11-18T00:26:56.208Z","url":"https://stackoverflow.com/questions/49169562/how-to-subtract-time-from-current-time-momentjs","component":"projection","action":"mouseleave"},{"timestamp":"2022-11-18T00:26:56.485Z","url":"https://stackoverflow.com/questions/49169562/how-to-subtract-time-from-current-time-momentjs","component":"page","action":"load"},{"timestamp":"2022-11-18T00:26:59.271Z","url":"https://stackoverflow.com/questions/49169562/how-to-subtract-time-from-current-time-momentjs","component":"page","action":"scroll","data":{"viewport":{"x":0,"y":458.3999938964844,"height":638,"width":452},"document":{"height":4250,"width":435},"question":{"identifier":"49169562","top":-294.9750061035156,"bottom":506.0749816894531,"right":419.20001220703125,"left":16,"width":403.20001220703125,"height":801.0499877929688},"answers":[{"identifier":"49169697","top":586.3624877929688,"bottom":1468.3125,"right":419.20001220703125,"left":16,"width":403.20001220703125,"height":881.9500122070312},{"identifier":"49170870","top":1468.3125,"bottom":1774.9750061035156,"right":419.20001220703125,"left":16,"width":403.20001220703125,"height":306.6625061035156}]}},{"timestamp":"2022-11-18T00:27:02.244Z","url":"https://stackoverflow.com/questions/49169562/how-to-subtract-time-from-current-time-momentjs","component":"page","action":"scroll","data":{"viewport":{"x":0,"y":898.4000244140625,"height":638,"width":452},"document":{"height":4250,"width":435},"question":{"identifier":"49169562","top":-734.9750366210938,"bottom":66.074951171875,"right":419.20001220703125,"left":16,"width":403.20001220703125,"height":801.0499877929688},"answers":[{"identifier":"49169697","top":146.3625030517578,"bottom":1028.312515258789,"right":419.20001220703125,"left":16,"width":403.20001220703125,"height":881.9500122070312},{"identifier":"49170870","top":1028.3125,"bottom":1334.9750061035156,"right":419.20001220703125,"left":16,"width":403.20001220703125,"height":306.6625061035156}]}}]}]}