{"trialId":"87190_1","taskId":"find","appEvents":[{"timestamp":"2022-11-18T00:23:52.488Z","name":"resize","data":{"height":698,"width":456}},{"timestamp":"2022-11-18T00:23:53.200Z","name":"search","data":"search-start"},{"timestamp":"2022-11-18T00:23:54.416Z","name":"search","data":"search-done"},{"timestamp":"2022-11-18T00:25:10.668Z","name":"resize","data":{"height":0,"width":0}}],"searches":[{"keywords":["find","item","in","array","by","value"],"context":{"tokens":[{"kind":"language","value":"javascript"}]},"timestamp":"2022-11-18T00:23:53.200Z","results":[{"signatures":[],"areSignaturesLoading":true,"title":"Find a value in an array of objects in Javascript - Stack Overflow","url":"https://stackoverflow.com/questions/12462318/find-a-value-in-an-array-of-objects-in-javascript","displayLink":"https://stackoverflow.com › questions › find-a-value-in-...","date":"Sep 17, 2012","snippet":"The find() method returns the first value that matches from the collection. Once it matches the value in findings, it will not check the ...","snippetHighlightWords":["find","value","value","check"]},{"signatures":[],"areSignaturesLoading":true,"title":"How to find if an array contains a specific string in JavaScript ...","url":"https://stackoverflow.com/questions/6116474/how-to-find-if-an-array-contains-a-specific-string-in-javascript-jquery","displayLink":"https://stackoverflow.com › questions › how-to-find-if-...","date":"May 24, 2011","snippet":"var found = categories.includes('specialword');. No comparisons and no confusing -1 results. It does what we want: it returns true ..."},{"signatures":[],"areSignaturesLoading":true,"title":"Find object with specific value in array - Stack Overflow","url":"https://stackoverflow.com/questions/52460473/find-object-with-specific-value-in-array","displayLink":"https://stackoverflow.com › questions › find-object-wit...","date":"Sep 22, 2018","snippet":"Now, I would like to check if my array contains an object with the name \"Mike\". How do I go about this in javascript? I am thinking something ...","snippetHighlightWords":["check","array","object","javascript"]},{"signatures":[],"areSignaturesLoading":true,"title":"Get JavaScript object from array of objects by value of property","url":"https://stackoverflow.com/questions/13964155/get-javascript-object-from-array-of-objects-by-value-of-property","displayLink":"https://stackoverflow.com › questions › get-javascript-o...","date":"Dec 20, 2012","snippet":"The find() method returns a value in the array, if an element in the array satisfies the provided testing function.","snippetHighlightWords":["find","value","array","element","array"]},{"signatures":[],"areSignaturesLoading":true,"title":"Find object by id in an array of JavaScript objects","url":"https://stackoverflow.com/questions/7364150/find-object-by-id-in-an-array-of-javascript-objects","displayLink":"https://stackoverflow.com › questions › find-object-by-i...","snippet":"Use the find() method: myArray.find(x => x.id === '45').foo;. From MDN: The find() method returns the first value in the array, ...","snippetHighlightWords":["find","find","find","value","array"],"extensions":["Sep 9, 2011","36 answers"]},{"signatures":[],"areSignaturesLoading":true,"title":"Find all matching elements with in an array of objects [duplicate]","url":"https://stackoverflow.com/questions/52311150/find-all-matching-elements-with-in-an-array-of-objects","displayLink":"https://stackoverflow.com › questions › find-all-matchi...","snippet":"Two things: first, Array.find() returns the first matching element, undefined if it finds nothing. Array.filter returns a new array ...","snippetHighlightWords":["Array","find","element","Array","array"],"extensions":["Sep 13, 2018","6 answers"]},{"signatures":[],"areSignaturesLoading":true,"title":"How do I check if an array includes a value in JavaScript?","url":"https://stackoverflow.com/questions/237104/how-do-i-check-if-an-array-includes-a-value-in-javascript","displayLink":"https://stackoverflow.com › questions › how-do-i-check...","snippet":"inArray is a terrible name for a function that returns the index of the element, and -1 if it doesn't exist. I would expect a boolean to be returned. – Tim. Jul ...","snippetHighlightWords":["element"]},{"signatures":[],"areSignaturesLoading":true,"title":"How can I find and update values in an array of objects?","url":"https://stackoverflow.com/questions/35206125/how-can-i-find-and-update-values-in-an-array-of-objects","displayLink":"https://stackoverflow.com › questions › how-can-i-find-...","date":"Feb 4, 2016","snippet":"var item = {...} var items = [{id:2}, {id:2}, {id: ...","snippetHighlightWords":["item"]},{"signatures":[],"areSignaturesLoading":true,"title":"Find an item in array and get whats left - Stack Overflow","url":"https://stackoverflow.com/questions/57607836/find-an-item-in-array-and-get-whats-left","displayLink":"https://stackoverflow.com › questions › find-an-item-in...","date":"Aug 22, 2019","snippet":"var fruit = [ \"apples\", \"pears\" ]; var alreadyHave = \"apples\"; for( var i = 0; i < fruit.length; i++){ if (! fruit[i] === alreadyHave) { fruit."},{"signatures":[],"areSignaturesLoading":true,"title":"Best way to find if an item is in a JavaScript array? [duplicate]","url":"https://stackoverflow.com/questions/143847/best-way-to-find-if-an-item-is-in-a-javascript-array","displayLink":"https://stackoverflow.com › questions › best-way-to-fin...","snippet":"Note that \"inArray\" is a misnomer, because it doesn't return boolean value - it returns index of first element found. So if you are checking if ...","extensions":["Sep 27, 2008","8 answers"]}],"events":[{"timestamp":"2022-11-18T00:23:53.242Z","url":"https://stackoverflow.com/questions/12462318/find-a-value-in-an-array-of-objects-in-javascript","component":"projection","action":"load","data":{"height":60,"width":423.01251220703125,"wc":25,"lc":1}},{"timestamp":"2022-11-18T00:23:53.242Z","url":"https://stackoverflow.com/questions/6116474/how-to-find-if-an-array-contains-a-specific-string-in-javascript-jquery","component":"projection","action":"load","data":{"height":60,"width":424.51251220703125,"wc":20,"lc":1}},{"timestamp":"2022-11-18T00:23:53.242Z","url":"https://stackoverflow.com/questions/52460473/find-object-with-specific-value-in-array","component":"projection","action":"load","data":{"height":60,"width":422.1125183105469,"wc":29,"lc":1}},{"timestamp":"2022-11-18T00:23:53.242Z","url":"https://stackoverflow.com/questions/13964155/get-javascript-object-from-array-of-objects-by-value-of-property","component":"projection","action":"load","data":{"height":38,"width":414.82501220703125,"wc":20,"lc":1}},{"timestamp":"2022-11-18T00:23:53.242Z","url":"https://stackoverflow.com/questions/7364150/find-object-by-id-in-an-array-of-javascript-objects","component":"projection","action":"load","data":{"height":38,"width":415.88751220703125,"wc":22,"lc":1}},{"timestamp":"2022-11-18T00:23:53.242Z","url":"https://stackoverflow.com/questions/52311150/find-all-matching-elements-with-in-an-array-of-objects","component":"projection","action":"load","data":{"height":38,"width":405.875,"wc":20,"lc":1}},{"timestamp":"2022-11-18T00:23:53.242Z","url":"https://stackoverflow.com/questions/237104/how-do-i-check-if-an-array-includes-a-value-in-javascript","component":"projection","action":"load","data":{"height":60,"width":421.875,"wc":33,"lc":1}},{"timestamp":"2022-11-18T00:23:53.242Z","url":"https://stackoverflow.com/questions/35206125/how-can-i-find-and-update-values-in-an-array-of-objects","component":"projection","action":"load","data":{"height":16,"width":291.8125,"wc":11,"lc":1}},{"timestamp":"2022-11-18T00:23:53.243Z","url":"https://stackoverflow.com/questions/57607836/find-an-item-in-array-and-get-whats-left","component":"projection","action":"load","data":{"height":60,"width":415.70001220703125,"wc":27,"lc":1}},{"timestamp":"2022-11-18T00:23:53.243Z","url":"https://stackoverflow.com/questions/143847/best-way-to-find-if-an-item-is-in-a-javascript-array","component":"projection","action":"load","data":{"height":60,"width":426.4125061035156,"wc":27,"lc":1}},{"timestamp":"2022-11-18T00:23:53.245Z","url":"https://stackoverflow.com/questions/6116474/how-to-find-if-an-array-contains-a-specific-string-in-javascript-jquery","component":"projection","action":"mouseenter"},{"timestamp":"2022-11-18T00:23:54.416Z","url":"https://stackoverflow.com/questions/12462318/find-a-value-in-an-array-of-objects-in-javascript","component":"projection","action":"loaded","data":"projection 10 of 10"},{"timestamp":"2022-11-18T00:23:54.416Z","url":"https://stackoverflow.com/questions/6116474/how-to-find-if-an-array-contains-a-specific-string-in-javascript-jquery","component":"projection","action":"loaded","data":"projection 9 of 10"},{"timestamp":"2022-11-18T00:23:54.416Z","url":"https://stackoverflow.com/questions/52460473/find-object-with-specific-value-in-array","component":"projection","action":"loaded","data":"projection 8 of 10"},{"timestamp":"2022-11-18T00:23:54.416Z","url":"https://stackoverflow.com/questions/13964155/get-javascript-object-from-array-of-objects-by-value-of-property","component":"projection","action":"loaded","data":"projection 7 of 10"},{"timestamp":"2022-11-18T00:23:54.416Z","url":"https://stackoverflow.com/questions/7364150/find-object-by-id-in-an-array-of-javascript-objects","component":"projection","action":"loaded","data":"projection 6 of 10"},{"timestamp":"2022-11-18T00:23:54.416Z","url":"https://stackoverflow.com/questions/52311150/find-all-matching-elements-with-in-an-array-of-objects","component":"projection","action":"loaded","data":"projection 5 of 10"},{"timestamp":"2022-11-18T00:23:54.416Z","url":"https://stackoverflow.com/questions/237104/how-do-i-check-if-an-array-includes-a-value-in-javascript","component":"projection","action":"loaded","data":"projection 4 of 10"},{"timestamp":"2022-11-18T00:23:54.416Z","url":"https://stackoverflow.com/questions/35206125/how-can-i-find-and-update-values-in-an-array-of-objects","component":"projection","action":"loaded","data":"projection 3 of 10"},{"timestamp":"2022-11-18T00:23:54.416Z","url":"https://stackoverflow.com/questions/57607836/find-an-item-in-array-and-get-whats-left","component":"projection","action":"loaded","data":"projection 2 of 10"},{"timestamp":"2022-11-18T00:23:54.416Z","url":"https://stackoverflow.com/questions/143847/best-way-to-find-if-an-item-is-in-a-javascript-array","component":"projection","action":"loaded","data":"projection 1 of 10"},{"timestamp":"2022-11-18T00:23:54.783Z","url":"https://stackoverflow.com/questions/6116474/how-to-find-if-an-array-contains-a-specific-string-in-javascript-jquery","component":"projection","action":"mouseleave"},{"timestamp":"2022-11-18T00:23:54.785Z","url":"https://stackoverflow.com/questions/12462318/find-a-value-in-an-array-of-objects-in-javascript","component":"projection","action":"mouseenter"},{"timestamp":"2022-11-18T00:23:56.445Z","url":"https://stackoverflow.com/questions/12462318/find-a-value-in-an-array-of-objects-in-javascript","component":"page","action":"open"},{"timestamp":"2022-11-18T00:23:56.491Z","url":"https://stackoverflow.com/questions/12462318/find-a-value-in-an-array-of-objects-in-javascript","component":"projection","action":"mouseleave"},{"timestamp":"2022-11-18T00:23:57.086Z","url":"https://stackoverflow.com/questions/12462318/find-a-value-in-an-array-of-objects-in-javascript","component":"page","action":"load"},{"timestamp":"2022-11-18T00:24:00.207Z","url":"https://stackoverflow.com/questions/12462318/find-a-value-in-an-array-of-objects-in-javascript","component":"page","action":"scroll","data":{"viewport":{"x":0,"y":408,"height":638,"width":452},"document":{"height":18686,"width":435},"question":{"identifier":"12462318","top":-266.95001220703125,"bottom":522.5999755859375,"right":419.20001220703125,"left":16,"width":403.20001220703125,"height":789.5499877929688},"answers":[{"identifier":"12462414","top":602.8875122070312,"bottom":1941.6124877929688,"right":419.20001220703125,"left":16,"width":403.20001220703125,"height":1338.7249755859375},{"identifier":"12462387","top":1941.612548828125,"bottom":2713.2625732421875,"right":419.20001220703125,"left":16,"width":403.20001220703125,"height":771.6500244140625},{"identifier":"38500417","top":2713.262451171875,"bottom":3700.4249877929688,"right":419.20001220703125,"left":16,"width":403.20001220703125,"height":987.1625366210938},{"identifier":"44048398","top":3700.425048828125,"bottom":4269.275085449219,"right":419.20001220703125,"left":16,"width":403.20001220703125,"height":568.8500366210938},{"identifier":"48718969","top":4269.27490234375,"bottom":5343.6248779296875,"right":419.20001220703125,"left":16,"width":403.20001220703125,"height":1074.3499755859375},{"identifier":"47790805","top":5343.625,"bottom":6066.887512207031,"right":419.20001220703125,"left":16,"width":403.20001220703125,"height":723.2625122070312},{"identifier":"43778799","top":6066.8876953125,"bottom":6819.337707519531,"right":419.20001220703125,"left":16,"width":403.20001220703125,"height":752.4500122070312},{"identifier":"12462406","top":6819.33740234375,"bottom":7417.199890136719,"right":419.20001220703125,"left":16,"width":403.20001220703125,"height":597.8624877929688},{"identifier":"31748358","top":7417.2001953125,"bottom":8072.062683105469,"right":419.20001220703125,"left":16,"width":403.20001220703125,"height":654.8624877929688},{"identifier":"47194061","top":8072.0625,"bottom":8433.225006103516,"right":419.20001220703125,"left":16,"width":403.20001220703125,"height":361.1625061035156},{"identifier":"33097318","top":8433.2255859375,"bottom":11334.1630859375,"right":419.20001220703125,"left":16,"width":403.20001220703125,"height":2900.9375},{"identifier":"12462347","top":11334.1630859375,"bottom":11983.9130859375,"right":419.20001220703125,"left":16,"width":403.20001220703125,"height":649.75},{"identifier":"37735967","top":11983.9130859375,"bottom":12290.575592041016,"right":419.20001220703125,"left":16,"width":403.20001220703125,"height":306.6625061035156},{"identifier":"33825763","top":12290.5751953125,"bottom":12777.425201416016,"right":419.20001220703125,"left":16,"width":403.20001220703125,"height":486.8500061035156},{"identifier":"24263355","top":12777.4248046875,"bottom":13124.087310791016,"right":419.20001220703125,"left":16,"width":403.20001220703125,"height":346.6625061035156},{"identifier":"42891511","top":13124.087890625,"bottom":14256.237915039062,"right":419.20001220703125,"left":16,"width":403.20001220703125,"height":1132.1500244140625},{"identifier":"37489965","top":14256.2373046875,"bottom":14469.499801635742,"right":419.20001220703125,"left":16,"width":403.20001220703125,"height":213.2624969482422},{"identifier":"38786112","top":14469.5,"bottom":15269.0625,"right":419.20001220703125,"left":16,"width":403.20001220703125,"height":799.5625},{"identifier":"27443358","top":15269.0625,"bottom":15633.125,"right":419.20001220703125,"left":16,"width":403.20001220703125,"height":364.0625},{"identifier":"45355935","top":15633.125,"bottom":16225.6875,"right":419.20001220703125,"left":16,"width":403.20001220703125,"height":592.5625}]}},{"timestamp":"2022-11-18T00:24:01.848Z","url":"https://stackoverflow.com/questions/12462318/find-a-value-in-an-array-of-objects-in-javascript","component":"page","action":"scroll","data":{"viewport":{"x":0,"y":516.7999877929688,"height":638,"width":452},"document":{"height":18686,"width":435},"question":{"identifier":"12462318","top":-375.75,"bottom":413.79998779296875,"right":419.20001220703125,"left":16,"width":403.20001220703125,"height":789.5499877929688},"answers":[{"identifier":"12462414","top":494.0874938964844,"bottom":1832.8124694824219,"right":419.20001220703125,"left":16,"width":403.20001220703125,"height":1338.7249755859375},{"identifier":"12462387","top":1832.8125,"bottom":2604.4625244140625,"right":419.20001220703125,"left":16,"width":403.20001220703125,"height":771.6500244140625},{"identifier":"38500417","top":2604.462646484375,"bottom":3591.6251831054688,"right":419.20001220703125,"left":16,"width":403.20001220703125,"height":987.1625366210938},{"identifier":"44048398","top":3591.625,"bottom":4160.475036621094,"right":419.20001220703125,"left":16,"width":403.20001220703125,"height":568.8500366210938},{"identifier":"48718969","top":4160.47509765625,"bottom":5234.8250732421875,"right":419.20001220703125,"left":16,"width":403.20001220703125,"height":1074.3499755859375},{"identifier":"47790805","top":5234.8251953125,"bottom":5958.087707519531,"right":419.20001220703125,"left":16,"width":403.20001220703125,"height":723.2625122070312},{"identifier":"43778799","top":5958.08740234375,"bottom":6710.537414550781,"right":419.20001220703125,"left":16,"width":403.20001220703125,"height":752.4500122070312},{"identifier":"12462406","top":6710.53759765625,"bottom":7308.400085449219,"right":419.20001220703125,"left":16,"width":403.20001220703125,"height":597.8624877929688},{"identifier":"31748358","top":7308.39990234375,"bottom":7963.262390136719,"right":419.20001220703125,"left":16,"width":403.20001220703125,"height":654.8624877929688},{"identifier":"47194061","top":7963.2626953125,"bottom":8324.425201416016,"right":419.20001220703125,"left":16,"width":403.20001220703125,"height":361.1625061035156},{"identifier":"33097318","top":8324.4248046875,"bottom":11225.3623046875,"right":419.20001220703125,"left":16,"width":403.20001220703125,"height":2900.9375},{"identifier":"12462347","top":11225.3623046875,"bottom":11875.1123046875,"right":419.20001220703125,"left":16,"width":403.20001220703125,"height":649.75},{"identifier":"37735967","top":11875.1123046875,"bottom":12181.774810791016,"right":419.20001220703125,"left":16,"width":403.20001220703125,"height":306.6625061035156},{"identifier":"33825763","top":12181.775390625,"bottom":12668.625396728516,"right":419.20001220703125,"left":16,"width":403.20001220703125,"height":486.8500061035156},{"identifier":"24263355","top":12668.625,"bottom":13015.287506103516,"right":419.20001220703125,"left":16,"width":403.20001220703125,"height":346.6625061035156},{"identifier":"42891511","top":13015.2880859375,"bottom":14147.438110351562,"right":419.20001220703125,"left":16,"width":403.20001220703125,"height":1132.1500244140625},{"identifier":"37489965","top":14147.4375,"bottom":14360.699996948242,"right":419.20001220703125,"left":16,"width":403.20001220703125,"height":213.2624969482422},{"identifier":"38786112","top":14360.7001953125,"bottom":15160.2626953125,"right":419.20001220703125,"left":16,"width":403.20001220703125,"height":799.5625},{"identifier":"27443358","top":15160.2626953125,"bottom":15524.3251953125,"right":419.20001220703125,"left":16,"width":403.20001220703125,"height":364.0625},{"identifier":"45355935","top":15524.3251953125,"bottom":16116.8876953125,"right":419.20001220703125,"left":16,"width":403.20001220703125,"height":592.5625}]}},{"timestamp":"2022-11-18T00:24:04.451Z","url":"https://stackoverflow.com/questions/12462318/find-a-value-in-an-array-of-objects-in-javascript","component":"page","action":"scroll","data":{"viewport":{"x":0,"y":768,"height":638,"width":452},"document":{"height":18686,"width":435},"question":{"identifier":"12462318","top":-626.9500122070312,"bottom":162.5999755859375,"right":419.20001220703125,"left":16,"width":403.20001220703125,"height":789.5499877929688},"answers":[{"identifier":"12462414","top":242.8874969482422,"bottom":1581.6124725341797,"right":419.20001220703125,"left":16,"width":403.20001220703125,"height":1338.7249755859375},{"identifier":"12462387","top":1581.612548828125,"bottom":2353.2625732421875,"right":419.20001220703125,"left":16,"width":403.20001220703125,"height":771.6500244140625},{"identifier":"38500417","top":2353.262451171875,"bottom":3340.4249877929688,"right":419.20001220703125,"left":16,"width":403.20001220703125,"height":987.1625366210938},{"identifier":"44048398","top":3340.425048828125,"bottom":3909.2750854492188,"right":419.20001220703125,"left":16,"width":403.20001220703125,"height":568.8500366210938},{"identifier":"48718969","top":3909.275146484375,"bottom":4983.6251220703125,"right":419.20001220703125,"left":16,"width":403.20001220703125,"height":1074.3499755859375},{"identifier":"47790805","top":4983.625,"bottom":5706.887512207031,"right":419.20001220703125,"left":16,"width":403.20001220703125,"height":723.2625122070312},{"identifier":"43778799","top":5706.8876953125,"bottom":6459.337707519531,"right":419.20001220703125,"left":16,"width":403.20001220703125,"height":752.4500122070312},{"identifier":"12462406","top":6459.33740234375,"bottom":7057.199890136719,"right":419.20001220703125,"left":16,"width":403.20001220703125,"height":597.8624877929688},{"identifier":"31748358","top":7057.2001953125,"bottom":7712.062683105469,"right":419.20001220703125,"left":16,"width":403.20001220703125,"height":654.8624877929688},{"identifier":"47194061","top":7712.0625,"bottom":8073.225006103516,"right":419.20001220703125,"left":16,"width":403.20001220703125,"height":361.1625061035156},{"identifier":"33097318","top":8073.22509765625,"bottom":10974.16259765625,"right":419.20001220703125,"left":16,"width":403.20001220703125,"height":2900.9375},{"identifier":"12462347","top":10974.1630859375,"bottom":11623.9130859375,"right":419.20001220703125,"left":16,"width":403.20001220703125,"height":649.75},{"identifier":"37735967","top":11623.9130859375,"bottom":11930.575592041016,"right":419.20001220703125,"left":16,"width":403.20001220703125,"height":306.6625061035156},{"identifier":"33825763","top":11930.5751953125,"bottom":12417.425201416016,"right":419.20001220703125,"left":16,"width":403.20001220703125,"height":486.8500061035156},{"identifier":"24263355","top":12417.4248046875,"bottom":12764.087310791016,"right":419.20001220703125,"left":16,"width":403.20001220703125,"height":346.6625061035156},{"identifier":"42891511","top":12764.087890625,"bottom":13896.237915039062,"right":419.20001220703125,"left":16,"width":403.20001220703125,"height":1132.1500244140625},{"identifier":"37489965","top":13896.2373046875,"bottom":14109.499801635742,"right":419.20001220703125,"left":16,"width":403.20001220703125,"height":213.2624969482422},{"identifier":"38786112","top":14109.5,"bottom":14909.0625,"right":419.20001220703125,"left":16,"width":403.20001220703125,"height":799.5625},{"identifier":"27443358","top":14909.0625,"bottom":15273.125,"right":419.20001220703125,"left":16,"width":403.20001220703125,"height":364.0625},{"identifier":"45355935","top":15273.125,"bottom":15865.6875,"right":419.20001220703125,"left":16,"width":403.20001220703125,"height":592.5625}]}},{"timestamp":"2022-11-18T00:24:05.507Z","url":"https://stackoverflow.com/questions/12462318/find-a-value-in-an-array-of-objects-in-javascript","component":"page","action":"scroll","data":{"viewport":{"x":0,"y":804,"height":638,"width":452},"document":{"height":18686,"width":435},"question":{"identifier":"12462318","top":-662.9500122070312,"bottom":126.5999755859375,"right":419.20001220703125,"left":16,"width":403.20001220703125,"height":789.5499877929688},"answers":[{"identifier":"12462414","top":206.8874969482422,"bottom":1545.6124725341797,"right":419.20001220703125,"left":16,"width":403.20001220703125,"height":1338.7249755859375},{"identifier":"12462387","top":1545.612548828125,"bottom":2317.2625732421875,"right":419.20001220703125,"left":16,"width":403.20001220703125,"height":771.6500244140625},{"identifier":"38500417","top":2317.262451171875,"bottom":3304.4249877929688,"right":419.20001220703125,"left":16,"width":403.20001220703125,"height":987.1625366210938},{"identifier":"44048398","top":3304.425048828125,"bottom":3873.2750854492188,"right":419.20001220703125,"left":16,"width":403.20001220703125,"height":568.8500366210938},{"identifier":"48718969","top":3873.275146484375,"bottom":4947.6251220703125,"right":419.20001220703125,"left":16,"width":403.20001220703125,"height":1074.3499755859375},{"identifier":"47790805","top":4947.625,"bottom":5670.887512207031,"right":419.20001220703125,"left":16,"width":403.20001220703125,"height":723.2625122070312},{"identifier":"43778799","top":5670.8876953125,"bottom":6423.337707519531,"right":419.20001220703125,"left":16,"width":403.20001220703125,"height":752.4500122070312},{"identifier":"12462406","top":6423.33740234375,"bottom":7021.199890136719,"right":419.20001220703125,"left":16,"width":403.20001220703125,"height":597.8624877929688},{"identifier":"31748358","top":7021.2001953125,"bottom":7676.062683105469,"right":419.20001220703125,"left":16,"width":403.20001220703125,"height":654.8624877929688},{"identifier":"47194061","top":7676.0625,"bottom":8037.225006103516,"right":419.20001220703125,"left":16,"width":403.20001220703125,"height":361.1625061035156},{"identifier":"33097318","top":8037.22509765625,"bottom":10938.16259765625,"right":419.20001220703125,"left":16,"width":403.20001220703125,"height":2900.9375},{"identifier":"12462347","top":10938.1630859375,"bottom":11587.9130859375,"right":419.20001220703125,"left":16,"width":403.20001220703125,"height":649.75},{"identifier":"37735967","top":11587.9130859375,"bottom":11894.575592041016,"right":419.20001220703125,"left":16,"width":403.20001220703125,"height":306.6625061035156},{"identifier":"33825763","top":11894.5751953125,"bottom":12381.425201416016,"right":419.20001220703125,"left":16,"width":403.20001220703125,"height":486.8500061035156},{"identifier":"24263355","top":12381.4248046875,"bottom":12728.087310791016,"right":419.20001220703125,"left":16,"width":403.20001220703125,"height":346.6625061035156},{"identifier":"42891511","top":12728.087890625,"bottom":13860.237915039062,"right":419.20001220703125,"left":16,"width":403.20001220703125,"height":1132.1500244140625},{"identifier":"37489965","top":13860.2373046875,"bottom":14073.499801635742,"right":419.20001220703125,"left":16,"width":403.20001220703125,"height":213.2624969482422},{"identifier":"38786112","top":14073.5,"bottom":14873.0625,"right":419.20001220703125,"left":16,"width":403.20001220703125,"height":799.5625},{"identifier":"27443358","top":14873.0625,"bottom":15237.125,"right":419.20001220703125,"left":16,"width":403.20001220703125,"height":364.0625},{"identifier":"45355935","top":15237.125,"bottom":15829.6875,"right":419.20001220703125,"left":16,"width":403.20001220703125,"height":592.5625}]}}]}]}