{"trialId":"87190_1","taskId":"serve","appEvents":[{"timestamp":"2022-11-18T00:28:57.615Z","name":"resize","data":{"height":698,"width":456}},{"timestamp":"2022-11-18T00:29:04.336Z","name":"search","data":"search-start"},{"timestamp":"2022-11-18T00:29:12.212Z","name":"search","data":"search-done"},{"timestamp":"2022-11-18T00:29:36.905Z","name":"resize","data":{"height":0,"width":0}},{"timestamp":"2022-11-18T00:31:16.204Z","name":"resize","data":{"height":698,"width":456}}],"searches":[{"keywords":["add","static","route"],"context":{"tokens":[{"kind":"library","value":"express"},{"kind":"library","value":"path"},{"kind":"language","value":"javascript"}]},"timestamp":"2022-11-18T00:29:04.334Z","results":[{"signatures":[{"answerKeywords":["route","route","express","static","route","express","static","static","express","static","static","express","static","express","static","route","static","static","route","route","static","route","route","route","route","route","express","static","express","route","express","route","static","route","static"],"answerWordCount":1965,"text":"use(string, unknown)","parentType":"any","name":"use","arguments":[{"type":"string"},{"type":"any"}],"returnType":"any","usage":"app.use('/', router)","definition":"","source":"app.use('/', router);\napp.use(express.static(__dirname + '/public'));\n\napp.use(express.static(__dirname + '/public/html'));\napp.use(express.static(__dirname + '/public'));\napp.use('/', router);\n","answerId":"28143812","answerUrl":"https://stackoverflow.com/a/28143812","voteCount":22,"isAccepted":true,"lastModified":"2015-01-26T02:08:44.000Z"},{"answerKeywords":["route","route","express","static","route","express","static","static","express","static","static","express","static","express","static","route","static","static","route","route","static","route","route","route","route","route","express","static","express","route","express","route","static","route","static"],"answerWordCount":1965,"text":"use(unknown)","parentType":"any","name":"use","arguments":[{"type":"any"}],"returnType":"any","usage":"app.use(express.static(__dirname + '/public'))","definition":"","source":"app.use('/', router);\napp.use(express.static(__dirname + '/public'));\n\napp.use(express.static(__dirname + '/public/html'));\napp.use(express.static(__dirname + '/public'));\napp.use('/', router);\n","answerId":"28143812","answerUrl":"https://stackoverflow.com/a/28143812","voteCount":22,"isAccepted":true,"lastModified":"2015-01-26T02:08:44.000Z"},{"answerKeywords":["route","route","express","static","route","express","static","static","express","static","static","express","static","express","static","route","static","static","route","route","static","route","route","route","route","route","express","static","express","route","express","route","static","route","static"],"answerWordCount":1965,"text":"static(string)","parentType":"any","name":"static","arguments":[{"type":"string"}],"returnType":"any","usage":"express.static(__dirname + '/public')","definition":"","source":"app.use('/', router);\napp.use(express.static(__dirname + '/public'));\n\napp.use(express.static(__dirname + '/public/html'));\napp.use(express.static(__dirname + '/public'));\napp.use('/', router);\n","answerId":"28143812","answerUrl":"https://stackoverflow.com/a/28143812","voteCount":22,"isAccepted":true,"lastModified":"2015-01-26T02:08:44.000Z"},{"answerKeywords":["route","route","express","static","route","express","static","static","express","static","static","express","static","express","static","route","static","static","route","route","static","route","route","route","route","route","express","static","express","route","express","route","static","route","static"],"answerWordCount":1965,"text":"use(unknown)","parentType":"any","name":"use","arguments":[{"type":"any"}],"returnType":"any","usage":"app.use(express.static(__dirname + '/public/html'))","definition":"","source":"app.use('/', router);\napp.use(express.static(__dirname + '/public'));\n\napp.use(express.static(__dirname + '/public/html'));\napp.use(express.static(__dirname + '/public'));\napp.use('/', router);\n","answerId":"28143812","answerUrl":"https://stackoverflow.com/a/28143812","voteCount":22,"isAccepted":true,"lastModified":"2015-01-26T02:08:44.000Z"},{"answerKeywords":["route","route","express","static","route","express","static","static","express","static","static","express","static","express","static","route","static","static","route","route","static","route","route","route","route","route","express","static","express","route","express","route","static","route","static"],"answerWordCount":1965,"text":"static(string)","parentType":"any","name":"static","arguments":[{"type":"string"}],"returnType":"any","usage":"express.static(__dirname + '/public/html')","definition":"","source":"app.use('/', router);\napp.use(express.static(__dirname + '/public'));\n\napp.use(express.static(__dirname + '/public/html'));\napp.use(express.static(__dirname + '/public'));\napp.use('/', router);\n","answerId":"28143812","answerUrl":"https://stackoverflow.com/a/28143812","voteCount":22,"isAccepted":true,"lastModified":"2015-01-26T02:08:44.000Z"},{"answerKeywords":["route","route","express","static","route","express","static","static","express","static","static","express","static","express","static","route","static","static","route","route","static","route","route","route","route","route","express","static","express","route","express","route","static","route","static"],"answerWordCount":1965,"text":"use(unknown)","parentType":"any","name":"use","arguments":[{"type":"any"}],"returnType":"any","usage":"app.use(express.static(__dirname + '/public'))","definition":"","source":"app.use('/', router);\napp.use(express.static(__dirname + '/public'));\n\napp.use(express.static(__dirname + '/public/html'));\napp.use(express.static(__dirname + '/public'));\napp.use('/', router);\n","answerId":"28143812","answerUrl":"https://stackoverflow.com/a/28143812","voteCount":22,"isAccepted":true,"lastModified":"2015-01-26T02:08:44.000Z"},{"answerKeywords":["route","route","express","static","route","express","static","static","express","static","static","express","static","express","static","route","static","static","route","route","static","route","route","route","route","route","express","static","express","route","express","route","static","route","static"],"answerWordCount":1965,"text":"static(string)","parentType":"any","name":"static","arguments":[{"type":"string"}],"returnType":"any","usage":"express.static(__dirname + '/public')","definition":"","source":"app.use('/', router);\napp.use(express.static(__dirname + '/public'));\n\napp.use(express.static(__dirname + '/public/html'));\napp.use(express.static(__dirname + '/public'));\napp.use('/', router);\n","answerId":"28143812","answerUrl":"https://stackoverflow.com/a/28143812","voteCount":22,"isAccepted":true,"lastModified":"2015-01-26T02:08:44.000Z"},{"answerKeywords":["route","route","express","static","route","express","static","static","express","static","static","express","static","express","static","route","static","static","route","route","static","route","route","route","route","route","express","static","express","route","express","route","static","route","static"],"answerWordCount":1965,"text":"use(string, unknown)","parentType":"any","name":"use","arguments":[{"type":"string"},{"type":"any"}],"returnType":"any","usage":"app.use('/', router)","definition":"","source":"app.use('/', router);\napp.use(express.static(__dirname + '/public'));\n\napp.use(express.static(__dirname + '/public/html'));\napp.use(express.static(__dirname + '/public'));\napp.use('/', router);\n","answerId":"28143812","answerUrl":"https://stackoverflow.com/a/28143812","voteCount":22,"isAccepted":true,"lastModified":"2015-01-26T02:08:44.000Z"}],"areSignaturesLoading":false,"title":"node.js - `express.static()` keeps routing my files from the route","snippet":"1 Answer 1 ... app.use('/', router); app.use(express.static(__dirname + '/public'));. means your router will be called first and, if no middleware ...","url":"https://stackoverflow.com/questions/28143419/express-static-keeps-routing-my-files-from-the-route","displayLink":"https://stackoverflow.com › questions › express-static-k...","snippetHighlightWords":["express","static"],"date":"Jan 26, 2015"},{"signatures":[],"areSignaturesLoading":false,"title":"How to serve static files to different routes in Express?","snippet":"It's got to do with relative path. With express it's safer to use absolute path. After your route goes one level deep, the html file which ...","url":"https://stackoverflow.com/questions/55853857/how-to-serve-static-files-to-different-routes-in-express","displayLink":"https://stackoverflow.com › questions › how-to-serve-st...","snippetHighlightWords":["path","express","path","route"],"date":"Apr 25, 2019 1 answer"},{"signatures":[{"answerKeywords":["route","static","path","static","path","route"],"answerWordCount":1025,"text":"get(string, unknown)","parentType":"any","name":"get","arguments":[{"type":"string"},{"type":"any"}],"returnType":"any","usage":"app.get('/xyz/api/user', authApi.user)","definition":"","source":"app.get('/xyz/api/user', authApi.user);\napp.use('/xyz/',Express.static(path.join(__dirname,'/app')));\n","answerId":"42977199","answerUrl":"https://stackoverflow.com/a/42977199","voteCount":2,"isAccepted":true,"lastModified":"2017-03-23T13:17:14.000Z"},{"answerKeywords":["route","static","path","static","path","route"],"answerWordCount":1025,"text":"use(string, unknown)","parentType":"any","name":"use","arguments":[{"type":"string"},{"type":"any"}],"returnType":"any","usage":"app.use('/xyz/',Express.static(path.join(__dirname,'/app')))","definition":"","source":"app.get('/xyz/api/user', authApi.user);\napp.use('/xyz/',Express.static(path.join(__dirname,'/app')));\n","answerId":"42977199","answerUrl":"https://stackoverflow.com/a/42977199","voteCount":2,"isAccepted":true,"lastModified":"2017-03-23T13:17:14.000Z"},{"answerKeywords":["route","static","path","static","path","route"],"answerWordCount":1025,"text":"static(unknown)","parentType":"any","name":"static","arguments":[{"type":"any"}],"returnType":"any","usage":"Express.static(path.join(__dirname,'/app'))","definition":"","source":"app.get('/xyz/api/user', authApi.user);\napp.use('/xyz/',Express.static(path.join(__dirname,'/app')));\n","answerId":"42977199","answerUrl":"https://stackoverflow.com/a/42977199","voteCount":2,"isAccepted":true,"lastModified":"2017-03-23T13:17:14.000Z"},{"answerKeywords":["route","static","path","static","path","route"],"answerWordCount":1025,"text":"join(unknown, string)","parentType":"any","name":"join","arguments":[{"type":"any"},{"type":"string"}],"returnType":"any","usage":"path.join(__dirname,'/app')","definition":"","source":"app.get('/xyz/api/user', authApi.user);\napp.use('/xyz/',Express.static(path.join(__dirname,'/app')));\n","answerId":"42977199","answerUrl":"https://stackoverflow.com/a/42977199","voteCount":2,"isAccepted":true,"lastModified":"2017-03-23T13:17:14.000Z"}],"areSignaturesLoading":false,"title":"Express serving static files and routing - Stack Overflow","snippet":"I am using express js My root path is ...","url":"https://stackoverflow.com/questions/42977068/express-serving-static-files-and-routing","displayLink":"https://stackoverflow.com › questions › express-serving...","snippetHighlightWords":["express js","path"],"date":"Mar 23, 2017"},{"signatures":[],"areSignaturesLoading":false,"title":"Node Express force all static routes to point to root path","snippet":"I have a node.js application that I am trying to genericize so that no matter the URL on the back end it always uses the root path to serve ...","url":"https://stackoverflow.com/questions/58081749/node-express-force-all-static-routes-to-point-to-root-path","displayLink":"https://stackoverflow.com › questions › node-express-f...","snippetHighlightWords":["node","js","path"],"date":"Sep 24, 2019"},{"signatures":[{"answerKeywords":["route","path","path"],"answerWordCount":974,"text":"use(function)","parentType":"any","name":"use","arguments":[{"type":"(req: any, res: any, next: any) => void"}],"returnType":"any","usage":"app.use(requestParser)","definition":"","source":"var requestParser = function(req, res, next) {\n    if(req.originalUrl.indexOf('/assets/') >= 0) {\n        var assetPath = path.join(wwwPath,  req.path.slice(req.url.indexOf('/assets/')));\n        fs.stat(assetPath, function(error, stat){\n            if(stat && stat.isFile()) {\n                res.sendFile(assetPath);\n            }\n            else{ \n                res.status(404).send('<h1>404</h1>');\n            }\n        });\n    }\n    else {\n        next();\n    }\n};\n\napp.use(requestParser);\n\napp.use('/list/*', function(req, res, next) {\n    res.sendFile('schema.html', { root: wwwPath });\n});\n\napp.use('/setup/*', function(req, res, next) {\n    res.sendFile('setup.html', { root: wwwPath });\n});\n","answerId":"36403370","answerUrl":"https://stackoverflow.com/a/36403370","voteCount":0,"isAccepted":true,"lastModified":"2016-04-04T12:58:11.000Z"},{"answerKeywords":["route","path","path"],"answerWordCount":974,"text":"use(string, function)","parentType":"any","name":"use","arguments":[{"type":"string"},{"type":"(req: any, res: any, next: any) => void"}],"returnType":"any","usage":"app.use('/list/*', function(req, res, next) {\n    res.sendFile('schema.html', { root: wwwPath });\n})","definition":"","source":"var requestParser = function(req, res, next) {\n    if(req.originalUrl.indexOf('/assets/') >= 0) {\n        var assetPath = path.join(wwwPath,  req.path.slice(req.url.indexOf('/assets/')));\n        fs.stat(assetPath, function(error, stat){\n            if(stat && stat.isFile()) {\n                res.sendFile(assetPath);\n            }\n            else{ \n                res.status(404).send('<h1>404</h1>');\n            }\n        });\n    }\n    else {\n        next();\n    }\n};\n\napp.use(requestParser);\n\napp.use('/list/*', function(req, res, next) {\n    res.sendFile('schema.html', { root: wwwPath });\n});\n\napp.use('/setup/*', function(req, res, next) {\n    res.sendFile('setup.html', { root: wwwPath });\n});\n","answerId":"36403370","answerUrl":"https://stackoverflow.com/a/36403370","voteCount":0,"isAccepted":true,"lastModified":"2016-04-04T12:58:11.000Z"},{"answerKeywords":["route","path","path"],"answerWordCount":974,"text":"use(string, function)","parentType":"any","name":"use","arguments":[{"type":"string"},{"type":"(req: any, res: any, next: any) => void"}],"returnType":"any","usage":"app.use('/setup/*', function(req, res, next) {\n    res.sendFile('setup.html', { root: wwwPath });\n})","definition":"","source":"var requestParser = function(req, res, next) {\n    if(req.originalUrl.indexOf('/assets/') >= 0) {\n        var assetPath = path.join(wwwPath,  req.path.slice(req.url.indexOf('/assets/')));\n        fs.stat(assetPath, function(error, stat){\n            if(stat && stat.isFile()) {\n                res.sendFile(assetPath);\n            }\n            else{ \n                res.status(404).send('<h1>404</h1>');\n            }\n        });\n    }\n    else {\n        next();\n    }\n};\n\napp.use(requestParser);\n\napp.use('/list/*', function(req, res, next) {\n    res.sendFile('schema.html', { root: wwwPath });\n});\n\napp.use('/setup/*', function(req, res, next) {\n    res.sendFile('setup.html', { root: wwwPath });\n});\n","answerId":"36403370","answerUrl":"https://stackoverflow.com/a/36403370","voteCount":0,"isAccepted":true,"lastModified":"2016-04-04T12:58:11.000Z"}],"areSignaturesLoading":false,"title":"Static routing in node express - Stack Overflow","snippet":"Im using a set of static routes in Node Express and are experiencing a very strange phenomenon. The routing is set up so that '/list/*' and '/ ...","url":"https://stackoverflow.com/questions/36395563/static-routing-in-node-express","displayLink":"https://stackoverflow.com › questions › static-routing-in...","snippetHighlightWords":["static routes","Node Express","routing"],"date":"Apr 4, 2016"},{"signatures":[{"answerKeywords":["add","express","static","route","express","static"],"answerWordCount":1186,"text":"use(string, function)","parentType":"any","name":"use","arguments":[{"type":"string"},{"type":"(req: any, res: any, next: any) => void"}],"returnType":"any","usage":"app.use('/', function(req,res,next){\n    if(condition){\n        req.url = newURL // add something to lead to different directory\n    }\n    next();\n})","definition":"","source":"app.use('/', function(req,res,next){\n    if(condition){\n        req.url = newURL // add something to lead to different directory\n    }\n    next();\n});\n\napp.use('/', express.static(__dirname + '/public/'));\n// then i start the server\nhttp.createServer(app).listen(port, function() {\n    console.log('HTTP Express server listening on port %s', port);\n});\n","answerId":"32545009","answerUrl":"https://stackoverflow.com/a/32545009","voteCount":3,"isAccepted":false,"lastModified":"2018-12-14T04:10:50.000Z"},{"answerKeywords":["add","express","static","route","express","static"],"answerWordCount":1186,"text":"use(string, unknown)","parentType":"any","name":"use","arguments":[{"type":"string"},{"type":"any"}],"returnType":"any","usage":"app.use('/', express.static(__dirname + '/public/'))","definition":"","source":"app.use('/', function(req,res,next){\n    if(condition){\n        req.url = newURL // add something to lead to different directory\n    }\n    next();\n});\n\napp.use('/', express.static(__dirname + '/public/'));\n// then i start the server\nhttp.createServer(app).listen(port, function() {\n    console.log('HTTP Express server listening on port %s', port);\n});\n","answerId":"32545009","answerUrl":"https://stackoverflow.com/a/32545009","voteCount":3,"isAccepted":false,"lastModified":"2018-12-14T04:10:50.000Z"},{"answerKeywords":["add","express","static","route","express","static"],"answerWordCount":1186,"text":"static(string)","parentType":"any","name":"static","arguments":[{"type":"string"}],"returnType":"any","usage":"express.static(__dirname + '/public/')","definition":"","source":"app.use('/', function(req,res,next){\n    if(condition){\n        req.url = newURL // add something to lead to different directory\n    }\n    next();\n});\n\napp.use('/', express.static(__dirname + '/public/'));\n// then i start the server\nhttp.createServer(app).listen(port, function() {\n    console.log('HTTP Express server listening on port %s', port);\n});\n","answerId":"32545009","answerUrl":"https://stackoverflow.com/a/32545009","voteCount":3,"isAccepted":false,"lastModified":"2018-12-14T04:10:50.000Z"},{"answerKeywords":["add","express","static","route","express","static"],"answerWordCount":1186,"text":"listen(unknown, function)","parentType":"any","name":"listen","arguments":[{"type":"any"},{"type":"() => void"}],"returnType":"any","usage":"http.createServer(app).listen(port, function() {\n    console.log('HTTP Express server listening on port %s', port);\n})","definition":"","source":"app.use('/', function(req,res,next){\n    if(condition){\n        req.url = newURL // add something to lead to different directory\n    }\n    next();\n});\n\napp.use('/', express.static(__dirname + '/public/'));\n// then i start the server\nhttp.createServer(app).listen(port, function() {\n    console.log('HTTP Express server listening on port %s', port);\n});\n","answerId":"32545009","answerUrl":"https://stackoverflow.com/a/32545009","voteCount":3,"isAccepted":false,"lastModified":"2018-12-14T04:10:50.000Z"},{"answerKeywords":["add","express","static","route","express","static"],"answerWordCount":1186,"text":"createServer(unknown)","parentType":"any","name":"createServer","arguments":[{"type":"any"}],"returnType":"any","usage":"http.createServer(app)","definition":"","source":"app.use('/', function(req,res,next){\n    if(condition){\n        req.url = newURL // add something to lead to different directory\n    }\n    next();\n});\n\napp.use('/', express.static(__dirname + '/public/'));\n// then i start the server\nhttp.createServer(app).listen(port, function() {\n    console.log('HTTP Express server listening on port %s', port);\n});\n","answerId":"32545009","answerUrl":"https://stackoverflow.com/a/32545009","voteCount":3,"isAccepted":false,"lastModified":"2018-12-14T04:10:50.000Z"},{"answerKeywords":["express","static","path","path","express","express","express","path","express","static","static","path","express","static","static"],"answerWordCount":982,"text":"express()","name":"express","arguments":[],"returnType":"any","usage":"const app = express();","definition":"","source":"const path = require('path');\nconst express = require('express');\nconst app = express();\n\n// Dynamic path, but only match asset at specific segment.\napp.use('/website/:foo/:bar/:asset', (req, res, next) => {\n  req.url = req.params.asset;\n  express.static(__dirname + '/static')(req, res, next);\n});         \n\n// Just the asset.\napp.use('/website/*', (req, res, next) => {\n  req.url = path.basename(req.originalUrl);\n  express.static(__dirname + '/static')(req, res, next);\n});\n","answerId":"57900666","answerUrl":"https://stackoverflow.com/a/57900666","voteCount":2,"isAccepted":false,"lastModified":"2019-09-12T22:02:48.000Z"},{"answerKeywords":["express","static","path","path","express","express","express","path","express","static","static","path","express","static","static"],"answerWordCount":982,"text":"use(string, function)","parentType":"any","name":"use","arguments":[{"type":"string"},{"type":"(req: any, res: any, next: any) => void"}],"returnType":"any","usage":"app.use('/website/:foo/:bar/:asset', (req, res, next) => {\n  req.url = req.params.asset;\n  express.static(__dirname + '/static')(req, res, next);\n})","definition":"const app = express();","source":"const path = require('path');\nconst express = require('express');\nconst app = express();\n\n// Dynamic path, but only match asset at specific segment.\napp.use('/website/:foo/:bar/:asset', (req, res, next) => {\n  req.url = req.params.asset;\n  express.static(__dirname + '/static')(req, res, next);\n});         \n\n// Just the asset.\napp.use('/website/*', (req, res, next) => {\n  req.url = path.basename(req.originalUrl);\n  express.static(__dirname + '/static')(req, res, next);\n});\n","answerId":"57900666","answerUrl":"https://stackoverflow.com/a/57900666","voteCount":2,"isAccepted":false,"lastModified":"2019-09-12T22:02:48.000Z"},{"answerKeywords":["express","static","path","path","express","express","express","path","express","static","static","path","express","static","static"],"answerWordCount":982,"text":"use(string, function)","parentType":"any","name":"use","arguments":[{"type":"string"},{"type":"(req: any, res: any, next: any) => void"}],"returnType":"any","usage":"app.use('/website/*', (req, res, next) => {\n  req.url = path.basename(req.originalUrl);\n  express.static(__dirname + '/static')(req, res, next);\n})","definition":"const app = express();","source":"const path = require('path');\nconst express = require('express');\nconst app = express();\n\n// Dynamic path, but only match asset at specific segment.\napp.use('/website/:foo/:bar/:asset', (req, res, next) => {\n  req.url = req.params.asset;\n  express.static(__dirname + '/static')(req, res, next);\n});         \n\n// Just the asset.\napp.use('/website/*', (req, res, next) => {\n  req.url = path.basename(req.originalUrl);\n  express.static(__dirname + '/static')(req, res, next);\n});\n","answerId":"57900666","answerUrl":"https://stackoverflow.com/a/57900666","voteCount":2,"isAccepted":false,"lastModified":"2019-09-12T22:02:48.000Z"},{"answerKeywords":["express","static","express","static","express","static","path"],"answerWordCount":853,"text":"get(string, function)","parentType":"any","name":"get","arguments":[{"type":"string"},{"type":"(req: any, res: any, next: any) => void"}],"returnType":"any","usage":"app.get('/', (req, res, next) => {\n    if (condition) {\n        express.static(__dirname + '/public/')(req, res, next);\n    } else {\n        express.static(__dirname + '/public/someotherpath')(req, res, next);\n    }\n})","definition":"","source":"app.get('/', (req, res, next) => {\n    if (condition) {\n        express.static(__dirname + '/public/')(req, res, next);\n    } else {\n        express.static(__dirname + '/public/someotherpath')(req, res, next);\n    }\n});\n","answerId":"53763600","answerUrl":"https://stackoverflow.com/a/53763600","voteCount":1,"isAccepted":false,"lastModified":"2018-12-13T14:02:08.000Z"},{"answerKeywords":["express","static"],"answerWordCount":856,"text":"use(string, function, unknown)","parentType":"any","name":"use","arguments":[{"type":"string"},{"type":"(req: any, res: any, next: any) => void"},{"type":"any"}],"returnType":"any","usage":"app.use(\"/\", (req, res, next) => {\n  //check a condition if its false then return\n  if(1 !== 1)return\n  //After returned all conditions\n  next()\n}, express.static(\"public\"))","definition":"","source":"app.use(\"/\", (req, res, next) => {\n  //check a condition if its false then return\n  if(1 !== 1)return\n  //After returned all conditions\n  next()\n}, express.static(\"public\"))\n","answerId":"65391806","answerUrl":"https://stackoverflow.com/a/65391806","voteCount":1,"isAccepted":false,"lastModified":"2020-12-21T11:17:32.000Z"},{"answerKeywords":["express","static"],"answerWordCount":856,"text":"static(string)","parentType":"any","name":"static","arguments":[{"type":"string"}],"returnType":"any","usage":"express.static(\"public\")","definition":"","source":"app.use(\"/\", (req, res, next) => {\n  //check a condition if its false then return\n  if(1 !== 1)return\n  //After returned all conditions\n  next()\n}, express.static(\"public\"))\n","answerId":"65391806","answerUrl":"https://stackoverflow.com/a/65391806","voteCount":1,"isAccepted":false,"lastModified":"2020-12-21T11:17:32.000Z"},{"answerKeywords":["route","path","path","path","express","static"],"answerWordCount":974,"text":"get(string, function)","parentType":"any","name":"get","arguments":[{"type":"string"},{"type":"(req: any, res: any) => void"}],"returnType":"any","usage":"app.get('/somepath', function(req, res){\n    if(req.someCondition){\n      res.sendFile('./path/to/appropriate/file.html');\n    } else {\n      res.sendFile('./path/to/different/file.html');\n    }\n}","definition":"","source":"app.get('/somepath', function(req, res){\n    if(req.someCondition){\n      res.sendFile('./path/to/appropriate/file.html');\n    } else {\n      res.sendFile('./path/to/different/file.html');\n    }\n}\n","answerId":"32544976","answerUrl":"https://stackoverflow.com/a/32544976","voteCount":0,"isAccepted":false,"lastModified":"2015-09-13T00:04:22.000Z"}],"areSignaturesLoading":false,"title":"How to set dynamic route for static files in express","snippet":"You do it the other way around you modify url to make your desire effect app.use('/', function(req,res,next){ if(condition){ req.url = newURL // add ...","url":"https://stackoverflow.com/questions/32544846/how-to-set-dynamic-route-for-static-files-in-express","displayLink":"https://stackoverflow.com › questions › how-to-set-dyn...","snippetHighlightWords":["add"],"date":"5 answers"},{"signatures":[{"answerKeywords":["express","static","path","static"],"answerWordCount":1023,"text":"use(unknown)","parentType":"any","name":"use","arguments":[{"type":"any"}],"returnType":"any","usage":"app.use(express.static(path.join(__dirname, 'public')))","definition":"","source":"app.use(express.static(path.join(__dirname, 'public')));\n\nhttp://localhost:8080/views/src/index.js","answerId":"55285916","answerUrl":"https://stackoverflow.com/a/55285916","voteCount":2,"isAccepted":false,"lastModified":"2019-03-21T17:18:59.000Z"},{"answerKeywords":["express","static","path","static"],"answerWordCount":1023,"text":"static(unknown)","parentType":"any","name":"static","arguments":[{"type":"any"}],"returnType":"any","usage":"express.static(path.join(__dirname, 'public'))","definition":"","source":"app.use(express.static(path.join(__dirname, 'public')));\n\nhttp://localhost:8080/views/src/index.js","answerId":"55285916","answerUrl":"https://stackoverflow.com/a/55285916","voteCount":2,"isAccepted":false,"lastModified":"2019-03-21T17:18:59.000Z"},{"answerKeywords":["express","static","path","static"],"answerWordCount":1023,"text":"join(unknown, string)","parentType":"any","name":"join","arguments":[{"type":"any"},{"type":"string"}],"returnType":"any","usage":"path.join(__dirname, 'public')","definition":"","source":"app.use(express.static(path.join(__dirname, 'public')));\n\nhttp://localhost:8080/views/src/index.js","answerId":"55285916","answerUrl":"https://stackoverflow.com/a/55285916","voteCount":2,"isAccepted":false,"lastModified":"2019-03-21T17:18:59.000Z"},{"answerKeywords":["express","static","express","static","path"],"answerWordCount":1032,"text":"use(unknown)","parentType":"any","name":"use","arguments":[{"type":"any"}],"returnType":"any","usage":"app.use(express.static(path.join(__dirname, 'views', 'src')))","definition":"","source":"app.use(express.static(path.join(__dirname, 'views', 'src')));\napp.use(userRoutes);\n","answerId":"55289687","answerUrl":"https://stackoverflow.com/a/55289687","voteCount":1,"isAccepted":false,"lastModified":"2019-03-21T21:42:08.000Z"},{"answerKeywords":["express","static","express","static","path"],"answerWordCount":1032,"text":"static(unknown)","parentType":"any","name":"static","arguments":[{"type":"any"}],"returnType":"any","usage":"express.static(path.join(__dirname, 'views', 'src'))","definition":"","source":"app.use(express.static(path.join(__dirname, 'views', 'src')));\napp.use(userRoutes);\n","answerId":"55289687","answerUrl":"https://stackoverflow.com/a/55289687","voteCount":1,"isAccepted":false,"lastModified":"2019-03-21T21:42:08.000Z"},{"answerKeywords":["express","static","express","static","path"],"answerWordCount":1032,"text":"join(unknown, string, string)","parentType":"any","name":"join","arguments":[{"type":"any"},{"type":"string"},{"type":"string"}],"returnType":"any","usage":"path.join(__dirname, 'views', 'src')","definition":"","source":"app.use(express.static(path.join(__dirname, 'views', 'src')));\napp.use(userRoutes);\n","answerId":"55289687","answerUrl":"https://stackoverflow.com/a/55289687","voteCount":1,"isAccepted":false,"lastModified":"2019-03-21T21:42:08.000Z"},{"answerKeywords":["express","static","express","static","path"],"answerWordCount":1032,"text":"use(unknown)","parentType":"any","name":"use","arguments":[{"type":"any"}],"returnType":"any","usage":"app.use(userRoutes)","definition":"","source":"app.use(express.static(path.join(__dirname, 'views', 'src')));\napp.use(userRoutes);\n","answerId":"55289687","answerUrl":"https://stackoverflow.com/a/55289687","voteCount":1,"isAccepted":false,"lastModified":"2019-03-21T21:42:08.000Z"}],"areSignaturesLoading":false,"title":"express.static() doesn't route the static files - Stack Overflow","snippet":"I would just serve the public folder. app.use(express.static(path.join(__dirname, 'public')));. Then you can just do:","url":"https://stackoverflow.com/questions/55285668/express-static-doesnt-route-the-static-files","displayLink":"https://stackoverflow.com › questions › express-static-d...","snippetHighlightWords":["express","static","path"],"date":"Mar 21, 2019 2 answers"},{"signatures":[{"answerKeywords":["route","static","route","express","static","static","static","route","express","static","static","static","express"],"answerWordCount":1282,"text":"use(string, function, unknown)","parentType":"any","name":"use","arguments":[{"type":"string"},{"type":"(req: any, res: any, next: any) => void"},{"type":"any"}],"returnType":"any","usage":"app.use('/static-route', function (req, res, next) {\n  // validation\n  // redirect\n  // etc . . .\n  next();\n}, express.static('./static'))","definition":"","source":"app.use('/static-route', function (req, res, next) {\n  // validation\n  // redirect\n  // etc . . .\n  next();\n}, express.static('./static'));\n","answerId":"27734303","answerUrl":"https://stackoverflow.com/a/27734303","voteCount":2,"isAccepted":true,"lastModified":"2015-01-01T20:18:45.000Z"},{"answerKeywords":["route","static","route","express","static","static","static","route","express","static","static","static","express"],"answerWordCount":1282,"text":"static(string)","parentType":"any","name":"static","arguments":[{"type":"string"}],"returnType":"any","usage":"express.static('./static')","definition":"","source":"app.use('/static-route', function (req, res, next) {\n  // validation\n  // redirect\n  // etc . . .\n  next();\n}, express.static('./static'));\n","answerId":"27734303","answerUrl":"https://stackoverflow.com/a/27734303","voteCount":2,"isAccepted":true,"lastModified":"2015-01-01T20:18:45.000Z"},{"answerKeywords":["route","static","route","route","route","express","static","path"],"answerWordCount":840,"text":"use(string, unknown)","parentType":"any","name":"use","arguments":[{"type":"string"},{"type":"any"}],"returnType":"any","usage":"app.use('/',express.static(__dirname + '/public'))","definition":"","source":"//Serves resources from public folder \napp.use('/',express.static(__dirname + '/public')); \n\n//Verify the complete directory path - especially slashes \nconsole.log('Static directory '+__dirname + '/public');\n\napp.get('/list', function (req, res) {\n    res.send('<html><body><h1>Hello World</h1></body></html>'); });\n","answerId":"58476031","answerUrl":"https://stackoverflow.com/a/58476031","voteCount":1,"isAccepted":false,"lastModified":"2019-10-20T18:28:40.000Z"},{"answerKeywords":["route","static","route","route","route","express","static","path"],"answerWordCount":840,"text":"static(string)","parentType":"any","name":"static","arguments":[{"type":"string"}],"returnType":"any","usage":"express.static(__dirname + '/public')","definition":"","source":"//Serves resources from public folder \napp.use('/',express.static(__dirname + '/public')); \n\n//Verify the complete directory path - especially slashes \nconsole.log('Static directory '+__dirname + '/public');\n\napp.get('/list', function (req, res) {\n    res.send('<html><body><h1>Hello World</h1></body></html>'); });\n","answerId":"58476031","answerUrl":"https://stackoverflow.com/a/58476031","voteCount":1,"isAccepted":false,"lastModified":"2019-10-20T18:28:40.000Z"},{"answerKeywords":["route","static","route","route","route","express","static","path"],"answerWordCount":840,"text":"get(string, function)","parentType":"any","name":"get","arguments":[{"type":"string"},{"type":"(req: any, res: any) => void"}],"returnType":"any","usage":"app.get('/list', function (req, res) {\n    res.send('<html><body><h1>Hello World</h1></body></html>'); })","definition":"","source":"//Serves resources from public folder \napp.use('/',express.static(__dirname + '/public')); \n\n//Verify the complete directory path - especially slashes \nconsole.log('Static directory '+__dirname + '/public');\n\napp.get('/list', function (req, res) {\n    res.send('<html><body><h1>Hello World</h1></body></html>'); });\n","answerId":"58476031","answerUrl":"https://stackoverflow.com/a/58476031","voteCount":1,"isAccepted":false,"lastModified":"2019-10-20T18:28:40.000Z"}],"areSignaturesLoading":false,"title":"Serve out 'static' route with express with redirect and middleware","snippet":"I would like to redirect to a url with the query parameter set. – lostintranslation. Jan 2, 2015 at 0:03. Add a comment ...","url":"https://stackoverflow.com/questions/27734164/serve-out-static-route-with-express-with-redirect-and-middleware","displayLink":"https://stackoverflow.com › questions › serve-out-static-...","snippetHighlightWords":["Add"]},{"signatures":[{"answerKeywords":["add","express","static","static","static","static","express","static","path","add","express","static","static"],"answerWordCount":1679,"text":"use(unknown)","parentType":"any","name":"use","arguments":[{"type":"any"}],"returnType":"any","usage":"app.use(express.static('data'))","definition":"","source":"app.use(express.static('data'));\n\nvar staticMiddleware = function(req, res, next){\n    console.log(\"middleware\")\n    next();\n}\n\napp.use(staticMiddleware );\n","answerId":"69758638","answerUrl":"https://stackoverflow.com/a/69758638","voteCount":0,"isAccepted":true,"lastModified":"2021-10-28T18:46:14.000Z"},{"answerKeywords":["add","express","static","static","static","static","express","static","path","add","express","static","static"],"answerWordCount":1679,"text":"static(string)","parentType":"any","name":"static","arguments":[{"type":"string"}],"returnType":"any","usage":"express.static('data')","definition":"","source":"app.use(express.static('data'));\n\nvar staticMiddleware = function(req, res, next){\n    console.log(\"middleware\")\n    next();\n}\n\napp.use(staticMiddleware );\n","answerId":"69758638","answerUrl":"https://stackoverflow.com/a/69758638","voteCount":0,"isAccepted":true,"lastModified":"2021-10-28T18:46:14.000Z"},{"answerKeywords":["add","express","static","static","static","static","express","static","path","add","express","static","static"],"answerWordCount":1679,"text":"use(function)","parentType":"any","name":"use","arguments":[{"type":"(req: any, res: any, next: any) => void"}],"returnType":"any","usage":"app.use(staticMiddleware )","definition":"","source":"app.use(express.static('data'));\n\nvar staticMiddleware = function(req, res, next){\n    console.log(\"middleware\")\n    next();\n}\n\napp.use(staticMiddleware );\n","answerId":"69758638","answerUrl":"https://stackoverflow.com/a/69758638","voteCount":0,"isAccepted":true,"lastModified":"2021-10-28T18:46:14.000Z"}],"areSignaturesLoading":false,"title":"express static routes are not working when adding a validation ...","snippet":"You need to add them seperately. app.use(express.static('data')); var staticMiddleware = function(req, res, next){ console.log(\"middleware\") ...","url":"https://stackoverflow.com/questions/69758526/express-static-routes-are-not-working-when-adding-a-validation-middleware","displayLink":"https://stackoverflow.com › questions › express-static-r...","snippetHighlightWords":["add","express","static","staticMiddleware"],"date":"Oct 28, 2021 1 answer"},{"signatures":[{"answerKeywords":["route","route","path"],"answerWordCount":2108,"text":"get(string, function)","parentType":"any","name":"get","arguments":[{"type":"string"},{"type":"(req: any, res: any) => void"}],"returnType":"any","usage":"app.get('/about', (req, res) => {\n  res.sendFile(__dirname + '/views/about.html');\n})","definition":"","source":"app.get('/about', (req, res) => {\n  res.sendFile(__dirname + '/views/about.html');\n});\n\napp.get('/contact', (req, res) => {\n  res.sendFile(__dirname + '/views/contact.html');\n});\napp.get('/', (req, res) => {\n  res.sendFile(__dirname + '/views/home.html');\n});\n\n","answerId":"66258942","answerUrl":"https://stackoverflow.com/a/66258942","voteCount":2,"isAccepted":false,"lastModified":"2021-02-18T17:39:23.000Z"},{"answerKeywords":["route","route","path"],"answerWordCount":2108,"text":"get(string, function)","parentType":"any","name":"get","arguments":[{"type":"string"},{"type":"(req: any, res: any) => void"}],"returnType":"any","usage":"app.get('/contact', (req, res) => {\n  res.sendFile(__dirname + '/views/contact.html');\n})","definition":"","source":"app.get('/about', (req, res) => {\n  res.sendFile(__dirname + '/views/about.html');\n});\n\napp.get('/contact', (req, res) => {\n  res.sendFile(__dirname + '/views/contact.html');\n});\napp.get('/', (req, res) => {\n  res.sendFile(__dirname + '/views/home.html');\n});\n\n","answerId":"66258942","answerUrl":"https://stackoverflow.com/a/66258942","voteCount":2,"isAccepted":false,"lastModified":"2021-02-18T17:39:23.000Z"},{"answerKeywords":["route","route","path"],"answerWordCount":2108,"text":"get(string, function)","parentType":"any","name":"get","arguments":[{"type":"string"},{"type":"(req: any, res: any) => void"}],"returnType":"any","usage":"app.get('/', (req, res) => {\n  res.sendFile(__dirname + '/views/home.html');\n})","definition":"","source":"app.get('/about', (req, res) => {\n  res.sendFile(__dirname + '/views/about.html');\n});\n\napp.get('/contact', (req, res) => {\n  res.sendFile(__dirname + '/views/contact.html');\n});\napp.get('/', (req, res) => {\n  res.sendFile(__dirname + '/views/home.html');\n});\n\n","answerId":"66258942","answerUrl":"https://stackoverflow.com/a/66258942","voteCount":2,"isAccepted":false,"lastModified":"2021-02-18T17:39:23.000Z"}],"areSignaturesLoading":false,"title":"Creating routing for a static site using Express - Stack Overflow","snippet":"I am creating a static site, (HTML, CSS, JS) using nodeJS and express for the server... I am trying to create routes, so that the user sees ...","url":"https://stackoverflow.com/questions/66258861/creating-routing-for-a-static-site-using-express","displayLink":"https://stackoverflow.com › questions › creating-routin...","snippetHighlightWords":["static","JS","nodeJS","express","create routes"],"date":"Feb 18, 2021"}],"events":[{"timestamp":"2022-11-18T00:29:06.961Z","url":"https://stackoverflow.com/questions/55853857/how-to-serve-static-files-to-different-routes-in-express","component":"projection","action":"mouseenter"},{"timestamp":"2022-11-18T00:29:07.857Z","url":"https://stackoverflow.com/questions/28143419/express-static-keeps-routing-my-files-from-the-route","component":"projection","action":"loaded","data":"projection 1 of 10"},{"timestamp":"2022-11-18T00:29:07.930Z","url":"https://stackoverflow.com/questions/55853857/how-to-serve-static-files-to-different-routes-in-express","component":"projection","action":"mouseleave"},{"timestamp":"2022-11-18T00:29:07.932Z","url":"https://stackoverflow.com/questions/28143419/express-static-keeps-routing-my-files-from-the-route","component":"projection","action":"mouseenter"},{"timestamp":"2022-11-18T00:29:07.970Z","url":"https://stackoverflow.com/questions/55853857/how-to-serve-static-files-to-different-routes-in-express","component":"projection","action":"loaded","data":"projection 2 of 10"},{"timestamp":"2022-11-18T00:29:08.095Z","url":"","component":"projection","action":"mouseenter","data":"use(string, unknown)"},{"timestamp":"2022-11-18T00:29:08.125Z","url":"","component":"projection","action":"mouseleave","data":"use(string, unknown)"},{"timestamp":"2022-11-18T00:29:08.131Z","url":"","component":"projection","action":"mouseenter","data":"use(unknown)"},{"timestamp":"2022-11-18T00:29:08.245Z","url":"","component":"projection","action":"mouseleave","data":"use(unknown)"},{"timestamp":"2022-11-18T00:29:08.247Z","url":"","component":"projection","action":"mouseenter","data":"static(string)"},{"timestamp":"2022-11-18T00:29:08.362Z","url":"","component":"projection","action":"mouseleave","data":"static(string)"},{"timestamp":"2022-11-18T00:29:08.436Z","url":"https://stackoverflow.com/questions/42977068/express-serving-static-files-and-routing","component":"projection","action":"loaded","data":"projection 3 of 10"},{"timestamp":"2022-11-18T00:29:08.613Z","url":"https://stackoverflow.com/questions/58081749/node-express-force-all-static-routes-to-point-to-root-path","component":"projection","action":"loaded","data":"projection 4 of 10"},{"timestamp":"2022-11-18T00:29:09.033Z","url":"https://stackoverflow.com/questions/36395563/static-routing-in-node-express","component":"projection","action":"loaded","data":"projection 5 of 10"},{"timestamp":"2022-11-18T00:29:10.174Z","url":"https://stackoverflow.com/questions/32544846/how-to-set-dynamic-route-for-static-files-in-express","component":"projection","action":"loaded","data":"projection 6 of 10"},{"timestamp":"2022-11-18T00:29:10.792Z","url":"https://stackoverflow.com/questions/55285668/express-static-doesnt-route-the-static-files","component":"projection","action":"loaded","data":"projection 7 of 10"},{"timestamp":"2022-11-18T00:29:11.339Z","url":"https://stackoverflow.com/questions/27734164/serve-out-static-route-with-express-with-redirect-and-middleware","component":"projection","action":"loaded","data":"projection 8 of 10"},{"timestamp":"2022-11-18T00:29:11.787Z","url":"https://stackoverflow.com/questions/69758526/express-static-routes-are-not-working-when-adding-a-validation-middleware","component":"projection","action":"loaded","data":"projection 9 of 10"},{"timestamp":"2022-11-18T00:29:12.212Z","url":"https://stackoverflow.com/questions/66258861/creating-routing-for-a-static-site-using-express","component":"projection","action":"loaded","data":"projection 10 of 10"},{"timestamp":"2022-11-18T00:29:12.810Z","url":"","component":"projection","action":"mouseenter","data":"static(string)"},{"timestamp":"2022-11-18T00:29:12.826Z","url":"","component":"projection","action":"mouseleave","data":"static(string)"},{"timestamp":"2022-11-18T00:29:12.830Z","url":"","component":"projection","action":"mouseenter","data":"use(unknown)"},{"timestamp":"2022-11-18T00:29:12.845Z","url":"","component":"projection","action":"mouseleave","data":"use(unknown)"},{"timestamp":"2022-11-18T00:29:12.849Z","url":"","component":"projection","action":"mouseenter","data":"use(string, unknown)"},{"timestamp":"2022-11-18T00:29:12.876Z","url":"","component":"projection","action":"mouseleave","data":"use(string, unknown)"},{"timestamp":"2022-11-18T00:29:12.880Z","url":"https://stackoverflow.com/questions/28143419/express-static-keeps-routing-my-files-from-the-route","component":"projection","action":"mouseleave"},{"timestamp":"2022-11-18T00:29:12.884Z","url":"https://stackoverflow.com/questions/55853857/how-to-serve-static-files-to-different-routes-in-express","component":"projection","action":"mouseenter"},{"timestamp":"2022-11-18T00:29:14.325Z","url":"https://stackoverflow.com/questions/55853857/how-to-serve-static-files-to-different-routes-in-express","component":"projection","action":"mouseleave"},{"timestamp":"2022-11-18T00:29:14.330Z","url":"https://stackoverflow.com/questions/28143419/express-static-keeps-routing-my-files-from-the-route","component":"projection","action":"mouseenter"},{"timestamp":"2022-11-18T00:29:14.342Z","url":"","component":"projection","action":"mouseenter","data":"use(string, unknown)"},{"timestamp":"2022-11-18T00:29:14.408Z","url":"","component":"projection","action":"mouseleave","data":"use(string, unknown)"},{"timestamp":"2022-11-18T00:29:14.410Z","url":"","component":"projection","action":"mouseenter","data":"use(unknown)"},{"timestamp":"2022-11-18T00:29:14.592Z","url":"","component":"projection","action":"mouseleave","data":"use(unknown)"},{"timestamp":"2022-11-18T00:29:14.597Z","url":"","component":"projection","action":"mouseenter","data":"static(string)"},{"timestamp":"2022-11-18T00:29:14.898Z","url":"https://stackoverflow.com/questions/28143419/express-static-keeps-routing-my-files-from-the-route","component":"projection","action":"expand","data":"static(string)"},{"timestamp":"2022-11-18T00:29:15.442Z","url":"https://stackoverflow.com/questions/28143419/express-static-keeps-routing-my-files-from-the-route","component":"projection","action":"tab","data":{"name":"usage","height":49,"width":312.8374938964844,"wc":3,"lc":1,"sig":"static(string)"}},{"timestamp":"2022-11-18T00:29:16.742Z","url":"","component":"projection","action":"mouseleave","data":"static(string)"},{"timestamp":"2022-11-18T00:29:16.746Z","url":"https://stackoverflow.com/questions/28143419/express-static-keeps-routing-my-files-from-the-route","component":"projection","action":"mouseleave"},{"timestamp":"2022-11-18T00:29:31.573Z","url":"https://stackoverflow.com/questions/28143419/express-static-keeps-routing-my-files-from-the-route","component":"projection","action":"mouseenter"},{"timestamp":"2022-11-18T00:29:31.606Z","url":"https://stackoverflow.com/questions/28143419/express-static-keeps-routing-my-files-from-the-route","component":"projection","action":"mouseleave"},{"timestamp":"2022-11-18T00:31:16.419Z","url":"https://stackoverflow.com/questions/28143419/express-static-keeps-routing-my-files-from-the-route","component":"projection","action":"mouseenter"},{"timestamp":"2022-11-18T00:31:16.428Z","url":"","component":"projection","action":"mouseenter","data":"static(string)"},{"timestamp":"2022-11-18T00:31:16.901Z","url":"","component":"projection","action":"mouseleave","data":"static(string)"},{"timestamp":"2022-11-18T00:31:16.906Z","url":"https://stackoverflow.com/questions/28143419/express-static-keeps-routing-my-files-from-the-route","component":"projection","action":"mouseleave"},{"timestamp":"2022-11-18T00:32:45.070Z","url":"https://stackoverflow.com/questions/28143419/express-static-keeps-routing-my-files-from-the-route","component":"projection","action":"mouseenter"},{"timestamp":"2022-11-18T00:32:45.075Z","url":"","component":"projection","action":"mouseenter","data":"static(string)"},{"timestamp":"2022-11-18T00:32:46.080Z","url":"https://stackoverflow.com/questions/28143419/express-static-keeps-routing-my-files-from-the-route","component":"projection","action":"tab","data":{"name":"code","height":163.60000610351562,"width":404.8000183105469,"wc":9,"lc":5,"sig":"static(string)"}},{"timestamp":"2022-11-18T00:32:49.782Z","url":"","component":"projection","action":"mouseleave","data":"static(string)"},{"timestamp":"2022-11-18T00:32:49.786Z","url":"https://stackoverflow.com/questions/28143419/express-static-keeps-routing-my-files-from-the-route","component":"projection","action":"mouseleave"}]}]}