{"trialId":"87190_1","taskId":"clone","appEvents":[{"timestamp":"2022-11-18T00:21:52.397Z","name":"resize","data":{"height":698,"width":456}},{"timestamp":"2022-11-18T00:21:53.121Z","name":"search","data":"search-start"},{"timestamp":"2022-11-18T00:21:54.344Z","name":"search","data":"search-done"},{"timestamp":"2022-11-18T00:23:18.057Z","name":"resize","data":{"height":0,"width":0}}],"searches":[{"keywords":["clone","array"],"context":{"tokens":[{"kind":"language","value":"javascript"}]},"timestamp":"2022-11-18T00:21:53.120Z","results":[{"signatures":[],"areSignaturesLoading":true,"title":"Fastest way to duplicate an array in JavaScript - slice vs. 'for ...","url":"https://stackoverflow.com/questions/3978492/fastest-way-to-duplicate-an-array-in-javascript-slice-vs-for-loop","displayLink":"https://stackoverflow.com › questions › fastest-way-to-d...","snippet":"There are at least 6 (!) ways to clone an array: loop; slice; Array.from(); concat; spread operator (FASTEST); map A.map(function(e){return ...","snippetHighlightWords":["clone","array","Array"],"extensions":["Oct 20, 2010","25 answers"]},{"signatures":[],"areSignaturesLoading":true,"title":"How to clone a Javascript Array of Objects? - Stack Overflow","url":"https://stackoverflow.com/questions/42523881/how-to-clone-a-javascript-array-of-objects","displayLink":"https://stackoverflow.com › questions › how-to-clone-a...","date":"Mar 1, 2017","snippet":"How to clone a Javascript Array of Objects? · use slice(0) . Example: clonedArray = originalArray.slice(0) it will create a new array. – Gerardo.","snippetHighlightWords":["clone","Javascript Array","clonedArray","originalArray","array"]},{"signatures":[],"areSignaturesLoading":true,"title":"How to clone an array and push new value in a chain?","url":"https://stackoverflow.com/questions/57222470/how-to-clone-an-array-and-push-new-value-in-a-chain","displayLink":"https://stackoverflow.com › questions › how-to-clone-a...","snippet":"If you absolutely want to enforce the chaining, you can create your own function on the array prototype. (You should understand its ...","snippetHighlightWords":["array"],"extensions":["Jul 26, 2019","3 answers"]},{"signatures":[],"areSignaturesLoading":true,"title":"Make clone of array (not copy of reference) and modify the ...","url":"https://stackoverflow.com/questions/62861485/make-clone-of-array-not-copy-of-reference-and-modify-the-new-array","displayLink":"https://stackoverflow.com › questions › make-clone-of-...","date":"Jul 12, 2020","snippet":"in javascript, clonedArray=originalArray just creates a reference == the same array. you can overcome this/\"clone\" a simple array by:","snippetHighlightWords":["javascript","clonedArray","originalArray","array","clone","array"]},{"signatures":[],"areSignaturesLoading":true,"title":"Splice method used on a copy of an array of objects","url":"https://stackoverflow.com/questions/67176299/splice-method-used-on-a-copy-of-an-array-of-objects","displayLink":"https://stackoverflow.com › questions › splice-method-...","date":"Apr 20, 2021","snippet":"Only the cloned array is modified. The spread operator shouldn't make a shallow copy of the initial array, and force me to deep clone all ...","snippetHighlightWords":["cloned array","array","clone"]},{"signatures":[],"areSignaturesLoading":true,"title":"Cloning an array in Javascript/Typescript - Stack Overflow","url":"https://stackoverflow.com/questions/44808882/cloning-an-array-in-javascript-typescript","displayLink":"https://stackoverflow.com › questions › cloning-an-arra...","date":"15 answers","snippet":"Clone an object: const myClonedObject = Object.assign({}, myObject);. Clone an Array: Option 1 if you have an array of primitive types:.","snippetHighlightWords":["Clone","Clone","Array","array"]},{"signatures":[],"areSignaturesLoading":true,"title":"JavaScript deep copy an array containing nested objects ...","url":"https://stackoverflow.com/questions/53273218/javascript-deep-copy-an-array-containing-nested-objects-arrays-functions","displayLink":"https://stackoverflow.com › questions › javascript-deep-...","snippet":"Edit- You can use the solution below or just import Lodash and use this https://lodash.com/docs/#cloneDeep. I'm answering my own question ...","snippetHighlightWords":["cloneDeep"],"extensions":["Nov 13, 2018","3 answers"]},{"signatures":[],"areSignaturesLoading":true,"title":"Why my code to clone an array doesn't work JavaScript","url":"https://stackoverflow.com/questions/68764568/why-my-code-to-clone-an-array-doesnt-work-javascript","displayLink":"https://stackoverflow.com › questions › why-my-code-t...","snippet":"When you start, each row of the array is empty. So initialise it to an empty row of array: for (let x = 0; x < arr.length; ...","snippetHighlightWords":["array","array"],"extensions":["Aug 12, 2021","3 answers"]},{"signatures":[],"areSignaturesLoading":true,"title":"How do you clone an array of objects in JavaScript?","url":"https://stackoverflow.com/questions/597588/how-do-you-clone-an-array-of-objects-in-javascript","displayLink":"https://stackoverflow.com › questions › how-do-you-cl...","snippet":"Creating a deep copy with structuredClone. The modern way to deep copy an array in JavaScript is to use structuredClone:","snippetHighlightWords":["structuredClone","array","JavaScript","structuredClone"],"extensions":["Feb 28, 2009","38 answers"]},{"signatures":[],"areSignaturesLoading":true,"title":"javascript - how to clone Array without reference [duplicate]","url":"https://stackoverflow.com/questions/48219487/javascript-how-to-clone-array-without-reference","displayLink":"https://stackoverflow.com › questions › javascript-how-...","snippet":"By using this method we can create a copy of an array. Please check the below example. Credits to this SO Answer. let original = [ [1, 2], ...","snippetHighlightWords":["array"],"extensions":["Jan 12, 2018","1 answer"]}],"events":[{"timestamp":"2022-11-18T00:21:53.199Z","url":"https://stackoverflow.com/questions/3978492/fastest-way-to-duplicate-an-array-in-javascript-slice-vs-for-loop","component":"projection","action":"load","data":{"height":60,"width":367.9750061035156,"wc":21,"lc":1}},{"timestamp":"2022-11-18T00:21:53.199Z","url":"https://stackoverflow.com/questions/42523881/how-to-clone-a-javascript-array-of-objects","component":"projection","action":"load","data":{"height":60,"width":421.3625183105469,"wc":24,"lc":1}},{"timestamp":"2022-11-18T00:21:53.199Z","url":"https://stackoverflow.com/questions/57222470/how-to-clone-an-array-and-push-new-value-in-a-chain","component":"projection","action":"load","data":{"height":38,"width":417.625,"wc":23,"lc":1}},{"timestamp":"2022-11-18T00:21:53.199Z","url":"https://stackoverflow.com/questions/62861485/make-clone-of-array-not-copy-of-reference-and-modify-the-new-array","component":"projection","action":"load","data":{"height":60,"width":399.8374938964844,"wc":19,"lc":1}},{"timestamp":"2022-11-18T00:21:53.199Z","url":"https://stackoverflow.com/questions/67176299/splice-method-used-on-a-copy-of-an-array-of-objects","component":"projection","action":"load","data":{"height":60,"width":407.76251220703125,"wc":26,"lc":1}},{"timestamp":"2022-11-18T00:21:53.199Z","url":"https://stackoverflow.com/questions/44808882/cloning-an-array-in-javascript-typescript","component":"projection","action":"load","data":{"height":60,"width":419.8374938964844,"wc":21,"lc":1}},{"timestamp":"2022-11-18T00:21:53.199Z","url":"https://stackoverflow.com/questions/53273218/javascript-deep-copy-an-array-containing-nested-objects-arrays-functions","component":"projection","action":"load","data":{"height":60,"width":419.875,"wc":21,"lc":1}},{"timestamp":"2022-11-18T00:21:53.199Z","url":"https://stackoverflow.com/questions/68764568/why-my-code-to-clone-an-array-doesnt-work-javascript","component":"projection","action":"load","data":{"height":38,"width":422.3000183105469,"wc":28,"lc":1}},{"timestamp":"2022-11-18T00:21:53.200Z","url":"https://stackoverflow.com/questions/597588/how-do-you-clone-an-array-of-objects-in-javascript","component":"projection","action":"load","data":{"height":38,"width":407.26251220703125,"wc":20,"lc":1}},{"timestamp":"2022-11-18T00:21:53.200Z","url":"https://stackoverflow.com/questions/48219487/javascript-how-to-clone-array-without-reference","component":"projection","action":"load","data":{"height":60,"width":421.95001220703125,"wc":29,"lc":1}},{"timestamp":"2022-11-18T00:21:53.203Z","url":"https://stackoverflow.com/questions/42523881/how-to-clone-a-javascript-array-of-objects","component":"projection","action":"mouseenter"},{"timestamp":"2022-11-18T00:21:53.565Z","url":"https://stackoverflow.com/questions/42523881/how-to-clone-a-javascript-array-of-objects","component":"projection","action":"mouseleave"},{"timestamp":"2022-11-18T00:21:54.344Z","url":"https://stackoverflow.com/questions/3978492/fastest-way-to-duplicate-an-array-in-javascript-slice-vs-for-loop","component":"projection","action":"loaded","data":"projection 10 of 10"},{"timestamp":"2022-11-18T00:21:54.344Z","url":"https://stackoverflow.com/questions/42523881/how-to-clone-a-javascript-array-of-objects","component":"projection","action":"loaded","data":"projection 9 of 10"},{"timestamp":"2022-11-18T00:21:54.344Z","url":"https://stackoverflow.com/questions/57222470/how-to-clone-an-array-and-push-new-value-in-a-chain","component":"projection","action":"loaded","data":"projection 8 of 10"},{"timestamp":"2022-11-18T00:21:54.344Z","url":"https://stackoverflow.com/questions/62861485/make-clone-of-array-not-copy-of-reference-and-modify-the-new-array","component":"projection","action":"loaded","data":"projection 7 of 10"},{"timestamp":"2022-11-18T00:21:54.344Z","url":"https://stackoverflow.com/questions/67176299/splice-method-used-on-a-copy-of-an-array-of-objects","component":"projection","action":"loaded","data":"projection 6 of 10"},{"timestamp":"2022-11-18T00:21:54.344Z","url":"https://stackoverflow.com/questions/44808882/cloning-an-array-in-javascript-typescript","component":"projection","action":"loaded","data":"projection 5 of 10"},{"timestamp":"2022-11-18T00:21:54.344Z","url":"https://stackoverflow.com/questions/53273218/javascript-deep-copy-an-array-containing-nested-objects-arrays-functions","component":"projection","action":"loaded","data":"projection 4 of 10"},{"timestamp":"2022-11-18T00:21:54.344Z","url":"https://stackoverflow.com/questions/68764568/why-my-code-to-clone-an-array-doesnt-work-javascript","component":"projection","action":"loaded","data":"projection 3 of 10"},{"timestamp":"2022-11-18T00:21:54.344Z","url":"https://stackoverflow.com/questions/597588/how-do-you-clone-an-array-of-objects-in-javascript","component":"projection","action":"loaded","data":"projection 2 of 10"},{"timestamp":"2022-11-18T00:21:54.344Z","url":"https://stackoverflow.com/questions/48219487/javascript-how-to-clone-array-without-reference","component":"projection","action":"loaded","data":"projection 1 of 10"},{"timestamp":"2022-11-18T00:21:56.100Z","url":"https://stackoverflow.com/questions/42523881/how-to-clone-a-javascript-array-of-objects","component":"projection","action":"mouseenter"},{"timestamp":"2022-11-18T00:21:57.080Z","url":"https://stackoverflow.com/questions/42523881/how-to-clone-a-javascript-array-of-objects","component":"projection","action":"mouseleave"},{"timestamp":"2022-11-18T00:21:57.081Z","url":"https://stackoverflow.com/questions/3978492/fastest-way-to-duplicate-an-array-in-javascript-slice-vs-for-loop","component":"projection","action":"mouseenter"},{"timestamp":"2022-11-18T00:21:57.147Z","url":"https://stackoverflow.com/questions/3978492/fastest-way-to-duplicate-an-array-in-javascript-slice-vs-for-loop","component":"projection","action":"mouseleave"},{"timestamp":"2022-11-18T00:21:57.364Z","url":"https://stackoverflow.com/questions/3978492/fastest-way-to-duplicate-an-array-in-javascript-slice-vs-for-loop","component":"projection","action":"mouseenter"},{"timestamp":"2022-11-18T00:22:00.910Z","url":"https://stackoverflow.com/questions/3978492/fastest-way-to-duplicate-an-array-in-javascript-slice-vs-for-loop","component":"page","action":"open"},{"timestamp":"2022-11-18T00:22:00.960Z","url":"https://stackoverflow.com/questions/3978492/fastest-way-to-duplicate-an-array-in-javascript-slice-vs-for-loop","component":"projection","action":"mouseleave"},{"timestamp":"2022-11-18T00:22:01.651Z","url":"https://stackoverflow.com/questions/3978492/fastest-way-to-duplicate-an-array-in-javascript-slice-vs-for-loop","component":"page","action":"load"},{"timestamp":"2022-11-18T00:22:12.540Z","url":"https://stackoverflow.com/questions/3978492/fastest-way-to-duplicate-an-array-in-javascript-slice-vs-for-loop","component":"page","action":"scroll","data":{"viewport":{"x":0,"y":1044.800048828125,"height":638,"width":452},"document":{"height":24497,"width":435},"question":{"identifier":"3978492","top":-903.75,"bottom":14.29998779296875,"right":419.20001220703125,"left":16,"width":403.20001220703125,"height":918.0499877929688},"answers":[{"identifier":"20547803","top":94.5875015258789,"bottom":1850.637550354004,"right":419.20001220703125,"left":16,"width":403.20001220703125,"height":1756.050048828125},{"identifier":"21514254","top":1850.6375732421875,"bottom":2686.5875854492188,"right":419.20001220703125,"left":16,"width":403.20001220703125,"height":835.9500122070312},{"identifier":"31251089","top":2686.587646484375,"bottom":3520.337646484375,"right":419.20001220703125,"left":16,"width":403.20001220703125,"height":833.75},{"identifier":"23481165","top":3520.337646484375,"bottom":4382.000183105469,"right":419.20001220703125,"left":16,"width":403.20001220703125,"height":861.6625366210938},{"identifier":"52929821","top":4382,"bottom":5977.5,"right":419.20001220703125,"left":16,"width":403.20001220703125,"height":1595.5},{"identifier":"39873377","top":5977.5,"bottom":6588.162536621094,"right":419.20001220703125,"left":16,"width":403.20001220703125,"height":610.6625366210938},{"identifier":"3978716","top":6588.16259765625,"bottom":7111.512634277344,"right":419.20001220703125,"left":16,"width":403.20001220703125,"height":523.3500366210938},{"identifier":"37503916","top":7111.5126953125,"bottom":7881.1627197265625,"right":419.20001220703125,"left":16,"width":403.20001220703125,"height":769.6500244140625},{"identifier":"66174157","top":7881.16259765625,"bottom":8806.612609863281,"right":419.20001220703125,"left":16,"width":403.20001220703125,"height":925.4500122070312},{"identifier":"3978577","top":8806.6123046875,"bottom":9855.774780273438,"right":419.20001220703125,"left":16,"width":403.20001220703125,"height":1049.1624755859375},{"identifier":"47843872","top":9855.775390625,"bottom":10708.825378417969,"right":419.20001220703125,"left":16,"width":403.20001220703125,"height":853.0499877929688},{"identifier":"32253674","top":10708.8251953125,"bottom":11541.775207519531,"right":419.20001220703125,"left":16,"width":403.20001220703125,"height":832.9500122070312},{"identifier":"57709573","top":11541.775390625,"bottom":13191.825439453125,"right":419.20001220703125,"left":16,"width":403.20001220703125,"height":1650.050048828125},{"identifier":"3978606","top":13191.8251953125,"bottom":14357.687744140625,"right":419.20001220703125,"left":16,"width":403.20001220703125,"height":1165.862548828125},{"identifier":"23342513","top":14357.6875,"bottom":15039.237487792969,"right":419.20001220703125,"left":16,"width":403.20001220703125,"height":681.5499877929688},{"identifier":"34924599","top":15039.2373046875,"bottom":15531.287322998047,"right":419.20001220703125,"left":16,"width":403.20001220703125,"height":492.0500183105469},{"identifier":"33774224","top":15531.2880859375,"bottom":16777.938110351562,"right":419.20001220703125,"left":16,"width":403.20001220703125,"height":1246.6500244140625},{"identifier":"61818827","top":16777.9375,"bottom":17262.100006103516,"right":419.20001220703125,"left":16,"width":403.20001220703125,"height":484.1625061035156},{"identifier":"68053929","top":17262.099609375,"bottom":18130.199645996094,"right":419.20001220703125,"left":16,"width":403.20001220703125,"height":868.1000366210938},{"identifier":"45703365","top":18130.201171875,"bottom":18437.951171875,"right":419.20001220703125,"left":16,"width":403.20001220703125,"height":307.75},{"identifier":"56498992","top":18437.951171875,"bottom":19423.21368408203,"right":419.20001220703125,"left":16,"width":403.20001220703125,"height":985.2625122070312},{"identifier":"59485360","top":19423.212890625,"bottom":19868.775390625,"right":419.20001220703125,"left":16,"width":403.20001220703125,"height":445.5625},{"identifier":"60686878","top":19868.775390625,"bottom":20211.337890625,"right":419.20001220703125,"left":16,"width":403.20001220703125,"height":342.5625},{"identifier":"63587384","top":20211.337890625,"bottom":20836.087890625,"right":419.20001220703125,"left":16,"width":403.20001220703125,"height":624.75},{"identifier":"72240810","top":20836.087890625,"bottom":21253.750396728516,"right":419.20001220703125,"left":16,"width":403.20001220703125,"height":417.6625061035156}]}},{"timestamp":"2022-11-18T00:22:16.580Z","url":"https://stackoverflow.com/questions/3978492/fastest-way-to-duplicate-an-array-in-javascript-slice-vs-for-loop","component":"page","action":"scroll","data":{"viewport":{"x":0,"y":1124,"height":638,"width":452},"document":{"height":24497,"width":435},"question":{"identifier":"3978492","top":-982.9500122070312,"bottom":-64.9000244140625,"right":419.20001220703125,"left":16,"width":403.20001220703125,"height":918.0499877929688},"answers":[{"identifier":"20547803","top":15.387499809265137,"bottom":1771.4375486373901,"right":419.20001220703125,"left":16,"width":403.20001220703125,"height":1756.050048828125},{"identifier":"21514254","top":1771.4375,"bottom":2607.3875122070312,"right":419.20001220703125,"left":16,"width":403.20001220703125,"height":835.9500122070312},{"identifier":"31251089","top":2607.387451171875,"bottom":3441.137451171875,"right":419.20001220703125,"left":16,"width":403.20001220703125,"height":833.75},{"identifier":"23481165","top":3441.137451171875,"bottom":4302.799987792969,"right":419.20001220703125,"left":16,"width":403.20001220703125,"height":861.6625366210938},{"identifier":"52929821","top":4302.80029296875,"bottom":5898.30029296875,"right":419.20001220703125,"left":16,"width":403.20001220703125,"height":1595.5},{"identifier":"39873377","top":5898.30029296875,"bottom":6508.962829589844,"right":419.20001220703125,"left":16,"width":403.20001220703125,"height":610.6625366210938},{"identifier":"3978716","top":6508.96240234375,"bottom":7032.312438964844,"right":419.20001220703125,"left":16,"width":403.20001220703125,"height":523.3500366210938},{"identifier":"37503916","top":7032.3125,"bottom":7801.9625244140625,"right":419.20001220703125,"left":16,"width":403.20001220703125,"height":769.6500244140625},{"identifier":"66174157","top":7801.96240234375,"bottom":8727.412414550781,"right":419.20001220703125,"left":16,"width":403.20001220703125,"height":925.4500122070312},{"identifier":"3978577","top":8727.4130859375,"bottom":9776.575561523438,"right":419.20001220703125,"left":16,"width":403.20001220703125,"height":1049.1624755859375},{"identifier":"47843872","top":9776.5751953125,"bottom":10629.625183105469,"right":419.20001220703125,"left":16,"width":403.20001220703125,"height":853.0499877929688},{"identifier":"32253674","top":10629.625,"bottom":11462.575012207031,"right":419.20001220703125,"left":16,"width":403.20001220703125,"height":832.9500122070312},{"identifier":"57709573","top":11462.5751953125,"bottom":13112.625244140625,"right":419.20001220703125,"left":16,"width":403.20001220703125,"height":1650.050048828125},{"identifier":"3978606","top":13112.625,"bottom":14278.487548828125,"right":419.20001220703125,"left":16,"width":403.20001220703125,"height":1165.862548828125},{"identifier":"23342513","top":14278.4873046875,"bottom":14960.037292480469,"right":419.20001220703125,"left":16,"width":403.20001220703125,"height":681.5499877929688},{"identifier":"34924599","top":14960.0380859375,"bottom":15452.088104248047,"right":419.20001220703125,"left":16,"width":403.20001220703125,"height":492.0500183105469},{"identifier":"33774224","top":15452.087890625,"bottom":16698.737915039062,"right":419.20001220703125,"left":16,"width":403.20001220703125,"height":1246.6500244140625},{"identifier":"61818827","top":16698.73828125,"bottom":17182.900787353516,"right":419.20001220703125,"left":16,"width":403.20001220703125,"height":484.1625061035156},{"identifier":"68053929","top":17182.900390625,"bottom":18051.000427246094,"right":419.20001220703125,"left":16,"width":403.20001220703125,"height":868.1000366210938},{"identifier":"45703365","top":18051,"bottom":18358.75,"right":419.20001220703125,"left":16,"width":403.20001220703125,"height":307.75},{"identifier":"56498992","top":18358.75,"bottom":19344.01251220703,"right":419.20001220703125,"left":16,"width":403.20001220703125,"height":985.2625122070312},{"identifier":"59485360","top":19344.013671875,"bottom":19789.576171875,"right":419.20001220703125,"left":16,"width":403.20001220703125,"height":445.5625},{"identifier":"60686878","top":19789.576171875,"bottom":20132.138671875,"right":419.20001220703125,"left":16,"width":403.20001220703125,"height":342.5625},{"identifier":"63587384","top":20132.138671875,"bottom":20756.888671875,"right":419.20001220703125,"left":16,"width":403.20001220703125,"height":624.75},{"identifier":"72240810","top":20756.888671875,"bottom":21174.551177978516,"right":419.20001220703125,"left":16,"width":403.20001220703125,"height":417.6625061035156}]}}]}]}