{"id":"87190_1","conditions":[{"taskId":1,"taskName":"currency","enableFragments":true,"enableContext":true,"showContext":true,"provideSearchTerms":true,"sequence":3},{"taskId":4,"taskName":"sort","enableFragments":true,"enableContext":true,"showContext":true,"provideSearchTerms":true,"sequence":4},{"taskId":3,"taskName":"clone","enableFragments":false,"enableContext":true,"showContext":false,"provideSearchTerms":true,"sequence":5},{"taskId":2,"taskName":"find","enableFragments":false,"enableContext":true,"showContext":false,"provideSearchTerms":true,"sequence":6},{"taskId":5,"taskName":"recent","enableFragments":false,"enableContext":false,"showContext":false,"provideSearchTerms":false,"sequence":7},{"taskId":6,"taskName":"serve","enableFragments":true,"enableContext":true,"showContext":true,"provideSearchTerms":false,"sequence":8}],"activeTaskId":"serve","tasks":[{"id":"pre-study"},{"enableFragments":true,"enableContext":true,"showContext":true,"provideSearchTerms":true,"contextOverride":[{"source":"src/tutorial.js","name":"sumTradedShares","position":{"start":397,"end":545},"variables":[],"parameters":[{"source":"src/tutorial.js","name":"trades","position":{"start":429,"end":435},"type":{"name":"Trade[]"}}],"returnType":"number"}],"id":"tutorial","startTime":"2022-11-18T00:05:05.930Z","duration":244069,"timer":{"startTime":"2022-11-18T00:06:50.845Z","endTime":"2022-11-18T00:09:11.482Z"},"endTime":"2022-11-18T00:09:11.482Z"},{"enableFragments":true,"enableContext":true,"showContext":true,"contextOverride":[{"source":"src/currency.js","name":"printCurrency","position":{"start":593,"end":782},"variables":[],"parameters":[{"source":"src/currency.js","name":"amount","position":{"start":623,"end":629},"type":{"name":"number"}},{"source":"src/currency.js","name":"locale","position":{"start":631,"end":637},"type":{"name":"string"}},{"source":"src/currency.js","name":"currency","position":{"start":639,"end":647},"type":{"name":"string"}}],"returnType":"string"}],"provideSearchTerms":true,"searchTerms":"format currency","id":"currency","startTime":"2022-11-18T00:09:17.052Z","timer":{"startTime":"2022-11-18T00:09:17.052Z","endTime":"2022-11-18T00:15:22.116Z"},"duration":359406,"data":{"Q1":"4","Q2":"I should have searched sooner, but I wanted to see what I could do on y own.","Q3":"No, not really","Q4":"I did not."},"endTime":"2022-11-18T00:15:55.451Z"},{"enableFragments":false,"enableContext":true,"showContext":false,"contextOverride":[{"source":"src/find.js","name":"getTradeById","position":{"start":286,"end":506},"variables":[],"parameters":[{"source":"src/find.js","name":"trades","position":{"start":315,"end":321},"type":{"name":"Trade[]"}},{"source":"src/find.js","name":"id","position":{"start":323,"end":325},"type":{"name":"number"}}],"returnType":"Trade"}],"provideSearchTerms":true,"searchTerms":"find item in array by value","id":"find","startTime":"2022-11-18T00:23:17.845Z","timer":{"startTime":"2022-11-18T00:23:17.845Z","endTime":"2022-11-18T00:24:45.582Z"},"duration":87025,"data":{"Q1":"5","Q2":"Nothing beyond what I've already said","Q3":"No","Q4":""},"endTime":"2022-11-18T00:25:01.700Z"},{"enableFragments":false,"enableContext":true,"showContext":false,"contextOverride":[{"source":"src/clone.js","name":"cloneTradeLedger","position":{"start":239,"end":406},"variables":[],"parameters":[{"source":"src/clone.js","name":"trades","position":{"start":272,"end":278},"type":{"name":"Trade[]"}}],"returnType":"Trade[]"}],"provideSearchTerms":true,"searchTerms":"clone array","id":"clone","startTime":"2022-11-18T00:21:23.714Z","timer":{"startTime":"2022-11-18T00:21:23.715Z","endTime":"2022-11-18T00:22:39.872Z"},"duration":75141,"data":{"Q1":"4","Q2":"It was a bit weird having it go to google results, but probably easier for me to understand","Q3":"No","Q4":""},"endTime":"2022-11-18T00:23:09.648Z"},{"enableFragments":true,"enableContext":true,"showContext":true,"contextOverride":[{"source":"src/sort.js","name":"sortTradesByShareCount","position":{"start":285,"end":524},"variables":[],"parameters":[{"source":"src/sort.js","name":"trades","position":{"start":324,"end":330},"type":{"name":"Trade[]"}}],"returnType":"Trade[]"}],"provideSearchTerms":true,"searchTerms":"sort array of objects descending","id":"sort","startTime":"2022-11-18T00:16:04.765Z","timer":{"startTime":"2022-11-18T00:16:04.765Z","endTime":"2022-11-18T00:20:39.937Z"},"duration":273178,"data":{"Q1":"5","Q2":"it's hard to copy and paste from scout","Q3":"No","Q4":"I didn't."},"endTime":"2022-11-18T00:21:15.117Z"},{"enableFragments":false,"enableContext":false,"showContext":false,"contextOverride":[],"provideSearchTerms":false,"searchTerms":"","id":"recent","startTime":"2022-11-18T00:25:10.141Z","timer":{"startTime":"2022-11-18T00:25:10.141Z","endTime":"2022-11-18T00:27:40.338Z"},"duration":149255,"data":{"Q1":"4","Q2":"It's just google in the sidebar. It would be easier for me to use actual google because then i could copy/paste","Q3":"","Q4":""},"endTime":"2022-11-18T00:28:21.616Z"},{"enableFragments":true,"enableContext":true,"showContext":true,"contextOverride":[{"source":"src/serve.js","name":"express","position":{"start":7,"end":14},"module":{"name":"express","position":{"start":20,"end":29}},"references":[{"start":181,"end":188}]},{"source":"src/serve.js","name":"path","position":{"start":38,"end":42},"module":{"name":"path","position":{"start":48,"end":54}},"references":[]},{"source":"src/serve.js","name":"setup","position":{"start":193,"end":290},"variables":[],"parameters":[],"returnType":"void"}],"provideSearchTerms":false,"searchTerms":"","id":"serve","startTime":"2022-11-18T00:28:31.148Z","timer":{"startTime":"2022-11-18T00:28:31.148Z","endTime":"2022-11-18T00:35:35.960Z"},"duration":419807,"data":{"Q1":"3","Q2":"I could not type in the IDE on this task.","Q3":"Honestly I didn't understand any of it really because I couldn't actually try things.","Q4":""},"endTime":"2022-11-18T00:36:05.567Z"},{"id":"post-study"}],"activations":["2022-11-18T00:04:16.209Z"]}